Date,Close,High,Low,Open,Volume,Retorno_Diario,Ticker,DiasParaEleicaoBR,DiasParaEleicaoUSA,Petroleo_Brent,Petroleo_WTI,Alvo
2015-01-02,24.171756744384766,24.638256521479203,23.733998044162465,24.627201352876586,212818400,,AAPL,1395,676,56.41999816894531,52.689998626708984,1.0
2015-01-05,23.490800857543945,24.02141693191781,23.305086159243192,23.94182443642263,257142000,-0.02817155137054783,AAPL,1392,673,53.11000061035156,50.040000915527344,1.0
2015-01-06,23.493013381958008,23.751688161624013,23.132635763336502,23.554918284430343,263188400,9.418684477724426e-05,AAPL,1391,672,51.099998474121094,47.93000030517578,1.0
2015-01-07,23.822439193725586,23.92192898432291,23.5902940999555,23.700839061411305,160423600,0.01402228851666032,AAPL,1390,671,51.150001525878906,48.650001525878906,1.0
2015-01-08,24.737743377685547,24.79522721144017,24.03246621082376,24.149645249149412,237458000,0.03842193389672022,AAPL,1389,670,50.959999084472656,48.790000915527344,1.0
2015-01-09,24.76427459716797,25.03842553916101,24.36631219203154,24.910193021196864,214798000,0.0010724995840305507,AAPL,1388,669,50.11000061035156,48.36000061035156,1.0
2015-01-12,24.154067993164062,24.901351137106996,24.05457822763035,24.894718710975656,198603200,-0.02464060078197039,AAPL,1385,666,47.43000030517578,46.06999969482422,1.0
2015-01-13,24.368526458740234,24.938938744961888,24.078899260283258,24.636045006902663,268367600,0.008878772123886769,AAPL,1384,665,46.59000015258789,45.88999938964844,1.0
2015-01-14,24.275671005249023,24.42822188490455,23.988253468699263,24.1076422137223,195826400,-0.003810466490389963,AAPL,1383,664,48.689998626708984,48.47999954223633,1.0
2015-01-15,23.616817474365234,24.33314810893353,23.581443975843946,24.319883257835752,240056000,-0.02714048689905746,AAPL,1382,663,47.66999816894531,46.25,1.0
2015-01-16,23.43331527709961,23.784849053948268,23.258654074194936,23.663248948514042,314053200,-0.007769979907953584,AAPL,1381,662,47.689998626708984,48.689998626708984,1.0
2015-01-20,24.03689193725586,24.092164407057577,23.546072135531507,23.84233176401339,199599600,0.0257572030683213,AAPL,1377,658,47.9900016784668,46.38999938964844,1.0
2015-01-21,24.22039794921875,24.55424246622366,23.93740147516654,24.087742666751595,194303600,0.007634348585578321,AAPL,1376,657,49.029998779296875,47.779998779296875,1.0
2015-01-22,24.850500106811523,24.865976329232264,24.257979226331894,24.377367950769774,215185600,0.026015351147981258,AAPL,1375,656,48.52000045776367,46.310001373291016,1.0
2015-01-23,24.978731155395508,25.14896959198812,24.65814987160448,24.82838999497873,185859200,0.005160099315218103,AAPL,1374,655,48.790000915527344,45.59000015258789,1.0
2015-01-26,25.00526237487793,25.2838360657216,24.938936430150594,25.14675974776766,222460000,0.0010621524094787116,AAPL,1371,652,48.15999984741211,45.150001525878906,1.0
2015-01-27,24.129751205444336,24.86819233799424,24.105431181850108,24.85492579717245,382274800,-0.03501307669993481,AAPL,1370,651,49.599998474121094,46.22999954223633,1.0
2015-01-28,25.493877410888672,26.115141215444147,25.493877410888672,26.006805943239854,585908400,0.056532957751199264,AAPL,1369,650,48.470001220703125,44.45000076293945,1.0
2015-01-29,26.28759002685547,26.351706301682732,25.54914886745016,25.717177667453264,337745600,0.031133460131403723,AAPL,1368,649,49.130001068115234,44.529998779296875,1.0
2015-01-30,25.902889251708984,26.530783655227438,25.83435024692136,26.1770402105141,334982000,-0.014634311275908973,AAPL,1367,648,52.9900016784668,48.2400016784668,1.0
2015-02-02,26.227893829345703,26.347282575936884,25.66411560502197,26.09966297125774,250956400,0.01254703961702952,AAPL,1364,645,54.75,49.56999969482422,1.0
2015-02-03,26.232315063476562,26.329593465385972,26.00238138179459,26.19915124353342,207662800,0.00016856992633984547,AAPL,1363,644,57.90999984741211,53.04999923706055,1.0
2015-02-04,26.433507919311523,26.643544336500607,26.157145544153845,26.199153164948076,280598800,0.007669656884957243,AAPL,1362,643,54.15999984741211,48.45000076293945,1.0
2015-02-05,26.622177124023438,26.68654643853191,26.469022489729515,26.639932833229228,168984800,0.007137501586540473,AAPL,1361,642,56.56999969482422,50.47999954223633,1.0
2015-02-06,26.39798927307129,26.690979584136734,26.291446572029862,26.639927485141328,174826400,-0.008421093808659408,AAPL,1360,641,57.79999923706055,51.689998626708984,1.0
2015-02-09,26.573339462280273,26.599973867144346,26.287007755920143,26.31364385422298,155559200,0.006642558544709409,AAPL,1357,638,58.34000015258789,52.86000061035156,1.0
2015-02-10,27.08385467529297,27.112710874686844,26.67100611784984,26.67322452285019,248034000,0.019211556520299267,AAPL,1356,637,56.43000030517578,50.02000045776367,-1.0
2015-02-11,27.718664169311523,27.727542868609678,27.19039426186187,27.250323365325986,294247200,0.023438668595340495,AAPL,1355,636,54.65999984741211,48.84000015258789,-1.0
2015-02-12,28.06937026977539,28.295772909406395,27.87182383146466,27.980584954105176,297898000,0.01265234494424683,AAPL,1354,635,57.04999923706055,51.209999084472656,-1.0
2015-02-13,28.206989288330078,28.251381102112592,27.889582908811555,28.251381102112592,217088800,0.004902818169129741,AAPL,1353,634,57.38999938964844,52.779998779296875,-1.0
2015-02-17,28.373456954956055,28.60651817661666,28.171470337058345,28.2979888505041,252609600,0.005901646039722763,AAPL,1349,630,62.529998779296875,53.529998779296875,-1.0
2015-02-18,28.57100486755371,28.584322071736178,28.289111627138954,28.329064933125338,179566800,0.006962419592059899,AAPL,1348,629,60.529998779296875,52.13999938964844,-1.0
2015-02-19,28.511077880859375,28.639816516664126,28.484443468926816,28.517736483842516,149449600,-0.0020974756391012317,AAPL,1347,628,60.209999084472656,51.15999984741211,-1.0
2015-02-20,28.744136810302734,28.744136810302734,28.422291940381538,28.548808773659513,195793600,0.008174328954424492,AAPL,1346,627,60.220001220703125,50.34000015258789,-1.0
2015-02-23,29.5210018157959,29.5210018157959,28.779648146956642,28.859554753512104,283896400,0.02702690328187951,AAPL,1343,624,58.900001525878906,49.45000076293945,-1.0
2015-02-24,29.336776733398438,29.6541847994094,29.114814282465368,29.507688768942803,276912400,-0.006240475291014236,AAPL,1342,623,58.65999984741211,49.279998779296875,-1.0
2015-02-25,28.5865421295166,29.21025945210493,28.44448629856083,29.20137905755122,298846800,-0.02557317767727807,AAPL,1341,622,61.630001068115234,50.9900016784668,-1.0
2015-02-26,28.948335647583008,29.04821804967619,28.102659449982003,28.586535853706835,365150000,0.012656078389167602,AAPL,1340,621,60.04999923706055,48.16999816894531,-1.0
2015-02-27,28.513294219970703,28.98163506585965,28.464462216181126,28.85511485961998,248059200,-0.015028201721456358,AAPL,1339,620,62.58000183105469,49.7599983215332,-1.0
2015-03-02,28.65313148498535,28.917267338950502,28.477782641992356,28.688646289374212,192386800,0.004904283031481826,AAPL,1336,617,59.540000915527344,49.59000015258789,-1.0
2015-03-03,28.71306610107422,28.748580910171963,28.431172807538633,28.624282465208474,151265200,0.0020917300477356626,AAPL,1335,616,61.02000045776367,50.52000045776367,-1.0
2015-03-04,28.531055450439453,28.75745812647264,28.482226821176052,28.6553572831783,126665200,-0.006338948616426476,AAPL,1334,615,60.54999923706055,51.529998779296875,-1.0
2015-03-05,28.058271408081055,28.577662678078546,27.913995490824327,28.5399294716474,226068400,-0.016570857085173696,AAPL,1333,614,60.47999954223633,50.7599983215332,-1.0
2015-03-06,28.100444793701172,28.715280012385133,28.024978376338545,28.499976172884985,291368400,0.0015030642838522734,AAPL,1332,613,59.72999954223633,49.61000061035156,-1.0
2015-03-09,28.220304489135742,28.759674979569876,27.75862220746112,28.4023136222176,354114000,0.00426540207155135,AAPL,1329,610,58.529998779296875,50.0,-1.0
2015-03-10,27.636545181274414,28.238063218815654,27.478952044658584,28.058274175841376,275426400,-0.020685790547939176,AAPL,1328,609,56.38999938964844,48.290000915527344,-1.0
2015-03-11,27.1326904296875,27.694255178262278,27.10383591974526,27.689816674209307,275756000,-0.01823146664252051,AAPL,1327,608,57.540000915527344,48.16999816894531,-1.0
2015-03-12,27.62322425842285,27.723108369874826,26.997290261725283,27.148224784716703,193450800,0.01807907070647996,AAPL,1326,607,57.08000183105469,47.04999923706055,-1.0
2015-03-13,27.43233299255371,27.834086099653057,27.20815218137847,27.612123693265776,207309200,-0.006910535283039421,AAPL,1325,606,54.66999816894531,44.84000015258789,-1.0
2015-03-16,27.73420524597168,27.73420524597168,27.272524673677072,27.496705511084336,143497200,0.011004250112446101,AAPL,1322,603,53.439998626708984,43.880001068115234,-1.0
2015-03-17,28.198108673095703,28.260257885548853,27.889581015961117,27.94507162614272,204092400,0.01672676116044114,AAPL,1321,602,53.43000030517578,43.459999084472656,-1.0
2015-03-18,28.515514373779297,28.66866899625074,28.049393597685892,28.189229322482216,261083600,0.01125627624048553,AAPL,1320,601,55.90999984741211,44.65999984741211,-1.0
2015-03-19,28.300207138061523,28.688641353681977,28.278011235856685,28.57766014921899,183238000,-0.007550529613302492,AAPL,1319,600,54.43000030517578,43.959999084472656,-1.0
2015-03-20,27.945072174072266,28.499976593329478,27.780820438877107,28.46668358131895,274780400,-0.012548846807259872,AAPL,1318,599,55.31999969482422,45.720001220703125,-1.0
2015-03-23,28.235837936401367,28.3778937431427,28.082683331798854,28.2158621323778,150838800,0.010404902893715873,AAPL,1315,596,55.91999816894531,47.45000076293945,-1.0
2015-03-24,28.120424270629883,28.4200715560006,28.09156806736608,28.240284200841668,131369200,-0.0040874886033643865,AAPL,1314,595,55.11000061035156,47.5099983215332,-1.0
2015-03-25,27.38572120666504,28.14927242977863,27.38572120666504,28.0871232266766,206620800,-0.026127026281470345,AAPL,1313,594,56.47999954223633,49.209999084472656,-1.0
2015-03-26,27.57661247253418,27.71866829557392,27.21259421431497,27.2481090167944,190291600,0.00697046699733006,AAPL,1312,593,59.189998626708984,51.43000030517578,-1.0
2015-03-27,27.356868743896484,27.678713581155,27.281402332626065,27.649859075687882,158184800,-0.007968481584043619,AAPL,1311,592,56.40999984741211,48.869998931884766,-1.0
2015-03-30,28.04939842224121,28.05605702550457,27.523346749725256,27.534445550790377,188398800,0.025314654422912808,AAPL,1308,589,56.290000915527344,48.68000030517578,-1.0
2015-03-31,27.618791580200195,28.076033749186635,27.60325427426685,27.987248418093518,168362400,-0.01535173181110272,AAPL,1307,588,55.11000061035156,47.599998474121094,-1.0
2015-04-01,27.578832626342773,27.771940554974115,27.32357548668681,27.70535114691117,162485600,-0.0014468031210340682,AAPL,1306,587,57.099998474121094,50.09000015258789,-1.0
2015-04-02,27.81633186340332,27.86960237283021,27.565514925306033,27.751962555019634,128880400,0.008611649386264908,AAPL,1305,586,54.95000076293945,49.13999938964844,-1.0
2015-04-06,28.266916275024414,28.302431078124016,27.596590454190107,27.62766506018275,148776000,0.01619855607970755,AAPL,1301,582,58.119998931884766,52.13999938964844,-1.0
2015-04-07,27.969482421875,28.437821526633964,27.962823820843358,28.331280523250243,140049200,-0.010522331132816753,AAPL,1300,581,59.099998474121094,53.97999954223633,-1.0
2015-04-08,27.87848472595215,28.05605537189241,27.73864898534564,27.93397534112858,149316800,-0.003253463705559345,AAPL,1299,580,55.54999923706055,50.41999816894531,-1.0
2015-04-09,28.091569900512695,28.096010098276487,27.669842558672887,27.933976748683424,129936000,0.007643355679305852,AAPL,1298,579,56.56999969482422,50.790000915527344,-1.0
2015-04-10,28.211423873901367,28.23583987612223,27.80301382482314,27.956166746508018,160752000,0.004266545935778465,AAPL,1297,578,57.869998931884766,51.63999938964844,-1.0
2015-04-13,28.15593719482422,28.53771458339684,28.102666679566266,28.493319382710112,145460400,-0.001966815972322511,AAPL,1294,575,57.93000030517578,51.90999984741211,-1.0
2015-04-14,28.033851623535156,28.253593924009675,27.94728642354705,28.189224625196186,102098400,-0.004336050703774963,AAPL,1293,574,58.43000030517578,53.290000915527344,-1.0
2015-04-15,28.140396118164062,28.218082628633795,27.96948579513065,28.05827110428417,115881600,0.0038005656896413775,AAPL,1292,573,60.31999969482422,56.38999938964844,-1.0
2015-04-16,28.0049991607666,28.21142428673899,27.99168195697449,28.02941516334476,113476000,-0.0048114801521953465,AAPL,1291,572,60.400001525878906,56.709999084472656,-1.0
2015-04-17,27.68981170654297,27.998339332768015,27.6254424019684,27.86738231870997,207828000,-0.011254685365789663,AAPL,1290,571,63.45000076293945,55.7400016784668,-1.0
2015-04-20,28.322406768798828,28.437826491521815,27.783037976365403,27.871823290311784,188217200,0.022845769735096555,AAPL,1287,568,63.45000076293945,56.380001068115234,-1.0
2015-04-21,28.169254302978516,28.45558436268727,28.115982097667967,28.4333901506331,129740400,-0.00540746650065882,AAPL,1286,567,62.08000183105469,55.2599983215332,-1.0
2015-04-22,28.548809051513672,28.60429966365664,28.038296435861813,28.187010869979588,150618000,0.013474078669346357,AAPL,1285,566,62.72999954223633,56.15999984741211,-1.0
2015-04-23,28.781871795654297,28.948343640734574,28.442269502640794,28.477784309108728,183083600,0.008163659076638963,AAPL,1284,565,64.8499984741211,57.7400016784668,-1.0
2015-04-24,28.917266845703125,28.994955055618846,28.68420560283406,28.963880449028178,178103600,0.0047041780677123946,AAPL,1283,564,65.27999877929688,57.150001525878906,-1.0
2015-04-27,29.443315505981445,29.54985991281968,29.110371855087372,29.367849091296165,387816800,0.01819150693200755,AAPL,1280,561,64.83000183105469,56.9900016784668,-1.0
2015-04-28,28.97941780090332,29.86282743012304,28.759677136402377,29.845073414042368,475696000,-0.015755620489950717,AAPL,1279,560,64.63999938964844,57.060001373291016,-1.0
2015-04-29,28.55324363708496,29.20803205430719,28.477777232253114,28.89062744093221,253544400,-0.014706098195149897,AAPL,1278,559,65.83999633789062,58.58000183105469,-1.0
2015-04-30,27.77859878540039,28.553247201201735,27.652080266524873,28.553247201201735,332781600,-0.02712983720975437,AAPL,1277,558,66.77999877929688,59.630001068115234,-1.0
2015-05-01,28.62205696105957,28.883974410591033,27.811895381492974,27.989464323636177,234050400,0.030363596888928646,AAPL,1276,557,66.45999908447266,59.150001525878906,-1.0
2015-05-04,28.566566467285156,28.981638549387306,28.468902447967,28.74413710360196,203953200,-0.0019387318615817772,AAPL,1273,554,66.44999694824219,58.93000030517578,-1.0
2015-05-05,27.922874450683594,28.511073537103066,27.91843425374517,28.444484130538356,197085600,-0.022533055113176714,AAPL,1272,553,67.5199966430664,60.400001525878906,-1.0
2015-05-06,27.747522354125977,28.133736487363592,27.381284025661873,28.091563086034366,288564000,-0.0062798726852895115,AAPL,1271,552,67.7699966430664,60.93000030517578,-1.0
2015-05-07,27.91914939880371,28.101918787246415,27.642765093929334,27.809932279718854,175763600,0.006185310619353901,AAPL,1270,551,65.54000091552734,58.939998626708984,-1.0
2015-05-08,28.44516944885254,28.44516944885254,28.10860569937123,28.235652694796116,222201600,0.018840833670647816,AAPL,1269,550,65.38999938964844,59.38999938964844,-1.0
2015-05-11,28.155412673950195,28.431795286787377,28.001618314143666,28.3939044649695,168143200,-0.010186501979654539,AAPL,1266,547,64.91000366210938,59.25,-1.0
2015-05-12,28.05511474609375,28.280232019184268,27.821079984371192,27.994933601416427,192640000,-0.00356229649403228,AAPL,1265,546,66.86000061035156,60.75,-1.0
2015-05-13,28.086320877075195,28.349330690934128,28.0551164669998,28.117525287150592,138776800,0.0011123152146719217,AAPL,1264,545,66.80999755859375,60.5,-1.0
2015-05-14,28.741613388061523,28.741613388061523,28.342642498454563,28.398364898742013,180814000,0.02333137593401191,AAPL,1263,544,66.58999633789062,59.880001068115234,-1.0
2015-05-15,28.701496124267578,28.861976916065597,28.576678486430353,28.76836368768768,152832000,-0.0013957902520047583,AAPL,1262,543,66.56999969482422,59.689998626708984,-1.0
2015-05-18,29.01799201965332,29.136123212983502,28.610103721522318,28.614562464956876,203531600,0.011027156703449226,AAPL,1259,540,66.2699966430664,59.43000030517578,-1.0
2015-05-19,28.991256713867188,29.171796775653014,28.89541240143432,29.129447200463556,178532800,-0.0009213354862054324,AAPL,1258,539,64.0199966430664,57.2599983215332,-1.0
2015-05-20,28.989025115966797,29.19408317014817,28.828544308168176,28.975652282154563,145819600,-7.697485908997326e-05,AAPL,1257,538,65.02999877929688,58.97999954223633,-1.0
2015-05-21,29.285463333129883,29.33895805953567,28.937756114055425,28.991250840461213,158921600,0.010225877413166717,AAPL,1256,537,66.54000091552734,60.720001220703125,-1.0
2015-05-22,29.541790008544922,29.63763431779926,29.287695966860774,29.332276613598143,182384000,0.008752693187717542,AAPL,1255,536,65.37000274658203,59.720001220703125,-1.0
2015-05-26,28.890954971313477,29.624263814911565,28.77951014775368,29.555168568468666,282790400,-0.022030995313526813,AAPL,1251,532,63.720001220703125,58.029998779296875,-1.0
2015-05-27,29.430341720581055,29.479377705384593,28.986793586711027,29.051430075210902,183332800,0.018669744555108947,AAPL,1250,531,62.060001373291016,57.5099983215332,-1.0
2015-05-28,29.37239646911621,29.41028729976987,29.220833146501583,29.3902280484284,122933200,-0.0019688949593242855,AAPL,1249,530,62.58000183105469,57.68000030517578,-1.0
2015-05-29,29.038055419921875,29.298835831261886,28.95335628766564,29.249799849537247,203538000,-0.011382831821226458,AAPL,1248,529,65.55999755859375,60.29999923706055,-1.0
2015-06-01,29.096004486083984,29.285461990857094,28.986790767754286,29.038054419236087,128451200,0.001995624890307024,AAPL,1245,526,64.87999725341797,60.20000076293945,-1.0
2015-06-02,28.966732025146484,29.122754054775914,28.824082826481696,28.944441706188638,134670400,-0.004442962641118986,AAPL,1244,525,65.48999786376953,61.2599983215332,-1.0
2015-06-03,29.002399444580078,29.185170585503155,28.95336345072394,29.122761757145536,123934000,0.0012313235542977807,AAPL,1243,524,63.79999923706055,59.63999938964844,-1.0
2015-06-04,28.833003997802734,29.10492963098059,28.732704339898838,28.882039990738154,153800400,-0.00584073904302429,AAPL,1242,523,62.029998779296875,58.0,-1.0
2015-06-05,28.674741744995117,28.90654880176201,28.610105266315358,28.86419923940893,142507200,-0.005488926953975293,AAPL,1241,522,63.310001373291016,59.130001068115234,-1.0
2015-06-08,28.485286712646484,28.799561811409987,28.26908356535739,28.730463190307695,210699200,-0.006607035349558088,AAPL,1238,519,62.689998626708984,58.13999938964844,-1.0
2015-06-09,28.400592803955078,28.54770075816988,27.99939253889353,28.240112017725373,224301600,-0.002973251052228454,AAPL,1237,518,64.87999725341797,60.13999938964844,-1.0
2015-06-10,28.72601318359375,28.828540496615886,28.496435463588547,28.51203766781097,156349200,0.011458224899916658,AAPL,1236,517,65.69999694824219,61.43000030517578,-1.0
2015-06-11,28.661375045776367,29.015768720708497,28.63685705185508,28.792879103615235,141563600,-0.002250160417467839,AAPL,1235,516,65.11000061035156,60.77000045776367,-1.0
2015-06-12,28.344865798950195,28.60341851265787,28.331492969107536,28.572214109350043,147544800,-0.011043058692078112,AAPL,1234,515,63.869998931884766,59.959999084472656,-1.0
2015-06-15,28.289146423339844,28.36047102429246,28.019450222846757,28.106377027116736,175955600,-0.0019657660757884665,AAPL,1231,512,62.61000061035156,59.52000045776367,-1.0
2015-06-16,28.44070816040039,28.49643055166313,28.166554947674665,28.31366117634184,125976400,0.005357593148710205,AAPL,1230,511,62.630001068115234,59.970001220703125,-1.0
2015-06-17,28.373844146728516,28.503118810431552,28.249024825876823,28.46745736198288,131672400,-0.0023509967928637687,AAPL,1229,510,63.869998931884766,59.91999816894531,-1.0
2015-06-18,28.50311851501465,28.598961101213874,28.35601227835567,28.358241650270774,141628800,0.00455611046630211,AAPL,1228,509,64.26000213623047,60.45000076293945,-1.0
2015-06-19,28.217824935913086,28.48975053845911,28.17324769309133,28.4652325447533,218867600,-0.01000920579799991,AAPL,1227,508,63.02000045776367,59.61000061035156,-1.0
2015-06-22,28.442935943603516,28.543235562069555,28.32480475280634,28.416188585106813,136157200,0.007977617275664928,AAPL,1224,505,63.34000015258789,59.68000030517578,-1.0
2015-06-23,28.313674926757812,28.442951345392895,28.280241135660702,28.41397630004914,121075600,-0.004544573636912963,AAPL,1223,504,64.44999694824219,61.0099983215332,-1.0
2015-06-24,28.55438804626465,28.93107203097419,28.33372780871592,28.353787057350907,221123600,0.008501655829895371,AAPL,1222,503,63.4900016784668,60.27000045776367,-1.0
2015-06-25,28.418418884277344,28.797330455862753,28.418418884277344,28.721548821750627,127752400,-0.004761760671144644,AAPL,1221,502,63.20000076293945,59.70000076293945,-1.0
2015-06-26,28.25125503540039,28.527637645993725,28.19776201088517,28.45631304646923,176267200,-0.005882236079271741,AAPL,1220,501,63.2599983215332,59.630001068115234,-1.0
2015-06-29,27.756439208984375,28.188845539651794,27.74529575025831,27.963726587029704,196645600,-0.017514826360669034,AAPL,1217,498,62.0099983215332,58.33000183105469,-1.0
2015-06-30,27.957040786743164,28.11083514495422,27.829993790985686,27.98824519268271,177482800,0.0072272086577249706,AAPL,1216,497,63.59000015258789,59.470001220703125,-1.0
2015-07-01,28.217824935913086,28.293608289325444,28.081862134640076,28.284692500658533,120955200,0.009328031216150112,AAPL,1215,496,62.0099983215332,56.959999084472656,-1.0
2015-07-02,28.18216323852539,28.23788564182807,28.032825905284497,28.1799338662497,108844000,-0.0012638003626674887,AAPL,1214,495,62.06999969482422,56.93000030517578,-1.0
2015-07-06,28.084089279174805,28.13535463481475,27.827765902000436,27.847826850037865,112241600,-0.0034800011099402894,AAPL,1210,491,56.540000915527344,52.529998779296875,-1.0
2015-07-07,28.014989852905273,28.11751884831885,27.58704059748947,28.05956708551555,187787200,-0.0024604474648487473,AAPL,1209,490,56.849998474121094,52.33000183105469,-1.0
2015-07-08,27.319578170776367,27.780959574195116,27.312891754866524,27.74529812250506,243046400,-0.02482284254894307,AAPL,1208,489,57.04999923706055,51.650001525878906,-1.0
2015-07-09,26.762353897094727,27.651682914753206,26.57289807936976,27.604876303351464,314380000,-0.020396518211166947,AAPL,1207,488,58.61000061035156,52.779998779296875,-1.0
2015-07-10,27.477827072143555,27.604874064361603,27.016445710876685,27.179155852039294,245418000,0.026734314096582557,AAPL,1206,487,58.72999954223633,52.7400016784668,-1.0
2015-07-13,28.008304595947266,28.03059321317383,27.70963168347132,27.867883076446173,165762000,0.019305657700331658,AAPL,1203,484,57.849998474121094,52.20000076293945,-1.0
2015-07-14,27.997163772583008,28.166560350659324,27.870116764153963,28.093006371960204,127072400,-0.00039776857346340844,AAPL,1202,483,58.5099983215332,53.040000915527344,-1.0
2015-07-15,28.2668514251709,28.340405381572918,27.990468871417168,28.02167327100974,134596800,0.0096326776090081,AAPL,1201,482,57.04999923706055,51.40999984741211,-1.0
2015-07-16,28.643545150756836,28.656921385429676,28.38499406400849,28.471920883739763,144889600,0.013326341866660929,AAPL,1200,481,57.5099983215332,50.90999984741211,-1.0
2015-07-17,28.890954971313477,28.890954971313477,28.598970077750984,28.770596058320383,184658800,0.008637541870409882,AAPL,1199,480,57.52000045776367,50.88999938964844,-1.0
2015-07-20,29.437021255493164,29.63762046796679,29.131660292963158,29.191841417114947,235600800,0.018900942690260214,AAPL,1196,477,56.650001525878906,50.150001525878906,-1.0
2015-07-21,29.142818450927734,29.626488528758856,29.046977544728716,29.610888023551794,307025600,-0.009994313011902678,AAPL,1195,476,57.040000915527344,50.36000061035156,-1.0
2015-07-22,27.91023826599121,27.97264708701165,27.190304050904626,27.190304050904626,461802400,-0.04229447426342825,AAPL,1194,475,56.130001068115234,49.189998626708984,-1.0
2015-07-23,27.89685821533203,28.327033434711627,27.874567898866598,28.12866186185851,203998000,-0.0004793957877272659,AAPL,1193,474,55.27000045776367,48.45000076293945,-1.0
2015-07-24,27.749753952026367,28.026136567453218,27.61602053814322,27.93252334778628,168649200,-0.005273148043058673,AAPL,1192,473,54.619998931884766,48.13999938964844,-1.0
2015-07-27,27.364152908325195,27.551381039244013,27.21927604215904,27.435477505696046,177822000,-0.013895656313486437,AAPL,1189,470,53.470001220703125,47.38999938964844,-1.0
2015-07-28,27.5001163482666,27.618249256588875,27.31511928535405,27.5001163482666,134472400,0.0049686697920783285,AAPL,1188,469,53.29999923706055,47.97999954223633,-1.0
2015-07-29,27.413192749023438,27.52686692664547,27.252711957207104,27.448855902988303,148046800,-0.003160844781249228,AAPL,1187,468,53.380001068115234,48.790000915527344,-1.0
2015-07-30,27.274999618530273,27.319576856125906,27.127891673541978,27.26385445887506,134513200,-0.005041117674922657,AAPL,1186,467,53.310001373291016,48.52000045776367,-1.0
2015-07-31,27.036497116088867,27.335168230791897,26.94957034685369,27.326252446702142,171540000,-0.008744363181562465,AAPL,1185,466,52.209999084472656,47.119998931884766,-1.0
2015-08-03,26.399044036865234,27.31957744718031,26.193984318156094,27.08108564980745,279904000,-0.023577502532467376,AAPL,1182,463,49.52000045776367,45.16999816894531,-1.0
2015-08-04,25.55205726623535,26.234098728796525,25.242240935169182,26.171689928367694,496554400,-0.03208399400550632,AAPL,1181,462,49.9900016784668,45.7400016784668,-1.0
2015-08-05,25.72145652770996,26.176151451205765,24.98592027194948,25.17537606494462,397250400,0.006629574273006034,AAPL,1180,461,49.59000015258789,45.150001525878906,-1.0
2015-08-06,25.777437210083008,26.08417881192571,25.551300924114155,25.965512864034878,211612000,0.0021764196095481747,AAPL,1179,460,49.52000045776367,44.65999984741211,-1.0
2015-08-07,25.864748001098633,26.02819462000205,25.63637233539987,25.6542846212377,154681600,0.0033871012973110126,AAPL,1178,459,48.61000061035156,43.869998931884766,-1.0
2015-08-10,26.805131912231445,26.86558376287846,26.090895064834488,26.090895064834488,219806400,0.036357744954362836,AAPL,1175,456,50.40999984741211,44.959999084472656,-1.0
2015-08-11,25.410242080688477,26.460326666452644,25.37441920642854,26.377483600648247,388331200,-0.052038163293144146,AAPL,1174,455,49.18000030517578,43.08000183105469,-1.0
2015-08-12,25.802061080932617,25.84236287679192,24.545990436229246,25.195296388091382,404870000,0.015419727171427366,AAPL,1173,454,49.65999984741211,43.29999923706055,-1.0
2015-08-13,25.781906127929688,26.06177918249208,25.645327940646474,25.981175606121347,194143200,-0.0007811373261892296,AAPL,1172,453,49.220001220703125,42.22999954223633,-1.0
2015-08-14,25.96327018737793,26.041634321739092,25.526668790072872,25.596076779334183,171718000,0.007034548126438445,AAPL,1171,452,49.029998779296875,42.5,-1.0
2015-08-17,26.231952667236328,26.341662468940665,25.860280286468257,25.981185697987623,163538800,0.010348560790659489,AAPL,1168,449,49.029998779296875,41.869998931884766,-1.0
2015-08-18,26.08417320251465,26.29463832262132,25.97446342442515,26.068500377073292,138242800,-0.005633567069761258,AAPL,1167,448,48.810001373291016,42.619998931884766,-1.0
2015-08-19,25.750560760498047,26.08864618414876,25.676673863325544,25.9946092467708,193146000,-0.012789841542090397,AAPL,1166,447,47.15999984741211,40.79999923706055,-1.0
2015-08-20,25.2221622467041,25.60278895124628,24.99378485741103,25.542337117733236,274006400,-0.020519883769075875,AAPL,1165,446,46.619998931884766,41.13999938964844,-1.0
2015-08-21,23.67951011657715,25.054247018299943,23.654881140470525,24.72511589052082,513102000,-0.06116256469361736,AAPL,1164,445,45.459999084472656,40.45000076293945,1.0
2015-08-24,23.08841323852539,24.360156748493395,20.598661378669732,21.241250669242508,648825200,-0.02496237781701205,AAPL,1161,442,42.689998626708984,38.2400016784668,1.0
2015-08-25,23.227231979370117,24.877364686219156,23.173496812885453,24.877364686219156,414406400,0.006012485111497101,AAPL,1160,441,43.209999084472656,39.310001373291016,1.0
2015-08-26,24.559425354003906,24.604204367697577,23.520536520779867,23.97728792672692,387098400,0.057354805592720215,AAPL,1159,440,43.13999938964844,38.599998474121094,1.0
2015-08-27,25.282625198364258,25.354272669839833,24.633319027248458,25.128136352245008,338464400,0.029446936723315886,AAPL,1158,439,47.560001373291016,42.560001373291016,-1.0
2015-08-28,25.365461349487305,25.36993856788894,24.97363897325923,25.114694413745738,212657600,0.003276406246310426,AAPL,1157,438,50.04999923706055,45.220001220703125,-1.0
2015-08-31,25.246788024902344,25.643087503491376,25.07662473589582,25.08334141563656,224917200,-0.004678539962268746,AAPL,1154,435,54.150001525878906,49.20000076293945,-1.0
2015-09-01,24.118345260620117,25.0497620770223,24.037741668751384,24.662418651629118,307383600,-0.04469648824908656,AAPL,1153,434,49.560001373291016,45.40999984741211,1.0
2015-09-02,25.152748107910156,25.152748107910156,24.4340343725499,24.680324005279395,247555200,0.042888632537282145,AAPL,1152,433,50.5,46.25,-1.0
2015-09-03,24.7116756439209,25.25127008789612,24.637788736174347,25.186339324259134,212935600,-0.017535756415043458,AAPL,1151,432,50.68000030517578,46.75,1.0
2015-09-04,24.46538543701172,24.729585703954335,24.295223827137335,24.398216919917026,199985200,-0.009966552266955087,AAPL,1150,431,49.61000061035156,46.04999923706055,1.0
2015-09-08,25.146041870117188,25.202016499305916,24.700484300073743,25.020659247361674,219374400,0.02782120211667527,AAPL,1146,427,49.52000045776367,45.939998626708984,-1.0
2015-09-09,24.662412643432617,25.528898482615503,24.577330145959937,25.47068612016622,340043200,-0.019232817203700847,AAPL,1145,426,47.58000183105469,44.150001525878906,1.0
2015-09-10,25.204246520996094,25.363214203355902,24.60643811517623,24.689279442087834,251571200,0.021970027239316403,AAPL,1144,425,48.88999938964844,45.91999816894531,-1.0
2015-09-11,25.57145118713379,25.57145118713379,25.022900465893834,25.02961714855396,199662000,0.014569158646809743,AAPL,1143,424,48.13999938964844,44.630001068115234,-1.0
2015-09-14,25.81774139404297,26.1715015149341,25.716987729280103,26.102093510684586,233453600,0.00963145208720495,AAPL,1140,421,46.369998931884766,44.0,-1.0
2015-09-15,26.034912109375,26.090886723200867,25.618460845853757,25.956547991660713,173364800,0.00841168528328895,AAPL,1139,420,46.630001068115234,44.59000015258789,-1.0
2015-09-16,26.064023971557617,26.09313016022468,25.84684216352134,26.028199393312086,148694000,0.0011181855371862337,AAPL,1138,419,46.61000061035156,47.150001525878906,-1.0
2015-09-17,25.506519317626953,26.08193845312514,25.461740296333076,25.896103977366394,256450400,-0.02138981511600213,AAPL,1137,418,49.08000183105469,46.900001525878906,-1.0
2015-09-18,25.40128517150879,25.59160027079234,25.047526825406674,25.123651498552046,297141200,-0.00412577446603779,AAPL,1136,417,47.470001220703125,44.68000030517578,-1.0
2015-09-21,25.79534149169922,25.83116606540664,25.448299902009456,25.4505376567089,200888000,0.015513243425668177,AAPL,1133,414,48.91999816894531,46.68000030517578,-1.0
2015-09-22,25.390090942382812,25.564731503889117,25.193059163690542,25.385612015661604,201384800,-0.01571022230687713,AAPL,1132,413,49.08000183105469,45.83000183105469,-1.0
2015-09-23,25.596073150634766,25.685632880726555,25.367697461699983,25.441582658931672,143026800,0.008112700687815,AAPL,1131,412,47.75,44.47999954223633,-1.0
2015-09-24,25.748323440551758,25.860272672901985,25.159471093345076,25.35650112732597,200878000,0.005948189357835698,AAPL,1130,411,48.16999816894531,44.90999984741211,-1.0
2015-09-25,25.68339729309082,26.126717084422445,25.528906778076614,26.070742458195273,224607600,-0.0025215679619234876,AAPL,1129,410,48.599998474121094,45.70000076293945,-1.0
2015-09-28,25.17514991760254,25.652053146120544,25.17514991760254,25.490845939801744,208436000,-0.01978894652013219,AAPL,1126,407,47.34000015258789,44.43000030517578,-1.0
2015-09-29,24.418365478515625,25.414714649525106,24.1496880100466,25.262463628536743,293461600,-0.030060771894659832,AAPL,1125,406,48.22999954223633,45.22999954223633,1.0
2015-09-30,24.696008682250977,24.97364238272563,24.344488056487112,24.666900779931463,265892000,0.01137026161639021,AAPL,1124,405,48.369998931884766,45.09000015258789,1.0
2015-10-01,24.53479766845703,24.543753813306612,24.02654712455552,24.420608956887314,255716400,-0.006527816533762665,AAPL,1123,404,47.689998626708984,44.7400016784668,1.0
2015-10-02,24.713918685913086,24.854975850553252,24.08028715554748,24.18328027252638,232079200,0.007300692668288811,AAPL,1122,403,48.130001068115234,45.540000915527344,1.0
2015-10-05,24.80347442626953,24.93557542351823,24.420608213703833,24.60196544381129,208258800,0.0036236964883877842,AAPL,1119,400,49.25,46.2599983215332,1.0
2015-10-06,24.922138214111328,25.018414624790967,24.577334364426335,24.769887185785613,192787200,0.004784159904473784,AAPL,1118,399,51.91999816894531,48.529998779296875,1.0
2015-10-07,24.80347442626953,25.025133452868637,24.496734588503575,25.018416771488347,187062400,-0.004761380697849038,AAPL,1117,398,51.33000183105469,47.810001373291016,1.0
2015-10-08,24.516881942749023,24.671372430385237,24.2280527176164,24.671372430385237,247918400,-0.011554529764466248,AAPL,1116,397,53.04999923706055,49.43000030517578,1.0
2015-10-09,25.103498458862305,25.13932132777321,24.514644356961238,24.628833061271347,211064400,0.023927044127517005,AAPL,1115,396,52.650001525878906,49.630001068115234,-1.0
2015-10-12,24.987071990966797,25.244555604853414,24.951249119619337,25.240078386513723,121868800,-0.004637858268491835,AAPL,1112,393,49.86000061035156,47.099998474121094,-1.0
2015-10-13,25.02960968017578,25.177381779236768,24.78108224664574,24.812427895180186,132197200,0.0017023879078092996,AAPL,1111,392,49.2400016784668,46.65999984741211,-1.0
2015-10-14,24.67584991455078,24.969156360543135,24.53031556893734,24.917660669581448,177849600,-0.01413365090967389,AAPL,1110,391,49.150001525878906,46.63999938964844,1.0
2015-10-15,25.045284271240234,25.099019428488592,24.738542736703256,24.83705861516678,150694000,0.014971494719280498,AAPL,1109,390,48.709999084472656,46.380001068115234,-1.0
2015-10-16,24.861690521240234,25.07663288383072,24.747501803916833,25.027374938781016,156930400,-0.007330471797072913,AAPL,1108,389,48.72999954223633,47.2599983215332,1.0
2015-10-19,25.016178131103516,25.020655349128607,24.653461975516304,24.80795247463472,119036800,0.00621388194544914,AAPL,1105,386,48.61000061035156,45.88999938964844,-1.0
2015-10-20,25.472929000854492,25.562488733381457,24.812429176361526,24.928855632899708,195871200,0.018258219435329348,AAPL,1104,385,48.709999084472656,45.54999923706055,-1.0
2015-10-21,25.470693588256836,25.878188785928117,25.457258516805933,25.524428749430527,167180800,-8.775640200553436e-05,AAPL,1103,384,47.849998474121094,45.20000076293945,-1.0
2015-10-22,25.860279083251953,25.860279083251953,25.546820813328083,25.59831822458685,166616400,0.015295441156527145,AAPL,1102,383,48.08000183105469,45.380001068115234,-1.0
2015-10-23,26.661828994750977,26.69541410535258,26.04610823049042,26.128949567336736,237467600,0.030995408399058455,AAPL,1101,382,47.9900016784668,44.599998474121094,-1.0
2015-10-26,25.81102180480957,26.449132262288376,25.73041819879012,26.437938360914124,265335200,-0.031911058694019334,AAPL,1098,379,47.540000915527344,43.97999954223633,-1.0
2015-10-27,25.6475772857666,26.093134882011086,25.522192947427737,25.837890694557643,279537600,-0.006332353685142067,AAPL,1097,378,46.810001373291016,43.20000076293945,-1.0
2015-10-28,26.704376220703125,26.711094611323404,25.985662163249067,26.180454494192944,342205600,0.0412046300966995,AAPL,1096,377,49.04999923706055,45.939998626708984,-1.0
2015-10-29,26.986480712890625,27.022305285903467,26.480469722447047,26.57674612715698,204909200,0.010563979845700011,AAPL,1095,376,48.79999923706055,46.060001373291016,-1.0
2015-10-30,26.755870819091797,27.140976513399856,26.74467521077889,27.089479106654476,197461200,-0.008545385975010533,AAPL,1094,375,49.560001373291016,46.59000015258789,-1.0
2015-11-02,27.132017135620117,27.172318929250643,26.780496599924348,27.046936330493363,128813200,0.014058459134879575,AAPL,1091,372,48.790000915527344,46.13999938964844,-1.0
2015-11-03,27.4432430267334,27.64922926641177,27.024552156513245,27.044703912682998,182076000,0.01147079811860685,AAPL,1090,371,50.540000915527344,47.900001525878906,-1.0
2015-11-04,27.315614700317383,27.72310986768225,27.230533892435876,27.5686193690615,179544400,-0.0046506284367225925,AAPL,1089,370,48.58000183105469,46.31999969482422,-1.0
2015-11-05,27.189695358276367,27.58769302350806,27.023301736159723,27.39881233945184,158210800,-0.0046097934614501845,AAPL,1088,369,47.97999954223633,45.20000076293945,-1.0
2015-11-06,27.22117042541504,27.389813067334636,27.12223457537694,27.232413954418345,132169200,0.001157610143251997,AAPL,1087,368,47.41999816894531,44.290000915527344,-1.0
2015-11-09,27.11099624633789,27.38981832077774,26.994071413676664,27.19869029971431,135485600,-0.004047371121642995,AAPL,1084,365,47.189998626708984,43.869998931884766,-1.0
2015-11-10,26.256534576416016,26.548849178276132,26.09688641296129,26.28576706591504,236511600,-0.031517162340992666,AAPL,1083,364,47.439998626708984,44.209999084472656,-1.0
2015-11-11,26.108135223388672,26.402697218240867,25.905763666973336,26.166598498691332,180872000,-0.00565190172356711,AAPL,1082,363,45.810001373291016,42.93000030517578,-1.0
2015-11-12,26.020442962646484,26.267785230646265,26.004703046924377,26.14186590486939,130102400,-0.00335880981126635,AAPL,1081,362,44.060001373291016,41.75,-1.0
2015-11-13,25.26041603088379,25.986704363063254,25.244676121048148,25.903506716491144,183249600,-0.02920883909831007,AAPL,1080,361,43.61000061035156,40.7400016784668,-1.0
2015-11-16,25.674163818359375,25.687654684920247,24.959118726755754,25.044563740844946,152426800,0.01637929426695628,AAPL,1077,358,43.58000183105469,41.7400016784668,-1.0
2015-11-17,25.563980102539062,25.869785606944667,25.4807824365316,25.840553113619983,110467600,-0.004291618476840897,AAPL,1076,357,43.56999969482422,40.66999816894531,-1.0
2015-11-18,26.373462677001953,26.418433365115245,25.9709686709574,26.02943193792211,186698800,0.031664966535570604,AAPL,1075,356,44.13999938964844,40.75,-1.0
2015-11-19,26.7085018157959,26.926613279263847,26.25429164098788,26.45216509175698,173183200,0.012703646195313834,AAPL,1074,355,44.18000030517578,40.540000915527344,-1.0
2015-11-20,26.825420379638672,26.964830515652352,26.724233777299446,26.80293332432676,137148400,0.004377578519721537,AAPL,1073,354,44.65999984741211,40.38999938964844,-1.0
2015-11-23,26.476905822753906,26.922123337915412,26.384713649941556,26.818687631410988,129930000,-0.012991951363763077,AAPL,1070,351,44.83000183105469,41.75,-1.0
2015-11-24,26.730987548828125,26.836670565894213,26.33524064156712,26.382460384517966,171212800,0.009596352677126774,AAPL,1069,350,46.119998931884766,42.869998931884766,-1.0
2015-11-25,26.53985595703125,26.80968522897599,26.515121564214937,26.80518713090661,85553200,-0.007150188201904051,AAPL,1068,349,46.16999816894531,43.040000915527344,-1.0
2015-11-27,26.49038314819336,26.625298621436436,26.443163418766883,26.598315183683518,52185600,-0.001864094851079412,AAPL,1066,347,44.86000061035156,41.709999084472656,-1.0
2015-11-30,26.600576400756836,26.850167738701476,26.47690439888434,26.530869583554935,156721200,0.004159745517723579,AAPL,1063,344,44.61000061035156,41.650001525878906,-1.0
2015-12-01,26.384708404541016,26.715248329315557,26.27677805085262,26.701757463985018,139409600,-0.008115162354514927,AAPL,1062,343,44.439998626708984,41.849998474121094,-1.0
2015-12-02,26.14635467529297,26.557843129313408,26.10138399075898,26.384702391262085,133546400,-0.009033782962218573,AAPL,1061,342,42.4900016784668,39.939998626708984,-1.0
2015-12-03,25.90351676940918,26.261040168029606,25.683157946190956,26.207074987009943,166278000,-0.009287639095374889,AAPL,1060,341,43.84000015258789,41.08000183105469,-1.0
2015-12-04,26.764713287353516,26.814182073839056,25.88327475795129,25.92374906366475,231108000,0.033246316537272946,AAPL,1059,340,43.0,39.970001220703125,-1.0
2015-12-07,26.5960750579834,26.951349387744692,26.490392035729663,26.7534759244012,128336800,-0.006300767266197438,AAPL,1056,337,40.72999954223633,37.650001525878906,-1.0
2015-12-08,26.5848331451416,26.66802910366028,26.276778561768936,26.42518322985652,137238000,-0.0004226906721118695,AAPL,1055,336,40.2599983215332,37.5099983215332,-1.0
2015-12-09,25.997955322265625,26.46340903533202,25.876532390745435,26.45216550415493,185445600,-0.022075663205101903,AAPL,1054,335,40.11000061035156,37.15999984741211,-1.0
2015-12-10,26.121625900268555,26.294766675544988,25.9732212369822,26.092395120589035,116850800,0.004756934784675648,AAPL,1053,334,39.72999954223633,36.7599983215332,-1.0
2015-12-11,25.44929313659668,25.946226467403385,25.37508997957707,25.901255792827346,187544800,-0.025738549592541404,AAPL,1052,333,37.93000030517578,35.619998931884766,-1.0
2015-12-14,25.29190444946289,25.336875142511982,24.687038849477336,25.224446694367277,257274800,-0.006184403090845003,AAPL,1049,330,37.91999816894531,36.310001373291016,-1.0
2015-12-15,24.844436645507812,25.363857214368085,24.81295681897348,25.17048015678753,213292400,-0.017692135633723738,AAPL,1048,329,38.45000076293945,37.349998474121094,-1.0
2015-12-16,25.035566329956055,25.181723657519896,24.464431315727747,24.974855722010272,224954000,0.007693057692366834,AAPL,1047,328,37.189998626708984,35.52000045776367,-1.0
2015-12-17,24.504907608032227,25.240188972948975,24.504907608032227,25.18847112712789,179091200,-0.021196194043706318,AAPL,1046,327,37.18000030517578,34.95000076293945,-1.0
2015-12-18,23.841575622558594,24.626325683386437,23.79210683258561,24.489164559627596,385813200,-0.02706935264086474,AAPL,1045,326,36.880001068115234,34.72999954223633,-1.0
2015-12-21,24.13388442993164,24.142878909163535,23.738135921335893,24.1226409020114,190362400,0.012260465163907552,AAPL,1042,323,36.349998474121094,34.7400016784668,-1.0
2015-12-22,24.111400604248047,24.221579979597372,23.936010821490726,24.149625856743704,131157600,-0.0009316289613000572,AAPL,1041,322,36.11000061035156,36.13999938964844,-1.0
2015-12-23,24.421701431274414,24.475666592311015,24.1046524647011,24.12039237481684,130629600,0.012869465035212357,AAPL,1040,321,37.36000061035156,37.5,-1.0
2015-12-24,24.29128646850586,24.50939789860073,24.273297507864243,24.50939789860073,54281600,-0.005340125999638401,AAPL,1039,320,37.88999938964844,38.099998474121094,-1.0
2015-12-28,24.019207000732422,24.214833064400835,23.87529876384583,24.192346008526084,106816800,-0.011200702281708885,AAPL,1035,316,36.619998931884766,36.810001373291016,-1.0
2015-12-29,24.450937271118164,24.606089071221,24.02820694358233,24.05069228904836,123724800,0.017974376521780133,AAPL,1034,315,37.790000915527344,37.869998931884766,-1.0
2015-12-30,24.131635665893555,24.441937483207315,24.100155845971354,24.41495576071487,100855200,-0.013058869755548153,AAPL,1033,314,36.459999084472656,36.599998474121094,-1.0
2015-12-31,23.668434143066406,24.066430040175042,23.569496573278652,24.06193365769457,163649200,-0.019194783529813297,AAPL,1032,313,37.279998779296875,37.040000915527344,-1.0
2016-01-04,23.688671112060547,23.693169210190845,22.935400934284008,23.072563763387645,270597600,0.0008550193422942609,AAPL,1028,309,37.220001220703125,36.7599983215332,-1.0
2016-01-05,23.095046997070312,23.801097373091256,23.02759097097603,23.77861203105983,223164000,-0.025059409714545122,AAPL,1027,308,36.41999816894531,35.970001220703125,-1.0
2016-01-06,22.643096923828125,23.01860937964875,22.456466936499865,22.611617084253595,273829600,-0.01956913416541295,AAPL,1026,307,34.22999954223633,33.970001220703125,1.0
2016-01-07,21.687450408935547,22.514923987459305,21.68295402512456,22.18888212221191,324377600,-0.04220476192401568,AAPL,1025,306,33.75,33.27000045776367,1.0
2016-01-08,21.802122116088867,22.285564734277752,21.75715142787112,22.159645434850617,283192000,0.005287468328046163,AAPL,1024,305,33.54999923706055,33.15999984741211,1.0
2016-01-11,22.155147552490234,22.27432142139755,21.887567323079747,22.254085126159012,198957600,0.016192251126822654,AAPL,1021,302,31.549999237060547,31.40999984741211,1.0
2016-01-12,22.47669219970703,22.640838467302366,22.224851891300492,22.609358643191765,196616800,0.014513315537844518,AAPL,1020,301,30.860000610351562,30.440000534057617,1.0
2016-01-13,21.89881134033203,22.753268167980142,21.878575044643163,22.557642065378527,249758400,-0.025710227031650712,AAPL,1019,300,30.309999465942383,30.479999542236328,1.0
2016-01-14,22.377756118774414,22.593620234931443,21.52779738017287,22.026979932182503,252680400,0.02187081166183158,AAPL,1018,299,31.030000686645508,31.200000762939453,1.0
2016-01-15,21.840351104736328,21.970768524584226,21.44235512788156,21.631234109298173,319335600,-0.02401514303693819,AAPL,1017,298,31.010000228881836,29.420000076293945,1.0
2016-01-19,21.73467254638672,22.18213737463392,21.473837673705663,22.128172189622163,212350800,-0.004838684041425179,AAPL,1013,294,28.760000228881836,28.459999084472656,1.0
2016-01-20,21.763891220092773,22.07869110261147,21.006123139771795,21.38388265568996,289337600,0.001344334663597735,AAPL,1012,293,27.8799991607666,26.549999237060547,1.0
2016-01-21,21.65372085571289,22.00899346539293,21.347915324592353,21.824610870057498,208646000,-0.005062071082131303,AAPL,1011,292,29.25,29.530000686645508,1.0
2016-01-22,22.80498504638672,22.813979527720896,22.119172570994266,22.177634126383563,263202000,0.05316703758883512,AAPL,1010,291,32.18000030517578,32.189998626708984,1.0
2016-01-25,22.35977554321289,22.829725742871297,22.308057690146153,22.827476693036473,207178000,-0.019522464157211483,AAPL,1007,288,30.5,30.34000015258789,1.0
2016-01-26,22.483440399169922,22.683562898019467,22.051715573484742,22.469949534467872,300308000,0.005530684139383846,AAPL,1006,287,31.799999237060547,31.450000762939453,1.0
2016-01-27,21.00613021850586,21.72792062838977,20.988141255609346,21.595255886952298,533478800,-0.06570658913564686,AAPL,1005,286,33.099998474121094,32.29999923706055,1.0
2016-01-28,21.156782150268555,21.2534706733341,20.77452615611461,21.089326118341155,222715200,0.007171807952993436,AAPL,1004,285,33.88999938964844,33.220001220703125,1.0
2016-01-29,21.887569427490234,21.887569427490234,21.21524778897145,21.314185372152718,257666000,0.034541513545452096,AAPL,1003,284,34.7400016784668,33.619998931884766,1.0
2016-02-01,21.682952880859375,21.745912544024144,21.4513505275652,21.691947363528936,163774000,-0.009348527588169064,AAPL,1000,281,34.689998626708984,31.6200008392334,1.0
2016-02-02,21.24448013305664,21.595256339276258,21.19950772487338,21.455844447191097,149428800,-0.020222003442612158,AAPL,999,280,32.720001220703125,29.8799991607666,1.0
2016-02-03,21.66496467590332,21.775144090308668,21.15454020402684,21.361408166120786,183857200,0.01979264920643553,AAPL,998,279,35.040000915527344,32.279998779296875,1.0
2016-02-04,21.83904457092285,22.004081590600105,21.5202767998081,21.671748022428808,185886800,0.008035087876840707,AAPL,997,278,34.459999084472656,31.719999313354492,1.0
2016-02-05,21.255765914916992,21.911389779923056,21.181161790749695,21.820958604606492,185672400,-0.026708066559947174,AAPL,996,277,34.060001373291016,30.889999389648438,1.0
2016-02-08,21.479585647583008,21.63557767292517,21.034213486815528,21.054559597795702,216085600,0.010529836165957374,AAPL,993,274,32.880001068115234,29.690000534057617,1.0
2016-02-09,21.475051879882812,21.689826046107488,21.235410832664385,21.316798683574508,177324800,-0.00021107333142178497,AAPL,992,273,30.31999969482422,27.940000534057617,1.0
2016-02-10,21.312278747558594,21.78251933732667,21.2738460702259,21.685306155065295,169374400,-0.007579638607378647,AAPL,991,272,30.84000015258789,27.450000762939453,1.0
2016-02-11,21.183412551879883,21.414012039734246,20.932466963536864,21.20376037719903,200298800,-0.006046570486671787,AAPL,990,271,30.059999465942383,26.209999084472656,1.0
2016-02-12,21.24898338317871,21.36428317213981,21.027428819891604,21.29419983219834,161405600,0.0030953856531963364,AAPL,989,270,33.36000061035156,29.440000534057617,1.0
2016-02-16,21.84808349609375,21.8955594642295,21.389147412617355,21.481838095692634,196231600,0.028194295327526264,AAPL,985,266,32.18000030517578,29.040000915527344,1.0
2016-02-17,22.182676315307617,22.203022417805666,21.737304340212145,21.85486362369464,179452800,0.015314515768565684,AAPL,984,265,34.5,30.65999984741211,1.0
2016-02-18,21.762168884277344,22.35675067446957,21.723734489797046,22.34544613641707,156084000,-0.018956568858199185,AAPL,983,264,34.279998779296875,30.770000457763672,1.0
2016-02-19,21.71243667602539,21.87521240241181,21.65817867550683,21.703393388467173,141496800,-0.0022852597329066082,AAPL,982,263,33.0099983215332,29.639999389648438,1.0
2016-02-22,21.902339935302734,21.906862441372297,21.685306214392327,21.77347610961122,137123200,0.008746289608620117,AAPL,979,260,34.689998626708984,31.479999542236328,1.0
2016-02-23,21.407238006591797,21.81643694554148,21.375587355227243,21.79382958382839,127770400,-0.022604978745349502,AAPL,978,259,33.27000045776367,31.8700008392334,1.0
2016-02-24,21.72599983215332,21.789301117570563,21.09750603432402,21.24671768551952,145022800,0.014890376117804971,AAPL,977,258,34.40999984741211,32.150001525878906,1.0
2016-02-25,21.875213623046875,21.875213623046875,21.53383682920604,21.714699140801,110330800,0.006867982695679009,AAPL,976,257,35.290000915527344,33.06999969482422,1.0
2016-02-26,21.909122467041016,22.16006634526163,21.834516644548906,21.974683277900706,115964400,0.0015501034448603956,AAPL,975,256,35.099998474121094,32.779998779296875,1.0
2016-02-29,21.85938835144043,22.207547180937677,21.850345063356375,21.897821032174523,140865200,-0.0022700186041409998,AAPL,972,253,35.970001220703125,33.75,1.0
2016-03-01,22.727519989013672,22.781777984759973,22.024420397887784,22.076418865566318,201628400,0.0397143608785393,AAPL,971,252,35.959999084472656,34.400001525878906,1.0
2016-03-02,22.77726173400879,22.808912381558407,22.526316082129018,22.723003727471006,132678400,0.0021886129687340716,AAPL,970,251,36.93000030517578,34.65999984741211,1.0
2016-03-03,22.94681739807129,22.994293365018642,22.70943583850376,22.738826954826482,147822800,0.007444075852600651,AAPL,969,250,37.06999969482422,34.56999969482422,1.0
2016-03-04,23.288190841674805,23.455487328583967,22.917424722129894,23.1435017084295,184220400,0.014876722888473859,AAPL,968,249,38.720001220703125,35.91999816894531,-1.0
2016-03-07,23.03046226501465,23.24749595592753,22.824731388052065,23.148021534114374,143315600,-0.011066921359942805,AAPL,965,246,40.84000015258789,37.900001525878906,1.0
2016-03-08,22.840564727783203,23.00560173784954,22.69813680321742,22.784045463693932,126247600,-0.008245493948244254,AAPL,964,245,39.650001525878906,36.5,1.0
2016-03-09,22.860910415649414,22.964905644840265,22.66874355590432,22.90386387944355,108806800,0.0008907699134717006,AAPL,963,244,41.06999969482422,38.290000915527344,1.0
2016-03-10,22.872215270996094,23.114117651176542,22.64161743351319,22.92647500614705,134054400,0.0004945059116692185,AAPL,962,243,40.04999923706055,37.84000015258789,1.0
2016-03-11,23.11863899230957,23.123159774261975,22.946819955991838,23.114116485526203,109632800,0.010773933280785464,AAPL,961,242,40.38999938964844,38.5,-1.0
2016-03-14,23.177419662475586,23.265591303595915,23.01012311936668,23.03951424135049,100304400,0.002542566203208141,AAPL,958,239,39.529998779296875,37.18000030517578,-1.0
2016-03-15,23.64313507080078,23.778780937290975,23.478098087936687,23.502966698023478,160270800,0.02009349682178785,AAPL,957,238,38.7400016784668,36.34000015258789,-1.0
2016-03-16,23.957382202148438,24.034247561404328,23.645394809136018,23.6499173154633,153214000,0.013291263210510218,AAPL,956,237,40.33000183105469,38.459999084472656,-1.0
2016-03-17,23.918954849243164,24.070426073154554,23.729049212313743,23.855651820379244,137682800,-0.0016039879725184836,AAPL,955,236,41.540000915527344,40.20000076293945,-1.0
2016-03-18,23.94607162475586,24.077196677899952,23.78103640685929,24.041023535723504,176820800,0.0011336939963977333,AAPL,954,235,41.20000076293945,39.439998626708984,-1.0
2016-03-21,23.943811416625977,24.33718484005014,23.769731193301453,23.948332196854395,142010800,-9.438742877332373e-05,AAPL,951,232,41.540000915527344,39.90999984741211,-1.0
2016-03-22,24.126943588256836,24.25580744062793,23.785566752216166,23.7946100413969,129777600,0.007648413548049238,AAPL,950,231,41.790000915527344,41.45000076293945,-1.0
2016-03-23,23.993555068969727,24.206068033508796,23.9415583169001,24.0726834109702,102814000,-0.005528612391336285,AAPL,949,230,40.470001220703125,39.790000915527344,-1.0
2016-03-24,23.88955307006836,24.02067812697964,23.713213308967866,23.844338365879146,104532000,-0.004334580623938877,AAPL,948,229,40.439998626708984,39.459999084472656,-1.0
2016-03-28,23.78104591369629,24.007122968185787,23.751654792720785,23.96416777588685,77645600,-0.004542033752319208,AAPL,944,225,40.27000045776367,39.38999938964844,-1.0
2016-03-29,24.34396743774414,24.368836041653328,23.71095125159634,23.71321250417818,124760400,0.02367101624086465,AAPL,943,224,39.13999938964844,38.279998779296875,-1.0
2016-03-30,24.76900291442871,24.96342933008116,24.551969137037148,24.563273680322276,182404400,0.017459581219517073,AAPL,942,223,39.2599983215332,38.31999969482422,-1.0
2016-03-31,24.6401309967041,24.84586188835787,24.615262389474953,24.80516796060386,103553600,-0.005202951373126874,AAPL,941,222,39.599998474121094,38.34000015258789,-1.0
2016-04-01,24.866214752197266,24.868476005695932,24.461536617488488,24.592661723114336,103496000,0.009175428309346367,AAPL,940,221,39.65999984741211,36.790000915527344,-1.0
2016-04-04,25.12168312072754,25.363585502011237,24.929516242979144,24.963428146395394,149424800,0.01027371359397189,AAPL,937,218,37.689998626708984,35.70000076293945,-1.0
2016-04-05,24.825517654418945,25.03350982905374,24.737347752331807,24.757695581568516,106314800,-0.011789236608284126,AAPL,936,217,37.869998931884766,35.88999938964844,-1.0
2016-04-06,25.08550453186035,25.090027037913124,24.68760851591967,24.920469282378427,105616400,0.010472566214349666,AAPL,935,216,39.84000015258789,37.75,-1.0
2016-04-07,24.53839874267578,24.963422898290155,24.443446812937044,24.85716642817889,127207600,-0.021809638649671448,AAPL,934,215,39.43000030517578,37.2599983215332,-1.0
2016-04-08,24.56553077697754,24.816474692097593,24.454751790988905,24.622050034176734,94326800,0.0011056970174085912,AAPL,933,214,41.939998626708984,39.720001220703125,-1.0
2016-04-11,24.64691925048828,25.006382657168967,24.60396578384128,24.635616432878443,117630000,0.003313116832265539,AAPL,930,211,42.83000183105469,40.36000061035156,-1.0
2016-04-12,24.967947006225586,24.981511075678288,24.565530180707952,24.719260900720705,108929200,0.013025066235446303,AAPL,929,210,44.689998626708984,42.16999816894531,-1.0
2016-04-13,25.329675674438477,25.397497761998142,25.049340584563215,25.049340584563215,133029200,0.014487721722682867,AAPL,928,209,44.18000030517578,41.7599983215332,-1.0
2016-04-14,25.34322738647461,25.408789913187686,25.169148882659474,25.23471140937255,101895600,0.0005350132473196378,AAPL,927,208,43.84000015258789,41.5,-1.0
2016-04-15,24.83456802368164,25.38845792979743,24.807439876738563,25.345502730695806,187756000,-0.02007082030382734,AAPL,926,207,43.099998474121094,40.36000061035156,-1.0
2016-04-18,24.298755645751953,24.631087372216538,24.176673864164115,24.617523304761406,243286000,-0.02157526466410653,AAPL,923,204,42.90999984741211,39.779998779296875,-1.0
2016-04-19,24.169898986816406,24.416322150976796,24.01616651909479,24.389192283203197,129539600,-0.00530301472281669,AAPL,922,203,44.029998779296875,41.08000183105469,-1.0
2016-04-20,24.219635009765625,24.436668782114527,23.97773262263216,24.108857732436007,122444000,0.0020577671001582587,AAPL,921,202,45.79999923706055,42.630001068115234,-1.0
2016-04-21,23.957382202148438,24.17441593542663,23.85564650775408,24.17441593542663,126210000,-0.01082810733982753,AAPL,920,201,44.529998779296875,43.18000030517578,-1.0
2016-04-22,23.89181900024414,24.072681302070844,23.652177916429892,23.740347814241954,134732400,-0.002736659679721476,AAPL,919,200,45.11000061035156,43.72999954223633,-1.0
2016-04-25,23.75617790222168,23.885041757555705,23.627314046887655,23.73809132344436,112126400,-0.005677303097812447,AAPL,916,197,44.47999954223633,42.63999938964844,-1.0
2016-04-26,23.59113121032715,23.805905364320044,23.491658517525856,23.491658517525856,224064800,-0.006947527189510416,AAPL,915,196,45.7400016784668,44.040000915527344,-1.0
2016-04-27,22.11485481262207,22.31606322957976,21.631050110630447,21.7033946906059,458408400,-0.06257760107149202,AAPL,914,195,47.18000030517578,45.33000183105469,1.0
2016-04-28,21.438879013061523,22.128412721675506,21.307753959352375,22.067372700027654,328970800,-0.030566594503470768,AAPL,913,194,48.13999938964844,46.029998779296875,1.0
2016-04-29,21.192455291748047,21.414011487618254,20.91438157658971,21.248974535866623,274126000,-0.011494244692707323,AAPL,912,193,48.130001068115234,45.91999816894531,1.0
2016-05-02,21.169851303100586,21.269325740502186,20.889516290677836,21.244457131151787,192640400,-0.0010666054657793023,AAPL,909,190,48.099998474121094,44.779998779296875,1.0
2016-05-03,21.51801109313965,21.644613673926738,21.17889555903354,21.296454851931436,227325200,0.016446019627359032,AAPL,908,189,46.75,43.650001525878906,1.0
2016-05-04,21.294200897216797,21.680792500306193,21.210551755970187,21.522537508069195,164102000,-0.010401063321052284,AAPL,907,188,44.619998931884766,43.779998779296875,1.0
2016-05-05,21.207761764526367,21.39654856740518,21.080388372382743,21.380626893387227,143562000,-0.00405928041665693,AAPL,906,187,45.0099983215332,44.31999969482422,1.0
2016-05-06,21.089487075805664,21.25552714546316,20.89160192224227,21.237332185801375,174799600,-0.005576952911576782,AAPL,905,186,45.369998931884766,44.65999984741211,1.0
2016-05-09,21.10540771484375,21.328311143924928,21.059915979589853,21.153172735361146,131745600,0.0007549087837395163,AAPL,902,183,43.630001068115234,43.439998626708984,1.0
2016-05-10,21.24870491027832,21.282823281311984,20.950741389604683,21.22823492885758,134747200,0.006789596172254386,AAPL,901,182,45.52000045776367,44.65999984741211,1.0
2016-05-11,21.041725158691406,21.282825329286673,21.030351788808286,21.26235534589618,114876400,-0.009740817262081425,AAPL,900,181,47.599998474121094,46.22999954223633,1.0
2016-05-12,20.54814338684082,21.103130347906575,20.35026000031779,21.089483696513835,305258800,-0.02345728632648303,AAPL,899,180,48.08000183105469,46.70000076293945,1.0
2016-05-13,20.589088439941406,20.850660291471097,20.470813392773838,20.470813392773838,177571200,0.001992640032228321,AAPL,898,179,47.83000183105469,46.209999084472656,1.0
2016-05-16,21.35333251953125,21.469334282624654,20.846112220421773,21.014427313211556,245039200,0.03711888857144663,AAPL,895,176,48.970001220703125,47.720001220703125,1.0
2016-05-17,21.264631271362305,21.539849850439502,21.155454542394775,21.50573320722016,187667600,-0.004153976813118687,AAPL,894,175,49.279998779296875,48.310001373291016,1.0
2016-05-18,21.50800132751465,21.655846442176664,21.355607906626723,21.417021320337167,168249600,0.011444828412336294,AAPL,893,174,48.93000030517578,48.189998626708984,1.0
2016-05-19,21.42612075805664,21.52620086154741,21.28282566605792,21.52620086154741,121768400,-0.0038069817930157512,AAPL,892,173,48.810001373291016,48.15999984741211,1.0
2016-05-20,21.658119201660156,21.705884221040975,21.498900735058548,21.526195775561394,128104000,0.010827832355807088,AAPL,891,172,48.720001220703125,47.75,1.0
2016-05-23,21.93333625793457,22.106201365867136,21.760471150002004,21.805962881211684,152074400,0.012707338698797033,AAPL,888,169,48.349998474121094,48.08000183105469,1.0
2016-05-24,22.267690658569336,22.3109056293014,22.02658884800029,22.113022260128254,140560800,0.015244119576829585,AAPL,887,168,48.61000061035156,48.619998931884766,1.0
2016-05-25,22.65891456604004,22.686207870935945,22.31545935166485,22.44283273539829,152675200,0.017569128001162948,AAPL,886,167,49.7400016784668,49.560001373291016,1.0
2016-05-26,22.838607788085938,22.91139284192371,22.43601410331719,22.672565962123095,225324800,0.00793035436548295,AAPL,885,166,49.59000015258789,49.47999954223633,1.0
2016-05-27,22.824953079223633,22.85224811760691,22.57475463437257,22.617971344646403,145364800,-0.0005978783378129959,AAPL,884,165,49.31999969482422,49.33000183105469,1.0
2016-05-31,22.713504791259766,22.836329879454723,22.47695296236566,22.654366400203152,169228800,-0.004882738973308709,AAPL,880,161,49.689998626708984,49.099998474121094,1.0
2016-06-01,22.395065307617188,22.640715437250694,22.36549698538301,22.522438677649962,116693200,-0.014019830341864048,AAPL,879,160,49.709999084472656,49.0099983215332,1.0
2016-06-02,22.226757049560547,22.254050359871055,21.978831823800608,22.19946200391749,160766400,-0.007515417157519688,AAPL,878,159,50.040000915527344,49.16999816894531,1.0
2016-06-03,22.27223777770996,22.351846125169395,22.165334395979365,22.242669458748406,114019600,0.0020462152012550305,AAPL,877,158,49.63999938964844,48.619998931884766,1.0
2016-06-06,22.43373680114746,23.175235654761575,22.188088354006602,22.288166708274215,93170000,0.0072511359230875705,AAPL,874,155,50.54999923706055,49.689998626708984,1.0
2016-06-07,22.52471923828125,22.715781075657503,22.50879756311093,22.574759284625802,89638000,0.004055607763443714,AAPL,873,154,51.439998626708984,50.36000061035156,1.0
2016-06-08,22.50424575805664,22.645265791831612,22.445107372904335,22.522440715899357,83392400,-0.0009089338698532456,AAPL,872,153,52.5099983215332,51.22999954223633,1.0
2016-06-09,22.66573143005371,22.74306475231994,22.395061331458503,22.404159675607183,106405600,0.007175786904089376,AAPL,871,152,51.95000076293945,50.560001373291016,1.0
2016-06-10,22.47922706604004,22.597502107995926,22.399618697864703,22.410990330271307,126851600,-0.008228473216901122,AAPL,870,151,50.540000915527344,49.06999969482422,1.0
2016-06-13,22.140317916870117,22.545186514211057,22.085729574943514,22.447381461621003,152082000,-0.015076548147063384,AAPL,867,148,50.349998474121094,48.880001068115234,1.0
2016-06-14,22.167617797851562,22.39962133855026,22.006126021848438,22.135774446827423,127727600,0.0012330392492081454,AAPL,866,147,49.83000183105469,48.4900016784668,1.0
2016-06-15,22.094831466674805,22.38369836536012,22.069811444416,22.249499906396323,117780800,-0.0032834530007014306,AAPL,865,146,48.970001220703125,48.0099983215332,1.0
2016-06-16,22.18808937072754,22.233579376085263,21.851457430949985,21.937889135262647,125307200,0.00422080178314066,AAPL,864,145,47.189998626708984,46.209999084472656,1.0
2016-06-17,21.68313217163086,21.98337057821465,21.67630884755672,21.97654725414051,244032800,-0.022758029799666457,AAPL,863,144,49.16999816894531,47.97999954223633,1.0
2016-06-20,21.63082504272461,21.96518192734931,21.61490336894878,21.835533516508335,137647600,-0.002412341929764472,AAPL,860,141,50.650001525878906,49.369998931884766,1.0
2016-06-21,21.8150634765625,21.915141824877544,21.535294940608498,21.59443332961213,142185600,0.00851740206275009,AAPL,859,140,50.619998931884766,48.849998474121094,1.0
2016-06-22,21.73318099975586,22.037967834086068,21.687689261946034,21.892397743759346,116876400,-0.003753483316452977,AAPL,858,139,49.880001068115234,49.130001068115234,1.0
2016-06-23,21.8582763671875,21.901493078328414,21.664941280256883,21.821884717278408,128960800,0.005755962159108119,AAPL,857,138,50.90999984741211,50.11000061035156,1.0
2016-06-24,21.244155883789062,21.530747761291018,21.07356576973615,21.132704161834226,301245600,-0.02809555854643342,AAPL,856,137,48.40999984741211,47.63999938964844,1.0
2016-06-27,20.934814453125,21.164542909327977,20.811989389471883,21.153169543397652,181958400,-0.014561248390203785,AAPL,853,134,47.15999984741211,46.33000183105469,1.0
2016-06-28,21.287368774414062,21.303292182746873,20.95756194711633,21.130427064931602,161779600,0.016840575400296265,AAPL,852,133,48.58000183105469,47.849998474121094,1.0
2016-06-29,21.471609115600586,21.505727485074683,21.296468962121974,21.373804048618755,146124000,0.008654913772526251,AAPL,851,132,50.61000061035156,49.880001068115234,1.0
2016-06-30,21.744552612304688,21.783219287907485,21.44886412581391,21.480707474584726,143345600,0.012711832412494406,AAPL,850,131,49.68000030517578,48.33000183105469,1.0
2016-07-01,21.810516357421875,21.942439806207698,21.68314295050178,21.719534608765013,104106000,0.003033575640450703,AAPL,849,130,49.84000015258789,48.9900016784668,1.0
2016-07-05,21.605802536010742,21.69905928263454,21.485252486244054,21.696784262261932,110820800,-0.009386014437089196,AAPL,845,126,47.959999084472656,46.599998474121094,1.0
2016-07-06,21.7286319732666,21.758202038057313,21.464786822974684,21.517100154734123,123796400,0.005685020820269893,AAPL,844,125,48.79999923706055,47.43000030517578,1.0
2016-07-07,21.821887969970703,21.94926136663653,21.749102923971318,21.767297883971878,100558400,0.004291848507482543,AAPL,843,124,46.400001525878906,45.13999938964844,1.0
2016-07-08,21.990205764770508,22.037970794387704,21.846910675918924,21.94698904187908,115648400,0.007713255380626505,AAPL,842,123,46.7599983215332,45.40999984741211,1.0
2016-07-11,22.058439254760742,22.21083266988661,22.001575884758644,22.006124190812585,95179600,0.0031029036617542527,AAPL,839,120,46.25,44.7599983215332,1.0
2016-07-12,22.158519744873047,22.222206447769825,22.090284735483287,22.101656369381995,96670000,0.004537061256077113,AAPL,838,119,48.470001220703125,46.79999923706055,1.0
2016-07-13,22.033416748046875,22.21537847033125,22.02659168673724,22.1562418216382,103568800,-0.005645819227393045,AAPL,837,118,46.2599983215332,44.75,1.0
2016-07-14,22.47013282775879,22.51562283636797,22.135775884950267,22.151697561496743,155676000,0.019820624495319183,AAPL,836,117,47.369998931884766,45.68000030517578,1.0
2016-07-15,22.46784782409668,22.58612457046146,22.404161146207255,22.499691163041394,120548000,-0.00010169070559684634,AAPL,835,116,47.61000061035156,45.95000076293945,1.0
2016-07-18,22.706680297851562,22.774915297565876,22.42691176655933,22.4496567664641,145975600,0.010629966680597569,AAPL,832,113,46.959999084472656,45.2400016784668,1.0
2016-07-19,22.715774536132812,22.74534285712758,22.595222761311202,22.645262793249994,95119600,0.000400509372658453,AAPL,831,112,46.65999984741211,44.650001525878906,1.0
2016-07-20,22.736242294311523,22.84996899750556,22.686202267253066,22.74534063880686,105104000,0.0009010372129796274,AAPL,830,111,47.16999816894531,44.939998626708984,1.0
2016-07-21,22.615703582763672,22.972805540062225,22.547466832571022,22.706685337909654,130808000,-0.005301610969285386,AAPL,829,110,46.20000076293945,44.75,1.0
2016-07-22,22.440561294555664,22.58613138373862,22.360951187847068,22.577033036248142,113254800,-0.007744277668261024,AAPL,828,109,45.689998626708984,44.189998626708984,1.0
2016-07-25,22.140317916870117,22.48149809074257,22.044787884665535,22.34730138864548,161531600,-0.013379495002132091,AAPL,825,106,44.720001220703125,43.130001068115234,1.0
2016-07-26,21.98792839050293,22.28361862067683,21.931065018187365,22.022046760958748,224959200,-0.00688289693668187,AAPL,824,105,44.869998931884766,42.91999816894531,1.0
2016-07-27,23.41633415222168,23.734769358782028,23.37084415214117,23.716572664616915,369379200,0.06496318053935957,AAPL,823,104,43.470001220703125,41.91999816894531,1.0
2016-07-28,23.732501983642578,23.75752201234678,23.386773359789792,23.3890483811264,159479200,0.013502020827239614,AAPL,822,103,42.70000076293945,41.13999938964844,1.0
2016-07-29,23.70292854309082,23.780263633885653,23.5823784682039,23.698380236729925,110934800,-0.001246115583268037,AAPL,821,102,42.459999084472656,41.599998474121094,1.0
2016-08-01,24.121440887451172,24.144185887101667,23.748417340119882,23.748417340119882,152671600,0.017656566934314277,AAPL,818,99,42.45000076293945,40.060001373291016,1.0
2016-08-02,23.764328002929688,24.125978015210073,23.655149625726654,24.121429711520186,135266400,-0.014804790733179973,AAPL,817,98,41.79999923706055,39.5099983215332,1.0
2016-08-03,24.062305450439453,24.073677083992887,23.830301913693987,23.839400261736206,120810400,0.012538854348123296,AAPL,816,97,43.099998474121094,40.83000183105469,1.0
2016-08-04,24.210954666137695,24.24068317778002,24.076029201566065,24.144635606566332,109634800,0.006177679690934523,AAPL,815,96,44.290000915527344,41.93000030517578,1.0
2016-08-05,24.579132080078125,24.618008218125887,24.28184006560408,24.30242093466482,162213600,0.015207058912690252,AAPL,814,95,44.27000045776367,41.79999923706055,1.0
2016-08-08,24.78266143798828,24.78266143798828,24.505952045252684,24.58827726386482,112148800,0.008280575459176598,AAPL,811,92,45.38999938964844,43.02000045776367,1.0
2016-08-09,24.883283615112305,24.91301386456508,24.70033615226784,24.750647271588278,105260800,0.0040601844711394275,AAPL,810,91,44.97999954223633,42.77000045776367,1.0
2016-08-10,24.698047637939453,24.903865050535522,24.643163576158123,24.860414223228336,96034000,-0.007444193460880433,AAPL,809,90,44.04999923706055,41.709999084472656,1.0
2016-08-11,24.682039260864258,24.910724882944077,24.663743992361994,24.81696294041959,109938000,-0.0006481636649936506,AAPL,808,89,46.040000915527344,43.4900016784668,1.0
2016-08-12,24.739212036132812,24.798670789690842,24.647737433289596,24.647737433289596,74641600,0.0023163716200389484,AAPL,807,88,46.970001220703125,44.4900016784668,1.0
2016-08-15,25.0364990234375,25.050219600447747,24.71633885024859,24.730059427258837,103472800,0.012016833311848663,AAPL,804,85,48.349998474121094,45.7400016784668,1.0
2016-08-16,25.013633728027344,25.208017910453925,24.97475758943519,25.070805135862713,135177600,-0.0009132784655215831,AAPL,803,84,49.22999954223633,46.58000183105469,1.0
2016-08-17,24.977048873901367,25.01135207295981,24.775804369949526,24.949605965707974,101424000,-0.001462596539301808,AAPL,802,83,49.849998474121094,46.790000915527344,1.0
2016-08-18,24.94502830505371,25.063944061948497,24.931305981184153,24.97933149762833,87938800,-0.0012819996873655315,AAPL,801,82,50.88999938964844,48.220001220703125,1.0
2016-08-19,25.009065628051758,25.084532319750394,24.780379952407344,24.874140172160267,101472400,0.0025671377163791753,AAPL,800,81,50.880001068115234,48.52000045776367,1.0
2016-08-22,24.814678192138672,24.94960187632509,24.663744838913637,24.8947178136673,103280800,-0.007772678867900118,AAPL,797,78,49.15999984741211,47.04999923706055,1.0
2016-08-23,24.89242935180664,24.99991187220738,24.819250023302512,24.83297060216803,85030800,0.0031332729389415004,AAPL,796,77,49.959999084472656,48.099998474121094,1.0
2016-08-24,24.704912185668945,24.86956614412529,24.624872551622992,24.828402654511205,94700400,-0.007533100264642711,AAPL,795,76,49.04999923706055,46.77000045776367,1.0
2016-08-25,24.599706649780273,24.670598618035257,24.396176632433917,24.558543177466827,100344800,-0.004258486534904571,AAPL,794,75,49.66999816894531,47.33000183105469,1.0
2016-08-26,24.45564079284668,24.686612013138745,24.311567735430735,24.563123313543393,111065200,-0.005856405484204408,AAPL,793,74,49.91999816894531,47.63999938964844,1.0
2016-08-29,24.428197860717773,24.56998357323382,24.306994761264573,24.382461434606956,99881200,-0.0011221514235248975,AAPL,790,71,49.2599983215332,46.97999954223633,1.0
2016-08-30,24.24068260192871,24.35502544439064,24.126339759466784,24.194946162837265,99455600,-0.007676180611366323,AAPL,789,70,48.369998931884766,46.349998474121094,1.0
2016-08-31,24.263545989990234,24.371028519659294,24.158350805240275,24.16292549507847,118649600,0.0009431825182886211,AAPL,788,69,47.040000915527344,44.70000076293945,1.0
2016-09-01,24.407621383666992,24.423629310159114,24.153780160196813,24.272695936319277,106806000,0.005937936430899127,AAPL,787,68,47.04999923706055,43.15999984741211,1.0
2016-09-02,24.636301040649414,24.698045386433105,24.428196302236472,24.629439006911042,107210000,0.009369190605990285,AAPL,786,67,46.83000183105469,44.439998626708984,1.0
2016-09-06,24.629440307617188,24.766653073907662,24.58599122670915,24.67517847795828,107521600,-0.00027848064613700263,AAPL,782,63,47.2599983215332,44.83000183105469,1.0
2016-09-07,24.780376434326172,24.871851040543895,24.48537174525884,24.659173322599212,169457200,0.00612828082261796,AAPL,781,62,47.97999954223633,45.5,1.0
2016-09-08,24.13090705871582,24.53110691368357,24.066875361078246,24.526533968737844,212008000,-0.026209019759308227,AAPL,780,61,49.9900016784668,47.619998931884766,1.0
2016-09-09,23.584346771240234,24.176643419452514,23.584346771240234,23.92966253730841,186228000,-0.022649802850165712,AAPL,779,60,48.0099983215332,45.880001068115234,1.0
2016-09-12,24.112613677978516,24.176645375997897,23.447137649135108,23.47458055317181,181171200,0.022399047633681946,AAPL,776,57,48.31999969482422,46.290000915527344,1.0
2016-09-13,24.686613082885742,24.878709919520208,24.52424649480716,24.585992592013305,248704800,0.023804943444660553,AAPL,775,56,47.099998474121094,44.900001525878906,1.0
2016-09-14,25.5601863861084,25.848330704049054,24.835253519727296,24.864983761613257,443554800,0.03538651901294099,AAPL,774,55,45.849998474121094,43.58000183105469,1.0
2016-09-15,26.429201126098633,26.465791668436328,25.953534544107114,26.038148864713218,359934400,0.033998763814278465,AAPL,773,54,46.59000015258789,43.90999984741211,1.0
2016-09-16,26.280553817749023,26.55726323791593,26.079311078918458,26.326291993437565,319547600,-0.0056243587401823,AAPL,772,53,45.77000045776367,43.029998779296875,1.0
2016-09-19,25.974111557006836,26.56869378386153,25.89864488826544,26.342295522370065,188092000,-0.011660418683232865,AAPL,769,50,45.95000076293945,43.29999923706055,1.0
2016-09-20,25.971830368041992,26.09760817908843,25.729424126461364,25.85291459237974,138057200,-8.78254857663574e-05,AAPL,768,49,45.880001068115234,43.439998626708984,1.0
2016-09-21,25.96725082397461,26.06787130250994,25.713409665990444,26.03585545778515,144012800,-0.00017632735169170743,AAPL,767,48,46.83000183105469,45.34000015258789,1.0
2016-09-22,26.211952209472656,26.28513155432334,26.070166465503682,26.15020610131955,124296000,0.009423461388223808,AAPL,766,47,47.650001525878906,46.31999969482422,1.0
2016-09-23,25.775165557861328,26.2508322421979,25.509891047768583,26.166217903386066,209924800,-0.016663644436734404,AAPL,765,46,45.88999938964844,44.47999954223633,1.0
2016-09-26,25.814035415649414,25.930665585095237,25.50988482865758,25.53046569958347,119477600,0.0015080352326284352,AAPL,762,43,47.349998474121094,45.93000030517578,1.0
2016-09-27,25.862058639526367,25.88264125474517,25.69054440654601,25.841477769040566,98429600,0.001860353218847699,AAPL,761,42,45.970001220703125,44.66999816894531,1.0
2016-09-28,26.05872917175293,26.216522828883264,25.939813401197508,25.999272158841745,118564400,0.007604596949060349,AAPL,760,41,48.689998626708984,47.04999923706055,1.0
2016-09-29,25.653959274291992,26.024430698538715,25.567059345276057,25.878072005073324,143548000,-0.015532986846484409,AAPL,759,40,49.2400016784668,47.83000183105469,1.0
2016-09-30,25.852907180786133,25.926086501306653,25.56705018738838,25.717981772641426,145516400,0.007755056612002376,AAPL,758,39,49.060001373291016,48.2400016784668,1.0
2016-10-03,25.73171043395996,25.852915302814093,25.676826362510184,25.7751612689215,86807200,-0.004687934938173766,AAPL,755,36,49.099998474121094,48.810001373291016,1.0
2016-10-04,25.841476440429688,26.141054060318368,25.75686212840585,25.855197020048127,118947200,0.004265787412439659,AAPL,754,35,50.869998931884766,48.689998626708984,1.0
2016-10-05,25.852907180786133,25.992405533142847,25.77058022710897,25.93294678999098,85812400,0.0004423408384885974,AAPL,753,34,51.86000061035156,49.83000183105469,1.0
2016-10-06,26.04500961303711,26.147917461887886,25.87120802334415,26.00155877943059,115117200,0.007430593043468159,AAPL,752,33,52.5099983215332,50.439998626708984,1.0
2016-10-07,26.083877563476562,26.198220357277155,25.958101537135455,26.141048960376857,97433600,0.001492337726763493,AAPL,751,32,51.93000030517578,49.810001373291016,1.0
2016-10-10,26.53896713256836,26.699046370084726,26.234814836554424,26.303419476318798,144944000,0.017447159379747612,AAPL,748,29,51.93000030517578,49.810001373291016,1.0
2016-10-11,26.59613609313965,27.142694539929387,26.573266137254414,26.91629453874083,256164000,0.0021541516776337755,AAPL,747,28,52.40999984741211,50.790000915527344,1.0
2016-10-12,26.833965301513672,26.980325678859092,26.699041645871244,26.83625264585427,150347200,0.008942246630907036,AAPL,746,27,51.810001373291016,50.18000030517578,1.0
2016-10-13,26.75165557861328,26.856850797634966,26.463511090585648,26.708204734659326,140769600,-0.0030673708479360684,AAPL,745,26,52.029998779296875,50.439998626708984,1.0
2016-10-14,26.900291442871094,27.023781898930597,26.785948621860403,26.957462853376438,142608800,0.00555613703312785,AAPL,744,25,51.95000076293945,50.349998474121094,1.0
2016-10-17,26.881990432739258,26.948307715095673,26.705901560360843,26.831679326345423,94499600,-0.0006803275782607532,AAPL,741,22,51.52000045776367,49.939998626708984,1.0
2016-10-18,26.863698959350586,27.032925822688387,26.859124270087737,27.026065533526857,98214000,-0.0006804359756930056,AAPL,740,21,51.68000030517578,50.290000915527344,1.0
2016-10-19,26.783662796020508,26.930021466102616,26.024426540694705,26.813391301128977,80138400,-0.002979342623336656,AAPL,739,20,52.66999816894531,51.599998474121094,1.0
2016-10-20,26.769941329956055,26.843120667344646,26.603001784381934,26.72420489836307,96503200,-0.0005123073034839498,AAPL,738,19,51.380001068115234,50.43000030517578,1.0
2016-10-21,26.664745330810547,26.73563906577721,26.591565995646846,26.71276910594301,92770800,-0.003929631292385105,AAPL,737,18,51.779998779296875,50.849998474121094,1.0
2016-10-24,26.904863357543945,26.925444225731134,26.756217356616183,26.779085569512883,94154800,0.009005074818995151,AAPL,734,15,51.459999084472656,50.52000045776367,1.0
2016-10-25,27.042076110839844,27.06723167005647,26.827111057437026,26.973469723024884,192516000,0.005099923812005747,AAPL,733,14,50.790000915527344,49.959999084472656,-1.0
2016-10-26,26.43377113342285,26.458926692300718,25.912368176196,26.141053806189035,264536800,-0.022494758720583263,AAPL,732,13,49.97999954223633,49.18000030517578,1.0
2016-10-27,26.179933547973633,26.495519111665708,26.093031885777496,26.388036578780813,138248000,-0.009602776091537923,AAPL,731,12,50.470001220703125,49.720001220703125,1.0
2016-10-28,26.006132125854492,26.346873252274538,25.944386023948137,26.040435321943242,151446800,-0.006638726633918179,AAPL,730,11,49.709999084472656,48.70000076293945,1.0
2016-10-31,25.9649658203125,26.12275945834827,25.887211801304716,25.990121378397415,105677600,-0.0015829461045099302,AAPL,727,8,48.29999923706055,46.86000061035156,1.0
2016-11-01,25.49616241455078,26.01756541298802,25.276624401773685,25.94667342040158,175303200,-0.018055229073129397,AAPL,726,7,48.33000183105469,46.66999816894531,1.0
2016-11-02,25.51902961730957,25.692831191466432,25.43670439242786,25.475580532320077,113326800,0.0008968880252244738,AAPL,725,6,46.86000061035156,45.34000015258789,1.0
2016-11-03,25.245502471923828,25.62017331781611,25.181142007961093,25.509841594934596,107730400,-0.010718555896820137,AAPL,724,5,46.349998474121094,44.65999984741211,1.0
2016-11-04,25.017934799194336,25.342037894308067,24.850138160736485,24.946678836590927,123348000,-0.009014186704446758,AAPL,723,4,45.58000183105469,44.06999969482422,1.0
2016-11-07,25.378812789916992,25.401798411417044,25.160445001440227,25.302958660645363,130240000,0.014424771413757087,AAPL,720,1,46.150001525878906,44.88999938964844,1.0
2016-11-08,25.528223037719727,25.67993131308819,25.215613640315656,25.35582822681413,97016800,0.005887203985447842,AAPL,719,0,46.040000915527344,44.97999954223633,1.0
2016-11-09,25.48685073852539,25.587989598793193,24.83634892038631,25.256990967873747,236705600,-0.0016206493939356914,AAPL,718,1455,46.36000061035156,45.27000045776367,1.0
2016-11-10,24.776578903198242,25.53511491087907,24.326054072006432,25.53511491087907,228538000,-0.027868167888373763,AAPL,717,1454,45.84000015258789,44.65999984741211,1.0
2016-11-11,24.92369270324707,25.02483155418706,24.49155700560564,24.62257699264575,136575600,0.005937615545051678,AAPL,716,1453,45.84000015258789,44.65999984741211,1.0
2016-11-14,24.298480987548828,24.781186251376685,23.92381011804779,24.758200620468926,204702000,-0.02508503547778007,AAPL,713,1450,44.43000030517578,43.31999969482422,1.0
2016-11-15,24.62027931213379,24.751299306666837,24.40191323914231,24.496154829888138,129058000,0.013243557272154538,AAPL,712,1449,46.95000076293945,45.810001373291016,1.0
2016-11-16,25.282270431518555,25.33743802767343,24.503046111158728,24.526031732711335,235362000,0.02688804261690536,AAPL,711,1448,46.630001068115234,45.56999969482422,1.0
2016-11-17,25.273075103759766,25.36501934101077,25.015633343885515,25.240894883775486,110528000,-0.0003637065659786165,AAPL,710,1447,46.4900016784668,45.41999816894531,1.0
2016-11-18,25.298364639282227,25.408698095771,25.206422138180844,25.220213162607894,113715600,0.0010006513025673236,AAPL,709,1446,46.86000061035156,45.689998626708984,1.0
2016-11-21,25.682235717773438,25.741998001934082,25.286876589000848,25.312161306796146,117058400,0.015173750713322942,AAPL,706,1443,48.900001525878906,47.4900016784668,1.0
2016-11-22,25.69832420349121,25.84083614527255,25.60637994040234,25.73280176766995,103862000,0.0006264441263825749,AAPL,705,1442,49.119998931884766,48.029998779296875,1.0
2016-11-23,25.567296981811523,25.63165742169981,25.360422886677416,25.597178113562382,109705600,-0.005098667938117418,AAPL,704,1441,48.95000076293945,47.959999084472656,1.0
2016-11-25,25.696022033691406,25.714411234842505,25.50293892898638,25.54431375473098,45903600,0.005034754044256573,AAPL,702,1439,47.2400016784668,46.060001373291016,1.0
2016-11-28,25.64546012878418,25.852334318180123,25.604085290904994,25.613279894177175,108776000,-0.0019676938648687248,AAPL,699,1436,48.2400016784668,47.08000183105469,1.0
2016-11-29,25.620168685913086,25.75118867920456,25.300663759225262,25.4638639786802,114115200,-0.0009861957143325606,AAPL,698,1435,46.380001068115234,45.22999954223633,1.0
2016-11-30,25.404094696044922,25.79025908383354,25.346629767824535,25.6523436068427,144649200,-0.00843374579289824,AAPL,697,1434,50.470001220703125,49.439998626708984,1.0
2016-12-01,25.167346954345703,25.500644689323998,25.061611665429094,25.369624684178312,148347600,-0.00931927488587414,AAPL,696,1433,50.459999084472656,51.060001373291016,1.0
2016-12-02,25.261585235595703,25.30525739275054,25.020231812289612,25.09378685736632,106112000,0.0037444662491024072,AAPL,695,1432,54.459999084472656,51.68000030517578,1.0
2016-12-05,25.079998016357422,25.291468570139198,24.88231848669901,25.284573058077516,137298000,-0.007188274906137271,AAPL,692,1429,54.939998626708984,51.790000915527344,1.0
2016-12-06,25.273075103759766,25.367318429206918,25.09838298204237,25.169638932908928,104782000,0.007698449069908797,AAPL,691,1428,53.93000030517578,50.93000030517578,1.0
2016-12-07,25.521329879760742,25.55810828458429,25.09149323395342,25.114478860122706,119994800,0.009822895511597096,AAPL,690,1427,53.0,49.77000045776367,1.0
2016-12-08,25.771879196166992,25.84313516687226,25.422491348076566,25.482255381982473,108273200,0.009817251592556753,AAPL,689,1426,53.88999938964844,50.84000015258789,1.0
2016-12-09,26.192520141601562,26.364914969441042,25.81555025835451,25.81555025835451,137610400,0.016321702512757774,AAPL,688,1425,54.33000183105469,51.5,1.0
2016-12-12,26.043106079101562,26.433866888145808,25.856918519814695,26.040806990947534,105497600,-0.005704455382385509,AAPL,685,1422,55.689998626708984,52.83000183105469,1.0
2016-12-13,26.47755241394043,26.64534909532083,26.146553722123137,26.16724026351612,174935200,0.016681817196432247,AAPL,684,1421,55.720001220703125,52.97999954223633,1.0
2016-12-14,26.47755241394043,26.709709562353925,26.42928206366561,26.443073091260928,136127200,0.0,AAPL,683,1420,53.900001525878906,51.040000915527344,1.0
2016-12-15,26.62235450744629,26.83152770861694,26.48673810521173,26.521215662599765,186098000,0.005468862500660032,AAPL,682,1419,54.02000045776367,50.900001525878906,1.0
2016-12-16,26.656835556030273,26.77866094325025,26.583280505990434,26.771765431323193,177404400,0.0012951915494303634,AAPL,681,1418,55.209999084472656,51.900001525878906,1.0
2016-12-19,26.810840606689453,26.98093632752822,26.60626557324657,26.617759262011504,111117600,0.005777319304666628,AAPL,678,1415,54.91999816894531,52.119998931884766,1.0
2016-12-20,26.88210105895996,27.008524641738106,26.82003968885404,26.833830714724026,85700000,0.0026578969796540175,AAPL,677,1414,55.349998474121094,52.22999954223633,1.0
2016-12-21,26.907384872436523,26.985538108355716,26.843024415615375,26.8476225932117,95132800,0.0009405445437880022,AAPL,676,1413,54.459999084472656,52.4900016784668,1.0
2016-12-22,26.730392456054688,26.78096188527395,26.580983257095284,26.74418348086327,104343600,-0.0065778379140495336,AAPL,675,1412,55.04999923706055,52.95000076293945,1.0
2016-12-23,26.783254623413086,26.783254623413086,26.56948500711558,26.56948500711558,56998000,0.0019776053585933706,AAPL,674,1411,55.15999984741211,53.02000045776367,1.0
2016-12-27,26.953350067138672,27.07747452089635,26.776357108493485,26.783252619198286,73187600,0.00635081307769414,AAPL,670,1407,56.09000015258789,53.900001525878906,1.0
2016-12-28,26.838424682617188,27.128046702602873,26.709702031155068,27.01311682853819,83623600,-0.004263862719669831,AAPL,669,1406,56.220001220703125,54.060001373291016,1.0
2016-12-29,26.83152961730957,26.918875691723734,26.755675478278704,26.767167413662005,60158000,-0.0002569102094909237,AAPL,668,1405,56.13999938964844,53.77000045776367,1.0
2016-12-30,26.62235450744629,26.939560311250457,26.532709350856184,26.813138508882915,122345200,-0.007795869741557215,AAPL,667,1404,56.130001068115234,53.720001220703125,1.0
2017-01-03,26.698217391967773,26.73959222808547,26.378712395049902,26.61776680887536,115127600,0.0028495933558492226,AAPL,663,1400,55.470001220703125,52.33000183105469,1.0
2017-01-04,26.6683292388916,26.780961786716674,26.606267873790532,26.629253499617192,84472400,-0.0011194812236851037,AAPL,662,1399,56.459999084472656,53.2599983215332,1.0
2017-01-05,26.80394744873047,26.861412390220124,26.620058934487233,26.645343649037947,88774400,0.005085365814409215,AAPL,661,1398,56.88999938964844,53.7599983215332,1.0
2017-01-06,27.102764129638672,27.160229067489293,26.771765526438056,26.843021488191795,127007600,0.01114823409797272,AAPL,660,1397,57.099998474121094,53.9900016784668,1.0
2017-01-09,27.351016998291016,27.452155871055513,27.109665261499952,27.111962596832893,134247600,0.00915968819508195,AAPL,657,1394,54.939998626708984,51.959999084472656,1.0
2017-01-10,27.37859535217285,27.440656713931567,27.192409513205952,27.300442124142183,97848400,0.0010083118256098977,AAPL,656,1393,53.63999938964844,50.81999969482422,1.0
2017-01-11,27.525711059570312,27.567085893732344,27.261371938740186,27.293552170456085,110354400,0.0053733840434506686,AAPL,655,1392,55.099998474121094,52.25,1.0
2017-01-12,27.410776138305664,27.422269827680637,27.17172177957063,27.330325573753196,108344800,-0.00417554776390372,AAPL,654,1391,56.0099983215332,53.0099983215332,1.0
2017-01-13,27.362506866455078,27.49582595216352,27.309638348435918,27.378596979992935,104447600,-0.0017609596899786917,AAPL,653,1390,55.45000076293945,52.369998931884766,1.0
2017-01-17,27.583175659179688,27.638341519464547,27.174025500825763,27.201607554122653,137759200,0.00806464092641801,AAPL,649,1386,55.470001220703125,52.47999954223633,1.0
2017-01-18,27.580869674682617,27.698098632959226,27.51650922815919,27.583168763112923,94852000,-8.360112430716438e-05,AAPL,648,1385,53.91999816894531,51.08000183105469,1.0
2017-01-19,27.53260040283203,27.603856363706946,27.4383588178385,27.445254329705012,102389200,-0.0017500997038861765,AAPL,647,1384,54.15999984741211,51.369998931884766,1.0
2017-01-20,27.583175659179688,27.68661186642518,27.521114285570608,27.68661186642518,130391600,0.0018369226156513818,AAPL,646,1383,55.4900016784668,52.41999816894531,1.0
2017-01-23,27.601560592651367,27.76935723654545,27.53030287404862,27.58317139083835,88200800,0.0006665270779131482,AAPL,643,1380,55.22999954223633,52.75,1.0
2017-01-24,27.576274871826172,27.606156008413322,27.468240507232313,27.47973419636854,92844000,-0.0009160975061651699,AAPL,642,1379,55.439998626708984,53.18000030517578,1.0
2017-01-25,28.015308380126953,28.06587781055767,27.647533095663874,27.679713323448713,129510400,0.015920696698208836,AAPL,641,1378,55.08000183105469,52.75,1.0
2017-01-26,28.029104232788086,28.144034131392345,27.950950989817827,27.96704110547478,105350400,0.0004924397930567981,AAPL,640,1377,56.2400016784668,53.779998779296875,1.0
2017-01-27,28.031394958496094,28.123339206437908,27.950944399181004,28.075068870848856,82251600,8.172668270023387e-05,AAPL,639,1376,55.52000045776367,53.16999816894531,1.0
2017-01-30,27.957839965820312,27.957839965820312,27.734877487763406,27.796938846873953,121510000,-0.002624021843532498,AAPL,636,1373,55.22999954223633,52.630001068115234,1.0
2017-01-31,27.893476486206055,27.90267108538791,27.725679873785957,27.847505243987243,196804000,-0.002302162101683991,AAPL,635,1372,55.70000076293945,52.810001373291016,1.0
2017-02-01,29.59444808959961,29.994405388574847,29.194492544315402,29.19908896851109,447940000,0.06098098256897888,AAPL,634,1371,55.65999984741211,53.880001068115234,1.0
2017-02-02,29.543874740600586,29.741554274953458,29.37147992020151,29.417452924522408,134841600,-0.00170887961302435,AAPL,633,1370,56.560001373291016,53.540000915527344,1.0
2017-02-03,29.670299530029297,29.695584245022474,29.458828962532614,29.493306525077063,98029200,0.004279221684316603,AAPL,632,1369,56.810001373291016,53.83000183105469,1.0
2017-02-06,29.948423385620117,29.99669547330766,29.62891849367094,29.681788758133777,107383600,0.009373813544057086,AAPL,629,1366,55.720001220703125,53.0099983215332,1.0
2017-02-07,30.23345184326172,30.36217273870168,29.98520289889264,30.00588943407806,152735200,0.009517310943936375,AAPL,628,1365,55.04999923706055,52.16999816894531,1.0
2017-02-08,30.35068702697754,30.39206361560457,30.1622038112254,30.192086708157017,92016400,0.0038776645261546783,AAPL,627,1364,55.119998931884766,52.34000015258789,1.0
2017-02-09,30.569992065429688,30.57691747290408,30.26987815871774,30.392231720882286,113399600,0.007225702609539475,AAPL,626,1363,55.630001068115234,53.0,1.0
2017-02-10,30.500734329223633,30.690038192895667,30.484576219386202,30.579228151222217,80262000,-0.0022655464240167733,AAPL,625,1362,56.70000076293945,53.86000061035156,1.0
2017-02-13,30.770841598510742,30.893198705813756,30.646180718408644,30.722363737255407,92141600,0.008855762827595592,AAPL,622,1359,55.59000015258789,52.93000030517578,1.0
2017-02-14,31.170225143432617,31.186383256072688,30.76160842049049,30.812397098939268,132904800,0.012979285719023181,AAPL,621,1358,55.970001220703125,53.20000076293945,1.0
2017-02-15,31.283349990844727,31.45880311207784,31.077887932497394,31.28566080933832,142492400,0.003629259875139068,AAPL,620,1357,55.75,53.11000061035156,1.0
2017-02-16,31.246402740478516,31.37337089198569,31.12866376877793,31.32027492739609,90338400,-0.0011810515938038835,AAPL,619,1356,55.650001525878906,53.36000061035156,1.0
2017-02-17,31.331823348999023,31.357217687790786,31.188693542675402,31.188693542675402,88792800,0.0027337741637007973,AAPL,618,1355,55.810001373291016,53.400001525878906,1.0
2017-02-21,31.558042526245117,31.569586041015,31.391825776799976,31.44953982806326,98028800,0.007220108920131585,AAPL,614,1351,56.65999984741211,54.060001373291016,1.0
2017-02-22,31.652719497680664,31.655026793428508,31.42186310969454,31.495735322103858,83347600,0.0030000901151208126,AAPL,613,1350,55.84000015258789,53.59000015258789,1.0
2017-02-23,31.518814086914062,31.738126893348525,31.465718117955575,31.715043374169532,83152800,-0.004230455167569813,AAPL,612,1349,56.58000183105469,54.45000076293945,1.0
2017-02-24,31.548831939697266,31.548831939697262,31.230249026210306,31.375689664556717,87106400,0.000952378877594473,AAPL,611,1348,55.9900016784668,53.9900016784668,1.0
2017-02-27,31.611160278320312,31.728899278590717,31.46110505053433,31.659641664770813,81029600,0.0019756147784546485,AAPL,608,1345,55.93000030517578,54.04999923706055,1.0
2017-02-28,31.625001907348633,31.72888652502733,31.55805161595121,31.64577812636694,93931600,0.0004378715904904684,AAPL,607,1344,55.59000015258789,54.0099983215332,1.0
2017-03-01,32.27140808105469,32.35451650915443,31.76583562625202,31.832782418776734,145658400,0.02043971967495284,AAPL,606,1343,55.599998474121094,53.83000183105469,1.0
2017-03-02,32.07979965209961,32.38452819956247,32.03362556445187,32.31988870396161,104844000,-0.005937405286866482,AAPL,605,1342,55.08000183105469,52.61000061035156,1.0
2017-03-03,32.269100189208984,32.280643711179444,31.994380570218482,32.038243840153214,84432400,0.005900926413578311,AAPL,604,1341,55.900001525878906,53.33000183105469,1.0
2017-03-06,32.16751480102539,32.26678483808141,31.996683399830648,32.17444020796099,87000000,-0.0031480700604588074,AAPL,601,1338,56.0099983215332,53.20000076293945,1.0
2017-03-07,32.20907211303711,32.315264038884955,32.040544476985474,32.102876664601666,69785200,0.0012919030975433454,AAPL,600,1337,55.91999816894531,53.13999938964844,1.0
2017-03-08,32.08903121948242,32.27371699576687,32.047478769177225,32.07748769797936,74828800,-0.003726928026160037,AAPL,599,1336,53.11000061035156,50.279998779296875,1.0
2017-03-09,32.015167236328125,32.04056158390887,31.638873660018298,32.02902158076356,88623600,-0.002301845220850751,AAPL,598,1335,52.189998626708984,49.279998779296875,1.0
2017-03-10,32.12135314941406,32.17214182940908,32.0059249717142,32.14674748941157,78451200,0.003316737729404995,AAPL,597,1334,51.369998931884766,48.4900016784668,1.0
2017-03-13,32.13520050048828,32.18829647017765,32.04747749025978,32.054402898367606,69686800,0.000431094886003347,AAPL,594,1331,51.349998474121094,48.400001525878906,1.0
2017-03-14,32.086734771728516,32.23909733027807,32.05210419551182,32.158299697617885,61236400,-0.0015081819314937128,AAPL,593,1330,50.91999816894531,47.720001220703125,1.0
2017-03-15,32.42606735229492,32.49301410851295,32.09594111433202,32.18366760824698,102767200,0.010575478713570785,AAPL,592,1329,51.810001373291016,48.86000061035156,1.0
2017-03-16,32.47917938232422,32.55536239804194,32.379909323326615,32.486104790790534,76928000,0.001637942382967994,AAPL,591,1328,51.7400016784668,48.75,1.0
2017-03-17,32.31757354736328,32.55073713387873,32.294486509155334,32.55073713387873,175540000,-0.004975674817969233,AAPL,590,1327,51.7599983215332,48.779998779296875,1.0
2017-03-20,32.65693664550781,32.666169348388465,32.37298083505005,32.41222598682167,86168000,0.010500884221619433,AAPL,587,1324,51.619998931884766,48.220001220703125,1.0
2017-03-21,32.28293991088867,32.966276019169946,32.257545580317036,32.80698462945579,158119600,-0.01145229078522847,AAPL,586,1323,50.959999084472656,47.34000015258789,1.0
2017-03-22,32.647701263427734,32.68925723393395,32.26447891610455,32.28525866265166,103440800,0.011298888934710538,AAPL,585,1322,50.63999938964844,48.040000915527344,1.0
2017-03-23,32.53227233886719,32.684638356177594,32.460707442957485,32.61076264260119,81385200,-0.003535591177742492,AAPL,584,1321,50.560001373291016,47.70000076293945,1.0
2017-03-24,32.46762466430664,32.721567962460696,32.40067789802258,32.666161191248804,89582400,-0.001987185951450088,AAPL,583,1320,50.79999923706055,47.970001220703125,1.0
2017-03-27,32.523033142089844,32.60152343015169,32.00129570624854,32.179056024283945,94300400,0.0017065762696251152,AAPL,580,1317,50.75,47.72999954223633,1.0
2017-03-28,33.1971435546875,33.25254682376394,32.46301853612975,32.52996884971488,133499200,0.020727169254249223,AAPL,579,1316,51.33000183105469,48.369998931884766,1.0
2017-03-29,33.27101135253906,33.35643058537808,33.05631666809547,33.16943400921991,116760000,0.002225125114450721,AAPL,578,1315,52.41999816894531,49.5099983215332,1.0
2017-03-30,33.227142333984375,33.358732103018085,33.12787582548855,33.28716722059789,84829200,-0.0013185357694676103,AAPL,577,1314,52.959999084472656,50.349998474121094,1.0
2017-03-31,33.16481399536133,33.3056364669168,33.01475529996669,33.1786648085328,78646800,-0.001875826033925776,AAPL,576,1313,52.83000183105469,50.599998474121094,1.0
2017-04-03,33.17405700683594,33.27101625175768,33.02400178739265,33.17636782480755,79942800,0.0002786993310410768,AAPL,573,1310,53.119998931884766,50.2400016784668,1.0
2017-04-04,33.42107009887695,33.44877172977211,33.0516985815315,33.07016750965756,79565600,0.007445971772162663,AAPL,572,1309,54.16999816894531,51.029998779296875,1.0
2017-04-05,33.2479248046875,33.58035843522584,33.19944343248918,33.29409535946504,110871600,-0.0051807226302807985,AAPL,571,1308,54.36000061035156,51.150001525878906,1.0
2017-04-06,33.16481399536133,33.36335053685614,33.11633262667388,33.31025105624911,84596000,-0.002499729225640457,AAPL,570,1307,54.88999938964844,51.70000076293945,1.0
2017-04-07,33.090938568115234,33.28485699929098,33.07478046014424,33.18097237706021,66688800,-0.002227524244713841,AAPL,569,1306,55.2400016784668,52.2400016784668,1.0
2017-04-10,33.05170440673828,33.21561397112792,32.98937220365056,33.15097447258824,75733600,-0.0011856466777511177,AAPL,566,1303,55.97999954223633,53.08000183105469,1.0
2017-04-11,32.69618225097656,33.09325540952474,32.33373613194622,32.99860347139208,121517600,-0.010756545302070375,AAPL,565,1302,56.22999954223633,53.400001525878906,1.0
2017-04-12,32.73542785644531,32.816225457301364,32.55304938555892,32.68925729558643,81400000,0.0012003115583190116,AAPL,564,1301,55.86000061035156,53.11000061035156,1.0
2017-04-13,32.562278747558594,32.86931802030271,32.562278747558594,32.76081528773196,71291600,-0.0052893491921360836,AAPL,563,1300,55.88999938964844,53.18000030517578,1.0
2017-04-17,32.74234390258789,32.75388742014903,32.52072034220978,32.661542802246906,66328400,0.00552986959006363,AAPL,559,1296,55.36000061035156,52.650001525878906,1.0
2017-04-18,32.596923828125,32.79084236377597,32.576147597002944,32.64540522333235,58790000,-0.004441345888233639,AAPL,558,1295,54.88999938964844,52.40999984741211,1.0
2017-04-19,32.47687530517578,32.78160743129531,32.4237793217176,32.75390579168043,69313600,-0.003682817543833372,AAPL,557,1294,52.93000030517578,50.439998626708984,1.0
2017-04-20,32.883174896240234,32.99398494389246,32.58767908744237,32.60152990307541,93278400,0.012510427411706715,AAPL,556,1293,52.9900016784668,50.27000045776367,1.0
2017-04-21,32.84392547607422,32.93857387812894,32.746966256655696,32.8831706227969,69283600,-0.0011936019040090784,AAPL,555,1292,51.959999084472656,49.619998931884766,1.0
2017-04-24,33.16019821166992,33.23176309980541,33.05400276558699,33.12787847113817,68537200,0.009629565620166147,AAPL,552,1289,51.599998474121094,49.22999954223633,1.0
2017-04-25,33.36567687988281,33.451092624928684,33.2133108028367,33.2225470319488,75486000,0.006196545234780304,AAPL,551,1288,52.099998474121094,49.560001373291016,1.0
2017-04-26,33.16943359375,33.38182450307761,33.10017951743427,33.35181205494892,80164800,-0.005881591637996508,AAPL,550,1287,51.81999969482422,49.619998931884766,1.0
2017-04-27,33.19483184814453,33.280251089997954,33.08402179036965,33.224844299816404,56985200,0.0007657126348794563,AAPL,549,1286,51.439998626708984,48.970001220703125,1.0
2017-04-28,33.162506103515625,33.31256481214759,33.074783104828754,33.264083439183395,83441600,-0.0009738185985331826,AAPL,548,1285,51.72999954223633,49.33000183105469,1.0
2017-05-01,33.83892822265625,33.98205804941861,33.46494201848943,33.497261770422504,134411600,0.020397195466144602,AAPL,545,1282,51.52000045776367,48.84000015258789,1.0
2017-05-02,34.053619384765625,34.187516492302215,33.898946050866904,34.060544793553,181408800,0.0063445024232662295,AAPL,544,1281,50.459999084472656,47.65999984741211,1.0
2017-05-03,33.94972610473633,34.04899614311443,33.305638593035376,33.61036707002252,182788000,-0.0030508733552057077,AAPL,543,1280,50.790000915527344,47.81999969482422,1.0
2017-05-04,33.82737350463867,33.96819598915599,33.66115668610716,33.825066209760145,93487600,-0.0036039348217477007,AAPL,542,1279,48.380001068115234,45.52000045776367,1.0
2017-05-05,34.388362884521484,34.39297747518254,33.88047610474246,33.88047610474246,109310800,0.01658388818765033,AAPL,541,1278,49.099998474121094,46.220001220703125,1.0
2017-05-08,35.323326110839844,35.48261754362255,34.40451889529334,34.40451889529334,195009600,0.027188361058595012,AAPL,538,1275,49.34000015258789,46.43000030517578,1.0
2017-05-09,35.5495719909668,35.755034009575716,35.42490758445576,35.5218668325263,156521600,0.006404999331518946,AAPL,537,1274,48.72999954223633,45.880001068115234,1.0
2017-05-10,35.38104248046875,35.53802662820742,35.11555909039869,35.466461724236616,103222800,-0.004740690282877935,AAPL,536,1273,50.220001220703125,47.33000183105469,1.0
2017-05-11,35.687034606933594,35.7148541231763,35.3068675648166,35.33932071949261,109020400,0.008648476839927977,AAPL,535,1272,50.77000045776367,47.83000183105469,1.0
2017-05-12,36.1854362487793,36.2596133918349,35.85394708203751,35.86090107866367,130108000,0.013965902388226814,AAPL,534,1271,50.84000015258789,47.84000015258789,1.0
2017-05-15,36.092689514160156,36.31290753319906,35.942014958272345,36.164549795802884,104038800,-0.002563095660405912,AAPL,531,1268,51.81999969482422,48.849998474121094,1.0
2017-05-16,36.03937530517578,36.17614187932493,35.865518411455746,36.148325908210545,80194000,-0.0014771470262269215,AAPL,530,1267,51.650001525878906,48.65999984741211,1.0
2017-05-17,34.82933807373047,35.8307556815588,34.70416264131606,35.60590043731387,203070800,-0.033575421915582826,AAPL,529,1266,52.209999084472656,49.06999969482422,1.0
2017-05-18,35.360191345214844,35.5456395045959,35.03334289936223,35.06579606196921,134272800,0.015241554989090078,AAPL,528,1265,52.5099983215332,49.349998474121094,1.0
2017-05-19,35.480735778808594,35.693999939725884,35.38105946390223,35.554916462847494,107843200,0.003409043588505911,AAPL,527,1264,53.61000061035156,50.33000183105469,1.0
2017-05-22,35.69630813598633,35.83307474631924,35.44595371833895,35.698624955149626,91865600,0.006075757800560799,AAPL,524,1261,53.869998931884766,50.72999954223633,1.0
2017-05-23,35.65227508544922,35.90726322205198,35.53868724221759,35.90726322205198,79675600,-0.0012335463479686837,AAPL,523,1260,54.150001525878906,51.470001220703125,1.0
2017-05-24,35.545623779296875,35.73802585003768,35.3903120314495,35.661528385492936,76712000,-0.0029914305860349044,AAPL,522,1259,53.959999084472656,51.36000061035156,1.0
2017-05-25,35.66847610473633,35.77974705384383,35.47375724948908,35.63602296219512,76942400,0.0034561870738925027,AAPL,521,1258,51.459999084472656,48.900001525878906,1.0
2017-05-26,35.608219146728516,35.75426010657202,35.53867566408264,35.69862461302962,87710400,-0.0016893617162357932,AAPL,520,1257,52.150001525878906,49.79999923706055,1.0
2017-05-30,35.62213134765625,35.79830512567792,35.54331704199883,35.5641790281207,80507600,0.0003907019576128157,AAPL,516,1253,51.84000015258789,49.65999984741211,1.0
2017-05-31,35.41118240356445,35.73803431940695,35.32309728722757,35.69167317336722,97804800,-0.005921850717831245,AAPL,515,1252,50.310001373291016,48.31999969482422,1.0
2017-06-01,35.508522033691406,35.543295526640684,35.28598724217365,35.50620521567881,65616400,0.0027488387430167904,AAPL,514,1251,50.33000183105469,48.36000061035156,1.0
2017-06-02,36.03474044799805,36.03474044799805,35.44130944521617,35.60125836366381,111082800,0.014819496396029974,AAPL,513,1250,49.95000076293945,47.65999984741211,1.0
2017-06-05,35.68240737915039,35.80294921746472,35.573460251537504,35.77745005045841,101326800,-0.009777594190143013,AAPL,510,1247,49.470001220703125,47.400001525878906,1.0
2017-06-06,35.802940368652344,36.11820111139011,35.647628585137745,35.6754445651318,106499600,0.003377938831906846,AAPL,509,1246,50.119998931884766,48.189998626708984,1.0
2017-06-07,36.01619338989258,36.15759713991396,35.809883348431306,35.935062294156516,84278400,0.005956299092879869,AAPL,508,1245,48.060001373291016,45.720001220703125,1.0
2017-06-08,35.92811584472656,36.055608098669595,35.79134570314363,35.98838497453833,85003200,-0.002445498451558503,AAPL,507,1244,47.86000061035156,45.63999938964844,1.0
2017-06-09,34.534934997558594,35.974471743082624,33.84878171909158,35.974471743082624,259530800,-0.03877689699034015,AAPL,506,1243,48.150001525878906,45.83000183105469,1.0
2017-06-12,33.70969772338867,33.86500948267044,33.035132016753906,33.78387837463687,289229200,-0.023895723974238336,AAPL,503,1240,48.290000915527344,46.08000183105469,1.0
2017-06-13,33.98091125488281,34.180267317025965,33.64710542644517,34.113044202442644,136661600,0.00804556403085055,AAPL,502,1239,48.720001220703125,46.459999084472656,1.0
2017-06-14,33.649417877197266,34.191850452413206,33.34342809397165,34.191850452413206,126124800,-0.009755282170012869,AAPL,501,1238,47.0,44.72999954223633,1.0
2017-06-15,33.44775390625,33.49179822808416,32.96559379650848,33.22290219610901,128661600,-0.0059930894401570844,AAPL,500,1237,46.91999816894531,44.459999084472656,1.0
2017-06-16,32.979496002197266,33.49642952980472,32.963267660313086,33.32952662218773,201444400,-0.013999681573991674,AAPL,499,1236,47.369998931884766,44.7400016784668,1.0
2017-06-19,33.92296600341797,34.01569182899518,33.30171888912925,33.30171888912925,130165600,0.028607774999285684,AAPL,496,1233,46.90999984741211,44.20000076293945,1.0
2017-06-20,33.61465072631836,34.04581597861936,33.59842592166932,34.04581597861936,99600400,-0.009088688679773638,AAPL,495,1232,46.02000045776367,43.22999954223633,1.0
2017-06-21,33.81400680541992,33.86037147503061,33.52192848736202,33.732875707856564,85063200,0.0059306306861452995,AAPL,494,1231,44.81999969482422,42.529998779296875,1.0
2017-06-22,33.75838088989258,34.00641493839107,33.64015591325134,33.79083404213897,76425200,-0.0016450554306515208,AAPL,493,1230,45.220001220703125,42.7400016784668,1.0
2017-06-23,33.909053802490234,34.11304705629635,33.637837428477,33.642474603462084,141757600,0.004463274263333261,AAPL,492,1229,45.540000915527344,43.0099983215332,1.0
2017-06-26,33.80241775512695,34.37266638125484,33.70042114567253,34.11535803908664,102769600,-0.003144766232181073,AAPL,489,1226,45.83000183105469,43.380001068115234,1.0
2017-06-27,33.317935943603516,33.88123414935827,33.292436789645436,33.61465144213694,99047600,-0.014332756166530514,AAPL,488,1225,46.650001525878906,44.2400016784668,1.0
2017-06-28,33.80473709106445,33.869643386073044,33.18580693265038,33.49411360250508,88329600,0.014610783461644683,AAPL,487,1224,47.310001373291016,44.7400016784668,1.0
2017-06-29,33.30634307861328,33.6424692374205,32.98181162398346,33.54510980103156,125997600,-0.014743318698458685,AAPL,486,1223,47.41999816894531,44.93000030517578,1.0
2017-06-30,33.38515853881836,33.60305973033516,33.32952306317769,33.484834786739654,92096400,0.0023663798820257043,AAPL,485,1222,47.91999816894531,46.040000915527344,1.0
2017-07-03,33.264610290527344,33.68186743365266,33.17188805300022,33.5845080231112,57111200,-0.003610833483113418,AAPL,482,1219,49.68000030517578,47.06999969482422,1.0
2017-07-05,33.4013786315918,33.563644324585276,33.08380123693835,33.30865638906033,86278400,0.004111526931172227,AAPL,480,1217,47.790000915527344,45.130001068115234,1.0
2017-07-06,33.08613586425781,33.26462999119196,33.01195873773074,33.15336253283698,96515200,-0.00943801664030175,AAPL,479,1216,48.11000061035156,45.52000045776367,1.0
2017-07-07,33.4222412109375,33.5543741229212,33.12552578491049,33.12552578491049,76806800,0.010158495028208314,AAPL,478,1215,46.709999084472656,44.22999954223633,1.0
2017-07-10,33.62624740600586,33.832557485774224,33.234489228921056,33.406029337936204,84362400,0.006103905294106982,AAPL,475,1212,46.880001068115234,44.400001525878906,1.0
2017-07-11,33.735191345214844,33.809371984292305,33.46861218992629,33.549743284648756,79127200,0.0032398482617934654,AAPL,474,1211,47.52000045776367,45.040000915527344,1.0
2017-07-12,33.78387451171875,33.885867589830724,33.57061046945743,33.814007302855764,99538000,0.001443097387701986,AAPL,473,1210,47.7400016784668,45.4900016784668,1.0
2017-07-13,34.254451751708984,34.42135468439262,33.71433580804226,33.72824379624453,100797600,0.013929048896597296,AAPL,472,1209,48.41999816894531,46.08000183105469,1.0
2017-07-14,34.5488395690918,34.61606621390877,34.15244784131849,34.300805579062285,80528400,0.008594147689668485,AAPL,471,1208,48.90999984741211,46.540000915527344,1.0
2017-07-17,34.66938400268555,34.980007487299616,34.4398951543656,34.49784745539633,95174000,0.003489102241847508,AAPL,468,1205,48.41999816894531,46.02000045776367,1.0
2017-07-18,34.78993225097656,34.80152342076449,34.46308036345037,34.585938981519924,71475200,0.0034770807661790304,AAPL,467,1204,48.84000015258789,46.400001525878906,1.0
2017-07-19,35.00782775878906,35.10055002760471,34.759790207159064,34.882648805047324,83692000,0.006263177123789321,AAPL,466,1203,49.70000076293945,47.119998931884766,1.0
2017-07-20,34.85020446777344,35.17473956492999,34.81543449245928,35.11910406729863,68974800,-0.0045025156116992315,AAPL,465,1202,49.29999923706055,46.790000915527344,1.0
2017-07-21,34.8339729309082,34.87338007436318,34.51175825242053,34.76906663143788,105010400,-0.00046575155334438456,AAPL,464,1201,48.060001373291016,45.77000045776367,1.0
2017-07-24,35.255855560302734,35.33699018406429,34.74819291574987,34.90582498951104,85972800,0.012111240662422196,AAPL,461,1198,48.599998474121094,46.34000015258789,1.0
2017-07-25,35.40653991699219,35.66152792505456,35.188638694216536,35.188638694216536,75415600,0.004274023542889749,AAPL,460,1197,50.20000076293945,47.88999938964844,1.0
2017-07-26,35.57344436645508,35.68239144541838,35.480718556415695,35.547945210835245,63124000,0.004713944086436772,AAPL,459,1196,50.970001220703125,48.75,1.0
2017-07-27,34.90119934082031,35.69630689001143,34.145502475929085,35.640671397877796,129905200,-0.018897383641283794,AAPL,458,1195,51.4900016784668,49.040000915527344,1.0
2017-07-28,34.65548324584961,34.82470300976447,34.58362294352118,34.7458887128319,68854800,-0.007040333845585445,AAPL,457,1194,52.52000045776367,49.709999084472656,1.0
2017-07-31,34.47698211669922,34.847878260060725,34.337898715784476,34.748198462467116,79383600,-0.005150732652725809,AAPL,454,1191,52.650001525878906,50.16999816894531,1.0
2017-08-01,34.78297805786133,34.82238520521248,34.402811036036134,34.56275998166212,141474400,0.008875369083243934,AAPL,453,1190,52.630001068115234,49.15999984741211,1.0
2017-08-02,36.4265022277832,37.031524459021355,36.19933017298446,36.9225738380496,279747200,0.04725081812109022,AAPL,452,1189,52.36000061035156,49.59000015258789,1.0
2017-08-03,36.062564849853516,36.44273185865014,35.93506906154069,36.405641531663086,108389200,-0.009991005330512004,AAPL,451,1188,52.0099983215332,49.029998779296875,1.0
2017-08-04,36.25263595581055,36.486761944151176,36.090370244231536,36.17845886071467,82239600,0.005270593113617661,AAPL,450,1187,52.41999816894531,49.58000183105469,1.0
2017-08-07,36.81362533569336,36.8391244939229,36.31755369687816,36.40795916021411,87481200,0.015474443860209686,AAPL,447,1184,52.369998931884766,49.38999938964844,1.0
2017-08-08,37.10802459716797,37.51369077846636,36.688450427022744,36.76494790280871,144823600,0.007997019005600903,AAPL,446,1183,52.13999938964844,49.16999816894531,1.0
2017-08-09,37.335182189941406,37.383863669155325,36.88315504207084,36.91792500070434,104526000,0.006121522103086363,AAPL,445,1182,52.70000076293945,49.560001373291016,1.0
2017-08-10,36.14600372314453,37.23512955823391,35.98542665876166,37.211856181852546,163217200,-0.03185141727036367,AAPL,444,1181,51.900001525878906,48.59000015258789,1.0
2017-08-11,36.64866256713867,36.90232949808078,36.32053080044579,36.443871840263014,105028400,0.013906346268433678,AAPL,443,1180,52.099998474121094,48.81999969482422,1.0
2017-08-14,37.20021057128906,37.28398972674432,36.94421772100424,37.07686953006569,88490800,0.015049607967002387,AAPL,440,1177,50.72999954223633,47.59000015258789,1.0
2017-08-15,37.60747146606445,37.74710103116794,37.267699444045775,37.388714574616245,117862000,0.010947811545177544,AAPL,439,1176,50.79999923706055,47.54999923706055,1.0
2017-08-16,37.456199645996094,37.81924146711986,37.27002335154309,37.686593209871155,110686400,-0.0040223874185442154,AAPL,438,1175,50.27000045776367,46.779998779296875,1.0
2017-08-17,36.73710250854492,37.400354541802336,36.73244712399428,37.356137266116114,111762400,-0.019198347516498293,AAPL,437,1174,51.029998779296875,47.09000015258789,1.0
2017-08-18,36.653316497802734,37.118755437457374,36.47179559541881,36.73709564898126,109712400,-0.0022806918624760364,AAPL,436,1173,52.720001220703125,48.5099983215332,1.0
2017-08-21,36.585838317871094,36.74408589137797,36.09712589188919,36.653325418097694,105474000,-0.0018409842922586517,AAPL,433,1170,51.65999984741211,47.369998931884766,1.0
2017-08-22,37.18391799926758,37.23511656863084,36.77433299537892,36.82320209730548,86418400,0.016347300182112834,AAPL,432,1169,51.869998931884766,47.63999938964844,1.0
2017-08-23,37.2304801940918,37.34451407517347,36.97449076758861,37.01870805925333,77596400,0.0012522132505008443,AAPL,431,1168,52.56999969482422,48.40999984741211,1.0
2017-08-24,37.065242767333984,37.40734078109702,36.897684411571745,37.33519473960121,79275600,-0.004438229802473326,AAPL,430,1167,52.040000915527344,47.43000030517578,1.0
2017-08-25,37.202545166015625,37.365448131007646,37.06524149202365,37.15367250100886,101920400,0.003704343703979429,AAPL,429,1166,52.40999984741211,47.869998931884766,1.0
2017-08-28,37.57720947265625,37.70055049575235,37.2188195349296,37.267692181353034,103864000,0.010070932108776187,AAPL,426,1163,51.88999938964844,46.56999969482422,1.0
2017-08-29,37.91233825683594,37.961207367983214,37.23512359422168,37.25839696687532,118067600,0.008918405301584498,AAPL,425,1162,52.0,46.439998626708984,1.0
2017-08-30,38.01474380493164,38.14041081234952,37.84253004193339,38.11946690294969,109078400,0.0027011140120654087,AAPL,424,1161,50.86000061035156,45.959999084472656,1.0
2017-08-31,38.16599655151367,38.28701168120585,38.0449814218215,38.08221739265257,107140400,0.003978791685619765,AAPL,423,1160,52.380001068115234,47.22999954223633,1.0
2017-09-01,38.17764663696289,38.38476691476252,38.07990484248632,38.35218631660367,66364400,0.0003052477729357239,AAPL,422,1159,52.31999969482422,47.290000915527344,1.0
2017-09-05,37.71917724609375,38.22417813845223,37.36544260937073,38.10781838765025,117874000,-0.01200884368878985,AAPL,418,1155,53.380001068115234,48.65999984741211,1.0
2017-09-06,37.67962646484375,37.930964026792125,37.356146404293476,37.865802831215014,86606800,-0.001048558959596546,AAPL,417,1154,54.20000076293945,49.15999984741211,1.0
2017-09-07,37.528350830078125,37.75641853046921,37.318904669575105,37.721508469706514,87714000,-0.004014785945576471,AAPL,416,1153,54.4900016784668,49.09000015258789,1.0
2017-09-08,36.916297912597656,37.5027485354411,36.89302454061996,37.43526143833459,114446000,-0.016309081106487655,AAPL,415,1152,53.779998779296875,47.47999954223633,1.0
2017-09-11,37.584197998046875,37.712194428986784,37.20951947348694,37.35147850579891,126323200,0.01809228235806648,AAPL,412,1149,53.84000015258789,48.06999969482422,1.0
2017-09-12,37.435264587402344,38.15669656718192,36.94888161090867,37.842523774144745,286856000,-0.003962660335396051,AAPL,411,1148,54.27000045776367,48.22999954223633,1.0
2017-09-13,37.153682708740234,37.225828767575365,36.74875287751085,37.204881304806825,179629600,-0.007521834873229882,AAPL,410,1147,55.15999984741211,49.29999923706055,1.0
2017-09-14,36.8348503112793,37.095495072519725,36.790633028350605,37.00008275522042,95042800,-0.008581448034650219,AAPL,409,1146,55.470001220703125,49.88999938964844,1.0
2017-09-15,37.20720291137695,37.46086636945778,36.769689019627606,36.87906749256494,196458400,0.010108704038458871,AAPL,408,1145,55.619998931884766,49.88999938964844,1.0
2017-09-18,36.92561340332031,37.35149063859288,36.769691718988625,37.260730149175366,113077600,-0.007568145037060492,AAPL,405,1142,55.47999954223633,49.90999984741211,1.0
2017-09-19,36.9395751953125,37.181605529105575,36.87208808457367,37.12109617014794,83242400,0.00037810589196429767,AAPL,404,1141,55.13999938964844,49.47999954223633,1.0
2017-09-20,36.32053756713867,36.83019033836307,35.79924455857201,36.74641116825446,211805600,-0.01675811443149411,AAPL,403,1140,56.290000915527344,50.40999984741211,1.0
2017-09-21,35.69683837890625,36.25769313841606,35.54789806424568,36.25769313841606,150046800,-0.017172080316253835,AAPL,402,1139,56.43000030517578,50.54999923706055,1.0
2017-09-22,35.347782135009766,35.43621672492268,35.03826462133408,35.26632884945634,186581600,-0.009778351802235408,AAPL,401,1138,56.86000061035156,50.65999984741211,1.0
2017-09-25,35.035926818847656,35.333807540538785,34.712446806182214,34.90560444698507,177549200,-0.008822486088971182,AAPL,398,1135,59.02000045776367,52.220001220703125,1.0
2017-09-26,35.638671875,35.820192840580866,35.30122923647242,35.3221731438044,146640000,0.01720362812917209,AAPL,397,1134,58.439998626708984,51.880001068115234,1.0
2017-09-27,35.89234161376953,36.006375492006406,35.73176452742221,35.792273893883035,102016800,0.0071178224502657095,AAPL,396,1133,57.900001525878906,52.13999938964844,1.0
2017-09-28,35.67124557495117,35.90396508081647,35.53626783542716,35.81320461556972,88022000,-0.006159978114482767,AAPL,395,1132,57.40999984741211,51.560001373291016,1.0
2017-09-29,35.866729736328125,35.869059204079036,35.373365511571414,35.654957681052196,105199200,0.005480160791307531,AAPL,394,1131,57.540000915527344,51.66999816894531,1.0
2017-10-02,35.794578552246094,35.9435188603521,35.54091520033411,35.89930159605207,74795200,-0.0020116465764357105,AAPL,391,1128,56.119998931884766,50.58000183105469,1.0
2017-10-03,35.95051193237305,36.09247098744628,35.81786364705247,35.8411334693977,64921200,0.004356340720686358,AAPL,390,1127,56.0,50.41999816894531,1.0
2017-10-04,35.71778869628906,35.80622324467119,35.48041735750207,35.75269875271151,80655200,-0.0064734331606115525,AAPL,389,1126,55.79999923706055,49.97999954223633,1.0
2017-10-05,36.16227722167969,36.17391390503575,35.850433993433526,35.88068510893866,85135200,0.012444458114978518,AAPL,388,1125,57.0,50.790000915527344,1.0
2017-10-06,36.14134216308594,36.18555944004501,35.96912843993429,36.064544295370396,69630400,-0.0005789198082137847,AAPL,387,1124,55.619998931884766,49.290000915527344,1.0
2017-10-09,36.26700973510742,36.47412996923933,36.185560032391976,36.260028433475185,65051600,0.003477114144085025,AAPL,384,1121,55.790000915527344,49.58000183105469,1.0
2017-10-10,36.28097915649414,36.769691668700844,36.094806343290436,36.318215139542396,62468000,0.00038518260779563107,AAPL,383,1120,56.61000061035156,50.91999816894531,1.0
2017-10-11,36.43224334716797,36.532311041171035,36.24606701186326,36.29726559284751,67622400,0.00416924223630688,AAPL,382,1119,56.939998626708984,51.29999923706055,1.0
2017-10-12,36.30424499511719,36.62306960009468,36.24140973064828,36.38569824724422,64500400,-0.003513326116952653,AAPL,381,1118,56.25,50.599998474121094,1.0
2017-10-13,36.53464126586914,36.602128368918095,36.39966350875292,36.4741319138063,65576800,0.006346262559183913,AAPL,380,1117,57.16999816894531,51.45000076293945,1.0
2017-10-16,37.20720291137695,37.23512812114188,36.68823575645519,36.74641564414448,96486000,0.018408875034886973,AAPL,377,1114,57.81999969482422,51.869998931884766,1.0
2017-10-17,37.34449768066406,37.43758405834157,37.05592422823548,37.18392066080533,75989200,0.003690005121162354,AAPL,376,1113,57.880001068115234,51.880001068115234,1.0
2017-10-18,37.17927169799805,37.40035809744781,37.142039271107095,37.33286744361,65496800,-0.004424372877602445,AAPL,375,1112,58.150001525878906,52.040000915527344,1.0
2017-10-19,36.299583435058594,36.555576283034995,36.07617472320415,36.47877842864207,170336800,-0.023660717995904745,AAPL,374,1111,57.22999954223633,51.290000915527344,1.0
2017-10-20,36.36243438720703,36.71151375732422,36.294947271432726,36.44621357807591,95896400,0.0017314510581334375,AAPL,373,1110,57.75,51.470001220703125,1.0
2017-10-23,36.34380340576172,36.69753803534452,36.18788176895651,36.5113617276158,87937200,-0.0005123689257687802,AAPL,370,1107,57.369998931884766,51.900001525878906,1.0
2017-10-24,36.560245513916016,36.63471392906621,36.35079577232983,36.37173968118282,71028800,0.005955406090491389,AAPL,369,1106,58.33000183105469,52.470001220703125,1.0
2017-10-25,36.39967727661133,36.66497750618219,36.134377047040466,36.5160370887217,84828400,-0.004391880717638186,AAPL,368,1105,58.439998626708984,52.18000030517578,1.0
2017-10-26,36.632389068603516,36.730130863756074,36.485774600365225,36.59049769867019,68002000,0.0063932377813062935,AAPL,367,1104,59.29999923706055,52.63999938964844,1.0
2017-10-27,37.944915771484375,38.07291220866558,36.9325845104359,37.069888165313095,177816800,0.03582967795037395,AAPL,366,1103,60.439998626708984,53.900001525878906,1.0
2017-10-30,38.799007415771484,39.11318025909039,38.10084869819069,38.140410599398,178803200,0.022508724210397624,AAPL,363,1100,60.900001525878906,54.150001525878906,1.0
2017-10-31,39.33891296386719,39.480872037882925,38.85020401718745,39.073612806807134,144187200,0.013915447431684491,AAPL,362,1099,61.369998931884766,54.380001068115234,1.0
2017-11-01,38.83855438232422,39.54834951579642,38.540673728115806,39.53205744749529,134551200,-0.012719176607715377,AAPL,361,1098,61.290000915527344,54.29999923706055,1.0
2017-11-02,39.12248229980469,39.21324277903293,38.4638855706281,38.771077070181164,165573600,0.007310465644150943,AAPL,360,1097,60.619998931884766,54.540000915527344,1.0
2017-11-03,40.14413833618164,40.553723628664784,39.82298409316581,40.49321779997452,237594400,0.02611429480746552,AAPL,359,1096,62.06999969482422,55.63999938964844,1.0
2017-11-06,40.5513801574707,40.72359389676432,39.9626000008153,40.11386628257354,140105200,0.010144490283454877,AAPL,356,1093,64.2699966430664,57.349998474121094,-1.0
2017-11-07,40.68170928955078,40.78410647310993,40.40012058578211,40.47226308755724,97446000,0.003213925927403105,AAPL,355,1092,63.689998626708984,57.20000076293945,-1.0
2017-11-08,41.014488220214844,41.014488220214844,40.569993098457765,40.64679096381511,97638000,0.008180062649175257,AAPL,354,1091,63.4900016784668,56.810001373291016,-1.0
2017-11-09,40.93071365356445,40.981912236223316,40.293060838370266,40.75151861425842,117930400,-0.0020425603313782847,AAPL,353,1090,63.93000030517578,57.16999816894531,-1.0
2017-11-10,40.79526138305664,40.96108785457192,40.701840327753686,40.89802668216078,100582000,-0.003309306347655583,AAPL,352,1089,63.52000045776367,56.7400016784668,-1.0
2017-11-13,40.631752014160156,40.75553645295474,40.49862333633409,40.52198037012979,67928400,-0.004008048076005077,AAPL,349,1086,63.15999984741211,56.7599983215332,-1.0
2017-11-14,40.017513275146484,40.51732333592868,39.98014343267312,40.414558051019085,99130000,-0.015117210274359083,AAPL,348,1085,62.209999084472656,55.70000076293945,1.0
2017-11-15,39.48967742919922,39.779288361333066,39.3261888238754,39.697542276779,116632400,-0.013190121093183627,AAPL,347,1084,61.869998931884766,55.33000183105469,1.0
2017-11-16,39.96146011352539,40.14129578950477,39.77461447411509,39.98014147006068,94550000,0.011946987543061782,AAPL,346,1083,61.36000061035156,55.13999938964844,1.0
2017-11-17,39.73957061767578,40.029181476503545,39.62045828475755,39.94743541264098,87598000,-0.005552587298343181,AAPL,345,1082,62.720001220703125,56.54999923706055,1.0
2017-11-20,39.69986343383789,39.835326394556844,39.60177030306551,39.7722652519949,65049600,-0.0009991850244156497,AAPL,342,1079,62.220001220703125,56.09000015258789,1.0
2017-11-21,40.437904357910156,40.56869520805978,39.88671180100576,39.88671180100576,100525200,0.018590515438478894,AAPL,341,1078,62.56999969482422,56.83000183105469,-1.0
2017-11-22,40.862972259521484,40.87231293441346,40.416879303043714,40.48928111575084,102355600,0.010511620430403879,AAPL,340,1077,63.31999969482422,58.02000045776367,-1.0
2017-11-24,40.865318298339844,40.98910276803519,40.790578622562485,40.89568173709738,56106800,5.741233905998122e-05,AAPL,338,1075,63.86000061035156,58.95000076293945,-1.0
2017-11-27,40.659786224365234,40.89100807834741,40.484619125107635,40.88400167947981,82867200,-0.005029498913335484,AAPL,335,1072,63.84000015258789,58.11000061035156,-1.0
2017-11-28,40.42155838012695,40.8419565345033,40.138953913985674,40.70883140262639,105715200,-0.005859053043803852,AAPL,334,1071,63.61000061035156,57.9900016784668,-1.0
2017-11-29,39.58308792114258,40.386521497492396,39.041239607375275,40.31879179469024,166665600,-0.020743150254112996,AAPL,333,1070,63.11000061035156,57.29999923706055,1.0
2017-11-30,40.136627197265625,40.204356915053424,39.34019984279144,39.80497431661484,166108800,0.013984236834321928,AAPL,332,1069,63.56999969482422,57.400001525878906,1.0
2017-12-01,39.94977569580078,40.094579352171586,39.35420686724889,39.692862534061966,159037200,-0.004655386227310432,AAPL,331,1068,63.4900016784668,58.36000061035156,1.0
2017-12-04,39.65782928466797,40.31645567986797,39.61812517252679,40.283757966117385,130169600,-0.007307836052844241,AAPL,328,1065,62.45000076293945,57.470001220703125,1.0
2017-12-05,39.620445251464844,40.05953173342639,39.33083448790562,39.484982324821765,109400800,-0.0009426646358977608,AAPL,327,1064,62.86000061035156,57.619998931884766,1.0
2017-12-06,39.47332000732422,39.75125237053263,38.87775473048756,39.12065153613966,114240000,-0.003713366753120617,AAPL,326,1063,61.220001220703125,55.959999084472656,1.0
2017-12-07,39.54571533203125,39.80729698902204,39.449956488388985,39.47798207627148,102693200,0.001834031814238024,AAPL,325,1062,62.20000076293945,56.689998626708984,1.0
2017-12-08,39.55739974975586,39.9380973739062,39.428946732036295,39.81898503312158,93420800,0.0002954660859337821,AAPL,324,1061,63.400001525878906,57.36000061035156,1.0
2017-12-11,40.328147888183594,40.379530536345875,39.42194870835944,39.51770760391503,141095200,0.019484297332574174,AAPL,321,1058,64.69000244140625,57.9900016784668,-1.0
2017-12-12,40.10158157348633,40.262735852355064,40.04553039042469,40.206681105510164,77636800,-0.005618068931046771,AAPL,320,1057,63.34000015258789,57.13999938964844,1.0
2017-12-13,40.23471450805664,40.53132821982413,40.171653356672216,40.288431418755565,95273600,0.0033198923669965907,AAPL,319,1056,62.439998626708984,56.599998474121094,1.0
2017-12-14,40.22303771972656,40.43557465717094,40.08990901260741,40.26507611326917,81906000,-0.0002902167561731339,AAPL,318,1055,63.310001373291016,57.040000915527344,1.0
2017-12-15,40.631752014160156,40.67846251796855,40.279083612056354,40.55234380130759,160677200,0.010161199093949858,AAPL,317,1054,63.22999954223633,57.29999923706055,-1.0
2017-12-18,41.2039680480957,41.386141526801474,40.83962109068416,40.84429321069244,117684400,0.01408297711937534,AAPL,314,1051,63.40999984741211,57.15999984741211,-1.0
2017-12-19,40.76488494873047,40.963409082730685,40.659785404053046,40.87932873423201,109745600,-0.010656330449841933,AAPL,313,1050,63.79999923706055,57.459999084472656,-1.0
2017-12-20,40.72050476074219,40.9704079180063,40.46359164226223,40.84195135876632,93902400,-0.001088686697977903,AAPL,312,1049,64.55999755859375,58.09000015258789,-1.0
2017-12-21,40.874656677246094,41.11055064734147,40.66212330924727,40.678470385039326,83799600,0.003785609176743865,AAPL,311,1048,64.9000015258789,58.36000061035156,-1.0
2017-12-22,40.874656677246094,40.97041554503167,40.75554433493134,40.79758272735407,65397600,0.0,AAPL,310,1047,65.25,58.470001220703125,-1.0
2017-12-26,39.83767318725586,40.04787229131358,39.62980479789167,39.89139010250902,132742000,-0.02536983975617091,AAPL,306,1043,67.0199966430664,59.970001220703125,1.0
2017-12-27,39.84467315673828,39.88671154525252,39.63680836470116,39.7278951035987,85992800,0.00017571230753166134,AAPL,305,1042,66.44000244140625,59.63999938964844,1.0
2017-12-28,39.956787109375,40.13662634516373,39.8166519919685,39.93810218946852,65920800,0.002813775186351508,AAPL,304,1041,66.72000122070312,59.84000015258789,1.0
2017-12-29,39.52470397949219,39.8423404676631,39.52236970108952,39.82599339127674,103999600,-0.010813760593414545,AAPL,303,1040,66.5999984741211,60.41999816894531,1.0
2018-01-02,40.23237991333008,40.2417241547698,39.531711484275874,39.74191415126249,102223600,0.0179046485510701,AAPL,299,1036,66.56999969482422,60.369998931884766,1.0
2018-01-03,40.225372314453125,40.767224260711025,40.16231472364331,40.29543986802562,118071600,-0.0001741780847180907,AAPL,298,1035,67.83999633789062,61.630001068115234,1.0
2018-01-04,40.4122200012207,40.51498527654076,40.19034237338912,40.29777620574446,89738400,0.004645020692585211,AAPL,297,1034,68.06999969482422,62.0099983215332,-1.0
2018-01-05,40.87232971191406,40.958744354322555,40.41689589359532,40.50798265725906,94640000,0.011385410419904263,AAPL,296,1033,67.62000274658203,61.439998626708984,-1.0
2018-01-08,40.72050476074219,41.01478414426948,40.62240806911673,40.72050476074219,82271200,-0.0037146145630063687,AAPL,293,1030,67.77999877929688,61.72999954223633,-1.0
2018-01-09,40.71583938598633,40.886334358066584,40.500968180291736,40.767222018194126,86336000,-0.00011457065140207945,AAPL,292,1029,68.81999969482422,62.959999084472656,-1.0
2018-01-10,40.706485748291016,40.708823589804894,40.40519998697282,40.44256981336691,95839600,-0.00022972970314183438,AAPL,291,1028,69.19999694824219,63.56999969482422,-1.0
2018-01-11,40.937713623046875,40.986761972950376,40.75320586895592,40.77655934108537,74670800,0.005680369368794347,AAPL,290,1027,69.26000213623047,63.79999923706055,-1.0
2018-01-12,41.36045837402344,41.423519533337156,41.02413694272906,41.14792141899934,101672400,0.010326535450152052,AAPL,289,1026,69.87000274658203,64.30000305175781,-1.0
2018-01-16,41.15025329589844,41.897632166104536,41.13857477715793,41.54963226482539,118263600,-0.005082271483166645,AAPL,285,1022,69.1500015258789,63.72999954223633,-1.0
2018-01-17,41.82990646362305,41.86493845941443,40.88867549633279,41.14091299359858,137547200,0.016516378716734392,AAPL,284,1021,69.37999725341797,63.970001220703125,-1.0
2018-01-18,41.86726760864258,42.06345745239051,41.63137721705079,41.89295892367008,124773600,0.0008931682659156781,AAPL,283,1020,69.30999755859375,63.95000076293945,-1.0
2018-01-19,41.680423736572266,41.942005431691854,41.43518911550599,41.71545572653174,129700400,-0.004462767281993463,AAPL,282,1019,68.61000061035156,63.369998931884766,-1.0
2018-01-22,41.33944320678711,41.52161673920579,41.24602216177707,41.40951077243685,108434400,-0.008180831652293552,AAPL,279,1016,69.02999877929688,63.4900016784668,-1.0
2018-01-23,41.34877395629883,41.909310783105305,41.297394888530555,41.40950082837842,130756400,0.00022571057537090766,AAPL,278,1015,69.95999908447266,64.47000122070312,-1.0
2018-01-24,40.69013977050781,41.40949291091029,40.45191157556955,41.397814394375324,204420400,-0.01592874764526564,AAPL,277,1014,70.52999877929688,65.61000061035156,-1.0
2018-01-25,39.96379852294922,40.860653408279866,39.828335509469404,40.757888117792795,166116000,-0.01785054688077148,AAPL,276,1013,70.41999816894531,65.51000213623047,1.0
2018-01-26,40.05720520019531,40.171648971506336,39.71854956987821,40.171648971506336,156572000,0.002337282257902862,AAPL,275,1012,70.5199966430664,66.13999938964844,1.0
2018-01-29,39.22808074951172,39.74190341255403,39.020215980944386,39.74190341255403,202561600,-0.020698509707301027,AAPL,272,1009,69.45999908447266,65.55999755859375,1.0
2018-01-30,38.99686050415039,39.0902815143299,38.46668718373474,38.66053916545118,184192800,-0.005894253324239096,AAPL,271,1008,69.0199966430664,64.5,1.0
2018-01-31,39.10429763793945,39.34019158896355,38.8870921670817,38.973506787042304,129915600,0.0027550200811070624,AAPL,270,1007,69.05000305175781,64.7300033569336,1.0
2018-02-01,39.18605041503906,39.38223672499564,38.947822145072344,39.04358102152163,188923200,0.0020906340744575314,AAPL,269,1006,69.08000183105469,65.80000305175781,1.0
2018-02-02,37.48575210571289,38.9571561721517,37.3923310960717,38.77031058908623,346375200,-0.043390397636849376,AAPL,268,1005,68.58000183105469,65.44999694824219,1.0
2018-02-05,36.5492057800293,38.27518570798291,36.434761975477315,37.15878751717038,290954000,-0.024984061225247878,AAPL,265,1002,67.62000274658203,64.1500015258789,1.0
2018-02-06,38.076656341552734,38.237810644644064,35.967644731061384,36.16149675044778,272975200,0.04179162115632207,AAPL,264,1001,66.86000061035156,63.38999938964844,1.0
2018-02-07,37.26154708862305,38.163073981925415,37.151778975373574,38.09067214468713,206434400,-0.021407059633021586,AAPL,263,1000,65.51000213623047,61.790000915527344,1.0
2018-02-08,36.23624038696289,37.602545483781824,36.208214785398454,37.436719025694984,217562000,-0.027516482319469016,AAPL,262,999,64.80999755859375,61.150001525878906,1.0
2018-02-09,36.67947769165039,37.02654929193805,35.23256058343107,36.83425417035342,282690400,0.012231878913326,AAPL,261,998,62.790000915527344,59.20000076293945,1.0
2018-02-12,38.15686798095703,38.433586209034175,36.9374212899371,37.1695859223774,243278000,0.040278389505065126,AAPL,258,995,62.59000015258789,59.290000915527344,1.0
2018-02-13,38.53910446166992,38.63525375165295,37.90827637720075,37.97862960348866,130196800,0.010017501460121148,AAPL,257,994,62.720001220703125,59.189998626708984,1.0
2018-02-14,39.24966812133789,39.289534118272805,38.19672773949779,38.23424636240979,162579600,0.018437472006509026,AAPL,256,993,64.36000061035156,60.599998474121094,1.0
2018-02-15,40.56760025024414,40.591048937964494,39.63191065718639,39.8171706769248,204588800,0.0335781725550377,AAPL,255,992,64.33000183105469,61.34000015258789,1.0
2018-02-16,40.4362678527832,40.99674617210907,40.28149508128184,40.41985413112513,160704400,-0.003237371613080464,AAPL,254,991,64.83999633789062,61.68000030517578,1.0
2018-02-20,40.30026626586914,40.865428738385795,40.19942580241765,40.347167225893934,135722000,-0.003363356564191511,AAPL,250,987,65.25,61.900001525878906,1.0
2018-02-21,40.11735153198242,40.832599250578035,40.10327802296101,40.53008500542689,149886400,-0.004538797155333785,AAPL,249,986,65.41999816894531,61.68000030517578,1.0
2018-02-22,40.45269775390625,40.792734207769016,40.2674376980712,40.28854259462568,123967600,0.008359131625538252,AAPL,248,985,66.38999938964844,62.77000045776367,1.0
2018-02-23,41.15621566772461,41.19139048910668,40.696577724555915,40.72706495529602,135249600,0.017391124767455635,AAPL,247,984,67.30999755859375,63.54999923706055,1.0
2018-02-26,41.9699592590332,42.068452335634156,41.32271750780691,41.35554853334056,152648800,0.019772070344814097,AAPL,244,981,67.5,63.90999984741211,1.0
2018-02-27,41.83393859863281,42.32406012321284,41.780002687557435,42.000441078447615,155712400,-0.003240905228448998,AAPL,243,980,66.62999725341797,63.0099983215332,1.0
2018-02-28,41.77062225341797,42.35689307363016,41.75420853117485,42.037961604302204,151128400,-0.0015135162343263842,AAPL,242,979,65.77999877929688,61.63999938964844,1.0
2018-03-01,41.03895950317383,42.159909082195455,40.49021084632658,41.86911745238018,195208000,-0.017516204230935806,AAPL,241,978,65.70999908447266,60.9900016784668,1.0
2018-03-02,41.322715759277344,41.3438206508745,40.44096211943254,40.52304146895027,153816000,0.006914314094185858,AAPL,240,977,64.37000274658203,61.25,1.0
2018-03-05,41.46577072143555,41.68151798734125,40.92640076751445,41.08821211152215,113605600,0.0034618964298367416,AAPL,237,974,65.54000091552734,62.56999969482422,1.0
2018-03-06,41.43059158325195,41.80111522190971,41.30395864315268,41.72138323820596,95154000,-0.0008483898302511506,AAPL,236,973,65.79000091552734,62.599998474121094,1.0
2018-03-07,41.04600143432617,41.23830002337251,40.86777635385295,41.02489653893735,126814000,-0.009282757842184686,AAPL,235,972,64.33999633789062,61.150001525878906,1.0
2018-03-08,41.49391555786133,41.536125350937226,41.055386008773716,41.15153173021796,95096400,0.010912491055963702,AAPL,234,971,63.61000061035156,60.119998931884766,1.0
2018-03-09,42.20681381225586,42.21150498140383,41.59943801604093,41.733109499405906,128740800,0.017180790118503708,AAPL,233,970,65.48999786376953,62.040000915527344,1.0
2018-03-12,42.61486053466797,42.77198071041247,42.26075419037637,42.27951171073103,128828400,0.009667792603990089,AAPL,230,967,64.94999694824219,61.36000061035156,-1.0
2018-03-13,42.204471588134766,43.03228584704719,42.03328148015338,42.8188823717897,126774000,-0.009630183963628025,AAPL,229,966,64.63999938964844,60.709999084472656,1.0
2018-03-14,41.84566879272461,42.333446569678834,41.69792739335634,42.286545617307205,117473600,-0.008501535072199085,AAPL,228,965,64.88999938964844,60.959999084472656,1.0
2018-03-15,41.894920349121094,42.267791390111284,41.75890863863255,41.859745523704035,90975200,0.0011769809831561062,AAPL,227,964,65.12000274658203,61.189998626708984,1.0
2018-03-16,41.74717712402344,42.005134159904195,41.653371637810366,41.894914950049724,157618800,-0.0035265188205747533,AAPL,226,963,66.20999908447266,62.34000015258789,1.0
2018-03-19,41.10931396484375,41.61819664868472,40.72472041870842,41.5830218279429,133787200,-0.01527919258551802,AAPL,223,960,66.05000305175781,62.060001373291016,1.0
2018-03-20,41.095237731933594,41.46107012477809,41.02488452292977,41.095237731933594,78597600,-0.0003424098228006489,AAPL,222,959,67.41999816894531,63.400001525878906,1.0
2018-03-21,40.16424560546875,41.06006563057241,40.16189823187742,41.04833949755598,148219600,-0.022654501539515426,AAPL,221,958,69.47000122070312,65.16999816894531,1.0
2018-03-22,39.59675216674805,40.49491635758024,39.53812505579835,39.86643544579068,165963200,-0.014129319004150154,AAPL,220,957,68.91000366210938,64.30000305175781,1.0
2018-03-23,38.679805755615234,39.847656274311774,38.679805755615234,39.488858804240465,164115200,-0.023157111655809803,AAPL,219,956,70.44999694824219,65.87999725341797,1.0
2018-03-26,40.5160026550293,40.5933908285116,39.03156458909685,39.413814288272604,150164800,0.0474717197654877,AAPL,216,953,70.12000274658203,65.55000305175781,1.0
2018-03-27,39.47714614868164,41.07414789954992,39.144144625182754,40.7294202395115,163690400,-0.025640646615435636,AAPL,215,952,70.11000061035156,65.25,1.0
2018-03-28,39.040950775146484,39.87111237349299,38.73843656517135,39.221523214294066,166674000,-0.01104931374452267,AAPL,214,951,69.52999877929688,64.37999725341797,1.0
2018-03-29,39.34580993652344,40.27680835477367,39.13944144734554,39.35284490062601,153594000,0.0078087022811705875,AAPL,213,950,70.2699966430664,64.94000244140625,1.0
2018-04-02,39.087852478027344,39.61784367192837,38.569590996327946,39.078473717905176,150347200,-0.006556160844375936,AAPL,209,946,67.63999938964844,63.0099983215332,1.0
2018-04-03,39.48886489868164,39.57328805633437,38.66574179530286,39.31298361843127,121112000,0.01025925946890327,AAPL,208,945,68.12000274658203,63.5099983215332,1.0
2018-04-04,40.24396896362305,40.337770851033476,38.63993307204132,38.66572912782608,138422000,0.019121949108408476,AAPL,207,944,68.0199966430664,63.369998931884766,1.0
2018-04-05,40.52304458618164,40.85838981728814,40.354198283789394,40.47145246165548,107732800,0.006934594915597225,AAPL,206,943,68.33000183105469,63.540000915527344,1.0
2018-04-06,39.486515045166016,40.447997082703736,39.44430168365907,40.09389078098584,140021200,-0.025578767627175814,AAPL,205,942,67.11000061035156,62.060001373291016,1.0
2018-04-09,39.878143310546875,40.59104707856743,39.83124235894121,39.8382773227664,116070800,0.009918025557152932,AAPL,202,939,68.6500015258789,63.41999816894531,1.0
2018-04-10,40.628578186035156,40.80445947688379,40.225223472757165,40.56995108908561,113634400,0.01881819997597045,AAPL,201,938,71.04000091552734,65.51000213623047,1.0
2018-04-11,40.43861770629883,40.78568903885256,40.26508025086536,40.389369381678115,89726400,-0.004675538456367145,AAPL,200,937,72.05999755859375,66.81999969482422,1.0
2018-04-12,40.837284088134766,41.03896141306867,40.579323470784374,40.666093993882306,91557200,0.009858556114143324,AAPL,199,936,72.0199966430664,67.06999969482422,1.0
2018-04-13,40.975643157958984,41.235947570635815,40.76927824238423,40.98736929116872,100497200,0.00338805757810956,AAPL,198,935,72.58000183105469,67.38999938964844,1.0
2018-04-16,41.23126220703125,41.318029156505595,40.99909763886708,41.04599859592581,86313600,0.0062383169456758925,AAPL,195,932,71.41999816894531,66.22000122070312,1.0
2018-04-17,41.79875564575195,41.9629107203178,41.36960507904336,41.38836617018121,106421600,0.013763668836311416,AAPL,194,931,71.58000183105469,66.5199966430664,1.0
2018-04-18,41.7049674987793,41.93478827686572,41.479841468316096,41.69793253397193,83018000,-0.002243802369800596,AAPL,193,930,73.4800033569336,68.47000122070312,1.0
2018-04-19,40.52304458618164,41.13042036873271,40.49021355951167,40.748170603828946,139235200,-0.02834009911726343,AAPL,192,929,73.77999877929688,68.29000091552734,1.0
2018-04-20,38.86272048950195,40.15251629639191,38.79471107037423,40.00712227776633,261964400,-0.04097234335758326,AAPL,191,928,74.05999755859375,68.37999725341797,1.0
2018-04-23,38.75016784667969,39.14414022627035,38.480481049834914,39.12303532985958,146062000,-0.002896159646174734,AAPL,188,925,74.70999908447266,68.63999938964844,1.0
2018-04-24,38.21078872680664,39.0057718403514,37.80743410382036,38.85099548025622,134768000,-0.013919400865750386,AAPL,187,924,73.86000061035156,67.69999694824219,1.0
2018-04-25,38.37727737426758,38.79235801863863,38.086489406404326,38.13573413978853,113528400,0.004357110989026358,AAPL,186,923,74.0,68.05000305175781,1.0
2018-04-26,38.51095962524414,38.86506592809909,38.311626106242954,38.48750736007461,111852000,0.0034833698511973488,AAPL,185,922,74.73999786376953,68.19000244140625,1.0
2018-04-27,38.06539535522461,38.53675582905527,37.66907568925189,38.45936764768368,142623200,-0.011569804397381533,AAPL,184,921,74.63999938964844,68.0999984741211,1.0
2018-04-30,38.75484848022461,39.223865178378034,37.95283035577987,38.02083978086763,169709600,0.018112333224600707,AAPL,181,918,75.16999816894531,68.56999969482422,1.0
2018-05-01,39.65536117553711,39.678809862224035,38.75719381639185,39.02453317715288,214277600,0.023236129945702233,AAPL,180,917,75.16999816894531,67.25,1.0
2018-05-02,41.40713882446289,41.68385694481844,40.757549728374016,41.092894933040135,266157600,0.044175052174444174,AAPL,179,916,73.36000061035156,67.93000030517578,1.0
2018-05-03,41.4821891784668,41.62523944023905,40.9076443356587,41.24533699153512,136272800,0.0018124979444260614,AAPL,178,915,73.62000274658203,68.43000030517578,1.0
2018-05-04,43.10968017578125,43.20817327569584,41.782361755300954,41.80112285694862,224805200,0.039233488625987745,AAPL,177,914,74.87000274658203,69.72000122070312,1.0
2018-05-07,43.42158508300781,44.010199999193205,43.325435760548764,43.42627267558025,169805600,0.00723514778942369,AAPL,174,911,76.16999816894531,70.7300033569336,1.0
2018-05-08,43.63027572631836,43.67014171321646,43.072144753118614,43.38169746782833,113611200,0.004806149819533312,AAPL,173,910,74.8499984741211,69.05999755859375,1.0
2018-05-09,43.93749237060547,43.946871131806425,43.43564455597334,43.74754114603787,92844800,0.007041363804670908,AAPL,172,909,77.20999908447266,71.13999938964844,1.0
2018-05-10,44.56596755981445,44.643355748706455,44.00549271751808,44.026601189625815,111957200,0.014303847472857623,AAPL,171,908,77.47000122070312,71.36000061035156,1.0
2018-05-11,44.396480560302734,44.742537519239406,44.12811022399601,44.60835414714242,104848800,-0.003803058898794065,AAPL,170,907,77.12000274658203,70.69999694824219,1.0
2018-05-14,44.292884826660156,44.61775540501517,44.22461674459871,44.49533983182012,83115200,-0.0023334222067865618,AAPL,167,904,78.2300033569336,70.95999908447266,1.0
2018-05-15,43.89033508300781,44.03864620212648,43.574882993810874,43.97037452197802,94780800,-0.009088361375144571,AAPL,166,903,78.43000030517578,71.30999755859375,1.0
2018-05-16,44.29995346069336,44.36587231146577,43.78675557653705,43.80323618725819,76732400,0.009332769433426646,AAPL,165,902,79.27999877929688,71.48999786376953,1.0
2018-05-17,44.01980972290039,44.47180154910727,43.8714986140111,44.2575751900698,69176000,-0.006323793049614279,AAPL,164,901,79.30000305175781,71.48999786376953,1.0
2018-05-18,43.859737396240234,44.21285642880138,43.81736483654692,44.06690171148546,73190800,-0.003636370253933263,AAPL,163,900,78.51000213623047,71.27999877929688,1.0
2018-05-21,44.17047119140625,44.55654774584451,44.00097381705662,44.25757271162898,73603200,0.007084716270842284,AAPL,160,897,79.22000122070312,72.23999786376953,1.0
2018-05-22,44.05983352661133,44.46474358200202,43.970375567921366,44.34703725408873,60962800,-0.0025047879683123275,AAPL,159,896,79.56999969482422,72.12999725341797,1.0
2018-05-23,44.34233093261719,44.375288562931686,43.73025655007666,43.86915275622062,80233600,0.006411676654094478,AAPL,158,895,79.80000305175781,71.83999633789062,1.0
2018-05-24,44.292884826660156,44.455320115837665,43.83618734256598,44.43884309966214,92936000,-0.0011150993851037905,AAPL,157,894,78.79000091552734,70.70999908447266,1.0
2018-05-25,44.39412307739258,44.64601277398445,44.175187419796956,44.311727203564814,69844000,0.0022856549337126886,AAPL,156,893,76.44000244140625,67.87999725341797,1.0
2018-05-29,44.23404312133789,44.434145345167785,43.99156833741936,44.16342218785683,90056400,-0.003605881701404967,AAPL,152,889,75.38999938964844,66.7300033569336,1.0
2018-05-30,44.13987731933594,44.257583658854166,43.970379903060696,44.19166839609295,74762000,-0.0021288083873239882,AAPL,151,888,77.5,68.20999908447266,1.0
2018-05-31,43.9915657043457,44.31172708804303,43.81971545630675,44.073961577958656,109931200,-0.0033600368645624323,AAPL,150,887,77.58999633789062,67.04000091552734,1.0
2018-06-01,44.78490447998047,44.789610146728236,44.19872567980173,44.25522600978311,93770000,0.018033883607747825,AAPL,149,886,77.58999633789062,65.80999755859375,1.0
2018-06-04,45.15920639038086,45.5335116194763,45.04620933090354,45.11447741480749,105064800,0.008357769537449933,AAPL,146,883,75.29000091552734,64.75,1.0
2018-06-05,45.50761795043945,45.65592906665708,45.28397665552099,45.451121214441805,86264000,0.007715183412364102,AAPL,145,882,75.37999725341797,65.5199966430664,1.0
2018-06-06,45.66533660888672,45.688879306487344,45.18038721204892,45.58294435150717,83734400,0.003465763877578354,AAPL,144,881,75.36000061035156,64.7300033569336,1.0
2018-06-07,45.542938232421875,45.71714131505994,45.27927359062222,45.70301712912846,85388800,-0.0026803344846257904,AAPL,143,880,77.31999969482422,65.94999694824219,1.0
2018-06-08,45.12861251831055,45.19923704461529,44.674267745149045,45.00384407842098,106627200,-0.009097474387727789,AAPL,142,879,76.45999908447266,65.73999786376953,1.0
2018-06-11,45.0179557800293,45.19216241765169,44.77783748614501,45.0462077379834,73234000,-0.0024520305878305004,AAPL,139,876,76.45999908447266,66.0999984741211,1.0
2018-06-12,45.26514434814453,45.34283095420171,44.99912690244376,45.05562723197043,67644400,0.005490888331826316,AAPL,138,875,75.87999725341797,66.36000061035156,1.0
2018-06-13,44.89319610595703,45.406397601947454,44.83199010402392,45.298106191637146,86553600,-0.008217100542677214,AAPL,137,874,76.73999786376953,66.63999938964844,1.0
2018-06-14,44.9167366027832,45.09800535821275,44.78019682784647,45.093296099183995,86440400,0.0005243666940222269,AAPL,136,873,75.94000244140625,66.88999938964844,1.0
2018-06-15,44.455318450927734,44.76606483460539,44.31877869980678,44.735460044424904,246876800,-0.01027274434329406,AAPL,135,872,73.44000244140625,65.05999755859375,1.0
2018-06-18,44.431785583496094,44.54478265155956,44.06924808496244,44.22933055748837,73939600,-0.0005293600012700184,AAPL,132,869,75.33999633789062,65.8499984741211,1.0
2018-06-19,43.713783264160156,43.864447243052155,43.18645754198187,43.58430556539846,134314000,-0.01615965484859183,AAPL,131,868,75.08000183105469,65.06999969482422,1.0
2018-06-20,43.90446472167969,44.06925287888817,43.72319595269414,43.86915425660373,82514800,0.004362044263413578,AAPL,130,867,74.73999786376953,66.22000122070312,1.0
2018-06-21,43.65963363647461,44.33997608225244,43.53721804711214,44.081020718622625,102847600,-0.005576450749533501,AAPL,129,866,73.05000305175781,65.54000091552734,1.0
2018-06-22,43.53251266479492,43.822069257467064,43.48072158745682,43.815007164385726,108801600,-0.002911636243632776,AAPL,128,865,75.55000305175781,68.58000183105469,1.0
2018-06-25,42.88511276245117,43.532497410209515,42.546118044887194,43.174669253657406,126652400,-0.014871641049732154,AAPL,125,862,74.7300033569336,68.08000183105469,1.0
2018-06-26,43.41714859008789,43.91151653812936,42.9722188736952,43.07815742835521,98276800,0.012406072722340067,AAPL,124,861,76.30999755859375,70.52999877929688,1.0
2018-06-27,43.35359573364258,44.0880820733022,43.32299093878607,43.60548540849269,101141200,-0.0014637731520632524,AAPL,123,860,77.62000274658203,72.76000213623047,1.0
2018-06-28,43.669044494628906,43.836189048695495,43.26884372711666,43.33946823717454,69460800,0.007276184492847948,AAPL,122,859,77.8499984741211,73.44999694824219,1.0
2018-06-29,43.57722473144531,44.06688335029261,43.059317751239284,43.85500986376897,90950800,-0.002102628171653409,AAPL,121,858,79.44000244140625,74.1500015258789,1.0
2018-07-02,44.064544677734375,44.09279664258604,43.17939427481984,43.27356150413788,70925200,0.011182904585876674,AAPL,118,855,77.30000305175781,73.94000244140625,1.0
2018-07-03,43.29710006713867,44.245812888772036,43.207642098451544,44.208145997523516,55819200,-0.01741637446179012,AAPL,117,854,77.76000213623047,74.13999938964844,1.0
2018-07-05,43.645503997802734,43.883273073933445,43.381842978525576,43.61254637039309,66416800,0.008046819073882716,AAPL,115,852,77.38999938964844,72.94000244140625,1.0
2018-07-06,44.250518798828125,44.35880661283061,43.59842471288167,43.650215786400146,69940800,0.013862018893305628,AAPL,114,851,77.11000061035156,73.80000305175781,1.0
2018-07-09,44.86494064331055,44.88847975166625,44.56361275630815,44.61069456513132,79026400,0.013885076630981708,AAPL,111,848,78.06999969482422,73.8499984741211,1.0
2018-07-10,44.810791015625,45.02972301512193,44.77076771152323,44.89553969751991,63756400,-0.001206947494170385,AAPL,110,847,78.86000061035156,74.11000061035156,1.0
2018-07-11,44.22932815551758,44.67661073672415,44.16576573663476,44.375282843511165,75326000,-0.012975956168786995,AAPL,109,846,73.4000015258789,70.37999725341797,1.0
2018-07-12,44.97087478637695,45.060332735978456,44.56596477212301,44.617755838512124,72164400,0.016765948337536862,AAPL,108,845,74.44999694824219,70.33000183105469,1.0
2018-07-13,45.041507720947266,45.16156689252232,44.94027840238948,44.982654551959264,50055600,0.0015706373270663043,AAPL,107,844,75.33000183105469,71.01000213623047,1.0
2018-07-16,44.942626953125,45.35224263855551,44.82727346896064,45.086228803977875,60172400,-0.0021953254414767143,AAPL,104,841,71.83999633789062,68.05999755859375,1.0
2018-07-17,45.06975173950195,45.16862462279862,44.54007326976923,44.66955094745963,62138000,0.0028286015970881984,AAPL,103,840,72.16000366210938,68.08000183105469,1.0
2018-07-18,44.82255554199219,45.1521353221032,44.71191133771126,45.14742606452862,65573600,-0.00548474726327608,AAPL,102,839,72.9000015258789,68.76000213623047,1.0
2018-07-19,45.17097473144531,45.328700755988756,44.6554205182641,44.6554205182641,81147200,0.007773300411814121,AAPL,101,838,72.58000183105469,69.45999908447266,1.0
2018-07-20,45.0673942565918,45.30045046027843,44.76841921206279,45.147433688320305,82704800,-0.0022930759291631686,AAPL,100,837,73.06999969482422,70.45999908447266,1.0
2018-07-23,45.107418060302734,45.18981392473907,44.624821408844134,44.88848242766125,63957600,0.0008880878153962879,AAPL,97,834,73.05999755859375,67.88999938964844,1.0
2018-07-24,45.43465042114258,45.59002366292814,45.211009077906645,45.305172719654614,74791600,0.007254513224463022,AAPL,96,833,73.44000244140625,68.5199966430664,1.0
2018-07-25,45.86308670043945,45.87014879141613,45.30044711048095,45.44875820521387,66839600,0.009429725447992032,AAPL,95,832,73.93000030517578,69.30000305175781,1.0
2018-07-26,45.719486236572266,46.131458319101874,45.57823722857466,45.813649847163006,76304000,-0.003131068451740604,AAPL,94,831,74.54000091552734,69.61000061035156,1.0
2018-07-27,44.959102630615234,45.950191373723,44.75194196088316,45.90310956660715,96096000,-0.01663149935724295,AAPL,93,830,74.29000091552734,68.69000244140625,1.0
2018-07-30,44.70722198486328,45.24631543024671,44.50947619991051,45.17569090930291,84118000,-0.005602439350745225,AAPL,90,827,74.97000122070312,70.12999725341797,1.0
2018-07-31,44.79667282104492,45.2321876723777,44.57303151581136,44.799029246561446,157492000,0.002000814011926977,AAPL,89,826,74.25,68.76000213623047,1.0
2018-08-01,47.43564224243164,47.49684822958433,46.449262804191136,46.87771549059434,271742800,0.058909942529190795,AAPL,88,825,74.25,67.66000366210938,1.0
2018-08-02,48.822227478027344,49.05528728580015,47.16492406575627,47.21906796740019,249616000,0.029230873032333182,AAPL,87,824,73.44999694824219,68.95999908447266,1.0
2018-08-03,48.963470458984375,49.140029917969756,48.372582503962036,48.737472770954085,133789600,0.0028930056708411644,AAPL,86,823,73.20999908447266,68.48999786376953,1.0
2018-08-06,49.21772766113281,49.260100216675234,48.74690233050748,48.9658343850344,101701600,0.005192793724893896,AAPL,83,820,73.75,69.01000213623047,1.0
2018-08-07,48.75632095336914,49.31895712244186,48.67392507741745,49.27658456368668,102349600,-0.009374807202406577,AAPL,82,819,74.6500015258789,69.16999816894531,1.0
2018-08-08,48.789276123046875,48.921106644226434,48.146600536240406,48.50678163593179,90102000,0.0006759158409277433,AAPL,81,818,72.27999877929688,66.94000244140625,1.0
2018-08-09,49.172996520996094,49.384866473630254,48.77750139273708,49.32601330988609,93970400,0.007864851222253666,AAPL,80,817,72.06999969482422,66.80999755859375,1.0
2018-08-10,49.026527404785156,49.397423215315094,48.823362350385615,48.98636733184349,98444800,-0.002978649392424093,AAPL,79,816,72.80999755859375,67.62999725341797,1.0
2018-08-13,49.34309387207031,49.83446998162701,49.06669548632789,49.447039303572176,103563600,0.006457044462305994,AAPL,76,813,72.61000061035156,67.19999694824219,1.0
2018-08-14,49.55097579956055,49.74232821635951,49.1989794890338,49.6478343527854,82992000,0.00421298931982661,AAPL,75,812,72.45999908447266,67.04000091552734,1.0
2018-08-15,49.6667366027832,49.78485574116098,49.21552062904969,49.42577255117373,115230400,0.002336196237404442,AAPL,74,811,70.76000213623047,65.01000213623047,1.0
2018-08-16,50.39434814453125,50.510102586734064,49.95730591478682,50.02345234024838,114001600,0.014649876185085953,AAPL,73,810,71.43000030517578,65.45999908447266,-1.0
2018-08-17,51.40072250366211,51.48812950883822,50.35654979736229,50.42269622366473,141708000,0.019969984654718997,AAPL,72,809,71.83000183105469,65.91000366210938,-1.0
2018-08-20,50.899898529052734,51.77870156484017,50.817213693824115,51.52356740894987,121150800,-0.009743520133859818,AAPL,69,806,72.20999908447266,66.43000030517578,-1.0
2018-08-21,50.800682067871094,51.30859657191745,50.56208268434248,51.21646377979151,104639200,-0.001949246738183752,AAPL,68,805,72.62999725341797,67.3499984741211,-1.0
2018-08-22,50.80305099487305,51.11252261462643,50.5172010440877,50.57862531376805,76072400,4.6631795195040127e-05,AAPL,67,804,74.77999877929688,67.86000061035156,-1.0
2018-08-23,50.906978607177734,51.27550967738136,50.69672672201236,50.708535750006284,75532800,0.0020456962774770826,AAPL,66,803,74.7300033569336,67.83000183105469,-1.0
2018-08-24,51.06527328491211,51.240087325004346,50.817222341723664,51.16921871670235,73905600,0.0031094887590137343,AAPL,65,802,75.81999969482422,68.72000122070312,-1.0
2018-08-27,51.48577880859375,51.674770181024684,51.10543497828409,51.299148521610604,82100400,0.008234667057111178,AAPL,62,799,76.20999908447266,68.87000274658203,-1.0
2018-08-28,51.90155029296875,52.09998958647139,51.717284719757714,51.738545300195106,91107200,0.008075462661654376,AAPL,61,798,75.94999694824219,68.52999877929688,-1.0
2018-08-29,52.6764030456543,52.79688685804126,51.83303438249338,52.0078483773928,109019200,0.014929279536193718,AAPL,60,797,77.13999938964844,69.51000213623047,-1.0
2018-08-30,53.160701751708984,53.923750413942706,52.53939389969296,52.740197886722456,195175200,0.009193845404268597,AAPL,59,796,77.7699966430664,70.25,-1.0
2018-08-31,53.774906158447266,54.06783923871159,53.38983671359891,53.51031690583255,173360400,0.011553730227395587,AAPL,58,795,77.41999816894531,69.80000305175781,-1.0
2018-09-04,53.94737243652344,54.14108594690396,53.53868123150636,53.95918507117456,109560400,0.003207188824616569,AAPL,54,791,78.16999816894531,69.87000274658203,-1.0
2018-09-05,53.595359802246094,54.256827489627284,53.17722077956588,54.096187242323694,133332000,-0.006525111759456581,AAPL,53,790,77.2699966430664,68.72000122070312,-1.0
2018-09-06,52.70475387573242,53.708766416493766,52.27952431399747,53.444177131020055,137160000,-0.01661722077806349,AAPL,52,789,76.5,67.7699966430664,-1.0
2018-09-07,52.2795295715332,53.24101745045913,52.14014985816449,52.409461340228574,150479200,-0.008068044586676426,AAPL,51,788,76.83000183105469,67.75,-1.0
2018-09-10,51.57789993286133,52.40945962051581,51.13849662341598,52.19684302288819,158066000,-0.013420733591564704,AAPL,48,785,77.37000274658203,67.54000091552734,-1.0
2018-09-11,52.88194274902344,52.9882492587636,51.1597635933339,51.50230839347898,142996000,0.025282976194447082,AAPL,47,784,79.05999755859375,69.25,-1.0
2018-09-12,52.225196838378906,53.15361152271487,51.93462116666355,53.13943780306241,197114800,-0.012419095753751552,AAPL,46,783,79.73999786376953,70.37000274658203,-1.0
2018-09-13,53.48671340942383,53.94501627996278,52.57955921881434,52.80398487884961,166825600,0.024155324391575528,AAPL,45,782,78.18000030517578,68.58999633789062,-1.0
2018-09-14,52.87957763671875,53.58829250227248,52.56774497032442,53.33079363291841,127997200,-0.011351151229982093,AAPL,44,781,78.08999633789062,68.98999786376953,-1.0
2018-09-17,51.47159957885742,52.66932583005766,51.327494078328534,52.48033447784941,148780400,-0.026626121478013687,AAPL,41,778,78.05000305175781,68.91000366210938,-1.0
2018-09-18,51.556640625,52.409460912019995,51.29205131507944,51.450330521211534,126286800,0.0016521935754549855,AAPL,40,777,79.02999877929688,69.8499984741211,-1.0
2018-09-19,51.58734893798828,51.88264677017388,50.86209933658958,51.61806106604274,108495200,0.0005956228453991574,AAPL,39,776,79.4000015258789,71.12000274658203,-1.0
2018-09-20,51.97949981689453,52.51103585851095,51.7716090115553,52.02911143351757,106435200,0.007601686982939171,AAPL,38,775,78.69999694824219,70.80000305175781,-1.0
2018-09-21,51.419612884521484,52.293693595499825,51.332202290127185,52.1566749925256,384986800,-0.01077130280870986,AAPL,37,774,78.80000305175781,70.77999877929688,-1.0
2018-09-24,52.1590461730957,52.27007844864043,51.17629770710372,51.221183555265625,110773600,0.014380374473740964,AAPL,34,771,81.19999694824219,72.08000183105469,-1.0
2018-09-25,52.489784240722656,52.638615511284215,51.901549623240875,51.91336225823483,98217600,0.006340953140311578,AAPL,33,770,81.87000274658203,72.27999877929688,-1.0
2018-09-26,52.07163619995117,52.85831002869763,51.91571808512725,52.20865482164101,95938800,-0.007966274710786037,AAPL,32,769,81.33999633789062,71.56999969482422,-1.0
2018-09-27,53.14179992675781,53.493796258750265,52.80870308957469,52.87485312376238,120724800,0.020551759170718054,AAPL,31,768,81.72000122070312,72.12000274658203,-1.0
2018-09-28,53.32843017578125,53.35205184075627,52.92210004922642,53.10400092790325,91717600,0.003511929390435764,AAPL,30,767,82.72000122070312,73.25,-1.0
2018-10-01,53.6875114440918,54.197787005703184,53.47253734395038,53.85051643777683,94403200,0.006733392809931571,AAPL,27,764,84.9800033569336,75.30000305175781,-1.0
2018-10-02,54.16470718383789,54.33479901696342,53.53867724574372,53.685143811325815,99152800,0.008888393723427201,AAPL,26,763,84.80000305175781,75.2300033569336,-1.0
2018-10-03,54.82381057739258,55.15454267446678,54.2828229843168,54.34660831900594,114619200,0.012168502846653606,AAPL,25,762,86.29000091552734,76.41000366210938,-1.0
2018-10-04,53.85996627807617,54.88996531394605,53.56230374089691,54.51906948736873,128168000,-0.01758076078925208,AAPL,24,761,84.58000183105469,74.33000183105469,-1.0
2018-10-05,52.98588943481445,53.959193731869235,52.10944731556173,53.8528872123664,134322000,-0.016228692731608985,AAPL,23,760,84.16000366210938,74.33999633789062,-1.0
2018-10-08,52.863037109375,53.1063622318355,52.01966478038702,52.49450599592842,118655600,-0.002318585698001585,AAPL,20,757,83.91000366210938,74.29000091552734,-1.0
2018-10-09,53.595359802246094,53.68985724599135,52.503940461127925,52.83231141813627,107564000,0.013853208837696807,AAPL,19,756,85.0,74.95999908447266,-1.0
2018-10-10,51.11250686645508,53.47252823327348,51.03927358720979,53.26227633927173,167962400,-0.04632589360258321,AAPL,18,755,83.08999633789062,73.16999816894531,-1.0
2018-10-11,50.66129684448242,51.854300842204054,50.15811177498409,50.67783525382728,212497600,-0.008827781097717646,AAPL,17,754,80.26000213623047,70.97000122070312,-1.0
2018-10-12,52.47088623046875,52.652790721334746,51.22590944484672,52.071642947462294,161351600,0.03571936564398093,AAPL,16,753,80.43000030517578,71.33999633789062,-1.0
2018-10-15,51.348758697509766,52.404744221133875,51.32749811495075,52.24646498756588,123164000,-0.021385717177145547,AAPL,13,750,80.77999877929688,71.77999877929688,-1.0
2018-10-16,52.48033905029297,52.678781969991945,51.20701470538468,51.71965140479342,116736000,0.02203715107212667,AAPL,12,749,81.41000366210938,71.91999816894531,-1.0
2018-10-17,52.253543853759766,52.59608862651848,51.816501609567986,52.51576847933284,91541600,-0.004321526892496985,AAPL,11,748,80.05000305175781,69.75,-1.0
2018-10-18,51.03219223022461,51.9109988853349,50.31875164361143,51.46686978304842,130325200,-0.02337356537871027,AAPL,10,747,79.29000091552734,68.6500015258789,-1.0
2018-10-19,51.80940628051758,52.270070113730455,51.36527724915882,51.51410848939273,132314800,0.015229877775712275,AAPL,9,746,79.77999877929688,69.12000274658203,-1.0
2018-10-22,52.12596893310547,52.76617618297206,51.722003540271174,51.92280389191962,115168400,0.006110138589002334,AAPL,6,743,79.83000183105469,69.16999816894531,-1.0
2018-10-23,52.61735153198242,52.74019644792127,50.720358416207795,50.987308828331614,155071200,0.009426829063025277,AAPL,5,742,76.44000244140625,66.43000030517578,-1.0
2018-10-24,50.81249237060547,52.97171017320504,50.68256059159632,52.586644215954536,163702000,-0.03430159650433762,AAPL,4,741,76.16999816894531,66.81999969482422,-1.0
2018-10-25,51.925167083740234,52.29842394420903,51.20463971399698,51.43143001575748,119423200,0.02189766061895515,AAPL,3,740,76.88999938964844,67.33000183105469,-1.0
2018-10-26,51.09834289550781,52.017309700274836,50.24079674850228,51.003845416593705,189033600,-0.015923380408174648,AAPL,2,739,77.62000274658203,67.58999633789062,-1.0
2018-10-29,50.13920593261719,51.899180119940304,48.68633857706264,51.78106099858024,183742000,-0.01877041227837828,AAPL,1462,736,77.33999633789062,67.04000091552734,-1.0
2018-10-30,50.38962173461914,50.8337472135886,49.43758183225462,49.88170731122408,146640000,0.004994411007196442,AAPL,1461,735,75.91000366210938,66.18000030517578,-1.0
2018-10-31,51.70310974121094,52.07872773863771,51.17393470003853,51.23535895942081,153435600,0.026066637560991923,AAPL,1460,734,75.47000122070312,65.30999755859375,-1.0
2018-11-01,52.49687194824219,52.52994516393309,51.21882196206112,51.747997017825796,233292800,0.015352310741157726,AAPL,1459,733,75.5,63.689998626708984,-1.0
2018-11-02,49.01471710205078,50.47230685045314,48.530427909312415,49.50373206968647,365314800,-0.06633071108740607,AAPL,1458,732,72.83000183105469,63.13999938964844,-1.0
2018-11-05,47.62327575683594,48.28474368617873,46.8153412419974,48.263483105324866,264654800,-0.0283882357684081,AAPL,1455,729,73.16999816894531,63.099998474121094,-1.0
2018-11-06,48.13827896118164,48.362704623192265,47.64690286909893,47.701236668284366,127531600,0.01081410709702757,AAPL,1454,728,72.12999725341797,62.209999084472656,-1.0
2018-11-07,49.59823226928711,49.624218627473745,48.22332718492194,48.658004808488826,133697600,0.03032832372928751,AAPL,1453,727,72.06999969482422,61.66999816894531,-1.0
2018-11-08,49.4251823425293,49.811591917382664,49.01269211992505,49.77840329836541,101450400,-0.0034890341619084886,AAPL,1452,726,70.6500015258789,60.66999816894531,-1.0
2018-11-09,48.47218704223633,48.83726183151383,47.94590781417605,48.728215068099814,137463200,-0.01928157378739581,AAPL,1451,725,70.18000030517578,60.189998626708984,-1.0
2018-11-12,46.03043746948242,47.37695470965315,45.940352537920646,47.175450083987386,204542000,-0.05037423978056288,AAPL,1448,722,70.12000274658203,59.93000030517578,-1.0
2018-11-13,45.570533752441406,46.74399267153785,45.385625249664386,45.42829839038313,187531600,-0.009991295810428125,AAPL,1447,721,65.47000122070312,55.689998626708984,-1.0
2018-11-14,44.283287048339844,46.10392577764723,44.0770401608399,45.96642905840981,243204000,-0.028247347531508815,AAPL,1446,720,66.12000274658203,56.25,-1.0
2018-11-15,45.37614059448242,45.5088950350297,44.30698624887807,44.66021072748847,185915200,0.024678690742844234,AAPL,1445,719,66.62000274658203,56.459999084472656,-1.0
2018-11-16,45.87872314453125,46.22009385580825,44.91388027599369,45.16042378008925,147713200,0.011075921033926406,AAPL,1444,718,66.76000213623047,56.459999084472656,-1.0
2018-11-19,44.06045913696289,45.20784136104754,43.85421581303996,45.04189824885159,167701200,-0.03963196625678311,AAPL,1441,715,66.79000091552734,56.7599983215332,-1.0
2018-11-20,41.95534133911133,43.01975380169379,41.60685899945494,42.28485823515441,271300800,-0.04777793602440139,AAPL,1440,714,62.529998779296875,53.43000030517578,-1.0
2018-11-21,41.90791320800781,42.7352627289544,41.85338983967159,42.60724693877204,124496800,-0.0011304432186636237,AAPL,1439,713,63.47999954223633,54.630001068115234,-1.0
2018-11-23,40.843509674072266,41.86525241632078,40.798470823102626,41.47172767156233,94496000,-0.025398628861628914,AAPL,1437,711,58.79999923706055,50.41999816894531,-1.0
2018-11-26,41.39585494995117,41.47408601348081,40.362262246396874,41.30577365457601,179994000,0.013523452815063619,AAPL,1434,708,60.47999954223633,51.630001068115234,-1.0
2018-11-27,41.30577850341797,41.43142136093944,40.50924821986047,40.65859516114247,165549600,-0.0021759774412706268,AAPL,1433,707,60.209999084472656,51.560001373291016,-1.0
2018-11-28,42.89408493041992,42.97705462654023,41.46933713644964,41.896050316151936,184250000,0.03845240265524885,AAPL,1432,706,58.7599983215332,50.290000915527344,-1.0
2018-11-29,42.56459045410156,43.335043902303134,42.12602319821,43.301855283072136,167080000,-0.007681583063325559,AAPL,1431,705,59.5099983215332,51.45000076293945,-1.0
2018-11-30,42.33461380004883,42.749473097789085,41.967166270021686,42.73998857387486,158126000,-0.005403004036905412,AAPL,1430,704,58.709999084472656,50.93000030517578,-1.0
2018-12-03,43.81389236450195,43.84233870656651,42.95809660695572,43.72854972102165,163210000,0.03494253122137647,AAPL,1427,701,61.689998626708984,52.95000076293945,-1.0
2018-12-04,41.886573791503906,43.23782932087698,41.78700797536975,42.89645874139606,165377200,-0.04398875491280396,AAPL,1426,700,62.08000183105469,53.25,-1.0
2018-12-06,41.419559478759766,41.43378264971553,40.400190025252535,40.71785290088674,172393600,-0.011149499003398233,AAPL,1424,698,60.060001373291016,51.4900016784668,-1.0
2018-12-07,39.942657470703125,41.36503231200457,39.89761502196278,41.127969838454334,169126400,-0.035657115301141906,AAPL,1423,697,61.66999816894531,52.61000061035156,-1.0
2018-12-10,40.205810546875,40.32196888310216,38.71942732261499,39.11532135314505,248104000,0.006588271608239715,AAPL,1420,694,59.970001220703125,51.0,-1.0
2018-12-11,39.975868225097656,40.724983307504,39.58945502154672,40.694167628620505,189126800,-0.005719131604354999,AAPL,1419,693,60.20000076293945,51.650001525878906,-1.0
2018-12-12,40.08727264404297,40.755787053863365,40.06830720881082,40.395451019026375,142510800,0.0027867917294006617,AAPL,1418,692,60.150001525878906,51.150001525878906,-1.0
2018-12-13,40.52583694458008,40.909880685541545,40.19395086452644,40.41679021139973,127594400,0.010940237926170937,AAPL,1417,691,61.45000076293945,52.58000183105469,-1.0
2018-12-14,39.2291145324707,40.082541263185234,39.18170274016165,40.06357582280403,162814800,-0.031997424603042,AAPL,1416,690,60.279998779296875,51.20000076293945,-1.0
2018-12-17,38.86403274536133,39.909479397667184,38.57718548508604,39.221995872633826,177151600,-0.00930639886880924,AAPL,1413,687,59.61000061035156,49.880001068115234,-1.0
2018-12-18,39.368980407714844,39.71508971376303,38.97071343268076,39.205406665323395,135366000,0.012992672830993923,AAPL,1412,686,56.2599983215332,46.2400016784668,-1.0
2018-12-19,38.140987396240234,39.696116895593,37.714274151347865,39.35237697678329,196189200,-0.031191892671773913,AAPL,1411,685,57.2400016784668,47.20000076293945,-1.0
2018-12-20,37.17852020263672,38.43021017900651,36.81581479001181,38.024831626332364,259092000,-0.025234459286662125,AAPL,1410,684,54.349998474121094,45.880001068115234,1.0
2018-12-21,35.7324333190918,37.4938097578085,35.47166671241152,37.185627752379936,382978400,-0.038895762275184986,AAPL,1409,683,53.81999969482422,45.59000015258789,1.0
2018-12-24,34.80790328979492,35.92683909289453,34.75100696144994,35.12082405247148,148676800,-0.025873693544483545,AAPL,1406,680,50.470001220703125,42.529998779296875,1.0
2018-12-26,37.25910568237305,37.273328850931755,34.78180374681851,35.156362860437184,234330000,0.07042085736019543,AAPL,1404,678,54.470001220703125,46.220001220703125,1.0
2018-12-27,37.01730728149414,37.16428848868173,35.575970489882636,36.943818486543655,212468400,-0.0064896458583894034,AAPL,1403,677,52.15999984741211,44.61000061035156,1.0
2018-12-28,37.03628921508789,37.57916459813956,36.63802578091373,37.33735973179769,169165600,0.0005127853695408024,AAPL,1402,676,52.20000076293945,45.33000183105469,1.0
2018-12-31,37.39424514770508,37.77828529250411,37.095544041939455,37.58152295661812,140014000,0.009665005328648446,AAPL,1399,673,53.79999923706055,45.40999984741211,1.0
2019-01-02,37.43690872192383,37.65737872294249,36.56214753787914,36.71860965250056,148158800,0.0011409128343207176,AAPL,1397,671,54.90999984741211,46.540000915527344,1.0
2019-01-03,33.70793151855469,34.54476220334319,33.66288904599464,34.132271979006546,365248800,-0.09960697425814369,AAPL,1396,670,55.95000076293945,47.09000015258789,1.0
2019-01-04,35.14689636230469,35.21564653531297,34.089599294610764,34.26265396297282,234428400,0.04268920633584172,AAPL,1395,669,57.060001373291016,47.959999084472656,1.0
2019-01-07,35.06865310668945,35.282011522303684,34.58741653180372,35.2511922404592,219111200,-0.0022261782323161894,AAPL,1392,666,57.33000183105469,48.52000045776367,1.0
2019-01-08,35.737186431884766,35.99084514650558,35.208537854389775,35.45508136320859,164101200,0.019063558647702594,AAPL,1391,665,58.720001220703125,49.779998779296875,1.0
2019-01-09,36.344058990478516,36.63327559109025,35.471670542086514,35.865191626259296,180396400,0.01698154273421748,AAPL,1390,664,61.439998626708984,52.36000061035156,1.0
2019-01-10,36.46021270751953,36.50051289787485,35.7632483886162,36.152030738423186,143122800,0.003195947845876068,AAPL,1389,663,61.68000030517578,52.59000015258789,1.0
2019-01-11,36.10224914550781,36.436508162841335,35.91734067151202,36.24211877976571,108092800,-0.00981792302977691,AAPL,1388,662,60.47999954223633,51.59000015258789,1.0
2019-01-14,35.55937957763672,35.860450004234444,35.37447109321598,35.76088417549152,129756800,-0.015037001314879062,AAPL,1385,659,58.9900016784668,50.5099983215332,1.0
2019-01-15,36.28716278076172,36.36302090848889,35.571232935659744,35.62338698103528,114843600,0.020466701381446573,AAPL,1384,658,60.63999938964844,52.11000061035156,1.0
2019-01-16,36.730464935302734,36.95330426774839,36.270563098942425,36.28952853333001,122278800,0.012216500838584166,AAPL,1383,657,61.31999969482422,52.310001373291016,1.0
2019-01-17,36.94855880737305,37.37527200094984,36.33219490361918,36.555034216780754,119284800,0.005937683404075189,AAPL,1382,656,61.18000030517578,52.06999969482422,1.0
2019-01-18,37.1761474609375,37.42743316241718,36.977012187831065,37.33734824404253,135004000,0.006159608409923578,AAPL,1381,655,62.70000076293945,53.79999923706055,1.0
2019-01-22,36.3416862487793,37.154808983139375,36.18048184882576,37.07895085520432,121576000,-0.022446145422545638,AAPL,1377,651,61.5,52.56999969482422,1.0
2019-01-23,36.48866653442383,36.7778831290405,35.96238739453365,36.54318990699627,92522400,0.0040443991684471214,AAPL,1376,650,61.13999938964844,52.619998931884766,1.0
2019-01-24,36.19944763183594,36.62141864613615,35.97186962856401,36.53370666750917,101766000,-0.00792626670297858,AAPL,1375,649,61.09000015258789,53.130001068115234,1.0
2019-01-25,37.39898681640625,37.48670242020263,36.58349467789878,36.85848448845611,134142000,0.03313694719240323,AAPL,1374,648,61.63999938964844,53.689998626708984,1.0
2019-01-28,37.0528678894043,37.05997947471733,36.427023060851354,36.93196370450961,104768400,-0.009254767480762816,AAPL,1371,645,59.93000030517578,51.9900016784668,1.0
2019-01-29,36.66883087158203,37.4866995043385,36.53370710874869,37.0410207847248,166348800,-0.010364569322097839,AAPL,1370,644,61.31999969482422,53.310001373291016,1.0
2019-01-30,39.17459487915039,39.387949773483115,37.9845396073485,38.70046967637701,244439200,0.06833498499976187,AAPL,1369,643,61.650001525878906,54.22999954223633,1.0
2019-01-31,39.45668411254883,40.06356354968348,39.01100544334011,39.37845305142474,162958400,0.007200820691794174,AAPL,1368,642,61.88999938964844,53.790000915527344,1.0
2019-02-01,39.475650787353516,40.05882254527424,39.33578115515661,39.57995887212942,130672400,0.00048069611603929197,AAPL,1367,641,61.869998931884766,55.2599983215332,1.0
2019-02-04,40.59696960449219,40.6941661370959,39.65583080807361,39.686650103115795,125982000,0.028405328215586945,AAPL,1364,638,62.5099983215332,54.560001373291016,1.0
2019-02-05,41.29154968261719,41.504908129697604,40.85772843652332,40.97862902443456,144406400,0.01710916073026647,AAPL,1363,637,61.97999954223633,53.65999984741211,1.0
2019-02-06,41.30577850341797,41.62107211746024,40.97626171566191,41.40297139622457,112958400,0.0003445940128221636,AAPL,1362,636,62.689998626708984,54.0099983215332,1.0
2019-02-07,40.52347946166992,41.23466722725265,40.381240461638164,40.869588815238885,126966800,-0.01893921553090483,AAPL,1361,635,61.630001068115234,52.63999938964844,1.0
2019-02-08,40.571083068847656,40.63060287724648,40.097304086184714,40.23301099307842,95280000,0.0011747166780868845,AAPL,1360,634,62.099998474121094,52.720001220703125,1.0
2019-02-11,40.337764739990234,40.7615491383027,40.29491221963111,40.723455587227264,83973600,-0.005750852854026323,AAPL,1357,631,61.5099983215332,52.40999984741211,1.0
2019-02-12,40.685359954833984,40.71154881575849,40.40204508650543,40.49727895932219,89134000,0.008617116418926152,AAPL,1356,630,62.41999816894531,53.099998474121094,1.0
2019-02-13,40.516326904296875,41.06390993130662,40.454427604228414,40.80440440861806,89960800,-0.004154640655133934,AAPL,1355,629,63.61000061035156,53.900001525878906,1.0
2019-02-14,40.6639289855957,40.77344338564878,40.32585695005733,40.40442352373039,87342800,0.0036430272084504445,AAPL,1354,628,64.56999969482422,54.40999984741211,1.0
2019-02-15,40.57347869873047,40.878219948373705,40.41396598468301,40.77108497718389,98507200,-0.0022243371243657606,AAPL,1353,627,66.25,55.59000015258789,1.0
2019-02-19,40.694889068603516,40.81631182485076,40.35205796132108,40.40443569287842,75891200,0.002992357908833787,AAPL,1349,623,66.44999694824219,56.09000015258789,1.0
2019-02-20,40.95677185058594,41.26389610818391,40.70917103649229,40.756786158494805,104457600,0.006435274501939148,AAPL,1348,622,67.08000183105469,56.91999816894531,1.0
2019-02-21,40.72582244873047,41.037705581789,40.54488358640639,40.90200234324591,68998800,-0.005638857542239695,AAPL,1347,621,67.06999969482422,56.959999084472656,1.0
2019-02-22,41.18057632446289,41.18771841275426,40.80203111381347,40.84964624668983,75652800,0.011166229394259819,AAPL,1346,620,67.12000274658203,57.2599983215332,1.0
2019-02-25,41.48054885864258,41.870998703552395,41.413886955814164,41.4638851993361,87493600,0.007284320933641064,AAPL,1343,617,64.76000213623047,55.47999954223633,1.0
2019-02-26,41.50436019897461,41.735297384970416,41.22818736975056,41.35675221185204,68280800,0.0005740362889887773,AAPL,1342,616,65.20999908447266,55.5,1.0
2019-02-27,41.63291931152344,41.663870778026364,41.12342983703562,41.237710498215094,111341600,0.0030974845036162435,AAPL,1341,615,66.38999938964844,56.939998626708984,1.0
2019-02-28,41.22342300415039,41.64244483272273,41.16866579075333,41.501978939190536,112861600,-0.009835877813634486,AAPL,1340,614,66.02999877929688,57.220001220703125,1.0
2019-03-01,41.65671920776367,41.69957172134979,41.1615140204551,41.49244397341607,103544800,0.010510922481368423,AAPL,1339,613,65.06999969482422,55.79999923706055,1.0
2019-03-04,41.866241455078125,42.318590618981844,41.41865126099976,41.8281478996669,109744800,0.005029734729455226,AAPL,1336,610,65.66999816894531,56.59000015258789,1.0
2019-03-05,41.7900505065918,41.90194804483561,41.554350741031215,41.8876638710685,78949600,-0.0018198659788478677,AAPL,1335,609,65.86000061035156,56.560001373291016,1.0
2019-03-06,41.54960250854492,41.78053973159298,41.411516071777896,41.585312952190705,83241600,-0.005753713985316877,AAPL,1334,608,65.98999786376953,56.220001220703125,1.0
2019-03-07,41.068687438964844,41.530561954309434,40.95441036936287,41.394854982505024,99185600,-0.011574480633868234,AAPL,1333,607,66.30000305175781,56.65999984741211,1.0
2019-03-08,41.166282653808594,41.20437620444497,40.35443156577534,40.54965828818608,95997600,0.0023763899196631577,AAPL,1332,606,65.73999786376953,56.06999969482422,1.0
2019-03-11,42.59236526489258,42.644742976857906,41.747187054034036,41.780517995030145,128044000,0.03464200600954781,AAPL,1329,603,66.58000183105469,56.790000915527344,1.0
2019-03-12,43.07091522216797,43.48993336743866,42.70427116635539,42.85426224671515,129870400,0.011235580703235604,AAPL,1328,602,66.66999816894531,56.869998931884766,1.0
2019-03-13,43.26139450073242,43.63993974472947,43.07330980501926,43.389955734104255,124130000,0.004422457186756379,AAPL,1327,601,67.55000305175781,58.2599983215332,1.0
2019-03-14,43.742305755615234,43.8303975608462,43.463753429758704,43.78277879788824,94318000,0.011116406681589197,AAPL,1326,600,67.2300033569336,58.61000061035156,1.0
2019-03-15,44.31130599975586,44.599383472174495,43.74467989147585,44.00894798730422,156171600,0.013008007564109247,AAPL,1325,599,67.16000366210938,58.52000045776367,1.0
2019-03-18,44.7636604309082,44.851748588606974,44.23274110168336,44.23512421911368,104879200,0.01020855560327738,AAPL,1322,596,67.54000091552734,59.09000015258789,1.0
2019-03-19,44.4089241027832,44.99460068115345,44.263695608787415,44.84223009997764,126585600,-0.007924649698219599,AAPL,1321,595,67.61000061035156,59.029998779296875,1.0
2019-03-20,44.7969970703125,45.11364294068705,43.98038327138836,44.33750218240909,124140800,0.008738625746282702,AAPL,1320,594,68.5,59.83000183105469,1.0
2019-03-21,46.44687271118164,46.74209224259424,45.18981475936104,45.239812992435944,204136800,0.036830049975884016,AAPL,1319,593,67.86000061035156,59.97999954223633,-1.0
2019-03-22,45.48503875732422,47.06588473880765,45.420756346429926,46.50639708117386,169630800,-0.020708260808824486,AAPL,1318,592,67.02999877929688,59.040000915527344,1.0
2019-03-25,44.935081481933594,45.70645597035694,44.42559200356954,45.59455842593482,175381200,-0.012090948813406666,AAPL,1315,589,67.20999908447266,58.81999969482422,1.0
2019-03-26,44.470829010009766,45.9207346479957,43.94467581313153,45.63027762337992,199202000,-0.010331626351016698,AAPL,1314,588,67.97000122070312,59.939998626708984,1.0
2019-03-27,44.870792388916016,45.17791299458407,44.41368070712132,44.937454282127696,119393600,0.008993836809658484,AAPL,1313,587,67.83000183105469,59.40999984741211,1.0
2019-03-28,44.93031311035156,45.1302987940568,44.64699824203542,44.9850703167183,83121600,0.0013264914271995387,AAPL,1312,586,67.81999969482422,59.29999923706055,1.0
2019-03-29,45.223140716552734,45.25409217327148,44.887448191957425,45.19457237668934,94256000,0.006517372925534115,AAPL,1311,585,68.38999938964844,60.13999938964844,1.0
2019-04-01,45.530269622802734,45.63502142409806,44.84936293398055,45.62549985408957,111448000,0.006791410357255057,AAPL,1308,582,69.01000213623047,61.59000015258789,1.0
2019-04-02,46.192134857177734,46.29689030333463,45.48503922841955,45.49456079952432,91062800,0.014536817810617997,AAPL,1307,581,69.37000274658203,62.58000183105469,-1.0
2019-04-03,46.50878143310547,46.78257110861055,45.98500419384211,46.00881357119078,93087200,0.006854988991237931,AAPL,1306,580,69.30999755859375,62.459999084472656,-1.0
2019-04-04,46.58972930908203,46.751621456363765,45.98262649117338,46.37545580304311,76457200,0.0017404858498173414,AAPL,1305,579,69.4000015258789,62.099998474121094,-1.0
2019-04-05,46.901607513427734,46.925416889143655,46.64686099790996,46.77066321259153,74106400,0.006694140725237219,AAPL,1304,578,70.33999633789062,63.08000183105469,-1.0
2019-04-08,47.63965606689453,47.670603896938765,46.744475824121956,46.76352259873422,103526800,0.015736103570767712,AAPL,1301,575,71.0999984741211,64.4000015258789,-1.0
2019-04-09,47.4968147277832,48.294381741495606,47.43253230720783,47.69204147441901,143072800,-0.0029983704943368217,AAPL,1300,574,70.61000061035156,63.97999954223633,-1.0
2019-04-10,47.763458251953125,47.792030232425006,47.1825442973062,47.30158392300267,86781200,0.005613924337834586,AAPL,1299,573,71.7300033569336,64.61000061035156,-1.0
2019-04-11,47.36587142944336,47.853934673821236,47.24445230598995,47.81822423539419,83603200,-0.008324079475411694,AAPL,1298,572,70.83000183105469,63.58000183105469,-1.0
2019-04-12,47.34682083129883,47.64918250585792,46.713532766545136,47.42538742230085,111042800,-0.0004022009427803175,AAPL,1297,571,71.55000305175781,63.88999938964844,-1.0
2019-04-15,47.43253707885742,47.58014871253934,47.1420800473952,47.27778698972833,70146400,0.0018103907728885815,AAPL,1294,568,71.18000030517578,63.400001525878906,-1.0
2019-04-16,47.43729782104492,47.942024745778596,47.273022532160425,47.487296069627796,102785600,0.00010036870217566829,AAPL,1293,567,71.72000122070312,64.05000305175781,-1.0
2019-04-17,48.36103439331055,48.42055419987631,47.28491527341734,47.50632721009765,115627200,0.019472790708913834,AAPL,1292,566,71.62000274658203,63.7599983215332,-1.0
2019-04-18,48.534828186035156,48.60386955891566,48.215802914600246,48.35864826177386,96783200,0.003593674016795889,AAPL,1291,565,71.97000122070312,64.0,-1.0
2019-04-22,48.69434356689453,48.79195692095308,48.17294948323619,48.28960961121841,77758000,0.0032866167826524073,AAPL,1287,561,74.04000091552734,65.69999694824219,-1.0
2019-04-23,49.39668655395508,49.46096897486131,48.5443623205219,48.67054404461103,93292000,0.014423502518227771,AAPL,1286,560,74.51000213623047,66.30000305175781,-1.0
2019-04-24,49.320491790771484,49.634754470227186,49.294302931416794,49.36810690792531,70162400,-0.0015425075748829453,AAPL,1285,559,74.56999969482422,65.88999938964844,-1.0
2019-04-25,48.87291717529297,49.46335280715113,48.83482361638554,49.24194080750497,74172800,-0.009074820611627898,AAPL,1284,558,74.3499984741211,65.20999908447266,-1.0
2019-04-26,48.63957977294922,48.80623448120304,48.12056524404423,48.78242510882385,74596400,-0.0047743702612805805,AAPL,1283,557,72.1500015258789,63.29999923706055,-1.0
2019-04-29,48.71339416503906,49.0371820815589,48.5348347323877,48.66339592546426,88818800,0.0015175787380239392,AAPL,1280,554,72.04000091552734,63.5,-1.0
2019-04-30,47.77536392211914,48.42531927458395,47.403960863567825,48.34437319932044,186139600,-0.019256105204698115,AAPL,1279,553,72.80000305175781,63.90999984741211,-1.0
2019-05-01,50.12045669555664,51.26085497694235,49.81333235534916,49.96808608448377,259309200,0.04908581705961135,AAPL,1278,552,72.18000030517578,63.599998474121094,-1.0
2019-05-02,49.79426193237305,50.62753911071025,49.55142377030235,49.95853715735041,127985200,-0.006508216099565423,AAPL,1277,551,70.75,61.810001373291016,-1.0
2019-05-03,50.413291931152344,50.434718196346275,50.051410376846924,50.20854358720607,83569600,0.012431753675152812,AAPL,1276,550,70.8499984741211,61.939998626708984,-1.0
2019-05-06,49.63477325439453,49.7204819508279,48.4491393144011,48.63722036981776,129772400,-0.015442726450417221,AAPL,1273,547,71.23999786376953,62.25,-1.0
2019-05-07,48.296756744384766,49.382397541879435,47.81345615806851,49.01575709573647,155054800,-0.02695724030312363,AAPL,1272,546,69.87999725341797,61.400001525878906,-1.0
2019-05-08,48.3062858581543,48.88719989942972,48.03249613134411,48.06820657125792,105358000,0.0001973033887132658,AAPL,1271,545,70.37000274658203,62.119998931884766,-1.0
2019-05-09,47.78726577758789,48.01581981569588,46.82066463565413,47.71107867635127,139634400,-0.010744359069344456,AAPL,1270,544,70.38999938964844,61.70000076293945,-1.0
2019-05-10,47.125247955322266,47.524374640553994,46.07127795478432,47.18260833059418,164834800,-0.013853435878645959,AAPL,1269,543,70.62000274658203,61.65999984741211,-1.0
2019-05-13,44.38636016845703,45.28498427633387,43.70044246376236,44.86196376514138,229722400,-0.05811932893089233,AAPL,1266,540,70.2300033569336,61.040000915527344,1.0
2019-05-14,45.089012145996094,45.33756652424248,44.31227469963762,44.55127083697869,146118800,0.015830358129667044,AAPL,1265,539,71.23999786376953,61.779998779296875,1.0
2019-05-15,45.62913513183594,45.827502333135364,44.458055696511366,44.51780472171754,106178800,0.011979037910410328,AAPL,1264,538,71.7699966430664,62.02000045776367,1.0
2019-05-16,45.428375244140625,45.999575728464684,45.13201879261702,45.387746348226955,132125600,-0.004399817947792761,AAPL,1263,537,72.62000274658203,62.869998931884766,1.0
2019-05-17,45.170265197753906,45.624356352136516,44.63491259367641,44.67554149512822,131516400,-0.005681692224289048,AAPL,1262,536,72.20999908447266,62.7599983215332,1.0
2019-05-20,43.75779724121094,44.05893467607337,43.08621875043243,43.860567465632776,154449200,-0.03126986194035464,AAPL,1259,533,71.97000122070312,63.099998474121094,1.0
2019-05-21,44.5966682434082,44.93126128361247,44.14257352108455,44.26685249892783,113459200,0.019170777669018868,AAPL,1258,532,72.18000030517578,62.9900016784668,1.0
2019-05-22,43.683712005615234,44.38397255733177,43.62874391724978,44.13302589344985,118994400,-0.020471400078814428,AAPL,1257,531,70.98999786376953,61.41999816894531,1.0
2019-05-23,42.93803787231445,43.148351949089296,42.495893652579475,42.97149717862801,146118800,-0.017069843634280213,AAPL,1256,530,67.76000213623047,57.90999984741211,1.0
2019-05-24,42.773136138916016,43.53075340614285,42.68948603770904,43.067100347137895,94858800,-0.0038404580546695932,AAPL,1255,529,68.69000244140625,58.630001068115234,1.0
2019-05-28,42.596275329589844,43.16030629063083,42.519798471322034,42.76118322768103,111792800,-0.004134857185869478,AAPL,1251,525,70.11000061035156,59.13999938964844,1.0
2019-05-29,42.39312744140625,42.863950028564076,42.063311671553926,42.16368959133705,113924800,-0.004769146753131115,AAPL,1250,524,69.44999694824219,58.810001373291016,1.0
2019-05-30,42.61300277709961,42.835267386171125,42.223437990733274,42.5293526884522,84873600,0.005186579735058761,AAPL,1249,523,66.87000274658203,56.59000015258789,1.0
2019-05-31,41.84103775024414,42.53890573737013,41.82191762975972,42.118270380293026,108174400,-0.018115715310969005,AAPL,1248,522,64.48999786376953,53.5,1.0
2019-06-03,41.41803741455078,42.522198564285816,40.69387930377752,41.96772934053901,161584400,-0.010109699912758341,AAPL,1245,519,61.279998779296875,53.25,1.0
2019-06-04,42.93325424194336,42.97866407912439,41.7095955198849,41.92947146858037,123872000,0.03658350134331223,AAPL,1244,518,61.970001220703125,53.47999954223633,1.0
2019-06-05,43.6263542175293,44.21189768368727,43.29176107697479,44.042208818039946,119093600,0.01614366271142842,AAPL,1243,517,60.630001068115234,51.68000030517578,1.0
2019-06-06,44.26686477661133,44.32661381084746,43.533144885731595,43.755413189421674,90105200,0.014681734712195471,AAPL,1242,516,61.66999816894531,52.59000015258789,1.0
2019-06-07,45.44511032104492,45.86813447046718,44.39830980535762,44.57516459850568,122737600,0.026616873600140867,AAPL,1241,515,63.290000915527344,53.9900016784668,1.0
2019-06-10,46.02587127685547,46.692668818811526,45.79643340678976,45.84184325115213,104883600,0.012779393684112295,AAPL,1238,512,62.290000915527344,53.2599983215332,1.0
2019-06-11,46.55881881713867,46.843224693406505,46.26963564567272,46.57076934871442,107731600,0.011579303672002439,AAPL,1237,511,62.290000915527344,53.27000045776367,1.0
2019-06-12,46.41066360473633,46.83607646597626,46.219465952688836,46.353303215084516,73012800,-0.003182108484844237,AAPL,1236,510,59.970001220703125,51.13999938964844,1.0
2019-06-13,46.401092529296875,47.03204210337555,46.269647588406826,46.53254111697809,86698400,-0.0002062257829572589,AAPL,1235,509,61.310001373291016,52.279998779296875,1.0
2019-06-14,46.06410598754883,46.26725046842475,45.48095496613412,45.779700067531756,75046000,-0.00726246998462976,AAPL,1234,508,62.0099983215332,52.5099983215332,1.0
2019-06-17,46.33894729614258,46.59467483835488,45.927873769058344,46.102339876909845,58676400,0.00596649609715727,AAPL,1231,505,60.939998626708984,51.93000030517578,1.0
2019-06-18,47.42877197265625,47.868523890430765,46.65442699718173,46.85518283180173,106204000,0.02351854627919847,AAPL,1230,504,62.13999938964844,53.900001525878906,1.0
2019-06-19,47.29015350341797,47.77053796142273,47.15631628119662,47.72273582766585,84496800,-0.0029226662102530554,AAPL,1229,503,61.81999969482422,53.7599983215332,1.0
2019-06-20,47.670162200927734,47.945006248507305,47.32839589241973,47.88764587347905,86056000,0.0080356833158155,AAPL,1228,502,64.44999694824219,56.650001525878906,1.0
2019-06-21,47.50764083862305,48.002364478306184,47.35707214014717,47.51242178135948,191202400,-0.0034092890563213185,AAPL,1227,501,65.19999694824219,57.43000030517578,1.0
2019-06-24,47.4598503112793,47.83746462139094,47.36186102609769,47.450288424202775,72881600,-0.0010059545475240572,AAPL,1224,498,64.86000061035156,57.900001525878906,1.0
2019-06-25,46.740478515625,47.622371240341856,46.673556238992205,47.42400399945902,84281200,-0.015157481343410995,AAPL,1223,497,65.05000305175781,57.83000183105469,1.0
2019-06-26,47.75142288208008,48.03582883274254,47.16588314960564,47.266261076876305,104270000,0.021628883540786292,AAPL,1222,496,66.48999786376953,59.380001068115234,1.0
2019-06-27,47.73707580566406,48.17443904653246,47.696446911829156,47.86852072527501,83598800,-0.00030045338023632073,AAPL,1221,495,66.55000305175781,59.43000030517578,1.0
2019-06-28,47.30210876464844,47.67972304896698,47.09418331982912,47.48374449199016,124442400,-0.009111723616803902,AAPL,1220,494,66.55000305175781,58.470001220703125,1.0
2019-07-01,48.16966247558594,48.87231156085323,47.95456380737443,48.55683497285938,109012000,0.018340698408479295,AAPL,1217,491,65.05999755859375,59.09000015258789,1.0
2019-07-02,48.451683044433594,48.547283681806604,48.124259522560685,48.13621005808124,67740800,0.005854734169885356,AAPL,1216,490,62.400001525878906,56.25,1.0
2019-07-03,48.85319137573242,48.86036096665152,48.44211781134659,48.583124628476725,45448000,0.008286777797390732,AAPL,1215,489,63.81999969482422,57.34000015258789,1.0
2019-07-05,48.810176849365234,49.013325011259084,48.49231157030816,48.59986274236455,69062000,-0.0008804854945168028,AAPL,1213,487,64.2300033569336,57.5099983215332,1.0
2019-07-08,47.80400085449219,48.133812992062914,47.41921698833378,47.99280616855415,101354400,-0.020614061653131066,AAPL,1210,484,64.11000061035156,57.65999984741211,1.0
2019-07-09,48.095584869384766,48.16011120195485,47.51482234871203,47.608030698104976,82312000,0.006099573459972918,AAPL,1209,483,64.16000366210938,57.83000183105469,1.0
2019-07-10,48.57117462158203,48.690672667251185,48.17205158666198,48.241362495353016,71588400,0.009888428501053648,AAPL,1208,482,67.01000213623047,60.43000030517578,1.0
2019-07-11,48.21747589111328,48.84842561563833,48.207917649180615,48.59030932195189,80767200,-0.0072820707595485645,AAPL,1207,481,66.5199966430664,60.20000076293945,1.0
2019-07-12,48.58790588378906,48.755202417628624,48.32500872576195,48.384757748332575,70380800,0.007682484116595001,AAPL,1206,480,66.72000122070312,60.209999084472656,1.0
2019-07-15,49.044395446777344,49.20213011459918,48.7552085366531,48.77671731224816,67789600,0.009395127340538156,AAPL,1203,477,66.4800033569336,59.58000183105469,1.0
2019-07-16,48.874698638916016,49.259482475783514,48.63570255755212,48.89620741100897,67467200,-0.003460065239166421,AAPL,1202,476,64.3499984741211,57.619998931884766,1.0
2019-07-17,48.59984588623047,49.01569665926228,48.58072576553622,48.76714238381741,56430000,-0.005623620407690821,AAPL,1201,475,63.65999984741211,56.779998779296875,1.0
2019-07-18,49.15193557739258,49.20451500768722,48.68350164752872,48.75520120218422,74162400,0.011359906211524162,AAPL,1200,474,61.93000030517578,55.29999923706055,1.0
2019-07-19,48.418212890625,49.35268839848465,48.36324481568932,49.1829995843911,83717200,-0.01492764584239592,AAPL,1199,473,62.470001220703125,55.630001068115234,1.0
2019-07-22,49.524776458740234,49.52716510710405,48.66200031652238,48.67155855676903,89111600,0.022854283585701962,AAPL,1196,470,63.2599983215332,56.220001220703125,1.0
2019-07-23,49.91194534301758,49.92867682071002,49.54150065350668,49.821129303572306,73420800,0.00781768060275656,AAPL,1195,469,63.83000183105469,56.77000045776367,1.0
2019-07-24,49.87131881713867,49.98603593109381,49.51282464508648,49.63232270243721,59966400,-0.0008139639839661594,AAPL,1194,468,63.18000030517578,55.880001068115234,1.0
2019-07-25,49.47697067260742,50.0075422744963,49.407659765565704,49.923892185802046,55638400,-0.00790731333930017,AAPL,1193,467,63.38999938964844,56.02000045776367,1.0
2019-07-26,49.6490478515625,50.124647725241516,49.50564874230592,49.58690653571559,70475600,0.003477924711553726,AAPL,1192,466,63.459999084472656,56.20000076293945,1.0
2019-07-29,50.11269760131836,50.34213544864626,49.816344788392115,49.8211257312173,86693600,0.009338542627082225,AAPL,1189,463,63.709999084472656,56.869998931884766,1.0
2019-07-30,49.89760971069336,50.2274255237216,49.54628512206538,49.89282876718518,135742800,-0.00429208366183309,AAPL,1188,462,64.72000122070312,58.04999923706055,1.0
2019-07-31,50.91572570800781,52.90656358701365,50.49987484291198,51.723533663924655,277125600,0.020404103587676747,AAPL,1187,461,65.16999816894531,58.58000183105469,1.0
2019-08-01,49.81394958496094,52.108313337109216,49.410049286192155,51.12125839181598,216071600,-0.021639210827816835,AAPL,1186,460,60.5,53.95000076293945,1.0
2019-08-02,48.75999450683594,49.335972444521424,48.188793866358694,49.12087737281385,163448400,-0.021157830023644464,AAPL,1185,459,61.88999938964844,55.65999984741211,1.0
2019-08-05,46.207515716552734,47.47658471567887,46.02587995166039,47.31885002499506,209572000,-0.052347807174698446,AAPL,1182,456,59.810001373291016,54.689998626708984,1.0
2019-08-06,47.08222198486328,47.337949509555145,46.374792070249164,46.91731412640446,143299200,0.018929956626021482,AAPL,1181,455,58.939998626708984,53.630001068115234,1.0
2019-08-07,47.56978225708008,47.69406125048899,46.32222596704192,46.702228891752036,133457600,0.010355506848711338,AAPL,1180,454,56.22999954223633,51.09000015258789,1.0
2019-08-08,48.61898422241211,48.64288529572493,47.653441397317536,47.84702769205936,108038000,0.02205605986720438,AAPL,1179,453,57.380001068115234,52.540000915527344,1.0
2019-08-09,48.21833419799805,48.64296188820883,47.81049423332828,48.292703895357675,98478800,-0.008240608700939789,AAPL,1178,452,58.529998779296875,54.5,1.0
2019-08-12,48.09599304199219,48.472644393502215,47.776920016376316,47.88967528334762,89927600,-0.002537233150848639,AAPL,1175,449,58.56999969482422,54.93000030517578,1.0
2019-08-13,50.13277053833008,50.893266254855526,48.09598298618555,48.225533277199396,188874000,0.04234817429717275,AAPL,1174,448,61.29999923706055,57.099998474121094,1.0
2019-08-14,48.64057159423828,49.5258185877482,48.60218604759379,48.7389331847721,146189600,-0.029764940737733725,AAPL,1173,447,59.47999954223633,55.22999954223633,1.0
2019-08-15,48.39826583862305,49.213938506270125,47.90166247767573,48.81090128055658,108909600,-0.004981556500539441,AAPL,1172,446,58.22999954223633,54.470001220703125,1.0
2019-08-16,49.54020690917969,49.69854452652455,48.90206099247231,49.00761940403555,110481600,0.02359466916364883,AAPL,1171,445,58.63999938964844,54.869998931884766,1.0
2019-08-19,50.46384048461914,51.03480988446153,50.387069397884126,50.52861197082405,97654400,0.01864412026241058,AAPL,1168,442,59.7400016784668,56.209999084472656,1.0
2019-08-20,50.46623992919922,51.18355469517102,50.45664537335362,50.590991119074104,107537200,4.754779971238854e-05,AAPL,1167,441,60.029998779296875,56.34000015258789,1.0
2019-08-21,51.01321792602539,51.25551979787076,50.76371922258588,51.0971858421528,86141600,0.010838493170752361,AAPL,1166,440,60.29999923706055,55.68000030517578,1.0
2019-08-22,50.97004318237305,51.445052429028564,50.55980542800198,51.14517220703567,89014800,-0.0008463442497383955,AAPL,1165,439,59.91999816894531,55.349998474121094,1.0
2019-08-23,48.61417770385742,50.87167667544053,48.220735037045706,50.243125301638166,187272000,-0.046220590202096457,AAPL,1164,438,59.34000015258789,54.16999816894531,1.0
2019-08-26,49.53780746459961,49.70573963141325,49.19474263893695,49.38666668414398,104174400,0.018999185101281624,AAPL,1161,435,58.70000076293945,53.63999938964844,1.0
2019-08-27,48.97883224487305,50.03201131914729,48.82769145865033,49.86647686959799,103493200,-0.011283810251917492,AAPL,1160,434,59.5099983215332,54.93000030517578,1.0
2019-08-28,49.30748748779297,49.35306985074695,48.77730149710259,48.9644263950693,63755200,0.006710148606173139,AAPL,1159,433,60.4900016784668,55.779998779296875,1.0
2019-08-29,50.14236831665039,50.21674168290386,49.5785957240762,50.02001851007021,83962000,0.016932130826258662,AAPL,1158,432,61.08000183105469,56.709999084472656,1.0
2019-08-30,50.077598571777344,50.48783265913524,49.708144094052756,50.418262059397264,84573600,-0.0012917169062303113,AAPL,1157,431,60.43000030517578,55.099998474121094,1.0
2019-09-03,49.34828567504883,49.65536271132292,48.99322853822822,49.52341468933475,80092000,-0.014563655557148447,AAPL,1153,427,58.2599983215332,53.939998626708984,1.0
2019-09-04,50.185550689697266,50.255121283851096,49.73693109197349,49.99362663387558,76752400,0.016966445808507036,AAPL,1152,426,60.70000076293945,56.2599983215332,1.0
2019-09-05,51.16676330566406,51.3322977758527,50.742131881351554,50.85968624758702,95654800,0.01955169570687265,AAPL,1151,425,60.95000076293945,56.29999923706055,1.0
2019-09-06,51.161964416503906,51.440254145532066,50.98203628042235,51.351490769805636,77449200,-9.378918755298393e-05,AAPL,1150,424,61.540000915527344,56.52000045776367,1.0
2019-09-09,51.38026428222656,51.92484765262386,50.63656371615153,51.540999601287744,109237600,0.0042668390123863364,AAPL,1147,421,62.59000015258789,57.849998474121094,1.0
2019-09-10,51.98722839355469,52.00642116476611,50.790109031997794,51.30590148845998,127111600,0.011813176125255564,AAPL,1146,420,62.380001068115234,57.400001525878906,1.0
2019-09-11,53.640159606933594,53.668950589657804,52.234321362001715,52.315891542299696,177158400,0.03179494780652381,AAPL,1145,419,60.810001373291016,55.75,1.0
2019-09-12,53.52021408081055,54.31909531176275,53.465037153213494,53.93045177370637,128906800,-0.002236114265915523,AAPL,1144,418,60.380001068115234,55.09000015258789,1.0
2019-09-13,52.479026794433594,52.968429593626404,52.06399368750889,52.77890694754464,159053200,-0.019454094200835215,AAPL,1143,417,60.220001220703125,54.849998474121094,1.0
2019-09-16,52.75492858886719,52.81010918684441,52.193553676952725,52.23433694894849,84632400,0.005257372540735883,AAPL,1140,414,69.0199966430664,62.900001525878906,1.0
2019-09-17,52.946842193603516,52.975633179223315,52.567793218654614,52.769315475406735,73274800,0.003637832708142996,AAPL,1139,413,64.55000305175781,59.34000015258789,1.0
2019-09-18,53.443443298339844,53.46263606774207,52.64456211762363,53.03320563124097,101360000,0.009379239330656874,AAPL,1138,412,63.599998474121094,58.11000061035156,1.0
2019-09-19,53.00922775268555,53.68095650952987,52.86768150832097,53.26112420617858,88242400,-0.008124767396261445,AAPL,1137,411,64.4000015258789,58.130001068115234,1.0
2019-09-20,52.234336853027344,53.39307449871104,52.171963083144945,53.10998931926708,221652400,-0.014618037887166646,AAPL,1136,410,64.27999877929688,58.09000015258789,1.0
2019-09-23,52.471832275390625,52.74052373300916,52.21513309590776,52.52700920101302,76662000,0.004546729922723536,AAPL,1133,407,64.7699966430664,58.63999938964844,1.0
2019-09-24,52.22233200073242,53.37627400150818,52.1047813136798,53.026012342649935,124763200,-0.0047549373414051965,AAPL,1132,406,63.099998474121094,57.290000915527344,1.0
2019-09-25,53.026031494140625,53.13878677473117,52.09280418885682,52.43107003062847,87613600,0.015389957947433919,AAPL,1131,405,62.38999938964844,56.4900016784668,1.0
2019-09-26,52.75252914428711,53.00442926136015,52.49823130328569,52.77891875008804,75334000,-0.0051578883455334346,AAPL,1130,404,62.7400016784668,56.40999984741211,1.0
2019-09-27,52.495819091796875,53.00921374061931,52.126364712544174,52.90845079308042,101408000,-0.004866307960099681,AAPL,1129,403,61.90999984741211,55.90999984741211,1.0
2019-09-30,53.73133087158203,53.8776725443419,52.968433797976715,52.99482339997101,103909600,0.023535431986015487,AAPL,1126,400,60.779998779296875,54.06999969482422,1.0
2019-10-01,53.880069732666016,54.75092292917973,53.78650726482421,53.99522635512258,139223200,0.0027681961096306384,AAPL,1125,399,58.88999938964844,53.619998931884766,1.0
2019-10-02,52.529415130615234,53.63777114984615,52.28231048438784,53.5130199648798,138449200,-0.02506779610257104,AAPL,1124,398,57.689998626708984,52.63999938964844,1.0
2019-10-03,52.97562789916992,53.00921432850663,51.610572912831074,52.40225355586011,114426000,0.00849453144386203,AAPL,1123,397,57.709999084472656,52.45000076293945,1.0
2019-10-04,54.46063995361328,54.57579658165948,53.71214017454711,54.131972438434296,138478800,0.028031985902457368,AAPL,1122,396,58.369998931884766,52.810001373291016,1.0
2019-10-07,54.472625732421875,55.16114934535854,54.17994243019771,54.2831030993322,122306000,0.0002200814903901005,AAPL,1119,393,58.349998474121094,52.75,1.0
2019-10-08,53.83448028564453,54.7125301980884,53.817688901647145,54.1751473398334,111820000,-0.011714974965811531,AAPL,1118,392,58.2400016784668,52.630001068115234,1.0
2019-10-09,54.465431213378906,54.64775702387613,54.13196463825404,54.465431213378906,74770400,0.011720200963890814,AAPL,1117,391,58.31999969482422,52.59000015258789,1.0
2019-10-10,55.199546813964844,55.28351473349061,54.53021582409262,54.68135295433329,113013600,0.013478560331412703,AAPL,1116,390,59.099998474121094,53.54999923706055,1.0
2019-10-11,56.66776657104492,57.010827782874266,55.73213809572937,55.88567662071718,166795600,0.026598402375083152,AAPL,1115,389,60.5099983215332,54.70000076293945,1.0
2019-10-14,56.5861930847168,57.12837882948465,56.29830882465834,56.353485756513194,96427600,-0.0014395041707856437,AAPL,1112,386,59.349998474121094,53.59000015258789,1.0
2019-10-15,56.45425033569336,57.01322382343534,56.34869191650956,56.710945890847526,87360000,-0.0023317127700374085,AAPL,1111,385,58.7400016784668,52.810001373291016,1.0
2019-10-16,56.2263298034668,56.435048885905815,55.94564241051072,55.98642567335256,73903200,-0.004037260806250775,AAPL,1110,384,59.41999816894531,53.36000061035156,1.0
2019-10-17,56.444644927978516,56.65336035527154,56.02241496568268,56.39906255635208,67585200,0.0038827916613946023,AAPL,1109,383,59.90999984741211,53.93000030517578,1.0
2019-10-18,56.71574020385742,56.996427616238385,56.20714092357815,56.27911289972252,97433600,0.004802852001723368,AAPL,1108,382,59.41999816894531,53.779998779296875,1.0
2019-10-21,57.6993408203125,57.81449743804238,56.93404972278588,56.98202981651674,87247200,0.017342639149549255,AAPL,1105,379,58.959999084472656,53.310001373291016,1.0
2019-10-22,57.56740188598633,58.10478484329185,57.48583169226944,57.85528613606384,82293600,-0.0022866627668599593,AAPL,1104,378,59.70000076293945,54.15999984741211,1.0
2019-10-23,58.33989715576172,58.3542944816092,57.869687009535255,58.080803860863966,75828800,0.013418970536577923,AAPL,1103,377,61.16999816894531,55.970001220703125,1.0
2019-10-24,58.43585205078125,58.72853540039477,58.011220689350694,58.65896114841544,69275200,0.0016447559851424653,AAPL,1102,376,61.66999816894531,56.22999954223633,1.0
2019-10-25,59.15556335449219,59.19154751127854,58.26791876751091,58.33509163394323,73477200,0.012316262678697676,AAPL,1101,375,62.02000045776367,56.65999984741211,1.0
2019-10-28,59.74813461303711,59.796114715182654,59.18915745445604,59.35708964228901,96572800,0.010017168714866465,AAPL,1098,372,61.56999969482422,55.810001373291016,1.0
2019-10-29,58.36629104614258,59.91607378454795,58.19356339041532,59.72894880191648,142839600,-0.023127811032832013,AAPL,1097,371,61.59000015258789,55.540000915527344,1.0
2019-10-30,58.35907745361328,58.84848392967806,57.86727691472334,58.71893364927705,124522000,-0.00012359175818787982,AAPL,1096,370,60.61000061035156,55.060001373291016,1.0
2019-10-31,59.67855453491211,59.77691611414118,56.91965683308477,59.313902865640614,139162000,0.02260962885075779,AAPL,1095,369,60.22999954223633,54.18000030517578,1.0
2019-11-01,61.37228775024414,61.39867369524902,59.77452506763022,59.86568616480788,151125200,0.028380935639806593,AAPL,1094,368,61.689998626708984,56.20000076293945,1.0
2019-11-04,61.775325775146484,61.859293701624026,61.26673008968638,61.73453884355642,103272000,0.006567101206044645,AAPL,1091,365,62.130001068115234,56.540000915527344,1.0
2019-11-05,61.686553955078125,61.940851762991464,61.492232183395174,61.66735752356005,79897600,-0.0014370109579263657,AAPL,1090,364,62.959999084472656,57.22999954223633,1.0
2019-11-06,61.712955474853516,61.77293152622351,61.26433578201322,61.60020020542611,75864400,0.00042799472628374247,AAPL,1089,363,61.7400016784668,56.349998474121094,1.0
2019-11-07,62.42518997192383,62.64656766388103,62.107563983005626,62.259158538774514,94940400,0.011541085523938843,AAPL,1088,362,62.290000915527344,57.150001525878906,1.0
2019-11-08,62.596046447753906,62.668230843713935,61.804389970107614,62.24713806630478,69986400,0.0027369796696961046,AAPL,1087,361,62.5099983215332,57.2400016784668,1.0
2019-11-11,63.09172821044922,63.15669416268931,62.14847721788769,62.15328706288794,81821200,0.007918739134891384,AAPL,1084,358,62.18000030517578,56.86000061035156,1.0
2019-11-12,63.03398513793945,63.233707563546645,62.78374097219779,62.93532822242976,87388800,-0.000915224137103321,AAPL,1083,357,62.060001373291016,56.79999923706055,1.0
2019-11-13,63.637943267822266,63.71253625362745,62.819821674837314,62.83425855316897,102734400,0.00958146829144857,AAPL,1082,356,62.369998931884766,57.119998931884766,1.0
2019-11-14,63.19761276245117,63.736609212071365,63.067673495747776,63.4647023927725,89182800,-0.006919307613666104,AAPL,1081,355,62.279998779296875,56.77000045776367,1.0
2019-11-15,63.948341369628906,63.95315121393565,63.28662428540103,63.44783851732507,100206400,0.011879065907118846,AAPL,1080,354,63.29999923706055,57.720001220703125,1.0
2019-11-18,64.27079010009766,64.3501929351306,63.580199124620194,63.95797391868933,86703200,0.005042331412553169,AAPL,1077,351,62.439998626708984,57.04999923706055,1.0
2019-11-19,64.07587432861328,64.48734000161132,63.859313834576106,64.46327609265741,76167200,-0.00303272717171843,AAPL,1076,350,60.90999984741211,55.209999084472656,1.0
2019-11-20,63.32994842529297,64.02534925457783,62.658604165947985,63.895417341111305,106234400,-0.011641291065258463,AAPL,1075,349,62.400001525878906,57.11000061035156,1.0
2019-11-21,63.04597091674805,63.52721948410732,62.84624864906254,63.450217950944946,121395200,-0.004484095054647308,AAPL,1074,348,63.970001220703125,58.58000183105469,1.0
2019-11-22,62.99065399169922,63.3275266769126,62.764466472354414,63.18555916468959,65325200,-0.0008774061886027695,AAPL,1073,347,63.38999938964844,57.77000045776367,1.0
2019-11-25,64.0951156616211,64.11196113080011,63.16871031932938,63.21442953951619,84020400,0.017533738736343674,AAPL,1070,344,63.650001525878906,58.0099983215332,1.0
2019-11-26,63.59462356567383,64.28521440608328,63.16390384145732,64.2322767453233,105207600,-0.007808584020497333,AAPL,1069,343,64.2699966430664,58.40999984741211,1.0
2019-11-27,64.44883728027344,64.48252822045184,63.84005785272113,63.90502379599888,65235600,0.013432168738564343,AAPL,1068,342,64.05999755859375,58.11000061035156,1.0
2019-11-29,64.306884765625,64.48735310453695,63.98204028692839,64.15048034055641,46617600,-0.0022025612972832453,AAPL,1066,340,62.43000030517578,55.16999816894531,1.0
2019-12-02,63.5633659362793,64.54751921572853,63.39252460509697,64.3117045727774,94487200,-0.011562040861652023,AAPL,1063,337,60.91999816894531,55.959999084472656,1.0
2019-12-03,62.43000793457031,62.4492546568916,61.669633895576865,62.15569257438953,114430400,-0.01783036478661537,AAPL,1062,336,60.81999969482422,56.099998474121094,1.0
2019-12-04,62.98102951049805,63.35881158930754,62.72596822827263,62.819815271136704,67181600,0.008826229471334157,AAPL,1061,335,63.0,58.43000030517578,1.0
2019-12-05,63.90504837036133,63.979648717547285,63.21927445334169,63.47433582347233,74424400,0.01467138386026634,AAPL,1060,334,63.38999938964844,58.43000030517578,1.0
2019-12-06,65.13941955566406,65.20920267737617,64.31888959281135,64.36220755924087,106075600,0.019315706924262654,AAPL,1059,333,64.38999938964844,59.20000076293945,1.0
2019-12-09,64.22747802734375,65.16109467560312,63.74382055858157,64.96859806309656,128042400,-0.013999841179748729,AAPL,1056,330,64.25,59.02000045776367,1.0
2019-12-10,64.60285186767578,64.98544384355337,63.97240967069265,64.63172562536087,90420400,0.005844443092911433,AAPL,1055,329,64.33999633789062,59.2400016784668,1.0
2019-12-11,65.15385437011719,65.23326451999995,64.60763972440519,64.68223268746318,78756800,0.008529073972926238,AAPL,1054,328,63.720001220703125,58.7599983215332,1.0
2019-12-12,65.31991577148438,65.58460415390351,64.32373429636719,64.43441949509666,137310400,0.002548757905002086,AAPL,1053,327,64.19999694824219,59.18000030517578,1.0
2019-12-13,66.20780944824219,66.2439016435434,65.19237407521152,65.31990472745893,133587600,0.013593000944214673,AAPL,1052,326,65.22000122070312,60.06999969482422,1.0
2019-12-16,67.34114837646484,67.56493467366947,66.64815619751495,66.65296604245897,128186000,0.01711790403077207,AAPL,1049,323,65.33999633789062,60.209999084472656,1.0
2019-12-17,67.47349548339844,67.80074117462817,67.08608634301142,67.27137184882572,114158400,0.001965322987866447,AAPL,1048,322,66.0999984741211,60.939998626708984,1.0
2019-12-18,67.31230163574219,67.83205148600993,67.16311560658045,67.32673851964316,116028400,-0.002388995063934529,AAPL,1047,321,66.16999816894531,60.93000030517578,1.0
2019-12-19,67.37962341308594,67.65874852192563,67.1221609564016,67.25450140289101,98369200,0.0010001407723072564,AAPL,1046,320,66.54000091552734,61.220001220703125,1.0
2019-12-20,67.2400894165039,68.01249175897426,67.02833874913236,67.91143361344899,275978000,-0.002070863408163981,AAPL,1045,319,66.13999938964844,60.439998626708984,1.0
2019-12-23,68.33734130859375,68.39749741890061,67.46387341201411,67.50237420380351,98572000,0.016318418098660636,AAPL,1042,316,66.38999938964844,60.52000045776367,1.0
2019-12-24,68.40229797363281,68.55149127528131,68.07746089671582,68.50336345626253,48478800,0.0009505295903411426,AAPL,1041,315,67.19999694824219,61.11000061035156,1.0
2019-12-26,69.75943756103516,69.77628303549606,68.505786189875,68.53465994993616,93121200,0.019840555472646404,AAPL,1039,313,67.91999816894531,61.68000030517578,1.0
2019-12-27,69.73295593261719,70.73636302317358,69.32870865807601,70.050581938303,146266000,-0.00037961355973947786,AAPL,1038,312,68.16000366210938,61.720001220703125,1.0
2019-12-30,70.1468276977539,70.42836149787865,68.63089680153462,69.65114198409366,144114400,0.005935095674656887,AAPL,1035,309,68.44000244140625,61.68000030517578,1.0
2019-12-31,70.65937042236328,70.66658886235176,69.66559023872163,69.76424714741452,100805600,0.007306712811273597,AAPL,1034,308,66.0,61.060001373291016,1.0
2020-01-02,72.27154541015625,72.33170151465225,71.02992253216576,71.28257523373918,135480400,0.022816152736095274,AAPL,1032,306,66.25,61.18000030517578,-1.0
2020-01-03,71.56891632080078,72.32688174170664,71.34513738245916,71.50154177990413,146322800,-0.0097220709114203,AAPL,1031,305,68.5999984741211,63.04999923706055,1.0
2020-01-06,72.13920593261719,72.17770672514841,70.44280652658847,70.69305800640377,118387200,0.007968398029951196,AAPL,1028,302,68.91000366210938,63.27000045776367,-1.0
2020-01-07,71.79994201660156,72.4039044671714,71.58097285889926,72.14884310617231,108872000,-0.004702906160798603,AAPL,1027,301,68.2699966430664,62.70000076293945,-1.0
2020-01-08,72.95491790771484,73.25569843032547,71.50395296037216,71.50395296037216,132079200,0.01608602818712912,AAPL,1026,300,65.44000244140625,59.61000061035156,-1.0
2020-01-09,74.5045394897461,74.69703608624071,73.67919950094557,73.9294436077337,170108400,0.021240810441202296,AAPL,1025,299,65.37000274658203,59.560001373291016,-1.0
2020-01-10,74.67298889160156,75.23605661610512,74.17249322271363,74.73796219850064,140644800,0.0022609280321590486,AAPL,1024,298,64.9800033569336,59.040000915527344,-1.0
2020-01-13,76.2682876586914,76.294760154214,74.87026085076248,74.98817176909989,121532000,0.021363799558172802,AAPL,1021,295,64.19999694824219,58.08000183105469,-1.0
2020-01-14,75.23844909667969,76.41510614806313,75.11573562414125,76.20576405751645,161954400,-0.013502841005430088,AAPL,1020,294,64.48999786376953,58.22999954223633,-1.0
2020-01-15,74.91600036621094,75.91699875877144,74.48528063092401,75.03872116096186,121923600,-0.004285690818193411,AAPL,1019,293,64.0,57.810001373291016,-1.0
2020-01-16,75.85445404052734,75.96514658164989,75.09648844399511,75.45742514170341,108829200,0.012526745551403984,AAPL,1018,292,64.62000274658203,58.52000045776367,-1.0
2020-01-17,76.69422149658203,76.69662274727602,75.7966897960532,76.10228015577917,137816400,0.011070773188954997,AAPL,1017,291,64.8499984741211,58.540000915527344,-1.0
2020-01-21,76.1744613647461,76.7639866868858,76.03730370643434,76.32364730468942,110843200,-0.006777044237408436,AAPL,1013,287,64.58999633789062,58.34000015258789,-1.0
2020-01-22,76.44637298583984,76.9973975614814,76.3525259473167,76.65811628441689,101832400,0.0035695903354242553,AAPL,1012,286,63.209999084472656,56.7400016784668,-1.0
2020-01-23,76.8145523071289,76.89395515129645,75.95311259111175,76.49933483845827,104472000,0.00481617775845633,AAPL,1011,285,62.040000915527344,55.59000015258789,-1.0
2020-01-24,76.59317016601562,77.80110229414466,76.40307478925112,77.05998219911793,146537600,-0.0028820338655118904,AAPL,1010,284,60.689998626708984,54.189998626708984,-1.0
2020-01-27,74.34090423583984,75.01945939831474,73.3615612587431,74.60799376962629,161940000,-0.029405571349168547,AAPL,1007,281,59.31999969482422,53.13999938964844,-1.0
2020-01-28,76.44398498535156,76.61482629516499,75.12055046053683,75.21920736994338,162234000,0.02828968481254801,AAPL,1006,280,59.5099983215332,53.47999954223633,-1.0
2020-01-29,78.04410552978516,78.88869939934182,77.33185946671645,78.07057802839189,216229200,0.020931935256125245,AAPL,1005,279,59.810001373291016,53.33000183105469,-1.0
2020-01-30,77.93101501464844,77.98395267078313,76.6990193918119,77.12973907839535,126743200,-0.0014490590207809628,AAPL,1004,278,58.290000915527344,52.13999938964844,-1.0
2020-01-31,74.47569274902344,77.64471336153747,74.1821305597575,77.22362047859812,199588400,-0.044338217139549774,AAPL,1003,277,58.15999984741211,51.560001373291016,-1.0
2020-02-03,74.27114868164062,75.43336162333348,72.72152653053286,73.22202218961303,173788400,-0.00274645404202023,AAPL,1000,274,54.45000076293945,50.11000061035156,-1.0
2020-02-04,76.72309875488281,76.91319410520111,75.46703897288427,75.87128624120515,136616400,0.033013493351938594,AAPL,999,273,53.959999084472656,49.61000061035156,-1.0
2020-02-05,77.3487319946289,78.14519833259766,76.74717087270234,77.8468190226948,118826800,0.008154431323803557,AAPL,998,272,55.279998779296875,50.75,-1.0
2020-02-06,78.25346374511719,78.2558723391088,77.06237729988993,77.61821910965085,105425600,0.011696788391451607,AAPL,997,271,54.93000030517578,50.95000076293945,-1.0
2020-02-07,77.18978118896484,78.00260869481056,76.70015470961765,77.75417767052507,117684000,-0.013592785612876024,AAPL,996,270,54.470001220703125,50.31999969482422,-1.0
2020-02-10,77.55642700195312,77.55642700195312,75.69922566317109,75.77881695682719,109348800,0.004749926834106688,AAPL,993,267,53.27000045776367,49.56999969482422,-1.0
2020-02-11,77.08849334716797,78.1232241451145,76.87141886050789,78.05086843646208,94323200,-0.006033460705627602,AAPL,992,266,54.0099983215332,49.939998626708984,-1.0
2020-02-12,78.91915893554688,78.92398019498478,77.53710627398911,77.53710627398911,113730400,0.02374758552011791,AAPL,991,265,55.790000915527344,51.16999816894531,-1.0
2020-02-13,78.35718536376953,78.68280077942906,77.99057083277162,78.19317418101016,94747600,-0.00712087634178038,AAPL,990,264,56.34000015258789,51.41999816894531,-1.0
2020-02-14,78.37647247314453,78.62490351773702,77.86996050397198,78.32581612373606,80113600,0.0002461434683425079,AAPL,989,263,57.31999969482422,52.04999923706055,-1.0
2020-02-18,76.94135284423828,77.12224944183446,75.88250122650535,76.06339782410153,152531200,-0.018310592243073853,AAPL,985,259,57.75,52.04999923706055,-1.0
2020-02-19,78.05569458007812,78.28483327298406,77.1825679577684,77.1825679577684,93984000,0.014483001593379008,AAPL,984,258,59.119998931884766,53.290000915527344,-1.0
2020-02-20,77.2549057006836,78.30410746194534,76.75080805425196,77.81689526489554,100566000,-0.010259198687585735,AAPL,983,257,59.310001373291016,53.779998779296875,-1.0
2020-02-21,75.50625610351562,77.2911088758147,74.89121045948235,76.84971694338334,129554000,-0.022634803334599107,AAPL,982,256,58.5,53.380001068115234,-1.0
2020-02-24,71.919677734375,73.3668508412422,69.76098226638659,71.69778197998241,222195200,-0.047500413266731045,AAPL,979,253,56.29999923706055,51.43000030517578,-1.0
2020-02-25,69.48359680175781,72.96887474112613,69.0132699904686,72.58778908763885,230673600,-0.03387224483422324,AAPL,978,252,54.95000076293945,49.900001525878906,-1.0
2020-02-26,70.58586883544922,71.8473240795573,69.10251783059799,69.10975340191128,198054800,0.015863773385771607,AAPL,977,251,53.43000030517578,48.72999954223633,-1.0
2020-02-27,65.9718017578125,68.98192476086734,65.83673284364053,67.80006808151072,320605600,-0.0653681417224331,AAPL,976,250,52.18000030517578,47.09000015258789,1.0
2020-02-28,65.93318939208984,67.15123091808199,61.835280759075644,62.0499482580576,426510000,-0.0005852859053995241,AAPL,975,249,50.52000045776367,44.7599983215332,1.0
2020-03-02,72.07161712646484,72.7059623843327,66.98480559511727,68.08465633915449,341397200,0.09310072500620525,AAPL,972,246,51.900001525878906,46.75,-1.0
2020-03-03,69.78268432617188,73.32343252495296,68.93367144924383,73.24384124809224,319475600,-0.031759143079536534,AAPL,971,245,51.86000061035156,47.18000030517578,-1.0
2020-03-04,73.01950073242188,73.17869059647481,70.70161622739258,71.49997249663515,219178400,0.04638423467805808,AAPL,970,244,51.130001068115234,46.779998779296875,-1.0
2020-03-05,70.65098571777344,72.25010562325896,70.28677817477744,71.27808809920204,187572800,-0.032436746223831414,AAPL,969,243,49.9900016784668,45.900001525878906,-1.0
2020-03-06,69.71271514892578,70.14445703154458,67.83139373082778,68.01711156290271,226176800,-0.01328036062505522,AAPL,968,242,45.27000045776367,41.279998779296875,-1.0
2020-03-09,64.1989974975586,67.07404319923313,63.43440466648222,63.61530125773645,286744800,-0.07909199404424794,AAPL,965,239,34.36000061035156,31.1299991607666,-1.0
2020-03-10,68.82272338867188,69.08803991197644,64.9708309423438,66.8449246964159,285290000,0.07202177715141289,AAPL,964,238,37.220001220703125,34.36000061035156,-1.0
2020-03-11,66.43246459960938,67.82898839120944,65.5713950302336,66.90521300673807,255598800,-0.03473066265575786,AAPL,963,237,35.790000915527344,32.97999954223633,-1.0
2020-03-12,59.8719596862793,65.1227869054102,59.81648575015455,61.73157866504394,418474000,-0.09875450132507435,AAPL,962,236,33.220001220703125,31.5,1.0
2020-03-13,67.04510498046875,67.51543909047871,61.01039330045894,63.89027147674693,370732000,0.11980809266601145,AAPL,961,235,33.849998474121094,31.729999542236328,-1.0
2020-03-16,58.41995620727539,62.488918914128035,57.88691260105301,58.35724302986641,322423600,-0.1286469575326341,AAPL,958,232,30.049999237060547,28.700000762939453,1.0
2020-03-17,60.98868942260742,62.1343642760622,57.50100115086754,59.698292128180576,324056000,0.04397013250434667,AAPL,957,231,28.729999542236328,26.950000762939453,-1.0
2020-03-18,59.49569320678711,60.298874658885616,57.19227545874743,57.83144573834236,300233600,-0.024479886843852827,AAPL,956,230,24.8799991607666,20.3700008392334,1.0
2020-03-19,59.03982925415039,60.98386423258545,58.51643550459872,59.66934960367585,271857200,-0.007662133644737779,AAPL,955,229,28.469999313354492,25.219999313354492,1.0
2020-03-20,55.29164505004883,60.74024926077328,54.99256137379153,59.61868823507124,401693200,-0.06348568841496216,AAPL,954,228,26.979999542236328,22.43000030517578,1.0
2020-03-23,54.11703109741211,55.11316965220814,51.28057345030364,55.011867987706175,336752800,-0.021243968262718238,AAPL,951,225,27.030000686645508,23.360000610351562,1.0
2020-03-24,59.546348571777344,59.741716345644676,56.51210862018161,57.00897078096802,287531200,0.10032548652922801,AAPL,950,224,27.149999618530273,24.010000228881836,1.0
2020-03-25,59.21831512451172,62.288732546346424,58.92405634525676,60.47976645109919,303602000,-0.0055088759451003,AAPL,949,223,27.389999389648438,24.489999771118164,1.0
2020-03-26,62.334564208984375,62.392448772259634,59.42092219277503,59.45951435519265,252087200,0.05262306227254987,AAPL,948,222,26.34000015258789,22.600000381469727,1.0
2020-03-27,59.7537727355957,61.71468959022156,59.58734725663957,60.962160830090674,204216800,-0.04140225420901711,AAPL,947,221,24.93000030517578,21.510000228881836,1.0
2020-03-30,61.45901107788086,61.63026146409421,60.154142830219186,60.477347525301404,167976400,0.028537751914522014,AAPL,944,218,22.760000228881836,20.09000015258789,1.0
2020-03-31,61.3336067199707,63.311409233664314,60.78127060250106,61.64957594039169,197002000,-0.002040455186485879,AAPL,943,217,22.739999771118164,20.479999542236328,1.0
2020-04-01,58.10640335083008,59.990139440698485,57.6770756954336,59.45468518637688,176218400,-0.0526172117005117,AAPL,942,216,24.739999771118164,20.309999465942383,1.0
2020-04-02,59.07600402832031,59.12906732554458,57.13920472068674,57.96891771690177,165934000,0.016686640741400804,AAPL,941,215,29.940000534057617,25.31999969482422,1.0
2020-04-03,58.22701644897461,59.26174370073867,57.638498739948126,58.562278103824696,129880000,-0.014371107073164802,AAPL,940,214,34.11000061035156,28.34000015258789,1.0
2020-04-06,63.30656051635742,63.460921753532446,60.14931343490237,60.51592781380544,201820400,0.08723689409424074,AAPL,937,211,33.04999923706055,26.079999923706055,1.0
2020-04-07,62.573341369628906,65.53281460871749,62.46962908019549,65.31573278898928,202887200,-0.011582040482819522,AAPL,936,210,31.8700008392334,23.6299991607666,1.0
2020-04-08,64.17489624023438,64.4884474840079,63.007510761837494,63.3717110057614,168895200,0.02559484335581308,AAPL,935,209,32.84000015258789,25.09000015258789,1.0
2020-04-09,64.63798522949219,65.13967603448393,63.844457266187234,64.80923934887565,161834800,0.007216045780958913,AAPL,934,208,31.479999542236328,22.760000228881836,1.0
2020-04-13,65.90667724609375,66.01521817669068,64.11700321080237,64.71517076301717,131022800,0.019627654112317483,AAPL,930,204,31.739999771118164,22.40999984741211,1.0
2020-04-14,69.23513793945312,69.52457536922498,67.0643792982631,67.53471328146745,194994800,0.05050263239536412,AAPL,929,203,29.600000381469727,20.110000610351562,1.0
2020-04-15,68.60321807861328,69.06148794812431,67.68667833959124,68.11359162380347,131154400,-0.009127155367155693,AAPL,928,202,27.690000534057617,19.8700008392334,1.0
2020-04-16,69.1483383178711,69.51254587742164,68.10155073366812,69.3147638013278,157125200,0.007945986420537121,AAPL,927,201,27.81999969482422,19.8700008392334,1.0
2020-04-17,68.21009063720703,69.21105794148095,66.7773886485133,68.66595370665648,215250000,-0.013568622232843719,AAPL,926,200,28.079999923706055,18.270000457763672,1.0
2020-04-20,66.79425811767578,67.93993657233999,66.77496571925322,67.04028220194732,130015200,-0.020756936492896894,AAPL,923,197,25.56999969482422,-37.630001068115234,1.0
2020-04-21,64.72964477539062,66.87146231135321,64.02052931116778,66.63750234716127,180991600,-0.030910042277104033,AAPL,922,196,19.329999923706055,10.010000228881836,1.0
2020-04-22,66.59407806396484,67.02822701343717,65.65341709963987,65.99349627232849,116862400,0.028803391321607474,AAPL,921,195,20.3700008392334,13.779999732971191,1.0
2020-04-23,66.33598327636719,67.95681696931808,66.29739112168969,66.53858656789843,124814400,-0.00387564172522592,AAPL,920,194,21.329999923706055,16.5,1.0
2020-04-24,68.25109100341797,68.26074088442513,66.81115357242885,66.85939561676216,126161200,0.02886981744239936,AAPL,919,193,21.440000534057617,16.940000534057617,1.0
2020-04-27,68.29933166503906,68.62976831599522,67.5226818754922,67.96888765338052,117087600,0.0007068115822306265,AAPL,916,190,19.989999771118164,12.779999732971191,1.0
2020-04-28,67.19221496582031,68.94088171139727,67.10056689179865,68.75998515151,112004800,-0.016209773539928474,AAPL,915,189,20.459999084472656,12.34000015258789,1.0
2020-04-29,69.39916229248047,69.86708200588623,68.47297274366603,68.67557601740354,137280800,0.03284528315940771,AAPL,914,188,22.540000915527344,15.0600004196167,1.0
2020-04-30,70.86322784423828,71.03930319142114,69.54871691757756,69.93703810047037,183064000,0.021096300061772544,AAPL,913,187,25.270000457763672,18.84000015258789,1.0
2020-05-01,69.72239685058594,72.1174668077666,68.94574691361261,69.0422236579371,240616800,-0.016099054874552987,AAPL,912,186,26.440000534057617,19.780000686645508,1.0
2020-05-04,70.70886993408203,70.83670324791197,69.05909368437592,69.74650229526233,133568000,0.014148582493658246,AAPL,909,183,27.200000762939453,20.389999389648438,1.0
2020-05-05,71.77012634277344,72.59983938170623,71.02241888364539,71.16713764358983,147751200,0.015008815862574965,AAPL,908,182,30.969999313354492,24.559999465942383,1.0
2020-05-06,72.51061248779297,73.14012928036907,72.08610600468356,72.46960600947763,142333600,0.010317470272839913,AAPL,907,181,29.719999313354492,23.989999771118164,1.0
2020-05-07,73.26069641113281,73.60561146479019,72.83378315653766,73.13527743933939,115215200,0.010344470934735561,AAPL,906,180,29.459999084472656,23.549999237060547,1.0
2020-05-08,75.00444793701172,75.05765488198482,73.59205412028582,73.91855094713767,133838400,0.02380200586810033,AAPL,905,179,30.969999313354492,24.739999771118164,1.0
2020-05-11,76.18464660644531,76.6780118973252,74.30548031406657,74.51347372073693,145946400,0.015735049079018903,AAPL,902,176,29.6299991607666,24.139999389648438,1.0
2020-05-12,75.31400299072266,77.31650723109308,75.19307880379056,76.86666541777984,162301200,-0.011428071855740574,AAPL,901,175,29.979999542236328,25.780000686645508,1.0
2020-05-13,74.40464782714844,76.41199367992591,73.33084049882564,75.49296546688427,200622400,-0.012074184447296354,AAPL,900,174,29.190000534057617,25.290000915527344,1.0
2020-05-14,74.86173248291016,74.92219456407604,72.9245250405556,73.64523570507784,158929200,0.006143227192252576,AAPL,899,173,31.1299991607666,27.559999465942383,1.0
2020-05-15,74.41915130615234,74.46510308161692,72.60528873978969,72.63915105039544,166348400,-0.005911981490127061,AAPL,898,172,32.5,29.43000030517578,1.0
2020-05-18,76.17256164550781,76.54501020724649,75.05038903047435,75.73965837102512,135178400,0.023561278361562188,AAPL,895,169,34.810001373291016,31.81999969482422,1.0
2020-05-19,75.732421875,77.03356024520173,75.70098039780004,76.18951157558008,101729600,-0.0057781931052304225,AAPL,894,168,34.650001525878906,32.5,1.0
2020-05-20,77.20527648925781,77.2754072194724,76.54986193395195,76.58855856818843,111504800,0.019448138297872397,AAPL,893,167,35.75,33.4900016784668,1.0
2020-05-21,76.62965393066406,77.60672336639306,76.39263988211127,77.0673988694635,102688800,-0.007455741171704,AAPL,892,166,36.060001373291016,33.91999816894531,1.0
2020-05-22,77.1230239868164,77.20525154026136,76.26687875999099,76.3684509339888,81803200,0.0064383698848327064,AAPL,891,165,35.130001068115234,33.25,1.0
2020-05-26,76.60064697265625,78.41692345166804,76.54501918320653,78.23795799610525,125522000,-0.006773295277548441,AAPL,887,161,36.16999816894531,34.349998474121094,1.0
2020-05-27,76.93438720703125,77.07949771603786,75.7203109556176,76.45795296780663,112945200,0.00435688532100964,AAPL,886,160,34.7400016784668,32.810001373291016,1.0
2020-05-28,76.9682388305664,78.22343238104992,76.3345973225865,76.61030060883014,133560800,0.00044000641019037445,AAPL,885,159,35.290000915527344,33.709999084472656,1.0
2020-05-29,76.89326477050781,77.66959590522207,76.53774740179506,77.21008551765564,153532400,-0.0009740908873286935,AAPL,884,158,35.33000183105469,35.4900016784668,1.0
2020-06-01,77.83891296386719,77.95983717000007,76.71673278825261,76.84733299745191,80791200,0.012298192776463823,AAPL,881,155,38.31999969482422,35.439998626708984,1.0
2020-06-02,78.19925689697266,78.22344321190015,77.13270462012565,77.57287045767401,87642800,0.004629354642616157,AAPL,880,154,39.56999969482422,36.810001373291016,1.0
2020-06-03,78.62974548339844,78.89094587146293,77.94773126866299,78.51849729325161,104491200,0.005505021447875791,AAPL,879,153,39.790000915527344,37.290000915527344,1.0
2020-06-04,77.95257568359375,78.75067242701921,77.58012709236915,78.45320362768672,87560400,-0.008612132668643357,AAPL,878,152,39.9900016784668,37.40999984741211,1.0
2020-06-05,80.17273712158203,80.23319921594221,78.17265369717333,78.20167432156592,137250400,0.028480924697085408,AAPL,877,151,42.29999923706055,39.54999923706055,1.0
2020-06-08,80.64676666259766,80.68062898183005,79.16182130122834,79.87043535299438,95654400,0.005912602688077806,AAPL,874,148,40.79999923706055,38.189998626708984,1.0
2020-06-09,83.19345092773438,83.58524425925859,80.29611104710847,80.32755252838895,147712400,0.03157825627146704,AAPL,873,147,41.18000030517578,38.939998626708984,1.0
2020-06-10,85.33377838134766,85.80054396626458,83.70130187626772,84.13904683755014,166651600,0.025727114691665554,AAPL,872,146,41.72999954223633,39.599998474121094,1.0
2020-06-11,81.23687744140625,84.90330013235034,81.13530524486026,84.48006542527774,201662400,-0.048010307496672566,AAPL,871,145,38.54999923706055,36.34000015258789,1.0
2020-06-12,81.93822479248047,84.11486012218111,80.83056250550848,83.36997039015924,200146000,0.008633361758396907,AAPL,870,144,38.72999954223633,36.2599983215332,1.0
2020-06-15,82.95157623291016,83.60214898703789,80.43393362831908,80.59597529574442,138808800,0.012367261348364966,AAPL,867,141,39.720001220703125,37.119998931884766,1.0
2020-06-16,85.14998626708984,85.42086269022191,83.36998548456056,85.00004143146272,165428800,0.026502329841292305,AAPL,866,140,40.959999084472656,38.380001068115234,1.0
2020-06-17,85.03147888183594,85.95292070417966,84.91055468068187,85.89245860360263,114406400,-0.0013917487300841858,AAPL,865,139,40.709999084472656,37.959999084472656,1.0
2020-06-18,85.06534576416016,85.4813253336703,84.45830388000144,84.98795249991922,96820400,0.0003982864083933446,AAPL,864,138,41.5099983215332,38.84000015258789,1.0
2020-06-19,84.57921600341797,86.2334580419222,83.47396713214061,85.7691132840755,264476000,-0.005714780283030407,AAPL,863,137,42.189998626708984,39.75,1.0
2020-06-22,86.7921371459961,86.93482682128399,84.92506713782858,84.97101892587712,135445200,0.026163888093839738,AAPL,860,134,43.08000183105469,40.459999084472656,1.0
2020-06-23,88.64471435546875,90.05952930035993,87.61443757025881,88.03283805650993,212155600,0.021344988963186484,AAPL,859,133,42.630001068115234,40.369998931884766,1.0
2020-06-24,87.07991790771484,89.19125669896502,86.70746937530838,88.27464936907793,192623200,-0.017652450674938258,AAPL,858,132,40.310001373291016,38.0099983215332,1.0
2020-06-25,88.2359848022461,88.27468143868919,86.4777492837676,87.23473608906023,137522400,0.013275929999801095,AAPL,857,131,41.04999923706055,38.720001220703125,1.0
2020-06-26,85.52482604980469,88.35203361567392,85.37729473069855,88.13195074987644,205256800,-0.030726225343522096,AAPL,856,130,41.02000045776367,38.4900016784668,1.0
2020-06-29,87.49590301513672,87.59022742215014,84.95649512979536,85.43293671398446,130646000,0.023046839805136665,AAPL,853,127,41.709999084472656,39.70000076293945,1.0
2020-06-30,88.2262954711914,88.51168219927229,87.06542607576557,87.08477070075071,140223200,0.008347733218186493,AAPL,852,126,41.150001525878906,39.27000045776367,1.0
2020-07-01,88.05943298339844,88.84544042266081,88.0110677232057,88.3037022724781,110737200,-0.0018913010786840712,AAPL,851,125,42.029998779296875,39.81999969482422,1.0
2020-07-02,88.05943298339844,89.59759291785116,87.94577130066256,88.96395117848485,114041600,0.0,AAPL,850,124,43.13999938964844,40.650001525878906,1.0
2020-07-06,90.41503143310547,90.88179710275243,89.45247208428117,89.48391355913485,118655600,0.02675009785892124,AAPL,846,120,43.099998474121094,40.630001068115234,1.0
2020-07-07,90.13447570800781,91.56863486785247,90.02322751685155,90.79230361416894,112424400,-0.003102976580893313,AAPL,845,119,43.08000183105469,40.619998931884766,1.0
2020-07-08,92.23371124267578,92.2651527115249,91.0220485529992,91.10911780370648,117092000,0.02329003988960321,AAPL,844,118,43.290000915527344,40.900001525878906,1.0
2020-07-09,92.63037872314453,93.17695121032608,91.58559163057215,93.1237442552239,125642800,0.004300677866307279,AAPL,843,117,42.349998474121094,39.619998931884766,1.0
2020-07-10,92.79236602783203,92.85041464619803,91.61698667983154,92.22644181798454,90257200,0.0017487492431791374,AAPL,842,116,43.2400016784668,40.54999923706055,1.0
2020-07-13,92.36431884765625,96.69582436714335,92.15149108508342,94.09353334761987,191649200,-0.004612956846551275,AAPL,839,113,42.720001220703125,40.099998474121094,1.0
2020-07-14,93.8927993774414,94.08385428390145,90.81648768360292,91.74759804361886,170989200,0.016548387395203923,AAPL,838,112,42.900001525878906,40.290000915527344,1.0
2020-07-15,94.53852844238281,96.01138416249864,93.34379687777705,95.7622806311285,153198000,0.0068773012331395655,AAPL,837,111,43.790000915527344,41.20000076293945,1.0
2020-07-16,93.375244140625,94.22896866329947,92.77787832126056,93.41394076875463,110577600,-0.012304869992415646,AAPL,836,110,43.369998931884766,40.75,1.0
2020-07-17,93.18663024902344,93.97989290870075,92.71502279614371,93.82511373103726,92186800,-0.002019956074412077,AAPL,835,109,43.13999938964844,40.59000015258789,1.0
2020-07-20,95.1504135131836,95.28826887148021,92.9302469895083,93.27367496235873,90318000,0.02107365894562685,AAPL,832,106,43.279998779296875,40.810001373291016,1.0
2020-07-21,93.8371810913086,96.01381673517915,93.58807752951296,95.93884432011826,103433200,-0.013801647027976816,AAPL,831,105,44.31999969482422,41.959999084472656,1.0
2020-07-22,94.10078430175781,94.78037765198125,93.45263242150494,93.53969429469112,89001600,0.0028091552557691912,AAPL,830,104,44.290000915527344,41.900001525878906,1.0
2020-07-23,89.81764221191406,93.91213304289855,89.00986960132232,93.83473979885208,197004400,-0.04551653975708403,AAPL,829,103,43.310001373291016,41.06999969482422,1.0
2020-07-24,89.59515380859375,89.93858177491317,86.23829692519554,88.0207257853986,185438800,-0.0024771124897197128,AAPL,828,102,43.34000015258789,41.290000915527344,1.0
2020-07-27,91.71858215332031,91.81048572351438,90.43195431248509,90.65445070078177,121214000,0.023700258936582008,AAPL,825,99,43.40999984741211,41.599998474121094,1.0
2020-07-28,90.21185302734375,91.46704652134645,90.20701133687025,91.2904945734554,103625600,-0.016427741146912367,AAPL,824,98,43.220001220703125,41.040000915527344,1.0
2020-07-29,91.94108581542969,92.12489295560428,90.6568714411887,90.69314722395283,90329200,0.019168576301850315,AAPL,823,97,43.75,41.27000045776367,1.0
2020-07-30,93.05358123779297,93.15757426558149,90.71006994116662,91.11637343156816,158130000,0.012100090101139216,AAPL,822,96,42.939998626708984,39.91999816894531,1.0
2020-07-31,102.79524230957031,102.94518713128302,97.53745326363413,99.5302890268665,374336800,0.1046887281735358,AAPL,821,95,43.29999923706055,40.27000045776367,1.0
2020-08-03,105.38542175292969,107.99738106099281,104.37449739019563,104.67196614624173,308151200,0.02519746425188618,AAPL,818,92,44.150001525878906,41.0099983215332,1.0
2020-08-04,106.0892105102539,107.17752821259879,104.85336145922079,105.57407228357705,173071600,0.006678236378597102,AAPL,817,91,44.43000030517578,41.70000076293945,1.0
2020-08-05,106.47376251220703,106.7930041847868,105.34674803582895,105.8111002305475,121776800,0.0036247984135573397,AAPL,816,90,45.16999816894531,42.189998626708984,1.0
2020-08-06,110.18856048583984,110.68193335336008,106.21741336825394,106.80510328626323,202428800,0.03488932752993423,AAPL,815,89,45.09000015258789,41.95000076293945,1.0
2020-08-07,107.6833267211914,110.1667423327947,106.88863402123575,109.71124638392962,198045600,-0.022735878875288384,AAPL,814,88,44.400001525878906,41.220001220703125,1.0
2020-08-10,109.24845886230469,110.2636310821163,106.60513519109001,109.12489145318371,212403600,0.014534581989332995,AAPL,811,85,44.9900016784668,41.939998626708984,1.0
2020-08-11,105.99945068359375,109.01104473075696,105.74020453823464,108.51436454798494,187902400,-0.02973962481984249,AAPL,810,84,44.5,41.61000061035156,1.0
2020-08-12,109.52227020263672,109.77909114067742,106.89348231283336,107.08730692473522,165598000,0.03323431863395698,AAPL,809,83,45.43000030517578,42.66999816894531,1.0
2020-08-13,111.46053314208984,112.46116903802795,110.41143740175444,110.89843148039117,210082000,0.017697432091819953,AAPL,808,82,44.959999084472656,42.2400016784668,1.0
2020-08-14,111.3612060546875,111.45085012066804,109.55618389407232,111.28609846459923,165565200,-0.0008911413269100388,AAPL,807,81,44.79999923706055,42.0099983215332,1.0
2020-08-17,111.07046508789062,112.50479236850128,110.44537442392807,112.48056244330753,119561600,-0.0026107921878476548,AAPL,804,78,45.369998931884766,42.88999938964844,1.0
2020-08-18,111.99598693847656,112.41998472569632,110.48897736471524,110.82333108852379,105633600,0.008332744891754729,AAPL,803,77,45.459999084472656,42.88999938964844,1.0
2020-08-19,112.13650512695312,113.54660235506186,112.04201803934366,112.40301949215254,145538000,0.0012546716388486256,AAPL,802,76,45.369998931884766,42.93000030517578,1.0
2020-08-20,114.6247787475586,114.73865273876372,112.16074255230501,112.17770423893735,126907200,0.022189684062192017,AAPL,801,75,44.900001525878906,42.58000183105469,1.0
2020-08-21,120.53166961669922,121.0138133012155,115.56968146956478,115.58179273436723,338054800,0.05153240803325376,AAPL,800,74,44.349998474121094,42.34000015258789,-1.0
2020-08-24,121.97327423095703,124.81043082095223,120.11253119545398,124.72562238006333,345937600,0.011960380361794032,AAPL,797,71,45.130001068115234,42.619998931884766,-1.0
2020-08-25,120.97261810302734,121.31666526163795,119.25482230830535,120.84905806633049,211495600,-0.008203896585041615,AAPL,796,70,45.86000061035156,43.349998474121094,-1.0
2020-08-26,122.61773681640625,123.07323276693351,121.22217601375844,122.28580830184438,163022400,0.013599099855620356,AAPL,795,69,45.63999938964844,43.38999938964844,-1.0
2020-08-27,121.15193176269531,123.55054660251213,120.01076655415024,123.21861805256327,155552400,-0.011954266093702759,AAPL,794,68,45.09000015258789,43.040000915527344,-1.0
2020-08-28,120.95568084716797,122.54021598651187,120.73277587733193,122.1234863946809,187630000,-0.0016198744227351458,AAPL,793,67,45.04999923706055,42.970001220703125,-1.0
2020-08-31,125.05751037597656,126.95702659350236,122.11133855558242,123.64257775010908,225702700,0.03391183861791003,AAPL,790,64,45.279998779296875,42.61000061035156,-1.0
2020-09-01,130.03887939453125,130.63975477764288,126.50153297923832,128.66270574189053,151948100,0.039832625834134605,AAPL,789,63,45.58000183105469,42.7599983215332,-1.0
2020-09-02,127.34473419189453,133.72166435231713,123.0805326757577,133.3437011033317,200119000,-0.02071799768792859,AAPL,788,62,44.43000030517578,41.5099983215332,-1.0
2020-09-03,117.14936828613281,124.86370387094604,116.78109860380435,122.99327511596653,257599600,-0.08006115031343519,AAPL,787,61,44.06999969482422,41.369998931884766,-1.0
2020-09-04,117.22692108154297,119.88235689314044,107.46770259236347,116.36438893039704,332607200,0.0006619992625205295,AAPL,786,60,42.65999984741211,39.77000045776367,-1.0
2020-09-08,109.33814239501953,115.31772172668036,109.20246367456214,110.43326560840723,231366600,-0.06729494056263752,AAPL,782,56,39.779998779296875,36.7599983215332,1.0
2020-09-09,113.6992416381836,115.4630720645518,111.70282021985868,113.641095738678,176940500,0.03988634842000671,AAPL,781,55,40.790000915527344,38.04999923706055,1.0
2020-09-10,109.98747253417969,116.78113216882602,109.02802795844752,116.64545343665931,182274400,-0.03264550449523296,AAPL,780,54,40.060001373291016,37.29999923706055,1.0
2020-09-11,108.54342651367188,111.67374465663826,106.60515104021346,111.0341102013086,180860300,-0.01312918632673421,AAPL,779,53,39.83000183105469,37.33000183105469,1.0
2020-09-14,111.79973602294922,112.35214426737836,109.31874564711791,111.17948842899139,140150100,0.030000061854203564,AAPL,776,50,39.61000061035156,37.2599983215332,1.0
2020-09-15,111.97416687011719,115.16263068004423,110.10373087809108,114.67806184681399,184642000,0.0015602080413872343,AAPL,775,49,40.529998779296875,38.279998779296875,1.0
2020-09-16,108.66943359375,112.42000005035005,108.58221472900694,111.67376709645097,154679000,-0.029513354452553875,AAPL,774,48,42.220001220703125,40.15999984741211,1.0
2020-09-17,106.93465423583984,108.73725101622504,105.3549623880546,106.33379357166754,178011000,-0.015963820740940493,AAPL,773,47,43.29999923706055,40.970001220703125,1.0
2020-09-18,103.54268646240234,107.45800434374442,102.81583306003789,106.99282230683487,287104900,-0.03172000505988137,AAPL,772,46,43.150001525878906,41.11000061035156,1.0
2020-09-21,106.68267822265625,106.7892839596042,99.91809392274271,101.31365455629135,195713800,0.03032557747469755,AAPL,769,43,41.439998626708984,39.310001373291016,1.0
2020-09-22,108.35929107666016,109.3768886869023,105.79108191602546,109.20244359354463,183055400,0.015715886420705205,AAPL,768,42,41.720001220703125,39.599998474121094,1.0
2020-09-23,103.81404113769531,108.65003656547653,103.47483700123934,108.17516112594639,150718700,-0.04194610257969711,AAPL,767,41,41.77000045776367,39.93000030517578,1.0
2020-09-24,104.88009643554688,106.8474450340975,101.75947146104525,101.92422311648544,167743300,0.010268893168676296,AAPL,766,40,41.939998626708984,40.310001373291016,1.0
2020-09-25,108.81478118896484,108.96984677207095,104.34705574231214,105.08360247419822,149981400,0.037516029133668694,AAPL,765,39,41.91999816894531,40.25,1.0
2020-09-28,111.41209411621094,111.76098435804984,109.29937316015781,111.46055396966348,137672400,0.023869118688348623,AAPL,762,36,42.43000030517578,40.599998474121094,1.0
2020-09-29,110.56893157958984,111.7512809163313,110.06498316084728,111.01474148847176,99382200,-0.007567962377061255,AAPL,761,35,41.029998779296875,39.290000915527344,1.0
2020-09-30,112.23587036132812,113.64112490955164,110.11346315128938,110.27821483813538,142675200,0.01507601419245308,AAPL,760,34,40.95000076293945,40.220001220703125,1.0
2020-10-01,113.18561553955078,114.0869140768239,112.25524404848423,114.00938127075119,116120400,0.00846204671612627,AAPL,759,33,40.93000030517578,38.720001220703125,1.0
2020-10-02,109.53197479248047,111.80945503436507,108.75666881974072,109.40598951281852,144712000,-0.032280080199710626,AAPL,758,32,39.27000045776367,37.04999923706055,1.0
2020-10-05,112.90455627441406,113.04992842651572,110.04560265679896,110.39449286426901,106243800,0.030790839737193654,AAPL,755,29,41.290000915527344,39.220001220703125,1.0
2020-10-06,109.66764068603516,112.53628778325715,108.78572170928096,112.1292442741749,161498200,-0.0286694859374107,AAPL,754,28,42.650001525878906,40.66999816894531,1.0
2020-10-07,111.52839660644531,111.98389262412043,110.6077111213325,111.08259403853273,96849000,0.01696722851672594,AAPL,753,27,41.9900016784668,39.95000076293945,1.0
2020-10-08,111.42176818847656,112.80763546534021,111.053491111729,112.66226332419956,83477200,-0.0009560651924820363,AAPL,752,26,43.34000015258789,41.189998626708984,1.0
2020-10-09,113.36004638671875,113.38911933685253,111.37331099631979,111.72220118579409,100506900,0.017395866442933006,AAPL,751,25,42.849998474121094,40.599998474121094,1.0
2020-10-12,120.56075286865234,121.31667922649164,115.59876429754219,116.35469065538149,240226800,0.06352067338936118,AAPL,748,22,41.720001220703125,39.43000030517578,-1.0
2020-10-13,117.36257934570312,121.52018115565947,115.95733257416443,121.4038819645373,262330500,-0.026527484665208934,AAPL,747,21,42.45000076293945,40.20000076293945,-1.0
2020-10-14,117.4498291015625,119.23303935883797,115.92828283428057,117.26569052723717,150712000,0.0007434205719216713,AAPL,746,20,43.31999969482422,41.040000915527344,-1.0
2020-10-15,116.98463439941406,117.459509897586,114.50364375467132,115.0560520589753,112559200,-0.00396079505357283,AAPL,745,19,43.15999984741211,40.959999084472656,1.0
2020-10-16,115.34677124023438,117.7986959477676,115.14325320090887,117.53702461582463,115393800,-0.014000669127089194,AAPL,744,18,42.93000030517578,40.880001068115234,1.0
2020-10-19,112.40061950683594,116.70358685493457,112.09049566738797,116.25778429784908,120639300,-0.025541692253027604,AAPL,741,15,42.619998931884766,40.83000183105469,1.0
2020-10-20,113.88336944580078,115.3080030009005,112.06138589770217,112.61379407274761,124423700,0.01319165272816547,AAPL,740,14,43.15999984741211,41.459999084472656,1.0
2020-10-21,113.26313018798828,115.04634007817563,112.85608671832885,113.06929820388042,89946000,-0.005446267183969122,AAPL,739,13,41.72999954223633,40.029998779296875,1.0
2020-10-22,112.17770385742188,114.39703037608496,111.05350042518317,113.82523521136082,101988000,-0.009583227381804393,AAPL,738,12,42.459999084472656,40.63999938964844,1.0
2020-10-23,111.48960876464844,112.95300885211658,110.75306199696499,112.79794326147403,82572600,-0.006133973767621481,AAPL,737,11,41.77000045776367,39.849998474121094,1.0
2020-10-26,111.49930572509766,112.95301241046303,109.39627110087882,110.49140153597219,111850700,8.697636090637673e-05,AAPL,734,8,40.459999084472656,38.560001373291016,1.0
2020-10-27,113.00146484375,113.66047883675716,111.00504336225823,111.92572130525396,92276800,0.01347236297915555,AAPL,733,7,41.20000076293945,39.56999969482422,1.0
2020-10-28,107.76811218261719,111.86756801727019,107.67119988879593,111.49929834317572,143937800,-0.04631225505234915,AAPL,732,6,39.119998931884766,37.38999938964844,1.0
2020-10-29,111.76097869873047,113.32129125851726,108.73726588721904,108.90202494425338,146129200,0.037050537819083296,AAPL,731,5,37.650001525878906,36.16999816894531,1.0
2020-10-30,105.50035095214844,108.53374987611883,104.39553435267372,107.63245134560678,190272600,-0.0560180111115397,AAPL,730,4,37.459999084472656,35.790000915527344,1.0
2020-11-02,105.41313171386719,107.26418875001484,104.00788464199921,105.74264246216923,122866900,-0.0008267198876030779,AAPL,727,1,38.970001220703125,36.810001373291016,1.0
2020-11-03,107.03157806396484,108.0491682897085,105.37435335866708,106.27565178371685,107624400,0.015353365598612223,AAPL,726,0,39.709999084472656,37.65999984741211,1.0
2020-11-04,111.40241241455078,112.02266015568625,108.88265504194591,110.61741298459978,138235500,0.04083686730259939,AAPL,725,1462,41.22999954223633,39.150001525878906,1.0
2020-11-05,115.3564682006836,115.92826333290571,113.26313445106743,114.3097976289083,126387100,0.0354934484849303,AAPL,724,1461,40.93000030517578,38.790000915527344,1.0
2020-11-06,115.22542572021484,115.72053342058035,112.74014741905776,114.8662234022807,114457900,-0.0011359786105862302,AAPL,723,1460,39.45000076293945,37.13999938964844,1.0
2020-11-09,112.92459869384766,118.42908863111414,112.66248329970261,116.982584063866,154515300,-0.01996804969029975,AAPL,720,1457,42.400001525878906,40.290000915527344,1.0
2020-11-10,112.58482360839844,114.15753088265224,110.79852956756876,112.17708523408758,138023400,-0.0030088668844455713,AAPL,719,1456,43.61000061035156,41.36000061035156,1.0
2020-11-11,116.00205993652344,116.13797271482636,113.0410945158488,113.76920185962483,112295000,0.030352548581601857,AAPL,718,1455,43.79999923706055,41.45000076293945,1.0
2020-11-12,115.73026275634766,117.01173169933503,115.10894492985031,116.12829842375304,103162300,-0.0023430375316136898,AAPL,717,1454,43.529998779296875,41.119998931884766,1.0
2020-11-13,115.77877807617188,116.17680624012897,114.42935305539847,115.95352413531403,81581900,0.00041921031430103284,AAPL,716,1453,42.779998779296875,40.130001068115234,1.0
2020-11-16,116.78842163085938,117.45827535475047,114.70117908437909,115.44869936969526,91183000,0.00872045439988356,AAPL,713,1450,43.81999969482422,41.34000015258789,1.0
2020-11-17,115.90497589111328,117.14761119066519,115.48752740079281,116.06030900690259,74271000,-0.007564497639487411,AAPL,712,1449,43.75,41.43000030517578,1.0
2020-11-18,114.58468627929688,116.32243681277677,114.55556316864666,115.14775777417243,76322100,-0.011391138315379523,AAPL,711,1448,44.34000015258789,41.81999969482422,1.0
2020-11-19,115.17686462402344,115.58460292894434,113.40028105826617,114.15751145503081,74113000,0.0051680408958239,AAPL,710,1447,44.20000076293945,41.7400016784668,1.0
2020-11-20,113.91482543945312,115.30308383579212,113.8662893904585,115.17688122037637,73604300,-0.010957401807125455,AAPL,709,1446,44.959999084472656,42.150001525878906,1.0
2020-11-23,110.52671813964844,114.18667602451636,110.42963862000234,113.75951725004242,127959300,-0.02974246141127168,AAPL,706,1443,46.060001373291016,43.060001373291016,1.0
2020-11-24,111.80817413330078,112.46832515996194,109.30348281979012,110.58495899509562,113874200,0.011594083450783721,AAPL,705,1442,47.86000061035156,44.90999984741211,1.0
2020-11-25,112.64305114746094,113.34203533416394,111.80815419186463,112.17706662745255,76499200,0.007467048099406348,AAPL,704,1441,48.61000061035156,45.709999084472656,1.0
2020-11-27,113.18671417236328,114.06044449798334,112.82751927666311,113.1673012347678,46691300,0.004826423107011202,AAPL,702,1439,48.18000030517578,45.529998779296875,1.0
2020-11-30,115.57490539550781,117.4388583652438,113.40028619079179,113.5556193082818,169410200,0.02109957198251844,AAPL,699,1436,47.59000015258789,45.34000015258789,1.0
2020-12-01,119.1377944946289,119.86590193418374,116.50690050184049,117.47771042124693,127728200,0.030827532040182737,AAPL,698,1435,47.41999816894531,44.54999923706055,1.0
2020-12-02,119.48728942871094,119.76882520066982,117.36121328577195,118.45822585372865,89004200,0.002933535370237106,AAPL,697,1434,48.25,45.279998779296875,1.0
2020-12-03,119.35135650634766,120.16683316485343,118.64266210929217,119.91442054863892,78967600,-0.0011376349987785028,AAPL,696,1433,48.709999084472656,45.63999938964844,1.0
2020-12-04,118.6814956665039,119.27369022514605,117.97280126779268,119.02127760834182,78260400,-0.005612511323305536,AAPL,695,1432,49.25,46.2599983215332,1.0
2020-12-07,120.13772583007812,120.93378965648249,118.68151097153174,118.73975719573221,86712000,0.012270069191462118,AAPL,692,1429,48.790000915527344,45.7599983215332,1.0
2020-12-08,120.74932098388672,121.33181279274314,119.49697544555106,120.73961821864586,82225500,0.005090783511863872,AAPL,691,1428,48.84000015258789,45.599998474121094,1.0
2020-12-09,118.2252197265625,122.27349493369557,117.46798924542293,120.89494675486756,115089200,-0.020903647629298416,AAPL,690,1427,48.86000061035156,45.52000045776367,1.0
2020-12-10,119.64260864257812,120.2542236129108,116.64280964087811,116.98259162067868,81312200,0.011988887982562701,AAPL,689,1426,50.25,46.779998779296875,1.0
2020-12-11,118.8368148803711,119.1765967824479,117.03110830740295,118.8562278147655,86939800,-0.006735006628067364,AAPL,688,1425,49.970001220703125,46.56999969482422,1.0
2020-12-14,118.2252197265625,119.74939086099992,117.99222744160214,119.021283489644,79184500,-0.00514651250476772,AAPL,685,1422,50.290000915527344,46.9900016784668,1.0
2020-12-15,124.14714813232422,124.16656847506606,120.50661157074111,120.71048072938689,157243700,0.05009022964354193,AAPL,684,1421,50.7599983215332,47.619998931884766,1.0
2020-12-16,124.0792007446289,124.62285187377786,122.86568846942772,123.69088274191743,98208600,-0.000547313319053333,AAPL,683,1420,51.08000183105469,47.81999969482422,1.0
2020-12-17,124.9432144165039,125.79753175425047,124.30247641319399,125.13737340779682,94359800,0.006963404556846298,AAPL,682,1419,51.5,48.36000061035156,1.0
2020-12-18,122.9627685546875,125.33154675459895,122.43853039208297,125.1956339798523,192541500,-0.015850767655252618,AAPL,681,1418,52.2599983215332,49.099998474121094,1.0
2020-12-21,124.48693084716797,124.56459740524315,119.84646139919089,121.37063241963554,121251600,0.012395315349480018,AAPL,678,1415,50.90999984741211,47.7400016784668,1.0
2020-12-22,128.0304412841797,130.48658966277313,125.86552408614152,127.76831840829334,168904800,0.028464919272225275,AAPL,677,1414,50.08000183105469,47.02000045776367,-1.0
2020-12-23,127.13726043701172,128.5643372428869,126.9625069666015,128.30222925734495,88223700,-0.006976316243302194,AAPL,676,1413,51.20000076293945,48.119998931884766,-1.0
2020-12-24,128.11776733398438,129.56427923315684,127.27316756907929,127.48674690488681,54930100,0.007712191481886066,AAPL,675,1412,51.290000915527344,48.22999954223633,-1.0
2020-12-28,132.7000274658203,133.33104806992824,129.6128438187215,130.0788433061159,124486200,0.03576600051022316,AAPL,671,1408,50.86000061035156,47.619998931884766,-1.0
2020-12-29,130.9330596923828,134.7386307818055,130.41853189288025,134.0202413027741,121047300,-0.013315504202835338,AAPL,670,1407,51.09000015258789,48.0,-1.0
2020-12-30,129.81668090820312,132.02042318765425,129.50601467789232,131.62238763508645,96452100,-0.008526332362525757,AAPL,669,1406,51.34000015258789,48.400001525878906,-1.0
2020-12-31,128.81674194335938,130.80690479845464,127.8750553457784,130.1661668388547,99116600,-0.00770270012950669,AAPL,668,1405,51.79999923706055,48.52000045776367,-1.0
2021-01-04,125.63247680664062,129.70987425858502,123.05982982560184,129.62250494776845,143301900,-0.024719342289520663,AAPL,664,1401,51.09000015258789,47.619998931884766,1.0
2021-01-05,127.18576049804688,127.89446217243118,124.68106994978552,125.12764888414577,97664900,0.012363711445384284,AAPL,663,1400,53.599998474121094,49.93000030517578,-1.0
2021-01-06,122.90453338623047,127.22464193893974,122.69095402050523,123.99184315415357,155088000,-0.03366121407814482,AAPL,662,1399,54.29999923706055,50.630001068115234,1.0
2021-01-07,127.09843444824219,127.78771601746288,124.12775842813694,124.61316339386353,109578200,0.03412324140096845,AAPL,661,1398,54.380001068115234,50.83000183105469,-1.0
2021-01-08,128.19546508789062,128.75853667263522,126.42858375506596,128.56436281946557,105158200,0.008631346596917888,AAPL,660,1397,55.9900016784668,52.2400016784668,-1.0
2021-01-11,125.21504974365234,126.37031583011212,124.7490651654895,125.41892632912634,100384500,-0.023248992015395542,AAPL,657,1394,55.65999984741211,52.25,1.0
2021-01-12,125.04031372070312,125.90433390902683,123.15694021026238,124.7490677981864,91951100,-0.0013954873899498788,AAPL,656,1393,56.58000183105469,53.209999084472656,1.0
2021-01-13,127.06930541992188,127.61295658608566,124.73936761825328,125.00147562190729,88636800,0.01622670032443141,AAPL,655,1392,56.060001373291016,52.90999984741211,-1.0
2021-01-14,125.1471176147461,127.17610691023913,125.0014872302532,126.98194787763325,90221800,-0.015127082018931204,AAPL,654,1391,56.41999816894531,53.56999969482422,1.0
2021-01-15,123.42874145507812,126.41883703091128,123.29282869314844,125.02086872913162,111598500,-0.013730848879459079,AAPL,653,1390,55.099998474121094,52.36000061035156,1.0
2021-01-19,124.0986099243164,124.95292722948219,123.23458985463955,124.0500664749991,90757300,0.005427167621911533,AAPL,649,1386,55.900001525878906,52.97999954223633,1.0
2021-01-20,128.17605590820312,128.62263507066567,124.79764091875076,124.90443062194485,104319500,0.03285650005566887,AAPL,648,1385,56.08000183105469,53.2400016784668,-1.0
2021-01-21,132.8747100830078,135.59298002533745,129.6904556633409,129.8943322047019,120150900,0.03665781523321132,AAPL,647,1384,56.099998474121094,53.130001068115234,-1.0
2021-01-22,135.010498046875,135.76772834904443,131.0787162081466,132.30193097010215,114459400,0.01607369801622105,AAPL,646,1383,55.40999984741211,52.27000045776367,-1.0
2021-01-25,138.74810791015625,140.85476298969073,132.55433784796116,138.8937382399215,157611700,0.027683846199749285,AAPL,643,1380,55.880001068115234,52.77000045776367,-1.0
2021-01-26,138.9811553955078,140.087878141181,137.24339729703607,139.40831414179996,98390600,0.001679644420826687,AAPL,642,1379,55.90999984741211,52.61000061035156,-1.0
2021-01-27,137.9132080078125,140.08782682258447,136.31137810940206,139.2432124060488,140843800,-0.007684116487995718,AAPL,641,1378,55.810001373291016,52.849998474121094,-1.0
2021-01-28,133.08828735351562,137.84526338322206,132.709672193958,135.44736243489726,142621100,-0.03498519629841079,AAPL,640,1377,55.529998779296875,52.34000015258789,-1.0
2021-01-29,128.1080780029297,132.7485480341253,126.40916071663973,131.86510749004256,177523800,-0.03742034291385288,AAPL,639,1376,55.880001068115234,52.20000076293945,-1.0
2021-02-01,130.22445678710938,131.42826655671627,127.10815007398598,129.84584146807433,106239800,0.01652026021443609,AAPL,636,1373,56.349998474121094,53.54999923706055,-1.0
2021-02-02,131.0496368408203,132.33109823624255,130.68072432979122,131.7680267032869,83305400,0.0063365981634304624,AAPL,635,1372,57.459999084472656,54.7599983215332,-1.0
2021-02-03,130.0302734375,131.80685723730443,129.70990440998943,131.79713965825755,89880900,-0.007778452713749107,AAPL,634,1371,58.459999084472656,55.689998626708984,-1.0
2021-02-04,133.37954711914062,133.38924988354398,130.66127693474024,132.32136807732365,84183100,0.025757645455160016,AAPL,633,1370,58.84000015258789,56.22999954223633,-1.0
2021-02-05,132.96636962890625,133.60806525933478,132.09134092233725,133.54001472396752,75693800,-0.0030977574835016064,AAPL,632,1369,59.34000015258789,56.849998474121094,-1.0
2021-02-08,133.11216735839844,133.16078334273837,131.17736393158722,132.25657350766537,71297200,0.0010965007911329927,AAPL,629,1366,60.560001373291016,57.970001220703125,-1.0
2021-02-09,132.23715209960938,134.05528941674183,132.0816016865625,132.83023162868662,76774200,-0.006573518230178932,AAPL,628,1365,61.09000015258789,58.36000061035156,-1.0
2021-02-10,131.63433837890625,133.1899609934861,130.67179521713933,132.69409868188646,73046600,-0.004558580634351883,AAPL,627,1364,61.470001220703125,58.68000030517578,-1.0
2021-02-11,131.3815460205078,132.6065887223786,130.0592713492993,132.13017580944882,64280000,-0.0019204134841379616,AAPL,626,1363,61.13999938964844,58.2400016784668,-1.0
2021-02-12,131.61488342285156,131.7704486448014,129.98149309892653,130.62318851283254,60145100,0.0017760287453714163,AAPL,625,1362,62.43000030517578,59.470001220703125,-1.0
2021-02-16,129.495361328125,132.2371278628611,129.10644827799214,131.73156315096224,80576300,-0.016103969700121068,AAPL,621,1358,63.349998474121094,60.04999923706055,-1.0
2021-02-17,127.21058654785156,128.5523110624879,125.87859413495782,127.6092169957538,97918500,-0.017643680490485703,AAPL,620,1357,64.33999633789062,61.13999938964844,-1.0
2021-02-18,126.11193084716797,126.39387989777283,123.87572846648807,125.6160684389903,96856700,-0.008636511555351722,AAPL,619,1356,63.93000030517578,60.52000045776367,-1.0
2021-02-19,126.26747131347656,127.08418144033098,125.22716025236211,126.62721780066286,87668800,0.0012333525088683572,AAPL,618,1355,62.90999984741211,59.2400016784668,-1.0
2021-02-22,122.50481414794922,126.12162413344431,122.11590849249929,124.45905227095189,103916400,-0.029799101275941653,AAPL,615,1352,65.23999786376953,61.4900016784668,1.0
2021-02-23,122.36871337890625,123.19513336260104,115.10592588579131,120.32696770808406,158273000,-0.0011109830253577258,AAPL,614,1351,65.37000274658203,61.66999816894531,1.0
2021-02-24,121.87287139892578,122.07704524597303,118.83942290821223,121.47424838833642,111039900,-0.004052032307025444,AAPL,613,1350,67.04000091552734,63.220001220703125,1.0
2021-02-25,117.63378143310547,122.95204690459941,117.19626722871075,121.2214246130711,148199500,-0.034782884141168036,AAPL,612,1349,66.87999725341797,63.529998779296875,1.0
2021-02-26,117.89630126953125,121.3867126364465,117.83796059992733,119.18940199791072,164560400,0.002231670471080305,AAPL,611,1348,66.12999725341797,61.5,1.0
2021-03-01,124.24515533447266,124.38127119478241,119.3838534155298,120.31722249383586,116307900,0.05385117256924654,AAPL,608,1345,63.689998626708984,60.63999938964844,1.0
2021-03-02,121.64922332763672,125.14935926708763,121.54227409073543,124.84796091823391,102260900,-0.020893627601394904,AAPL,607,1344,62.70000076293945,59.75,1.0
2021-03-03,118.67412567138672,122.22287832128721,118.46022715397075,121.34784230356715,112966300,-0.024456363755296584,AAPL,606,1343,64.06999969482422,61.279998779296875,1.0
2021-03-04,116.79766845703125,120.17141407750445,115.3295602258347,118.3727333702154,178155000,-0.015811847812146063,AAPL,605,1342,66.73999786376953,63.83000183105469,1.0
2021-03-05,118.05186462402344,118.55744422295456,114.30866329373481,117.62407506080334,153766600,0.010738195235922898,AAPL,604,1341,69.36000061035156,66.08999633789062,1.0
2021-03-08,113.13221740722656,117.64350493701029,112.98637686796793,117.575447007724,154376600,-0.04167360873515358,AAPL,601,1338,68.23999786376953,65.05000305175781,1.0
2021-03-09,117.73101043701172,118.67410422916818,115.4948159266102,115.72815634992203,129525800,0.04064972061169381,AAPL,600,1337,67.5199966430664,64.01000213623047,1.0
2021-03-10,116.65181732177734,118.7810627593394,116.13651302909358,118.31438187621302,111943300,-0.00916660029696903,AAPL,599,1336,67.9000015258789,64.44000244140625,1.0
2021-03-11,118.57691192626953,119.79223777917623,117.89633241574592,119.14082490228071,103026500,0.016502911387843433,AAPL,598,1335,69.62999725341797,66.0199966430664,1.0
2021-03-12,117.67267608642578,117.80879195023273,115.85455386939371,117.06015469929451,88105100,-0.007625732743031799,AAPL,597,1334,69.22000122070312,65.61000061035156,1.0
2021-03-15,120.55057525634766,120.56029993815383,117.07960562741921,118.04214884674406,92403800,0.02445681755217488,AAPL,594,1331,68.87999725341797,65.38999938964844,1.0
2021-03-16,122.08676147460938,123.6909929248944,121.26034146014726,122.21315268038276,115227900,0.012743084925103565,AAPL,593,1330,68.38999938964844,64.80000305175781,1.0
2021-03-17,121.29920196533203,122.36868685463394,118.94632630755859,120.608898014803,111932600,-0.0064508182522404756,AAPL,592,1329,68.0,64.5999984741211,1.0
2021-03-18,117.18656921386719,119.76306129363483,116.98239537750578,119.47138014582727,121229700,-0.03390486239670609,AAPL,591,1328,63.279998779296875,60.0,1.0
2021-03-19,116.66152954101562,118.06158696536845,116.36013117462356,116.57402966087285,185549500,-0.0044803741279716425,AAPL,590,1327,64.52999877929688,61.41999816894531,1.0
2021-03-22,119.96722412109375,120.4339124312078,116.92405138540522,116.99210932461362,111912300,0.028335772667166248,AAPL,587,1324,64.62000274658203,61.54999923706055,1.0
2021-03-23,119.14080810546875,120.79364806529563,118.75190240381558,119.90889482634996,95467100,-0.006888681651838757,AAPL,586,1323,60.790000915527344,57.7599983215332,1.0
2021-03-24,116.75877380371094,119.49083117848545,116.73933185520713,119.41304854895056,88530500,-0.019993437510085754,AAPL,585,1322,64.41000366210938,61.18000030517578,1.0
2021-03-25,117.24486541748047,118.28519105421263,115.69897510890188,116.22399655835046,98844700,0.0041632127328326,AAPL,584,1321,61.95000076293945,58.560001373291016,1.0
2021-03-26,117.84770202636719,118.11021653249013,115.62122444554402,117.01155734823239,94071200,0.00514168877878074,AAPL,583,1320,64.56999969482422,60.970001220703125,1.0
2021-03-29,118.022705078125,119.17969748186921,117.381016985914,118.275494892758,80819200,0.001484993332484752,AAPL,580,1317,64.9800033569336,61.560001373291016,1.0
2021-03-30,116.57402038574219,117.0601505729907,115.56286870613435,116.7781941742556,85671900,-0.012274627084880474,AAPL,579,1316,64.13999938964844,60.54999923706055,1.0
2021-03-31,118.76162719726562,120.0936193981419,117.78936665110342,118.27549692418452,118323800,0.018765817669191387,AAPL,578,1315,63.540000915527344,59.15999984741211,1.0
2021-04-01,119.58802032470703,120.73528780827226,119.0921654805349,120.22971570160718,75089100,0.006958418699238189,AAPL,577,1314,64.86000061035156,61.45000076293945,1.0
2021-04-05,122.40760040283203,122.6603902138714,119.65610136330406,120.433912742921,88651200,0.023577445888553372,AAPL,573,1310,62.150001525878906,58.650001525878906,1.0
2021-04-06,122.70901489257812,123.60349290409206,122.16455130604965,122.99097136924752,80171300,0.0024623837797177472,AAPL,572,1309,62.7400016784668,59.33000183105469,1.0
2021-04-07,124.35211944580078,124.37156139198876,121.66867838856395,122.33954050731289,83466700,0.013390251357335625,AAPL,571,1308,63.15999984741211,59.77000045776367,1.0
2021-04-08,126.74391174316406,126.77307837877164,124.95495552679813,125.3730205275212,88844600,0.019234029206922854,AAPL,570,1307,63.20000076293945,59.599998474121094,1.0
2021-04-09,129.31063842773438,129.34952231767917,125.87856026382458,126.19940798905769,106686700,0.02025128189014369,AAPL,569,1306,62.95000076293945,59.31999969482422,1.0
2021-04-12,127.59947204589844,129.16481202818863,127.0063925535893,128.84396428623276,91420000,-0.01323298997392408,AAPL,566,1303,63.279998779296875,59.70000076293945,1.0
2021-04-13,130.7009735107422,130.9246041100814,128.27032223067465,128.76618458654,91266500,0.024306538382291354,AAPL,565,1302,63.66999816894531,60.18000030517578,1.0
2021-04-14,128.3675537109375,131.25516860713591,128.00782207026887,131.19683535032675,87222800,-0.017853117211961034,AAPL,564,1301,66.58000183105469,63.150001525878906,1.0
2021-04-15,130.76905822753906,131.2551885555225,129.93291346998677,130.10792810253133,89347100,0.018708033667209634,AAPL,563,1300,66.94000244140625,63.459999084472656,1.0
2021-04-16,130.43849182128906,130.93433940993674,129.5828977054859,130.57460771830137,84922400,-0.0025278640890324944,AAPL,562,1299,66.7699966430664,63.130001068115234,1.0
2021-04-19,131.09957885742188,131.71210761044756,129.64118836775324,129.80647084298718,94264200,0.005068189818068003,AAPL,559,1296,67.05000305175781,63.380001068115234,1.0
2021-04-20,129.41761779785156,131.77048682845773,128.15367596540483,131.27463922976452,94812300,-0.012829645024256986,AAPL,558,1295,66.56999969482422,62.439998626708984,1.0
2021-04-21,129.7967987060547,130.0398638721709,127.65782821133615,128.6884221419856,68847100,0.0029299017757797863,AAPL,557,1294,65.31999969482422,61.349998474121094,1.0
2021-04-22,128.28004455566406,130.42873181562496,127.7647477103965,129.34952213608938,84566500,-0.011685605234575625,AAPL,556,1293,65.4000015258789,61.43000030517578,1.0
2021-04-23,130.5940704345703,131.37186716242175,128.49398366411955,128.49398366411955,78657500,0.01803886089158735,AAPL,555,1292,66.11000061035156,62.13999938964844,1.0
2021-04-26,130.98292541503906,131.31349039844014,129.85509976347652,131.08987465502372,66905100,0.002977585269949623,AAPL,552,1289,65.6500015258789,61.90999984741211,1.0
2021-04-27,130.66207885742188,131.6537886519638,130.38984712331498,131.26487557787047,66015800,-0.0024495296360234065,AAPL,551,1288,66.41999816894531,62.939998626708984,1.0
2021-04-28,129.87454223632812,131.27459954530588,129.3884120504617,130.5842881537486,107760100,-0.006027277600206493,AAPL,550,1287,67.2699966430664,63.86000061035156,1.0
2021-04-29,129.77731323242188,133.26773932174638,128.77588621347985,132.68437715116124,151101000,-0.0007486378949411732,AAPL,549,1286,68.55999755859375,65.01000213623047,1.0
2021-04-30,127.8133773803711,129.8551156172827,127.4341963624076,128.1244930393449,109839500,-0.015133121522815873,AAPL,548,1285,67.25,63.58000183105469,1.0
2021-05-03,128.86341857910156,130.35099100560777,128.17312183322954,128.37728825955,75135100,0.008215424865940069,AAPL,545,1282,67.55999755859375,64.48999786376953,1.0
2021-05-04,124.3034896850586,127.84252433773976,123.18538875024454,127.55084325291588,137564700,-0.03538575139727418,AAPL,544,1281,68.87999725341797,65.69000244140625,1.0
2021-05-05,124.54658508300781,126.83138852361431,124.42018646140798,125.61606280982821,84000900,0.001955660284076899,AAPL,543,1280,68.95999908447266,65.62999725341797,1.0
2021-05-06,126.14109802246094,126.15081528786173,123.60348979624123,124.34240994349356,78128300,0.012802542425313534,AAPL,542,1279,68.08999633789062,64.70999908447266,1.0
2021-05-07,126.81307220458984,127.83566778817108,126.10210583375782,127.43637521223602,78973300,0.0053271629362958706,AAPL,541,1278,68.27999877929688,64.9000015258789,1.0
2021-05-10,123.54072570800781,126.16054372317713,123.50176833952001,126.03394527871879,88071200,-0.025804488762031563,AAPL,538,1275,68.31999969482422,64.91999816894531,1.0
2021-05-11,122.62522888183594,122.97583026696635,119.5671392288961,120.27809805762202,126142800,-0.007410486063807675,AAPL,537,1274,68.55000305175781,65.27999877929688,1.0
2021-05-12,119.56717681884766,121.3883949923918,119.06074583190636,120.18074615402475,112172300,-0.02493819657564167,AAPL,536,1273,69.31999969482422,66.08000183105469,1.0
2021-05-13,121.70977783203125,122.85899423262195,121.01830123774441,121.32995276517451,105861300,0.017919642080616915,AAPL,535,1272,67.05000305175781,63.81999969482422,1.0
2021-05-14,124.12508392333984,124.55360758966998,122.5668261780835,122.95639247198734,81918000,0.019844799114183687,AAPL,534,1271,68.70999908447266,65.37000274658203,1.0
2021-05-17,122.97586059570312,123.61864605940792,121.9045589198871,123.51151514879045,74244600,-0.009258590538770428,AAPL,531,1268,69.45999908447266,66.2699966430664,1.0
2021-05-18,121.5929183959961,123.6770895961018,121.52474484946401,123.25830711587349,63342900,-0.011245639534523066,AAPL,530,1267,68.70999908447266,65.48999786376953,1.0
2021-05-19,121.43707275390625,121.66106832172552,119.65481225870738,119.94698879018051,92612000,-0.001281699988335605,AAPL,529,1266,66.66000366210938,63.36000061035156,1.0
2021-05-20,123.98873138427734,124.38803886132331,121.83638680726905,121.96300011967811,76857100,0.021012188226424477,AAPL,528,1265,65.11000061035156,62.04999923706055,1.0
2021-05-21,122.15778350830078,124.66073707262268,121.94352167759979,124.48543261389995,79295400,-0.014767050646739222,AAPL,527,1264,66.44000244140625,63.58000183105469,1.0
2021-05-24,123.78419494628906,124.60228476604034,122.65446106136119,122.72263459381065,63092900,0.013314022170988205,AAPL,524,1261,68.45999908447266,66.05000305175781,1.0
2021-05-25,123.58942413330078,124.97238470676444,123.02455343641832,124.4854213164092,72009500,-0.0015734707736539955,AAPL,523,1260,68.6500015258789,66.06999969482422,1.0
2021-05-26,123.54072570800781,124.06663903705564,123.12194328471185,123.64785661375969,56575900,-0.0003940339202522791,AAPL,522,1259,68.87000274658203,66.20999908447266,1.0
2021-05-27,122.01168060302734,124.3101132618625,121.81690119683103,123.14142196396851,94625600,-0.012376850599003397,AAPL,521,1258,69.45999908447266,66.8499984741211,1.0
2021-05-28,121.3591537475586,122.51811120313376,121.30072141546492,122.29410821284534,71311100,-0.005348068744268741,AAPL,520,1257,69.62999725341797,66.31999969482422,1.0
2021-06-01,121.03778076171875,122.07986629236983,120.70665425214682,121.8169133247897,67637100,-0.002648114921008249,AAPL,516,1253,70.25,67.72000122070312,1.0
2021-06-02,121.79742431640625,121.97272876206887,120.81377861108228,121.03777419532105,59278900,0.006276086275763593,AAPL,515,1252,71.3499984741211,68.83000183105469,1.0
2021-06-03,120.31708526611328,121.59290756486408,119.91777779316642,121.42734431379967,76229200,-0.012154108008452846,AAPL,514,1251,71.30999755859375,68.80999755859375,1.0
2021-06-04,122.60578155517578,122.86874195718396,120.61900017592295,120.83326200560104,75169300,0.019022205233782286,AAPL,513,1250,71.88999938964844,69.62000274658203,1.0
2021-06-07,122.61550903320312,123.02455024570587,121.57342360305104,122.878461975424,71057600,7.933947244542772e-05,AAPL,510,1247,71.48999786376953,69.2300033569336,1.0
2021-06-08,123.43359375,125.10873085926178,122.91742162506401,123.2972466766342,74403800,0.006671951397072773,AAPL,509,1246,72.22000122070312,70.05000305175781,1.0
2021-06-09,123.81343078613281,124.41725890545642,123.21934386738059,123.89134552998598,56877900,0.0030772581806386423,AAPL,508,1245,72.22000122070312,69.95999908447266,1.0
2021-06-10,122.82003021240234,124.84576874618693,122.654466972811,123.70628617695928,71186400,-0.00802336683042415,AAPL,507,1244,72.5199966430664,70.29000091552734,1.0
2021-06-11,124.02769470214844,124.11535064804697,122.81030467281765,123.2290871401218,53522400,0.009832797530318071,AAPL,506,1243,72.69000244140625,70.91000366210938,1.0
2021-06-14,127.07601165771484,127.13444398991092,123.75497617492034,124.48541004880167,96906500,0.024577711960920734,AAPL,503,1240,72.86000061035156,70.87999725341797,1.0
2021-06-15,126.2579574584961,127.19291956440452,126.01447944620644,126.55013404538738,62746300,-0.006437518683087284,AAPL,502,1239,73.98999786376953,72.12000274658203,1.0
2021-06-16,126.75467681884766,127.47537725318489,125.10877755487219,126.96893870849597,91815000,0.003934162807242014,AAPL,501,1238,74.38999938964844,72.1500015258789,1.0
2021-06-17,128.35182189941406,129.09200433395995,126.26765136661298,126.41374704429569,96721700,0.01260028521747536,AAPL,500,1237,73.08000183105469,71.04000091552734,1.0
2021-06-18,127.05657196044922,128.07916771937423,126.84231012163941,127.3000499717587,108953300,-0.010091402831662988,AAPL,499,1236,73.51000213623047,71.63999938964844,1.0
2021-06-21,128.84857177734375,128.955702701089,125.83918700220758,126.90074760795298,79663300,0.014103952194242764,AAPL,496,1233,74.9000015258789,73.66000366210938,1.0
2021-06-22,130.4846954345703,130.58209255634193,128.18626305147518,128.6829675675103,74783600,0.012698034868821484,AAPL,495,1232,74.80999755859375,73.05999755859375,1.0
2021-06-23,130.21202087402344,130.81585637036997,129.75428108226635,130.28020184164183,60214200,-0.00208970530711472,AAPL,494,1231,75.19000244140625,73.08000183105469,1.0
2021-06-24,129.92962646484375,131.12753427569476,129.4621379224508,130.9424885852543,68711000,-0.002168727643455437,AAPL,493,1230,75.55999755859375,73.30000305175781,1.0
2021-06-25,129.63743591308594,130.3970861369589,129.34525932066123,129.97831108103458,70783700,-0.0022488370028284077,AAPL,492,1229,76.18000030517578,74.05000305175781,1.0
2021-06-28,131.2638397216797,131.72157948620062,129.87115289056985,129.9295852246422,62111300,0.012545788160174265,AAPL,489,1226,74.68000030517578,72.91000366210938,1.0
2021-06-29,132.77345275878906,132.92928227824171,130.84511075290547,131.28336827323525,64556100,0.011500600929473137,AAPL,488,1225,74.76000213623047,72.9800033569336,1.0
2021-06-30,133.38699340820312,133.82525083392224,132.3254180392348,132.61759460995344,63261400,0.004620958758440041,AAPL,487,1224,75.12999725341797,73.47000122070312,1.0
2021-07-01,133.6889190673828,133.7473514160783,132.218302275189,133.03639973908412,52485800,0.002263531484330672,AAPL,486,1223,75.83999633789062,75.2300033569336,1.0
2021-07-02,136.30873107910156,136.34768102067733,134.1563790042736,134.30245986108,78852600,0.019596328775747685,AAPL,485,1222,76.16999816894531,75.16000366210938,1.0
2021-07-06,138.31497192382812,139.41548226335163,136.4158466947496,136.4158466947496,108181800,0.01471835904306329,AAPL,481,1218,74.52999877929688,73.37000274658203,1.0
2021-07-07,140.79843139648438,141.11007543459237,138.9382563535141,139.79528860384676,104911600,0.01795510231548847,AAPL,480,1217,73.43000030517578,72.19999694824219,1.0
2021-07-08,139.50315856933594,140.30175867225685,137.00019762598444,137.88646110200742,105575500,-0.009199483362857808,AAPL,479,1216,74.12000274658203,72.94000244140625,1.0
2021-07-09,141.32437133789062,141.85027728075062,138.92854127199598,139.02593841657492,99890800,0.01305499307135416,AAPL,478,1215,75.55000305175781,74.55999755859375,1.0
2021-07-12,140.73028564453125,142.50281263838897,140.24332963884083,142.39568172270836,76299700,-0.004203703067880538,AAPL,475,1212,75.16000366210938,74.0999984741211,1.0
2021-07-13,141.84054565429688,143.61307265954179,139.882987848704,140.2725467114718,100827100,0.007889275607455337,AAPL,474,1211,76.48999786376953,75.25,1.0
2021-07-14,145.2589569091797,145.66801299296932,143.8273051980656,144.23636128185524,127050800,0.024100381446743757,AAPL,473,1210,74.76000213623047,73.12999725341797,1.0
2021-07-15,144.60643005371094,146.08678025462487,143.25269315111336,145.3466125845258,106820300,-0.004492162613261241,AAPL,472,1209,73.47000122070312,71.6500015258789,1.0
2021-07-16,142.57095336914062,145.85303150774294,142.07426368162248,144.5869580069263,93251400,-0.014075976315951366,AAPL,471,1208,73.58999633789062,71.80999755859375,1.0
2021-07-19,138.73373413085938,140.3114813657128,137.97408410918416,139.9998224538897,121434600,-0.02691445310284224,AAPL,468,1205,68.62000274658203,66.41999816894531,1.0
2021-07-20,142.3372039794922,143.26243208036362,139.2304378127707,139.71739371398104,96350000,0.025973998834586842,AAPL,467,1204,69.3499984741211,67.41999816894531,1.0
2021-07-21,141.60682678222656,142.31779338215424,140.85692509405402,141.73344012262586,74993500,-0.00513131617627427,AAPL,466,1203,72.2300033569336,70.30000305175781,1.0
2021-07-22,142.97027587890625,144.33374665171397,142.00609770767423,142.13271101540525,77338200,0.009628413598847807,AAPL,465,1202,73.79000091552734,71.91000366210938,1.0
2021-07-23,144.6843719482422,144.8402014430063,143.0871567787064,143.700726126391,71447400,0.011989177881895907,AAPL,464,1201,74.0999984741211,72.06999969482422,1.0
2021-07-26,145.1031494140625,145.92123190033908,143.84679465375743,144.40193160847764,72434100,0.0028944208706254138,AAPL,461,1198,74.5,71.91000366210938,1.0
2021-07-27,142.94105529785156,145.3174027377309,141.7528815779119,145.22973937162135,104818600,-0.014900394133012584,AAPL,460,1197,74.4800033569336,71.6500015258789,1.0
2021-07-28,141.19773864746094,143.13582861718922,138.82139130869905,141.03217541296894,118931200,-0.012196052748862152,AAPL,459,1196,74.73999786376953,72.38999938964844,1.0
2021-07-29,141.84054565429688,142.72680915691933,140.80820129331602,140.91533220968486,56699500,0.004552530465384397,AAPL,458,1195,76.05000305175781,73.62000274658203,1.0
2021-07-30,142.0548095703125,142.51254941417247,140.35046351445212,140.61342392407167,70440600,0.0015105970935689328,AAPL,457,1194,76.33000183105469,73.94999694824219,1.0
2021-08-02,141.72369384765625,143.11638102630255,141.46073341799487,142.5417764502479,62880000,-0.0023309011758053666,AAPL,454,1191,72.88999938964844,71.26000213623047,1.0
2021-08-03,143.51565551757812,144.17790846415585,141.39251988736964,142.00608912842299,64786600,0.012644051402217249,AAPL,453,1190,72.41000366210938,70.55999755859375,1.0
2021-08-04,143.11634826660156,143.93443068193204,142.46382908813206,143.4280072023747,56368300,-0.0027823253814122095,AAPL,452,1189,70.37999725341797,68.1500015258789,1.0
2021-08-05,143.22348022460938,143.9831303102646,142.35669923658142,143.1455654900914,46397700,0.0007485654805015063,AAPL,451,1188,71.29000091552734,69.08999633789062,1.0
2021-08-06,142.5407257080078,143.48683682415765,142.04329182669468,142.74556017853746,54126800,-0.004767057158022059,AAPL,450,1187,70.69999694824219,68.27999877929688,1.0
2021-08-09,142.491943359375,143.08692025442784,141.9359896381178,142.59923476284288,48908700,-0.00034223446240022604,AAPL,447,1184,69.04000091552734,66.4800033569336,1.0
2021-08-10,142.01400756835938,144.0720407420302,141.72139332469942,142.83331554422432,69023100,-0.0033541250104943687,AAPL,446,1183,70.62999725341797,68.29000091552734,1.0
2021-08-11,142.26763916015625,143.10645895995768,141.94576488875748,142.45296206335397,48493500,0.0017859617944715467,AAPL,445,1182,71.44000244140625,69.25,1.0
2021-08-12,145.22300720214844,145.37907015513477,142.24812227389452,142.58950812317931,72282600,0.020773297845093408,AAPL,444,1181,71.30999755859375,69.08999633789062,1.0
2021-08-13,145.4278564453125,145.75947909182239,144.61829653790267,145.30105342277125,59375000,0.0014105839502338569,AAPL,443,1180,70.58999633789062,68.44000244140625,1.0
2021-08-16,147.3980712890625,147.46635440777192,142.8626017681946,144.88161214330344,103296000,0.013547712879140805,AAPL,440,1177,69.51000213623047,67.29000091552734,1.0
2021-08-17,146.49099731445312,147.94429082183916,145.4180830822368,146.53000561245062,92229700,-0.0061539066737889,AAPL,439,1176,69.02999877929688,66.58999633789062,1.0
2021-08-18,142.75531005859375,147.0079285089272,142.55047558587256,146.11058891263426,86326000,-0.025501138802683343,AAPL,438,1175,68.2300033569336,65.45999908447266,1.0
2021-08-19,143.0869598388672,144.35494544436725,140.94114605885855,141.45809163231115,86960300,0.002323204510832566,AAPL,437,1174,66.44999694824219,63.689998626708984,1.0
2021-08-20,144.5402374267578,144.84260006919433,143.1649606824682,143.80870914358007,60549600,0.010156603994711855,AAPL,436,1173,65.18000030517578,62.31999969482422,1.0
2021-08-23,146.02281188964844,146.49098584387335,144.24762936861552,144.65728343893502,60131800,0.010257174675265546,AAPL,433,1170,68.75,65.63999938964844,1.0
2021-08-24,145.93499755859375,147.1444629009486,145.47657201899844,145.76918628216262,48606400,-0.0006013740587398342,AAPL,432,1169,71.05000305175781,67.54000091552734,1.0
2021-08-25,144.70606994628906,146.61780402195117,144.15986446266652,146.12035519130814,58991300,-0.008421061656654794,AAPL,431,1168,72.25,68.36000061035156,1.0
2021-08-26,143.90625,145.44733817166107,143.87699005673284,144.6963131171606,48597200,-0.005527203845601902,AAPL,430,1167,71.06999969482422,67.41999816894531,1.0
2021-08-27,144.94017028808594,145.08647001894514,143.2137590490284,143.84774439339665,55802400,0.007184679526330173,AAPL,429,1166,72.69999694824219,68.73999786376953,1.0
2021-08-30,149.34886169433594,149.709759227182,144.9499421062824,145.3303363510765,90956700,0.03041731907370604,AAPL,426,1163,73.41000366210938,69.20999908447266,1.0
2021-08-31,148.09059143066406,149.03670255975587,147.56388271808643,148.90015120519527,86453100,-0.008425040870061018,AAPL,425,1162,72.98999786376953,68.5,1.0
2021-09-01,148.7538604736328,151.16302859498964,148.58804915099893,149.06598641010868,80313700,0.0044788060913329986,AAPL,424,1161,71.58999633789062,68.58999633789062,1.0
2021-09-02,149.8657684326172,150.90942268736845,148.64655451799135,150.08035127222993,71115500,0.007474817496796682,AAPL,423,1160,73.02999877929688,69.98999786376953,1.0
2021-09-03,150.49977111816406,150.82164538297303,149.3195654805312,149.97306236375573,57808700,0.004230470321392454,AAPL,422,1159,72.61000061035156,69.29000091552734,1.0
2021-09-07,152.8308868408203,153.386840580654,150.5875305279746,151.15324750307346,82278300,0.015489164570396508,AAPL,418,1155,71.69000244140625,68.3499984741211,-1.0
2021-09-08,151.28981018066406,153.17226923823645,150.18763608775444,153.11374935418493,74420200,-0.01008354195942962,AAPL,417,1154,72.5999984741211,69.30000305175781,-1.0
2021-09-09,150.27540588378906,152.2651560265842,150.1583512521099,151.6604308143289,57305700,-0.006705040449608846,AAPL,416,1153,71.44999694824219,68.13999938964844,1.0
2021-09-10,145.3010711669922,151.65073329616885,145.03771673531628,151.18255921551165,140893200,-0.033101455873914776,AAPL,415,1152,72.91999816894531,69.72000122070312,1.0
2021-09-13,145.86672973632812,147.69066866511997,145.08642999338122,146.9201321568595,102404300,0.003893010318456902,AAPL,412,1149,73.51000213623047,70.44999694824219,1.0
2021-09-14,144.47193908691406,147.34929527061283,143.2917485822126,146.64702700212126,109296300,-0.009562088983110284,AAPL,411,1148,73.5999984741211,70.45999908447266,1.0
2021-09-15,145.35955810546875,145.75946384011283,142.76506733146184,144.9011324843855,83281300,0.00614388527048626,AAPL,410,1147,75.45999908447266,72.61000061035156,1.0
2021-09-16,145.12547302246094,145.30104757606733,143.59414799108714,144.78410203525485,68034100,-0.0016103865893563052,AAPL,409,1146,75.66999816894531,72.61000061035156,1.0
2021-09-17,142.46273803710938,145.1547725078231,142.17012365338147,145.1547725078231,129868800,-0.01834781261963192,AAPL,408,1145,75.33999633789062,71.97000122070312,1.0
2021-09-20,139.41957092285156,141.27277037212733,137.79070269716544,140.2583908056045,123478900,-0.021361144367905593,AAPL,405,1142,73.91999816894531,70.29000091552734,1.0
2021-09-21,139.89747619628906,141.03867353306788,139.2634909051742,140.38516176883357,75834000,0.003427820572636575,AAPL,404,1141,74.36000061035156,70.55999755859375,1.0
2021-09-22,142.25790405273438,142.82360628582634,140.16084691647131,140.89237536058963,76404300,0.01687255496398965,AAPL,403,1140,76.19000244140625,72.2300033569336,1.0
2021-09-23,143.2136993408203,143.4575420459127,142.05300568330412,143.03812485400545,64838200,0.006718749966480697,AAPL,402,1139,77.25,73.30000305175781,1.0
2021-09-24,143.30152893066406,143.83798604484667,141.97502355876833,142.07256662788618,53477900,0.0006132764550319525,AAPL,401,1138,78.08999633789062,73.9800033569336,1.0
2021-09-27,141.7897186279297,142.36519899589,140.27790504587242,141.88726170941032,74150700,-0.01054985465972147,AAPL,398,1135,79.52999877929688,75.44999694824219,1.0
2021-09-28,138.41493225097656,141.18498292082313,138.20034939372246,139.72192610299075,108972300,-0.02380134758436825,AAPL,397,1134,79.08999633789062,75.29000091552734,1.0
2021-09-29,139.312255859375,140.89235227723765,138.53195600356045,138.96112166840754,74602000,0.006482852635952607,AAPL,396,1133,78.63999938964844,74.83000183105469,1.0
2021-09-30,138.01504516601562,140.8241193990878,137.8004622797123,140.12185084081975,89056700,-0.009311533183905985,AAPL,395,1132,78.5199966430664,75.02999877929688,1.0
2021-10-01,139.13670349121094,139.40005789714257,135.68389579904266,138.40517505038864,94639600,0.008127072840834693,AAPL,394,1131,79.27999877929688,75.87999725341797,1.0
2021-10-04,135.71315002441406,138.70754679310303,134.8645818313905,138.26861784072736,98322000,-0.02460568190055712,AAPL,391,1128,81.26000213623047,77.62000274658203,1.0
2021-10-05,137.63462829589844,138.73680249578317,135.92772872481194,136.0545317412187,80861100,0.014158379428513168,AAPL,390,1127,82.55999755859375,78.93000030517578,1.0
2021-10-06,138.502685546875,138.6489852474294,134.96208396365105,136.03499804431914,83221100,0.006306968396865509,AAPL,389,1126,81.08000183105469,77.43000030517578,1.0
2021-10-07,139.7609405517578,140.66804355787346,139.2049866756737,139.53660933038944,61732700,0.009084697527088403,AAPL,388,1125,81.94999694824219,78.30000305175781,1.0
2021-10-08,139.38050842285156,140.6289820985626,139.04888585839274,140.48268240335435,58773200,-0.002722020382836199,AAPL,387,1124,82.38999938964844,79.3499984741211,1.0
2021-10-11,139.2927703857422,141.24351294952652,138.31739910385002,138.76607644203366,64452200,-0.0006294857014238486,AAPL,384,1121,83.6500015258789,80.5199966430664,1.0
2021-10-12,138.02476501464844,139.72191616043952,137.56633938704366,139.7024045703548,73035900,-0.009103167146308322,AAPL,383,1120,83.41999816894531,80.63999938964844,1.0
2021-10-13,137.4395751953125,137.91749761325408,135.77168370267864,137.7614495143466,78762700,-0.004239745086860536,AAPL,382,1119,83.18000030517578,80.44000244140625,1.0
2021-10-14,140.2193603515625,140.33641501765865,138.02477512030043,138.61000380183043,69907100,0.020225507480648997,AAPL,381,1118,84.0,81.30999755859375,1.0
2021-10-15,141.2727813720703,141.3313012712168,139.9755357033759,140.22914177699147,67940300,0.007512664569761629,AAPL,380,1117,84.86000061035156,82.27999877929688,1.0
2021-10-18,142.9406280517578,143.22347910319027,139.63412084083484,139.91697189226727,85589200,0.011805860007066071,AAPL,377,1114,84.33000183105469,82.44000244140625,1.0
2021-10-19,145.09622192382812,145.4961277086073,142.94065979384268,143.38932223477877,76378900,0.01508034420619575,AAPL,376,1113,85.08000183105469,82.95999908447266,1.0
2021-10-20,145.58389282226562,146.0618300447265,144.47197030405582,145.03768735830047,58418800,0.0033610172061786514,AAPL,375,1112,85.81999969482422,83.87000274658203,1.0
2021-10-21,145.7984619140625,145.9545248556128,144.22811391179323,145.1449650896746,61421000,0.0014738518639478837,AAPL,374,1111,84.61000061035156,82.5,1.0
2021-10-22,145.02792358398438,146.48121692115393,144.97915205496275,146.00329463249273,58883400,-0.005284955135756553,AAPL,373,1110,85.52999877929688,83.76000213623047,1.0
2021-10-25,144.97915649414062,145.69117321411855,143.98427382696465,145.0181647887637,50720600,-0.00033626000178865745,AAPL,370,1107,85.98999786376953,83.76000213623047,1.0
2021-10-26,145.6424560546875,147.12500978003416,145.34007843670338,145.65220441024096,60893400,0.004575137396206852,AAPL,369,1106,86.4000015258789,84.6500015258789,1.0
2021-10-27,145.18399047851562,146.04230690415662,144.83285629616836,145.68142436893194,56094900,-0.0031478841307078786,AAPL,368,1105,84.58000183105469,82.66000366210938,1.0
2021-10-28,148.81236267089844,149.39757634919977,146.0325493292803,146.1300923838208,100077900,0.024991544731784554,AAPL,367,1104,84.31999969482422,82.80999755859375,1.0
2021-10-29,146.11058044433594,146.24713179057537,142.80407331191392,143.59412144965486,124953200,-0.01815563020484756,AAPL,366,1103,84.37999725341797,83.56999969482422,1.0
2021-11-01,145.29129028320312,146.01305539533712,144.15985619885288,145.3205502265068,74588300,-0.00560732945308462,AAPL,363,1100,84.70999908447266,84.05000305175781,1.0
2021-11-02,146.3251495361328,147.8369774382172,144.98888125575905,144.99864449006242,69122000,0.007115768955692214,AAPL,362,1099,84.72000122070312,83.91000366210938,1.0
2021-11-03,147.75901794433594,148.2271920465664,146.1301495011083,146.68610345694702,54511500,0.00979919318550948,AAPL,361,1098,81.98999786376953,80.86000061035156,1.0
2021-11-04,147.24205017089844,148.6758322133497,146.92992422765454,147.84677558220335,60394600,-0.0034987223157658676,AAPL,360,1097,80.54000091552734,78.80999755859375,1.0
2021-11-05,147.76954650878906,148.6681961208392,146.5778554155965,148.36539205538534,65463900,0.0035825114991157037,AAPL,359,1096,82.73999786376953,81.2699966430664,1.0
2021-11-08,146.948974609375,148.0527572213007,146.67547332752292,147.8964665160418,55020900,-0.005553051483211058,AAPL,356,1093,83.43000030517578,81.93000030517578,1.0
2021-11-09,147.3104248046875,147.9160328251653,146.57782868777164,146.71457936674102,56787900,0.0024596986557634537,AAPL,355,1092,84.77999877929688,84.1500015258789,1.0
2021-11-10,144.48744201660156,146.64616444006643,144.41907415140022,146.53871644786318,65187100,-0.019163496350165343,AAPL,354,1091,82.63999938964844,81.33999633789062,1.0
2021-11-11,144.43861389160156,145.96241109507744,144.25302053135974,145.50333134171993,41000000,-0.0003379402688462596,AAPL,353,1090,82.87000274658203,81.58999633789062,1.0
2021-11-12,146.5094451904297,146.9099196974308,144.0576809080353,144.9856329096499,63804000,0.014337103098914117,AAPL,352,1089,82.16999816894531,80.79000091552734,1.0
2021-11-15,146.51922607421875,148.35560514385503,145.96244586087764,146.88063539569578,59222800,6.67594077388145e-05,AAPL,349,1086,82.05000305175781,80.87999725341797,1.0
2021-11-16,147.49600219726562,147.97463697406297,145.87451939068316,146.4606021824879,59256200,0.00666653891928215,AAPL,348,1085,82.43000030517578,80.76000213623047,1.0
2021-11-17,149.92823791503906,151.40319268452978,147.48625093625634,147.4960135184774,88807000,0.016490180625509332,AAPL,347,1084,80.27999877929688,78.36000061035156,1.0
2021-11-18,154.20657348632812,154.98801222203343,149.49843081431837,150.14311888912806,137827700,0.02853588910791771,AAPL,346,1083,81.23999786376953,79.01000213623047,1.0
2021-11-19,156.82440185546875,157.2834965855034,152.897682743032,153.99168810581827,117305600,0.016976113987596797,AAPL,345,1082,78.88999938964844,76.0999984741211,1.0
2021-11-22,157.283447265625,161.85483815926344,157.2639072032153,157.9281202781403,117467900,0.0029271299920488048,AAPL,342,1079,79.69999694824219,76.75,1.0
2021-11-23,157.6644287109375,158.04537802988585,155.36895531169498,157.3811499145866,96041900,0.0024222602691883477,AAPL,341,1078,82.30999755859375,78.5,1.0
2021-11-24,158.18209838867188,158.3774543011539,155.93546813337693,157.01971058805793,69463600,0.0032833637997284892,AAPL,340,1077,82.25,78.38999938964844,1.0
2021-11-26,153.1711883544922,156.72672078738918,152.73163368073872,155.867151508964,76959800,-0.03167811076742255,AAPL,338,1075,72.72000122070312,68.1500015258789,1.0
2021-11-29,156.52157592773438,157.44952783966656,155.10521179906075,155.67175446958956,88748200,0.02187348423182689,AAPL,335,1072,73.44000244140625,69.94999694824219,1.0
2021-11-30,161.46417236328125,161.67906839694083,156.2090119296681,156.2773947152438,174048100,0.03157773237492112,AAPL,334,1071,70.56999969482422,66.18000030517578,1.0
2021-12-01,160.9464569091797,166.34813007275002,160.71202083002768,163.59356203535145,152052500,-0.0032063797591996845,AAPL,333,1070,68.87000274658203,65.56999969482422,1.0
2021-12-02,159.95989990234375,160.38969196905754,154.13821164787007,155.05640108044867,136739200,-0.006129721807996313,AAPL,332,1069,69.66999816894531,66.5,1.0
2021-12-03,158.0844268798828,161.1320360204304,156.01362719703414,160.21384675586103,118023100,-0.011724644886661695,AAPL,331,1068,69.87999725341797,66.26000213623047,1.0
2021-12-06,161.48370361328125,163.98429560873123,160.4678287996897,160.47759138079394,107497000,0.021502919677099497,AAPL,328,1065,73.08000183105469,69.48999786376953,1.0
2021-12-07,167.2077178955078,167.5984447377344,164.43362438687151,165.15645786646198,120405400,0.03544638966130198,AAPL,327,1064,75.44000244140625,72.05000305175781,-1.0
2021-12-08,171.01722717285156,171.8768113251432,166.73886138447926,168.13568563195315,116998900,0.02278309473564133,AAPL,326,1063,75.81999969482422,72.36000061035156,-1.0
2021-12-09,170.50927734375,172.6484600825667,169.8841293433167,170.85116144440897,108923700,-0.0029701676111738573,AAPL,325,1062,74.41999816894531,70.94000244140625,-1.0
2021-12-10,175.28578186035156,175.46161263264923,170.63624509261138,171.14418244016858,115402700,0.028013164978536897,AAPL,324,1061,75.1500015258789,71.66999816894531,-1.0
2021-12-13,171.66189575195312,177.9036129181879,171.45676231906222,176.91704079075095,153237000,-0.020674158907455165,AAPL,321,1058,74.38999938964844,71.29000091552734,-1.0
2021-12-14,170.2846221923828,173.6154957034132,168.21382219359762,171.18327152968024,139380400,-0.008023175752179923,AAPL,320,1057,73.69999694824219,70.7300033569336,-1.0
2021-12-15,175.13929748535156,175.33465344975855,168.31149697974806,171.04652519555987,131063300,0.02850918204160613,AAPL,319,1056,73.87999725341797,70.87000274658203,-1.0
2021-12-16,168.26266479492188,176.93660728082307,166.78771003091353,175.11976837917365,150185800,-0.03926379053224671,AAPL,318,1055,75.0199966430664,72.37999725341797,-1.0
2021-12-17,167.16864013671875,169.44457351876034,165.75229083845704,165.98671202152144,195432700,-0.00650188596226331,AAPL,317,1054,73.5199966430664,70.86000061035156,-1.0
2021-12-20,165.8108673095703,166.6216085377041,163.57401445003114,164.37497819410103,107499100,-0.008122174266883886,AAPL,314,1051,71.5199966430664,68.2300033569336,-1.0
2021-12-21,168.97572326660156,169.18084181030284,165.1955175809284,167.57889907243998,91185900,0.01908714433730352,AAPL,313,1050,73.9800033569336,71.12000274658203,-1.0
2021-12-22,171.564208984375,171.77910499631244,168.15519034473417,169.02453697313442,92135300,0.015318684055516396,AAPL,312,1049,75.29000091552734,72.76000213623047,-1.0
2021-12-23,172.18936157226562,172.74614168304623,171.2028043307869,171.76934702247985,68356600,0.00364384035336629,AAPL,311,1048,76.8499984741211,73.79000091552734,-1.0
2021-12-27,176.14541625976562,176.23332421872217,172.961070429452,172.98059559497133,74919600,0.022975023842223274,AAPL,307,1044,78.5999984741211,75.56999969482422,-1.0
2021-12-28,175.12948608398438,177.12215528727302,174.38712760111903,175.97930746687297,79144300,-0.005767565216020398,AAPL,306,1043,78.94000244140625,75.9800033569336,-1.0
2021-12-29,175.21742248535156,176.43841575185178,174.0061917992903,175.16857977375096,62348900,0.0005021221916052809,AAPL,305,1042,79.2300033569336,76.55999755859375,-1.0
2021-12-30,174.06480407714844,176.3798175385403,173.95735606919604,175.30533745901636,59773000,-0.006578218032510352,AAPL,304,1041,79.31999969482422,76.98999786376953,-1.0
2021-12-31,173.4494171142578,175.07088475573076,173.14659828081136,173.95733955389892,64062300,-0.0035353899724488436,AAPL,303,1040,77.77999877929688,75.20999908447266,-1.0
2022-01-03,177.786376953125,178.63619837680892,173.5861721636794,173.70338274431063,104487900,0.02500417649723352,AAPL,300,1037,78.9800033569336,76.08000183105469,-1.0
2022-01-04,175.5299835205078,178.69480333397306,174.96344087400894,178.39199939810527,99310400,-0.012691599161234413,AAPL,299,1036,80.0,76.98999786376953,-1.0
2022-01-05,170.8609619140625,175.9891351328985,170.58746053476784,175.44213237430915,94537600,-0.026599567280764957,AAPL,298,1035,80.80000305175781,77.8499984741211,-1.0
2022-01-06,168.0086669921875,171.23209207239668,167.65702034880644,168.6924202141222,96904000,-0.01669366068130651,AAPL,297,1034,81.98999786376953,79.45999908447266,-1.0
2022-01-07,168.17474365234375,170.0990304259398,167.06119827767387,168.878037036841,86709100,0.000988500552557614,AAPL,296,1033,81.75,78.9000015258789,-1.0
2022-01-10,168.1942901611328,168.4970941484729,164.26757109809446,165.15645789652865,106765600,0.00011622737376937309,AAPL,293,1030,80.87000274658203,78.2300033569336,-1.0
2022-01-11,171.01722717285156,171.1148977053451,166.85608689005863,168.3212790198075,76138300,0.01678378623325627,AAPL,292,1029,83.72000122070312,81.22000122070312,-1.0
2022-01-12,171.4567413330078,173.06844633316717,170.76322556870227,172.03304652412405,74805200,0.002569999335283457,AAPL,291,1028,84.66999816894531,82.63999938964844,-1.0
2022-01-13,168.1942901611328,172.52148374355693,167.80356331883507,171.7009797317892,84505800,-0.01902783843032796,AAPL,290,1027,84.47000122070312,82.12000274658203,-1.0
2022-01-14,169.05381774902344,169.7473334419262,167.11975406231704,167.36395266778703,80440800,0.00511032560657787,AAPL,289,1026,86.05999755859375,83.81999969482422,-1.0
2022-01-18,165.85975646972656,168.5361646254104,165.4788071020713,167.53006719532837,90956700,-0.01889375420103656,AAPL,285,1022,87.51000213623047,85.43000030517578,-1.0
2022-01-19,162.37255859375,167.11001826086033,162.08929472408371,166.0550783276264,94815000,-0.021024978874927158,AAPL,284,1021,88.44000244140625,86.95999908447266,-1.0
2022-01-20,160.6924591064453,165.74248492301732,160.37011513031928,163.10514273299674,91420500,-0.01034718860043482,AAPL,283,1020,88.37999725341797,86.9000015258789,-1.0
2022-01-21,158.64120483398438,162.4702376425932,158.5337568383858,160.604556493883,122848900,-0.012765093544944484,AAPL,282,1019,87.88999938964844,85.13999938964844,1.0
2022-01-24,157.8695526123047,158.53378075020058,151.11013516388041,156.30669005524535,162294600,-0.00486413490421489,AAPL,279,1016,86.2699966430664,83.30999755859375,1.0
2022-01-25,156.072265625,158.98310983768695,153.3763174519784,155.29082683573563,115798400,-0.011384633436685943,AAPL,278,1015,88.19999694824219,85.5999984741211,1.0
2022-01-26,155.98434448242188,160.57527648713483,154.15774320444362,159.70592982008216,108275300,-0.0005633361073220655,AAPL,277,1014,89.95999908447266,87.3499984741211,1.0
2022-01-27,155.52523803710938,160.03802433796415,154.60704872462142,158.68028043462846,121954600,-0.0029432854100575057,AAPL,276,1013,89.33999633789062,86.61000061035156,1.0
2022-01-28,166.37741088867188,166.39695095221313,159.02214941138433,161.8646250162313,179935700,0.06977756786312139,AAPL,275,1012,90.02999877929688,86.81999969482422,-1.0
2022-01-31,170.72415161132812,170.9390476064095,165.57644011866424,166.2113655240236,115541600,0.026125786544212826,AAPL,272,1009,91.20999908447266,88.1500015258789,-1.0
2022-02-01,170.55812072753906,170.78277933201363,168.31148996868112,169.9720379540269,86213900,-0.0009725096433166325,AAPL,271,1008,89.16000366210938,88.19999694824219,-1.0
2022-02-02,171.7595672607422,171.79864739328102,169.30781806090394,170.69486467196293,84914300,0.0070442059755242425,AAPL,270,1007,89.47000122070312,88.26000213623047,-1.0
2022-02-03,168.88775634765625,172.15026117501966,168.1258578604404,170.4310933846244,89418100,-0.01671994730125481,AAPL,269,1006,91.11000061035156,90.2699966430664,-1.0
2022-02-04,168.6041717529297,170.27662529840396,166.93171820745542,167.90975737649003,82465400,-0.0016791305708555582,AAPL,268,1005,93.2699966430664,92.30999755859375,-1.0
2022-02-07,167.8901824951172,170.129885294368,167.19576822143142,169.06382633955357,77251200,-0.004234706949355793,AAPL,265,1002,92.69000244140625,91.31999969482422,-1.0
2022-02-08,170.99058532714844,171.49916986063508,167.66524328351184,167.95865801143464,74829200,0.01846685009185345,AAPL,264,1001,90.77999877929688,89.36000061035156,-1.0
2022-02-09,172.40870666503906,172.7705763046375,171.05900812473544,172.1837618828852,71285000,0.008293563854275376,AAPL,263,1000,91.55000305175781,89.66000366210938,-1.0
2022-02-10,168.34011840820312,171.62633103104866,167.78264377127414,170.31576195955012,90865900,-0.02359850807732422,AAPL,262,999,91.41000366210938,89.87999725341797,-1.0
2022-02-11,164.93655395507812,169.2790510191681,164.3497243806945,168.54552151303656,98670700,-0.020218379821212884,AAPL,261,998,94.44000244140625,93.0999984741211,-1.0
2022-02-14,165.17124938964844,165.85587378073802,162.90219149496014,163.69440078491326,86185500,0.0014229437255870447,AAPL,258,995,96.4800033569336,95.45999908447266,-1.0
2022-02-15,168.995361328125,169.15185115822308,166.5111487010071,167.21533801275692,62527400,0.023152406684623816,AAPL,257,994,93.27999877929688,92.06999969482422,-1.0
2022-02-16,168.76065063476562,169.53329496166765,166.31555287107355,168.0760262456703,61177400,-0.0013888587918319262,AAPL,256,993,94.80999755859375,93.66000366210938,-1.0
2022-02-17,165.17124938964844,168.13470669398032,164.77024977354867,167.274027503072,69589300,-0.021269183495182364,AAPL,255,992,92.97000122070312,91.76000213623047,-1.0
2022-02-18,163.62594604492188,166.7947832093295,162.54032203615824,166.09060878011084,82772700,-0.009355764701404534,AAPL,254,991,93.54000091552734,91.06999969482422,-1.0
2022-02-22,160.71141052246094,163.02935867994262,158.58905229899906,161.35690506054718,91162800,-0.017812184393181663,AAPL,250,987,96.83999633789062,92.3499984741211,-1.0
2022-02-23,156.55474853515625,162.50121399005073,156.24176881453315,161.90460945584556,90009200,-0.025864137299222767,AAPL,249,986,96.83999633789062,92.0999984741211,1.0
2022-02-24,159.1660919189453,159.27367681919955,148.66194638721413,149.22921086821898,141147500,0.016680065013822576,AAPL,248,985,99.08000183105469,92.80999755859375,-1.0
2022-02-25,161.22976684570312,161.4938266826065,157.3371601146723,160.24193771015948,91974200,0.012965543740363517,AAPL,247,984,97.93000030517578,91.58999633789062,-1.0
2022-02-28,161.49380493164062,161.78721963459702,158.86287747049465,159.47904685433394,95056600,0.0016376509815969609,AAPL,244,981,100.98999786376953,95.72000122070312,-1.0
2022-03-01,159.615966796875,162.94130845487337,158.4129829679633,161.08302534266187,83474400,-0.011627926752735163,AAPL,243,980,104.97000122070312,103.41000366210938,-1.0
2022-03-02,162.9021759033203,163.6846100998314,159.3714544632476,160.77983303222933,79724800,0.020588222922756083,AAPL,242,979,112.93000030517578,110.5999984741211,-1.0
2022-03-03,162.57945251464844,165.20060533866413,161.91439302006907,164.77026570160976,76678400,-0.0019810870351013588,AAPL,241,978,110.45999908447266,107.66999816894531,-1.0
2022-03-04,159.58663940429688,161.91437725608384,158.54014531943216,160.87765818976635,83737200,-0.018408310915439374,AAPL,240,977,118.11000061035156,115.68000030517578,-1.0
2022-03-07,155.80160522460938,161.39598912291174,155.5473055505203,159.7724409102269,96418800,-0.02371773848873715,AAPL,237,974,123.20999908447266,119.4000015258789,1.0
2022-03-08,153.98245239257812,159.302986589477,152.37846913530916,155.33215089914594,131148300,-0.011676085297123162,AAPL,236,973,127.9800033569336,123.69999694824219,1.0
2022-03-09,159.3714599609375,159.82136448965088,155.9092082958325,157.93374136581392,91454900,0.03499754345138051,AAPL,235,972,111.13999938964844,108.69999694824219,-1.0
2022-03-10,155.03875732421875,156.86768560681452,152.55452973284972,156.68185579600046,105342000,-0.027186189031465968,AAPL,234,971,109.33000183105469,106.0199966430664,1.0
2022-03-11,151.33201599121094,155.7820977698025,151.1070711319146,155.4397780469511,96970100,-0.02390848196271489,AAPL,233,970,112.66999816894531,109.33000183105469,1.0
2022-03-14,147.31222534179688,150.73536174739257,146.80365582087973,148.12399948025242,108732100,-0.02656272450403041,AAPL,230,967,106.9000015258789,103.01000213623047,1.0
2022-03-15,151.68411254882812,152.15358216127328,147.07755576988814,147.58612546449382,92964300,0.029677694413260625,AAPL,229,966,99.91000366210938,96.44000244140625,1.0
2022-03-16,156.08526611328125,156.48626575095446,151.06793536575267,153.60105321090987,102300200,0.029015257369398917,AAPL,228,965,98.0199966430664,95.04000091552734,1.0
2022-03-17,157.09263610839844,157.4642957434988,154.16830873861088,155.12678288189394,75615400,0.006453972371652794,AAPL,227,964,106.63999938964844,102.9800033569336,1.0
2022-03-18,160.37884521484375,160.86786475806085,156.25151907619613,156.98504839102176,123511700,0.020918925214150397,AAPL,226,963,107.93000030517578,104.69999694824219,-1.0
2022-03-21,161.74810791015625,162.6968070121453,159.4301451412394,159.9191646814939,95811400,0.00853767648394177,AAPL,223,960,115.62000274658203,112.12000274658203,-1.0
2022-03-22,165.11256408691406,165.69937857870127,161.2884277154457,161.8752422072329,81532000,0.020800590623456516,AAPL,222,959,115.4800033569336,111.76000213623047,-1.0
2022-03-23,166.4720458984375,168.84867380689857,163.9682532045546,164.30079784879288,98062700,0.008233666644579696,AAPL,221,958,121.5999984741211,114.93000030517578,-1.0
2022-03-24,170.24728393554688,170.31573891650316,166.4720521767643,167.30337650948087,90131400,0.022677909775990823,AAPL,220,957,119.02999877929688,112.33999633789062,-1.0
2022-03-25,170.88299560546875,171.43069512284325,168.95625735233114,170.061446329407,80546200,0.003734048821375291,AAPL,219,956,120.6500015258789,113.9000015258789,-1.0
2022-03-28,171.74366760253906,171.87080253422522,168.22272096176943,168.38898581373743,90371900,0.005036615808499789,AAPL,216,953,112.4800033569336,105.95999908447266,-1.0
2022-03-29,175.02987670898438,175.0787667230212,172.467404224187,172.80972386459516,100589400,0.019134382957574303,AAPL,215,952,110.2300033569336,104.23999786376953,-1.0
2022-03-30,173.86602783203125,175.66561632731086,172.81951875433577,174.6288971925018,92633200,-0.0066494297935673075,AAPL,214,951,113.44999694824219,107.81999969482422,-1.0
2022-03-31,170.775390625,174.1202822188197,170.56999586828974,173.93445242077016,103049300,-0.01777596949541549,AAPL,213,950,107.91000366210938,100.27999877929688,-1.0
2022-04-01,170.48199462890625,171.0394840841696,168.16404671715162,170.20814487239906,78751300,-0.0017180226906229334,AAPL,212,949,104.38999938964844,99.2699966430664,-1.0
2022-04-04,174.5212860107422,174.57019094673097,170.60912991069844,170.73627975953104,76468400,0.023693360642737638,AAPL,209,946,107.52999877929688,103.27999877929688,-1.0
2022-04-05,171.2155303955078,174.38438259894033,170.58958593943765,173.60194829792937,73401800,-0.0189418476725578,AAPL,208,945,106.63999938964844,101.95999908447266,-1.0
2022-04-06,168.0564727783203,169.81694627331598,166.3938091700385,168.57483234577828,89058800,-0.018450765592876284,AAPL,207,944,101.06999969482422,96.2300033569336,-1.0
2022-04-07,168.35964965820312,169.55285855113002,166.11994669119974,167.4011755212215,77594700,0.0018040178689382458,AAPL,206,943,100.58000183105469,96.02999877929688,-1.0
2022-04-08,166.35467529296875,168.00756384278074,165.48422104719532,168.00756384278074,76575500,-0.011908877033807053,AAPL,205,942,102.77999877929688,98.26000213623047,-1.0
2022-04-11,162.11000061035156,165.31796805598518,161.8654908055094,165.00500326610816,72246700,-0.025515812375828006,AAPL,202,939,98.4800033569336,94.29000091552734,-1.0
2022-04-12,163.97804260253906,166.13950070260202,162.9804385205217,164.33013728303388,79265200,0.011523298902931467,AAPL,201,938,104.63999938964844,100.5999984741211,-1.0
2022-04-13,166.65786743164062,167.28381189911025,163.10759541750994,163.7139749230824,70618900,0.01634258335182781,AAPL,200,937,108.77999877929688,104.25,-1.0
2022-04-14,161.66009521484375,167.50878046321276,161.4155854111937,166.87304601950618,75329400,-0.02998821654097339,AAPL,199,936,111.69999694824219,106.94999694824219,-1.0
2022-04-18,161.44491577148438,162.94131434841603,159.97785717263437,160.3201618914843,69023900,-0.0013310609713139687,AAPL,195,932,113.16000366210938,108.20999908447266,-1.0
2022-04-19,163.7237548828125,164.1345444765827,160.31040765157212,161.39603175237912,67723800,0.0141152733143588,AAPL,194,931,107.25,102.55999755859375,-1.0
2022-04-20,163.5574951171875,165.17126878968486,162.45232094308298,165.05389393478876,67929800,-0.0010154895711010914,AAPL,193,930,106.80000305175781,102.75,-1.0
2022-04-21,162.76528930664062,167.76307044383682,162.26649466439048,165.2006123983915,87227800,-0.00484359221801034,AAPL,192,929,108.33000183105469,103.79000091552734,-1.0
2022-04-22,158.23695373535156,164.18343379206294,157.95332893712188,162.80440987833427,84882400,-0.027821260851003227,AAPL,191,928,106.6500015258789,102.06999969482422,-1.0
2022-04-25,159.302978515625,159.5866032261211,154.98004843066343,157.58162052522974,96046400,0.0067368889194894255,AAPL,188,925,102.31999969482422,98.54000091552734,-1.0
2022-04-26,153.35655212402344,158.7748828167284,153.2783071958642,158.6868628689345,95623200,-0.0373277790974782,AAPL,187,924,104.98999786376953,101.69999694824219,-1.0
2022-04-27,153.13157653808594,156.28084845296394,151.96770771639416,152.48606720314393,88063200,-0.0014670099374402001,AAPL,186,923,105.31999969482422,102.0199966430664,-1.0
2022-04-28,160.04637145996094,160.9070509325013,155.43979918595625,155.75277896640634,130216800,0.04515590499491262,AAPL,185,922,107.58999633789062,105.36000061035156,-1.0
2022-04-29,154.18788146972656,162.55012002443183,153.7966717400247,158.2858683064252,131747600,-0.03660495353185811,AAPL,184,921,109.33999633789062,104.69000244140625,-1.0
2022-05-02,154.4910888671875,154.75514872367953,149.9040823265059,153.26853978592672,123055300,0.0019664800798269155,AAPL,181,918,107.58000183105469,105.16999816894531,-1.0
2022-05-03,155.97767639160156,157.18067526746918,152.88708408047324,154.67688255687574,88966500,0.009622480722444982,AAPL,180,917,104.97000122070312,102.41000366210938,-1.0
2022-05-04,162.3740692138672,162.82395888042848,155.76251479077115,156.1635144371754,108256500,0.04100838639374693,AAPL,179,916,110.13999938964844,107.80999755859375,-1.0
2022-05-05,153.3271942138672,160.47665766238154,151.5471558846843,160.25171284753384,130525300,-0.055716254718505054,AAPL,178,915,110.9000015258789,108.26000213623047,-1.0
2022-05-06,154.05198669433594,156.16765847712838,151.01560506464577,152.80804796848787,116124600,0.004727096743567749,AAPL,177,914,112.38999938964844,109.7699966430664,-1.0
2022-05-09,148.9391632080078,152.6317930294346,148.3808694909006,151.7502553954864,131577900,-0.033188948718154476,AAPL,174,911,105.94000244140625,103.08999633789062,-1.0
2022-05-10,151.33883666992188,153.52307898712107,149.7912627423493,152.32811702969943,115366700,0.016111769464977277,AAPL,173,910,102.45999908447266,99.76000213623047,-1.0
2022-05-11,143.49327087402344,152.2595803376125,142.81742986905113,150.34960463592216,142689800,-0.0518410605534787,AAPL,172,909,107.51000213623047,105.70999908447266,-1.0
2022-05-12,139.6341094970703,143.19940187956024,135.95128476595931,139.83980605277625,182602000,-0.026894371794905836,AAPL,171,908,107.44999694824219,106.12999725341797,1.0
2022-05-13,144.0906982421875,145.06038475011871,140.17279469669467,141.62241482375455,113990900,0.03191618982760569,AAPL,170,907,111.55000305175781,110.48999786376953,-1.0
2022-05-16,142.55296325683594,144.4923369438145,141.22087499257742,142.56276758428663,86643800,-0.010671993432684546,AAPL,167,904,114.23999786376953,114.19999694824219,-1.0
2022-05-17,146.17703247070312,146.69615365751025,143.66956086149628,145.80482673464496,78336300,0.02542261578482763,AAPL,166,903,111.93000030517578,112.4000015258789,-1.0
2022-05-18,137.92984008789062,144.33560760113403,137.0287088681347,143.83608013972986,109742900,-0.05641920788387467,AAPL,165,902,109.11000061035156,109.58999633789062,1.0
2022-05-19,134.53103637695312,138.7525756020971,133.79642936713128,137.00910949443605,136095600,-0.024641540284333963,AAPL,164,901,112.04000091552734,112.20999908447266,1.0
2022-05-20,134.76611328125,137.81228455615957,129.88832647827988,136.2353274341848,137426100,0.001747380460507264,AAPL,163,900,112.55000305175781,113.2300033569336,1.0
2022-05-23,140.1728057861328,140.31972120246527,134.8248604473741,134.96198648449013,117726300,0.04011908018449217,AAPL,160,897,113.41999816894531,110.29000091552734,1.0
2022-05-24,137.479248046875,139.0562049598391,134.51143704695141,137.92000924521287,104132700,-0.01921597933458996,AAPL,159,896,113.55999755859375,109.7699966430664,1.0
2022-05-25,137.63595581054688,138.8798794260536,135.5006906054065,135.58883984827878,92482700,0.0011398648588654137,AAPL,158,895,114.02999877929688,110.33000183105469,1.0
2022-05-26,140.82907104492188,141.37757526410218,134.32535040420584,134.57021942674126,90601500,0.02319971707662094,AAPL,157,894,117.4000015258789,114.08999633789062,1.0
2022-05-27,146.56878662109375,146.60795908464218,142.27867700009156,142.40601366145458,90978500,0.04075661036165612,AAPL,156,893,119.43000030517578,115.06999969482422,-1.0
2022-05-31,145.7852325439453,147.56788638378129,143.82628016379354,146.01052282850958,103718400,-0.005345981877942885,AAPL,152,889,122.83999633789062,114.66999816894531,-1.0
2022-06-01,145.6579132080078,148.62572491730577,144.6490389655957,146.8234773391278,74286600,-0.0008733349305398708,AAPL,151,888,116.29000091552734,115.26000213623047,-1.0
2022-06-02,148.1066131591797,148.16537934399943,143.84588541228797,144.79597858853165,72348100,0.016811307379331897,AAPL,150,887,117.61000061035156,116.87000274658203,-1.0
2022-06-03,142.39625549316406,144.93309527765794,141.49513917786348,143.88504856420633,88570300,-0.038555723773646355,AAPL,149,886,119.72000122070312,118.87000274658203,-1.0
2022-06-06,143.140625,145.52075950090375,141.92606935448035,144.01235806018857,71598400,0.005227451411962569,AAPL,146,883,119.51000213623047,118.5,-1.0
2022-06-07,145.6579132080078,145.94195473174813,141.14252729935507,141.3873963509184,67808200,0.01758611999918136,AAPL,145,882,120.56999969482422,119.41000366210938,-1.0
2022-06-08,144.9232940673828,146.79408210793065,144.4335560047601,145.5305644824367,53950200,-0.005043455068424074,AAPL,144,881,123.58000183105469,122.11000061035156,-1.0
2022-06-09,139.71249389648438,144.91351047437155,139.60475090946733,144.0613709060868,69473000,-0.03595557363246005,AAPL,143,880,123.06999969482422,121.51000213623047,1.0
2022-06-10,134.3155517578125,137.8710395567264,134.24698126233585,137.40089525066517,91437900,-0.03862891562633308,AAPL,142,879,122.01000213623047,120.66999816894531,1.0
2022-06-13,129.17327880859375,132.42513083188678,128.7423070468719,130.14295032685266,122207100,-0.03828501526383854,AAPL,139,876,122.2699966430664,120.93000030517578,1.0
2022-06-14,130.03524780273438,131.1420606306549,128.7815195311164,130.39766413988795,84784300,0.006672966747386377,AAPL,138,875,121.16999816894531,118.93000030517578,1.0
2022-06-15,132.6504669189453,134.5212702217429,129.4475902081577,131.53386454500733,91533000,0.020111617122291925,AAPL,137,874,118.51000213623047,115.30999755859375,1.0
2022-06-16,127.3906478881836,129.67282879246193,126.39157816992548,129.36919361966238,108123900,-0.03965171893420982,AAPL,136,873,119.80999755859375,117.58999633789062,1.0
2022-06-17,128.85987854003906,130.34868645706888,127.14579529566508,127.40046865716874,134520300,0.011533269327157258,AAPL,135,872,113.12000274658203,109.55999755859375,1.0
2022-06-21,133.08143615722656,134.24701531100777,130.58378362269173,130.68172228241795,81000500,0.03276083809031216,AAPL,131,868,114.6500015258789,110.6500015258789,1.0
2022-06-22,132.57211303710938,134.93263938077834,131.16166488175563,132.0235937967665,73409200,-0.003827153770083025,AAPL,130,867,111.73999786376953,106.19000244140625,1.0
2022-06-23,135.43214416503906,135.74556869818326,132.8463282477274,134.01190702274286,72433800,0.021573399279900762,AAPL,129,866,110.05000305175781,104.2699966430664,1.0
2022-06-24,138.75262451171875,138.99749360130787,136.90141479225005,137.02873655581266,89116800,0.02451766799640498,AAPL,128,865,113.12000274658203,107.62000274658203,1.0
2022-06-27,138.75262451171875,140.54506804098577,138.07678343315314,139.77127334833523,70207900,0.0,AAPL,125,862,115.08999633789062,109.56999969482422,1.0
2022-06-28,134.6191864013672,140.47644880841756,134.50165406172098,139.212931320367,67083400,-0.029789981450062286,AAPL,124,861,117.9800033569336,111.76000213623047,1.0
2022-06-29,136.37246704101562,137.7829151592785,133.8650103621575,134.63880492913648,66242400,0.013024002644177468,AAPL,123,860,116.26000213623047,109.77999877929688,1.0
2022-06-30,133.9139862060547,135.53011594509118,131.0245344279122,134.43310739232075,98964500,-0.018027692013678376,AAPL,122,859,114.80999755859375,105.76000213623047,1.0
2022-07-01,136.07864379882812,136.1863867964731,132.87576685593524,133.24795771047167,71051600,0.0161645370592034,AAPL,121,858,111.62999725341797,108.43000030517578,1.0
2022-07-05,138.6546630859375,138.70363989022064,134.11968301964518,134.94245447298385,73353800,0.018930371549834346,AAPL,117,854,102.7699966430664,99.5,1.0
2022-07-06,139.98672485351562,141.16209320483665,138.18449238511542,138.44895512148898,74064300,0.009607046297119615,AAPL,116,853,100.69000244140625,98.52999877929688,1.0
2022-07-07,143.34634399414062,143.5422362397496,140.3393449670909,140.34913434840425,66253700,0.023999555273120032,AAPL,115,852,104.6500015258789,102.7300033569336,1.0
2022-07-08,144.02212524414062,144.5216675026719,142.02400104686257,142.27865939245598,64547800,0.004714324978023932,AAPL,114,851,107.0199966430664,104.79000091552734,1.0
2022-07-11,141.89671325683594,143.63039032716094,140.8290877786715,142.68029721118097,63141600,-0.014757538008148163,AAPL,111,848,107.0999984741211,104.08999633789062,1.0
2022-07-12,142.86639404296875,145.40323372369386,142.07302074051665,142.76844044820817,77588800,0.00683370857489618,AAPL,110,847,99.48999786376953,95.83999633789062,1.0
2022-07-13,142.5039825439453,143.44427122627144,139.2031379384123,140.0552923046931,71185600,-0.0025367162197320603,AAPL,109,846,99.56999969482422,96.30000305175781,1.0
2022-07-14,145.42283630371094,145.89298070687983,140.30996921418316,141.1229362743088,78140700,0.020482611837641107,AAPL,108,845,99.0999984741211,95.77999877929688,1.0
2022-07-15,147.08790588378906,147.76374670018814,145.15833701067942,146.70591085003534,76259900,0.011449849434931103,AAPL,107,844,101.16000366210938,97.58999633789062,1.0
2022-07-18,144.05157470703125,148.4592176926782,143.68915834296686,147.64625063740658,81420900,-0.020642969648073883,AAPL,104,841,106.2699966430664,102.5999984741211,1.0
2022-07-19,147.90090942382812,148.1261847699647,143.89485526545627,144.88412086859606,82982400,0.026721920427635437,AAPL,103,840,107.3499984741211,104.22000122070312,1.0
2022-07-20,149.89903259277344,150.56508418725386,147.28383290571463,148.01844006316782,64823400,0.013509877503318446,AAPL,102,839,106.91999816894531,102.26000213623047,1.0
2022-07-21,152.1616668701172,152.37715287681448,148.821648711933,151.3291059400936,65086600,0.015094388790957591,AAPL,101,838,103.86000061035156,96.3499984741211,1.0
2022-07-22,150.92745971679688,153.0725146399616,150.26142318216912,152.20078156045275,66675400,-0.00811115689455355,AAPL,100,837,103.19999694824219,94.69999694824219,1.0
2022-07-25,149.8108673095703,151.85796878260385,149.15462011252404,150.84910958984113,53623900,-0.00739820579582906,AAPL,97,834,105.1500015258789,96.69999694824219,1.0
2022-07-26,148.48858642578125,149.94799628582763,147.70500253719806,149.13502930916428,55138700,-0.008826334881679165,AAPL,96,833,104.4000015258789,94.9800033569336,1.0
2022-07-27,153.5720672607422,154.10099277980115,149.0371026048061,149.4484808165071,78620700,0.03423482543220113,AAPL,95,832,106.62000274658203,97.26000213623047,1.0
2022-07-28,154.12059020996094,154.40463173955777,151.2409277129022,153.75817384315252,81378700,0.0035717624891213884,AAPL,94,831,107.13999938964844,96.41999816894531,1.0
2022-07-29,159.17465209960938,160.2716754702952,156.22643448443253,157.93072824104914,101786900,0.032792905106080905,AAPL,93,830,110.01000213623047,98.62000274658203,-1.0
2022-08-01,158.19517517089844,160.23248719622674,157.58790478823227,157.70543713439505,67829400,-0.006153473029725798,AAPL,90,827,100.02999877929688,93.88999938964844,-1.0
2022-08-02,156.72598266601562,159.07673453265352,156.35379186998745,156.81414688340993,59907000,-0.009287214374873565,AAPL,89,826,100.54000091552734,94.41999816894531,-1.0
2022-08-03,162.7203826904297,163.17093336402678,157.45079605540153,157.53894532472003,82507500,0.038247646768233556,AAPL,88,825,96.77999877929688,90.66000366210938,-1.0
2022-08-04,162.4069366455078,163.75861850349844,161.05525478751719,162.60282888470158,55474100,-0.0019262863062349256,AAPL,87,824,94.12000274658203,88.54000091552734,-1.0
2022-08-05,162.18133544921875,162.67175374212067,159.87636348602825,160.08234575425365,56697000,-0.0013891105943429904,AAPL,86,823,94.91999816894531,89.01000213623047,-1.0
2022-08-08,161.71055603027344,164.59421857415984,161.05339717997808,163.18181120847004,60276900,-0.0029027965372299125,AAPL,83,820,96.6500015258789,90.76000213623047,-1.0
2022-08-09,161.7595672607422,162.64232916411427,160.12157196524083,160.87682032374863,63135500,0.00030307996999012765,AAPL,82,819,96.30999755859375,90.5,-1.0
2022-08-10,165.99679565429688,166.0948703368816,163.70162657940335,164.46667794890814,70170500,0.02619460762234027,AAPL,81,818,97.4000015258789,91.93000030517578,-1.0
2022-08-11,165.26116943359375,167.713261012407,164.9669154508603,166.80107516257124,57149200,-0.004431568801093855,AAPL,80,817,99.5999984741211,94.33999633789062,-1.0
2022-08-12,168.80198669433594,168.87063747457046,166.1537158722437,166.5656804191666,68039400,0.02142558516848081,AAPL,79,816,98.1500015258789,92.08999633789062,-1.0
2022-08-15,169.87109375,170.0672580774187,168.06635799154176,168.2330984181666,54091700,0.006333498062436771,AAPL,76,813,95.0999984741211,89.41000366210938,-1.0
2022-08-16,169.7141571044922,170.38113378052608,168.37041574061854,169.4689479524639,56377100,-0.0009238572734380224,AAPL,75,812,92.33999633789062,86.52999877929688,-1.0
2022-08-17,171.20501708984375,172.77434653771422,169.26296497615442,169.45912928634104,79542000,0.008784535190152987,AAPL,74,811,93.6500015258789,88.11000061035156,-1.0
2022-08-18,170.81268310546875,171.5483105348056,169.8024226331564,170.42035446304044,62290100,-0.002291603313056667,AAPL,73,810,96.58999633789062,90.5,-1.0
2022-08-19,168.23309326171875,170.41055165199725,168.02711099609633,169.7141510996703,70346300,-0.015101863613706135,AAPL,72,809,96.72000122070312,90.7699966430664,-1.0
2022-08-22,164.35879516601562,166.6049043800519,163.9370276482697,166.43816395511286,69026800,-0.02302934589495964,AAPL,69,806,96.4800033569336,90.2300033569336,-1.0
2022-08-23,164.02532958984375,165.47697879172844,163.45644246473458,163.87821006023856,54147100,-0.0020288879328608234,AAPL,68,805,100.22000122070312,93.73999786376953,-1.0
2022-08-24,164.31959533691406,164.8884825026039,163.0641253734546,164.11362798077442,53841500,0.0017940262507389892,AAPL,67,804,101.22000122070312,94.88999938964844,-1.0
2022-08-25,166.77163696289062,166.87952958176348,165.12383874706296,165.54559127859812,51218200,0.014922393284556135,AAPL,66,803,99.33999633789062,92.5199966430664,-1.0
2022-08-26,160.4844970703125,167.77212157949262,160.42564926256463,167.30132415112922,78961000,-0.037699095644045943,AAPL,65,802,100.98999786376953,93.05999755859375,-1.0
2022-08-29,158.2874298095703,159.7782908024648,156.7573269679059,158.06182659509352,73314000,-0.013690214948174018,AAPL,62,799,105.08999633789062,97.01000213623047,-1.0
2022-08-30,155.86473083496094,159.4447780510849,154.6975330126192,159.02302554257605,77906200,-0.015305694062529351,AAPL,61,798,99.30999755859375,91.63999938964844,-1.0
2022-08-31,154.2071075439453,157.502718607711,154.12863883214416,157.2378885761792,87991100,-0.010635012052667703,AAPL,60,797,96.48999786376953,89.55000305175781,-1.0
2022-09-01,154.9329833984375,155.38415993328115,151.70602203096658,153.6382716729597,74229900,0.004707149145413592,AAPL,59,796,92.36000061035156,86.61000061035156,-1.0
2022-09-02,152.8241424560547,157.2869518100939,152.0002433352291,156.6886409081276,76957800,-0.013611310491321027,AAPL,58,795,93.0199966430664,86.87000274658203,-1.0
2022-09-06,151.56871032714844,154.07965015411935,150.74481100262022,153.47153612406976,73714800,-0.008214880899902632,AAPL,54,791,92.83000183105469,86.87999725341797,-1.0
2022-09-07,152.97129821777344,153.6676838931478,150.66632598771957,151.85314497915547,87449600,0.009253808966228183,AAPL,53,790,88.0,81.94000244140625,-1.0
2022-09-08,151.50003051757812,153.36361410419434,149.75412756943635,151.6765739248584,84923800,-0.009617933019701375,AAPL,52,789,89.1500015258789,83.54000091552734,-1.0
2022-09-09,154.35426330566406,154.79565178409123,151.78447599724632,152.49067960307377,68028800,0.018839816588385183,AAPL,51,788,92.83999633789062,86.79000091552734,-1.0
2022-09-12,160.29815673828125,161.1122531071859,156.24731078742482,156.5317468843277,104956000,0.03850812608166598,AAPL,48,785,94.0,87.77999877929688,-1.0
2022-09-13,150.89190673828125,157.46350930410847,150.43091231518306,156.8357744463717,122656600,-0.058679714049099,AAPL,47,784,93.16999816894531,87.30999755859375,-1.0
2022-09-14,152.333740234375,154.08944624806267,150.66632089509483,151.82370097735972,87965400,0.009555406431403846,AAPL,46,783,94.0999984741211,88.4800033569336,-1.0
2022-09-15,149.45010375976562,152.26511565335673,148.47908487159995,151.6864105462559,90481100,-0.018929729357217373,AAPL,45,782,90.83999633789062,85.0999984741211,-1.0
2022-09-16,147.8120574951172,148.4496101996778,145.52670665510445,148.31229368839013,162278800,-0.01096048931007454,AAPL,44,781,91.3499984741211,85.11000061035156,-1.0
2022-09-19,151.51966857910156,151.59813732109004,146.24277663621996,146.4487439883553,81474200,0.025083279042420914,AAPL,41,778,92.0,85.7300033569336,-1.0
2022-09-20,153.8932647705078,155.05065980282333,150.14647654096675,150.4603364872082,107689800,0.01566526784057154,AAPL,40,777,90.62000274658203,84.44999694824219,-1.0
2022-09-21,150.7742156982422,155.69802002410492,150.6565200858437,154.32483969180942,101696800,-0.020267612600959994,AAPL,39,776,89.83000183105469,82.94000244140625,-1.0
2022-09-22,149.81297302246094,151.50981598394938,148.01804042401267,149.45987128233378,86652500,-0.006375378385022223,AAPL,38,775,90.45999908447266,83.48999786376953,-1.0
2022-09-23,147.54727172851562,148.5673503753869,145.71311171309017,148.29271727039426,96029900,-0.01512353201618677,AAPL,37,774,86.1500015258789,78.73999786376953,-1.0
2022-09-26,147.88075256347656,150.82326264584486,146.77240230987616,146.79202323434507,93339400,0.0022601626655254226,AAPL,34,771,84.05999755859375,76.70999908447266,-1.0
2022-09-27,148.85177612304688,151.75505941669135,147.07646404392761,149.81300689014782,84442700,0.006566260603478424,AAPL,33,770,86.2699966430664,78.5,-1.0
2022-09-28,146.96856689453125,147.75323924438212,142.06438341593866,144.81072915722658,146691400,-0.012651573784103753,AAPL,32,769,89.31999969482422,82.1500015258789,-1.0
2022-09-29,139.74960327148438,143.9083561021041,137.98409428837317,143.3002421615135,128138200,-0.049119099244040454,AAPL,31,768,88.48999786376953,81.2300033569336,-1.0
2022-09-30,135.55157470703125,140.35768159374078,135.3554104388006,138.572552330181,124925300,-0.030039645667528925,AAPL,30,767,87.95999908447266,79.48999786376953,1.0
2022-10-03,139.7201690673828,140.32829792951577,135.05139229305564,135.5614315097669,114311700,0.03075282872486862,AAPL,27,764,88.86000061035156,83.62999725341797,-1.0
2022-10-04,143.30023193359375,143.41792753527417,141.4954812316815,142.25072959734777,87830100,0.02562309285844333,AAPL,26,763,91.80000305175781,86.5199966430664,-1.0
2022-10-05,143.59446716308594,144.55569777280346,140.2694318056122,141.30913113651346,79471000,0.002053278110732748,AAPL,25,762,93.37000274658203,87.76000213623047,-1.0
2022-10-06,142.64309692382812,144.712663290669,142.43712956504083,143.0158197187154,68402200,-0.006625396215143242,AAPL,24,761,94.41999816894531,88.44999694824219,-1.0
2022-10-07,137.40541076660156,140.3577388347644,136.7776758724346,139.80845770678545,85925600,-0.03671881969881452,AAPL,23,760,97.91999816894531,92.63999938964844,1.0
2022-10-10,137.7290496826172,139.17088043179677,135.91451126723297,137.7290496826172,74899000,0.0023553578728086055,AAPL,20,757,96.19000244140625,91.12999725341797,1.0
2022-10-11,136.3166961669922,138.64128959242282,135.57126557653487,137.2190642395612,77033700,-0.010254579690193388,AAPL,19,756,94.29000091552734,89.3499984741211,1.0
2022-10-12,135.68894958496094,137.67024396939837,135.51240615749046,136.46381898254117,70433700,-0.004605060126033567,AAPL,18,755,92.44999694824219,87.2699966430664,1.0
2022-10-13,140.2498321533203,140.83832513907973,131.79501040391918,132.40313927882985,113224000,0.033612778213037986,AAPL,17,754,94.56999969482422,89.11000061035156,-1.0
2022-10-14,135.72821044921875,141.75054821414383,135.5418490498613,141.54456588685852,88598000,-0.032239765528978004,AAPL,16,753,91.62999725341797,85.61000061035156,1.0
2022-10-17,139.68092346191406,140.16152374746147,137.58193404215913,138.3666062011952,85250900,0.02912226573689458,AAPL,13,750,91.62000274658203,85.45999908447266,-1.0
2022-10-18,140.99526977539062,143.88873492707052,137.91544326382163,142.7019309504816,99136600,0.009409633619976265,AAPL,12,749,90.02999877929688,82.81999969482422,-1.0
2022-10-19,141.10313415527344,142.172242307933,138.78835950411164,138.97472082668796,61758300,0.0007650212667038581,AAPL,11,748,92.41000366210938,85.55000305175781,-1.0
2022-10-20,140.64219665527344,143.0942888035043,139.91637199149932,140.27929180657773,64522000,-0.003266670884097933,AAPL,10,747,92.37999725341797,85.9800033569336,-1.0
2022-10-21,144.4477996826172,145.01668666487555,139.91632474569775,140.13210997918807,86548600,0.027058757029169822,AAPL,9,746,93.5,85.05000305175781,-1.0
2022-10-24,146.5860595703125,147.35111109163424,143.20217553886908,144.36937374781388,75981900,0.014802993831636968,AAPL,6,743,93.26000213623047,84.58000183105469,-1.0
2022-10-25,149.42063903808594,149.56777350297594,146.49775025875292,147.21375676214043,74732300,0.019337305853520004,AAPL,5,742,93.5199966430664,85.31999969482422,-1.0
2022-10-26,146.4879608154297,149.07736899312695,145.20305222207165,148.06710843299678,88194300,-0.019626995584651086,AAPL,4,741,95.69000244140625,87.91000366210938,-1.0
2022-10-27,142.02513122558594,146.19368643958677,141.3679725525205,145.23247083964995,109180200,-0.030465504229844398,AAPL,3,740,96.95999908447266,89.08000183105469,-1.0
2022-10-28,152.75550842285156,154.48177557471033,144.98728378991743,145.35999154749908,164762400,0.0755526652548697,AAPL,2,739,95.7699966430664,87.9000015258789,-1.0
2022-10-31,150.40147399902344,151.2842358798015,149.0086878845991,150.22493060269468,97943200,-0.015410471596950748,AAPL,1455,736,94.83000183105469,86.52999877929688,-1.0
2022-11-01,147.76303100585938,152.4710497811702,146.27217011734126,152.10814502054632,80379300,-0.01754266712293784,AAPL,1454,735,94.6500015258789,88.37000274658203,-1.0
2022-11-02,142.250732421875,149.2539052221096,142.22130852087065,146.09561013902547,93604600,-0.037304991285443956,AAPL,1453,734,96.16000366210938,90.0,-1.0
2022-11-03,136.21861267089844,140.0634909361085,136.09109910411752,139.33766635298934,97918500,-0.04240484142525902,AAPL,1452,733,94.66999816894531,88.16999816894531,1.0
2022-11-04,135.953369140625,140.1681329812126,132.02351325557115,139.59830207893455,140814800,-0.0019471900724334912,AAPL,1451,732,98.56999969482422,92.61000061035156,1.0
2022-11-07,136.48385620117188,136.70981865595215,133.29084915754692,134.70559929239224,83374600,0.0039019780377649305,AAPL,1448,729,97.91999816894531,91.79000091552734,-1.0
2022-11-08,137.05368041992188,138.94982808586678,135.07893386231837,137.94772594743225,89908500,0.004175030180200157,AAPL,1447,728,95.36000061035156,88.91000366210938,-1.0
2022-11-09,132.50489807128906,136.12037292800636,132.22980938548775,136.07124673599705,74917800,-0.03318978618228785,AAPL,1446,727,92.6500015258789,85.83000183105469,1.0
2022-11-10,144.29444885253906,144.29444885253906,137.0536956773793,138.7631880310501,118854000,0.08897445266443738,AAPL,1445,726,93.66999816894531,86.47000122070312,-1.0
2022-11-11,147.07479858398438,147.37935990276293,141.83826577346156,143.26284999283982,93979700,0.019268584159371827,AAPL,1444,725,95.98999786376953,88.95999908447266,-1.0
2022-11-14,145.6796875,147.64461451239947,144.84458752324886,146.35758971787035,73374100,-0.009485724933274153,AAPL,1441,722,93.13999938964844,85.87000274658203,-1.0
2022-11-15,147.40887451171875,150.8966242970365,145.95483216140596,149.55065357357725,89868300,0.011869788035608897,AAPL,1440,721,93.86000061035156,86.91999816894531,-1.0
2022-11-16,146.18077087402344,147.24183349471545,144.70707528826344,146.51481993344615,64218300,-0.008331273417311658,AAPL,1439,720,92.86000061035156,85.58999633789062,-1.0
2022-11-17,148.07693481445312,148.82360185357618,143.58706836561342,143.86215701114332,80389400,0.012971363669054492,AAPL,1438,719,89.77999877929688,81.63999938964844,-1.0
2022-11-18,148.63694763183594,150.0222252429551,147.3401031595605,149.6390649453273,74829600,0.0037819044409890257,AAPL,1437,718,87.62000274658203,80.08000183105469,-1.0
2022-11-21,145.4144744873047,147.73308985978306,145.12956655626695,147.52678083863384,58724100,-0.021680162273737702,AAPL,1434,715,87.44999694824219,79.7300033569336,-1.0
2022-11-22,147.54638671875,147.7821833963105,144.353379792247,145.5323481888436,51804100,0.014660935501516592,AAPL,1433,714,88.36000061035156,80.94999694824219,-1.0
2022-11-23,148.42080688476562,149.16747394284351,146.72113379241404,146.82920540527334,58301400,0.005926408538098782,AAPL,1432,713,85.41000366210938,77.94000244140625,-1.0
2022-11-25,145.51271057128906,146.2692118769101,144.54006603549058,145.7092003283938,35195900,-0.01959358916391296,AAPL,1430,711,83.62999725341797,76.27999877929688,-1.0
2022-11-28,141.69091796875,144.06847835661756,140.86565204725017,142.59478278627932,69246000,-0.026264321429616322,AAPL,1427,708,83.19000244140625,77.23999786376953,-1.0
2022-11-29,138.69439697265625,142.2705641956943,137.88878454429147,141.75967888062996,83763800,-0.02114829262913398,AAPL,1426,707,83.02999877929688,78.19999694824219,-1.0
2022-11-30,145.43414306640625,146.11204561728894,138.0853166275374,138.92040202331182,111380900,0.04859422039290284,AAPL,1425,706,85.43000030517578,80.55000305175781,-1.0
2022-12-01,145.70919799804688,146.51482547786148,144.03901260255705,145.61096061666942,71250400,0.0018912679364091467,AAPL,1424,705,86.87999725341797,81.22000122070312,-1.0
2022-12-02,145.21795654296875,145.4046270438478,143.09583136119605,143.40040769964443,65447400,-0.0033713826019734494,AAPL,1423,704,85.56999969482422,79.9800033569336,-1.0
2022-12-05,144.0586700439453,148.27343309869434,143.21375058654476,145.17867816271277,68826400,-0.00798307954898414,AAPL,1420,701,82.68000030517578,76.93000030517578,-1.0
2022-12-06,140.4038848876953,144.71689974436399,139.43124046996064,144.49093730068225,64727200,-0.025370115905797963,AAPL,1419,700,79.3499984741211,74.25,-1.0
2022-12-07,138.4684600830078,140.85584008868295,137.5449416476374,139.69653991914743,69721100,-0.013784695532004565,AAPL,1418,699,77.16999816894531,72.01000213623047,-1.0
2022-12-08,140.1484375,141.00319109284194,138.62563079391435,139.86352962985669,62128300,0.012132563733178614,AAPL,1417,698,76.1500015258789,71.45999908447266,-1.0
2022-12-09,139.66705322265625,143.01725827820258,138.42913927736055,139.84388950557997,76097000,-0.0034348172975082747,AAPL,1416,697,76.0999984741211,71.0199966430664,-1.0
2022-12-12,141.95616149902344,141.9659807375352,138.5863037802082,140.19754337716597,70462700,0.016389751366185923,AAPL,1413,694,77.98999786376953,73.16999816894531,-1.0
2022-12-13,142.9189910888672,147.34007759813417,141.71056497387187,146.87831847453648,93886200,0.0067825840011204175,AAPL,1412,693,80.68000030517578,75.38999938964844,-1.0
2022-12-14,140.69863891601562,144.0881358235322,138.68458524913544,142.8011107216781,82291200,-0.015535739203972887,AAPL,1411,692,82.69999694824219,77.27999877929688,-1.0
2022-12-15,134.10630798339844,139.3133690938159,133.64454880056923,138.63546667684503,98931900,-0.04685426229710876,AAPL,1410,691,81.20999908447266,76.11000061035156,1.0
2022-12-16,132.1511993408203,135.23613504981998,131.38487878191776,134.2929782040358,160156900,-0.014578797015425637,AAPL,1409,690,79.04000091552734,74.29000091552734,1.0
2022-12-19,130.0487060546875,132.82907992971283,129.01713123497163,132.74066180080095,79592600,-0.015909755617960375,AAPL,1406,687,79.80000305175781,75.19000244140625,1.0
2022-12-20,129.97991943359375,130.91325672721703,127.6121788847663,129.08587408244605,77432800,-0.0005289296847353908,AAPL,1405,686,79.98999786376953,76.08999633789062,1.0
2022-12-21,133.07470703125,134.41085828161889,130.42205800232537,130.64802045895354,85928000,0.023809736235737233,AAPL,1404,685,82.19999694824219,78.29000091552734,1.0
2022-12-22,129.91119384765625,132.20033647277774,128.01504576681836,131.99402745433673,77852100,-0.0237724602531032,AAPL,1403,684,80.9800033569336,77.48999786376953,1.0
2022-12-23,129.5476531982422,130.09783042542833,127.36658276817921,128.62413499923468,63814900,-0.0027983781739422398,AAPL,1402,683,83.91999816894531,79.55999755859375,1.0
2022-12-27,127.74976348876953,129.1055682957193,126.46273834186272,129.07609558176017,69007800,-0.01387821133835132,AAPL,1398,679,84.33000183105469,79.52999877929688,1.0
2022-12-28,123.82971954345703,128.73221106602657,123.66270252163467,127.39605990024205,85438400,-0.030685332311062297,AAPL,1397,678,83.26000213623047,78.95999908447266,1.0
2022-12-29,127.33712005615234,128.19185867326428,125.4900910087302,125.74552617249073,75703700,0.028324383884794413,AAPL,1396,677,82.26000213623047,78.4000015258789,1.0
2022-12-30,127.65149688720703,127.67115035805845,125.19534521858718,126.1581629090278,77034200,0.0024688545721471833,AAPL,1395,676,85.91000366210938,80.26000213623047,1.0
2023-01-03,122.87674713134766,128.6045053870652,121.99252821247748,127.99538262842435,112117500,-0.03740457317220769,AAPL,1391,672,82.0999984741211,76.93000030517578,1.0
2023-01-04,124.14411163330078,126.40378110334795,122.88655931785308,124.66481618620305,89113600,0.010314111754589295,AAPL,1390,671,77.83999633789062,72.83999633789062,1.0
2023-01-05,122.82762145996094,125.52939692056383,122.57218626779334,124.90062068574457,80962700,-0.010604531749588864,AAPL,1389,670,78.69000244140625,73.66999816894531,1.0
2023-01-06,127.34695434570312,128.00520329992693,122.699904718632,123.80026688503307,87754700,0.03679410894735424,AAPL,1388,669,78.56999969482422,73.7699966430664,1.0
2023-01-09,127.86767578125,131.07051781969213,127.61224055371211,128.1820714377982,70790800,0.004088997952265805,AAPL,1385,666,79.6500015258789,74.62999725341797,1.0
2023-01-10,128.43746948242188,128.958174020526,125.87323874198964,127.9757103650532,63896200,0.00445611995127404,AAPL,1384,665,80.0999984741211,75.12000274658203,1.0
2023-01-11,131.1490936279297,131.1687321095965,128.17222961380043,128.94836939344688,69458900,0.021112407122587662,AAPL,1383,664,82.66999816894531,77.41000366210938,1.0
2023-01-12,131.0704803466797,131.90556546211644,129.1350257391296,131.53223946571177,71379600,-0.0005994191730598342,AAPL,1382,663,84.02999877929688,78.38999938964844,1.0
2023-01-13,132.39682006835938,132.55401787873402,129.35119119619432,129.71469801537842,57809700,0.010119286342519906,AAPL,1381,662,85.27999877929688,79.86000061035156,1.0
2023-01-17,133.55613708496094,134.88245427698436,131.77787992946924,132.4656016206527,63646600,0.008756381127605462,AAPL,1377,658,85.91999816894531,80.18000030517578,1.0
2023-01-18,132.83892822265625,136.1792989256054,132.6620769549058,134.42069543585905,69672800,-0.005370092890964906,AAPL,1376,657,84.9800033569336,79.4800033569336,1.0
2023-01-19,132.89788818359375,133.86069855178562,131.42419241972087,131.7287538123279,58280400,0.00044384550316967086,AAPL,1375,656,86.16000366210938,80.33000183105469,1.0
2023-01-20,135.4522247314453,135.59960323678726,131.86623930281905,132.907648112614,80223600,0.01922029448897522,AAPL,1374,655,87.62999725341797,81.30999755859375,1.0
2023-01-23,138.6354522705078,140.806703627411,135.4817372209474,135.6978804326285,81760300,0.023500740171479073,AAPL,1371,652,88.19000244140625,81.62000274658203,1.0
2023-01-24,140.03054809570312,140.64950501564115,137.83965827143598,137.84947751147084,66435100,0.010063052432455644,AAPL,1370,651,86.12999725341797,80.12999725341797,1.0
2023-01-25,139.37228393554688,139.9322803802267,136.37576702094836,138.4192930644909,65799300,-0.004700861127147515,AAPL,1369,650,86.12000274658203,80.1500015258789,1.0
2023-01-26,141.4355010986328,141.72040901629467,139.41161299424252,140.65934626942868,54105100,0.014803640328087564,AAPL,1368,649,87.47000122070312,81.01000213623047,1.0
2023-01-27,143.3709259033203,144.64813175929368,140.57091324840124,140.64951214628343,70555800,0.013684151359832919,AAPL,1367,648,86.66000366210938,79.68000030517578,1.0
2023-01-30,140.49232482910156,142.99761054282715,140.34496125408572,142.41796049282078,64015300,-0.020077997376956924,AAPL,1364,645,84.9000015258789,77.9000015258789,1.0
2023-01-31,141.75967407226562,141.8088002532181,139.78492752410364,140.19756045993424,65874500,0.009020772093462748,AAPL,1363,644,84.48999786376953,78.87000274658203,1.0
2023-02-01,142.87969970703125,144.03901475780756,138.84178798038548,141.44531098955775,77663600,0.007900876198365658,AAPL,1362,643,82.83999633789062,76.41000366210938,1.0
2023-02-02,148.17518615722656,148.52885870656533,145.57164829200897,146.2888426135127,118339000,0.03706255305024775,AAPL,1361,642,82.16999816894531,75.87999725341797,1.0
2023-02-03,151.79067993164062,154.62018089842738,145.2376471989092,145.4341369902227,154357300,0.02440012979351147,AAPL,1360,641,79.94000244140625,73.38999938964844,1.0
2023-02-06,149.06918334960938,150.4151685448772,148.13584601851642,149.89446408675576,69858300,-0.017929273281184877,AAPL,1357,638,80.98999786376953,74.11000061035156,1.0
2023-02-07,151.93804931640625,152.50788022677395,147.99837413254576,147.99837413254576,83322600,0.019245198117632256,AAPL,1356,637,83.69000244140625,77.13999938964844,1.0
2023-02-08,149.2559051513672,151.86926257026718,148.51905726950346,151.18154087876943,64120100,-0.017652880085708977,AAPL,1355,636,85.08999633789062,78.47000122070312,1.0
2023-02-09,148.22427368164062,151.62360422246954,147.78216807435706,151.083246261921,56007100,-0.006911830179719414,AAPL,1354,635,84.5,78.05999755859375,1.0
2023-02-10,148.58837890625,148.913088785703,146.82709018156558,147.06324691592152,57450700,0.002456448026801672,AAPL,1353,634,86.38999938964844,79.72000122070312,1.0
2023-02-13,151.38284301757812,151.78625678187208,148.49982115470684,148.52933886882354,62199000,0.018806747417920544,AAPL,1350,631,86.61000061035156,80.13999938964844,1.0
2023-02-14,150.7432861328125,151.30415283571156,148.4408139099733,149.68060318055606,61707600,-0.004224764656397428,AAPL,1349,630,85.58000183105469,79.05999755859375,1.0
2023-02-15,152.83909606933594,153.00636811059493,150.42838780610393,150.6546952720313,65573800,0.013903172673819242,AAPL,1348,629,85.37999725341797,78.58999633789062,1.0
2023-02-16,151.24505615234375,153.8230360580732,150.89082864502956,151.0482514150965,68167900,-0.010429529864983245,AAPL,1347,628,85.13999938964844,78.48999786376953,1.0
2023-02-17,150.10366821289062,150.5464488832577,148.4309328947845,149.90687847207133,59144100,-0.00754661321493677,AAPL,1346,627,83.0,76.33999633789062,1.0
2023-02-21,146.09893798828125,148.87372305726493,146.03006833094608,147.79135689260553,58867200,-0.026679762542041963,AAPL,1342,623,83.05000305175781,76.16000366210938,1.0
2023-02-22,146.52203369140625,147.5453493019233,144.80009726904348,146.4826667367167,51011300,0.002895953310481536,AAPL,1341,622,80.5999984741211,73.94999694824219,1.0
2023-02-23,147.00416564941406,147.92909389742377,144.87881554222116,147.68310298099968,48394200,0.00329050823184196,AAPL,1340,621,82.20999908447266,75.38999938964844,1.0
2023-02-24,144.35736083984375,144.8296593421339,143.38323110315275,144.75094042273577,55469600,-0.018004964674828372,AAPL,1339,620,83.16000366210938,76.31999969482422,1.0
2023-02-27,145.5478973388672,146.77785186784027,145.08543323484585,145.341273385892,44998500,0.008247147856521586,AAPL,1336,617,82.44999694824219,75.68000030517578,1.0
2023-02-28,145.046142578125,146.6893607214016,144.47544163386908,144.6919149235558,50547000,-0.0034473514898947233,AAPL,1335,616,83.88999938964844,77.05000305175781,1.0
2023-03-01,142.9797821044922,144.86899086128216,142.68458995191014,144.4754113339038,55479000,-0.014246228385700221,AAPL,1334,615,84.30999755859375,77.69000244140625,1.0
2023-03-02,143.57015991210938,144.3573339453376,141.59238308918532,142.0646965175798,52238100,0.004129099925370694,AAPL,1333,614,84.75,78.16000366210938,1.0
2023-03-03,148.6080322265625,148.68675112203792,144.96736964186593,145.66597544130724,70732300,0.035089967981767334,AAPL,1332,613,85.83000183105469,79.68000030517578,1.0
2023-03-06,151.36317443847656,153.7935665673354,150.9991125857975,151.32380747304748,87558000,0.018539658796596248,AAPL,1329,610,86.18000030517578,80.45999908447266,1.0
2023-03-07,149.16891479492188,151.55993956940895,148.7064506179963,151.23522972088062,56182000,-0.014496654497997308,AAPL,1328,609,83.29000091552734,77.58000183105469,1.0
2023-03-08,150.4185333251953,151.00891757952724,149.39521763366128,150.35949790258118,47204800,0.008377204674254068,AAPL,1327,608,82.66000366210938,76.66000366210938,1.0
2023-03-09,148.17510986328125,152.06176399701366,147.82088228318355,151.09748364556307,53833600,-0.014914541528362912,AAPL,1326,607,81.58999633789062,75.72000122070312,1.0
2023-03-10,146.1186065673828,148.51948035027368,145.24287949222287,147.8011910673905,68572400,-0.013878871409617521,AAPL,1325,606,82.77999877929688,76.68000030517578,1.0
2023-03-13,148.0570068359375,150.68418789491582,145.33142340949902,145.43966000806788,84457100,0.01326593726898695,AAPL,1322,603,80.7699966430664,74.80000305175781,1.0
2023-03-14,150.14303588867188,150.94004418166887,147.6929755826584,148.85404568502526,73695900,0.014089363936999666,AAPL,1321,602,77.44999694824219,71.33000183105469,1.0
2023-03-15,150.53660583496094,150.7924309816341,147.51583019026035,148.7654682431246,77167900,0.0026213000420538535,AAPL,1320,601,73.69000244140625,67.61000061035156,1.0
2023-03-16,153.35076904296875,153.9509875803486,149.20827470890512,149.71994010489203,76161100,0.01869421189881937,AAPL,1319,600,74.69999694824219,68.3499984741211,1.0
2023-03-17,152.514404296875,154.2265068856699,151.80594908869074,153.5770871091514,98944600,-0.005453932518978077,AAPL,1318,599,72.97000122070312,66.73999786376953,1.0
2023-03-20,154.8759002685547,155.28917828804447,151.67801783277878,152.58327776546486,73641400,0.015483756977360263,AAPL,1315,596,73.79000091552734,67.63999938964844,1.0
2023-03-21,156.72573852539062,156.8438093660786,154.0296725549558,154.79717806171172,73938300,0.011944003254401148,AAPL,1314,595,75.31999969482422,69.33000183105469,1.0
2023-03-22,155.2989959716797,159.53987720924363,155.27931249330243,156.74542384346483,75701800,-0.009103434873779848,AAPL,1313,594,76.69000244140625,70.9000015258789,1.0
2023-03-23,156.38134765625,158.95934282613845,155.15139299961646,156.28296029217628,67622100,0.006969469942791351,AAPL,1312,593,75.91000366210938,69.95999908447266,1.0
2023-03-24,157.68019104003906,157.76874417421377,155.3186840441415,156.31248202721346,59196500,0.008305615748011919,AAPL,1311,592,74.98999786376953,69.26000213623047,1.0
2023-03-27,155.74179077148438,158.19186606543823,155.33836200567538,157.37517430078694,52390300,-0.012293238965333853,AAPL,1308,589,78.12000274658203,72.80999755859375,1.0
2023-03-28,155.12188720703125,155.94842821050446,153.47866946121147,155.43676283008696,45992200,-0.003980328988015147,AAPL,1307,588,78.6500015258789,73.19999694824219,1.0
2023-03-29,158.1918487548828,158.46735739062942,156.79462209814082,156.81429056205513,51305700,0.019790640786585323,AAPL,1306,587,78.27999877929688,72.97000122070312,1.0
2023-03-30,159.75636291503906,159.86459953343115,158.68384597812414,158.93967116064357,49501700,0.009889979619496447,AAPL,1305,586,79.2699966430664,74.37000274658203,1.0
2023-03-31,162.25563049316406,162.35403288236776,159.31358823359025,159.8350878653574,68749800,0.015644244351344927,AAPL,1304,585,79.7699966430664,75.66999816894531,1.0
2023-04-03,163.50526428222656,163.62333513475417,161.58653785817188,161.63573905142377,56976200,0.007701635901720794,AAPL,1301,582,84.93000030517578,80.41999816894531,1.0
2023-04-04,162.9739227294922,164.16451047380076,162.46225736922722,163.92836877990578,46278300,-0.0032496907978278866,AAPL,1300,581,84.94000244140625,80.70999908447266,1.0
2023-04-05,161.13388061523438,162.40320212135714,159.20532028473036,162.09817579458004,51511700,-0.011290408204212898,AAPL,1299,580,84.98999786376953,80.61000061035156,1.0
2023-04-06,162.01947021484375,162.31466233453045,159.40212310856722,159.8252203026454,45390100,0.005495986295545485,AAPL,1298,579,85.12000274658203,80.69999694824219,1.0
2023-04-10,159.4316864013672,159.4316864013672,157.5129595959733,158.8314677582338,47716900,-0.01597205453174899,AAPL,1294,575,84.18000030517578,79.73999786376953,1.0
2023-04-11,158.2213897705078,159.75637097122245,157.93603184667685,159.7465367378167,47644200,-0.0075913180006920156,AAPL,1293,574,85.61000061035156,81.52999877929688,1.0
2023-04-12,157.5326385498047,159.46119953470492,157.21776287074414,158.6346733983191,50133100,-0.0043530853932083335,AAPL,1292,573,87.33000183105469,83.26000213623047,1.0
2023-04-13,162.905029296875,163.14118599216286,158.8314201412513,159.03805912639,68445600,0.034103350242380426,AAPL,1291,572,86.08999633789062,82.16000366210938,1.0
2023-04-14,162.5606689453125,163.65286938363687,161.19295983913122,161.9506011686896,49386500,-0.0021138718248835398,AAPL,1290,571,86.30999755859375,82.5199966430664,1.0
2023-04-17,162.58035278320312,162.73779061232008,161.39959909302152,162.44259843625022,41516200,0.00012108610291972077,AAPL,1287,568,84.76000213623047,80.83000183105469,1.0
2023-04-18,163.8004608154297,164.7253892225956,162.99360326395418,163.43639900098648,49923000,0.0075046462339367626,AAPL,1286,567,84.7699966430664,80.86000061035156,1.0
2023-04-19,164.94183349609375,165.46333303592274,162.88533803142178,163.14117819260926,47720200,0.006968067580409132,AAPL,1285,566,83.12000274658203,79.16000366210938,1.0
2023-04-20,163.97756958007812,165.17800667808302,162.90505258707114,163.42655222639002,52456400,-0.005846084620118264,AAPL,1284,565,81.0999984741211,77.29000091552734,1.0
2023-04-21,162.3737030029297,163.78076396537094,161.85220341407148,162.40322071444277,58337300,-0.009781012008262424,AAPL,1283,564,81.66000366210938,77.87000274658203,1.0
2023-04-24,162.6787109375,162.9443853251193,161.26180088898863,162.35400113354166,41949600,0.0018784318453635152,AAPL,1280,561,82.7300033569336,78.76000213623047,1.0
2023-04-25,161.14378356933594,163.64304544690907,161.10441660264104,162.54101060503098,48714100,-0.009435330285803456,AAPL,1279,560,80.7699966430664,77.06999969482422,1.0
2023-04-26,161.13388061523438,162.6295095550799,160.18928392676938,160.4451090686258,45498800,-6.145414909719538e-05,AAPL,1278,559,77.69000244140625,74.30000305175781,1.0
2023-04-27,165.70933532714844,165.85692388096987,162.54097091629146,162.54097091629146,64902300,0.028395361015599363,AAPL,1277,558,78.37000274658203,74.76000213623047,1.0
2023-04-28,166.95892333984375,167.12621035111846,165.18780101009946,165.78801935956358,55275900,0.0075408425857743655,AAPL,1276,557,79.54000091552734,76.77999877929688,1.0
2023-05-01,166.87042236328125,167.71663185783257,165.9356597273935,166.56539597816914,52472900,-0.0005300763492728233,AAPL,1273,554,79.30999755859375,75.66000366210938,1.0
2023-05-02,165.83726501464844,167.6182522416185,164.8533011388869,167.36241202489828,48425700,-0.006191374924332638,AAPL,1272,553,75.31999969482422,71.66000366210938,1.0
2023-05-03,164.76470947265625,168.17906452442512,164.47936662159927,166.78183794919684,65136000,-0.006467518273998607,AAPL,1271,552,72.33000183105469,68.5999984741211,1.0
2023-05-04,163.13133239746094,164.3612870012041,161.67507035057545,162.2457710884036,81235400,-0.009913391529187798,AAPL,1270,551,72.5,68.55999755859375,1.0
2023-05-05,170.78659057617188,171.50487988988195,168.02163990321543,168.23811312336284,113453200,0.046926964098223056,AAPL,1269,550,75.30000305175781,71.33999633789062,1.0
2023-05-08,170.71771240234375,171.06210572406735,169.35000337616833,169.7140651629481,55962800,-0.0004032996595092486,AAPL,1266,547,77.01000213623047,73.16000366210938,1.0
2023-05-09,169.0154571533203,170.75706217667226,168.84818511789587,170.27492954930042,45326900,-0.009971169511758693,AAPL,1265,546,77.44000244140625,73.70999908447266,1.0
2023-05-10,170.7767333984375,171.23919752781075,169.14335009103814,170.24539961899495,53724500,0.010420799817850268,AAPL,1264,545,76.41000366210938,72.55999755859375,1.0
2023-05-11,170.9636993408203,171.7902252766967,169.4090348343318,171.0621017201797,49514700,0.0010947975093691387,AAPL,1263,544,74.9800033569336,70.87000274658203,1.0
2023-05-12,170.03750610351562,171.50563041723674,168.49053896760506,171.07208510437357,45533100,-0.005417484769432268,AAPL,1262,543,74.16999816894531,70.04000091552734,1.0
2023-05-15,169.54486083984375,170.66813061172948,168.95365989259247,170.61886136031444,37266700,-0.00289727410711349,AAPL,1259,540,75.2300033569336,71.11000061035156,1.0
2023-05-16,169.54486083984375,170.5991506527755,169.2788189100942,169.4660330445526,42110300,0.0,AAPL,1258,539,74.91000366210938,70.86000061035156,1.0
2023-05-17,170.15576171875,170.3922300756776,167.91906995533154,169.19014751327734,57951600,0.0036031813402077617,AAPL,1257,538,76.95999908447266,72.83000183105469,1.0
2023-05-18,172.4811248779297,172.66833901247392,170.04737119858373,170.46120584790356,65496700,0.013666085330823474,AAPL,1256,537,75.86000061035156,71.86000061035156,1.0
2023-05-19,172.58949279785156,173.80143807257875,172.3727201425523,173.80143807257875,55809500,0.000628288573596425,AAPL,1255,536,75.58000183105469,71.55000305175781,1.0
2023-05-22,171.64353942871094,172.146064588577,170.90454599112905,171.42676681756478,43570900,-0.005480944139795274,AAPL,1252,533,75.98999786376953,71.98999786376953,1.0
2023-05-23,169.0423126220703,170.83561089353927,168.76642289336164,170.58927970470205,50747300,-0.015154819198545999,AAPL,1251,532,76.83999633789062,72.91000366210938,1.0
2023-05-24,169.31820678710938,169.8896969643689,168.01758589409968,168.57921320123526,45143500,0.001632101222230009,AAPL,1250,531,78.36000061035156,74.33999633789062,1.0
2023-05-25,170.45135498046875,171.34798918728478,169.17042964019168,169.87986475065702,56058300,0.006692417873195078,AAPL,1249,530,76.26000213623047,71.83000183105469,1.0
2023-05-26,172.8555450439453,173.19056694623742,170.5695990272421,170.77652387763237,54835000,0.014104845712444192,AAPL,1248,529,76.94999694824219,72.66999816894531,1.0
2023-05-30,174.69810485839844,176.36330631715728,173.9788219031772,174.36309800636275,55964400,0.01065953547503895,AAPL,1244,525,73.54000091552734,69.45999908447266,1.0
2023-05-31,174.64886474609375,176.7180533606995,174.16605006005452,174.72769255411242,99625300,-0.00028185830833482584,AAPL,1243,524,72.66000366210938,68.08999633789062,1.0
2023-06-01,177.44712829589844,177.47668683522244,174.33349851829678,175.0922027756249,68901800,0.01602222581791657,AAPL,1242,523,74.27999877929688,70.0999984741211,1.0
2023-06-02,178.29454040527344,179.11236188910445,176.62933889294345,178.37336820267623,61996900,0.0047755752235218996,AAPL,1241,522,76.12999725341797,71.73999786376953,0.0
2023-06-05,176.94461059570312,182.23579939859383,175.4272021453367,179.9498539235026,121946500,-0.007571346865147155,AAPL,1238,519,76.70999908447266,72.1500015258789,1.0
2023-06-06,176.58004760742188,177.4766816655694,174.82615579439974,177.3288889732544,64848400,-0.002060322645905499,AAPL,1237,518,76.29000091552734,71.73999786376953,1.0
2023-06-07,175.21044921875,178.55069942371495,174.71778685793004,175.8213457350109,61944600,-0.007756246570489123,AAPL,1236,517,76.94999694824219,72.52999877929688,1.0
2023-06-08,177.92013549804688,178.18616241252352,174.85577426667564,175.28930462040762,50214900,0.015465323508838447,AAPL,1235,516,75.95999908447266,71.29000091552734,1.0
2023-06-09,178.3043670654297,179.55571862854532,177.97920810525306,178.83643579626113,48900000,0.0021595732619428265,AAPL,1234,515,74.79000091552734,70.16999816894531,0.0
2023-06-12,181.09283447265625,181.19137296447727,178.31422641468646,178.60982685528654,54274900,0.015638806009744766,AAPL,1231,512,71.83999633789062,67.12000274658203,0.0
2023-06-13,180.61990356445312,181.44757286544584,179.7626757194867,180.1173932820357,54929100,-0.0026115384939459085,AAPL,1230,511,74.29000091552734,69.41999816894531,0.0
2023-06-14,181.25051879882812,181.68406417583662,179.3488488908818,180.67902853230473,57462900,0.0034913939268601535,AAPL,1229,510,73.19999694824219,68.2699966430664,0.0
2023-06-15,183.2802734375,183.78279874291368,181.08300318978328,181.26036948430115,65433200,0.01119861422810442,AAPL,1228,509,75.66999816894531,70.62000274658203,-1.0
2023-06-16,182.20626831054688,184.245897953939,181.56581317602513,183.98970387223915,101256200,-0.005859905743317073,AAPL,1227,508,76.61000061035156,71.77999877929688,0.0
2023-06-20,182.294921875,183.3689372512462,181.70373606119196,181.70373606119196,49799100,0.0004865560623963372,AAPL,1223,504,75.9000015258789,70.5,0.0
2023-06-21,181.26036071777344,182.68907870149724,179.91045548906328,182.1865534203878,49515700,-0.005675205576686104,AAPL,1222,503,77.12000274658203,72.52999877929688,0.0
2023-06-22,184.25572204589844,184.304991288712,180.97458893469445,181.04356888160584,51245300,0.01652518684318882,AAPL,1221,502,74.13999938964844,69.51000213623047,-1.0
2023-06-23,183.9404296875,184.8075203379306,182.29493904669715,182.8270228675936,53117000,-0.001711167256558288,AAPL,1220,501,73.8499984741211,69.16000366210938,-1.0
2023-06-26,182.55113220214844,185.29033397781694,182.51171079012911,184.0882365039062,48088700,-0.007552975100209691,AAPL,1217,498,74.18000030517578,69.37000274658203,0.0
2023-06-27,185.3001708984375,185.6253298715582,182.94524533692336,183.1620179856705,50730800,0.01505900655409187,AAPL,1216,497,72.26000213623047,67.69999694824219,-1.0
2023-06-28,186.4727325439453,187.11318769857849,184.84695251457532,185.17209649255778,51216800,0.006327903745704022,AAPL,1215,496,74.02999877929688,69.55999755859375,-1.0
2023-06-29,186.80770874023438,187.28067542760266,186.16725369069167,186.30519854912527,46347300,0.0017963816570882862,AAPL,1214,495,74.33999633789062,69.86000061035156,-1.0
2023-06-30,191.12344360351562,191.62595381515632,188.45320690668942,188.81778728912292,85213200,0.02310255231106395,AAPL,1213,494,74.9000015258789,70.63999938964844,-1.0
2023-07-03,189.63563537597656,191.03479491877454,188.94589592351636,190.9362564156046,31458200,-0.007784540710900512,AAPL,1210,491,74.6500015258789,69.79000091552734,-1.0
2023-07-05,188.5221710205078,190.14795071297073,187.82258388907837,188.75865435398987,46920300,-0.005871598728061644,AAPL,1208,489,76.6500015258789,71.79000091552734,-1.0
2023-07-06,188.99514770507812,189.20207252866174,186.42344937265386,187.05405664400223,45094300,0.0025088650422917524,AAPL,1207,488,76.5199966430664,71.80000305175781,-1.0
2023-07-07,187.88172912597656,189.84253092683244,187.4481988352347,188.60102706839623,46815000,-0.005891254842367855,AAPL,1206,487,78.47000122070312,73.86000061035156,-1.0
2023-07-10,185.8421173095703,187.20187038994513,184.29515010539157,186.48257243692333,59922200,-0.010855828429376824,AAPL,1203,484,77.69000244140625,72.98999786376953,-1.0
2023-07-11,185.3199005126953,186.52199803845542,183.86162393721375,186.3840531601648,46638100,-0.002810002406532619,AAPL,1202,483,79.4000015258789,74.83000183105469,-1.0
2023-07-12,186.98507690429688,188.88674640306317,185.7041517573503,186.89638625272656,60750200,0.008985415959078313,AAPL,1201,482,80.11000061035156,75.75,-1.0
2023-07-13,187.74375915527344,188.38422922243208,186.99491780606402,187.70435278315148,41342300,0.004057448131889574,AAPL,1200,481,81.36000061035156,76.88999938964844,-1.0
2023-07-14,187.8916015625,188.37440112570727,186.8471596075647,187.43834550769154,41616200,0.000787469090273607,AAPL,1199,480,79.87000274658203,75.41999816894531,-1.0
2023-07-17,191.1431884765625,191.46834750746484,188.9951723122315,189.08384794751433,50520200,0.017305653297020385,AAPL,1196,477,78.5,74.1500015258789,-1.0
2023-07-18,190.88697814941406,191.47817907078496,189.5962050071137,190.5125649317522,48288200,-0.0013404104493101032,AAPL,1195,476,79.62999725341797,75.75,-1.0
2023-07-19,192.23687744140625,195.32093388898534,189.82281961650222,190.26622781119138,80507300,0.007071720161736517,AAPL,1194,475,79.45999908447266,75.3499984741211,-1.0
2023-07-20,190.2957763671875,193.58675746858663,189.6750169550875,192.22700448393437,59581200,-0.010097443841441955,AAPL,1193,474,79.63999938964844,75.62999725341797,-1.0
2023-07-21,189.1232452392578,192.10877819186132,188.4236580132484,191.25155042374644,71951700,-0.0061616245526501245,AAPL,1192,473,81.06999969482422,77.06999969482422,-1.0
2023-07-24,189.92137145996094,192.04967681854123,189.42870901778204,190.57168949200457,45377800,0.0042201381416304695,AAPL,1189,470,82.73999786376953,78.73999786376953,-1.0
2023-07-25,190.77857971191406,191.58655325087184,190.08885537064708,190.49284214012596,37283200,0.004513490216312199,AAPL,1188,469,83.63999938964844,79.62999725341797,-1.0
2023-07-26,191.64569091796875,192.76896069007793,190.48301476563847,190.82786945588313,47471900,0.004545118258895142,AAPL,1187,468,82.91999816894531,78.77999877929688,-1.0
2023-07-27,190.3844757080078,194.30606454519102,189.72430983845956,193.14338839624878,47460200,-0.0065809734824707755,AAPL,1186,467,84.23999786376953,80.08999633789062,-1.0
2023-07-28,192.95614624023438,193.7444090416655,191.29094501886246,191.8131659299023,48291400,0.013507774321739996,AAPL,1185,466,84.98999786376953,80.58000183105469,-1.0
2023-07-31,193.56704711914062,193.6064685292723,192.394508242959,193.18277106210203,38824100,0.003166008913474405,AAPL,1182,463,85.55999755859375,81.80000305175781,-1.0
2023-08-01,192.73941040039062,193.8429695122176,192.41425136889904,193.36016991822595,35175100,-0.004275710825100254,AAPL,1181,462,84.91000366210938,81.37000274658203,-1.0
2023-08-02,189.75384521484375,192.3156805851802,189.03456234552243,192.17773571935334,50389300,-0.015490164566472231,AAPL,1180,461,83.19999694824219,79.48999786376953,-1.0
2023-08-03,188.36453247070312,189.54691917513858,187.89158079590146,188.7586713954234,61235200,-0.007321657922492175,AAPL,1179,460,85.13999938964844,81.55000305175781,-1.0
2023-08-04,179.31927490234375,184.6301752435833,179.25029494609427,182.79747042079737,115956800,-0.048019961346843276,AAPL,1178,459,86.23999786376953,82.81999969482422,0.0
2023-08-07,176.22535705566406,180.44254624962392,174.74736976708382,179.4572213905704,97576100,-0.017253682563486916,AAPL,1175,456,85.33999633789062,81.94000244140625,1.0
2023-08-08,177.1614227294922,177.6245266423458,174.97400021533483,177.0530363874442,67823000,0.0053117535947591055,AAPL,1174,455,86.16999816894531,82.91999816894531,1.0
2023-08-09,175.57501220703125,178.27479228591488,174.41232123291388,178.21567520898486,60378500,-0.008954604778057318,AAPL,1173,454,87.55000305175781,84.4000015258789,1.0
2023-08-10,175.35829162597656,178.09749392589254,174.99372618677373,176.8461269648941,54686900,-0.001234347520928214,AAPL,1172,453,86.4000015258789,82.81999969482422,1.0
2023-08-11,175.41744995117188,176.2363757071569,174.1940069392339,174.95373578240464,52036700,0.00033735687458391617,AAPL,1171,452,86.80999755859375,83.19000244140625,1.0
2023-08-14,177.065185546875,177.29211207450308,174.9438673937282,175.59506357405235,43675600,0.009393225110510883,AAPL,1168,449,86.20999908447266,82.51000213623047,1.0
2023-08-15,175.0819854736328,177.08489459113486,174.68732936330193,176.49291042563854,43622600,-0.011200395307055855,AAPL,1167,448,84.88999938964844,80.98999786376953,1.0
2023-08-16,174.2137451171875,176.15744233651847,174.14467201512105,174.76626971305478,46964900,-0.004959050207801519,AAPL,1166,447,83.44999694824219,79.37999725341797,1.0
2023-08-17,171.67803955078125,175.1411945839284,171.1649745274817,174.7761369036864,66062900,-0.014555140667578015,AAPL,1165,446,84.12000274658203,80.38999938964844,1.0
2023-08-18,172.16151428222656,172.76337470680727,169.6652772069575,170.0007364455324,61172200,0.002816171088104058,AAPL,1164,445,84.80000305175781,81.25,1.0
2023-08-21,173.49346923828125,173.77960771425435,171.4215020828672,172.7337554755455,46311900,0.0077366591575815935,AAPL,1161,442,84.45999908447266,80.72000122070312,1.0
2023-08-22,174.86489868164062,175.308890515181,173.8979807911273,174.69716910253268,42038900,0.007904790015327956,AAPL,1160,441,84.02999877929688,80.3499984741211,1.0
2023-08-23,178.7030029296875,179.12727253692543,175.95024126986627,176.13770818549477,52722800,0.021948969044007782,AAPL,1159,440,83.20999908447266,78.88999938964844,0.0
2023-08-24,174.02630615234375,178.68332143034684,173.6612333709249,178.25905172631101,54945800,-0.026170219306185016,AAPL,1158,439,83.36000061035156,79.05000305175781,1.0
2023-08-25,176.2265167236328,176.7593040006282,173.4737548580186,175.0129348306344,51449600,0.012642976915012927,AAPL,1157,438,84.4800033569336,79.83000183105469,1.0
2023-08-28,177.78541564941406,178.1800717356574,176.16730160755293,177.68674410027091,43820700,0.008845995226847592,AAPL,1154,435,84.41999816894531,80.0999984741211,1.0
2023-08-29,181.66299438476562,182.43258442181371,177.10465107991652,177.3019791564373,53003900,0.021810443343665442,AAPL,1153,434,85.48999786376953,81.16000366210938,-1.0
2023-08-30,185.14590454101562,185.34324769153272,182.27474838508303,182.4720764804315,60813900,0.01917237006934469,AAPL,1152,433,85.86000061035156,81.62999725341797,-1.0
2023-08-31,185.36294555664062,186.59626480914432,184.97815055206615,185.33334709899387,60794500,0.0011722701410168401,AAPL,1151,432,86.86000061035156,83.62999725341797,-1.0
2023-09-01,186.93174743652344,187.38560051082152,185.76748618147488,186.96134589549212,45766500,0.008463406077043878,AAPL,1150,431,88.55000305175781,85.55000305175781,-1.0
2023-09-05,187.1685028076172,187.44476508042712,185.10639689444145,185.76745412260553,45280000,0.001266533771499434,AAPL,1146,427,90.04000091552734,86.69000244140625,-1.0
2023-09-06,180.4691162109375,186.3298508313997,179.048330235654,185.88584392275033,81755800,-0.035793343945085154,AAPL,1145,426,90.5999984741211,87.54000091552734,0.0
2023-09-07,175.19052124023438,175.83185624974686,171.22416252451072,172.84227669356144,112488800,-0.02924929806013654,AAPL,1144,425,89.91999816894531,86.87000274658203,1.0
2023-09-08,175.80223083496094,177.83475336123297,175.4174358773743,175.96997548136457,65551300,0.003491682029347576,AAPL,1143,424,90.6500015258789,87.51000213623047,1.0
2023-09-11,176.9665069580078,177.89396541040293,174.97345890425444,177.6670388917848,58953100,0.0066226470364865175,AAPL,1140,421,90.63999938964844,87.29000091552734,1.0
2023-09-12,173.9473419189453,177.72623373133553,172.487096210491,177.09477490699047,90370200,-0.01706065792313405,AAPL,1139,420,92.05999755859375,88.83999633789062,1.0
2023-09-13,171.88523864746094,174.93400012779577,171.65829707262085,174.15453395453247,84267900,-0.011854755863100586,AAPL,1138,419,91.87999725341797,88.5199966430664,1.0
2023-09-14,173.39479064941406,173.74998712440222,171.26361179948515,171.6780051777774,60895800,0.0087823248455281,AAPL,1137,418,93.69999694824219,90.16000366210938,1.0
2023-09-15,172.674560546875,174.14468255030425,171.5004532372104,174.12494522635322,109259500,-0.004153700926317283,AAPL,1136,417,93.93000030517578,90.7699966430664,1.0
2023-09-18,175.59506225585938,176.98624997924455,173.8190795297471,174.12494029407293,67257600,0.016913329327348015,AAPL,1133,414,94.43000030517578,91.4800033569336,1.0
2023-09-19,176.68038940429688,177.23291401853146,174.7662755227223,175.15107052586188,51826900,0.006180852322920538,AAPL,1132,413,94.33999633789062,91.19999694824219,1.0
2023-09-20,173.1481475830078,177.30195805066697,173.0593371622532,176.86782730089922,58436200,-0.019992268713004968,AAPL,1131,412,93.52999877929688,90.27999877929688,1.0
2023-09-21,171.6089630126953,173.94734650075085,171.53990496478352,172.22069958579337,63149100,-0.008889408242583774,AAPL,1130,411,93.30000305175781,89.62999725341797,1.0
2023-09-22,172.45745849609375,174.71690737052137,171.72734327191537,172.33906468788402,56725400,0.00494435412056915,AAPL,1129,410,93.2699966430664,90.02999877929688,1.0
2023-09-25,173.73028564453125,174.60840835340898,171.82603288281885,171.87536866413782,46172700,0.00738052827368052,AAPL,1126,407,93.29000091552734,89.68000030517578,1.0
2023-09-26,169.6652374267578,172.86199068863868,169.36923785117082,172.48707194438137,64588900,-0.023398615864196004,AAPL,1125,406,93.95999908447266,90.38999938964844,1.0
2023-09-27,168.15567016601562,170.73084132501634,166.7940959712009,170.3164478696235,66921800,-0.008897327959676127,AAPL,1124,405,96.55000305175781,93.68000030517578,1.0
2023-09-28,168.41220092773438,169.73431545858824,165.38316183381656,167.0802102082604,56294400,0.0015255552278758966,AAPL,1123,404,95.37999725341797,91.70999908447266,1.0
2023-09-29,168.92529296875,170.76047278128746,168.0668924554359,169.72448150635748,51861100,0.0030466441159793245,AAPL,1122,403,95.30999755859375,90.79000091552734,1.0
2023-10-02,171.43136596679688,171.9740294168616,168.6489906711008,168.93512915166482,52164500,0.014835392344179521,AAPL,1119,400,90.70999908447266,88.81999969482422,1.0
2023-10-03,170.0994110107422,171.31300817848214,168.54050848834052,169.96127983577614,49594600,-0.00776961058755532,AAPL,1118,399,90.91999816894531,89.2300033569336,1.0
2023-10-04,171.3425750732422,171.88523853747708,168.68846972057472,168.80686354725646,53020300,0.007308456008830566,AAPL,1117,398,85.80999755859375,84.22000122070312,1.0
2023-10-05,172.57589721679688,173.10868450108188,170.3756448658088,171.47083294671847,48527900,0.007197990009356836,AAPL,1116,397,84.06999969482422,82.30999755859375,1.0
2023-10-06,175.12147521972656,175.61480292776608,170.8689777300858,171.48071432556827,57266700,0.01475048395507872,AAPL,1115,396,84.58000183105469,82.79000091552734,1.0
2023-10-09,176.60142517089844,176.66062207591688,173.45399257599578,174.45050893918912,42390800,0.008450990658427138,AAPL,1112,393,88.1500015258789,86.37999725341797,1.0
2023-10-10,176.00946044921875,177.32171396949087,175.57532965392068,175.72333700059065,43698000,-0.003351981565872686,AAPL,1111,392,87.6500015258789,85.97000122070312,1.0
2023-10-11,177.40061950683594,177.4499552810768,175.22998093671887,175.8219650621156,47551100,0.00790388797321806,AAPL,1110,391,85.81999969482422,83.48999786376953,1.0
2023-10-12,178.29847717285156,179.9067149957359,176.6507496538397,177.667018413921,56743100,0.00506118675634637,AAPL,1109,390,86.0,82.91000366210938,1.0
2023-10-13,176.46331787109375,179.50220314362676,175.7627859383901,178.9990143278533,51427100,-0.010292624653090665,AAPL,1108,389,90.88999938964844,87.69000244140625,1.0
2023-10-16,176.33505249023438,176.69024903281087,174.15453745424634,174.39134016768617,52517000,-0.0007268671042049979,AAPL,1105,386,89.6500015258789,86.66000366210938,1.0
2023-10-17,174.78599548339844,176.03905203817294,172.467364361049,174.29266779074965,57549400,-0.008784736698460582,AAPL,1104,385,89.9000015258789,86.66000366210938,1.0
2023-10-18,173.49346923828125,175.21025492862336,172.77321506438722,173.23694427289632,54764400,-0.007394907363959535,AAPL,1103,384,91.5,88.31999969482422,1.0
2023-10-19,173.11856079101562,175.46679037407037,172.85215962113486,173.69080766680926,59302900,-0.0021609369442645576,AAPL,1102,383,92.37999725341797,89.37000274658203,1.0
2023-10-20,170.57298278808594,173.07908076842247,170.33618008275127,172.97054807703984,64244000,-0.014704246565465873,AAPL,1101,382,92.16000366210938,88.75,1.0
2023-10-23,170.6913604736328,171.6878768692555,167.662321590194,168.62925458750877,55980100,0.0006940002080748631,AAPL,1098,379,89.83000183105469,85.48999786376953,1.0
2023-10-24,171.12550354003906,171.35243005141567,169.1620540054936,170.74070856198063,43816600,0.002543439018832583,AAPL,1097,378,88.06999969482422,83.73999786376953,1.0
2023-10-25,168.81674194335938,170.75057806188605,168.3727349771656,169.58633193718455,57157000,-0.013491627775631287,AAPL,1096,377,90.12999725341797,85.38999938964844,1.0
2023-10-26,164.66294860839844,169.09303756804977,163.4592276003002,168.09650580018277,70625300,-0.02460534001038006,AAPL,1095,376,87.93000030517578,83.20999908447266,1.0
2023-10-27,165.97515869140625,166.70528904611524,164.60370840247674,164.68264263448572,58499100,0.007969067079738101,AAPL,1094,375,90.4800033569336,85.54000091552734,1.0
2023-10-30,168.0175323486328,168.8857938712959,166.61648356307745,166.76449089816728,51131000,0.012305297210312593,AAPL,1091,372,87.44999694824219,82.30999755859375,1.0
2023-10-31,168.49114990234375,168.61940486913602,165.65943861592592,167.09010101577766,44846000,0.0028188579316126283,AAPL,1090,371,87.41000366210938,81.0199966430664,1.0
2023-11-01,171.6484375,171.90496247869652,167.849808268541,168.71806981976965,56934900,0.018738596059711066,AAPL,1089,370,84.62999725341797,80.44000244140625,1.0
2023-11-02,175.2003936767578,175.40758286457637,173.11855033416663,173.17774724497193,77334800,0.020693204252196118,AAPL,1088,369,86.8499984741211,82.45999908447266,1.0
2023-11-03,174.29269409179688,174.46043878115682,171.03674287311975,171.91486569633807,79829200,-0.0051809220625133046,AAPL,1087,368,84.88999938964844,80.51000213623047,1.0
2023-11-06,176.83824157714844,177.0355696443862,173.85855313497558,174.02628274488598,63841300,0.01460501542314141,AAPL,1084,365,85.18000030517578,80.81999969482422,1.0
2023-11-07,179.39369201660156,180.00541354681909,176.58171810512866,176.7889073081916,70530000,0.014450779518401013,AAPL,1083,364,81.61000061035156,77.37000274658203,1.0
2023-11-08,180.44940185546875,181.00192645947115,179.16674685036813,179.91661457451394,49340300,0.005884877149245016,AAPL,1082,363,79.54000091552734,75.33000183105469,1.0
2023-11-09,179.97581481933594,181.6629871195562,179.3838155582821,180.51847829944086,53763500,-0.0026244865943758633,AAPL,1081,362,80.01000213623047,75.73999786376953,1.0
2023-11-10,184.1548309326172,184.32279657138264,181.31940452226758,181.75410719319203,66133400,0.023219876056548294,AAPL,1080,361,81.43000030517578,77.16999816894531,-1.0
2023-11-13,182.57412719726562,183.78930789371245,181.99123723697815,183.58184574005094,43627500,-0.00858355834243607,AAPL,1077,358,82.5199966430664,78.26000213623047,-1.0
2023-11-14,185.18231201171875,185.84424013993512,184.05604376632093,185.43917491856425,60108400,0.014285621158331319,AAPL,1076,357,82.47000122070312,78.26000213623047,-1.0
2023-11-15,185.74545288085938,187.21751156501972,185.5182274044454,185.5873915048758,53790500,0.0030410078750122693,AAPL,1075,356,81.18000030517578,76.66000366210938,-1.0
2023-11-16,187.42498779296875,188.6599317940755,186.37774261703024,187.2866746678448,54412900,0.009042132047165863,AAPL,1074,355,77.41999816894531,72.9000015258789,-1.0
2023-11-17,187.40524291992188,188.08693448765234,186.29873780998344,187.9584954748911,50922700,-0.00010534813569618162,AAPL,1073,354,80.61000061035156,75.88999938964844,-1.0
2023-11-20,189.14402770996094,189.598493753426,187.59294582194016,187.60281994734135,46505100,0.009278207818241402,AAPL,1070,351,82.31999969482422,77.5999984741211,-1.0
2023-11-21,188.3437957763672,189.21320125507725,187.45464204586924,189.10452557023848,38134500,-0.004230807302152084,AAPL,1069,350,82.44999694824219,77.7699966430664,-1.0
2023-11-22,189.00570678710938,190.60618938615343,188.53149251239262,189.18354656200316,39617700,0.0035143765050169584,AAPL,1068,349,81.95999908447266,77.0999984741211,-1.0
2023-11-24,187.68185424804688,188.60064536615056,186.970525284031,188.57100791556658,24048300,-0.007004299296389238,AAPL,1066,347,80.58000183105469,75.54000091552734,-1.0
2023-11-27,187.5040283203125,188.37343380166539,186.6247487130357,187.63246733233092,40552600,-0.0009474859913700673,AAPL,1063,344,79.9800033569336,74.86000061035156,-1.0
2023-11-28,188.10665893554688,188.77847629228074,187.1187037624085,187.49413155220094,38415400,0.003213960897975543,AAPL,1062,343,81.68000030517578,76.41000366210938,-1.0
2023-11-29,187.0890655517578,189.77630481775705,186.69388951411068,188.60063575450744,43014200,-0.0054096616757077776,AAPL,1061,342,83.0999984741211,77.86000061035156,-1.0
2023-11-30,187.66209411621094,188.02764780463457,185.92329832735996,187.55341843722022,48794400,0.0030628650731840956,AAPL,1060,341,82.83000183105469,75.95999908447266,-1.0
2023-12-01,188.93658447265625,189.25272234216075,186.95078459310412,188.03754149609296,45704800,0.006791410713215651,AAPL,1059,340,78.87999725341797,74.06999969482422,-1.0
2023-12-04,187.1483612060547,187.76090372984268,185.1922139752508,187.69173962433385,43389500,-0.009464674465205825,AAPL,1056,337,78.02999877929688,73.04000091552734,-1.0
2023-12-05,191.09031677246094,192.05850876803487,187.88933609882633,187.91898862751913,66628400,0.021063265213773663,AAPL,1055,336,77.19999694824219,72.31999969482422,-1.0
2023-12-06,190.00355529785156,192.4141533735728,189.79607806848605,192.10788966712872,41089700,-0.005687161406003782,AAPL,1054,335,74.30000305175781,69.37999725341797,-1.0
2023-12-07,191.9300537109375,192.6512567588297,191.25823636118906,191.29776300970337,47477700,0.010139275604953424,AAPL,1053,334,74.05000305175781,69.33999633789062,-1.0
2023-12-08,193.3527069091797,193.62933314213194,191.33726998338577,191.86088500111674,53406400,0.007412352420766988,AAPL,1052,333,75.83999633789062,71.2300033569336,-1.0
2023-12-11,190.8531951904297,191.15947399253523,189.11439931154695,190.78404615931,60943700,-0.012927213477926913,AAPL,1049,330,76.02999877929688,71.31999969482422,-1.0
2023-12-12,192.36474609375,192.37462021785012,189.41075488796335,190.75437444051195,52696900,0.007919966452812677,AAPL,1048,329,73.23999786376953,68.61000061035156,-1.0
2023-12-13,195.57562255859375,195.61513413450965,192.50308121236986,192.74018081786602,70404200,0.016691605556867106,AAPL,1047,328,74.26000213623047,69.47000122070312,-1.0
2023-12-14,195.7238006591797,197.2156075489979,193.79729107961322,195.63488831127654,66831600,0.000757651176805263,AAPL,1046,327,76.61000061035156,71.58000183105469,-1.0
2023-12-15,195.19032287597656,196.01031245444227,194.62718115642724,195.1507962246044,128538400,-0.002725666379900793,AAPL,1045,326,76.55000305175781,71.43000030517578,-1.0
2023-12-18,193.53054809570312,194.26164038796966,192.0486152607036,193.72813612536964,55751900,-0.008503366129109069,AAPL,1042,323,77.94999694824219,72.47000122070312,-1.0
2023-12-19,194.5679168701172,194.5777909959987,193.53056080250687,193.79731295132126,40714100,0.005360232710657442,AAPL,1041,322,79.2300033569336,73.44000244140625,-1.0
2023-12-20,192.48333740234375,195.2990010280865,192.48333740234375,194.5283970820936,52242800,-0.010713891073650061,AAPL,1040,321,79.69999694824219,74.22000122070312,-1.0
2023-12-21,192.33511352539062,194.70621508029078,191.16933361068988,193.73802319308166,46482500,-0.0007700608216455462,AAPL,1039,320,79.38999938964844,73.88999938964844,-1.0
2023-12-22,191.26812744140625,193.05632389177538,190.64571085868127,192.82908334808235,37149600,-0.005547536611631321,AAPL,1038,319,79.06999969482422,73.55999755859375,-1.0
2023-12-26,190.72476196289062,191.55464074590694,190.5074106042434,191.27801448490152,28919300,-0.00284085741719875,AAPL,1034,315,81.06999969482422,75.56999969482422,-1.0
2023-12-27,190.82354736328125,191.16933772508392,188.78836199381533,190.17150836602553,48087700,0.0005179474304959353,AAPL,1033,314,79.6500015258789,74.11000061035156,-1.0
2023-12-28,191.24838256835938,192.31537606668746,190.84331729052167,191.80163510638113,34049900,0.002226324847998784,AAPL,1032,313,78.38999938964844,71.7699966430664,-1.0
2023-12-29,190.21102905273438,192.0585006042798,189.4206618129017,191.56452296375952,42672100,-0.00542411654255015,AAPL,1031,312,77.04000091552734,71.6500015258789,-1.0
2024-01-02,183.40402221679688,186.17030008579113,181.6751004330507,184.89582930034302,82488700,-0.035786604330132255,AAPL,1027,308,75.88999938964844,70.37999725341797,-1.0
2024-01-03,182.03074645996094,183.64111826756874,181.22061595613366,182.0011090098209,58414500,-0.0074877079588397955,AAPL,1026,307,78.25,72.69999694824219,-1.0
2024-01-04,179.7189483642578,180.88472835710988,178.70135563320858,179.95604798314233,71983600,-0.012700041837226728,AAPL,1025,306,77.58999633789062,72.19000244140625,1.0
2024-01-05,178.9977264404297,180.55869755734878,177.99989705667167,179.79798286255345,62379700,-0.004013054440794583,AAPL,1024,305,78.76000213623047,73.80999755859375,1.0
2024-01-08,183.32498168945312,183.36450834315934,179.313885613353,179.89677561800764,59144500,0.024174917386247108,AAPL,1021,302,76.12000274658203,70.7699966430664,-1.0
2024-01-09,182.91004943847656,182.9199235647891,180.52907347198328,181.70474272826013,42841800,-0.002263369930015524,AAPL,1020,301,77.58999633789062,72.23999786376953,-1.0
2024-01-10,183.9473876953125,184.1548498527509,181.70472508990332,182.12955368013527,46792900,0.005671302697804137,AAPL,1019,300,76.80000305175781,71.37000274658203,-1.0
2024-01-11,183.3546142578125,184.7970355796361,181.4083411771675,184.29316874581366,49128400,-0.003222516203828185,AAPL,1018,299,77.41000366210938,72.0199966430664,-1.0
2024-01-12,183.68063354492188,184.49076406507768,182.95943045197853,183.81894667336306,40477800,0.0017780806249629855,AAPL,1017,298,78.29000091552734,72.68000030517578,-1.0
2024-01-16,181.41824340820312,182.04064501968628,178.75075193755313,179.96594785640553,65603000,-0.012316976989114381,AAPL,1013,294,78.29000091552734,72.4000015258789,-1.0
2024-01-17,180.47964477539062,180.72663357001974,178.12832170152117,179.08663943068214,47317400,-0.005173672808090113,AAPL,1012,293,77.87999725341797,72.55999755859375,1.0
2024-01-18,186.3579864501953,186.86183815424235,183.59170899023258,183.84857190455077,78005800,0.03257066292500954,AAPL,1011,292,79.0999984741211,74.08000183105469,-1.0
2024-01-19,189.25271606445312,189.63801803091337,186.5457281731689,187.04957995238564,68903000,0.015533166404067433,AAPL,1010,291,78.55999755859375,73.41000366210938,-1.0
2024-01-22,191.5546417236328,192.97729968749402,189.94426985134535,189.98379650311966,60133900,0.012163237109874547,AAPL,1007,288,80.05999755859375,75.19000244140625,-1.0
2024-01-23,192.8291015625,193.39224330006388,191.49537099853464,192.67104017695664,42355600,0.00665324435575898,AAPL,1006,287,79.55000305175781,74.37000274658203,-1.0
2024-01-24,192.1573028564453,194.01466361551059,191.99922639290756,193.06621990928542,53631300,-0.0034839072557569795,AAPL,1005,286,80.04000091552734,75.08999633789062,-1.0
2024-01-25,191.83128356933594,193.90599578100486,190.78405333725613,192.86863967517039,54822100,-0.0016966270980236509,AAPL,1004,285,82.43000030517578,77.36000061035156,-1.0
2024-01-26,190.1023406982422,192.41415228379137,189.6281264159501,191.93006387634745,44594000,-0.009012830644324121,AAPL,1003,284,83.55000305175781,78.01000213623047,-1.0
2024-01-29,189.42063903808594,189.8849791703456,187.2965414692382,189.6972652775173,47145600,-0.0035859719435982207,AAPL,1000,281,82.4000015258789,76.77999877929688,-1.0
2024-01-30,185.77508544921875,189.48980657471878,185.21195883551243,188.64016451675863,55859400,-0.01924580978809909,AAPL,999,280,82.87000274658203,77.81999969482422,-1.0
2024-01-31,182.17893981933594,184.846431021382,182.12955411744667,184.7871410441138,55467800,-0.019357523756143302,AAPL,998,279,81.70999908447266,75.8499984741211,-1.0
2024-02-01,184.6093292236328,184.69824158324056,181.6059517240919,181.77390231724044,64885400,0.01334067157656671,AAPL,997,278,78.69999694824219,73.81999969482422,-1.0
2024-02-02,183.6114959716797,185.07366557426653,177.0909850527091,177.6936383802958,102551700,-0.005405107402477793,AAPL,996,277,77.33000183105469,72.27999877929688,-1.0
2024-02-05,185.41943359375,186.97053056814926,183.60159955655655,185.88377376602236,69668800,0.009846538270943395,AAPL,993,274,77.98999786376953,72.77999877929688,-1.0
2024-02-06,187.0199432373047,187.02981736340615,184.5204175084795,184.6093298683978,43490800,0.008631833311827375,AAPL,992,273,78.58999633789062,73.30999755859375,-1.0
2024-02-07,187.12860107421875,188.74884702540382,186.33823388644547,188.3437817688575,53439000,0.0005809959891613925,AAPL,991,272,79.20999908447266,73.86000061035156,-1.0
2024-02-08,186.05172729492188,187.25701874915856,185.09340956143063,187.10883150171134,40962000,-0.005754725750713896,AAPL,990,271,81.62999725341797,76.22000122070312,-1.0
2024-02-09,186.8134307861328,187.94113632063826,185.97259122428568,186.61557552858977,45155200,0.004094041492038958,AAPL,989,270,82.19000244140625,76.83999633789062,-1.0
2024-02-12,185.13174438476562,186.63535673641036,184.77562606711913,186.3880527684402,41781900,-0.00900195662747827,AAPL,986,267,82.0,76.91999816894531,-1.0
2024-02-13,183.04449462890625,184.20189045877694,181.53099558275042,183.76663306878044,56529500,-0.011274402252275939,AAPL,985,266,82.7699966430664,77.87000274658203,-1.0
2024-02-14,182.16412353515625,183.52924646908957,180.47257259846702,183.32151955824494,54630500,-0.004809601597331903,AAPL,984,265,81.5999984741211,76.63999938964844,-1.0
2024-02-15,181.87721252441406,182.5004232912058,179.39428636951658,181.57055805003552,65434500,-0.0015750138126776614,AAPL,983,264,82.86000061035156,78.02999877929688,-1.0
2024-02-16,180.34396362304688,182.8565806751117,179.71086599707365,181.44199396902647,49752500,-0.008430131955983078,AAPL,982,263,83.47000122070312,79.19000244140625,1.0
2024-02-20,179.60205078125,180.46266385305907,178.0588762686663,179.82956623009554,53665600,-0.0041138767657763475,AAPL,978,259,82.33999633789062,78.18000030517578,1.0
2024-02-21,180.35385131835938,180.91769653606136,178.71174929095213,179.9779444437335,41371400,0.004185924012777731,AAPL,977,258,83.02999877929688,77.91000366210938,1.0
2024-02-22,182.38174438476562,182.96539328132977,180.49235334512917,181.50134277124772,52292200,0.011243968740243915,AAPL,976,257,83.66999816894531,78.61000061035156,-1.0
2024-02-23,180.5516815185547,183.04449459753943,180.26480046872615,183.01481932952075,45119700,-0.010034243681484423,AAPL,975,256,81.62000274658203,76.48999786376953,1.0
2024-02-26,179.20635986328125,180.78909628027105,178.7018500832812,180.27471486922383,40867400,-0.007451172118467242,AAPL,972,253,82.52999877929688,77.58000183105469,1.0
2024-02-27,180.66050720214844,181.93658908973126,177.62360710096542,179.1470080612827,54318900,0.008114373507595252,AAPL,971,252,83.6500015258789,78.87000274658203,1.0
2024-02-28,179.46353149414062,181.14519536218177,178.18744973320082,180.5417731107642,48953900,-0.006625552681906677,AAPL,970,251,83.68000030517578,78.54000091552734,1.0
2024-02-29,178.80078125,180.6011615069905,177.59393659501978,179.31517776545977,136682600,-0.003692952203842359,AAPL,969,250,83.62000274658203,78.26000213623047,1.0
2024-03-01,177.7225341796875,178.5831471920378,175.46712311031385,177.6137198257161,73563100,-0.006030438249623127,AAPL,968,249,83.55000305175781,79.97000122070312,1.0
2024-03-04,173.2117156982422,174.99229230011673,171.9158301484072,174.25038035125658,81510100,-0.02538124105795514,AAPL,965,246,82.80000305175781,78.73999786376953,1.0
2024-03-05,168.28538513183594,170.18467763470022,167.7907772375202,168.9184826327907,95132400,-0.028441093297572162,AAPL,964,245,82.04000091552734,78.1500015258789,1.0
2024-03-06,167.2961883544922,169.39333632878757,166.86093094295472,169.21526961759642,68587700,-0.005878090819168902,AAPL,963,244,82.95999908447266,79.12999725341797,1.0
2024-03-07,167.17750549316406,168.88884496206234,166.67301076258389,167.32588185679398,71765100,-0.0007094176053589196,AAPL,962,243,82.95999908447266,78.93000030517578,1.0
2024-03-08,168.88880920410156,171.82678133583968,167.11811956465033,167.17747009753631,76267000,0.010236447217520483,AAPL,961,242,82.08000183105469,78.01000213623047,1.0
2024-03-11,170.88702392578125,172.49945045781206,170.19457590701288,171.07497733678298,60139500,0.011831540118592665,AAPL,958,239,82.20999908447266,77.93000030517578,1.0
2024-03-12,171.36187744140625,172.1532532324886,169.16581679091567,171.28273835287425,59825400,0.0027787570098432024,AAPL,957,238,81.91999816894531,77.55999755859375,1.0
2024-03-13,169.2845458984375,171.32232852748163,168.9185256992457,170.90685960163916,52488700,-0.012122483565103592,AAPL,956,237,84.02999877929688,79.72000122070312,1.0
2024-03-14,171.13433837890625,172.43020869953008,170.1945863604126,171.04531257693264,72913500,0.010927119605935731,AAPL,955,236,85.41999816894531,81.26000213623047,1.0
2024-03-15,170.7584228515625,170.7584228515625,168.45354827638914,169.32406299160928,121752700,-0.002196610749804262,AAPL,954,235,85.33999633789062,81.04000091552734,1.0
2024-03-18,171.84661865234375,175.7935962460948,171.64877845516034,173.67667443832926,75604200,0.006372721079341392,AAPL,951,232,86.88999938964844,82.72000122070312,1.0
2024-03-19,174.18113708496094,174.70542030322298,171.16402557801365,172.45989598897214,55215200,0.013584895943399733,AAPL,950,231,87.37999725341797,83.47000122070312,1.0
2024-03-20,176.74319458007812,176.74319458007812,173.20180001631465,173.82501083363408,53423100,0.014709155870692658,AAPL,949,230,85.94999694824219,81.68000030517578,1.0
2024-03-21,169.5218963623047,175.5759069490651,168.99761322817335,175.14064960882752,106181300,-0.04085757437467641,AAPL,948,229,85.77999877929688,81.06999969482422,1.0
2024-03-22,170.42213439941406,171.18383495977668,168.22607363158104,169.90773784358905,71160100,0.0053104528466656475,AAPL,947,228,85.43000030517578,80.62999725341797,1.0
2024-03-25,169.00753784179688,170.08577952012527,167.6226265638577,168.7305586050563,54288300,-0.00830054477725195,AAPL,944,225,86.75,81.94999694824219,1.0
2024-03-26,167.87985229492188,169.57140318495337,167.75124938607289,168.16671829054096,57388400,-0.0066723979372481645,AAPL,943,224,86.25,81.62000274658203,1.0
2024-03-27,171.44100952148438,171.72789059246503,168.27552158079686,168.5722893771007,60273300,0.021212534904465175,AAPL,942,223,86.08999633789062,81.3499984741211,1.0
2024-03-28,169.6307373046875,170.37264922530974,168.67119667981044,169.89782982249778,65672700,-0.010559155139424292,AAPL,941,222,87.4800033569336,83.16999816894531,1.0
2024-04-01,168.1963653564453,169.40320986933065,167.65229363436822,169.34385933496506,46240500,-0.008455849281995387,AAPL,937,218,87.41999816894531,83.70999908447266,1.0
2024-04-02,167.0192108154297,167.51381877100314,166.41578850586058,167.25662806803024,49329500,-0.006998691907051491,AAPL,936,217,88.91999816894531,85.1500015258789,1.0
2024-04-03,167.8204803466797,168.83937157047524,166.7620271262386,166.9697540235435,47691700,0.004797469269181676,AAPL,935,216,89.3499984741211,85.43000030517578,1.0
2024-04-04,166.99945068359375,170.0660111961713,166.99945068359375,168.45358430225178,53704400,-0.00489230909952032,AAPL,934,215,90.6500015258789,86.58999633789062,1.0
2024-04-05,167.75123596191406,168.5524984345705,167.12802510796487,167.7611226870966,42104800,0.004501723061021812,AAPL,933,214,91.16999816894531,86.91000366210938,1.0
2024-04-08,166.63343811035156,167.37535013675048,166.4257111957336,167.2071852220754,37425500,-0.006663425429642045,AAPL,930,211,90.37999725341797,86.43000030517578,1.0
2024-04-09,167.84027099609375,168.24585316442327,166.53451377109624,166.88073030235694,42373800,0.007242441249654563,AAPL,929,210,89.41999816894531,85.2300033569336,1.0
2024-04-10,165.97064208984375,167.2665125006067,165.30786924976792,166.97964653177021,49709300,-0.011139334410950275,AAPL,928,209,90.4800033569336,86.20999908447266,1.0
2024-04-11,173.15235900878906,173.56784300454478,166.3465633103838,166.5246149420751,91070300,0.04327100762228597,AAPL,927,208,89.73999786376953,85.0199966430664,1.0
2024-04-12,174.64608764648438,176.43656618963917,172.33132583138607,172.38077455594663,101670900,0.008626672176146766,AAPL,926,207,90.44999694824219,85.66000366210938,1.0
