Date,Close,High,Low,Open,Volume,Retorno_Diario,Ticker,DiasParaEleicaoBR,DiasParaEleicaoUSA,Petroleo_Brent,Petroleo_WTI,Alvo
2015-01-02,9.596672058105469,9.920154782519617,9.446911262476796,9.66855660016008,19396500,,ABEV3.SA,1395,676,56.41999816894531,52.689998626708984,1.0
2015-01-05,9.42294979095459,9.56672060121049,9.30913182793132,9.530777755823477,13795900,-0.01810234486486917,ABEV3.SA,1392,673,53.11000061035156,50.040000915527344,1.0
2015-01-06,9.782376289367676,9.836290273619273,9.321113280989222,9.422950108551813,18610500,0.03814373485870748,ABEV3.SA,1391,672,51.099998474121094,47.93000030517578,1.0
2015-01-07,9.92015552520752,10.016002350178855,9.668557324011692,9.788366426518003,20493500,0.014084434268756718,ABEV3.SA,1390,671,51.150001525878906,48.650001525878906,1.0
2015-01-08,10.51790714263916,10.606933774975442,10.339852665069696,10.447956952719567,9054500,0.06025627480463691,ABEV3.SA,1389,670,50.959999084472656,48.790000915527344,1.0
2015-01-09,10.492472648620605,10.58785852102863,10.365290676811789,10.47339498898013,11695700,-0.0024182086487001264,ABEV3.SA,1388,669,50.11000061035156,48.36000061035156,1.0
2015-01-12,10.626012802124023,10.695963009058701,10.435241054171327,10.524267708162958,11265500,0.012727233891905776,ABEV3.SA,1385,666,47.43000030517578,46.06999969482422,1.0
2015-01-13,10.626012802124023,10.804067323004482,10.594217915097637,10.6196547950365,19614100,0.0,ABEV3.SA,1384,665,46.59000015258789,45.88999938964844,1.0
2015-01-14,10.657806396484375,10.683242057546327,10.511548009911646,10.511548009911646,9324100,0.002992053082600865,ABEV3.SA,1383,664,48.689998626708984,48.47999954223633,1.0
2015-01-15,10.676884651184082,10.804065389425569,10.562421137738859,10.61329367561485,12612300,0.001790073303076678,ABEV3.SA,1382,663,47.66999816894531,46.25,1.0
2015-01-16,10.753194808959961,10.810426576100504,10.6132956075593,10.64509049468307,9191600,0.007147230701552543,ABEV3.SA,1381,662,47.689998626708984,48.689998626708984,1.0
2015-01-19,10.55606460571289,10.746836368080485,10.51791049581883,10.68960459679075,6363500,-0.018332245137306913,ABEV3.SA,1378,659,47.689998626708984,48.689998626708984,1.0
2015-01-20,10.746831893920898,10.77862798300956,10.613291958438865,10.670523705901674,7114500,0.018071818933806494,ABEV3.SA,1377,658,47.9900016784668,46.38999938964844,1.0
2015-01-21,10.867658615112305,10.937608824011148,10.708681749722011,10.778631958620853,9327600,0.011243008393920562,ABEV3.SA,1376,657,49.029998779296875,47.779998779296875,1.0
2015-01-22,10.988482475280762,11.064790699104341,10.797709489927115,10.937609921765926,13341900,0.011117745270397217,ABEV3.SA,1375,656,48.52000045776367,46.310001373291016,1.0
2015-01-23,10.829504013061523,10.943966332087873,10.804067133568665,10.842221239910781,7567000,-0.014467735884083122,ABEV3.SA,1374,655,48.790000915527344,45.59000015258789,1.0
2015-01-26,10.804067611694336,10.886736260807393,10.68960407470532,10.734117402890554,7286700,-0.0023488057566171117,ABEV3.SA,1371,652,48.15999984741211,45.150001525878906,1.0
2015-01-27,10.784991264343262,10.829505810845534,10.66416970538636,10.727760701777946,10007400,-0.0017656634553476769,ABEV3.SA,1370,651,49.599998474121094,46.22999954223633,1.0
2015-01-28,10.829504013061523,10.9248898853654,10.670527154922674,10.702322041391575,9768700,0.004127286487975779,ABEV3.SA,1369,650,48.470001220703125,44.45000076293945,1.0
2015-01-29,11.230125427246094,11.26827953448973,10.778631721654346,10.861299156165087,17203000,0.03699351454151345,ABEV3.SA,1368,649,49.130001068115234,44.529998779296875,1.0
2015-01-30,11.249202728271484,11.363666259246214,11.007557226681019,11.090225871450395,19490600,0.0016987611713672468,ABEV3.SA,1367,648,52.9900016784668,48.2400016784668,1.0
2015-02-02,11.12201976776123,11.2110464115303,10.988479802107626,11.141097425524768,9556100,-0.011305953282415127,ABEV3.SA,1364,645,54.75,49.56999969482422,1.0
2015-02-03,11.160174369812012,11.268278676182314,11.05207006344171,11.17925202842928,10228200,0.0034305461460675257,ABEV3.SA,1363,644,57.90999984741211,53.04999923706055,1.0
2015-02-04,11.026633262634277,11.255560290877627,10.950323848920831,11.141096776755951,12135600,-0.01196586206923067,ABEV3.SA,1362,643,54.15999984741211,48.45000076293945,1.0
2015-02-05,11.280999183654785,11.280999183654785,10.912172873042302,11.026636419938818,10794300,0.023068321486892307,ABEV3.SA,1361,642,56.56999969482422,50.47999954223633,1.0
2015-02-06,11.38909912109375,11.39545833934831,11.032991389116358,11.185608988535241,10346700,0.009582478970089126,ABEV3.SA,1360,641,57.79999923706055,51.689998626708984,1.0
2015-02-09,11.554439544677734,11.573517206685926,11.28735834104968,11.370025783957193,10351800,0.014517427746129297,ABEV3.SA,1357,638,58.34000015258789,52.86000061035156,1.0
2015-02-10,11.471768379211426,11.52899892087019,11.338227214282496,11.48448560352619,10680600,-0.007154926480565593,ABEV3.SA,1356,637,56.43000030517578,50.02000045776367,1.0
2015-02-11,11.471768379211426,11.490844822132038,11.242841360988647,11.427253848970496,12420900,0.0,ABEV3.SA,1355,636,54.65999984741211,48.84000015258789,1.0
2015-02-12,11.503565788269043,11.567156775410325,11.420897141116217,11.503565788269043,10312000,0.002771796640807178,ABEV3.SA,1354,635,57.04999923706055,51.209999084472656,1.0
2015-02-13,11.446333885192871,11.586233084924464,11.325511132349067,11.53536053839505,9207400,-0.00497514458817061,ABEV3.SA,1353,634,57.38999938964844,52.779998779296875,1.0
2015-02-18,11.573514938354492,11.68797724927782,11.47812785990609,11.529000402393264,12971300,0.01111107315558435,ABEV3.SA,1348,629,60.529998779296875,52.13999938964844,1.0
2015-02-19,11.59259033203125,11.675258964133779,11.484486037441235,11.548077013005416,4536700,0.0016481936367958028,ABEV3.SA,1347,628,60.209999084472656,51.15999984741211,1.0
2015-02-20,11.554439544677734,11.637106987585248,11.478130109542294,11.630748979813175,5547500,-0.0032909631291033747,ABEV3.SA,1346,627,60.220001220703125,50.34000015258789,1.0
2015-02-23,11.751566886901855,11.751566886901855,11.548076740220829,11.548076740220829,9354500,0.017060744613521583,ABEV3.SA,1343,624,58.900001525878906,49.45000076293945,1.0
2015-02-24,11.751566886901855,11.827876298355715,11.675258688344945,11.751566886901855,10065500,0.0,ABEV3.SA,1342,623,58.65999984741211,49.279998779296875,1.0
2015-02-25,11.60530948638916,11.726132226132604,11.554436945375665,11.726132226132604,9801500,-0.012445778671073326,ABEV3.SA,1341,622,61.630001068115234,50.9900016784668,1.0
2015-02-26,11.757925033569336,11.757925033569336,11.497203155293459,11.694334065305181,15277800,0.013150493518433448,ABEV3.SA,1340,621,60.04999923706055,48.16999816894531,1.0
2015-02-27,11.643464088439941,12.005931110323381,11.630746862313776,11.643464088439941,19534900,-0.009734791198498405,ABEV3.SA,1339,620,62.58000183105469,49.7599983215332,1.0
2015-03-02,11.566779136657715,11.713760012376566,11.52204593264662,11.700978748690998,9160400,-0.006586094241348817,ABEV3.SA,1336,617,59.540000915527344,49.59000015258789,1.0
2015-03-03,11.777665138244629,11.835179606069865,11.53482600322955,11.617902998483066,9012500,0.01823204187573446,ABEV3.SA,1335,616,61.02000045776367,50.52000045776367,1.0
2015-03-04,11.70097827911377,11.771274007674931,11.502873575491266,11.59233997992304,12821800,-0.006511210688257774,ABEV3.SA,1334,615,60.54999923706055,51.529998779296875,1.0
2015-03-05,11.732933044433594,11.841571358507553,11.637074776394767,11.720151779509948,23429800,0.002730948178654824,ABEV3.SA,1333,614,60.47999954223633,50.7599983215332,1.0
2015-03-06,11.64985179901123,11.784052594063104,11.573166675171361,11.739319402008501,7333600,-0.007081029535217498,ABEV3.SA,1332,613,59.72999954223633,49.61000061035156,1.0
2015-03-09,11.656246185302734,11.70737002396636,11.51565593369988,11.573170404557516,10550500,0.0005488813421683503,ABEV3.SA,1329,610,58.529998779296875,50.0,1.0
2015-03-10,11.311159133911133,11.688197852967392,11.08749191125073,11.617902126702843,13599600,-0.029605333132609934,ABEV3.SA,1328,609,56.38999938964844,48.290000915527344,1.0
2015-03-11,11.592340469360352,11.62429362864103,11.24725488134778,11.279206821740065,9992700,0.02485875515677516,ABEV3.SA,1327,608,57.540000915527344,48.16999816894531,1.0
2015-03-12,11.528434753417969,11.739320695546922,11.400624574417549,11.694586279675034,11867600,-0.005512753538536197,ABEV3.SA,1326,607,57.08000183105469,47.04999923706055,1.0
2015-03-13,11.592340469360352,11.62429362864103,11.183349781674815,11.240864249491644,16727500,0.00554331245388151,ABEV3.SA,1325,606,54.66999816894531,44.84000015258789,1.0
2015-03-16,11.502873420715332,11.732931279173904,11.477310894714012,11.662635551558601,8016300,-0.007717772686325897,ABEV3.SA,1322,603,53.439998626708984,43.880001068115234,1.0
2015-03-17,11.611512184143066,11.70097859095923,11.522045777326904,11.617902815899704,11610600,0.009444489168427106,ABEV3.SA,1321,602,53.43000030517578,43.459999084472656,1.0
2015-03-18,11.777665138244629,11.950208541720333,11.55399789880076,11.592340471054786,14337800,0.01430932952285624,ABEV3.SA,1320,601,55.90999984741211,44.65999984741211,1.0
2015-03-19,11.822397232055664,11.886302325736324,11.694587044694345,11.75210150711811,7329200,0.0037980442885729992,ABEV3.SA,1319,600,54.43000030517578,43.959999084472656,1.0
2015-03-20,11.931035995483398,12.078016863515138,11.867130899286195,11.924645363974845,16893900,0.009189233054457624,ABEV3.SA,1318,599,55.31999969482422,45.720001220703125,1.0
2015-03-23,12.039673805236816,12.122749573703276,11.867130418166159,11.95659681788208,8901700,0.00910548000982847,ABEV3.SA,1315,596,55.91999816894531,47.45000076293945,0.0
2015-03-24,11.918255805969238,12.071627319324033,11.771274924698613,12.046066009875787,8195300,-0.01008482465818683,ABEV3.SA,1314,595,55.11000061035156,47.5099983215332,1.0
2015-03-25,11.771270751953125,12.078013669926781,11.745708232677982,11.975766030602228,11088000,-0.012332765499335596,ABEV3.SA,1313,594,56.47999954223633,49.209999084472656,1.0
2015-03-26,11.553997993469238,11.745712075198579,11.51565542090105,11.713760134539823,16105200,-0.018457884714599415,ABEV3.SA,1312,593,59.189998626708984,51.43000030517578,1.0
2015-03-27,11.681809425354004,11.739323899713549,11.502875369692253,11.553999211468676,9339600,0.011062095731452448,ABEV3.SA,1311,592,56.40999984741211,48.869998931884766,1.0
2015-03-30,11.918255805969238,11.918255805969238,11.67541788121292,11.67541788121292,7648500,0.020240561372457888,ABEV3.SA,1308,589,56.290000915527344,48.68000030517578,1.0
2015-03-31,11.809617042541504,11.892694037541066,11.707369370917728,11.758493206729616,8654300,-0.009115324020258275,ABEV3.SA,1307,588,55.11000061035156,47.599998474121094,1.0
2015-04-01,12.109971046447754,12.141922987807664,11.771274861145915,11.918255741622994,19780900,0.02543300115696323,ABEV3.SA,1306,587,57.099998474121094,50.09000015258789,0.0
2015-04-02,12.046065330505371,12.180264940039102,11.94381766070204,12.04606533050537,16451500,-0.0052771155023635385,ABEV3.SA,1305,586,54.95000076293945,49.13999938964844,0.0
2015-04-06,12.295294761657715,12.384761174477722,12.090799407275721,12.135532613685726,10617600,0.02068969612186944,ABEV3.SA,1301,582,58.119998931884766,52.13999938964844,0.0
2015-04-07,12.423105239868164,12.525352919300126,12.301685663459528,12.391152078240374,10859100,0.010395072317340492,ABEV3.SA,1300,581,59.099998474121094,53.97999954223633,0.0
2015-04-08,12.41671371459961,12.58286648644986,12.333636719230286,12.550913327119966,11241600,-0.0005144869294065879,ABEV3.SA,1299,580,55.54999923706055,50.41999816894531,0.0
2015-04-09,12.352810859680176,12.538135560807053,12.282515115268103,12.384762805928236,9188900,-0.005146519150578177,ABEV3.SA,1298,579,56.56999969482422,50.790000915527344,0.0
2015-04-10,12.474226951599121,12.518960151358485,12.301683564908773,12.32724608985028,10474500,0.009829025417627868,ABEV3.SA,1297,578,57.869998931884766,51.63999938964844,0.0
2015-04-13,12.403935432434082,12.531745662698937,12.403935432434082,12.403935432434082,7812300,-0.005634939899504365,ABEV3.SA,1294,575,57.93000030517578,51.90999984741211,0.0
2015-04-14,12.218610763549805,12.487011246167288,12.180266966826897,12.474229980592986,9021900,-0.014940795999283107,ABEV3.SA,1293,574,58.43000030517578,53.290000915527344,0.0
2015-04-15,12.231389999389648,12.37198147360971,12.141923584077606,12.327248265953687,11306200,0.0010458828820347765,ABEV3.SA,1292,573,60.31999969482422,56.38999938964844,-1.0
2015-04-16,12.205825805664062,12.224996479337738,12.097187518923159,12.16748323942851,10102200,-0.00209004812428204,ABEV3.SA,1291,572,60.400001525878906,56.709999084472656,-1.0
2015-04-17,12.186655044555664,12.263341403034815,12.10357927351754,12.141921843312957,9685500,-0.0015706238491051128,ABEV3.SA,1290,571,63.45000076293945,55.7400016784668,0.0
2015-04-20,12.071627616882324,12.256952295226117,11.98216120327551,12.141923352652517,9854000,-0.009438802300777982,ABEV3.SA,1287,568,63.45000076293945,56.380001068115234,0.0
2015-04-22,12.116361618041992,12.141924148684675,11.96938072351222,12.122752250702664,10326700,0.0037057141405776317,ABEV3.SA,1285,566,62.72999954223633,56.15999984741211,0.0
2015-04-23,12.05245304107666,12.17387135773473,11.956594807341869,12.09079560323773,11694800,-0.005274568305238425,ABEV3.SA,1284,565,64.8499984741211,57.7400016784668,-1.0
2015-04-24,12.097188949584961,12.205827249173865,12.04606511559538,12.161094046794025,9154900,0.003711767916110942,ABEV3.SA,1283,564,65.27999877929688,57.150001525878906,-1.0
2015-04-27,12.014113426208496,12.173875579317057,11.956598953578334,12.135533003859782,12587700,-0.006867341142035688,ABEV3.SA,1280,561,64.83000183105469,56.9900016784668,-1.0
2015-04-28,12.078017234802246,12.135531701258934,11.892693790910537,12.135531701258934,10194900,0.005319061534273972,ABEV3.SA,1279,560,64.63999938964844,57.060001373291016,-1.0
2015-04-29,12.046065330505371,12.084407901959526,11.969378968708687,11.994941495603705,8790600,-0.002645459405771211,ABEV3.SA,1278,559,65.83999633789062,58.58000183105469,-1.0
2015-04-30,12.109971046447754,12.141922987807664,11.982160843231247,11.982160843231247,9396600,0.005305111186849398,ABEV3.SA,1277,558,66.77999877929688,59.630001068115234,-1.0
2015-05-04,12.359196662902832,12.448663052546053,12.141920100436598,12.161091992026494,9874100,0.02058019920106946,ABEV3.SA,1273,554,66.44999694824219,58.93000030517578,-1.0
2015-05-05,12.506180763244629,12.608428440558422,12.224999041187472,12.269733466539657,11569000,0.011892690467737443,ABEV3.SA,1272,553,67.5199966430664,60.400001525878906,-1.0
2015-05-06,12.67872428894043,12.966296645757069,12.487010196988317,12.621209817577101,19716900,0.013796660144470563,ABEV3.SA,1271,552,67.7699966430664,60.93000030517578,-1.0
2015-05-07,12.467838287353516,12.640381701265193,12.435885126135538,12.60203790780362,6641700,-0.016633061558951057,ABEV3.SA,1270,551,65.54000091552734,58.939998626708984,-1.0
2015-05-08,12.70428466796875,12.729847195096097,12.474228018264524,12.640380787927143,10733600,0.018964504925851333,ABEV3.SA,1269,550,65.38999938964844,59.38999938964844,-1.0
2015-05-11,12.608428955078125,12.704286004110443,12.557305114334987,12.621210219986036,5292100,-0.007545148380711741,ABEV3.SA,1266,547,64.91000366210938,59.25,-1.0
2015-05-12,12.423105239868164,12.646772495708761,12.410323975217048,12.576476759016106,12868700,-0.014698398656187939,ABEV3.SA,1265,546,66.86000061035156,60.75,-1.0
2015-05-13,12.461450576782227,12.474231844266074,12.308079023642327,12.44866930929838,6990900,0.0030866145117249832,ABEV3.SA,1264,545,66.80999755859375,60.5,-1.0
2015-05-14,12.397539138793945,12.570082505208248,12.346415313806908,12.493396158283625,7393500,-0.005128731811315679,ABEV3.SA,1263,544,66.58999633789062,59.880001068115234,-1.0
2015-05-15,12.570087432861328,12.589259331830174,12.359201419758463,12.359201419758463,9548600,0.013917947113185614,ABEV3.SA,1262,543,66.56999969482422,59.689998626708984,-1.0
2015-05-18,12.320855140686035,12.627598118739236,12.30168324747462,12.512569197247226,11291500,-0.0198274111859984,ABEV3.SA,1259,540,66.2699966430664,59.43000030517578,-1.0
2015-05-19,12.295294761657715,12.416714335405196,12.237780290876723,12.384761174477722,8007400,-0.002074562093008825,ABEV3.SA,1258,539,64.0199966430664,57.2599983215332,-1.0
2015-05-20,11.809617042541504,12.199437052412389,11.726541266430333,12.141922584762966,11007100,-0.039501104164722745,ABEV3.SA,1257,538,65.02999877929688,58.97999954223633,1.0
2015-05-21,12.039673805236816,12.071625742595852,11.790445280949164,11.828787849557662,10942700,0.019480459177176,ABEV3.SA,1256,537,66.54000091552734,60.720001220703125,-1.0
2015-05-22,11.982158660888672,12.135530145481463,11.87991100449348,12.065234424626688,12629700,-0.004777134769475833,ABEV3.SA,1255,536,65.37000274658203,59.720001220703125,-1.0
2015-05-25,12.078017234802246,12.109970393327277,11.879912527500524,11.975769565298883,2710100,0.008000108880753531,ABEV3.SA,1252,533,65.37000274658203,59.720001220703125,-1.0
2015-05-26,11.841571807861328,12.078019123478704,11.790447965115256,11.937428860649144,10073800,-0.019576510146020576,ABEV3.SA,1251,532,63.720001220703125,58.029998779296875,1.0
2015-05-27,11.822397232055664,11.867130431965641,11.675416369811943,11.790445294659476,9311200,-0.0016192593446872072,ABEV3.SA,1250,531,62.060001373291016,57.5099983215332,1.0
2015-05-28,11.809617042541504,11.847960833566713,11.59873106745642,11.694588107242659,8894300,-0.001081015065160229,ABEV3.SA,1249,530,62.58000183105469,57.68000030517578,1.0
2015-05-29,11.841571807861328,11.854351854381429,11.643465850692811,11.726542856960526,19991200,0.002705825701605269,ABEV3.SA,1248,529,65.55999755859375,60.29999923706055,1.0
2015-06-01,11.88630199432373,11.93103519298646,11.809615640267442,11.822396902424865,11308900,0.00377738590688681,ABEV3.SA,1245,526,64.87999725341797,60.20000076293945,1.0
2015-06-02,11.918425559997559,11.963401782040243,11.82205039228815,11.937701083730138,12307700,0.00270257020973963,ABEV3.SA,1244,525,65.48999786376953,61.2599983215332,1.0
2015-06-03,11.834898948669434,11.931274101779744,11.622873121636129,11.931274101779744,20628200,-0.0070081917202612365,ABEV3.SA,1243,524,63.79999923706055,59.63999938964844,1.0
2015-06-05,12.014805793762207,12.014805793762207,11.78350433694184,11.886304712089306,15198600,0.01520138413289951,ABEV3.SA,1241,522,63.310001373291016,59.130001068115234,-1.0
2015-06-08,11.860603332519531,12.085479599947663,11.860603332519531,11.989104406900482,17427000,-0.012834369850799776,ABEV3.SA,1238,519,62.689998626708984,58.13999938964844,1.0
2015-06-09,11.905579566955566,11.924853870279684,11.822053500960838,11.854179382296145,15863100,0.003792069692839295,ABEV3.SA,1237,518,64.87999725341797,60.13999938964844,1.0
2015-06-10,12.053353309631348,12.098328311922858,11.892727601174869,12.00195313194435,10555700,0.012412141873876736,ABEV3.SA,1236,517,65.69999694824219,61.43000030517578,-1.0
2015-06-11,11.995529174804688,12.201129906433312,11.995529174804688,12.085479188522955,12381300,-0.004797348367815202,ABEV3.SA,1235,516,65.11000061035156,60.77000045776367,-1.0
2015-06-12,12.040502548217773,12.08547754897548,11.956977721878724,11.969826846754598,13970800,0.0037491779443583617,ABEV3.SA,1234,515,63.869998931884766,59.959999084472656,-1.0
2015-06-15,11.757798194885254,11.924849033642975,11.757798194885254,11.90557473813638,9410400,-0.023479447988187574,ABEV3.SA,1231,512,62.61000061035156,59.52000045776367,1.0
2015-06-16,12.03408145904541,12.124032716579375,11.867030524170646,11.918430717556937,13264500,0.02349787431122463,ABEV3.SA,1230,511,62.630001068115234,59.970001220703125,-1.0
2015-06-17,11.989100456237793,12.040500623957316,11.886300120798747,11.98267528208827,9599400,-0.003737801091067694,ABEV3.SA,1229,510,63.869998931884766,59.91999816894531,-1.0
2015-06-18,11.995529174804688,12.162580075622202,11.86060292875026,12.04050418166382,11190200,0.0005362135875297547,ABEV3.SA,1228,509,64.26000213623047,60.45000076293945,-1.0
2015-06-19,12.124029159545898,12.14972863596051,11.944127922735941,11.944127922735941,13488500,0.010712323138783342,ABEV3.SA,1227,508,63.02000045776367,59.61000061035156,-1.0
2015-06-22,12.175430297851562,12.310355316989812,12.130454065995131,12.194704600313019,10484300,0.004239608601171341,ABEV3.SA,1224,505,63.34000015258789,59.68000030517578,-1.0
2015-06-23,12.14972972869873,12.33605615773964,12.149729728698732,12.271805622709085,7479100,-0.002110855101143061,ABEV3.SA,1223,504,64.44999694824219,61.0099983215332,-1.0
2015-06-24,12.143303871154785,12.291079235597858,12.136878695464613,12.220404753959885,6618200,-0.0005288889290078203,ABEV3.SA,1222,503,63.4900016784668,60.27000045776367,-1.0
2015-06-25,12.156155586242676,12.194705419231363,12.046930038210483,12.16258076265364,8910400,0.001058337601055781,ABEV3.SA,1221,502,63.20000076293945,59.70000076293945,-1.0
2015-06-26,12.297505378723145,12.361755915202442,12.117605347153578,12.13687965026343,10507500,0.011627836734866781,ABEV3.SA,1220,501,63.2599983215332,59.630001068115234,-1.0
2015-06-29,12.181857109069824,12.271808368429296,12.14973244710542,12.271808368429296,6181200,-0.009404205657304487,ABEV3.SA,1217,498,62.0099983215332,58.33000183105469,-1.0
2015-06-30,12.201128959655762,12.316779668591911,12.16900430738547,12.207554135205207,19852600,0.0015820125300589627,ABEV3.SA,1216,497,63.59000015258789,59.470001220703125,-1.0
2015-07-01,12.291078567504883,12.381029796800945,12.239678390254372,12.239678390254372,11488900,0.007372236466522741,ABEV3.SA,1215,496,62.0099983215332,56.959999084472656,-1.0
2015-07-02,12.233256340026855,12.426006728278216,12.220405987349542,12.355331014030078,9698500,-0.00470440630254354,ABEV3.SA,1214,495,62.06999969482422,56.93000030517578,-1.0
2015-07-03,12.30392837524414,12.336054250531129,12.156153025354504,12.213978375394246,3145100,0.0057770419627396485,ABEV3.SA,1213,494,62.06999969482422,56.93000030517578,-1.0
2015-07-06,12.348904609680176,12.387455663878484,12.175429767695631,12.188278893618106,7129500,0.0036554369518704277,ABEV3.SA,1210,491,56.540000915527344,52.529998779296875,-1.0
2015-07-07,12.406730651855469,12.432431356076133,12.226830624218927,12.252530102962563,9841600,0.00468268595499266,ABEV3.SA,1209,490,56.849998474121094,52.33000183105469,-1.0
2015-07-08,12.27180290222168,12.426003416824695,12.265377727595293,12.361752896037583,8821900,-0.010875367042292527,ABEV3.SA,1208,489,57.04999923706055,51.650001525878906,-1.0
2015-07-10,12.483831405639648,12.599482122442755,12.33605603438102,12.400305343292066,16642900,0.017277697915078383,ABEV3.SA,1206,487,58.72999954223633,52.7400016784668,-1.0
2015-07-13,12.5545072555542,12.689432276339469,12.548082079496277,12.573781558250936,10619500,0.00566139093184348,ABEV3.SA,1203,484,57.849998474121094,52.20000076293945,-1.0
2015-07-14,12.625178337097168,12.657304208724643,12.490253352691864,12.535228347493632,9391200,0.005629140204742367,ABEV3.SA,1202,483,58.5099983215332,53.040000915527344,-1.0
2015-07-15,12.689430236816406,12.689430236816406,12.548080062691882,12.548080062691882,9788200,0.005089187495312064,ABEV3.SA,1201,482,57.04999923706055,51.40999984741211,-1.0
2015-07-16,12.676584243774414,12.779384628557432,12.567358681757801,12.721559258932327,10172500,-0.001012338048458794,ABEV3.SA,1200,481,57.5099983215332,50.90999984741211,-1.0
2015-07-17,12.657308578491211,12.779383256390176,12.605908391618721,12.65088340194751,11119200,-0.0015205724911795393,ABEV3.SA,1199,480,57.52000045776367,50.88999938964844,-1.0
2015-07-20,12.68300724029541,12.734407423849186,12.593057225445563,12.663731711908852,9206000,0.0020303417306164473,ABEV3.SA,1196,477,56.650001525878906,50.150001525878906,-1.0
2015-07-21,12.605907440185547,12.753682813105943,12.509531024781175,12.70870780617165,7856200,-0.006078984159601175,ABEV3.SA,1195,476,57.040000915527344,50.36000061035156,-1.0
2015-07-22,12.54808235168457,12.708708080185758,12.426006454890091,12.5159564706981,7946000,-0.004587142082024154,ABEV3.SA,1194,475,56.130001068115234,49.189998626708984,-1.0
2015-07-23,12.329632759094238,12.515957989518244,12.303932051186264,12.419582785817743,13250100,-0.017409002146133168,ABEV3.SA,1193,474,55.27000045776367,48.45000076293945,-1.0
2015-07-24,12.181857109069824,12.38745911226483,12.14973244710542,12.355333224823127,12659100,-0.011985405641170899,ABEV3.SA,1192,473,54.619998931884766,48.13999938964844,-1.0
2015-07-27,12.001953125,12.233254537196105,11.97625242343292,12.16257883336354,11884500,-0.014768190306212015,ABEV3.SA,1189,470,53.470001220703125,47.38999938964844,-1.0
2015-07-28,12.072628021240234,12.143302494868166,11.815625924669074,12.079051970725375,13952400,0.005888616253051371,ABEV3.SA,1188,469,53.29999923706055,47.97999954223633,-1.0
2015-07-29,11.956978797912598,12.175429871660501,11.93127809489427,11.982678275453955,13833800,-0.009579457192267271,ABEV3.SA,1187,468,53.380001068115234,48.790000915527344,1.0
2015-07-30,12.136878967285156,12.194704324314813,12.008379127034685,12.05977930823027,10116700,0.015045620838933349,ABEV3.SA,1186,467,53.310001373291016,48.52000045776367,-1.0
2015-07-31,12.509531021118164,12.515956197175042,12.18185439507952,12.220405451420792,13350700,0.030704108925984075,ABEV3.SA,1185,466,52.209999084472656,47.119998931884766,-1.0
2015-08-03,12.593059539794922,12.618759023556333,12.41315825155597,12.43243378348498,8680800,0.006677190258831178,ABEV3.SA,1182,463,49.52000045776367,45.16999816894531,-1.0
2015-08-04,12.676584243774414,12.683009421008009,12.503108134899103,12.503108134899103,9232200,0.006632598195501993,ABEV3.SA,1181,462,49.9900016784668,45.7400016784668,-1.0
2015-08-05,12.817934036254883,12.824357987181438,12.573782234824586,12.721557615677238,8460200,0.011150463702387814,ABEV3.SA,1180,461,49.59000015258789,45.150001525878906,-1.0
2015-08-06,12.772955894470215,12.888606601515454,12.663730362869366,12.734406067280771,13756600,-0.003509000877789603,ABEV3.SA,1179,460,49.52000045776367,44.65999984741211,-1.0
2015-08-07,12.451704978942871,12.753682109663595,12.44528102871546,12.6958567538012,10133400,-0.025150867049217873,ABEV3.SA,1178,459,48.61000061035156,43.869998931884766,-1.0
2015-08-10,12.5545072555542,12.657307621526888,12.490256720452011,12.541656903438357,8460300,0.008256080334795746,ABEV3.SA,1175,456,50.40999984741211,44.959999084472656,-1.0
2015-08-11,12.676584243774414,12.689434598241604,12.43243363628406,12.573783858991396,11079800,0.009723757829380952,ABEV3.SA,1174,455,49.18000030517578,43.08000183105469,-1.0
2015-08-12,12.143303871154785,12.62518101862503,12.066204213826643,12.528805834226372,26481200,-0.04206814409658721,ABEV3.SA,1173,454,49.65999984741211,43.29999923706055,-1.0
2015-08-13,11.989100456237793,12.297501462554928,11.95697581096684,12.188275952966361,11600900,-0.012698637582749361,ABEV3.SA,1172,453,49.220001220703125,42.22999954223633,-1.0
2015-08-14,11.924853324890137,12.07905387181596,11.924853324890137,12.001954211091554,8693600,-0.0053587949806717106,ABEV3.SA,1171,452,49.029998779296875,42.5,1.0
2015-08-17,11.944130897521973,12.046931279737555,11.886305529341055,11.950556074595099,10787900,0.0016165878192899719,ABEV3.SA,1168,449,49.029998779296875,41.869998931884766,1.0
2015-08-18,12.001953125,12.355329193209027,11.860601717334868,11.912003120469025,18604700,0.00484105775247512,ABEV3.SA,1167,448,48.810001373291016,42.619998931884766,-1.0
2015-08-19,11.64215087890625,12.079051738633424,11.635725704067745,11.924851218939693,16872800,-0.02997864117168425,ABEV3.SA,1166,447,47.15999984741211,40.79999923706055,1.0
2015-08-20,11.873453140258789,11.899153844146571,11.520077040140865,11.59717670085019,13520800,0.01986765708144378,ABEV3.SA,1165,446,46.619998931884766,41.13999938964844,1.0
2015-08-21,11.60360050201416,11.841327082901978,11.565050676226926,11.77065138106133,12298100,-0.02272739320709083,ABEV3.SA,1164,445,45.459999084472656,40.45000076293945,1.0
2015-08-24,11.61645221710205,11.622877393067544,10.896848440167847,11.147425400914075,26010200,0.0011075626988070741,ABEV3.SA,1161,442,42.689998626708984,38.2400016784668,1.0
2015-08-25,11.764226913452148,11.950553329338636,11.62930190234285,11.809201917155248,23538400,0.012721155615183388,ABEV3.SA,1160,441,43.209999084472656,39.310001373291016,1.0
2015-08-26,12.117602348327637,12.143301821273097,11.841325967672603,11.899151313645831,14208800,0.030038134887674595,ABEV3.SA,1159,440,43.13999938964844,38.599998474121094,-1.0
2015-08-27,12.246103286743164,12.43242969095654,12.04692775761741,12.20755346105231,16167900,0.010604485501478855,ABEV3.SA,1158,439,47.560001373291016,42.560001373291016,-1.0
2015-08-28,12.361754417419434,12.368179592836576,12.091903177283923,12.220404234672987,11792500,0.009443912726219361,ABEV3.SA,1157,438,50.04999923706055,45.220001220703125,-1.0
2015-08-31,12.265378952026367,12.303928778156294,11.9184268404264,12.207553600093041,22414200,-0.00779626112433196,ABEV3.SA,1154,435,54.150001525878906,49.20000076293945,-1.0
2015-09-01,12.021230697631836,12.207557158276712,11.96340655432116,11.98268086026564,14942800,-0.019905479916231594,ABEV3.SA,1153,434,49.560001373291016,45.40999984741211,-1.0
2015-09-02,12.297505378723145,12.31678090731005,11.98267909799935,12.124030523349214,16775500,0.022982229360737128,ABEV3.SA,1152,433,50.5,46.25,-1.0
2015-09-03,12.612329483032227,12.644455358466683,12.18185255602527,12.387454482375254,19103600,0.025600647823564637,ABEV3.SA,1151,432,50.68000030517578,46.75,-1.0
2015-09-04,12.753683090209961,12.766533442606686,12.45170593627221,12.496682169660746,29001000,0.011207573301022844,ABEV3.SA,1150,431,49.61000061035156,46.04999923706055,-1.0
2015-09-08,12.599479675292969,12.965706057054014,12.496679330429405,12.895030360406523,12962200,-0.012090892789657137,ABEV3.SA,1146,427,49.52000045776367,45.939998626708984,-1.0
2015-09-09,12.437615394592285,12.832563512427011,12.392293722366587,12.722496064911905,12570100,-0.012846902004857608,ABEV3.SA,1145,426,47.58000183105469,44.150001525878906,-1.0
2015-09-10,12.411722183227539,12.586535467409583,12.010299223430632,12.05562214649231,15656500,-0.0020818469250949434,ABEV3.SA,1144,425,48.88999938964844,45.91999816894531,-1.0
2015-09-11,12.211007118225098,12.3858191073201,12.139786641420088,12.353446836912163,12074800,-0.016171411351252774,ABEV3.SA,1143,424,48.13999938964844,44.630001068115234,-1.0
2015-09-14,12.211007118225098,12.321074566504226,12.094464968879793,12.236904687566856,16419800,0.0,ABEV3.SA,1140,421,46.369998931884766,44.0,-1.0
2015-09-15,12.340497970581055,12.43114255452022,12.17863414166763,12.262804024259497,12608700,0.01060443672681921,ABEV3.SA,1139,420,46.630001068115234,44.59000015258789,-1.0
2015-09-16,12.593008041381836,12.709548976207515,12.444092360634318,12.62538031745733,33098100,0.020461902866703463,ABEV3.SA,1138,419,46.61000061035156,47.150001525878906,-1.0
2015-09-17,12.618903160095215,12.800191081646439,12.469988743243995,12.476463444183997,15112200,0.002056309233527509,ABEV3.SA,1137,418,49.08000183105469,46.900001525878906,-1.0
2015-09-18,12.60595417022705,12.800191500006711,12.444090346205488,12.495886720495468,17755500,-0.0010261581140517118,ABEV3.SA,1136,417,47.470001220703125,44.68000030517578,-1.0
2015-09-21,12.515313148498535,12.690126407292508,12.437617955171257,12.469991466942291,8304700,-0.0071903340678957095,ABEV3.SA,1133,414,48.91999816894531,46.68000030517578,-1.0
2015-09-22,12.56063461303711,12.586533422006466,12.353449080974974,12.437617740279023,12341600,0.0036212809061042517,ABEV3.SA,1132,413,49.08000183105469,45.83000183105469,-1.0
2015-09-23,12.411722183227539,12.586535467409583,12.366400495089243,12.573586060820531,14577900,-0.011855486159513706,ABEV3.SA,1131,412,47.75,44.47999954223633,-1.0
2015-09-24,12.379344940185547,12.515309950107293,12.11388715119582,12.20453172606654,12388600,-0.00260860197835755,ABEV3.SA,1130,411,48.16999816894531,44.90999984741211,-1.0
2015-09-25,12.495885848999023,12.767817103786955,12.327548570489105,12.495885848999022,8973300,0.00941414181255773,ABEV3.SA,1129,410,48.599998474121094,45.70000076293945,-1.0
2015-09-28,12.482938766479492,12.567107413043248,12.334023107292857,12.50883633660565,8048100,-0.0010361076178179163,ABEV3.SA,1126,407,47.34000015258789,44.43000030517578,-1.0
2015-09-29,12.534738540649414,12.644806022108877,12.431145762207958,12.482942151428686,9049600,0.004149645779647715,ABEV3.SA,1125,406,48.22999954223633,45.22999954223633,-1.0
2015-09-30,12.573582649230957,12.787242860284355,12.528260973389788,12.690124807064274,12317500,0.003098916539469476,ABEV3.SA,1124,405,48.369998931884766,45.09000015258789,-1.0
2015-10-01,12.754871368408203,12.826090619837549,12.528261740405627,12.567108717087374,11101400,0.014418223050240542,ABEV3.SA,1123,404,47.689998626708984,44.7400016784668,-1.0
2015-10-02,12.987951278686523,13.026799480765545,12.664223670898265,12.683647771937776,10206500,0.01827379544223562,ABEV3.SA,1122,403,48.130001068115234,45.540000915527344,-1.0
2015-10-05,13.175719261169434,13.246938524200951,13.072126483193298,13.162769855191586,7815300,0.014457090148701113,ABEV3.SA,1119,400,49.25,46.2599983215332,-1.0
2015-10-06,12.877884864807129,13.233986002592973,12.767817420025747,13.208087199151274,11701900,-0.022604792228691606,ABEV3.SA,1118,399,51.91999816894531,48.529998779296875,-1.0
2015-10-07,12.94910717010498,13.04622522689615,12.84551441153799,13.020327654715947,14611300,0.005530590313979955,ABEV3.SA,1117,398,51.33000183105469,47.810001373291016,-1.0
2015-10-08,12.741918563842773,13.039747363787017,12.64480053059673,12.94910403074708,16584900,-0.01600022330037809,ABEV3.SA,1116,397,53.04999923706055,49.43000030517578,-1.0
2015-10-09,12.813140869140625,12.916733617452417,12.547683062303316,12.916733617452417,10745500,0.0055896060660720615,ABEV3.SA,1115,396,52.650001525878906,49.630001068115234,-1.0
2015-10-13,12.107416152954102,12.78724381095993,11.990873986456384,12.78724381095993,26310900,-0.055078198499027065,ABEV3.SA,1111,392,49.2400016784668,46.65999984741211,-1.0
2015-10-14,11.913176536560059,12.340496909349891,11.848430763577952,12.107413855506376,33641900,-0.016043028003679405,ABEV3.SA,1110,391,49.150001525878906,46.63999938964844,-1.0
2015-10-15,12.372871398925781,12.437615942142536,11.82253413712235,12.003822068929068,22550400,0.03858709395894344,ABEV3.SA,1109,390,48.709999084472656,46.380001068115234,-1.0
2015-10-16,12.48941707611084,12.599483324600447,12.204536312879064,12.398772467173295,12205300,0.00941945272260547,ABEV3.SA,1108,389,48.72999954223633,47.2599983215332,-1.0
2015-10-19,12.60595417022705,12.60595417022705,12.372871103383622,12.495886720495468,7638800,0.009330867358022354,ABEV3.SA,1105,386,48.61000061035156,45.88999938964844,-1.0
2015-10-20,12.677176475524902,12.6771764755249,12.444092140156854,12.580058414095932,8221200,0.005649894037062619,ABEV3.SA,1104,385,48.709999084472656,45.54999923706055,-1.0
2015-10-21,12.754871368408203,12.877887000387584,12.651278607308132,12.722497858737478,12448700,0.00612872219877203,ABEV3.SA,1103,384,47.849998474121094,45.20000076293945,-1.0
2015-10-22,12.728971481323242,12.910259415337684,12.62537872900728,12.761343753325848,15198200,-0.0020305878700674906,ABEV3.SA,1102,383,48.08000183105469,45.380001068115234,-1.0
2015-10-23,12.800192832946777,12.975006077475646,12.741921751437154,12.975006077475646,8648600,0.005595216528533786,ABEV3.SA,1101,382,47.9900016784668,44.599998474121094,-1.0
2015-10-26,12.741918563842773,12.864935397913253,12.670698096498372,12.819612496470493,7122600,-0.004552608688363713,ABEV3.SA,1098,379,47.540000915527344,43.97999954223633,-1.0
2015-10-27,12.826091766357422,12.858465278922003,12.605956820611205,12.69012671835588,13534100,0.006606006944158471,ABEV3.SA,1097,378,46.810001373291016,43.20000076293945,-1.0
2015-10-28,12.716026306152344,12.728975713227783,12.593010643705956,12.709551602614624,1124700,-0.008581371645396851,ABEV3.SA,1096,377,49.04999923706055,45.939998626708984,-1.0
2015-10-29,12.301651954650879,12.54768445037773,12.301651954650879,12.379347141941157,9370500,-0.03258677998338044,ABEV3.SA,1095,376,48.79999923706055,46.060001373291016,-1.0
2015-10-30,12.35992431640625,12.469991789427805,12.107417092678133,12.217484565699689,11964400,0.0047369541887698485,ABEV3.SA,1094,375,49.560001373291016,46.59000015258789,-1.0
2015-11-03,12.69012451171875,12.69012451171875,12.262804099557258,12.366396851904103,13504000,0.026715389743463103,ABEV3.SA,1090,371,50.540000915527344,47.900001525878906,-1.0
2015-11-04,12.69012451171875,12.813141368226761,12.463514902863894,12.748395589279227,10152800,0.0,ABEV3.SA,1089,370,48.58000183105469,46.31999969482422,-1.0
2015-11-05,12.599479675292969,12.728971230598816,12.457039952394933,12.618903779065745,9123700,-0.007142943029603499,ABEV3.SA,1088,369,47.97999954223633,45.20000076293945,-1.0
2015-11-06,12.2822265625,12.586531343010114,12.21100731944436,12.541209669722985,8831000,-0.025179858293282398,ABEV3.SA,1087,368,47.41999816894531,44.290000915527344,-1.0
2015-11-09,12.107416152954102,12.366398059102838,11.997348688475496,12.282228167777538,7940700,-0.014232794734435839,ABEV3.SA,1084,365,47.189998626708984,43.869998931884766,-1.0
2015-11-10,12.075041770935059,12.100940577141381,11.78368761065222,12.02324539344546,10882400,-0.002673929896358951,ABEV3.SA,1083,364,47.439998626708984,44.209999084472656,-1.0
2015-11-11,12.340497970581055,12.353447373275651,12.10741489669337,12.113888363117658,10527800,0.021983874232630596,ABEV3.SA,1082,363,45.810001373291016,42.93000030517578,-1.0
2015-11-12,12.230430603027344,12.495887185507357,12.172159525417289,12.334023355462323,9205400,-0.00891919984234868,ABEV3.SA,1081,362,44.060001373291016,41.75,-1.0
2015-11-13,12.366398811340332,12.424669898133772,12.152738571405461,12.23043253051457,9777100,0.0111172053320292,ABEV3.SA,1080,361,43.61000061035156,40.7400016784668,-1.0
2015-11-16,12.334024429321289,12.457041296644395,12.23043166786703,12.340499131277571,13456500,-0.0026179312597742754,ABEV3.SA,1077,358,43.58000183105469,41.7400016784668,-1.0
2015-11-17,12.379344940185547,12.495885848008664,12.353446137387373,12.495885848008664,6661900,0.003674430120027772,ABEV3.SA,1076,357,43.56999969482422,40.66999816894531,-1.0
2015-11-18,12.411722183227539,12.573586060820531,12.346976385205666,12.379349901678294,8395900,0.002615424580091563,ABEV3.SA,1075,356,44.13999938964844,40.75,-1.0
2015-11-19,12.528261184692383,12.593006966238795,12.411719024893458,12.567108159651003,11994500,0.009389430390435827,ABEV3.SA,1074,355,44.18000030517578,40.540000915527344,-1.0
2015-11-23,12.340497970581055,12.625378655247125,12.32107510146217,12.53473530623097,13950500,-0.014987172708431862,ABEV3.SA,1070,351,44.83000183105469,41.75,-1.0
2015-11-24,12.262804985046387,12.34697363930983,12.146262821509998,12.334024235600653,6897800,-0.006295773940393934,ABEV3.SA,1069,350,46.119998931884766,42.869998931884766,-1.0
2015-11-25,12.042672157287598,12.230433604051548,11.939079379433696,12.120366123216364,18395700,-0.017951262213435237,ABEV3.SA,1068,349,46.16999816894531,43.040000915527344,-1.0
2015-11-26,12.178631782531738,12.223953448260508,12.029717385159278,12.042666785345434,7722000,0.011289822015279727,ABEV3.SA,1067,348,46.16999816894531,43.040000915527344,-1.0
2015-11-27,12.023245811462402,12.178634949333668,12.010296407909024,12.152737377150004,9169000,-0.01275890213646258,ABEV3.SA,1066,347,44.86000061035156,41.709999084472656,-1.0
2015-11-30,12.068567276000977,12.288702192831302,11.913178140871878,11.945551649184027,39865300,0.003769486646889142,ABEV3.SA,1063,344,44.61000061035156,41.650001525878906,-1.0
2015-12-01,12.126842498779297,12.1592160181508,11.97792801444086,12.094470214331286,21176800,0.004828677791290481,ABEV3.SA,1062,343,44.439998626708984,41.849998474121094,-1.0
2015-12-02,11.939075469970703,12.13978625697426,11.92612606824843,12.087989885008087,14178100,-0.015483587655030107,ABEV3.SA,1061,342,42.4900016784668,39.939998626708984,-1.0
2015-12-03,12.139786720275879,12.353446917155814,12.01676986906532,12.334022813831107,12319500,0.016811289183153777,ABEV3.SA,1060,341,43.84000015258789,41.08000183105469,-1.0
2015-12-04,12.003822326660156,12.223956001184963,11.964974117988401,12.100940378493489,10060000,-0.011199899697466265,ABEV3.SA,1059,340,43.0,39.970001220703125,-1.0
2015-12-07,12.042672157287598,12.159214341104068,11.97792636239808,12.068569734289412,8980300,0.003236454986605075,ABEV3.SA,1056,337,40.72999954223633,37.650001525878906,-1.0
2015-12-08,11.744840621948242,12.120364706505654,11.718943047973513,12.042670749658289,11347300,-0.024731349608244857,ABEV3.SA,1055,336,40.2599983215332,37.5099983215332,1.0
2015-12-09,11.964975357055664,12.11388980094957,11.81606091316176,11.906704272936631,16476700,0.01874310109377242,ABEV3.SA,1054,335,40.11000061035156,37.15999984741211,-1.0
2015-12-10,11.848429679870605,12.01676818025797,11.731888781069621,12.01676818025797,7703100,-0.009740569763591944,ABEV3.SA,1053,334,39.72999954223633,36.7599983215332,-1.0
2015-12-11,11.83548355102539,12.029719650706951,11.764263071511417,11.790160641838222,12966500,-0.001092645117961033,ABEV3.SA,1052,333,37.93000030517578,35.619998931884766,-1.0
2015-12-14,11.686569213867188,11.880806570463786,11.654196938562661,11.816060784931587,5611300,-0.012582023921219654,ABEV3.SA,1049,330,37.91999816894531,36.310001373291016,1.0
2015-12-15,11.55707836151123,11.835484362418054,11.55707836151123,11.75131447450883,7791500,-0.011080313647764517,ABEV3.SA,1048,329,38.45000076293945,37.349998474121094,1.0
2015-12-16,11.744840621948242,11.81606111149431,11.466434600911626,11.505282814258488,7726900,0.0162465161664318,ABEV3.SA,1047,328,37.189998626708984,35.52000045776367,1.0
2015-12-17,11.751315116882324,12.198059683105337,11.647722352964403,11.945552475420795,12367200,0.0005512629027917271,ABEV3.SA,1046,327,37.18000030517578,34.95000076293945,1.0
2015-12-18,11.524704933166504,11.725416984244397,11.427586875989867,11.557078442174115,17657600,-0.01928381474429741,ABEV3.SA,1045,326,36.880001068115234,34.72999954223633,1.0
2015-12-21,11.654197692871094,11.848433827116322,11.52470611342546,11.52470611342546,10020100,0.011236101961441758,ABEV3.SA,1042,323,36.349998474121094,34.7400016784668,1.0
2015-12-22,11.719486236572266,11.771717878073678,11.510558425266051,11.752130545522936,8177900,0.005602148292122244,ABEV3.SA,1041,322,36.11000061035156,36.13999938964844,1.0
2015-12-23,11.882710456848145,11.915354766306836,11.68684086419426,11.784775037870912,17338900,0.013927591788666982,ABEV3.SA,1040,321,37.36000061035156,37.5,-1.0
2015-12-28,11.843534469604492,11.895766106090603,11.752129417078908,11.830477494458297,6944200,-0.003296889828791061,ABEV3.SA,1035,316,36.619998931884766,36.810001373291016,-1.0
2015-12-29,11.882710456848145,11.941471210114253,11.784775037870912,11.810891481678329,5349200,0.003307795265357294,ABEV3.SA,1034,315,37.790000915527344,37.869998931884766,-1.0
2015-12-30,11.654197692871094,11.941472376304693,11.654197692871094,11.823950858295461,12124900,-0.01923069360369345,ABEV3.SA,1033,314,36.459999084472656,36.599998474121094,1.0
2016-01-04,11.23634147644043,11.575847753149624,11.236341476440428,11.575847753149624,13206900,-0.03585456737929438,ABEV3.SA,1028,309,37.220001220703125,36.7599983215332,1.0
2016-01-05,11.412625312805176,11.438741758631144,11.171054415418372,11.2624594852079,10774200,0.01568872187930248,ABEV3.SA,1027,308,36.41999816894531,35.970001220703125,1.0
2016-01-06,11.301633834838867,11.412626248093932,11.229816093533199,11.334279394796697,7739100,-0.009725323921900286,ABEV3.SA,1026,307,34.22999954223633,33.970001220703125,1.0
2016-01-07,11.001298904418945,11.308159605548108,11.001298904418945,11.210225445213304,15316400,-0.026574470099544167,ABEV3.SA,1025,306,33.75,33.27000045776367,1.0
2016-01-08,11.144937515258789,11.229814715432408,11.053532449195473,11.053532449195473,10684000,0.013056513788762603,ABEV3.SA,1024,305,33.54999923706055,33.15999984741211,1.0
2016-01-11,10.968655586242676,11.288575817901181,10.936011274588052,11.223285949291268,12772700,-0.015817220040467816,ABEV3.SA,1021,302,31.549999237060547,31.40999984741211,1.0
2016-01-12,11.086177825927734,11.125352496836852,10.955599325466252,11.060062623955737,9573800,0.010714370486065716,ABEV3.SA,1020,301,30.860000610351562,30.440000534057617,1.0
2016-01-13,10.98824405670166,11.262460536979274,10.916425069273945,11.177584570719896,10709300,-0.008833862379244217,ABEV3.SA,1019,300,30.309999465942383,30.479999542236328,1.0
2016-01-14,11.001298904418945,11.06005964967991,10.785843253562213,11.06005964967991,12325600,0.0011880740589595984,ABEV3.SA,1018,299,31.030000686645508,31.200000762939453,1.0
2016-01-15,10.831546783447266,10.903365755495006,10.439808860469503,10.870720202154883,19870300,-0.015430188966458758,ABEV3.SA,1017,298,31.010000228881836,29.420000076293945,1.0
2016-01-18,10.603034973144531,10.811961574341346,10.603034973144531,10.792375483792128,9267800,-0.02109687700854923,ABEV3.SA,1014,295,31.010000228881836,29.420000076293945,1.0
2016-01-19,10.93601131439209,11.00130118323964,10.714026507490825,10.779316376338373,9628400,0.03140387088139618,ABEV3.SA,1013,294,28.760000228881836,28.459999084472656,1.0
2016-01-20,10.798903465270996,10.929481954699156,10.648736396742681,10.792374354004492,12363400,-0.012537281206051465,ABEV3.SA,1012,293,27.8799991607666,26.549999237060547,1.0
2016-01-21,10.655265808105469,10.870721504765665,10.576918961302132,10.792374657962327,11049800,-0.013301133548184962,ABEV3.SA,1011,292,29.25,29.530000686645508,1.0
2016-01-22,11.001298904418945,11.001298904418945,10.720553398238874,10.720553398238874,15564500,0.03247531338450971,ABEV3.SA,1010,291,32.18000030517578,32.189998626708984,1.0
2016-01-26,10.994771003723145,11.027415312325308,10.80543052698905,10.903365943396643,13892700,-0.0005933754507095879,ABEV3.SA,1006,287,31.799999237060547,31.450000762939453,1.0
2016-01-27,11.634612083435059,11.726017168641112,10.968657546160104,10.975186658717806,28371900,0.058195034666501444,ABEV3.SA,1005,286,33.099998474121094,32.29999923706055,1.0
2016-01-28,11.680312156677246,11.954528599623583,11.438741269617749,11.64766784609103,17343800,0.003927941293999204,ABEV3.SA,1004,285,33.88999938964844,33.220001220703125,1.0
2016-01-29,12.183043479919434,12.183043479919434,11.726015623509731,11.817421941972107,20667000,0.04304091504564744,ABEV3.SA,1003,284,34.7400016784668,33.619998931884766,0.0
2016-02-01,12.09756851196289,12.196189745634591,11.775405146482255,12.038395520952465,12665300,-0.007015896159069501,ABEV3.SA,1000,281,34.689998626708984,31.6200008392334,0.0
2016-02-02,11.821430206298828,12.097570457408729,11.781981957293763,11.906902875519897,16351800,-0.02282593443393177,ABEV3.SA,999,280,32.720001220703125,29.8799991607666,1.0
2016-02-03,11.900327682495117,11.933201013564458,11.571589355652916,11.913477516537732,11406600,0.006674105824712395,ABEV3.SA,998,279,35.040000915527344,32.279998779296875,1.0
2016-02-04,12.071270942687988,12.281663256924773,11.998948114405177,12.058121109538913,18556300,0.01436458430000398,ABEV3.SA,997,278,34.459999084472656,31.719999313354492,0.0
2016-02-05,11.92662525177002,12.261938471883004,11.887177006473525,12.097569320104313,10973700,-0.011982639740646839,ABEV3.SA,996,277,34.060001373291016,30.889999389648438,1.0
2016-02-10,11.795133590698242,11.834581845720166,11.551866634315308,11.808282173013938,11694700,-0.01102505178925306,ABEV3.SA,991,272,30.84000015258789,27.450000762939453,1.0
2016-02-11,11.73595905303955,11.742533970360007,11.525566714934012,11.611038132025417,11956300,-0.00501686031817028,ABEV3.SA,990,271,30.059999465942383,26.209999084472656,1.0
2016-02-12,11.781980514526367,11.880601751980935,11.6833592770718,11.82142875870078,9627500,0.003921406105698466,ABEV3.SA,989,270,33.36000061035156,29.440000534057617,1.0
2016-02-15,11.781980514526367,11.952924577998253,11.735957353983373,11.887176668349516,6378400,0.0,ABEV3.SA,986,267,33.36000061035156,29.440000534057617,1.0
2016-02-16,11.814854621887207,11.98579869663814,11.755681624702763,11.821429538689607,10301800,0.00279020214982606,ABEV3.SA,985,266,32.18000030517578,29.040000915527344,1.0
2016-02-17,12.005523681640625,12.255364254828086,11.847729437411097,11.93320084943815,18798000,0.01613807921091137,ABEV3.SA,984,265,34.5,30.65999984741211,1.0
2016-02-18,12.09756851196289,12.09756851196289,11.893751128503105,11.913475876852255,9991500,0.0076668734128628735,ABEV3.SA,983,264,34.279998779296875,30.770000457763672,0.0
2016-02-19,12.044971466064453,12.090994628773846,11.906901977936272,11.998948303355059,6644100,-0.004347736972634242,ABEV3.SA,982,263,33.0099983215332,29.639999389648438,1.0
2016-02-22,12.222491264343262,12.373710595850106,12.123870015709981,12.268514430102979,14696300,0.014738083753784936,ABEV3.SA,979,260,34.689998626708984,31.479999542236328,0.0
2016-02-23,12.005523681640625,12.261939171758964,11.900327518820939,12.261939171758964,11394800,-0.017751502374609762,ABEV3.SA,978,259,33.27000045776367,31.8700008392334,1.0
2016-02-24,11.952924728393555,11.952924728393555,11.735957501648729,11.874026985014941,10037500,-0.004381229394225139,ABEV3.SA,977,258,34.40999984741211,32.150001525878906,1.0
2016-02-25,11.643912315368652,11.735959910543349,11.486118050260046,11.624188816003416,15404600,-0.025852452018781613,ABEV3.SA,976,257,35.290000915527344,33.06999969482422,1.0
2016-02-26,11.591313362121582,11.788557119318147,11.512416862472756,11.762257450077037,9258400,-0.004517292111316018,ABEV3.SA,975,256,35.099998474121094,32.779998779296875,1.0
2016-02-29,11.59788703918457,11.82800410428716,11.512415631365554,11.76883110885972,15340300,0.0005671209860023119,ABEV3.SA,972,253,35.970001220703125,33.75,1.0
2016-03-01,11.99894905090332,12.0909953820567,11.617612638077198,11.689935472004686,17549200,0.03458061027527881,ABEV3.SA,971,252,35.959999084472656,34.400001525878906,1.0
2016-03-02,11.92662525177002,12.084419486993111,11.801705599324931,12.031821408585415,16032100,-0.00602751114505784,ABEV3.SA,970,251,36.93000030517578,34.65999984741211,1.0
2016-03-03,12.123868942260742,12.222490182162083,11.933200124952661,12.012097869295996,21509400,0.01653809743552137,ABEV3.SA,969,250,37.06999969482422,34.56999969482422,0.0
2016-03-04,12.564379692077637,12.623552693299136,12.235641353752525,12.353987356195525,37209600,0.03633417285478768,ABEV3.SA,968,249,38.720001220703125,35.91999816894531,0.0
2016-03-07,12.603830337524414,12.74847478243085,12.45261097411712,12.623555093026988,17079300,0.0031398800747524103,ABEV3.SA,965,246,40.84000015258789,37.900001525878906,0.0
2016-03-08,12.524930000305176,12.636701083817131,12.386860502221875,12.61697758639793,23245800,-0.006260028507709681,ABEV3.SA,964,245,39.650001525878906,36.5,0.0
2016-03-09,12.26193904876709,12.656425282402656,12.215915884749753,12.649850365537729,21459800,-0.020997398910147846,ABEV3.SA,963,244,41.06999969482422,38.290000915527344,0.0
2016-03-10,12.24878978729248,12.472331954995136,11.992374287766525,12.34083737366472,28065400,-0.0010723639566558862,ABEV3.SA,962,243,40.04999923706055,37.84000015258789,0.0
2016-03-11,11.979225158691406,12.347413017782735,11.860880404737728,12.176468923355467,22639400,-0.022007449983404426,ABEV3.SA,961,242,40.38999938964844,38.5,1.0
2016-03-14,11.860877990722656,12.058120461205148,11.781980250107432,11.998947469252991,11003000,-0.009879367521770321,ABEV3.SA,958,239,39.529998779296875,37.18000030517578,1.0
2016-03-15,12.031821250915527,12.031821250915527,11.703082951666065,11.768830862323375,12363100,0.014412361405840235,ABEV3.SA,957,238,38.7400016784668,36.34000015258789,1.0
2016-03-16,12.025249481201172,12.031823144668184,11.749109216206953,11.952926642691144,12644400,-0.0005461990813614426,ABEV3.SA,956,237,40.33000183105469,38.459999084472656,1.0
2016-03-17,12.314539909362793,12.321114827711853,12.04497452723859,12.294816408353064,26830900,0.024056916957428953,ABEV3.SA,955,236,41.540000915527344,40.20000076293945,-1.0
2016-03-18,12.110719680786133,12.419733248138053,12.077846350613202,12.353986587792187,27248900,-0.01655118502817099,ABEV3.SA,954,235,41.20000076293945,39.439998626708984,0.0
2016-03-21,12.314539909362793,12.347414501108092,12.04497452723859,12.04497452723859,14963100,0.01682973712124025,ABEV3.SA,951,232,41.540000915527344,39.90999984741211,-1.0
2016-03-22,12.321110725402832,12.321110725402832,12.156741583515329,12.294812314800089,10495100,0.0005335819355332116,ABEV3.SA,950,231,41.790000915527344,41.45000076293945,-1.0
2016-03-23,12.492056846618652,12.551229847794035,12.22906642697097,12.25536484191712,19093200,0.013874246001488677,ABEV3.SA,949,230,40.470001220703125,39.790000915527344,-1.0
2016-03-24,12.492056846618652,12.623552683461112,12.386860678759579,12.419734010951574,21128700,0.0,ABEV3.SA,948,229,40.439998626708984,39.459999084472656,-1.0
2016-03-28,12.689295768737793,12.735320176477204,12.538076476847522,12.590674545941393,12398500,0.01578914701885381,ABEV3.SA,944,225,40.27000045776367,39.38999938964844,-1.0
2016-03-29,12.71560001373291,12.866819360131286,12.663001925679678,12.702450178210269,20856500,0.002072947583105611,ABEV3.SA,943,224,39.13999938964844,38.279998779296875,-1.0
2016-03-30,12.590677261352539,12.82079433353104,12.570953764961656,12.82079433353104,11047600,-0.009824369455271764,ABEV3.SA,942,223,39.2599983215332,38.31999969482422,-1.0
2016-03-31,12.360560417175293,12.360560417175293,12.360560417175293,12.360560417175293,21000,-0.0182767645775177,ABEV3.SA,941,222,39.599998474121094,38.34000015258789,-1.0
2016-04-01,12.380285263061523,12.380285263061523,12.380285263061523,12.380285263061523,8300,0.0015957889626769806,ABEV3.SA,940,221,39.65999984741211,36.790000915527344,-1.0
2016-04-04,12.169893264770508,12.169893264770508,12.169893264770508,12.169893264770508,20700,-0.016994115549078037,ABEV3.SA,937,218,37.689998626708984,35.70000076293945,-1.0
2016-04-05,12.30138874053955,12.301388740539553,12.301388740539553,12.301388740539553,19000,0.010804981843981931,ABEV3.SA,936,217,37.869998931884766,35.88999938964844,-1.0
2016-04-06,12.24878978729248,12.24878978729248,12.24878978729248,12.24878978729248,29400,-0.004275854893824205,ABEV3.SA,935,216,39.84000015258789,37.75,-1.0
2016-04-07,12.196189880371094,12.196189880371094,12.196189880371094,12.196189880371094,30500,-0.004294294198432302,ABEV3.SA,934,215,39.43000030517578,37.2599983215332,-1.0
2016-04-08,12.209342002868652,12.465757512151345,12.097570914764379,12.373711176313922,17390600,0.0010783796108919663,ABEV3.SA,933,214,41.939998626708984,39.720001220703125,-1.0
2016-04-11,11.966075897216797,11.966075897216797,11.966075897216797,11.966075897216797,74200,-0.01992458771281025,ABEV3.SA,930,211,42.83000183105469,40.36000061035156,1.0
2016-04-12,12.09756851196289,12.09756851196289,12.09756851196289,12.09756851196289,30700,0.010988783279962222,ABEV3.SA,929,210,44.689998626708984,42.16999816894531,-1.0
2016-04-13,12.031821250915527,12.031821250915527,12.031821250915527,12.031821250915527,149800,-0.0054347500476933375,ABEV3.SA,928,209,44.18000030517578,41.7599983215332,1.0
2016-04-14,12.321110725402832,12.38685863296524,12.064695265350176,12.09099367595292,16442600,0.024043697828812993,ABEV3.SA,927,208,43.84000015258789,41.5,-1.0
2016-04-15,12.485481262207031,12.524929509536944,12.288238771520298,12.347411769533752,14996000,0.013340561615545754,ABEV3.SA,926,207,43.099998474121094,40.36000061035156,-1.0
2016-04-18,12.465758323669434,12.570955755237028,12.360562146139197,12.485483077220362,13475900,-0.0015796698680168308,ABEV3.SA,923,204,42.90999984741211,39.779998779296875,-1.0
2016-04-19,12.570953369140625,12.570953369140625,12.570953369140625,12.570953369140625,1900,0.008438720111511477,ABEV3.SA,922,203,44.029998779296875,41.08000183105469,-1.0
2016-04-20,12.623552322387695,12.676150404812761,12.498631406364215,12.498631406364215,13665600,0.004184165806882412,ABEV3.SA,921,202,45.79999923706055,42.630001068115234,-1.0
2016-04-22,12.59725284576416,12.787921681228399,12.400010347179355,12.400010347179355,12394900,-0.00208336575568302,ABEV3.SA,919,200,45.11000061035156,43.72999954223633,-1.0
2016-04-25,12.577526092529297,12.643273999605942,12.524928017675387,12.623550505308865,5665400,-0.001565956758698861,ABEV3.SA,916,197,44.47999954223633,42.63999938964844,-1.0
2016-04-26,12.64985179901123,12.656426716621226,12.531505790105946,12.630127046181247,13162400,0.005750392084250322,ABEV3.SA,915,196,45.7400016784668,44.040000915527344,-1.0
2016-04-27,12.728750228881836,12.774773400546357,12.603829295765728,12.709025475009597,17990800,0.006237103100035668,ABEV3.SA,914,195,47.18000030517578,45.33000183105469,-1.0
2016-04-28,12.794495582580566,12.840520003542064,12.663000999088029,12.709024166012279,12272300,0.0051651067478371004,ABEV3.SA,913,194,48.13999938964844,46.029998779296875,-1.0
2016-04-29,12.7484712600708,12.840518839612892,12.54465385900819,12.70902301400255,23867000,-0.0035971971081397713,ABEV3.SA,912,193,48.130001068115234,45.91999816894531,-1.0
2016-05-02,12.827369689941406,12.879967772181587,12.722173525461045,12.722173525461045,10854600,0.006188854197578975,ABEV3.SA,909,190,48.099998474121094,44.779998779296875,-1.0
2016-05-03,12.879966735839844,12.958863225833385,12.630124924773739,12.735322334826956,14425300,0.004100376551841478,ABEV3.SA,908,189,46.75,43.650001525878906,-1.0
2016-05-04,12.886543273925781,12.899693108591784,12.551230014166293,12.676150935418791,19044400,0.0005106021017613482,ABEV3.SA,907,188,44.619998931884766,43.779998779296875,-1.0
2016-05-05,12.584101676940918,12.879966647479721,12.56437818159639,12.873391731019183,11528900,-0.023469567482601317,ABEV3.SA,906,187,45.0099983215332,44.31999969482422,-1.0
2016-05-06,12.386858940124512,12.656424239181517,12.373709107478545,12.551228086087908,11022900,-0.01567396242338326,ABEV3.SA,905,186,45.369998931884766,44.65999984741211,-1.0
2016-05-09,12.419733047485352,12.53150412391958,12.229065478295867,12.347411471465891,18522300,0.002653950248383996,ABEV3.SA,902,183,43.630001068115234,43.439998626708984,-1.0
2016-05-10,12.551229476928711,12.564379311031852,12.367135561596344,12.557804393980282,12276100,0.010587701759820378,ABEV3.SA,901,182,45.52000045776367,44.65999984741211,-1.0
2016-05-11,12.400009155273438,12.630124963490921,12.367134572644437,12.623551301002223,10657200,-0.01204824769822288,ABEV3.SA,900,181,47.599998474121094,46.22999954223633,-1.0
2016-05-12,12.61040210723877,12.663000188074543,12.367135199600094,12.472331361271639,23591900,0.016967161018252686,ABEV3.SA,899,180,48.08000183105469,46.70000076293945,-1.0
2016-05-13,12.334261894226074,12.65642529674979,12.301387309864163,12.65642529674979,10196700,-0.021897811875021933,ABEV3.SA,898,179,47.83000183105469,46.209999084472656,-1.0
2016-05-16,12.340836524963379,12.400009521405662,12.229065448798746,12.229065448798746,7024100,0.0005330380361374676,ABEV3.SA,895,176,48.970001220703125,47.720001220703125,-1.0
2016-05-17,12.202768325805664,12.340839097633376,12.117296898702719,12.307964507180397,11191800,-0.01118791249510731,ABEV3.SA,894,175,49.279998779296875,48.310001373291016,-1.0
2016-05-18,12.09756851196289,12.275087484994167,12.077845017650764,12.156741502973317,12833200,-0.008620979357635061,ABEV3.SA,893,174,48.93000030517578,48.189998626708984,-1.0
2016-05-19,12.2290678024292,12.28166589227468,12.031824024980613,12.044973860951329,12403900,0.010869894254888823,ABEV3.SA,892,173,48.810001373291016,48.15999984741211,-1.0
2016-05-20,12.189615249633789,12.301385053854787,12.169890502634058,12.229063489596314,7364900,-0.003226129205659789,ABEV3.SA,891,172,48.720001220703125,47.75,-1.0
2016-05-23,12.123868942260742,12.16989210394556,12.038396281385705,12.044971197917409,8850200,-0.005393632696899298,ABEV3.SA,888,169,48.349998474121094,48.08000183105469,-1.0
2016-05-24,12.288236618041992,12.321109942716435,12.117292570853596,12.196189051687039,7050400,0.013557361644541244,ABEV3.SA,887,168,48.61000061035156,48.619998931884766,-1.0
2016-05-25,12.47890567779541,12.603826584034609,12.2816631976595,12.32768635942207,21104900,0.015516389021470456,ABEV3.SA,886,167,49.7400016784668,49.560001373291016,-1.0
2016-05-27,12.689295768737793,12.741893837831665,12.446030169442466,12.459180000225157,15279900,0.01685965872125661,ABEV3.SA,884,165,49.31999969482422,49.33000183105469,-1.0
2016-05-30,12.590677261352539,12.663000092218194,12.538079180914924,12.616976928589924,3844200,-0.007771787275083986,ABEV3.SA,881,162,49.31999969482422,49.33000183105469,-1.0
2016-05-31,12.564379692077637,12.643276191014808,12.45918352413658,12.557804774826666,21746000,-0.00208865406753167,ABEV3.SA,880,161,49.689998626708984,49.099998474121094,-1.0
2016-06-01,12.71560001373291,12.735324767016873,12.426309902421465,12.485482908236019,12661800,0.012035637680595013,ABEV3.SA,879,160,49.709999084472656,49.0099983215332,-1.0
2016-06-02,12.67615032196045,12.695873818967682,12.538079572723841,12.689298901952872,12179300,-0.003102464038649777,ABEV3.SA,878,159,50.040000915527344,49.16999816894531,-1.0
2016-06-03,12.820795059204102,12.873393142618834,12.669575726141398,12.715598892374635,15233800,0.011410778001982758,ABEV3.SA,877,158,49.63999938964844,48.619998931884766,-1.0
2016-06-06,12.768197059631348,12.886543061600918,12.702449141421893,12.807645308942126,8504300,-0.004102553650523699,ABEV3.SA,874,155,50.54999923706055,49.689998626708984,-1.0
2016-06-07,12.551229476928711,12.761621806430156,12.472331726347068,12.735323392261078,12665600,-0.016992812821523096,ABEV3.SA,873,154,51.439998626708984,50.36000061035156,-1.0
2016-06-08,12.669574737548828,12.71559790019093,12.478905916274828,12.52492907891693,16188400,0.009428977522692561,ABEV3.SA,872,153,52.5099983215332,51.22999954223633,-1.0
2016-06-09,12.59725284576416,12.682725514778207,12.518356347945128,12.623552514395321,8340900,-0.005708312495314227,ABEV3.SA,871,152,51.95000076293945,50.560001373291016,-1.0
2016-06-10,12.307961463928223,12.59067660173303,12.307961463928223,12.59067660173303,12874500,-0.022964640416280324,ABEV3.SA,870,151,50.540000915527344,49.06999969482422,-1.0
2016-06-13,12.432882308959961,12.459181974693179,12.20934016637596,12.20934016637596,8294300,0.010149596697865304,ABEV3.SA,867,148,50.349998474121094,48.880001068115234,-1.0
2016-06-14,12.209342002868652,12.419734344232634,12.110720749608944,12.393435928580772,16105600,-0.017979765313969942,ABEV3.SA,866,147,49.83000183105469,48.4900016784668,-1.0
2016-06-15,12.150168418884277,12.334262335789994,12.031822419018972,12.229066170140216,18867800,-0.004846582557067491,ABEV3.SA,865,146,48.970001220703125,48.0099983215332,-1.0
2016-06-16,12.275090217590332,12.347413056933537,12.044973118437929,12.044973118437929,10088500,0.01028148700489595,ABEV3.SA,864,145,47.189998626708984,46.209999084472656,-1.0
2016-06-17,12.235637664794922,12.353983631557455,12.084417121688986,12.340833801020093,15921800,-0.003214033632019553,ABEV3.SA,863,144,49.16999816894531,47.97999954223633,-1.0
2016-06-20,12.222491264343262,12.3868604300778,12.163318264355851,12.314537595862696,12846800,-0.001074435253136441,ABEV3.SA,860,141,50.650001525878906,49.369998931884766,-1.0
2016-06-21,12.215913772583008,12.288236591555235,12.156740785066994,12.268511844370913,13354000,-0.0005381465707766653,ABEV3.SA,859,140,50.619998931884766,48.849998474121094,-1.0
2016-06-22,12.044971466064453,12.242215204295308,11.992373386676984,12.222490454261083,15328400,-0.01399341135676746,ABEV3.SA,858,139,49.880001068115234,49.130001068115234,1.0
2016-06-23,12.169893264770508,12.261939596919982,12.084420595742662,12.097570430060365,7669300,0.010371282244877822,ABEV3.SA,857,138,50.90999984741211,50.11000061035156,-1.0
2016-06-24,12.150168418884277,12.189617921530854,11.88060308765207,11.900327838975358,11737100,-0.0016207903764718923,ABEV3.SA,856,137,48.40999984741211,47.63999938964844,-1.0
2016-06-27,12.30138874053955,12.406586168695164,11.979225300547602,12.01867480636995,10192500,0.012445944487505356,ABEV3.SA,853,134,47.15999984741211,46.33000183105469,-1.0
2016-06-28,12.327685356140137,12.452606252212718,12.268512366107704,12.426306588181857,13551900,0.0021376948696796294,ABEV3.SA,852,133,48.58000183105469,47.849998474121094,-1.0
2016-06-29,12.505206108093262,12.577527686409159,12.347411863535145,12.43945819268475,14591200,0.014400168955050807,ABEV3.SA,851,132,50.61000061035156,49.880001068115234,-1.0
2016-06-30,12.524930000305176,12.564379503218023,12.360560833613311,12.492056668581691,15328300,0.0015772544683729794,ABEV3.SA,850,131,49.68000030517578,48.33000183105469,-1.0
2016-07-01,12.636702537536621,12.636702537536621,12.485483187752846,12.544656194892127,22773000,0.008924004942839847,ABEV3.SA,849,130,49.84000015258789,48.9900016784668,-1.0
2016-07-04,12.53150463104248,12.68272521401105,12.478906549064732,12.636700794997976,6702100,-0.00832479091611571,ABEV3.SA,846,127,49.84000015258789,48.9900016784668,-1.0
2016-07-05,12.68272876739502,12.702452269889461,12.465760207655793,12.47233512649979,13405900,0.012067516296321967,ABEV3.SA,845,126,47.959999084472656,46.599998474121094,-1.0
2016-07-06,12.61040210723877,12.676150021792777,12.472331361271639,12.643275437497191,11263900,-0.005702768030661387,ABEV3.SA,844,125,48.79999923706055,47.43000030517578,-1.0
2016-07-07,12.557805061340332,12.689299647248157,12.498632058768766,12.610403146510915,8916400,-0.004170925355999944,ABEV3.SA,843,124,46.400001525878906,45.13999938964844,-1.0
2016-07-08,12.755045890808105,12.866816963860035,12.557803410851573,12.610401489109123,12468900,0.015706632528879272,ABEV3.SA,842,123,46.7599983215332,45.40999984741211,-1.0
2016-07-11,12.755045890808105,12.787920473492264,12.630124984682514,12.787920473492264,10316000,0.0,ABEV3.SA,839,120,46.25,44.7599983215332,-1.0
2016-07-12,12.774901390075684,12.834473572451438,12.71532920769993,12.814617019990838,7635600,0.0015566779953246623,ABEV3.SA,838,119,48.470001220703125,46.79999923706055,-1.0
2016-07-13,12.642522811889648,12.721951565997285,12.589569888318794,12.675617915684949,11305800,-0.010362395304974736,ABEV3.SA,837,118,46.2599983215332,44.75,-1.0
2016-07-14,12.642522811889648,12.708714281977535,12.582950615060277,12.708714281977535,16513300,0.0,ABEV3.SA,836,117,47.369998931884766,45.68000030517578,-1.0
2016-07-15,12.54323673248291,12.642523310280149,12.477045259785639,12.635904036760689,9036700,-0.007853343900108722,ABEV3.SA,835,116,47.61000061035156,45.95000076293945,-1.0
2016-07-18,12.616044998168945,12.642522089690521,12.516758429957463,12.543235521479039,11617600,0.005804583556769272,ABEV3.SA,832,113,46.959999084472656,45.2400016784668,-1.0
2016-07-19,12.688858985900879,12.70209753505094,12.556476019395335,12.609428953498046,8953000,0.005771538365827222,ABEV3.SA,831,112,46.65999984741211,44.650001525878906,-1.0
2016-07-20,12.655760765075684,12.7484280613559,12.582950025142814,12.655760765075684,9986500,-0.002608447368039335,ABEV3.SA,830,111,47.16999816894531,44.939998626708984,-1.0
2016-07-21,12.70871353149414,12.741808633335088,12.543235497294983,12.6557606110503,7734400,0.004184084023189039,ABEV3.SA,829,110,46.20000076293945,44.75,-1.0
2016-07-22,12.83447551727295,12.880809163364637,12.649140932906198,12.735188952434022,8907900,0.00989572905763847,ABEV3.SA,828,109,45.689998626708984,44.189998626708984,-1.0
2016-07-25,12.83447551727295,12.854333335239602,12.702093851653435,12.78814187118126,9501100,0.0,ABEV3.SA,825,106,44.720001220703125,43.130001068115234,-1.0
2016-07-26,12.807999610900879,12.920524720363465,12.708713046668517,12.841094711479279,7397400,-0.002062874040815954,ABEV3.SA,824,105,44.869998931884766,42.91999816894531,-1.0
2016-07-27,12.788142204284668,12.874191488551059,12.748427829814057,12.874191488551059,6281700,-0.0015503909446804576,ABEV3.SA,823,104,43.470001220703125,41.91999816894531,-1.0
2016-07-28,12.867570877075195,12.880808158856821,12.721949415003678,12.774902329621392,7435300,0.006211118982076602,ABEV3.SA,822,103,42.70000076293945,41.13999938964844,-1.0
2016-07-29,12.443947792053223,12.616045100852546,12.384375598142025,12.523377804767225,32575600,-0.03292176037488925,ABEV3.SA,821,102,42.459999084472656,41.599998474121094,-1.0
2016-08-01,12.57633113861084,12.61604551502301,12.331423081991728,12.503520396440813,10216200,0.010638372064061263,ABEV3.SA,818,99,42.45000076293945,40.060001373291016,-1.0
2016-08-02,12.470423698425293,12.556471713397126,12.390993693261438,12.529995886673909,7872000,-0.008421171406690964,ABEV3.SA,817,98,41.79999923706055,39.5099983215332,-1.0
2016-08-03,12.338043212890625,12.463806886519125,12.304948107329238,12.410853960122495,11627000,-0.010615556354463318,ABEV3.SA,816,97,43.099998474121094,40.83000183105469,-1.0
2016-08-04,12.39099407196045,12.450566262029737,12.218896774259967,12.40423261697521,11247300,0.004291673983967126,ABEV3.SA,815,96,44.290000915527344,41.93000030517578,-1.0
2016-08-05,12.642522811889648,12.642522811889647,12.390995478055133,12.42409184434772,12098200,0.020299318881798367,ABEV3.SA,814,95,44.27000045776367,41.79999923706055,-1.0
2016-08-08,12.74181079864502,12.788144454095049,12.56971346233246,12.56971346233246,11238300,0.007853494767831926,ABEV3.SA,811,92,45.38999938964844,43.02000045776367,-1.0
2016-08-09,12.748429298400879,12.80138222462747,12.655761993128682,12.741810024810388,7200700,0.0005194316459764536,ABEV3.SA,810,91,44.97999954223633,42.77000045776367,-1.0
2016-08-10,12.688858985900879,12.77490703038121,12.629286777223138,12.761669743728683,12055400,-0.004672757020150908,ABEV3.SA,809,90,44.04999923706055,41.709999084472656,-1.0
2016-08-11,12.907288551330566,12.907288551330566,12.582951708463485,12.748429766813876,18475900,0.017214279524454756,ABEV3.SA,808,89,46.040000915527344,43.4900016784668,-1.0
2016-08-12,13.059526443481445,13.092622808548162,12.867572576083434,12.887429132626227,15349800,0.011794722923056167,ABEV3.SA,807,88,46.970001220703125,44.4900016784668,-1.0
2016-08-15,13.198531150817871,13.264722630986968,12.993337436043923,13.019814533110551,8758700,0.010643931687569719,ABEV3.SA,804,85,48.349998474121094,45.7400016784668,-1.0
2016-08-16,13.238240242004395,13.297812424093173,13.046285152496786,13.046285152496786,11591800,0.0030085992700834563,ABEV3.SA,803,84,49.22999954223633,46.58000183105469,-1.0
2016-08-17,13.271337509155273,13.291195327266458,13.112478751757328,13.198528034408618,25444800,0.002500125888776461,ABEV3.SA,802,83,49.849998474121094,46.790000915527344,-1.0
2016-08-18,13.18529224395752,13.284578830264188,13.105862217413721,13.271340282090648,9435800,-0.006483541326440911,ABEV3.SA,801,82,50.88999938964844,48.220001220703125,-1.0
2016-08-19,13.138956069946289,13.211765545952938,13.072764604260719,13.11909825149146,6210900,-0.003514231854243932,ABEV3.SA,800,81,50.880001068115234,48.52000045776367,-1.0
2016-08-22,12.966858863830566,13.16543199991638,12.927144489112846,13.13895617093697,10928000,-0.013098240468995326,ABEV3.SA,797,78,49.15999984741211,47.04999923706055,-1.0
2016-08-23,12.960241317749023,13.052908625269517,12.913907663988775,13.00657497150927,12252200,-0.0005103430330379854,ABEV3.SA,796,77,49.959999084472656,48.099998474121094,-1.0
2016-08-24,12.960241317749023,13.013194245260358,12.880811295233329,12.907288390237687,8370100,0.0,ABEV3.SA,795,76,49.04999923706055,46.77000045776367,-1.0
2016-08-25,12.781521797180176,13.066144191038443,12.748426698474509,12.96685763242435,14061800,-0.013789829694304534,ABEV3.SA,794,75,49.66999816894531,47.33000183105469,-1.0
2016-08-26,12.702094078063965,12.854333564363747,12.635902612825785,12.854333564363747,11069700,-0.006214261523517006,ABEV3.SA,793,74,49.91999816894531,47.63999938964844,-1.0
2016-08-29,12.735190391540527,12.821239683289294,12.602808710961574,12.682237466809482,13283200,0.002605579306306449,ABEV3.SA,790,71,49.2599983215332,46.97999954223633,-1.0
2016-08-30,12.735190391540527,12.78814331627157,12.66237964659885,12.748428938347615,7788900,0.0,ABEV3.SA,789,70,48.369998931884766,46.349998474121094,-1.0
2016-08-31,12.702094078063965,12.741808452207998,12.602807511455289,12.721950633887385,17650700,-0.002598807906205036,ABEV3.SA,788,69,47.040000915527344,44.70000076293945,-1.0
2016-09-01,13.01981258392334,13.059526961080195,12.569712101154687,12.609426478311542,28002900,0.02501308082799225,ABEV3.SA,787,68,47.04999923706055,43.15999984741211,-1.0
2016-09-02,13.132335662841797,13.152193479581438,13.019810559644679,13.086002019613058,16656100,0.008642449973312205,ABEV3.SA,786,67,46.83000183105469,44.439998626708984,-1.0
2016-09-05,13.15881061553955,13.225002071112584,13.079381878849516,13.185287702767567,4211500,0.0020160124883699115,ABEV3.SA,783,64,46.83000183105469,44.439998626708984,-1.0
2016-09-06,13.238240242004395,13.238240242004395,13.12571514944748,13.17204878829498,12495900,0.006036231448687479,ABEV3.SA,782,63,47.2599983215332,44.83000183105469,-1.0
2016-09-08,13.238240242004395,13.238240242004395,13.0661429673587,13.198525874777534,18376900,0.0,ABEV3.SA,780,61,49.9900016784668,47.619998931884766,-1.0
2016-09-09,13.072763442993164,13.158811456992627,13.01319125541773,13.105858541647475,17325700,-0.01249990905031162,ABEV3.SA,779,60,48.0099983215332,45.880001068115234,-1.0
2016-09-12,13.072763442993164,13.132335630568596,12.97347688453314,12.97347688453314,14239000,0.0,ABEV3.SA,776,57,48.31999969482422,46.290000915527344,-1.0
2016-09-13,12.854334831237793,13.059527257451663,12.788143359476033,12.973479227909497,15077600,-0.016708679286356,ABEV3.SA,775,56,47.099998474121094,44.900001525878906,-1.0
2016-09-14,13.013192176818848,13.105859469609914,12.74180830864743,12.814619045838798,11980200,0.01235827039412496,ABEV3.SA,774,55,45.849998474121094,43.58000183105469,-1.0
2016-09-15,13.059526443481445,13.132337184130986,13.019812067898622,13.059526443481445,5414000,0.003560561162320841,ABEV3.SA,773,54,46.59000015258789,43.90999984741211,-1.0
2016-09-16,12.860955238342285,13.026433301084728,12.794763760745822,13.01981402707534,12445900,-0.015205084655904644,ABEV3.SA,772,53,45.77000045776367,43.029998779296875,-1.0
2016-09-19,12.87419605255127,12.966863379999698,12.808004563303399,12.960244104825147,6147800,0.0010295358286847023,ABEV3.SA,769,50,45.95000076293945,43.29999923706055,-1.0
2016-09-20,12.900665283203125,12.953618194980118,12.834473827857636,12.940379651411618,8266200,0.0020559909561583822,ABEV3.SA,768,49,45.880001068115234,43.439998626708984,-1.0
2016-09-21,12.880810737609863,12.980098577080552,12.768286876204751,12.874192726642653,9508100,-0.001539032689973907,ABEV3.SA,767,48,46.83000183105469,45.34000015258789,-1.0
2016-09-22,13.01981258392334,13.052907687804506,12.933764556333939,13.02643185719903,10250100,0.010791389544107854,ABEV3.SA,766,47,47.650001525878906,46.31999969482422,-1.0
2016-09-23,13.059526443481445,13.1190986381043,12.980097692315798,13.105860092077613,9332800,0.0030502635350637686,ABEV3.SA,765,46,45.88999938964844,44.47999954223633,-1.0
2016-09-26,12.98671817779541,12.999955462560719,12.900668883085446,12.980098904164077,7883300,-0.005575107642771915,ABEV3.SA,762,43,47.349998474121094,45.93000030517578,-1.0
2016-09-27,13.039671897888184,13.07938627959567,12.880811846063366,13.019814075785723,7263100,0.0040775290083150395,ABEV3.SA,761,42,45.970001220703125,44.66999816894531,-1.0
2016-09-28,13.138956069946289,13.178670444358753,13.033050229848257,13.099241695533827,8373900,0.007614008453248333,ABEV3.SA,760,41,48.689998626708984,47.04999923706055,-1.0
2016-09-29,13.052906036376953,13.178669687709132,12.980096564550642,13.145574588015092,9568300,-0.006549229110078603,ABEV3.SA,759,40,49.2400016784668,47.83000183105469,-1.0
2016-09-30,13.119098663330078,13.218385233726668,13.052907195566606,13.052907195566606,8749600,0.005071102693044338,ABEV3.SA,758,39,49.060001373291016,48.2400016784668,-1.0
2016-10-03,13.072763442993164,13.125716358338316,13.01319125541773,13.046286354072043,14082500,-0.00353189053043923,ABEV3.SA,755,36,49.099998474121094,48.810001373291016,-1.0
2016-10-04,12.933765411376953,13.092624193003715,12.90066904281052,13.092624193003715,15795000,-0.010632643375086293,ABEV3.SA,754,35,50.869998931884766,48.689998626708984,-1.0
2016-10-05,12.966858863830566,13.066145431873474,12.940381772353946,12.986716682438033,8711300,0.0025586866160802746,ABEV3.SA,753,34,51.86000061035156,49.83000183105469,-1.0
2016-10-06,13.006573677062988,13.052907326211995,12.894048559488002,12.966859301006302,13265700,0.0030627936688045754,ABEV3.SA,752,33,52.5099983215332,50.439998626708984,-1.0
2016-10-07,13.006573677062988,13.066145872396643,12.913906378764972,13.052907326211995,10876200,0.0,ABEV3.SA,751,32,51.93000030517578,49.810001373291016,-1.0
2016-10-10,13.026430130004883,13.092621591488074,12.993333768014727,13.059525229497918,6074500,0.0015266474811048703,ABEV3.SA,748,29,51.93000030517578,49.810001373291016,-1.0
2016-10-11,12.87419605255127,13.026435594073016,12.834480401503958,12.993339218200257,14587500,-0.011686553870423722,ABEV3.SA,747,28,52.40999984741211,50.790000915527344,-1.0
2016-10-13,12.728569984436035,12.854333642907312,12.523377577191365,12.774903631636716,21987200,-0.011311468888682619,ABEV3.SA,745,26,52.029998779296875,50.439998626708984,-1.0
2016-10-14,12.927145957946777,12.960241063555742,12.695476431191972,12.748429357664726,20405600,0.015600807769730052,ABEV3.SA,744,25,51.95000076293945,50.349998474121094,-1.0
2016-10-17,12.946999549865723,13.066143922755113,12.807998623159476,12.894046635525667,9686900,0.0015358062780084225,ABEV3.SA,741,22,51.52000045776367,49.939998626708984,-1.0
2016-10-18,13.006573677062988,13.079384418581288,12.874192002708286,12.947001481729334,12342400,0.0046013848203063645,ABEV3.SA,740,21,51.68000030517578,50.290000915527344,-1.0
2016-10-19,13.026430130004883,13.059525229497918,12.966857940919724,12.999953040412759,5848100,0.0015266474811048703,ABEV3.SA,739,20,52.66999816894531,51.599998474121094,-1.0
2016-10-20,13.006573677062988,13.066145872396643,12.93376419804194,13.033050769432279,4586500,-0.0015243203812346229,ABEV3.SA,738,19,51.380001068115234,50.43000030517578,-1.0
2016-10-21,13.072763442993164,13.145574175029155,12.907285424727426,13.01981052764801,21287800,0.005088947141159927,ABEV3.SA,737,18,51.779998779296875,50.849998474121094,-1.0
2016-10-24,13.039671897888184,13.112481387269005,12.999956253683262,13.052909183459057,10105400,-0.002531335111300992,ABEV3.SA,734,15,51.459999084472656,50.52000045776367,-1.0
2016-10-25,12.927145957946777,13.019813263649759,12.887430316219197,12.986718158040794,9277400,-0.008629507001601033,ABEV3.SA,733,14,50.790000915527344,49.959999084472656,-1.0
2016-10-26,12.933765411376953,12.986718338585874,12.821240283245825,12.90066904281052,9041700,0.0005120583809998802,ABEV3.SA,732,13,49.97999954223633,49.18000030517578,-1.0
2016-10-27,12.907288551330566,12.986718574837607,12.86095489699204,12.913907825164268,7798300,-0.002047111510395605,ABEV3.SA,731,12,50.470001220703125,49.720001220703125,-1.0
2016-10-28,12.642522811889648,12.768286478806905,12.390995478055133,12.443948401625986,35116800,-0.020512886063403624,ABEV3.SA,730,11,49.709999084472656,48.70000076293945,-1.0
2016-10-31,12.463807106018066,12.695476636519734,12.463807106018068,12.655762256647195,17591900,-0.014136079367284893,ABEV3.SA,727,8,48.29999923706055,46.86000061035156,-1.0
2016-11-01,12.236824989318848,12.57729326925967,12.236824989318848,12.543914550435012,19058400,-0.018211298904780238,ABEV3.SA,726,7,48.33000183105469,46.66999816894531,-1.0
2016-11-03,11.949764251708984,12.356991270839963,11.936412253927111,12.23682583743629,22712800,-0.023458759756753045,ABEV3.SA,724,5,46.349998474121094,44.65999984741211,-1.0
2016-11-04,11.829599380493164,12.089958256346568,11.802896656976994,12.009847539164754,20353300,-0.010055836139079899,ABEV3.SA,723,4,45.58000183105469,44.06999969482422,1.0
2016-11-07,12.009846687316895,12.083281400081843,11.86297853510356,11.976467966960042,11219400,0.015236974729757602,ABEV3.SA,720,1,46.150001525878906,44.88999938964844,-1.0
2016-11-08,12.056578636169434,12.10998535818338,11.876331745195298,12.016523912988147,8057800,0.0038911361709463854,ABEV3.SA,719,0,46.040000915527344,44.97999954223633,-1.0
2016-11-09,11.9697904586792,12.07660387833044,11.689404913765596,11.869653036920713,14829200,-0.007198408446478455,ABEV3.SA,718,1455,46.36000061035156,45.27000045776367,-1.0
2016-11-10,12.049903869628906,12.170069324784086,11.689408777480189,12.043229142846348,28019700,0.006692966867403838,ABEV3.SA,717,1454,45.84000015258789,44.65999984741211,-1.0
2016-11-11,11.64935302734375,12.08328280916815,11.609297030264543,11.789545197170845,23948700,-0.03324099898379451,ABEV3.SA,716,1453,45.84000015258789,44.65999984741211,1.0
2016-11-14,11.549210548400879,11.74281065131183,11.475777124293531,11.609293251144534,20266800,-0.008596398332835542,ABEV3.SA,713,1450,44.43000030517578,43.31999969482422,1.0
2016-11-16,11.903036117553711,11.916388118234993,11.535865012036513,11.582595741104136,11543000,0.030636342429640973,ABEV3.SA,711,1448,46.630001068115234,45.56999969482422,-1.0
2016-11-17,11.76284122467041,11.969792094360125,11.749489227060344,11.969792094360125,7932600,-0.01177807842459222,ABEV3.SA,710,1447,46.4900016784668,45.41999816894531,1.0
2016-11-18,11.562566757202148,11.782869656448915,11.382318583277497,11.762842930446238,14795900,-0.017026028290530903,ABEV3.SA,709,1446,46.86000061035156,45.689998626708984,1.0
2016-11-21,11.64935302734375,11.696083750619449,11.549214307962442,11.569242306502046,10984000,0.007505796244380081,ABEV3.SA,706,1443,48.900001525878906,47.4900016784668,1.0
2016-11-22,11.46242904663086,11.836276112209978,11.429050321840784,11.776193388934455,12788200,-0.016045867978602413,ABEV3.SA,705,1442,49.119998931884766,48.029998779296875,1.0
2016-11-23,11.776193618774414,11.776193618774414,11.368967820457256,11.455753270595311,11650500,0.027373305506809498,ABEV3.SA,704,1441,48.95000076293945,47.959999084472656,1.0
2016-11-24,11.582595825195312,11.782870743601103,11.569243824417093,11.769518742822884,5978100,-0.016439759725965675,ABEV3.SA,703,1440,48.95000076293945,47.959999084472656,1.0
2016-11-25,11.502483367919922,11.582594087251923,11.382317925580264,11.515835366694702,6446100,-0.0069166237417284115,ABEV3.SA,702,1439,47.2400016784668,46.060001373291016,1.0
2016-11-28,11.716110229492188,11.716110229492188,11.455752620535328,11.515835341574093,8694400,0.018572238249704,ABEV3.SA,699,1436,48.2400016784668,47.08000183105469,1.0
2016-11-29,11.388995170593262,11.669380808946288,11.388995170593262,11.662704808828737,13470600,-0.027920107654458626,ABEV3.SA,698,1435,46.380001068115234,45.22999954223633,1.0
2016-11-30,11.449076652526855,11.862979701559254,11.409021929496845,11.542539370685796,20399300,0.005275397963880657,ABEV3.SA,697,1434,50.470001220703125,49.439998626708984,1.0
2016-12-01,11.101932525634766,11.388994138080681,11.015147078608114,11.348939414323512,28765600,-0.030320709470966323,ABEV3.SA,696,1433,50.459999084472656,51.060001373291016,1.0
2016-12-02,11.155339241027832,11.155339241027832,10.854926903072979,11.081905793074446,22659500,0.004810578272723909,ABEV3.SA,695,1432,54.459999084472656,51.68000030517578,1.0
2016-12-05,10.988442420959473,11.262153291267525,10.948387699606654,11.20207057257998,9090100,-0.014961160432892529,ABEV3.SA,692,1429,54.939998626708984,51.790000915527344,1.0
2016-12-06,11.182043075561523,11.182043075561523,10.881629468682448,10.935036190647985,11012400,0.0176185711482435,ABEV3.SA,691,1428,53.93000030517578,50.93000030517578,1.0
2016-12-07,11.108610153198242,11.275506345515845,11.095259425533676,11.235451615888353,10908100,-0.006567039839416311,ABEV3.SA,690,1427,53.0,49.77000045776367,1.0
2016-12-08,10.988442420959473,11.248801293044375,10.961739697829804,11.18871857435683,10189000,-0.010817530778517104,ABEV3.SA,689,1426,53.88999938964844,50.84000015258789,1.0
2016-12-09,11.108610153198242,11.215423614416157,10.961741962352836,11.041852694924719,14663500,0.010935829450183121,ABEV3.SA,688,1425,54.33000183105469,51.5,1.0
2016-12-12,10.754789352416992,11.048525688005164,10.701382630190352,10.955064242437718,12483300,-0.03185104130055216,ABEV3.SA,685,1422,55.689998626708984,52.83000183105469,1.0
2016-12-13,10.874955177307129,10.915009902053267,10.694707005974397,10.781492455143818,19703600,0.011173238354792225,ABEV3.SA,684,1421,55.720001220703125,52.97999954223633,1.0
2016-12-14,10.788167953491211,10.99511884059871,10.688030509620916,10.868278672577455,20370100,-0.007980467266386349,ABEV3.SA,683,1420,53.900001525878906,51.040000915527344,1.0
2016-12-15,10.894980430603027,11.035173858242967,10.694705560622051,10.748112277504749,15837600,0.009900891196011674,ABEV3.SA,682,1419,54.02000045776367,50.900001525878906,1.0
2016-12-16,11.135313987731934,11.155340715586112,10.908335067727469,10.941713796362352,23240300,0.022059108656480975,ABEV3.SA,681,1418,55.209999084472656,51.900001525878906,1.0
2016-12-19,10.88162899017334,11.182042583842017,10.868278265256558,11.08190514372467,13277100,-0.022782024632451825,ABEV3.SA,678,1415,54.91999816894531,52.119998931884766,1.0
2016-12-20,10.94839096069336,11.035177701677496,10.741440019858672,10.91501222850993,13460100,0.0061352919292054775,ABEV3.SA,677,1414,55.349998474121094,52.22999954223633,1.0
2016-12-21,10.908332824707031,11.021822261373055,10.848250106865217,10.921684822742238,10466100,-0.0036588149007596993,ABEV3.SA,676,1413,54.459999084472656,52.4900016784668,1.0
2016-12-22,10.70532512664795,10.989537355262256,10.685024437560434,10.976003132305731,13056700,-0.01861033224062214,ABEV3.SA,675,1412,55.04999923706055,52.95000076293945,1.0
2016-12-23,10.827132225036621,10.867733609485981,10.732394585742497,10.752695923314548,6730800,0.011378178331591826,ABEV3.SA,674,1411,55.15999984741211,53.02000045776367,1.0
2016-12-26,10.948936462402344,11.04367344590818,10.840665255340076,10.840665255340076,2621500,0.011249907624113265,ABEV3.SA,671,1408,55.15999984741211,53.02000045776367,1.0
2016-12-27,10.901566505432129,11.023371919679661,10.874498061957377,10.962469212555895,5663900,-0.0043264436808889695,ABEV3.SA,670,1407,56.09000015258789,53.900001525878906,1.0
2016-12-28,10.982769966125488,11.030138454581246,10.908334323135517,10.91510014374819,5002400,0.007448788268447082,ABEV3.SA,669,1406,56.220001220703125,54.060001373291016,1.0
2016-12-29,11.097810745239258,11.097810745239258,10.935403909829294,11.016607972881674,8687000,0.010474659805185249,ABEV3.SA,668,1405,56.13999938964844,53.77000045776367,1.0
2017-01-02,11.036905288696289,11.27374901572125,11.00307102370464,11.057206622107962,4265400,-0.005488060477972789,ABEV3.SA,664,1401,56.130001068115234,53.720001220703125,1.0
2017-01-03,11.260215759277344,11.280517094430339,11.124877397007802,11.165478776619207,9535500,0.02023306939217484,ABEV3.SA,663,1400,55.470001220703125,52.33000183105469,1.0
2017-01-04,11.17224407196045,11.273748149833782,11.118108477715046,11.273748149833782,9426500,-0.0078126111610618,ABEV3.SA,662,1399,56.459999084472656,53.2599983215332,1.0
2017-01-05,11.233148574829102,11.334652668949433,11.151944525116086,11.179012971918619,11555800,0.005451411773352399,ABEV3.SA,661,1398,56.88999938964844,53.7599983215332,1.0
2017-01-06,11.138409614562988,11.260215036270788,11.070741083120437,11.226380770549513,7863200,-0.008433874050094992,ABEV3.SA,660,1397,57.099998474121094,53.9900016784668,1.0
2017-01-09,11.185778617858887,11.327884072867242,11.077507426225546,11.138408842161688,8753100,0.004252761833607233,ABEV3.SA,657,1394,54.939998626708984,51.959999084472656,1.0
2017-01-10,11.057205200195312,11.280514676229114,11.036903869394308,11.246680415588417,7887800,-0.011494364590614925,ABEV3.SA,656,1393,53.63999938964844,50.81999969482422,1.0
2017-01-11,11.104575157165527,11.158710755801836,10.9421683612566,11.124876490664573,9694800,0.0042840804807871,ABEV3.SA,655,1392,55.099998474121094,52.25,1.0
2017-01-12,11.456454277038574,11.517356971336486,11.199309280959804,11.239911937621182,18340400,0.03168776066556567,ABEV3.SA,654,1391,56.0099983215332,53.0099983215332,1.0
2017-01-13,11.578262329101562,11.591795260407656,11.348185717870146,11.564728107101022,10099300,0.010632264496277966,ABEV3.SA,653,1390,55.45000076293945,52.369998931884766,1.0
2017-01-16,11.537660598754883,11.639165981296152,11.43615650690817,11.598563312001822,8201000,-0.003506720541702424,ABEV3.SA,650,1387,55.45000076293945,52.369998931884766,1.0
2017-01-17,11.639166831970215,11.639166831970215,11.368487513003046,11.490292948399341,18257800,0.008797817577185896,ABEV3.SA,649,1386,55.470001220703125,52.47999954223633,1.0
2017-01-18,11.679765701293945,11.869240925677117,11.537658960332976,11.65269725894162,18812200,0.0034881250445017997,ABEV3.SA,648,1385,53.91999816894531,51.08000183105469,1.0
2017-01-19,11.706830978393555,11.842170587095167,11.605326917214429,11.68653094057423,10832000,0.0023172791125947168,ABEV3.SA,647,1384,54.15999984741211,51.369998931884766,1.0
2017-01-20,11.740669250488281,11.842173335222725,11.618863832529161,11.842173335222725,9858700,0.002890472422227619,ABEV3.SA,646,1383,55.4900016784668,52.41999816894531,1.0
2017-01-23,11.733901977539062,11.774503352733834,11.618863672241838,11.713600644594454,6555000,-0.0005763958429317873,ABEV3.SA,643,1380,55.22999954223633,52.75,1.0
2017-01-24,11.754283905029297,11.856200702666557,11.638779324176195,11.740696121813455,11136000,0.0017370119103814474,ABEV3.SA,642,1379,55.439998626708984,53.18000030517578,1.0
2017-01-26,11.761079788208008,11.869789841909473,11.75428524786091,11.795052489943506,7789000,0.0005781622456646485,ABEV3.SA,640,1377,56.2400016784668,53.779998779296875,1.0
2017-01-27,11.767873764038086,11.815434248260194,11.564042747107338,11.754284683995769,13214700,0.0005776659926148842,ABEV3.SA,639,1376,55.52000045776367,53.16999816894531,1.0
2017-01-30,11.530071258544922,11.767875000569125,11.475716228590201,11.713519970614405,6124600,-0.020207771621401527,ABEV3.SA,636,1373,55.22999954223633,52.630001068115234,1.0
2017-01-31,11.686344146728516,11.720315557510217,11.489306335601134,11.502895418284314,7057100,0.013553505843928004,ABEV3.SA,635,1372,55.70000076293945,52.810001373291016,1.0
2017-02-01,11.767873764038086,11.842612408344827,11.706724199773662,11.733902359858295,10992500,0.006976486083750455,ABEV3.SA,634,1371,55.65999984741211,53.880001068115234,1.0
2017-02-02,11.659162521362305,11.781461637364671,11.625191120662032,11.71351754003826,6398900,-0.009237968120289985,ABEV3.SA,633,1370,56.560001373291016,53.540000915527344,1.0
2017-02-03,11.788257598876953,11.822229003675684,11.509687932564082,11.598014362596397,13562500,0.01107241427316219,ABEV3.SA,632,1369,56.810001373291016,53.83000183105469,1.0
2017-02-06,11.598014831542969,11.815434941268327,11.570837965790338,11.815434941268327,6596100,-0.016138327970717903,ABEV3.SA,629,1366,55.720001220703125,53.0099983215332,1.0
2017-02-07,11.564041137695312,11.72710618773072,11.564041137695312,11.618396154373782,9300200,-0.002929268011906516,ABEV3.SA,628,1365,55.04999923706055,52.16999816894531,1.0
2017-02-08,11.523276329040527,11.61839860019668,11.421360813304593,11.57083811258165,13096700,-0.0035251352160884375,ABEV3.SA,627,1364,55.119998931884766,52.34000015258789,1.0
2017-02-09,11.475715637207031,11.60480931266915,11.434949690823334,11.543659745130572,11002200,-0.0041273584417684805,ABEV3.SA,626,1363,55.630001068115234,53.0,1.0
2017-02-10,11.645575523376465,11.706725092302976,11.407773084135695,11.475715897675286,12688200,0.014801681353858731,ABEV3.SA,625,1362,56.70000076293945,53.86000061035156,1.0
2017-02-13,11.72031307220459,11.801846255088227,11.591219405941324,11.693134912601387,9005500,0.006417677570172753,ABEV3.SA,622,1359,55.59000015258789,52.93000030517578,1.0
2017-02-14,11.808640480041504,11.910557291094072,11.706724964915022,11.740697667241239,10668300,0.007536266931843949,ABEV3.SA,621,1358,55.970001220703125,53.20000076293945,1.0
2017-02-15,12.243480682373047,12.284246624856792,11.8629942327716,11.890172391711396,18161900,0.03682390052152851,ABEV3.SA,620,1357,55.75,53.11000061035156,1.0
2017-02-16,12.209507942199707,12.270657503680459,12.127976057509333,12.15515292043081,12169400,-0.0027747616102543615,ABEV3.SA,619,1356,55.650001525878906,53.36000061035156,1.0
2017-02-17,12.161949157714844,12.236687809051372,12.094005047038557,12.195921861016048,7025800,-0.0038952253203002885,ABEV3.SA,618,1355,55.810001373291016,53.400001525878906,1.0
2017-02-20,12.12118148803711,12.236686071003168,12.080415545792013,12.21630245191765,3507600,-0.0033520671028191007,ABEV3.SA,615,1352,55.810001373291016,53.400001525878906,1.0
2017-02-21,12.277451515197754,12.297835133456383,12.127975535745454,12.182330555175916,8323600,0.012892309822674752,ABEV3.SA,614,1351,56.65999984741211,54.060001373291016,1.0
2017-02-22,12.420134544372559,12.501666427480123,12.304629963365244,12.311424502945194,11232800,0.011621551019621812,ABEV3.SA,613,1350,55.84000015258789,53.59000015258789,1.0
2017-02-23,12.318218231201172,12.63076058454478,12.304630447432642,12.440517356599717,10925500,-0.008205733424809347,ABEV3.SA,612,1349,56.58000183105469,54.45000076293945,1.0
2017-02-24,12.12118148803711,12.29104109263861,12.087210085487186,12.229891531307995,12946300,-0.015995555482608892,ABEV3.SA,611,1348,55.9900016784668,53.9900016784668,1.0
2017-03-01,12.168743133544922,12.338602754388292,12.107593566367225,12.223098160377758,8762400,0.003923845670882331,ABEV3.SA,606,1343,55.599998474121094,53.83000183105469,1.0
2017-03-02,11.693135261535645,11.869789416450068,11.652369316840321,11.754284826541639,19515700,-0.03908438749916532,ABEV3.SA,605,1342,55.08000183105469,52.61000061035156,1.0
2017-03-03,11.81543254852295,11.849405243741518,11.604807021871082,11.733900671850014,12016300,0.010458896117416794,ABEV3.SA,604,1341,55.900001525878906,53.33000183105469,1.0
2017-03-06,11.72031307220459,11.80863949906305,11.557248002363297,11.781462635385823,11989900,-0.008050443851947753,ABEV3.SA,601,1338,56.0099983215332,53.20000076293945,1.0
2017-03-07,11.428154945373535,11.699930076264941,11.428154945373535,11.686342291664907,17651100,-0.02492750193882831,ABEV3.SA,600,1337,55.91999816894531,53.13999938964844,1.0
2017-03-08,11.631986618041992,11.706723964923416,11.380593826006363,11.434948849159204,21297600,0.017835921340126237,ABEV3.SA,599,1336,53.11000061035156,50.279998779296875,1.0
2017-03-09,11.754283905029297,11.80863892567041,11.59121884310596,11.618397001389473,13084700,0.010513877895768298,ABEV3.SA,598,1335,52.189998626708984,49.279998779296875,1.0
2017-03-10,11.754283905029297,11.869788485882399,11.72031250310082,11.788256602883688,12386500,0.0,ABEV3.SA,597,1334,51.369998931884766,48.4900016784668,1.0
2017-03-13,11.795052528381348,11.883378961329353,11.754285286165898,11.788257988012106,6258700,0.0034684055346498877,ABEV3.SA,594,1331,51.349998474121094,48.400001525878906,1.0
2017-03-14,11.618396759033203,11.829022297633188,11.618396759033203,11.761078199267613,7321400,-0.014977107471380369,ABEV3.SA,593,1330,50.91999816894531,47.720001220703125,1.0
2017-03-15,11.754283905029297,11.78146206331281,11.557247441177484,11.557247441177484,12800100,0.011695860350994014,ABEV3.SA,592,1329,51.810001373291016,48.86000061035156,1.0
2017-03-16,11.74069595336914,11.815433295724713,11.638779157194085,11.761078275863435,5855300,-0.0011559999545648347,ABEV3.SA,591,1328,51.7400016784668,48.75,1.0
2017-03-17,11.693135261535645,11.862994876346512,11.618397912248554,11.781462986955864,17182600,-0.004050926113953968,ABEV3.SA,590,1327,51.7599983215332,48.779998779296875,1.0
2017-03-20,11.985295295715332,12.080417571472195,11.631988243804352,11.788258795219416,14252900,0.024985602889649572,ABEV3.SA,587,1324,51.619998931884766,48.220001220703125,1.0
2017-03-21,11.835817337036133,12.026060561310903,11.808639178171475,12.026060561310903,10175600,-0.012471779375568426,ABEV3.SA,586,1323,50.959999084472656,47.34000015258789,1.0
2017-03-22,11.761079788208008,11.869789841909473,11.652369734506543,11.801847030290604,8537200,-0.0063145236784163394,ABEV3.SA,585,1322,50.63999938964844,48.040000915527344,1.0
2017-03-23,11.849406242370605,11.951321744763787,11.638779402041983,11.679546639739995,9162800,0.00751006334054094,ABEV3.SA,584,1321,50.560001373291016,47.70000076293945,1.0
2017-03-24,11.978499412536621,11.978499412536621,11.835817958779844,11.84261249885293,7812100,0.010894484291070095,ABEV3.SA,583,1320,50.79999923706055,47.970001220703125,1.0
2017-03-27,12.08720874786377,12.11438560771101,11.890171006286637,11.910554623116415,8736700,0.009075371762624407,ABEV3.SA,580,1317,50.75,47.72999954223633,1.0
2017-03-28,12.189127922058105,12.189127922058105,12.019268284945525,12.060034234993212,9862500,0.008431985938221587,ABEV3.SA,579,1316,51.33000183105469,48.369998931884766,1.0
2017-03-29,12.352190971374512,12.352190971374512,12.148358663059417,12.189125902278018,9521200,0.013377745344793635,ABEV3.SA,578,1315,52.41999816894531,49.5099983215332,1.0
2017-03-30,12.413341522216797,12.454107468753865,12.277453305858469,12.345397414037633,9191600,0.004950583340558534,ABEV3.SA,577,1314,52.959999084472656,50.349998474121094,1.0
2017-03-31,12.392958641052246,12.481286375737627,12.345398151264497,12.379369559419704,12291400,-0.0016420140481973045,ABEV3.SA,576,1313,52.83000183105469,50.599998474121094,1.0
2017-04-03,12.229893684387207,12.392958778001232,12.229893684387207,12.365781910361976,13499300,-0.013157871448459368,ABEV3.SA,573,1310,53.119998931884766,50.2400016784668,1.0
2017-04-04,12.304630279541016,12.304630279541016,12.148358457038492,12.236686177921564,5538800,0.0061109766840588,ABEV3.SA,572,1309,54.16999816894531,51.029998779296875,1.0
2017-04-05,12.148358345031738,12.352190648010778,12.100797863114412,12.284246547017764,8734100,-0.012700254372462694,ABEV3.SA,571,1308,54.36000061035156,51.150001525878906,1.0
2017-04-06,12.216302871704102,12.263863355278682,12.073621420980356,12.148358768343563,9731500,0.005592897800891006,ABEV3.SA,570,1307,54.88999938964844,51.70000076293945,1.0
2017-04-07,12.26386547088623,12.31822050376611,12.175539028428755,12.229894061308634,8071400,0.0038933709880666356,ABEV3.SA,569,1306,55.2400016784668,52.2400016784668,1.0
2017-04-10,12.229893684387207,12.325014665013846,12.16874411229118,12.297837797374592,15477000,-0.0027700716857723684,ABEV3.SA,566,1303,55.97999954223633,53.08000183105469,1.0
2017-04-11,11.97170639038086,12.27065838358405,11.822229097853228,12.229892438315622,24885700,-0.021111164223443057,ABEV3.SA,565,1302,56.22999954223633,53.400001525878906,1.0
2017-04-12,12.005677223205566,12.107592729481905,11.930938580504131,11.99208814345513,19716200,0.002837593214949141,ABEV3.SA,564,1301,55.86000061035156,53.11000061035156,1.0
2017-04-13,12.066827774047852,12.168743288667846,11.890173610607695,11.937734097701952,15008500,0.0050934695065838476,ABEV3.SA,563,1300,55.88999938964844,53.18000030517578,1.0
2017-04-17,12.270657539367676,12.325012561294656,12.039648372196526,12.094003394123506,11646300,0.01689174397252957,ABEV3.SA,559,1296,55.36000061035156,52.650001525878906,1.0
2017-04-18,12.338602066040039,12.392957089840507,12.236686558404912,12.236686558404912,11850500,0.005537154504913655,ABEV3.SA,558,1295,54.88999938964844,52.40999984741211,1.0
2017-04-19,12.297836303710938,12.358985868379898,12.223097658909762,12.345396788247683,24670100,-0.003303920663857207,ABEV3.SA,557,1294,52.93000030517578,50.439998626708984,1.0
2017-04-20,12.216302871704102,12.35898561835383,12.175536928058172,12.223097411632754,11200800,-0.006629900577082237,ABEV3.SA,556,1293,52.9900016784668,50.27000045776367,1.0
2017-04-24,12.250275611877441,12.352191119292446,12.20271383221952,12.33180749943905,9175400,0.0027809346682152736,ABEV3.SA,552,1289,51.599998474121094,49.22999954223633,1.0
2017-04-25,12.447311401367188,12.50166642205729,12.209507699875761,12.250274937337776,12074400,0.01608419236696257,ABEV3.SA,551,1288,52.099998474121094,49.560001373291016,1.0
2017-04-26,12.372574806213379,12.440518917283601,12.29783745036965,12.433724376583966,8025000,-0.006004235994738538,ABEV3.SA,550,1287,51.81999969482422,49.619998931884766,1.0
2017-04-27,12.3657808303833,12.392957695649034,12.23668715657442,12.37936861505314,12905300,-0.000549115760986596,ABEV3.SA,549,1286,51.439998626708984,48.970001220703125,1.0
2017-04-28,12.406545639038086,12.50166660263827,12.311424675437902,12.36577969691314,10489400,0.0032965818506685007,ABEV3.SA,548,1285,51.72999954223633,49.33000183105469,1.0
2017-05-02,12.617171287536621,12.657937229992008,12.413340279333738,12.481284380710013,11291100,0.016976977687954253,ABEV3.SA,544,1281,50.459999084472656,47.65999984741211,1.0
2017-05-03,12.610380172729492,12.657940667832321,12.460904145845419,12.617174714305081,9659800,-0.0005382438466090544,ABEV3.SA,543,1280,50.790000915527344,47.81999969482422,1.0
2017-05-04,12.929715156555176,13.065602079367586,12.549228662457793,12.637556393415652,35564100,0.025323184507653362,ABEV3.SA,542,1279,48.380001068115234,45.52000045776367,1.0
2017-05-05,12.841387748718262,12.929715481898665,12.814210881842381,12.868565911520273,8540800,-0.006831349860954461,ABEV3.SA,541,1278,49.099998474121094,46.220001220703125,1.0
2017-05-08,12.834590911865234,12.861769069804978,12.753059029897798,12.800619510366452,9409800,-0.0005292914586825237,ABEV3.SA,538,1275,49.34000015258789,46.43000030517578,1.0
2017-05-09,12.875358581542969,12.950095926537548,12.773441781769186,12.868564041829654,11333100,0.003176390268897933,ABEV3.SA,537,1274,48.72999954223633,45.880001068115234,1.0
2017-05-10,13.03842544555664,13.079191393534318,12.868565817069182,12.90933176504686,11358800,0.012665034762405103,ABEV3.SA,536,1273,50.220001220703125,47.33000183105469,1.0
2017-05-11,13.269433975219727,13.303405380834675,12.99086430221376,13.011246627212307,22824200,0.01771751739714955,ABEV3.SA,535,1272,50.77000045776367,47.83000183105469,1.0
2017-05-12,13.378141403198242,13.446085497021995,13.23545867657578,13.296608231424576,10667500,0.00819231838988177,ABEV3.SA,534,1271,50.84000015258789,47.84000015258789,1.0
2017-05-15,13.412114143371582,13.486852783644228,13.235460000134559,13.384937280679848,10826700,0.0025394215197349634,ABEV3.SA,531,1268,51.81999969482422,48.849998474121094,1.0
2017-05-16,13.466469764709473,13.49364792453812,13.323788313387041,13.371348797161184,13418200,0.00405272582359828,ABEV3.SA,530,1267,51.650001525878906,48.65999984741211,-1.0
2017-05-17,13.3441743850708,13.534417669523576,13.255847932673012,13.364558010667068,12218500,-0.00908147285632066,ABEV3.SA,529,1266,52.209999084472656,49.06999969482422,1.0
2017-05-18,12.773444175720215,13.052013876544907,12.263865265051704,12.39975349293378,47330400,-0.04276999032544926,ABEV3.SA,528,1265,52.5099983215332,49.349998474121094,1.0
2017-05-19,12.651144981384277,12.902536491548366,12.501667687412718,12.691910927046498,27409800,-0.009574488497660183,ABEV3.SA,527,1264,53.61000061035156,50.33000183105469,1.0
2017-05-22,12.617171287536621,12.793825432744558,12.528844862895623,12.528844862895623,25852800,-0.002685424433728878,ABEV3.SA,524,1261,53.869998931884766,50.72999954223633,1.0
2017-05-23,12.834590911865234,12.89574047130376,12.617170832050874,12.617170832050874,16500500,0.017232041903352924,ABEV3.SA,523,1260,54.150001525878906,51.470001220703125,1.0
2017-05-24,12.814208030700684,13.0044499442817,12.800618952323228,12.963684005075173,10225100,-0.001588120829445927,ABEV3.SA,522,1259,53.959999084472656,51.36000061035156,1.0
2017-05-25,12.854976654052734,12.936509845415925,12.75306113679333,12.88215352055639,8864900,0.0031815172076476994,ABEV3.SA,521,1258,51.459999084472656,48.900001525878906,1.0
2017-05-26,12.929715156555176,12.963686563276754,12.793826937816668,12.90933153496657,11820600,0.00581397419176799,ABEV3.SA,520,1257,52.150001525878906,49.79999923706055,1.0
2017-05-29,12.929715156555176,12.929715156555176,12.929715156555176,12.929715156555176,0,0.0,ABEV3.SA,517,1254,52.150001525878906,49.79999923706055,1.0
2017-05-30,12.766650199890137,12.868565717004905,12.766650199890135,12.848182095211508,9445200,-0.012611643388166005,ABEV3.SA,516,1253,51.84000015258789,49.65999984741211,1.0
2017-05-31,12.71229362487793,12.827798220914696,12.651145352553604,12.780237733592395,15346500,-0.004257700662361308,ABEV3.SA,515,1252,50.310001373291016,48.31999969482422,1.0
2017-06-01,12.603582382202148,12.793825609498855,12.589994598479928,12.719086967359798,17828200,-0.00855166234227267,ABEV3.SA,514,1251,50.33000183105469,48.36000061035156,1.0
2017-06-02,12.617171287536621,12.746264950558949,12.440517142328682,12.64434944645751,27939700,0.0010781780070452385,ABEV3.SA,513,1250,49.95000076293945,47.65999984741211,1.0
2017-06-05,12.848179817199707,12.895740297025611,12.569610181711523,12.583199260497747,16514200,0.01830905869458066,ABEV3.SA,510,1247,49.470001220703125,47.400001525878906,1.0
2017-06-06,12.956892967224121,13.031631622570893,12.807416952456768,12.814211493481583,15896400,0.008461365856576863,ABEV3.SA,509,1246,50.119998931884766,48.189998626708984,1.0
2017-06-07,12.800619125366211,13.05201059911833,12.732675028486282,13.011244659360715,12376100,-0.012061058330359087,ABEV3.SA,508,1245,48.060001373291016,45.720001220703125,1.0
2017-06-08,12.589996337890625,12.766650509945359,12.589996337890625,12.725883265368477,13847400,-0.016454109399927974,ABEV3.SA,507,1244,47.86000061035156,45.63999938964844,1.0
2017-06-09,12.304630279541016,12.685115434313612,12.216302558657944,12.651144031466862,19905900,-0.022666095421392418,ABEV3.SA,506,1243,48.150001525878906,45.83000183105469,1.0
2017-06-12,12.284248352050781,12.365781544407975,12.182332833548884,12.270659270670228,14460500,-0.0016564437148610667,ABEV3.SA,503,1240,48.290000915527344,46.08000183105469,1.0
2017-06-13,12.494873046875,12.515256667505554,12.304631104693984,12.304631104693984,13088100,0.0171459163628076,ABEV3.SA,502,1239,48.720001220703125,46.459999084472656,1.0
2017-06-14,12.352190971374512,12.5628165236334,12.229891845570648,12.474490097178373,25729100,-0.011419249716680624,ABEV3.SA,501,1238,47.0,44.72999954223633,1.0
2017-06-15,12.352190971374512,12.352190971374512,12.352190971374512,12.352190971374512,0,0.0,ABEV3.SA,500,1237,46.91999816894531,44.459999084472656,1.0
2017-06-16,12.080416679382324,12.379368678467053,12.053238518051316,12.379368678467053,45495200,-0.022002112226244597,ABEV3.SA,499,1236,47.369998931884766,44.7400016784668,1.0
2017-06-19,12.141566276550293,12.223098168893317,11.998883521060906,12.121182655501505,18928600,0.005061878144678067,ABEV3.SA,496,1233,46.90999984741211,44.20000076293945,1.0
2017-06-20,12.277451515197754,12.41333971173685,12.10079737806728,12.155152397497742,22831800,0.011191738821201724,ABEV3.SA,495,1232,46.02000045776367,43.22999954223633,1.0
2017-06-21,12.318218231201172,12.413340493136689,12.223097265191624,12.284246827890897,11833200,0.003320454245162807,ABEV3.SA,494,1231,44.81999969482422,42.529998779296875,1.0
2017-06-22,12.3657808303833,12.447312722106554,12.297836723329887,12.338602669191514,7722900,0.003861158999574732,ABEV3.SA,493,1230,45.220001220703125,42.7400016784668,1.0
2017-06-23,12.392958641052246,12.440519130839997,12.30463220229302,12.433724590023724,4632600,0.0021978240631734813,ABEV3.SA,492,1229,45.540000915527344,43.0099983215332,1.0
2017-06-26,12.523194313049316,12.605447728686899,12.454648928421683,12.495775636240475,7566700,0.010508844237215431,ABEV3.SA,489,1226,45.83000183105469,43.380001068115234,1.0
2017-06-27,12.536904335021973,12.584885714659135,12.37924954956403,12.523194995870057,23318500,0.0010947703620929339,ABEV3.SA,488,1225,46.650001525878906,44.2400016784668,1.0
2017-06-28,12.543755531311035,12.619155576232929,12.434083451821541,12.591738210057713,8752100,0.0005464822978606954,ABEV3.SA,487,1224,47.310001373291016,44.7400016784668,1.0
2017-06-29,12.509486198425293,12.584886259631388,12.406668765122635,12.543758240394647,6348800,-0.0027319834797642217,ABEV3.SA,486,1223,47.41999816894531,44.93000030517578,1.0
2017-06-30,12.55061149597168,12.62601154868114,12.509484788763999,12.52319412696471,6962800,0.0032875289115841255,ABEV3.SA,485,1222,47.91999816894531,46.040000915527344,1.0
2017-07-03,12.530048370361328,12.639720457452045,12.475212326815969,12.584884413906687,5363900,-0.0016384162331015695,ABEV3.SA,482,1219,49.68000030517578,47.06999969482422,1.0
2017-07-04,12.502629280090332,12.550610653176337,12.468357244284432,12.468357244284432,2688500,-0.002188266913306869,ABEV3.SA,481,1218,49.68000030517578,47.06999969482422,1.0
2017-07-05,12.488919258117676,12.59859133555713,12.427228551133698,12.488919258117676,9175800,-0.001096571102407129,ABEV3.SA,480,1217,47.790000915527344,45.130001068115234,1.0
2017-07-06,12.187323570251465,12.502630514457516,12.146195554350639,12.488921175823908,19322100,-0.02414906219128421,ABEV3.SA,479,1216,48.11000061035156,45.52000045776367,1.0
2017-07-07,12.351831436157227,12.447794189663005,12.221595336831912,12.24901401348754,14318800,0.013498276710016688,ABEV3.SA,478,1215,46.709999084472656,44.22999954223633,1.0
2017-07-10,12.55061149597168,12.598592872279717,12.338121983438464,12.37239402154579,10145800,0.016093164875337296,ABEV3.SA,475,1212,46.880001068115234,44.400001525878906,1.0
2017-07-11,12.694555282592773,12.769954018109479,12.488919158488525,12.550609864980371,10168100,0.011469065604277073,ABEV3.SA,474,1211,47.52000045776367,45.040000915527344,1.0
2017-07-12,12.783663749694824,12.865918463358021,12.667137001318647,12.749391714981845,13173900,0.007019424085240589,ABEV3.SA,473,1210,47.7400016784668,45.4900016784668,1.0
2017-07-13,12.804226875305176,12.859062911515283,12.715117499342359,12.8453535756142,6512600,0.001608547128036264,ABEV3.SA,472,1209,48.41999816894531,46.08000183105469,1.0
2017-07-14,12.85221004486084,12.90704608875647,12.790519332053956,12.811083338787721,5519500,0.0037474476220198394,ABEV3.SA,471,1208,48.90999984741211,46.540000915527344,1.0
2017-07-17,12.913900375366211,12.968736417638482,12.824790989552287,12.886481700532888,10153300,0.004799978392046267,ABEV3.SA,468,1205,48.41999816894531,46.02000045776367,1.0
2017-07-18,12.85221004486084,12.941318125918334,12.7836646631427,12.941318125918334,6024000,-0.0047770486616923735,ABEV3.SA,467,1204,48.84000015258789,46.400001525878906,1.0
2017-07-19,12.900191307067871,12.941318012781448,12.790519220235398,12.941318012781448,10751400,0.0037333082823538533,ABEV3.SA,466,1203,49.70000076293945,47.119998931884766,1.0
2017-07-20,12.872775077819824,12.94817382706564,12.82479239161583,12.859065738904398,7844500,-0.002125257571414907,ABEV3.SA,465,1202,49.29999923706055,46.790000915527344,1.0
2017-07-21,12.893336296081543,12.920754970759285,12.790518880828742,12.838500254120424,3845600,0.0015972638485035606,ABEV3.SA,464,1201,48.060001373291016,45.77000045776367,1.0
2017-07-24,12.900191307067871,12.968736688186766,12.859064601354293,12.900191307067871,4274500,0.0005316708436753359,ABEV3.SA,461,1198,48.599998474121094,46.34000015258789,1.0
2017-07-25,12.941319465637207,13.016719524072212,12.913902094548282,12.941319465637207,13671700,0.003188182065703371,ABEV3.SA,460,1197,50.20000076293945,47.88999938964844,1.0
2017-07-26,12.907045364379883,12.989300079304188,12.852209323561793,12.92075470143299,6330200,-0.0026484240149029503,ABEV3.SA,459,1196,50.970001220703125,48.75,1.0
2017-07-27,13.098974227905273,13.30460908657287,12.941319441705932,12.941319441705932,19358200,0.014870085143968259,ABEV3.SA,458,1195,51.4900016784668,49.040000915527344,1.0
2017-07-28,13.092120170593262,13.174373594949335,12.968738726664546,12.996156098985033,10988300,-0.0005232514541031463,ABEV3.SA,457,1194,52.52000045776367,49.709999084472656,1.0
2017-07-31,13.12639045715332,13.277190560627224,13.071554412452201,13.08526375047609,15242400,0.0026176269476225755,ABEV3.SA,454,1191,52.650001525878906,50.16999816894531,1.0
2017-08-01,13.18808364868164,13.229210363085878,13.085266208973707,13.133247593677764,8865400,0.004699935730976268,ABEV3.SA,453,1190,52.630001068115234,49.15999984741211,1.0
2017-08-02,13.297755241394043,13.318319251493541,13.119537742715607,13.140101752815106,14957200,0.00831596125972145,ABEV3.SA,452,1189,52.36000061035156,49.59000015258789,1.0
2017-08-03,13.201789855957031,13.297752602589263,13.18122584993825,13.277189903964851,9970100,-0.0072166605336729805,ABEV3.SA,451,1188,52.0099983215332,49.029998779296875,1.0
2017-08-04,13.201789855957031,13.236061891927294,13.092117771978947,13.215499193302882,8045200,0.0,ABEV3.SA,450,1187,52.41999816894531,49.58000183105469,1.0
2017-08-07,13.263480186462402,13.31831622687974,13.133244100198354,13.19493480909215,11358100,0.00467287626742019,ABEV3.SA,447,1184,52.369998931884766,49.38999938964844,1.0
2017-08-08,13.290899276733398,13.407426041157436,13.22235519786767,13.236063229204115,9884300,0.0020672621277018077,ABEV3.SA,446,1183,52.13999938964844,49.16999816894531,1.0
2017-08-09,13.31146240234375,13.332026409076875,13.174371638911753,13.22235432128904,4751100,0.0015471583361066354,ABEV3.SA,445,1182,52.70000076293945,49.560001373291016,1.0
2017-08-10,13.297755241394043,13.332028591559874,13.174373795586309,13.277192538689173,10295700,-0.0010297261514478073,ABEV3.SA,444,1181,51.900001525878906,48.59000015258789,1.0
2017-08-11,13.38000774383545,13.421134449783644,13.304607693435084,13.393717081616318,11513400,0.0061854426516563255,ABEV3.SA,443,1180,52.099998474121094,48.81999969482422,1.0
2017-08-14,13.510241508483887,13.592496221551894,13.338878721370326,13.366297394857765,14955300,0.009733459587005111,ABEV3.SA,440,1177,50.72999954223633,47.59000015258789,1.0
2017-08-15,13.5582275390625,13.640480965071557,13.49653681585839,13.544518198929445,11605500,0.0035518262607281414,ABEV3.SA,439,1176,50.79999923706055,47.54999923706055,1.0
2017-08-16,13.578791618347168,13.64733701856624,13.503392854761477,13.613064972154088,14771800,0.0015167232756214677,ABEV3.SA,438,1175,50.27000045776367,46.779998779296875,1.0
2017-08-17,13.565080642700195,13.606207350955614,13.489680588069858,13.537661965600261,5673300,-0.0010097345943836933,ABEV3.SA,437,1174,51.029998779296875,47.09000015258789,1.0
2017-08-18,13.544515609741211,13.592496983640082,13.469115560817622,13.585642314883902,13220100,-0.0015160273278619352,ABEV3.SA,436,1173,52.720001220703125,48.5099983215332,1.0
2017-08-21,13.530805587768555,13.578786959240272,13.489678884706272,13.544514924587423,13183900,-0.0010122194375704607,ABEV3.SA,433,1170,51.65999984741211,47.369998931884766,1.0
2017-08-22,13.537662506103516,13.688461313990485,13.455407778914102,13.606207894195606,17661900,0.0005067634953797029,ABEV3.SA,432,1169,51.869998931884766,47.63999938964844,1.0
2017-08-23,13.599349975585938,13.640476675657675,13.448551203726751,13.496532571709482,8926700,0.00455672974966026,ABEV3.SA,431,1168,52.56999969482422,48.40999984741211,1.0
2017-08-24,13.57193374633789,13.64733379953354,13.530807038865019,13.619916430349777,13754800,-0.0020159955657634843,ABEV3.SA,430,1167,52.040000915527344,47.43000030517578,1.0
2017-08-25,13.606207847595215,13.640479887826613,13.551371798788262,13.551371798788262,6472500,0.002525366089896508,ABEV3.SA,429,1166,52.40999984741211,47.869998931884766,1.0
2017-08-28,13.606207847595215,13.640479887826613,13.53766245973789,13.606207847595217,4165300,0.0,ABEV3.SA,426,1163,51.88999938964844,46.56999969482422,1.0
2017-08-29,13.64047908782959,13.654188426075926,13.571933703992366,13.578788373115533,4590700,0.002518794407541769,ABEV3.SA,425,1162,52.0,46.439998626708984,1.0
2017-08-30,13.62677001953125,13.709024743244287,13.530807264694774,13.681606066208447,8532700,-0.0010050283578801888,ABEV3.SA,424,1161,50.86000061035156,45.959999084472656,1.0
2017-08-31,13.613059043884277,13.647331075371508,13.551368341291903,13.551368341291903,11193000,-0.0010061794267696156,ABEV3.SA,423,1160,52.380001068115234,47.22999954223633,1.0
2017-09-01,13.544515609741211,13.681605062681644,13.544515609741211,13.66104236380749,17630300,-0.005035123547330822,ABEV3.SA,422,1159,52.31999969482422,47.290000915527344,1.0
2017-09-04,13.523950576782227,13.578786615274318,13.434842504505433,13.544514581489617,12235200,-0.0015183291563556356,ABEV3.SA,419,1156,52.31999969482422,47.290000915527344,1.0
2017-09-05,13.585641860961914,13.667896575893396,13.510241814557585,13.64047790178479,18386200,0.004561631886291995,ABEV3.SA,418,1155,53.380001068115234,48.65999984741211,1.0
2017-09-06,13.798131942749023,13.894095998817468,13.633623813281625,13.661042488556722,20127000,0.015640783406612124,ABEV3.SA,417,1154,54.20000076293945,49.15999984741211,1.0
2017-09-07,13.798131942749023,13.798131942749023,13.798131942749023,13.798131942749023,0,0.0,ABEV3.SA,416,1153,54.4900016784668,49.09000015258789,1.0
2017-09-08,13.777567863464355,13.96263998084774,13.633622447479192,13.948930644583578,14593900,-0.0014903524165439386,ABEV3.SA,415,1152,53.779998779296875,47.47999954223633,1.0
2017-09-11,13.887240409851074,13.983203152166777,13.798131028505656,13.81869503359944,11151500,0.007960225452966263,ABEV3.SA,412,1149,53.84000015258789,48.06999969482422,1.0
2017-09-12,14.40132999420166,14.53841945095791,13.942077633909664,13.97634967125012,28439700,0.037018843857985706,ABEV3.SA,411,1148,54.27000045776367,48.22999954223633,1.0
2017-09-13,14.517857551574707,14.613820307331926,14.346494740639962,14.394476118518572,11039100,0.008091444152725114,ABEV3.SA,410,1147,55.15999984741211,49.29999923706055,1.0
2017-09-14,14.524711608886719,14.641238367708157,14.421894188137081,14.517856939850818,8081100,0.0004721121754820423,ABEV3.SA,409,1146,55.470001220703125,49.88999938964844,1.0
2017-09-15,14.709783554077148,14.709783554077148,14.456167317569356,14.620675464670379,26245400,0.01274186711405667,ABEV3.SA,408,1145,55.619998931884766,49.88999938964844,1.0
2017-09-18,14.531566619873047,14.716637458619623,14.476730573689899,14.682365420028082,13922900,-0.012115537495771322,ABEV3.SA,405,1142,55.47999954223633,49.90999984741211,1.0
2017-09-19,14.668655395507812,14.723491439126004,14.511001933529808,14.531565940159533,10078900,0.009433860726845822,ABEV3.SA,404,1141,55.13999938964844,49.47999954223633,1.0
2017-09-20,14.723490715026855,14.723490715026855,14.531565225499254,14.641237307341981,17051700,0.0037382648948065533,ABEV3.SA,403,1140,56.290000915527344,50.40999984741211,1.0
2017-09-21,14.64123821258545,14.874291727759143,14.579547499310387,14.737200963282467,9042900,-0.005586481088853401,ABEV3.SA,402,1139,56.43000030517578,50.54999923706055,1.0
2017-09-22,14.750907897949219,14.81945326901995,14.641235827193732,14.65494385549251,12365600,0.007490465203243479,ABEV3.SA,401,1138,56.86000061035156,50.65999984741211,1.0
2017-09-25,14.737197875976562,14.79203390880071,14.641235145382844,14.750907211031137,8295000,-0.0009294358060877306,ABEV3.SA,398,1135,59.02000045776367,52.220001220703125,1.0
2017-09-26,14.517857551574707,14.805747126240858,14.469876173696097,14.805747126240858,24397700,-0.014883448417246758,ABEV3.SA,397,1134,58.439998626708984,51.880001068115234,1.0
2017-09-27,14.463022232055664,14.586403671319545,14.277950073159847,14.579549001649934,13320700,-0.0037770944730818323,ABEV3.SA,396,1133,57.900001525878906,52.13999938964844,1.0
2017-09-28,14.435602188110352,14.538419608641298,14.415039488440822,14.517856908971769,10429400,-0.001895872349870209,ABEV3.SA,395,1132,57.40999984741211,51.560001373291016,1.0
2017-09-29,14.421893119812012,14.524710532945281,14.277947695509958,14.476729160642712,13225300,-0.0009496706905397501,ABEV3.SA,394,1131,57.540000915527344,51.66999816894531,1.0
2017-10-02,14.188840866088867,14.339639664774149,14.038040760009128,14.339639664774149,17620100,-0.016159615924693727,ABEV3.SA,391,1128,56.119998931884766,50.58000183105469,1.0
2017-10-03,14.682366371154785,14.74405709053147,14.113441864876664,14.175132584253351,20186000,0.03478265136128478,ABEV3.SA,390,1127,56.0,50.41999816894531,1.0
2017-10-04,14.531566619873047,14.737201466211229,14.449311896901092,14.64809338143654,13302000,-0.010270806998659454,ABEV3.SA,389,1126,55.79999923706055,49.97999954223633,1.0
2017-10-05,14.552125930786133,14.771470064432057,14.524708567777475,14.634380634600436,17195000,0.0014148034723915348,ABEV3.SA,388,1125,57.0,50.790000915527344,1.0
2017-10-06,14.442455291748047,14.483581994023913,14.319073877526156,14.469873964861486,7564200,-0.007536399805754157,ABEV3.SA,387,1124,55.619998931884766,49.290000915527344,1.0
2017-10-09,14.442455291748047,14.531564671972431,14.305365848363728,14.367055248080382,5283100,0.0,ABEV3.SA,384,1121,55.790000915527344,49.58000183105469,1.0
2017-10-10,14.778326034545898,14.963398153894106,14.531564516142568,14.606963251607398,32801000,0.023255792454469848,ABEV3.SA,383,1120,56.61000061035156,50.91999816894531,1.0
2017-10-11,14.826308250427246,14.901708297587934,14.689218800692053,14.812600220629776,26552700,0.003246796407738284,ABEV3.SA,382,1119,56.939998626708984,51.29999923706055,1.0
2017-10-12,14.826308250427246,14.826308250427248,14.826308250427248,14.826308250427248,0,0.0,ABEV3.SA,381,1118,56.25,50.599998474121094,1.0
2017-10-13,15.169035911560059,15.559744230624776,14.949691716053605,14.977110394189179,26243900,0.023116183431768134,ABEV3.SA,380,1117,57.16999816894531,51.45000076293945,1.0
2017-10-16,15.025093078613281,15.251291963301291,14.915420971333923,15.251291963301291,13271300,-0.009489253884426563,ABEV3.SA,377,1114,57.81999969482422,51.869998931884766,1.0
2017-10-17,14.908564567565918,15.073072709355168,14.833164512306242,15.025091331424282,7051900,-0.007755593289017981,ABEV3.SA,376,1113,57.880001068115234,51.880001068115234,1.0
2017-10-18,14.929128646850586,15.038800741900449,14.860583260595797,14.942836678185943,14515700,0.0013793466964220347,ABEV3.SA,375,1112,58.150001525878906,52.040000915527344,1.0
2017-10-19,14.963404655456543,14.983968669006115,14.709787051257855,14.87429654486475,7696100,0.0022959148800145712,ABEV3.SA,374,1111,57.22999954223633,51.290000915527344,1.0
2017-10-20,14.75776481628418,15.018235697200469,14.70978213404159,14.963399653460492,11901300,-0.013742850902409787,ABEV3.SA,373,1110,57.75,51.470001220703125,1.0
2017-10-23,14.60011100769043,14.840019205118947,14.517857590362906,14.840019205118947,8081700,-0.010682770091293925,ABEV3.SA,370,1107,57.369998931884766,51.900001525878906,1.0
2017-10-24,14.61381721496582,14.696071922062513,14.558981179366095,14.696071922062513,11173800,0.0009387741824820051,ABEV3.SA,369,1106,58.33000183105469,52.470001220703125,1.0
2017-10-25,14.524711608886719,14.702929081636826,14.271094084136138,14.668655736457323,15875200,-0.006097353262900396,ABEV3.SA,368,1105,58.439998626708984,52.18000030517578,1.0
2017-10-26,14.421893119812012,14.600109271966032,14.291657032566219,14.586401242304113,11557100,-0.007078866131276507,ABEV3.SA,367,1104,59.29999923706055,52.63999938964844,1.0
2017-10-27,14.332786560058594,14.620676157985802,14.319077220301441,14.504149384839202,14504400,-0.0061785619275605,ABEV3.SA,366,1103,60.439998626708984,53.900001525878906,1.0
2017-10-30,14.36705493927002,14.387618943663089,14.154565456785358,14.30536554087934,17553000,0.0023909083602013936,ABEV3.SA,363,1100,60.900001525878906,54.150001525878906,1.0
2017-10-31,14.325928688049316,14.511000811219768,14.21625660929519,14.42874609845702,14383100,-0.0028625387314620276,ABEV3.SA,362,1099,61.369998931884766,54.380001068115234,1.0
2017-11-01,14.21626091003418,14.545277245831405,14.21626091003418,14.39447841877302,16742000,-0.00765519502457257,ABEV3.SA,361,1098,61.290000915527344,54.29999923706055,1.0
2017-11-02,14.21626091003418,14.21626091003418,14.21626091003418,14.21626091003418,0,0.0,ABEV3.SA,360,1097,60.619998931884766,54.540000915527344,1.0
2017-11-03,14.120292663574219,14.243674068503754,14.003765926406789,14.216255397455326,20765200,-0.00675059687405033,ABEV3.SA,359,1096,62.06999969482422,55.63999938964844,1.0
2017-11-06,14.079166412353516,14.216255849774855,13.976347700044718,14.15456514534727,12867100,-0.002912563655765865,ABEV3.SA,356,1093,64.2699966430664,57.349998474121094,1.0
2017-11-07,13.846114158630371,14.07231299246192,13.77756878014322,14.00376761397477,17643000,-0.016552986654000845,ABEV3.SA,355,1092,63.689998626708984,57.20000076293945,1.0
2017-11-08,13.894097328186035,13.990060086041671,13.613062416699222,13.811842601885116,19153700,0.003465461067700071,ABEV3.SA,354,1091,63.4900016784668,56.810001373291016,1.0
2017-11-09,13.859823226928711,13.96264195606082,13.757005805191053,13.942077948755507,12872400,-0.002466810217875426,ABEV3.SA,353,1090,63.93000030517578,57.16999816894531,1.0
2017-11-10,13.852968215942383,13.962641611469575,13.674752053272437,13.928368266806572,15202100,-0.0004945958454224408,ABEV3.SA,352,1089,63.52000045776367,56.7400016784668,1.0
2017-11-13,13.859823226928711,13.942077948755507,13.702169759771339,13.84611519611962,9161800,0.0004948405915230492,ABEV3.SA,349,1086,63.15999984741211,56.7599983215332,1.0
2017-11-14,13.846114158630371,13.97634893962217,13.84611415863037,13.89409553135307,14925800,-0.000989122882296467,ABEV3.SA,348,1085,62.209999084472656,55.70000076293945,1.0
2017-11-15,13.846114158630371,13.84611415863037,13.84611415863037,13.84611415863037,0,0.0,ABEV3.SA,347,1084,61.869998931884766,55.33000183105469,1.0
2017-11-16,13.996912956237793,14.113439707537982,13.83925950077117,13.859822199157211,15850600,0.010891055488909673,ABEV3.SA,346,1083,61.36000061035156,55.13999938964844,1.0
2017-11-17,14.079166412353516,14.175129149287876,13.914656995617133,13.976347700044718,9254300,0.0058765426614348915,ABEV3.SA,345,1082,62.720001220703125,56.54999923706055,1.0
2017-11-20,14.079166412353516,14.079166412353516,14.079166412353516,14.079166412353516,0,0.0,ABEV3.SA,342,1079,62.220001220703125,56.09000015258789,1.0
2017-11-21,14.264239311218262,14.360203369627559,14.058604471216562,14.175131229189372,13285900,0.013145160263348998,ABEV3.SA,341,1078,62.56999969482422,56.83000183105469,1.0
2017-11-22,14.27795124053955,14.415042030351334,14.18884314233816,14.195696505173549,16883600,0.0009612800950768996,ABEV3.SA,340,1077,63.31999969482422,58.02000045776367,1.0
2017-11-23,14.195696830749512,14.291660908776546,14.058607345188271,14.223115512298577,5661300,-0.005760939255521014,ABEV3.SA,339,1076,63.31999969482422,58.02000045776367,1.0
2017-11-24,14.13400650024414,14.216259924795635,14.065461108188154,14.161423872629769,4749100,-0.00434570639545806,ABEV3.SA,338,1075,63.86000061035156,58.95000076293945,1.0
2017-11-27,14.21626091003418,14.243679591714633,13.955789971043384,14.120298138941997,8687300,0.0058196102986523,ABEV3.SA,335,1072,63.84000015258789,58.11000061035156,1.0
2017-11-28,14.243675231933594,14.380764676190676,14.147711182819902,14.236820563611593,15988200,0.0019283777972916027,ABEV3.SA,334,1071,63.61000061035156,57.9900016784668,1.0
2017-11-29,14.092877388000488,14.36705762757355,14.058605348326795,14.36705762757355,15064800,-0.010587003808892326,ABEV3.SA,333,1070,63.11000061035156,57.29999923706055,1.0
2017-11-30,14.092877388000488,14.195694814416072,13.948933252497572,14.051750678913155,24640800,0.0,ABEV3.SA,332,1069,63.56999969482422,57.400001525878906,1.0
2017-12-01,14.017476081848145,14.065457451595249,13.914657366796611,14.017476081848145,7933800,-0.005350313074925728,ABEV3.SA,331,1068,63.4900016784668,58.36000061035156,1.0
2017-12-04,14.106585502624512,14.21625758893613,13.98320407867534,14.044894790649927,11058600,0.006357023208461765,ABEV3.SA,328,1065,62.45000076293945,57.470001220703125,1.0
2017-12-05,14.086023330688477,14.325931541012947,14.038041950102496,14.058605959237015,15592800,-0.0014576292705424931,ABEV3.SA,327,1064,62.86000061035156,57.619998931884766,1.0
2017-12-06,14.195696830749512,14.257387556840214,13.990061948710302,13.990061948710302,8274000,0.007785980293110395,ABEV3.SA,326,1063,61.220001220703125,55.959999084472656,1.0
2017-12-07,14.202547073364258,14.257383111972063,13.955785553326281,14.079166967042415,12967300,0.00048255768606630944,ABEV3.SA,325,1062,62.20000076293945,56.689998626708984,1.0
2017-12-08,14.408185005187988,14.463021050671138,14.216258192299737,14.250531537848238,18886800,0.014478947386091567,ABEV3.SA,324,1061,63.400001525878906,57.36000061035156,1.0
2017-12-11,14.49729061126709,14.517854615081843,14.34649183880825,14.428745239278808,13067700,0.006184374093407108,ABEV3.SA,321,1058,64.69000244140625,57.9900016784668,1.0
2017-12-12,14.737197875976562,14.737197875976562,14.353345646207535,14.463017711855828,23500800,0.016548420745806203,ABEV3.SA,320,1057,63.34000015258789,57.13999938964844,1.0
2017-12-13,14.428746223449707,14.887998547483864,14.401328857220818,14.840017176037572,27138100,-0.020930142563239218,ABEV3.SA,319,1056,62.439998626708984,56.599998474121094,1.0
2017-12-14,14.373909950256348,14.463019330690877,14.223111169959685,14.463019330690877,18025500,-0.00380048774468289,ABEV3.SA,318,1055,63.310001373291016,57.040000915527344,1.0
2017-12-15,14.325928688049316,14.456164771842705,14.250529951027296,14.325928688049316,18692900,-0.0033380800612414774,ABEV3.SA,317,1054,63.22999954223633,57.29999923706055,1.0
2017-12-18,14.332786560058594,14.435603993448039,14.250533136304876,14.373913271935452,18404300,0.0004787034864273121,ABEV3.SA,314,1051,63.40999984741211,57.15999984741211,1.0
2017-12-19,14.325825691223145,14.367571290265746,14.235375345050727,14.360613469247202,8259800,-0.00048566053825482847,ABEV3.SA,313,1050,63.79999923706055,57.459999084472656,1.0
2017-12-20,14.402362823486328,14.416277140800599,14.304954639873095,14.332785928639415,8924800,0.005342598319486358,ABEV3.SA,312,1049,64.55999755859375,58.09000015258789,1.0
2017-12-21,14.590216636657715,14.645877879195004,14.332783887573513,14.4023607725123,18289100,0.013043263489033174,ABEV3.SA,311,1048,64.9000015258789,58.36000061035156,1.0
2017-12-22,14.631965637207031,14.708499027122622,14.458024063746947,14.576304386782558,9495400,0.002861438016240392,ABEV3.SA,310,1047,65.25,58.470001220703125,1.0
2017-12-25,14.631965637207031,14.63196563720703,14.63196563720703,14.63196563720703,0,0.0,ABEV3.SA,307,1044,65.25,58.470001220703125,1.0
2017-12-26,14.7850341796875,14.847653254143456,14.548473526646987,14.631966068277903,8193200,0.010461242616045752,ABEV3.SA,306,1043,67.0199966430664,59.970001220703125,1.0
2017-12-27,14.889397621154785,14.938101046770493,14.798948591735442,14.798948591735442,5441900,0.007058721691064251,ABEV3.SA,305,1042,66.44000244140625,59.63999938964844,1.0
2017-12-28,14.805906295776367,14.924186611503169,14.771117186992715,14.889397502719516,9896000,-0.005607434733275851,ABEV3.SA,304,1041,66.72000122070312,59.84000015258789,1.0
2017-12-29,14.805906295776367,14.805906295776367,14.805906295776367,14.805906295776367,0,0.0,ABEV3.SA,303,1040,66.5999984741211,60.41999816894531,1.0
2018-01-02,15.091172218322754,15.132917826955733,14.729373404653007,14.840695912386934,12717900,0.019267035522692932,ABEV3.SA,299,1036,66.56999969482422,60.369998931884766,1.0
2018-01-03,15.125958442687988,15.285984365150314,15.00072030265005,15.00072030265005,9389900,0.002305071061544206,ABEV3.SA,298,1035,67.83999633789062,61.630001068115234,1.0
2018-01-04,15.042465209960938,15.181617648003286,14.95201486451819,15.125956407372616,9150100,-0.00551986395066506,ABEV3.SA,297,1034,68.06999969482422,62.0099983215332,1.0
2018-01-05,15.098127365112305,15.132915144962887,14.986804877107962,15.042466121110134,11510200,0.0037003346442514573,ABEV3.SA,296,1033,67.62000274658203,61.439998626708984,1.0
2018-01-08,15.070297241210938,15.098128528891655,14.952016922705562,15.098128528891655,7074000,-0.0018432831587892329,ABEV3.SA,293,1030,67.77999877929688,61.72999954223633,1.0
2018-01-09,15.028553009033203,15.091172084963802,14.972891755658111,15.063340794741775,5850700,-0.0027699674073834446,ABEV3.SA,292,1029,68.81999969482422,62.959999084472656,1.0
2018-01-10,15.028553009033203,15.11204422556136,14.91723050228302,14.924188324838527,5434100,0.0,ABEV3.SA,291,1028,69.19999694824219,63.56999969482422,1.0
2018-01-11,15.202494621276855,15.216410266414929,14.972891784774497,15.09812993687923,8663800,0.01157407583678216,ABEV3.SA,290,1027,69.26000213623047,63.79999923706055,1.0
2018-01-12,15.028553009033203,15.26511366764458,14.931144820325073,15.091172084963802,15529600,-0.011441649319856362,ABEV3.SA,289,1026,69.87000274658203,64.30000305175781,1.0
2018-01-15,15.181621551513672,15.202495019767921,15.028553432189499,15.028553432189499,4853800,0.010185181659768894,ABEV3.SA,286,1023,69.87000274658203,64.30000305175781,1.0
2018-01-16,15.237281799316406,15.355562124134511,15.167704903470067,15.181620548053116,9196800,0.0036662913519396323,ABEV3.SA,285,1022,69.1500015258789,63.72999954223633,1.0
2018-01-17,15.32773208618164,15.348604225884012,15.167704828406348,15.272070835193814,11318200,0.00593611695685059,ABEV3.SA,284,1021,69.37999725341797,63.970001220703125,1.0
2018-01-18,15.251198768615723,15.362521280811755,15.195537512517706,15.251198768615723,7703100,-0.004993127302565181,ABEV3.SA,283,1020,69.30999755859375,63.95000076293945,1.0
2018-01-19,15.30686092376709,15.348606536525288,15.188580581727944,15.29990310046254,10712900,0.0036496904929146368,ABEV3.SA,282,1019,68.61000061035156,63.369998931884766,1.0
2018-01-22,15.237281799316406,15.299900872871222,15.195536192636167,15.230323977024883,9900600,-0.004545616818315001,ABEV3.SA,279,1016,69.02999877929688,63.4900016784668,1.0
2018-01-23,15.181621551513672,15.306859706901177,15.070299041629003,15.230324983704591,9624900,-0.0036528987608033248,ABEV3.SA,278,1015,69.95999908447266,64.47000122070312,1.0
2018-01-24,15.230321884155273,15.327730055782402,15.04246601637389,15.279025306434475,21173700,0.0032078478887354045,ABEV3.SA,277,1014,70.52999877929688,65.61000061035156,1.0
2018-01-25,15.230321884155273,15.230321884155273,15.230321884155273,15.230321884155273,0,0.0,ABEV3.SA,276,1013,70.41999816894531,65.51000213623047,1.0
2018-01-26,15.223365783691406,15.258154894301109,15.10508546175617,15.244239250057227,14872900,-0.0004567270814613833,ABEV3.SA,275,1012,70.5199966430664,66.13999938964844,1.0
2018-01-29,15.195535659790039,15.202493481837582,15.08421316116709,15.167704371599871,8321700,-0.0018281189782078933,ABEV3.SA,272,1009,69.45999908447266,65.55999755859375,1.0
2018-01-30,15.216407775878906,15.30685680033427,15.118999602924577,15.118999602924577,12080100,0.001373568958421112,ABEV3.SA,271,1008,69.0199966430664,64.5,1.0
2018-01-31,15.272069931030273,15.487757099955004,15.251196465494786,15.279026425806611,12252600,0.003658035192747766,ABEV3.SA,270,1007,69.05000305175781,64.7300033569336,1.0
2018-02-01,15.516368865966797,15.718787276648316,15.376771201548394,15.376771201548394,23424100,0.015996452088013813,ABEV3.SA,269,1006,69.08000183105469,65.80000305175781,-1.0
2018-02-02,15.362809181213379,15.432608670654183,15.139451880054425,15.299989773848106,12316800,-0.009896625046742158,ABEV3.SA,268,1005,68.58000183105469,65.44999694824219,1.0
2018-02-05,15.132472038269043,15.35582934297471,15.132472038269043,15.244150690621877,12556400,-0.014993165652672835,ABEV3.SA,265,1002,67.62000274658203,64.1500015258789,1.0
2018-02-06,15.090591430664062,15.244149230108487,14.727635179634238,15.020791946802262,18958500,-0.0027675985456353525,ABEV3.SA,264,1001,66.86000061035156,63.38999938964844,1.0
2018-02-07,15.090591430664062,15.376768116314468,14.992871620731773,15.132470588455375,12915900,0.0,ABEV3.SA,263,1000,65.51000213623047,61.790000915527344,1.0
2018-02-08,15.118510246276855,15.299988369641387,15.013811687381967,15.153409322137017,20079400,0.0018500809422261622,ABEV3.SA,262,999,64.80999755859375,61.150001525878906,1.0
2018-02-09,14.999852180480957,15.209250638742489,14.832334212660411,15.06267158482797,17136400,-0.007848528979574554,ABEV3.SA,261,998,62.790000915527344,59.20000076293945,1.0
2018-02-14,15.523345947265625,15.635024589731861,15.11851053549691,15.153409612024696,17857000,0.034899928378353096,ABEV3.SA,256,993,64.36000061035156,60.599998474121094,-1.0
2018-02-15,15.565225601196289,15.669925496743756,15.509386278184394,15.523346441765987,10312600,0.002697849682209874,ABEV3.SA,255,992,64.33000183105469,61.34000015258789,-1.0
2018-02-16,15.655965805053711,15.71878521174986,15.390728014266735,15.544287155663778,13084500,0.005829674826585807,ABEV3.SA,254,991,64.83999633789062,61.68000030517578,-1.0
2018-02-19,15.593148231506348,15.711806976847127,15.495429734630886,15.683886645560039,2501800,-0.00401237294010226,ABEV3.SA,251,988,64.83999633789062,61.68000030517578,-1.0
2018-02-20,15.851401329040527,15.851401329040527,15.46052609185171,15.516365411450112,15588100,0.016561960016026278,ABEV3.SA,250,987,65.25,61.900001525878906,-1.0
2018-02-21,15.635025024414062,15.928181801866833,15.614086110441022,15.900262806131291,22576300,-0.013650295020292802,ABEV3.SA,249,986,65.41999816894531,61.68000030517578,-1.0
2018-02-22,15.648987770080566,15.704827102079818,15.53032902316782,15.669928018823294,16270400,0.0008930427450357659,ABEV3.SA,248,985,66.38999938964844,62.77000045776367,-1.0
2018-02-23,15.334890365600586,15.809525343040347,15.230191786768795,15.690866598680406,32687400,-0.020071419895956844,ABEV3.SA,247,984,67.30999755859375,63.54999923706055,1.0
2018-02-26,15.460526466369629,15.523345868853877,15.216228937965823,15.509385705787505,19128700,0.008192826800436093,ABEV3.SA,244,981,67.5,63.90999984741211,-1.0
2018-02-27,15.50938606262207,15.60012579332677,15.390727336456703,15.530326307703413,9223300,0.0031602802374630645,ABEV3.SA,243,980,66.62999725341797,63.0099983215332,-1.0
2018-02-28,15.355831146240234,15.628047726902878,15.355831146240234,15.565228311163082,62731700,-0.009900773361487647,ABEV3.SA,242,979,65.77999877929688,61.63999938964844,1.0
2018-03-01,15.593148231506348,15.872344887803864,15.425630237727837,15.830465722187904,20943200,0.015454525580936629,ABEV3.SA,241,978,65.70999908447266,60.9900016784668,-1.0
2018-03-02,15.760664939880371,15.760664939880371,15.36978965294276,15.50938730404891,13813000,0.01074296901991545,ABEV3.SA,240,977,64.37000274658203,61.25,-1.0
2018-03-05,15.718783378601074,15.928180488958352,15.621063573295231,15.635023735669545,13439700,-0.0026573473542553794,ABEV3.SA,237,974,65.54000091552734,62.56999969482422,-1.0
2018-03-06,15.893284797668457,15.997983375135128,15.662947394715928,15.75368580683647,16957900,0.011101458354909388,ABEV3.SA,236,973,65.79000091552734,62.599998474121094,-1.0
2018-03-07,16.102678298950195,16.165497697439584,15.80254146868186,15.872340948260552,13617400,0.013174966908820362,ABEV3.SA,235,972,64.33999633789062,61.150001525878906,-1.0
2018-03-08,16.26322364807129,16.3888625028202,16.011947269888417,16.02590610717111,16683100,0.009970102248863855,ABEV3.SA,234,971,63.61000061035156,60.119998931884766,-1.0
2018-03-09,16.360939025878906,16.437717269554362,16.221340040681476,16.29811961567152,10929200,0.006008364634351393,ABEV3.SA,233,970,65.48999786376953,62.040000915527344,-1.0
2018-03-12,16.73785400390625,16.849532658524833,16.277179220775956,16.36093887739718,18557700,0.023037490539580707,ABEV3.SA,230,967,64.94999694824219,61.36000061035156,-1.0
2018-03-13,16.723894119262695,16.8565130230857,16.563356216974878,16.765774613931814,8862600,-0.0008340307329898211,ABEV3.SA,229,966,64.63999938964844,60.709999084472656,-1.0
2018-03-14,16.940275192260742,16.989134445302792,16.626178092255,16.626178092255,8575500,0.01293843834784969,ABEV3.SA,228,965,64.88999938964844,60.959999084472656,-1.0
2018-03-15,16.668054580688477,16.961211383100025,16.61221525314888,16.793693400481224,20333500,-0.016069432667577432,ABEV3.SA,227,964,65.12000274658203,61.189998626708984,-1.0
2018-03-16,16.479595184326172,16.73785153580719,16.430735946549458,16.612212735058854,20736400,-0.011306622224566798,ABEV3.SA,226,963,66.20999908447266,62.34000015258789,-1.0
2018-03-19,16.605234146118164,16.612212896170192,16.270196897101826,16.38885561770223,9433700,0.007623910683891566,ABEV3.SA,223,960,66.05000305175781,62.060001373291016,-1.0
2018-03-20,16.535436630249023,16.716914773415173,16.451676975205206,16.716914773415173,8410300,-0.004203344274158138,ABEV3.SA,222,959,67.41999816894531,63.400001525878906,-1.0
2018-03-21,16.675033569335938,16.80067238088808,16.444696191928504,16.486576683322216,9439300,0.008442289260843783,ABEV3.SA,221,958,69.47000122070312,65.16999816894531,-1.0
2018-03-22,16.758792877197266,16.807652118173657,16.56335458197724,16.744832713685593,10445800,0.00502303683606109,ABEV3.SA,220,957,68.91000366210938,64.30000305175781,-1.0
2018-03-23,16.695972442626953,16.856510319163178,16.59825396670306,16.59825396670306,8839900,-0.0037485059353999928,ABEV3.SA,219,956,70.44999694824219,65.87999725341797,-1.0
2018-03-26,16.751813888549805,16.85651245909033,16.521476500834826,16.85651245909033,9371800,0.003344605779312504,ABEV3.SA,216,953,70.12000274658203,65.55000305175781,-1.0
2018-03-27,16.640134811401367,16.800672704223388,16.52845616149783,16.72389313317176,10656100,-0.00666668564320505,ABEV3.SA,215,952,70.11000061035156,65.25,-1.0
2018-03-28,16.626176834106445,16.730875415747263,16.47261900312089,16.528458335416975,8930200,-0.0008388139551224194,ABEV3.SA,214,951,69.52999877929688,64.37999725341797,-1.0
2018-03-29,16.800676345825195,16.89839485284297,16.59825924824341,16.62617825111357,12454500,0.010495468288343135,ABEV3.SA,213,950,70.2699966430664,64.94000244140625,-1.0
2018-04-02,16.64711570739746,16.842552688627308,16.577316214966263,16.80067352569442,5557700,-0.00914014622190451,ABEV3.SA,209,946,67.63999938964844,63.0099983215332,-1.0
2018-04-03,16.891414642333984,16.891414642333984,16.661077230452825,16.682016147969033,9681500,0.014675150892833999,ABEV3.SA,208,945,68.12000274658203,63.5099983215332,-1.0
2018-04-04,16.884429931640625,16.947249329600858,16.654092582891213,16.675031494668406,12759600,-0.00041350655591942953,ABEV3.SA,207,944,68.0199966430664,63.369998931884766,-1.0
2018-04-05,16.772756576538086,17.14269166838139,16.772756576538086,17.0240329161469,12111900,-0.006613984336733103,ABEV3.SA,206,943,68.33000183105469,63.540000915527344,-1.0
2018-04-06,16.228321075439453,16.416779317121367,15.997983668266448,16.416779317121367,24189300,-0.03245951246083156,ABEV3.SA,205,942,67.11000061035156,62.060001373291016,-1.0
2018-04-09,16.256235122680664,16.381872570587895,16.095695942945476,16.095695942945476,16524900,0.0017200822630665247,ABEV3.SA,202,939,68.6500015258789,63.41999816894531,-1.0
2018-04-10,16.612213134765625,16.647113542099003,16.242278136232713,16.34697669560402,15457400,0.02189793696993836,ABEV3.SA,201,938,71.04000091552734,65.51000213623047,-1.0
2018-04-11,16.64711570739746,16.786713360945267,16.47959772435134,16.47959772435134,11508300,0.0021010188316685774,ABEV3.SA,200,937,72.05999755859375,66.81999969482422,-1.0
2018-04-12,16.256235122680664,16.751808828149287,16.20039448185858,16.723888507738245,12543200,-0.023480378918919964,ABEV3.SA,199,936,72.0199966430664,67.06999969482422,-1.0
2018-04-13,16.23529815673828,16.353956879788225,16.074760275939664,16.249258319759317,13368500,-0.0012879344930962766,ABEV3.SA,198,935,72.58000183105469,67.38999938964844,-1.0
2018-04-16,16.039865493774414,16.319062195540855,15.949127064943404,16.235303850668366,21613800,-0.012037516100851797,ABEV3.SA,195,932,71.41999816894531,66.22000122070312,-1.0
2018-04-17,16.130599975585938,16.235298538074012,15.893282523911928,16.067780571830202,11712400,0.005656810641382348,ABEV3.SA,194,931,71.58000183105469,66.5199966430664,-1.0
2018-04-18,16.298118591308594,16.423757403826762,16.08872012667348,16.214358939191648,21079600,0.01038514475445429,ABEV3.SA,193,930,73.4800033569336,68.47000122070312,-1.0
2018-04-19,16.40281867980957,16.40281867980957,16.15154103145989,16.20738036094708,15997900,0.006424059802633275,ABEV3.SA,192,929,73.77999877929688,68.29000091552734,-1.0
2018-04-20,16.353958129882812,16.409797454920877,16.200398987542247,16.36791829397096,8479200,-0.0029787898580443395,ABEV3.SA,191,928,74.05999755859375,68.37999725341797,-1.0
2018-04-23,16.367916107177734,16.43771425566422,16.21435698535304,16.270196302930835,8104000,0.0008534922973428838,ABEV3.SA,188,925,74.70999908447266,68.63999938964844,-1.0
2018-04-24,16.27019691467285,16.507514356129953,16.249258001865364,16.416775960897247,11955300,-0.005970166994076376,ABEV3.SA,187,924,73.86000061035156,67.69999694824219,-1.0
2018-04-25,16.172481536865234,16.298120363041324,16.12362228920001,16.20738061910764,9453300,-0.00600578950089381,ABEV3.SA,186,923,74.0,68.05000305175781,-1.0
2018-04-26,16.27019691467285,16.46563519920058,16.165498356692225,16.165498356692225,12020200,0.006042076943162611,ABEV3.SA,185,922,74.73999786376953,68.19000244140625,-1.0
2018-04-27,16.179458618164062,16.41677606106923,16.179458618164062,16.409795979652674,8596100,-0.005576963633854959,ABEV3.SA,184,921,74.63999938964844,68.0999984741211,-1.0
2018-04-30,16.284160614013672,16.388859194732728,16.20738103353951,16.214361116429405,6094800,0.0064712916742506454,ABEV3.SA,181,918,75.16999816894531,68.56999969482422,-1.0
2018-05-02,15.823484420776367,16.298119365587148,15.732746013710575,16.17248054710023,19421600,-0.028289833547874732,ABEV3.SA,179,916,73.36000061035156,67.93000030517578,-1.0
2018-05-03,15.774625778198242,15.956103930571182,15.72576653165834,15.732746614208986,11561100,-0.003087729685755769,ABEV3.SA,178,915,73.62000274658203,68.43000030517578,-1.0
2018-05-04,15.704822540283203,15.900260811168765,15.648983224503656,15.68388229762301,23312500,-0.00442503289120888,ABEV3.SA,177,914,74.87000274658203,69.72000122070312,-1.0
2018-05-07,15.593148231506348,15.830465722187904,15.516368651781528,15.795565308079045,12905400,-0.00711082907752747,ABEV3.SA,174,911,76.16999816894531,70.7300033569336,-1.0
2018-05-08,15.662944793701172,15.858381750833795,15.516365744537282,15.53032590756516,23215000,0.004476104578663431,ABEV3.SA,173,910,74.8499984741211,69.05999755859375,-1.0
2018-05-09,15.29300594329834,15.600122822771636,15.24414671206004,15.600122822771636,32018000,-0.023618729126313576,ABEV3.SA,172,909,77.20999908447266,71.13999938964844,-1.0
2018-05-10,15.216228485107422,15.40468668695136,15.139450253156268,15.383747774289402,27321400,-0.005020429500621648,ABEV3.SA,171,908,77.47000122070312,71.36000061035156,-1.0
2018-05-11,15.251130104064941,15.29998934591257,15.097570965327261,15.216229694663427,9202600,0.002293710231262569,ABEV3.SA,170,907,77.12000274658203,70.69999694824219,-1.0
2018-05-14,15.15340805053711,15.35582640122042,15.139449220153045,15.258107931960502,13097400,-0.006407528678926244,ABEV3.SA,167,904,78.2300033569336,70.95999908447266,-1.0
2018-05-15,14.978914260864258,15.062673923436165,14.902136012430907,15.013814674983665,13753400,-0.011515151515151478,ABEV3.SA,166,903,78.43000030517578,71.30999755859375,-1.0
2018-05-16,15.013812065124512,15.174349948223382,14.895153340374382,14.930052417112591,15282900,0.002329795314433003,ABEV3.SA,165,902,79.27999877929688,71.48999786376953,-1.0
2018-05-17,14.720657348632812,14.999853995449596,14.65783793668471,14.964954913840483,23567200,-0.01952566844583503,ABEV3.SA,164,901,79.30000305175781,71.48999786376953,-1.0
2018-05-18,14.399577140808105,14.58105525543313,14.12038055342897,14.525215937957302,64364800,-0.02181154008414765,ABEV3.SA,163,900,78.51000213623047,71.27999877929688,-1.0
2018-05-21,14.169241905212402,14.504279191401324,14.113402579400006,14.371660293353928,27295100,-0.015995972197193065,ABEV3.SA,160,897,79.22000122070312,72.23999786376953,-1.0
2018-05-22,14.064545631408691,14.273944135870078,13.987767377956134,14.273944135870078,26645200,-0.00738898202910887,ABEV3.SA,159,896,79.56999969482422,72.12999725341797,-1.0
2018-05-23,13.994743347167969,14.169241400530733,13.980784514697962,14.001723429060219,19890600,-0.004962996037699341,ABEV3.SA,158,895,79.80000305175781,71.83999633789062,-1.0
2018-05-24,14.19018268585205,14.232061848959336,13.869106883171883,13.904005963875521,21344000,0.013965196348072473,ABEV3.SA,157,894,78.79000091552734,70.70999908447266,-1.0
2018-05-25,14.071525573730469,14.211124575306323,13.938906655364882,14.15528524093893,23578900,-0.008361915751788462,ABEV3.SA,156,893,76.44000244140625,67.87999725341797,-1.0
2018-05-28,13.792326927185059,14.015684232675577,13.645747863385308,13.869106500190382,12122600,-0.019841391402978692,ABEV3.SA,153,890,76.44000244140625,67.87999725341797,-1.0
2018-05-29,13.673666954040527,13.931923315885152,13.534067985092749,13.820244673252704,21280400,-0.008603332401485475,ABEV3.SA,152,889,75.38999938964844,66.7300033569336,-1.0
2018-05-30,13.7434663772583,13.910984340460328,13.56896833250855,13.65272664845235,32485100,0.005104660180212051,ABEV3.SA,151,888,77.5,68.20999908447266,-1.0
2018-06-01,13.917966842651367,14.022665421447739,13.680649354011777,13.680649354011777,14595000,0.012696976192397624,ABEV3.SA,149,886,77.58999633789062,65.80999755859375,-1.0
2018-06-04,13.98776626586914,14.183203256917318,13.959845934968172,14.064544513217502,11908700,0.0050150588808615115,ABEV3.SA,146,883,75.29000091552734,64.75,-1.0
2018-06-05,13.792326927185059,14.085483723470002,13.771386680552364,13.973805070724744,19039400,-0.013972162171522973,ABEV3.SA,145,882,75.37999725341797,65.5199966430664,-1.0
2018-06-06,13.631791114807129,13.848168371174454,13.527091196947842,13.764408703149977,17144300,-0.01163950167549388,ABEV3.SA,144,881,75.36000061035156,64.7300033569336,-1.0
2018-06-07,13.317691802978516,13.694608249261316,13.206013151779434,13.394471374920835,32312300,-0.023041675828456065,ABEV3.SA,143,880,77.31999969482422,65.94999694824219,-1.0
2018-06-08,13.233932495117188,13.394471725315737,13.136214005590341,13.33863239825546,18958000,-0.0062893261910893505,ABEV3.SA,142,879,76.45999908447266,65.73999786376953,-1.0
2018-06-11,13.25487232208252,13.387491218892169,13.157153835651476,13.206013078866997,14660000,0.0015822830419498501,ABEV3.SA,139,876,76.45999908447266,66.0999984741211,-1.0
2018-06-12,13.178092956542969,13.317691937610329,13.094334632954194,13.219973449651908,15225500,-0.005792539050839207,ABEV3.SA,138,875,75.87999725341797,66.36000061035156,-1.0
2018-06-13,13.059435844421387,13.233933926776443,12.912858094274203,13.19205475977935,16002800,-0.00900411861662187,ABEV3.SA,137,874,76.73999786376953,66.63999938964844,-1.0
2018-06-14,13.212993621826172,13.387491685862303,13.066414555752242,13.101314967348213,20899000,0.011758377561951194,ABEV3.SA,136,873,75.94000244140625,66.88999938964844,-1.0
2018-06-15,13.066411018371582,13.240909035167052,12.843053769883657,13.192049803474594,33244000,-0.011093822312337576,ABEV3.SA,135,872,73.44000244140625,65.05999755859375,-1.0
2018-06-18,13.052332878112793,13.186093676372138,12.77776834197848,12.883369466895758,19846300,-0.001077429773102545,ABEV3.SA,132,869,75.33999633789062,65.8499984741211,-1.0
2018-06-19,13.235377311706543,13.369139485096477,12.953773796247326,13.045295778016248,18676900,0.014023886404298969,ABEV3.SA,131,868,75.08000183105469,65.06999969482422,-1.0
2018-06-20,13.052332878112793,13.326896071455948,12.967851172504275,13.319855817422642,19540200,-0.013829936939678267,ABEV3.SA,130,867,74.73999786376953,66.22000122070312,-1.0
2018-06-21,12.763689041137695,13.143854738146434,12.763689041137695,13.024173093842714,12710600,-0.022114348421125474,ABEV3.SA,129,866,73.05000305175781,65.54000091552734,-1.0
2018-06-22,12.784809112548828,13.024172388187463,12.714407912162546,12.848170058617361,10671500,0.0016546996203889996,ABEV3.SA,128,865,75.55000305175781,68.58000183105469,-1.0
2018-06-25,12.82705020904541,12.988973384301355,12.770729513284174,12.81297104219858,10669300,0.003304006819712324,ABEV3.SA,125,862,74.7300033569336,68.08000183105469,-1.0
2018-06-26,12.735528945922852,12.897450770300544,12.52432668306423,12.86225084075452,19940100,-0.0071350202603884805,ABEV3.SA,124,861,76.30999755859375,70.52999877929688,-1.0
2018-06-27,12.636968612670898,12.827050120305483,12.580647917299299,12.629928357900535,11532700,-0.0077390058685788965,ABEV3.SA,123,860,77.62000274658203,72.76000213623047,1.0
2018-06-28,12.679210662841797,12.798892325953243,12.55952899973035,12.62288995918885,10416400,0.0033427360204520973,ABEV3.SA,122,859,77.8499984741211,73.44999694824219,1.0
2018-06-29,12.658087730407715,12.890410761088923,12.622887800191968,12.735529188231872,13306900,-0.0016659501128083454,ABEV3.SA,121,858,79.44000244140625,74.1500015258789,1.0
2018-07-02,12.770730018615723,12.841131226800835,12.531366716461154,12.622888689939208,7294300,0.008898839272334591,ABEV3.SA,118,855,77.30000305175781,73.94000244140625,-1.0
2018-07-03,12.735528945922852,12.960811717716378,12.735528945922852,12.770728875468874,10977800,-0.0027563868816864456,ABEV3.SA,117,854,77.76000213623047,74.13999938964844,-1.0
2018-07-04,12.742570877075195,12.841131767005828,12.658089155140782,12.749611132469013,7882400,0.0005529358994231792,ABEV3.SA,116,853,77.76000213623047,74.13999938964844,-1.0
2018-07-05,12.953770637512207,12.974891399568225,12.679207444739752,12.777768315418859,11574400,0.016574344570998267,ABEV3.SA,115,852,77.38999938964844,72.94000244140625,-1.0
2018-07-06,12.735528945922852,12.953771463248925,12.658087489572111,12.953771463248925,19331000,-0.016847734740443765,ABEV3.SA,114,851,77.11000061035156,73.80000305175781,-1.0
2018-07-10,12.80593204498291,12.82001121321238,12.679210131377609,12.770730767430639,12608800,0.005528085983629083,ABEV3.SA,110,847,78.86000061035156,74.11000061035156,-1.0
2018-07-11,12.608808517456055,12.855212081307899,12.531367052099116,12.812971892382022,13464200,-0.015393141774798336,ABEV3.SA,109,846,73.4000015258789,70.37999725341797,1.0
2018-07-12,12.841132164001465,12.883372354878858,12.608809099988616,12.608809099988616,18946300,0.018425503585352443,ABEV3.SA,108,845,74.44999694824219,70.33000183105469,-1.0
2018-07-13,12.981931686401367,13.010091359756082,12.791848855790201,12.848169545290789,11875400,0.010964728078620478,ABEV3.SA,107,844,75.33000183105469,71.01000213623047,-1.0
2018-07-16,13.340978622436523,13.397299320536247,13.04529462171514,13.04529462171514,18208300,0.02765743532692122,ABEV3.SA,104,841,71.83999633789062,68.05999755859375,-1.0
2018-07-17,13.495862007141113,13.63666444257207,13.312819378197487,13.348019315659455,14126700,0.011609596948465972,ABEV3.SA,103,840,72.16000366210938,68.08000183105469,-1.0
2018-07-18,13.207216262817383,13.538100191341643,13.136815055550786,13.4536198168548,11851300,-0.021387721967740747,ABEV3.SA,102,839,72.9000015258789,68.76000213623047,-1.0
2018-07-19,13.29169750213623,13.29169750213623,12.988974573938302,13.1016159757774,10294600,0.006396596954097777,ABEV3.SA,101,838,72.58000183105469,69.45999908447266,-1.0
2018-07-20,13.228336334228516,13.573300754676717,13.16497538528994,13.516980060374792,14247100,-0.004766973360440296,ABEV3.SA,100,837,73.06999969482422,70.45999908447266,-1.0
2018-07-23,13.12977409362793,13.312816685549391,13.038253469062832,13.228336315611037,6126000,-0.007450841746860837,ABEV3.SA,97,834,73.05999755859375,67.88999938964844,-1.0
2018-07-24,13.355057716369629,13.404339501878109,13.14385543535584,13.200176133145607,13453000,0.017158225353704593,ABEV3.SA,96,833,73.44000244140625,68.5199966430664,-1.0
2018-07-25,13.305778503417969,13.376179717859737,13.157937161602586,13.355058950689763,14883100,-0.0036899288642726624,ABEV3.SA,95,832,73.93000030517578,69.30000305175781,-1.0
2018-07-26,14.002744674682617,14.037945945677532,13.735221729077216,13.833782602280596,33046900,0.052380713468634266,ABEV3.SA,94,831,74.54000091552734,69.61000061035156,-1.0
2018-07-27,13.946427345275879,14.291391827422887,13.87602612910901,14.044989585026105,16978200,-0.004021877904305526,ABEV3.SA,93,830,74.29000091552734,68.69000244140625,-1.0
2018-07-30,13.868985176086426,13.93234612703802,13.770422950833217,13.840824156645134,12744700,-0.005552832081808012,ABEV3.SA,90,827,74.97000122070312,70.12999725341797,-1.0
2018-07-31,13.664822578430176,13.932346906932473,13.54514092468786,13.868985952434107,13110300,-0.01472080293288347,ABEV3.SA,89,826,74.25,68.76000213623047,-1.0
2018-08-01,13.692983627319336,13.8760248931412,13.629622672692001,13.692983627319336,9261100,0.00206084262913242,ABEV3.SA,88,825,74.25,67.66000366210938,-1.0
2018-08-02,13.580344200134277,13.685945358913395,13.52402214980772,13.587383113633509,8645900,-0.008226068930684116,ABEV3.SA,87,824,73.44999694824219,68.95999908447266,-1.0
2018-08-03,13.587377548217773,13.784500615243974,13.524016610344745,13.643698232683683,13735700,0.0005179064668645594,ABEV3.SA,86,823,73.20999908447266,68.48999786376953,-1.0
2018-08-06,13.587377548217773,13.664818992905037,13.49585693950731,13.622578815253364,6327100,0.0,ABEV3.SA,83,820,73.75,69.01000213623047,-1.0
2018-08-07,13.495862007141113,13.615543674419962,13.418420533374933,13.587382650217155,14107500,-0.006735335111716534,ABEV3.SA,82,819,74.6500015258789,69.16999816894531,-1.0
2018-08-08,13.48882007598877,13.60850172840502,13.390259189101755,13.460660398074499,21203400,-0.0005217844661288273,ABEV3.SA,81,818,72.27999877929688,66.94000244140625,-1.0
2018-08-09,13.566261291503906,13.685942941726706,13.446579641281106,13.46066015137587,14312100,0.005741140817274948,ABEV3.SA,80,817,72.06999969482422,66.80999755859375,-1.0
2018-08-10,13.31281566619873,13.53105817175199,13.29873515802338,13.488817990017107,18932500,-0.018682053946867505,ABEV3.SA,79,816,72.80999755859375,67.62999725341797,-1.0
2018-08-13,13.474739074707031,13.524019516355091,13.16497591497885,13.256496543355057,10336600,0.012162972324436527,ABEV3.SA,76,813,72.61000061035156,67.19999694824219,-1.0
2018-08-14,13.664822578430176,13.700022511910872,13.446580036708799,13.566261690451112,20005300,0.014106655621995978,ABEV3.SA,75,812,72.45999908447266,67.04000091552734,-1.0
2018-08-15,13.671863555908203,13.791545215972766,13.516981960503486,13.516981960503486,17960100,0.000515263000131494,ABEV3.SA,74,811,70.76000213623047,65.01000213623047,-1.0
2018-08-16,13.383218765258789,13.678902764984754,13.355057744908052,13.61554181198695,10816900,-0.021112322359644886,ABEV3.SA,73,810,71.43000030517578,65.45999908447266,-1.0
2018-08-17,13.502900123596191,13.587380497235234,13.073453972091848,13.340978288461919,20326000,0.008942643801659989,ABEV3.SA,72,809,71.83000183105469,65.91000366210938,-1.0
2018-08-20,13.481780052185059,13.559221517663254,13.319858208722827,13.411378842004098,13221500,-0.0015641137250379522,ABEV3.SA,69,806,72.20999908447266,66.43000030517578,-1.0
2018-08-21,13.362095832824707,13.573299422826492,13.270575217111066,13.397297102553908,11065800,-0.008877479004781308,ABEV3.SA,68,805,72.62999725341797,67.3499984741211,-1.0
2018-08-22,13.305778503417969,13.404340740753035,13.20721760887438,13.362099206413088,11062000,-0.0042147077907038755,ABEV3.SA,67,804,74.77999877929688,67.86000061035156,-1.0
2018-08-23,13.333939552307129,13.488821150147793,13.200177378886135,13.326899296570078,14962400,0.002116452553447168,ABEV3.SA,66,803,74.7300033569336,67.83000183105469,-1.0
2018-08-24,13.425460815429688,13.488821777217188,13.333940172176376,13.34801934151351,13921900,0.0068637826625457254,ABEV3.SA,65,802,75.81999969482422,68.72000122070312,-1.0
2018-08-27,13.467697143554688,13.559219103331106,13.397297288700406,13.446577724214865,14945900,0.0031459872182904025,ABEV3.SA,62,799,76.20999908447266,68.87000274658203,-1.0
2018-08-28,13.446581840515137,13.48178177871777,13.376180621318307,13.467701266320088,11838900,-0.0015678480748771983,ABEV3.SA,61,798,75.94999694824219,68.52999877929688,-1.0
2018-08-29,13.552183151245117,13.707064760997234,13.432501480093887,13.460662505207864,12853800,0.007853394415211046,ABEV3.SA,60,797,77.13999938964844,69.51000213623047,-1.0
2018-08-30,13.376179695129395,13.53810154811627,13.186096819297076,13.481780845216857,18010200,-0.01298709249657326,ABEV3.SA,59,796,77.7699966430664,70.25,-1.0
2018-08-31,13.270578384399414,13.404340555713107,13.150896724337994,13.348018510704007,26640800,-0.007894728774347493,ABEV3.SA,58,795,77.41999816894531,69.80000305175781,-1.0
2018-09-03,13.115694046020508,13.319857409008332,13.052334437732245,13.305776899259245,4966100,-0.011671257566360893,ABEV3.SA,55,792,77.41999816894531,69.80000305175781,-1.0
2018-09-04,12.679210662841797,13.129776292065362,12.679210662841797,13.122736036259807,19372200,-0.03327947279398047,ABEV3.SA,54,791,78.16999816894531,69.87000274658203,-1.0
2018-09-05,12.770730018615723,12.918572690083595,12.67216913283138,12.679209387929026,15790000,0.0072180641372365795,ABEV3.SA,53,790,77.2699966430664,68.72000122070312,-1.0
2018-09-06,12.897451400756836,13.003052537348166,12.65808810832779,12.84817095986697,16262200,0.00992279861498857,ABEV3.SA,52,789,76.5,67.7699966430664,-1.0
2018-09-10,12.876333236694336,12.988974639098506,12.80593202449387,12.89745266040047,11868100,-0.0016373904740017986,ABEV3.SA,48,785,77.37000274658203,67.54000091552734,-1.0
2018-09-11,12.80593204498291,12.841131979743745,12.594728408043595,12.777771022941094,14217500,-0.00546748755389459,ABEV3.SA,47,784,79.05999755859375,69.25,-1.0
2018-09-12,12.988975524902344,13.07345591107103,12.763691361938955,12.82001206698192,14075600,0.014293647606161253,ABEV3.SA,46,783,79.73999786376953,70.37000274658203,-1.0
2018-09-13,12.90449047088623,13.031212360278788,12.820008763694132,12.939690398921416,10927000,-0.006504366249219573,ABEV3.SA,45,782,78.18000030517578,68.58999633789062,-1.0
2018-09-14,12.834089279174805,12.988972185314745,12.721447898050037,12.855210041682392,10265000,-0.005455557650281273,ABEV3.SA,44,781,78.08999633789062,68.98999786376953,-1.0
2018-09-17,12.925614356994629,12.960814293536256,12.770731413511863,12.777771669378488,15714800,0.00713140417125957,ABEV3.SA,41,778,78.05000305175781,68.91000366210938,-1.0
2018-09-18,13.228336334228516,13.348016634677744,12.869291404507015,12.869291404507015,14866400,0.02342031634806352,ABEV3.SA,40,777,79.02999877929688,69.8499984741211,-1.0
2018-09-19,13.228336334228516,13.326897213559066,13.059372908531468,13.122733857470042,13022400,0.0,ABEV3.SA,39,776,79.4000015258789,71.12000274658203,-1.0
2018-09-20,13.200175285339355,13.36209711323628,13.150894845787358,13.36209711323628,7134900,-0.002128842824799748,ABEV3.SA,38,775,78.69999694824219,70.80000305175781,-1.0
2018-09-21,13.270578384399414,13.502901448896115,13.235377106268725,13.270578384399414,19894000,0.005333497286073907,ABEV3.SA,37,774,78.80000305175781,70.77999877929688,-1.0
2018-09-24,12.946733474731445,13.249457755858812,12.911533539024695,13.22833833155135,12892100,-0.02440322496031322,ABEV3.SA,34,771,81.19999694824219,72.08000183105469,-1.0
2018-09-25,12.953770637512207,13.03121208892645,12.784808569437532,12.84816951281443,11472300,0.0005435473584511907,ABEV3.SA,33,770,81.87000274658203,72.27999877929688,-1.0
2018-09-26,13.164977073669434,13.305778156086042,12.88337222325333,12.953773435857356,10959200,0.016304629907959223,ABEV3.SA,32,769,81.33999633789062,71.56999969482422,-1.0
2018-09-27,13.010093688964844,13.340978973961745,12.981934010568676,13.22833757479428,25704700,-0.011764804741997148,ABEV3.SA,31,768,81.72000122070312,72.12000274658203,-1.0
2018-09-28,12.91153335571289,13.024174759725033,12.848172398107128,12.932654122511963,9047100,-0.007575682051817356,ABEV3.SA,30,767,82.72000122070312,73.25,-1.0
2018-10-01,12.974893569946289,13.059373946719523,12.918572871167006,12.918572871167006,6236800,0.0049072571388559805,ABEV3.SA,27,764,84.9800033569336,75.30000305175781,-1.0
2018-10-02,12.848172187805176,13.235376839910128,12.65808931809921,13.228337927217106,26709600,-0.009766660624842216,ABEV3.SA,26,763,84.80000305175781,75.2300033569336,-1.0
2018-10-03,12.763689041137695,13.193135178249504,12.693289179728328,13.193135178249504,21377300,-0.006575499256436412,ABEV3.SA,25,762,86.29000091552734,76.41000366210938,-1.0
2018-10-04,12.580649375915527,12.812972439108112,12.432806694179455,12.777771161175021,12303600,-0.0143406553256058,ABEV3.SA,24,761,84.58000183105469,74.33000183105469,-1.0
2018-10-05,12.425765991210938,12.728490256578851,12.334245357462951,12.700330578037704,16164800,-0.012311239275223707,ABEV3.SA,23,760,84.16000366210938,74.33999633789062,-1.0
2018-10-08,12.672170639038086,12.918574225577688,12.559529229669959,12.672170639038086,26644000,0.019830137474135423,ABEV3.SA,20,757,83.91000366210938,74.29000091552734,-1.0
2018-10-09,12.306083679199219,12.770729764051064,12.263843492246687,12.756650596927773,19569800,-0.028889049103481446,ABEV3.SA,19,756,85.0,74.95999908447266,-1.0
2018-10-10,12.108963012695312,12.313125053857584,12.108963012695312,12.263844607466396,11261500,-0.016018147742412614,ABEV3.SA,18,755,83.08999633789062,73.16999816894531,-1.0
2018-10-11,11.961118698120117,12.179361220688829,11.911838258455369,12.179361220688829,14529800,-0.012209494274628807,ABEV3.SA,17,754,80.26000213623047,70.97000122070312,-1.0
2018-10-15,11.918878555297852,12.094880893461632,11.869598115458597,12.073760129477119,15583600,-0.003531454196579853,ABEV3.SA,13,750,80.77999877929688,71.77999877929688,-1.0
2018-10-16,12.256803512573242,12.292003445359043,11.96111951168189,11.968159766797323,13766600,0.02835207655716787,ABEV3.SA,12,749,81.41000366210938,71.91999816894531,-1.0
2018-10-17,12.0033597946167,12.214563421377738,11.996320882236901,12.179362145521878,14503400,-0.02067779888096888,ABEV3.SA,11,748,80.05000305175781,69.75,-1.0
2018-10-18,11.72175407409668,12.059678201344791,11.72175407409668,12.003357513470107,14101200,-0.02346057481725361,ABEV3.SA,10,747,79.29000091552734,68.6500015258789,1.0
2018-10-19,11.869599342346191,11.939999210655484,11.658395709044065,11.827357810010916,8740300,0.012612896270894014,ABEV3.SA,9,746,79.77999877929688,69.12000274658203,-1.0
2018-10-22,11.841437339782715,11.996320259931245,11.665434998007605,11.925919054662941,20248500,-0.0023726161053310157,ABEV3.SA,6,743,79.83000183105469,69.16999816894531,-1.0
2018-10-23,11.70767593383789,11.813278419899019,11.609115045824987,11.728796699608393,23081500,-0.011296044737359456,ABEV3.SA,5,742,76.44000244140625,66.43000030517578,1.0
2018-10-24,11.186710357666016,11.756958305309869,11.179670102059069,11.756958305309869,32261600,-0.04449777898841256,ABEV3.SA,4,741,76.16999816894531,66.81999969482422,1.0
2018-10-25,10.560140609741211,10.623501560822964,10.236296270853321,10.419338869223793,80816400,-0.05601018779353928,ABEV3.SA,3,740,76.88999938964844,67.33000183105469,1.0
2018-10-26,10.693902015686035,10.905104960585971,10.412298536749889,10.665741667792421,39461900,0.012666631145179519,ABEV3.SA,2,739,77.62000274658203,67.58999633789062,1.0
2018-10-29,10.862865447998047,11.03886780109512,10.778384399078934,10.898065381500905,31727000,0.015799979470933367,ABEV3.SA,1462,736,77.33999633789062,67.04000091552734,1.0
2018-10-30,11.299348831176758,11.355669521979967,10.89806374135499,10.954385103553793,34851100,0.04018123811513763,ABEV3.SA,1461,735,75.91000366210938,66.18000030517578,1.0
2018-10-31,11.503512382507324,11.524633145486979,11.228948506332276,11.397911253191479,27263000,0.018068612128094186,ABEV3.SA,1460,734,75.47000122070312,65.30999755859375,1.0
2018-11-01,11.524632453918457,11.580953142359972,11.362709299706863,11.524632453918457,22441600,0.0018359671993093407,ABEV3.SA,1459,733,75.5,63.689998626708984,1.0
2018-11-05,11.587994575500488,11.651355531636051,11.419032473402792,11.616155597245816,19580700,0.005497973305039094,ABEV3.SA,1455,729,73.16999816894531,63.099998474121094,1.0
2018-11-06,11.714715957641602,11.827357353942666,11.376791768738409,11.489433165039472,18079800,0.010935574858572217,ABEV3.SA,1454,728,72.12999725341797,62.209999084472656,1.0
2018-11-07,11.510555267333984,11.883679432372556,11.489434499527615,11.771038022988288,16523600,-0.017427711525044853,ABEV3.SA,1453,727,72.06999969482422,61.66999816894531,1.0
2018-11-08,11.059988021850586,11.714716326303744,11.038867927228408,11.54575422653491,20668200,-0.03914383233640095,ABEV3.SA,1452,726,70.6500015258789,60.66999816894531,1.0
2018-11-09,11.320469856262207,11.355669785283698,11.05998648740864,11.116307179517758,20738100,0.023551728437408936,ABEV3.SA,1451,725,70.18000030517578,60.189998626708984,1.0
2018-11-12,11.228948593139648,11.41199050727578,11.116307208626457,11.292310211172833,11207200,-0.008084581672370361,ABEV3.SA,1448,722,70.12000274658203,59.93000030517578,1.0
2018-11-13,11.095189094543457,11.376792606020913,10.975507434316606,11.299351136817814,17448400,-0.011912023417572026,ABEV3.SA,1447,721,65.47000122070312,55.689998626708984,1.0
2018-11-14,11.285272598266602,11.334553047676993,11.038869008423104,11.05294884908503,18774300,0.01713206526751554,ABEV3.SA,1446,720,66.12000274658203,56.25,1.0
2018-11-16,11.616154670715332,11.616154670715332,11.306390170181356,11.334551189680496,19753600,0.02931981213281043,ABEV3.SA,1444,718,66.76000213623047,56.459999084472656,1.0
2018-11-19,11.587994575500488,11.59503483093682,11.31343132744066,11.59503483093682,14540100,-0.002424218341878337,ABEV3.SA,1441,715,66.79000091552734,56.7599983215332,1.0
2018-11-21,11.5316743850708,11.54575489656652,11.214870933166047,11.4401537459316,14321100,-0.004860218915597403,ABEV3.SA,1439,713,63.47999954223633,54.630001068115234,1.0
2018-11-22,11.616154670715332,11.700636386421442,11.573914484257937,11.637275435339689,7567000,0.007325934016477298,ABEV3.SA,1438,712,63.47999954223633,54.630001068115234,1.0
2018-11-23,11.404953002929688,11.66543573321039,11.334551793224415,11.616155289254117,15008800,-0.01818171966305593,ABEV3.SA,1437,711,58.79999923706055,50.41999816894531,1.0
2018-11-26,11.3697509765625,11.524633896253983,11.221908983051854,11.503513131898426,15378900,-0.0030865560215938004,ABEV3.SA,1434,708,60.47999954223633,51.630001068115234,1.0
2018-11-27,11.644315719604492,11.72879609273251,11.130388526174201,11.369751149960129,21281800,0.02414870331003538,ABEV3.SA,1433,707,60.209999084472656,51.560001373291016,1.0
2018-11-28,11.749917984008789,11.778077663487679,11.482393643606374,11.63023632494275,18701500,0.009068997006539847,ABEV3.SA,1432,706,58.7599983215332,50.290000915527344,1.0
2018-11-29,11.714715957641602,11.86255862953135,11.510553930392684,11.65839525949107,22012600,-0.002995938049533242,ABEV3.SA,1431,705,59.5099983215332,51.45000076293945,1.0
2018-11-30,11.911839485168457,11.911839485168457,11.602074963215172,11.686556684762945,35082800,0.016827000179912233,ABEV3.SA,1430,704,58.709999084472656,50.93000030517578,1.0
2018-12-03,11.785117149353027,11.97520000888889,11.665435498103562,11.968159753781114,27568700,-0.010638351530274814,ABEV3.SA,1427,701,61.689998626708984,52.95000076293945,1.0
2018-12-04,11.72175407409668,11.968157587095098,11.672473640055221,11.827355196012826,33320100,-0.0053765333389007575,ABEV3.SA,1426,700,62.08000183105469,53.25,1.0
2018-12-05,11.644315719604492,11.79919729886674,11.566874258577707,11.792157043974186,9199200,-0.006606379386794536,ABEV3.SA,1425,699,62.08000183105469,53.25,1.0
2018-12-06,11.538713455200195,11.623195172702408,11.41903180536701,11.552793965249121,17966500,-0.009068997006539736,ABEV3.SA,1424,698,60.060001373291016,51.4900016784668,1.0
2018-12-07,11.341592788696289,11.538714577386767,11.306391510150506,11.531674321677611,16990500,-0.017083418118427174,ABEV3.SA,1423,697,61.66999816894531,52.61000061035156,1.0
2018-12-10,11.186710357666016,11.419032750133706,11.081108537748998,11.341592624040203,20788000,-0.013656144592374964,ABEV3.SA,1420,694,59.970001220703125,51.0,1.0
2018-12-11,11.228948593139648,11.397911341305047,11.17966815526403,11.250068684886969,18074400,0.0037757512372427193,ABEV3.SA,1419,693,60.20000076293945,51.650001525878906,1.0
2018-12-12,11.228948593139648,11.404951595686025,11.172627900883054,11.334550394667474,20917600,0.0,ABEV3.SA,1418,692,60.150001525878906,51.150001525878906,1.0
2018-12-13,11.489433288574219,11.51055405415452,11.285271259130143,11.285271259130143,13558900,0.02319760334406684,ABEV3.SA,1417,691,61.45000076293945,52.58000183105469,1.0
2018-12-14,11.306389808654785,11.573914114177164,11.285270387497047,11.397911776309225,11488300,-0.015931462877412983,ABEV3.SA,1416,690,60.279998779296875,51.20000076293945,1.0
2018-12-17,11.334552764892578,11.397913724779878,11.264151549152077,11.34863327659898,15399600,0.0024908884899965678,ABEV3.SA,1413,687,59.61000061035156,49.880001068115234,1.0
2018-12-18,11.179667472839355,11.383830137656005,11.179667472839355,11.383830137656005,13908400,-0.013664879000163221,ABEV3.SA,1412,686,56.2599983215332,46.2400016784668,1.0
2018-12-19,11.064712524414062,11.416772088757138,11.064712524414062,11.352108073159362,13065100,-0.010282501577490777,ABEV3.SA,1411,685,57.2400016784668,47.20000076293945,1.0
2018-12-20,10.928197860717773,11.251517186201076,10.841979419602444,11.229962747223059,14676600,-0.012337840987289295,ABEV3.SA,1410,684,54.349998474121094,45.880001068115234,1.0
2018-12-21,10.899459838867188,11.014417775737495,10.71265284885126,10.964123849657573,46930400,-0.002629712805062523,ABEV3.SA,1409,683,53.81999969482422,45.59000015258789,1.0
2018-12-26,10.87790298461914,11.100633766609658,10.791684551087018,10.849163506775099,11460500,-0.001977791061826384,ABEV3.SA,1404,678,54.470001220703125,46.220001220703125,1.0
2018-12-27,10.849164962768555,11.06471073292421,10.813240439341515,10.877904444469527,12544400,-0.0026418714977712865,ABEV3.SA,1403,677,52.15999984741211,44.61000061035156,1.0
2018-12-28,11.05034065246582,11.258702053235195,10.921012650194054,10.942567088838265,15498800,0.018542965323842697,ABEV3.SA,1402,676,52.20000076293945,45.33000183105469,1.0
2019-01-02,11.603577613830566,11.711350508986795,11.064711767642708,11.064711767642708,18692900,0.05006514991384403,ABEV3.SA,1397,671,54.90999984741211,46.540000915527344,1.0
2019-01-03,11.732905387878418,11.732905387878418,11.41677106629467,11.502989517635692,22739200,0.011145508596736908,ABEV3.SA,1396,670,55.95000076293945,47.09000015258789,1.0
2019-01-04,11.890971183776855,11.991560396165195,11.517358611956025,11.711349254291365,27484600,0.013472008055373852,ABEV3.SA,1395,669,57.060001373291016,47.959999084472656,1.0
2019-01-07,11.840675354003906,11.948448220240307,11.740087528237444,11.905339347827017,17084500,-0.004229749529758298,ABEV3.SA,1392,666,57.33000183105469,48.52000045776367,1.0
2019-01-08,11.603577613830566,11.998746723279025,11.560468729849418,11.88378878572482,22108700,-0.020024004804182538,ABEV3.SA,1391,665,58.720001220703125,49.779998779296875,1.0
2019-01-09,11.768827438354492,11.88378672639422,11.574836808852424,11.63950080882194,16479100,0.014241282303051106,ABEV3.SA,1390,664,61.439998626708984,52.36000061035156,1.0
2019-01-10,12.106518745422363,12.214291632806983,11.696980951116833,11.783198712861886,23347300,0.02869370876892452,ABEV3.SA,1389,663,61.68000030517578,52.59000015258789,1.0
2019-01-11,12.422654151916504,12.422654151916504,12.128072906608557,12.228662125886878,73632000,0.026112825093809633,ABEV3.SA,1388,662,60.47999954223633,51.59000015258789,1.0
2019-01-14,12.602276802062988,12.688494571540126,12.286141783031097,12.38672963755667,31707300,0.014459281241341992,ABEV3.SA,1385,659,58.9900016784668,50.5099983215332,1.0
2019-01-15,12.717232704162598,12.781896706113764,12.429836530865632,12.62382853671913,35536600,0.00912183599084182,ABEV3.SA,1384,658,60.63999938964844,52.11000061035156,1.0
2019-01-16,12.789082527160645,12.817822697484699,12.616645616436555,12.717234842164002,19990600,0.0056498001310087975,ABEV3.SA,1383,657,61.31999969482422,52.310001373291016,1.0
2019-01-17,12.825005531311035,12.868114408966052,12.559164483224327,12.702862569283063,22422400,0.0028088804708312765,ABEV3.SA,1382,656,61.18000030517578,52.06999969482422,1.0
2019-01-18,12.932780265808105,12.932780265808105,12.659755507619996,12.860931212472273,21264700,0.008403484445597131,ABEV3.SA,1381,655,62.70000076293945,53.79999923706055,1.0
2019-01-21,12.932780265808105,12.932780265808105,12.674124221961796,12.882486339595035,9103600,0.0,ABEV3.SA,1378,652,62.70000076293945,53.79999923706055,1.0
2019-01-22,12.602276802062988,12.990259505523582,12.508872619654896,12.853746438376922,22633800,-0.025555484354660152,ABEV3.SA,1377,651,61.5,52.56999969482422,1.0
2019-01-23,12.343620300292969,12.659755307735145,12.27177124809156,12.645385223213527,26855900,-0.02052458502797505,ABEV3.SA,1376,650,61.13999938964844,52.619998931884766,1.0
2019-01-24,12.329248428344727,12.429836264600013,12.178366673961799,12.357988593221373,24197500,-0.0011643157840736107,ABEV3.SA,1375,649,61.09000015258789,53.130001068115234,1.0
2019-01-28,12.896855354309082,12.932779192793092,12.278955465456635,12.286140507234757,32754800,0.046037431175402155,ABEV3.SA,1371,645,59.93000030517578,51.9900016784668,1.0
2019-01-29,12.839377403259277,13.076478319013379,12.702864339520035,12.947150297619014,30181400,-0.0044567415444106695,ABEV3.SA,1370,644,61.31999969482422,53.310001373291016,1.0
2019-01-30,12.911224365234375,13.076477589129253,12.6669384207706,12.911224365234375,19243300,0.005595829121500806,ABEV3.SA,1369,643,61.650001525878906,54.22999954223633,1.0
2019-01-31,12.580719947814941,13.004627805716227,12.580719947814941,12.932778760741908,22631500,-0.025598224310110496,ABEV3.SA,1368,642,61.88999938964844,53.790000915527344,1.0
2019-02-01,13.011813163757324,13.011813163757324,12.595090337257641,12.602275378970498,19948900,0.03426618013361438,ABEV3.SA,1367,641,61.869998931884766,55.2599983215332,1.0
2019-02-04,13.25610065460205,13.277654411861148,12.86093153650209,12.983074519128369,23329600,0.018774285164588456,ABEV3.SA,1364,638,62.5099983215332,54.560001373291016,-1.0
2019-02-05,13.39261245727539,13.58660449657363,13.169881617936722,13.20580546058895,23156300,0.010298036068845606,ABEV3.SA,1363,637,61.97999954223633,53.65999984741211,-1.0
2019-02-06,12.997443199157715,13.406980987688645,12.997443199157715,13.248914179780428,22891100,-0.0295065103525044,ABEV3.SA,1362,636,62.689998626708984,54.0099983215332,1.0
2019-02-07,13.471644401550293,13.55786352869909,13.069291672471154,13.069291672471154,41426700,0.03648419116948398,ABEV3.SA,1361,635,61.630001068115234,52.63999938964844,-1.0
2019-02-08,13.09084701538086,13.636897899183818,13.026183004772172,13.399796983754204,38093500,-0.028266585341698347,ABEV3.SA,1360,634,62.099998474121094,52.720001220703125,-1.0
2019-02-11,13.442906379699707,13.464461507526355,13.011814786420782,13.11240264213163,29145400,0.02689355118925474,ABEV3.SA,1357,631,61.5099983215332,52.40999984741211,-1.0
2019-02-12,13.414165496826172,13.687190221536836,13.363871576779987,13.493199582845342,23990500,-0.002137996208687265,ABEV3.SA,1356,630,62.41999816894531,53.099998474121094,-1.0
2019-02-13,13.212990760803223,13.550680918107536,13.14832674644311,13.550680918107536,32536700,-0.014997186076953328,ABEV3.SA,1355,629,63.61000061035156,53.900001525878906,-1.0
2019-02-14,13.356689453125,13.414168427221012,13.011815608548927,13.19143757389982,20335700,0.010875561401894274,ABEV3.SA,1354,628,64.56999969482422,54.40999984741211,-1.0
2019-02-15,13.28483772277832,13.464459652026928,13.220173718616296,13.349501726940344,14836400,-0.005379456533659899,ABEV3.SA,1353,627,66.25,55.59000015258789,-1.0
2019-02-18,13.069293975830078,13.299209861539,12.997444918944344,13.292024818809749,14494400,-0.01622479336564786,ABEV3.SA,1350,624,66.25,55.59000015258789,-1.0
2019-02-19,13.162694931030273,13.3423168626664,13.04773700441568,13.069292129558384,16276800,0.007146595322817584,ABEV3.SA,1349,623,66.44999694824219,56.09000015258789,-1.0
2019-02-20,13.040553092956543,13.32076426247193,13.033368050619563,13.155511029534809,22077800,-0.009279394433566068,ABEV3.SA,1348,622,67.08000183105469,56.91999816894531,1.0
2019-02-21,13.162694931030273,13.227358936051806,13.040551962701445,13.105215967722977,15038500,0.009366308100819953,ABEV3.SA,1347,621,67.06999969482422,56.959999084472656,-1.0
2019-02-22,13.162694931030273,13.162694931030273,12.93996411951532,13.105215967722977,22170000,0.0,ABEV3.SA,1346,620,67.12000274658203,57.2599983215332,-1.0
2019-02-25,13.212990760803223,13.256101017314485,13.112402903090507,13.14832674644311,9837900,0.0038210890730574487,ABEV3.SA,1343,617,64.76000213623047,55.47999954223633,-1.0
2019-02-26,13.28483772277832,13.349501726940344,13.148324672835539,13.23454380185376,12685600,0.005437600258393793,ABEV3.SA,1342,616,65.20999908447266,55.5,-1.0
2019-02-27,13.191436767578125,13.306394708743387,13.12677275437182,13.241730695537083,16915100,-0.007030643290437011,ABEV3.SA,1341,615,66.38999938964844,56.939998626708984,-1.0
2019-02-28,12.379541397094727,13.040550064093969,12.336432523492231,13.033365023425823,49931300,-0.061547152504181524,ABEV3.SA,1340,614,66.02999877929688,57.220001220703125,1.0
2019-03-01,12.041853904724121,12.379542627244684,11.934081024805348,12.314878625212115,37227300,-0.02727786769628282,ABEV3.SA,1339,613,65.06999969482422,55.79999923706055,1.0
2019-03-06,11.761643409729004,12.049038195067391,11.75445836879474,12.013112990396072,18259400,-0.023269713883938392,ABEV3.SA,1334,608,65.98999786376953,56.220001220703125,1.0
2019-03-07,11.991560935974121,12.106518866387226,11.718534823438027,11.761645075147912,20143000,0.019548078294478355,ABEV3.SA,1333,607,66.30000305175781,56.65999984741211,1.0
2019-03-08,11.91971206665039,11.998746158903964,11.783199008323304,11.91971206665039,20486300,-0.005991619415299576,ABEV3.SA,1332,606,65.73999786376953,56.06999969482422,1.0
2019-03-11,12.293326377868652,12.401099270993672,11.941267529443353,11.991561454874583,24113400,0.03134423961998034,ABEV3.SA,1329,603,66.58000183105469,56.790000915527344,1.0
2019-03-12,12.2142915725708,12.451392471810323,12.128072440844335,12.357989668646042,19858900,-0.006429082159580157,ABEV3.SA,1328,602,66.66999816894531,56.869998931884766,1.0
2019-03-13,12.142443656921387,12.243032881717516,12.027485717503012,12.199922626630574,20265200,-0.005882282670471084,ABEV3.SA,1327,601,67.55000305175781,58.2599983215332,1.0
2019-03-14,11.970005989074707,12.156812971390485,11.905341980949759,12.156812971390485,20534200,-0.01420123269407858,ABEV3.SA,1326,600,67.2300033569336,58.61000061035156,1.0
2019-03-15,12.041853904724121,12.063409028870483,11.847861898626416,11.970004861309432,31836900,0.006002329131246098,ABEV3.SA,1325,599,67.16000366210938,58.52000045776367,1.0
2019-03-18,12.437023162841797,12.587906310160191,12.0562255142132,12.070594228390487,31559300,0.03281631393673101,ABEV3.SA,1322,596,67.54000091552734,59.09000015258789,1.0
2019-03-19,12.350807189941406,12.51605907543772,12.336437103270363,12.408286166218684,16625600,-0.006932203291055927,ABEV3.SA,1321,595,67.61000061035156,59.029998779296875,1.0
2019-03-20,12.2142915725708,12.429837346277054,12.2142915725708,12.32924950126835,18926100,-0.011053173713357345,ABEV3.SA,1320,594,68.5,59.83000183105469,1.0
2019-03-21,12.199922561645508,12.408284682235644,11.984376768985882,12.135258549766274,35961000,-0.0011764096869573137,ABEV3.SA,1319,593,67.86000061035156,59.97999954223633,1.0
2019-03-22,12.013114929199219,12.142442946075422,11.869418198541949,11.998746215418151,33908300,-0.015312198212928063,ABEV3.SA,1318,592,67.02999877929688,59.040000915527344,1.0
2019-03-25,11.869418144226074,12.056225126591665,11.804754136083885,11.962820950205545,17569800,-0.011961659055127583,ABEV3.SA,1315,589,67.20999908447266,58.81999969482422,1.0
2019-03-26,12.207107543945312,12.329250524625444,11.711350578783994,11.955636540144255,30804300,0.028450375209294387,ABEV3.SA,1314,588,67.97000122070312,59.939998626708984,1.0
2019-03-27,11.883787155151367,12.185550672021176,11.819123152848828,12.070592750240337,32628900,-0.02648624071099559,ABEV3.SA,1313,587,67.83000183105469,59.40999984741211,1.0
2019-03-28,12.034668922424316,12.171181968541763,11.840676915374239,11.883787163878607,21093200,0.012696438038066526,ABEV3.SA,1312,586,67.81999969482422,59.29999923706055,1.0
2019-03-29,12.092148780822754,12.192736627318745,11.998745976277425,12.120888948625396,15839700,0.004776189421491717,ABEV3.SA,1311,585,68.38999938964844,60.13999938964844,1.0
2019-04-01,12.084962844848633,12.214290849579816,12.027483883902166,12.120888051944254,12340900,-0.0005942646013020747,ABEV3.SA,1308,582,69.01000213623047,61.59000015258789,1.0
2019-04-02,12.049040794372559,12.307695471772725,12.013115581951194,12.21429266029064,15431100,-0.0029724584955084232,ABEV3.SA,1307,581,69.37000274658203,62.58000183105469,1.0
2019-04-03,12.099333763122559,12.300510825529347,12.063409923952992,12.120888888868272,14753700,0.004174022613774309,ABEV3.SA,1306,580,69.30999755859375,62.459999084472656,1.0
2019-04-04,12.444208145141602,12.501687112793725,12.135258180108929,12.178368433653036,15281900,0.028503584475880972,ABEV3.SA,1305,579,69.4000015258789,62.099998474121094,1.0
2019-04-05,12.530425071716309,12.681306821288217,12.46576107321222,12.480131155192339,16184700,0.0069282774419332505,ABEV3.SA,1304,578,70.33999633789062,63.08000183105469,1.0
2019-04-08,12.4657621383667,12.559164938405512,12.329249088703916,12.530426142396095,10742400,-0.005160474044537122,ABEV3.SA,1301,575,71.0999984741211,64.4000015258789,1.0
2019-04-09,12.71004867553711,12.71004867553711,12.365173514182105,12.365173514182105,25773700,0.01959659862420704,ABEV3.SA,1300,574,70.61000061035156,63.97999954223633,1.0
2019-04-10,12.60945987701416,12.760343022063642,12.487316900700455,12.717234139366651,20199100,-0.007914115916530795,ABEV3.SA,1299,573,71.7300033569336,64.61000061035156,1.0
2019-04-11,12.393913269042969,12.674123043552095,12.365173102218144,12.58072024218458,15229900,-0.017094039718871135,ABEV3.SA,1298,572,70.83000183105469,63.58000183105469,1.0
2019-04-12,12.257401466369629,12.573536481621419,12.214292582146522,12.257401466369627,29774300,-0.01101442294374555,ABEV3.SA,1297,571,71.55000305175781,63.88999938964844,1.0
2019-04-15,12.516056060791016,12.516056060791016,12.27895516945506,12.357989256702565,18868300,0.02110191096628866,ABEV3.SA,1294,568,71.18000030517578,63.400001525878906,1.0
2019-04-16,12.59508991241455,12.695677752188484,12.458576865288116,12.487315660763581,13454300,0.006314597125457455,ABEV3.SA,1293,567,71.72000122070312,64.05000305175781,1.0
2019-04-17,12.250215530395508,12.710048620059531,12.185551523574109,12.710048620059531,31512000,-0.0273816530423584,ABEV3.SA,1292,566,71.62000274658203,63.7599983215332,1.0
2019-04-18,12.271769523620605,12.357988648227826,12.113702727314948,12.357988648227826,21532200,0.001759478694200789,ABEV3.SA,1291,565,71.97000122070312,64.0,1.0
2019-04-22,12.573535919189453,12.616644801484238,12.171183153489256,12.27177100231264,19577100,0.024590291969549316,ABEV3.SA,1287,561,74.04000091552734,65.69999694824219,1.0
2019-04-23,12.695677757263184,12.882484724351254,12.609458629989252,12.616643671462624,13912000,0.009714199637933296,ABEV3.SA,1286,560,74.51000213623047,66.30000305175781,1.0
2019-04-24,12.731600761413574,12.774711007433845,12.451391014314044,12.717232049813264,21919500,0.0028295459948830537,ABEV3.SA,1285,559,74.56999969482422,65.88999938964844,1.0
2019-04-25,13.155510902404785,13.169880986939877,12.645385235069234,12.666938991465182,29435300,0.033295902764715946,ABEV3.SA,1284,558,74.3499984741211,65.20999908447266,1.0
2019-04-26,13.141141891479492,13.198620857914989,12.968703621766345,13.076477882938725,14151100,-0.0010922427134826274,ABEV3.SA,1283,557,72.1500015258789,63.29999923706055,1.0
2019-04-29,13.184249877929688,13.284837719755924,13.090845707313985,13.1483246698442,15043300,0.00328038360792271,ABEV3.SA,1280,554,72.04000091552734,63.5,-1.0
2019-04-30,13.270466804504395,13.320762092670718,13.083659845391775,13.205802804411316,25093600,0.006539388086009623,ABEV3.SA,1279,553,72.80000305175781,63.90999984741211,-1.0
2019-05-02,12.896855354309082,13.31357818459393,12.896855354309082,13.11958616780445,23174500,-0.0281536027103807,ABEV3.SA,1277,551,70.75,61.810001373291016,1.0
2019-05-03,12.875299453735352,13.004627457141323,12.738786408983882,12.954333538129337,21902300,-0.0016714074851221783,ABEV3.SA,1276,550,70.8499984741211,61.939998626708984,1.0
2019-05-06,12.9758882522583,13.069292426257233,12.62382942270785,12.717233596706782,16137000,0.00781254050706881,ABEV3.SA,1273,547,71.23999786376953,62.25,1.0
2019-05-07,12.681307792663574,13.098030609162441,12.386727941538851,13.076476854947712,43377300,-0.0227021421476451,ABEV3.SA,1272,546,69.87999725341797,61.400001525878906,1.0
2019-05-08,12.875299453735352,12.925593372747338,12.674122407280898,12.789080327995867,35491400,0.015297449146688624,ABEV3.SA,1271,545,70.37000274658203,62.119998931884766,1.0
2019-05-09,12.566350936889648,12.810636888400687,12.52324205438966,12.753157921598481,20651100,-0.023995443209367195,ABEV3.SA,1270,544,70.38999938964844,61.70000076293945,1.0
2019-05-10,12.429835319519043,12.595088514182043,12.336432531584638,12.573533392163464,15438500,-0.01086358466799231,ABEV3.SA,1269,543,70.62000274658203,61.65999984741211,1.0
2019-05-13,12.221476554870605,12.350804566626898,12.156812548992459,12.21429151306119,24573100,-0.01676279365674649,ABEV3.SA,1266,540,70.2300033569336,61.040000915527344,1.0
2019-05-14,12.171182632446289,12.322064399222183,12.04185462069175,12.257400393344914,18510000,-0.004115208354613542,ABEV3.SA,1265,539,71.23999786376953,61.779998779296875,1.0
2019-05-15,11.934083938598633,12.084965733242498,11.898158722916627,12.013116672285339,26326100,-0.019480333259940696,ABEV3.SA,1264,538,71.7699966430664,62.02000045776367,1.0
2019-05-16,11.955636978149414,12.049041162895014,11.747276221359668,11.855049121106555,27881900,0.0018060070351166857,ABEV3.SA,1263,537,72.62000274658203,62.869998931884766,1.0
2019-05-17,11.847865104675293,12.192738961901325,11.819126301776569,11.88379032130731,25763700,-0.009014314642631693,ABEV3.SA,1262,536,72.20999908447266,62.7599983215332,1.0
2019-05-20,11.847865104675293,12.005931946635501,11.783201085144551,11.919714167532439,43284300,0.0,ABEV3.SA,1259,533,71.97000122070312,63.099998474121094,1.0
2019-05-21,12.278955459594727,12.379543303627209,11.934081676849134,11.998745682414757,31103500,0.03638548811205844,ABEV3.SA,1258,532,72.18000030517578,62.9900016784668,1.0
2019-05-22,12.365172386169434,12.458576552534634,12.192735506425798,12.336433591415412,16255100,0.0070215196120235746,ABEV3.SA,1257,531,70.98999786376953,61.41999816894531,1.0
2019-05-23,12.365172386169434,12.494500388578787,12.264584548920604,12.343618632705544,12687200,0.0,ABEV3.SA,1256,530,67.76000213623047,57.90999984741211,1.0
2019-05-24,12.257401466369629,12.458578543421991,12.113704728823702,12.401099574322275,15540300,-0.00871568276074719,ABEV3.SA,1255,529,68.69000244140625,58.630001068115234,1.0
2019-05-27,12.372358322143555,12.4585774534534,12.250215352191791,12.28614056124031,6924700,0.009378566581940806,ABEV3.SA,1252,526,68.69000244140625,58.630001068115234,1.0
2019-05-28,12.437023162841797,12.609460066629467,12.343620353859318,12.42265444866451,40302300,0.005226557380132446,ABEV3.SA,1251,525,70.11000061035156,59.13999938964844,1.0
2019-05-29,12.401098251342773,12.559165056902355,12.336434246703268,12.444207130966918,17718300,-0.0028885458383929308,ABEV3.SA,1250,524,69.44999694824219,58.810001373291016,1.0
2019-05-30,12.523241996765137,12.595091047538952,12.372358853099456,12.372358853099456,14045800,0.009849429699433143,ABEV3.SA,1249,523,66.87000274658203,56.59000015258789,1.0
2019-05-31,12.60945987701416,12.645385087933882,12.415469219674357,12.494501942884398,23080800,0.006884629417150512,ABEV3.SA,1248,522,64.48999786376953,53.5,1.0
2019-06-03,12.516056060791016,12.666937823274552,12.43702197354351,12.645384068866369,18578500,-0.007407439901007229,ABEV3.SA,1245,519,61.279998779296875,53.25,1.0
2019-06-04,12.4657621383667,12.602275188029484,12.372357967921324,12.566349980009509,16407200,-0.004018352281264681,ABEV3.SA,1244,518,61.970001220703125,53.47999954223633,1.0
2019-06-05,12.508872032165527,12.609459881966911,12.47294819163837,12.494501947791996,13357100,0.003458263788472804,ABEV3.SA,1243,517,60.630001068115234,51.68000030517578,1.0
2019-06-06,12.674124717712402,12.75315881651392,12.566351818696454,12.645385917497972,10219400,0.013210838285174109,ABEV3.SA,1242,516,61.66999816894531,52.59000015258789,1.0
2019-06-07,12.652569770812988,12.774712743658107,12.631014644873273,12.7172337782255,11447300,-0.00170070497012631,ABEV3.SA,1241,515,63.290000915527344,53.9900016784668,1.0
2019-06-10,12.681307792663574,12.860929719954578,12.645383955367992,12.65256899690842,14089900,0.002271318978764203,ABEV3.SA,1238,512,62.290000915527344,53.2599983215332,1.0
2019-06-11,12.731600761413574,12.896853963678385,12.638197969182546,12.702861967806506,24719200,0.003965913419363254,ABEV3.SA,1237,511,62.290000915527344,53.27000045776367,1.0
2019-06-12,12.702863693237305,12.781897784603228,12.523241754974123,12.731602490747965,21035200,-0.0022571449352515316,ABEV3.SA,1236,510,59.970001220703125,51.13999938964844,1.0
2019-06-13,12.825005531311035,12.90403824527748,12.710047610626651,12.71723265197024,17586300,0.009615299433525015,ABEV3.SA,1235,509,61.310001373291016,52.279998779296875,1.0
2019-06-14,12.674124717712402,12.96152094229728,12.645385917497972,12.832192915315439,15962500,-0.01176458078168241,ABEV3.SA,1234,508,62.0099983215332,52.5099983215332,1.0
2019-06-17,12.789082527160645,12.86811662514505,12.573536731357219,12.652570829341624,18256700,0.009070276015793466,ABEV3.SA,1231,505,60.939998626708984,51.93000030517578,1.0
2019-06-18,12.968704223632812,12.983074308510254,12.803452358762394,12.825007486078556,13201000,0.014044924340014031,ABEV3.SA,1230,504,62.13999938964844,53.900001525878906,1.0
2019-06-19,13.076478004455566,13.191435938394838,12.918409817484063,12.968703742281662,23446200,0.008310296770155157,ABEV3.SA,1229,503,61.81999969482422,53.7599983215332,1.0
2019-06-21,13.25610065460205,13.349503467007208,13.13395767197577,13.13395767197577,28297900,0.01373631723200086,ABEV3.SA,1227,501,65.19999694824219,57.43000030517578,1.0
2019-06-24,13.148324966430664,13.29202306120088,13.148324966430664,13.248914180932452,14143300,-0.008130270807348627,ABEV3.SA,1224,498,64.86000061035156,57.900001525878906,1.0
2019-06-25,13.054924964904785,13.234546936700168,12.990260945425895,13.16988291722128,19199900,-0.007103566558047558,ABEV3.SA,1223,497,65.05000305175781,57.83000183105469,1.0
2019-06-26,13.00462818145752,13.126771150320963,12.918409050915905,13.069292186762082,15422800,-0.0038527056710381258,ABEV3.SA,1222,496,66.48999786376953,59.380001068115234,1.0
2019-06-27,12.968704223632812,12.96870422363281,12.796267316323672,12.911225254529764,12537000,-0.0027623979189138614,ABEV3.SA,1221,495,66.55000305175781,59.43000030517578,1.0
2019-06-28,12.85374641418457,13.076478620795896,12.7747136873804,13.047738450753119,17249500,-0.008864247920679302,ABEV3.SA,1220,494,66.55000305175781,58.470001220703125,1.0
2019-07-01,12.796266555786133,13.011813704916698,12.71004879245922,13.004628662905015,16148600,-0.004471836968481524,ABEV3.SA,1217,491,65.05999755859375,59.09000015258789,1.0
2019-07-02,13.026182174682617,13.112401306802143,12.767527519137264,12.789081274362184,15780800,0.017967398373123444,ABEV3.SA,1216,490,62.400001525878906,56.25,1.0
2019-07-03,13.536307334899902,13.644080207516607,12.939962644653955,12.94714768554926,40587600,0.039161525102017425,ABEV3.SA,1215,489,63.81999969482422,57.34000015258789,-1.0
2019-07-04,13.651267051696777,13.77341002223875,13.572232961814734,13.615343212881271,15014400,0.008492694052570915,ABEV3.SA,1214,488,63.81999969482422,57.34000015258789,-1.0
2019-07-05,13.651267051696777,13.70156097420113,13.421351194301678,13.629711926163509,22139900,0.0,ABEV3.SA,1213,487,64.2300033569336,57.5099983215332,-1.0
2019-07-08,13.608160018920898,13.780596935382839,13.478831988972747,13.680009076715072,18757800,-0.0031577312649906375,ABEV3.SA,1210,484,64.11000061035156,57.65999984741211,-1.0
2019-07-10,13.665637969970703,13.823704788981606,13.521939865119561,13.615344044394812,33415700,0.004223785652864631,ABEV3.SA,1208,482,67.01000213623047,60.43000030517578,-1.0
2019-07-11,13.428534507751465,13.78059329037484,13.363870509881208,13.701559210665321,18302600,-0.017350339789496627,ABEV3.SA,1207,481,66.5199966430664,60.20000076293945,1.0
2019-07-12,13.076478004455566,13.435721890617458,13.004628953141854,13.435721890617458,31136800,-0.026217045731436905,ABEV3.SA,1206,480,66.72000122070312,60.209999084472656,1.0
2019-07-15,13.112401962280273,13.227359897248553,13.004629069548349,13.2201748550122,16291700,0.0027472196880893307,ABEV3.SA,1203,477,66.4800033569336,59.58000183105469,1.0
2019-07-16,13.00462818145752,13.19862019737121,12.954334259644323,13.112401066829594,9964700,-0.008219224908813882,ABEV3.SA,1202,476,64.3499984741211,57.619998931884766,1.0
2019-07-17,12.925594329833984,13.076477468448724,12.882485448975464,13.03336721718359,10416500,-0.006077363421756576,ABEV3.SA,1201,475,63.65999984741211,56.779998779296875,1.0
2019-07-18,13.112401962280273,13.148325803055355,12.875301050107364,12.954335144300561,11537900,0.014452537166133483,ABEV3.SA,1200,474,61.93000030517578,55.29999923706055,1.0
2019-07-19,12.997443199157715,13.306393143602197,12.968703032043534,13.098031043244163,15923300,-0.008767178084782223,ABEV3.SA,1199,473,62.470001220703125,55.630001068115234,1.0
2019-07-22,12.925594329833984,13.112401307429721,12.8250064843619,12.983073294447548,12533800,-0.005527923317132588,ABEV3.SA,1196,470,63.2599983215332,56.220001220703125,1.0
2019-07-23,12.954334259033203,13.126771149701709,12.904038966815792,12.932779133797169,15130100,0.0022234899584372414,ABEV3.SA,1195,469,63.83000183105469,56.77000045776367,1.0
2019-07-24,12.90403938293457,13.09084636311776,12.889670669387119,13.069292607593269,11971400,-0.003882474783569956,ABEV3.SA,1194,468,63.18000030517578,55.880001068115234,1.0
2019-07-25,14.003324508666992,14.168576343690251,13.478828839033273,13.651265715197518,75250600,0.08518922587807753,ABEV3.SA,1193,467,63.38999938964844,56.02000045776367,-1.0
2019-07-26,14.226057052612305,14.348200026223102,13.974587433772404,14.003326231465547,35478100,0.015905690381413207,ABEV3.SA,1192,466,63.459999084472656,56.20000076293945,-1.0
2019-07-29,14.72900104522705,14.858329078547795,14.139841222683062,14.226058997959004,36618000,0.03535371682783972,ABEV3.SA,1189,463,63.709999084472656,56.869998931884766,-1.0
2019-07-30,14.614041328430176,14.922991288308957,14.549377319599422,14.599671244155193,24255200,-0.007804990741997919,ABEV3.SA,1188,462,64.72000122070312,58.04999923706055,-1.0
2019-07-31,14.463157653808594,14.664334715058624,14.25479692109125,14.592485666725999,27074600,-0.010324568764428776,ABEV3.SA,1187,461,65.16999816894531,58.58000183105469,-1.0
2019-08-01,14.671517372131348,14.872694400680794,14.484710424993946,14.484710424993946,26961600,0.014406239862004622,ABEV3.SA,1186,460,60.5,53.95000076293945,-1.0
2019-08-02,14.72181510925293,14.815219292277643,14.606857168920008,14.664336139086469,15526900,0.003428257340111429,ABEV3.SA,1185,459,61.88999938964844,55.65999984741211,-1.0
2019-08-05,14.48471450805664,14.664336465121238,14.42723553661224,14.477529465325242,20704700,-0.0161053918580506,ABEV3.SA,1182,456,59.810001373291016,54.689998626708984,-1.0
2019-08-06,14.714628219604492,14.78647726589529,14.427233404847875,14.491897409468935,21755600,0.01587285075035272,ABEV3.SA,1181,455,58.939998626708984,53.630001068115234,-1.0
2019-08-07,14.822400093078613,14.887064093290151,14.463156256528505,14.506266503607185,18799000,0.00732413159651113,ABEV3.SA,1180,454,56.22999954223633,51.09000015258789,-1.0
2019-08-08,14.491894721984863,14.671516619198158,14.32664290544615,14.405675608343701,47777900,-0.02229769598838993,ABEV3.SA,1179,453,57.380001068115234,52.540000915527344,-1.0
2019-08-09,14.42004680633545,14.513450967551194,14.31945897463212,14.491895844869154,18921100,-0.004957799999776302,ABEV3.SA,1178,452,58.529998779296875,54.5,-1.0
2019-08-12,13.996140480041504,14.204502576984108,13.845258716385057,14.204502576984108,26937600,-0.029397014585812675,ABEV3.SA,1175,449,58.56999969482422,54.93000030517578,-1.0
2019-08-13,13.924291610717773,14.082359788449471,13.852443934010555,13.881182730612124,21165200,-0.005133477291556665,ABEV3.SA,1174,448,61.29999923706055,57.099998474121094,-1.0
2019-08-14,13.658452033996582,13.91710805764175,13.536309063987098,13.866812764950055,27713200,-0.01909178464178174,ABEV3.SA,1173,447,59.47999954223633,55.22999954223633,-1.0
2019-08-15,13.493203163146973,13.75904291690261,13.349505035966102,13.694378896711907,21761100,-0.012098652939461663,ABEV3.SA,1172,446,58.22999954223633,54.470001220703125,-1.0
2019-08-16,13.579418182373047,13.61534339206796,13.406981287057341,13.59378826625101,17271500,0.006389514645532612,ABEV3.SA,1171,445,58.63999938964844,54.869998931884766,-1.0
2019-08-19,13.730300903320312,13.823703704863798,13.586602809738629,13.651266814809729,16230300,0.01111113296025601,ABEV3.SA,1168,442,59.7400016784668,56.209999084472656,-1.0
2019-08-20,13.608160018920898,13.701562834768568,13.536310961126727,13.687192749128375,15670100,-0.008895717964190974,ABEV3.SA,1167,441,60.029998779296875,56.34000015258789,-1.0
2019-08-21,13.507569313049316,13.787780470770127,13.47164547328322,13.759040302631933,17575900,-0.007391940257295615,ABEV3.SA,1166,440,60.29999923706055,55.68000030517578,-1.0
2019-08-22,13.270466804504395,13.593786804969792,13.133955133558096,13.593786804969792,26247200,-0.01755330682004075,ABEV3.SA,1165,439,59.91999816894531,55.349998474121094,-1.0
2019-08-23,13.169878959655762,13.442903671761437,12.954333206435832,13.141140165416127,28288000,-0.007579827170396958,ABEV3.SA,1164,438,59.34000015258789,54.16999816894531,-1.0
2019-08-26,12.997443199157715,13.313578185380743,12.904039026443218,13.263282892930924,16632700,-0.01309319250589025,ABEV3.SA,1161,435,58.70000076293945,53.63999938964844,-1.0
2019-08-27,13.054924964904785,13.198623090503848,12.86811794978876,13.047739921584142,31854400,0.0044225441008887145,ABEV3.SA,1160,434,59.5099983215332,54.93000030517578,-1.0
2019-08-28,13.040553092956543,13.076478304641439,12.911225071704317,12.939965241052235,15473700,-0.001100877407329226,ABEV3.SA,1159,433,60.4900016784668,55.779998779296875,-1.0
2019-08-29,13.327946662902832,13.34950178785739,12.947149048218309,12.983072886069335,16894600,0.022038449435209717,ABEV3.SA,1158,432,61.08000183105469,56.709999084472656,-1.0
2019-08-30,13.450089454650879,13.572232420319681,13.342316572097596,13.378241779886393,22981700,0.009164411806060091,ABEV3.SA,1157,431,60.43000030517578,55.099998474121094,-1.0
2019-09-02,13.205805778503418,13.59378986644016,13.205805778503418,13.450091751558377,8064200,-0.018162234308634284,ABEV3.SA,1154,428,60.43000030517578,55.099998474121094,-1.0
2019-09-03,13.306392669677734,13.543493558298701,13.11958570130871,13.177064663083291,20597800,0.007616868887929007,ABEV3.SA,1153,427,58.2599983215332,53.939998626708984,-1.0
2019-09-04,13.507569313049316,13.550679565256607,13.342317457474637,13.464460431248671,15174900,0.015118796533790668,ABEV3.SA,1152,426,60.70000076293945,56.2599983215332,-1.0
2019-09-05,13.428534507751465,13.651265294634328,13.428534507751465,13.579416255844441,15042800,-0.005851149341983941,ABEV3.SA,1151,425,60.95000076293945,56.29999923706055,-1.0
2019-09-06,13.450089454650879,13.565047378761921,13.349501613655356,13.529123541379677,13073200,0.0016051600334325844,ABEV3.SA,1150,424,61.540000915527344,56.52000045776367,-1.0
2019-09-09,13.55786418914795,13.586602985993155,13.406981051889167,13.500385225050938,11456600,0.008012938119144053,ABEV3.SA,1147,421,62.59000015258789,57.849998474121094,-1.0
2019-09-10,13.52193832397461,13.737485456684624,13.457274321202258,13.557863531296212,23425400,-0.002649817454440595,ABEV3.SA,1146,420,62.380001068115234,57.400001525878906,-1.0
2019-09-11,13.586602210998535,13.85244326128748,13.450089165152509,13.579417169595425,28800600,0.004782146277747534,ABEV3.SA,1145,419,60.810001373291016,55.75,-1.0
2019-09-12,13.917105674743652,14.003323420925367,13.65844969538577,13.72311369022524,22002000,0.024325689279220297,ABEV3.SA,1144,418,60.380001068115234,55.09000015258789,-1.0
2019-09-13,13.723115921020508,13.99614065551998,13.622526706915155,13.902737853572068,16045800,-0.013938943790244518,ABEV3.SA,1143,417,60.220001220703125,54.849998474121094,-1.0
2019-09-16,13.759040832519531,13.8165198006029,13.600974012891937,13.694376822124903,14858800,0.0026178392506321924,ABEV3.SA,1140,414,69.0199966430664,62.900001525878906,-1.0
2019-09-17,13.960219383239746,14.010513314333798,13.672824512411703,13.672824512411703,16934100,0.014621553433050938,ABEV3.SA,1139,413,64.55000305175781,59.34000015258789,-1.0
2019-09-18,13.838072776794434,13.974585818677808,13.759038694060932,13.909921818333393,18071900,-0.008749619407267928,ABEV3.SA,1138,412,63.599998474121094,58.11000061035156,-1.0
2019-09-19,13.90273666381836,14.082358580998424,13.794963787591614,13.996139457773145,31691000,0.004672896874221122,ABEV3.SA,1137,411,64.4000015258789,58.130001068115234,-1.0
2019-09-20,13.931476593017578,13.988955556382017,13.723115864723956,13.96021675990309,32308600,0.002067213807912749,ABEV3.SA,1136,410,64.27999877929688,58.09000015258789,-1.0
2019-09-23,13.945847511291504,14.039251688854225,13.816519493377992,13.823704535529483,13285800,0.0010315430800156289,ABEV3.SA,1133,407,64.7699966430664,58.63999938964844,-1.0
2019-09-24,13.90273666381836,14.017694581181082,13.744668499639758,13.988954416637165,16081600,-0.0030913035179997994,ABEV3.SA,1132,406,63.099998474121094,57.290000915527344,-1.0
2019-09-25,14.08236026763916,14.103914023222114,13.830889279387156,13.830889279387156,15272500,0.012920017703296427,ABEV3.SA,1131,405,62.38999938964844,56.4900016784668,-1.0
2019-09-26,14.032068252563477,14.197320129739568,13.924293978363847,14.060807054051708,33348400,-0.0035712774080388643,ABEV3.SA,1130,404,62.7400016784668,56.40999984741211,-1.0
2019-09-27,13.974588394165039,14.132655218356943,13.87399916930952,14.053621121057622,12432300,-0.0040963211811585465,ABEV3.SA,1129,403,61.90999984741211,55.90999984741211,-1.0
2019-09-30,13.830889701843262,14.05362052891232,13.773410734521997,14.032066772671023,21606700,-0.01028285687339292,ABEV3.SA,1126,400,60.779998779296875,54.06999969482422,-1.0
2019-10-01,13.873997688293457,13.981770573756474,13.7303009644783,13.86681264654171,24459600,0.0031167905593556533,ABEV3.SA,1125,399,58.88999938964844,53.619998931884766,-1.0
2019-10-02,13.550677299499512,13.859627203293535,13.471643220741111,13.802146876628214,17900100,-0.023304053817650217,ABEV3.SA,1124,398,57.689998626708984,52.63999938964844,-1.0
2019-10-03,13.349501609802246,13.543493620586094,13.270467523096258,13.507568412807666,19307100,-0.014846172279867953,ABEV3.SA,1123,397,57.709999084472656,52.45000076293945,-1.0
2019-10-04,13.80214786529541,13.91710715645433,13.292022263257413,13.356686264981457,35765000,0.03390735240338838,ABEV3.SA,1122,396,58.369998931884766,52.810001373291016,-1.0
2019-10-07,13.55786418914795,13.852444051445962,13.493200183237986,13.802148758755301,17635100,-0.017698960953874132,ABEV3.SA,1119,393,58.349998474121094,52.75,-1.0
2019-10-08,13.363874435424805,13.550681442989179,13.284840332499575,13.536311356928802,19185600,-0.014308282707125697,ABEV3.SA,1118,392,58.2400016784668,52.630001068115234,-1.0
2019-10-09,13.414165496826172,13.536308461398281,13.320762698227048,13.435720621305911,13310500,0.003763209662315914,ABEV3.SA,1117,391,58.31999969482422,52.59000015258789,-1.0
2019-10-10,13.23454475402832,13.46446062074305,13.14114194707796,13.37824285592836,23781900,-0.013390377719758262,ABEV3.SA,1116,390,59.099998474121094,53.54999923706055,-1.0
2019-10-11,13.349501609802246,13.543493620586094,13.263282481540573,13.320762813986056,18950100,0.008686120898789174,ABEV3.SA,1115,389,60.5099983215332,54.70000076293945,-1.0
2019-10-14,13.450089454650879,13.486014662439676,13.313577776273112,13.428535700384154,7716500,0.0075349513254316935,ABEV3.SA,1112,386,59.349998474121094,53.59000015258789,-1.0
2019-10-15,13.572233200073242,13.680007459224939,13.42135142991148,13.450090227387069,12359100,0.009081258963681282,ABEV3.SA,1111,385,58.7400016784668,52.810001373291016,-1.0
2019-10-16,13.572233200073242,13.687191130788863,13.428536471882035,13.687191130788863,22029700,0.0,ABEV3.SA,1110,384,59.41999816894531,53.36000061035156,-1.0
2019-10-17,13.486014366149902,13.62971108292839,13.457274200550291,13.608157329135205,12012200,-0.006352590075071385,ABEV3.SA,1109,383,59.90999984741211,53.93000030517578,-1.0
2019-10-18,13.414165496826172,13.565047256964727,13.320762698227048,13.529123419905035,10737900,-0.005327657777383976,ABEV3.SA,1108,382,59.41999816894531,53.779998779296875,-1.0
2019-10-21,13.644082069396973,13.651267111272752,13.363872288274647,13.363872288274647,21747300,0.017139834201777226,ABEV3.SA,1105,379,58.959999084472656,53.310001373291016,-1.0
2019-10-22,13.486014366149902,13.7734091701134,13.442904117750485,13.557863409742408,23053700,-0.011585074206025836,ABEV3.SA,1104,378,59.70000076293945,54.15999984741211,-1.0
2019-10-23,13.421350479125977,13.543493443159386,13.349501434916935,13.471644398950344,23271200,-0.004794884928065457,ABEV3.SA,1103,377,61.16999816894531,55.970001220703125,-1.0
2019-10-24,13.787781715393066,13.895554614826663,13.3710588326182,13.450091561319228,42853200,0.02730211366113977,ABEV3.SA,1102,376,61.66999816894531,56.22999954223633,-1.0
2019-10-25,12.645386695861816,13.105218490850914,12.631016609666696,12.860932507161245,82318800,-0.08285560673301406,ABEV3.SA,1101,375,62.02000045776367,56.65999984741211,1.0
2019-10-28,12.602276802062988,12.875301565949574,12.437023564819457,12.78189875394822,29041200,-0.003409140015697254,ABEV3.SA,1098,372,61.56999969482422,55.810001373291016,1.0
2019-10-29,12.631013870239258,12.753156835593598,12.48013210913442,12.5950900329495,28627500,0.002280307648183433,ABEV3.SA,1097,371,61.59000015258789,55.540000915527344,1.0
2019-10-30,12.616643905639648,12.68130790969369,12.451392059904462,12.652569113673318,15607300,-0.0011376730915850786,ABEV3.SA,1096,370,60.61000061035156,55.060001373291016,1.0
2019-10-31,12.487316131591797,12.681308147390075,12.465762376774158,12.55198013685789,20426500,-0.010250568615164157,ABEV3.SA,1095,369,60.22999954223633,54.18000030517578,1.0
2019-11-01,12.45139217376709,12.58072018305782,12.401098252466602,12.537611303429768,14655000,-0.0028768357784922927,ABEV3.SA,1094,368,61.689998626708984,56.20000076293945,1.0
2019-11-04,12.623828887939453,12.69567793326268,12.429836876688709,12.4657620845536,12268600,0.013848789899627345,ABEV3.SA,1091,365,62.130001068115234,56.540000915527344,1.0
2019-11-05,12.724416732788086,12.767526982238287,12.551979846206947,12.638198974700794,16763700,0.00796809317850733,ABEV3.SA,1090,364,62.959999084472656,57.22999954223633,1.0
2019-11-06,12.587904930114746,12.781896939510528,12.465761965355167,12.6453838917424,10565900,-0.010728334786582305,ABEV3.SA,1089,363,61.7400016784668,56.349998474121094,1.0
2019-11-07,12.616643905639648,12.695677992907157,12.53042614717197,12.63819903045985,13188400,0.0022830626450116576,ABEV3.SA,1088,362,62.290000915527344,57.150001525878906,1.0
2019-11-08,12.429835319519043,12.616642265794237,12.343617572257497,12.537609559205551,15252400,-0.014806519667017182,ABEV3.SA,1087,361,62.5099983215332,57.2400016784668,1.0
2019-11-11,12.602276802062988,12.67412448649169,12.372359552508234,12.41546980765354,11838200,0.013873191245997729,ABEV3.SA,1084,358,62.18000030517578,56.86000061035156,1.0
2019-11-12,12.480132102966309,12.595090026724574,12.393912974944335,12.50168585716689,14096800,-0.009692272358014287,ABEV3.SA,1083,357,62.060001373291016,56.79999923706055,1.0
2019-11-13,12.480132102966309,12.537611064845441,12.393912974944335,12.480132102966309,11332700,0.0,ABEV3.SA,1082,356,62.369998931884766,57.119998931884766,1.0
2019-11-14,12.537613868713379,12.652571818180434,12.437024635124562,12.48013489397985,18222200,0.004605861963064228,ABEV3.SA,1081,355,62.279998779296875,56.77000045776367,1.0
2019-11-18,12.616643905639648,12.702863034513891,12.516056063958503,12.63819903045985,9445200,0.00630343522729504,ABEV3.SA,1077,351,62.439998626708984,57.04999923706055,1.0
2019-11-19,12.695677757263184,12.738786635696881,12.508870790175111,12.652568878829486,9754500,0.006264253173397849,ABEV3.SA,1076,350,60.90999984741211,55.209999084472656,1.0
2019-11-21,12.983070373535156,12.983070373535156,12.69567561512499,12.810633518489057,19540600,0.022637044021344588,ABEV3.SA,1074,348,63.970001220703125,58.58000183105469,-1.0
2019-11-22,13.069293975830078,13.14114303271581,12.889672018819136,12.947150990246366,17014400,0.006641233530604751,ABEV3.SA,1073,347,63.38999938964844,57.77000045776367,-1.0
2019-11-25,13.076478004455566,13.148325685362607,12.947149986172217,13.069292962283527,7860100,0.0005496875836425996,ABEV3.SA,1070,344,63.650001525878906,58.0099983215332,-1.0
2019-11-26,12.954334259033203,13.062107144400196,12.731602076147286,13.011813222589371,32541200,-0.009340721972747157,ABEV3.SA,1069,343,64.2699966430664,58.40999984741211,-1.0
2019-11-27,12.90403938293457,13.0405524396851,12.76034265461363,12.89685571136416,8765700,-0.003882474783569956,ABEV3.SA,1068,342,64.05999755859375,58.11000061035156,-1.0
2019-11-28,12.93996524810791,13.02618301538527,12.84656106808295,12.904040036403424,5109500,0.0027840790086901546,ABEV3.SA,1067,341,64.05999755859375,58.11000061035156,-1.0
2019-11-29,12.968704223632812,13.0405532776133,12.825007486078556,13.004629435826416,8325200,0.002220946886167585,ABEV3.SA,1066,340,62.43000030517578,55.16999816894531,-1.0
2019-12-02,12.911224365234375,13.047737421353926,12.853745400090347,12.968703330378402,10259800,-0.004432197496932022,ABEV3.SA,1063,337,60.91999816894531,55.959999084472656,-1.0
2019-12-03,12.839377403259277,13.00462926597132,12.753158265527466,13.00462926597132,97511800,-0.00556469006677307,ABEV3.SA,1062,336,60.81999969482422,56.099998474121094,1.0
2019-12-04,13.148324966430664,13.31357818653839,12.896855356192681,12.932779194681936,21779200,0.024062503458536888,ABEV3.SA,1061,335,63.0,58.43000030517578,-1.0
2019-12-05,13.040553092956543,13.184251198882725,13.004629251678347,13.133957272930571,34121900,-0.008196623809441639,ABEV3.SA,1060,334,63.38999938964844,58.43000030517578,-1.0
2019-12-06,13.25610065460205,13.313579624637551,13.04055348916387,13.083662374088808,19544400,0.01652901990498612,ABEV3.SA,1059,333,64.38999938964844,59.20000076293945,-1.0
2019-12-09,13.248913764953613,13.292022643868542,13.105215674695117,13.256098806507193,13479000,-0.000542157142262023,ABEV3.SA,1056,330,64.25,59.02000045776367,-1.0
2019-12-10,13.198620796203613,13.342317526417158,13.141141830036865,13.212989509940313,14715500,-0.0037960069513801598,ABEV3.SA,1055,329,64.33999633789062,59.2400016784668,-1.0
2019-12-11,13.25610065460205,13.29202449697171,13.11958758686521,13.263284326750588,29652200,0.004354989758851957,ABEV3.SA,1054,328,63.720001220703125,58.7599983215332,-1.0
2019-12-12,13.435721397399902,13.493200362259518,13.241729377096215,13.270468174322712,17463900,0.013550043672570844,ABEV3.SA,1053,327,64.19999694824219,59.18000030517578,-1.0
2019-12-13,13.658452033996582,13.67282211762278,13.500385225328202,13.5075688967347,15663000,0.01657749740477521,ABEV3.SA,1052,326,65.22000122070312,60.06999969482422,-1.0
2019-12-16,13.708745956420898,13.845259010057969,13.658452034135294,13.665637075948467,17117700,0.0036822564005885017,ABEV3.SA,1049,323,65.33999633789062,60.209999084472656,-1.0
2019-12-17,13.586602210998535,13.866811973687174,13.572232128192317,13.759039093453584,14087800,-0.00890991384701778,ABEV3.SA,1048,322,66.0999984741211,60.939998626708984,-1.0
2019-12-18,13.715929985046387,13.787779027464062,13.536308064205452,13.62252581878146,31759400,0.009518772393524388,ABEV3.SA,1047,321,66.16999816894531,60.93000030517578,-1.0
2019-12-19,13.77341079711914,13.77341079711914,13.62252765071092,13.715931829536649,27270600,0.004190806757939258,ABEV3.SA,1046,320,66.54000091552734,61.220001220703125,-1.0
2019-12-20,13.943445205688477,14.017181316255494,13.655875921516369,13.729612032083388,25816100,0.012345119961491235,ABEV3.SA,1045,319,66.13999938964844,60.439998626708984,-1.0
2019-12-23,13.980313301086426,14.068796919751268,13.847589982688275,14.017182061529862,16331900,0.0026441166335926525,ABEV3.SA,1042,316,66.38999938964844,60.52000045776367,-1.0
2019-12-26,14.172025680541992,14.194146935316367,13.884456400471674,13.980312358362008,20726100,0.013713024545785268,ABEV3.SA,1039,313,67.91999816894531,61.68000030517578,-1.0
2019-12-27,14.127784729003906,14.27525694961704,14.076169873709109,14.194147087639884,13210500,-0.0031217098060178916,ABEV3.SA,1038,312,68.16000366210938,61.720001220703125,-1.0
2019-12-30,13.7664794921875,14.26788336029835,13.7664794921875,14.157279896779626,17430500,-0.025574089904884967,ABEV3.SA,1035,309,68.44000244140625,61.68000030517578,-1.0
2020-01-02,14.157278060913086,14.194145408505383,13.847587559380639,13.90657615936781,16011300,0.028387691199290632,ABEV3.SA,1032,306,66.25,61.18000030517578,-1.0
2020-01-03,13.958192825317383,14.127784896554257,13.928697818285226,13.972940328833461,20059000,-0.014062394956086854,ABEV3.SA,1031,305,68.5999984741211,63.04999923706055,-1.0
2020-01-06,14.024556159973145,14.135159631236137,13.781227960634784,13.90657893643936,14644300,0.004754436013764796,ABEV3.SA,1028,302,68.91000366210938,63.27000045776367,-1.0
2020-01-07,14.054047584533691,14.179398540911137,13.90657678117149,14.046673833405698,18036600,0.002102841917002385,ABEV3.SA,1027,301,68.2699966430664,62.70000076293945,-1.0
2020-01-08,13.987685203552246,14.127783661912959,13.906576754100652,14.076168810516702,14051700,-0.0047219408204136615,ABEV3.SA,1026,300,65.44000244140625,59.61000061035156,-1.0
2020-01-09,13.877082824707031,14.06879614931608,13.648502148072883,14.00980754223632,21199500,-0.007907125248795777,ABEV3.SA,1025,299,65.37000274658203,59.560001373291016,-1.0
2020-01-10,13.92869758605957,14.03930245418676,13.840215379237002,13.877082731013186,11697800,0.003719424464387,ABEV3.SA,1024,298,64.9800033569336,59.040000915527344,-1.0
2020-01-13,14.164651870727539,14.26788298618432,13.943444949490294,13.958192452612591,19314500,0.01694015418240702,ABEV3.SA,1021,295,64.19999694824219,58.08000183105469,-1.0
2020-01-14,14.083542823791504,14.437474445439223,13.99505921517995,14.157278929901258,21324400,-0.005726158869012066,ABEV3.SA,1020,294,64.48999786376953,58.22999954223633,-1.0
2020-01-15,13.832841873168945,14.009807696354981,13.832841873168945,14.009807696354981,17408600,-0.01780098614100467,ABEV3.SA,1019,293,64.0,57.810001373291016,-1.0
2020-01-16,13.78860092163086,13.958192994928508,13.773853417935578,13.936071739385588,10783600,-0.0031982547002071815,ABEV3.SA,1018,292,64.62000274658203,58.52000045776367,-1.0
2020-01-17,13.78860092163086,13.906578138394385,13.692743554010894,13.832842026317342,16556000,0.0,ABEV3.SA,1017,291,64.8499984741211,58.540000915527344,-1.0
2020-01-20,13.862336158752441,13.921324769395666,13.700117831083428,13.788601450247972,8035600,0.005347550309176663,ABEV3.SA,1014,288,64.8499984741211,58.540000915527344,-1.0
2020-01-21,13.818094253540039,13.950818971414275,13.75910564630697,13.773853149715071,11249000,-0.0031915187098149334,ABEV3.SA,1013,287,64.58999633789062,58.34000015258789,-1.0
2020-01-22,14.046674728393555,14.068795983186996,13.840215309252006,13.899203915635207,13925400,0.016542112874570636,ABEV3.SA,1012,286,63.209999084472656,56.7400016784668,-1.0
2020-01-23,13.751730918884277,14.0319278381602,13.707489818198324,13.936070479208194,20155900,-0.020997411502174712,ABEV3.SA,1011,285,62.040000915527344,55.59000015258789,-1.0
2020-01-24,14.002434730529785,14.017182234889551,13.803347640871207,13.877083756270617,12738200,0.018230709510264953,ABEV3.SA,1010,284,60.689998626708984,54.189998626708984,-1.0
2020-01-27,13.677994728088379,13.854961942525925,13.611632374274105,13.773852086441984,12916900,-0.02317025636506076,ABEV3.SA,1007,281,59.31999969482422,53.13999938964844,-1.0
2020-01-28,13.862336158752441,13.972941034307974,13.641129220440204,13.729612839604748,13373600,0.013477226328030945,ABEV3.SA,1006,280,59.5099983215332,53.47999954223633,-1.0
2020-01-29,13.49365520477295,13.943444180398457,13.434666601936753,13.906576831025545,12931800,-0.026595874588332902,ABEV3.SA,1005,279,59.810001373291016,53.33000183105469,-1.0
2020-01-30,13.523151397705078,13.523151397705078,13.183965846792418,13.41992168527048,15925300,0.0021859305343518987,ABEV3.SA,1004,278,58.290000915527344,52.13999938964844,-1.0
2020-01-31,13.161846160888672,13.412548099678883,13.110231304031752,13.272449626496266,20960400,-0.026717532488597318,ABEV3.SA,1003,277,58.15999984741211,51.560001373291016,-1.0
2020-02-03,12.970131874084473,13.360932257229223,12.970131874084474,13.213460043031398,18733100,-0.014565911534043852,ABEV3.SA,1000,274,54.45000076293945,50.11000061035156,-1.0
2020-02-04,13.014372825622559,13.228207393102227,12.962757973168639,13.11023018566491,16492600,0.0034109870252347907,ABEV3.SA,999,273,53.959999084472656,49.61000061035156,-1.0
2020-02-05,12.719429969787598,13.272448664126188,12.689934964351224,13.198712556934522,36940300,-0.022662855889165945,ABEV3.SA,998,272,55.279998779296875,50.75,-1.0
2020-02-06,12.43923568725586,12.889023313699074,12.35075206854606,12.889023313699074,19619000,-0.022028839594013472,ABEV3.SA,997,271,54.93000030517578,50.95000076293945,-1.0
2020-02-07,12.476101875305176,12.660441441189473,12.336003411441313,12.343377162844599,77239000,0.0029637020293045158,ABEV3.SA,996,270,54.470001220703125,50.31999969482422,-1.0
2020-02-10,12.336003303527832,12.608826477465657,12.225399846244652,12.520342867799554,17027200,-0.011229354583473738,ABEV3.SA,993,267,53.27000045776367,49.56999969482422,-1.0
2020-02-11,12.387619972229004,12.483477347284287,12.254896647874679,12.424488734326985,21283300,0.0041842294810678915,ABEV3.SA,992,266,54.0099983215332,49.939998626708984,-1.0
2020-02-12,12.277013778686523,12.439233483177937,12.151662828124595,12.328628627788643,36408300,-0.008928768705404377,ABEV3.SA,991,265,55.790000915527344,51.16999816894531,-1.0
2020-02-13,11.996818542480469,12.291761548353543,11.996818542480469,12.19590559884449,15697100,-0.02282275162812697,ABEV3.SA,990,264,56.34000015258789,51.41999816894531,-1.0
2020-02-14,12.10004997253418,12.203279687745757,11.871469286108807,11.996820257322604,23398800,0.008604900514930014,ABEV3.SA,989,263,57.31999969482422,52.04999923706055,-1.0
2020-02-17,12.24014949798584,12.402367836722696,12.12954602128346,12.203280734818707,19609100,0.011578425359372257,ABEV3.SA,986,260,57.31999969482422,52.04999923706055,-1.0
2020-02-18,11.93045711517334,12.210652640872901,11.856721006389465,12.166411538162297,18027400,-0.025301356234534667,ABEV3.SA,985,259,57.75,52.04999923706055,-1.0
2020-02-19,11.893588066101074,11.982071675753081,11.797732111510726,11.908335568776286,18162400,-0.0030903299610687274,ABEV3.SA,984,258,59.119998931884766,53.290000915527344,-1.0
2020-02-20,11.923083305358887,12.070555522205591,11.8567209484178,11.878842202864593,23155100,0.0024799277639251383,ABEV3.SA,983,257,59.310001373291016,53.779998779296875,-1.0
2020-02-21,11.982071876525879,11.982071876525879,11.701875649798549,11.871468417407037,27991000,0.004947425901191238,ABEV3.SA,982,256,58.5,53.380001068115234,-1.0
2020-02-26,11.665007591247559,11.841973407050133,11.606018985980032,11.760864250607197,42590700,-0.026461557612542985,ABEV3.SA,977,251,53.43000030517578,48.72999954223633,-1.0
2020-02-27,10.691694259643555,11.038252822196855,10.529475253291006,10.986637268284914,91108200,-0.08343872252036055,ABEV3.SA,976,250,52.18000030517578,47.09000015258789,-1.0
2020-02-28,10.721189498901367,10.721189498901367,10.330389802446135,10.691695195455683,45807500,0.002758705827302199,ABEV3.SA,975,249,50.52000045776367,44.7599983215332,-1.0
2020-03-02,10.853915214538574,11.045627852972753,10.617960062066182,10.758058543721623,31307000,0.012379756523360319,ABEV3.SA,972,246,51.900001525878906,46.75,-1.0
2020-03-03,10.868660926818848,11.148857158850225,10.809672320412204,10.876034678419591,26696400,0.0013585615871147816,ABEV3.SA,971,245,51.86000061035156,47.18000030517578,-1.0
2020-03-04,11.288955688476562,11.46592150866857,10.890782241444711,11.111989165084893,35799500,0.038670335240712284,ABEV3.SA,970,244,51.130001068115234,46.779998779296875,-1.0
2020-03-05,11.229966163635254,11.451173786241784,11.01613229252886,11.08986840113092,45949800,-0.005225419114854302,ABEV3.SA,969,243,49.9900016784668,45.900001525878906,-1.0
2020-03-06,11.2963285446167,11.429053259101115,10.839166498636612,10.957143710089584,43528300,0.005909401686029936,ABEV3.SA,968,242,45.27000045776367,41.279998779296875,-1.0
2020-03-09,10.817045211791992,11.045625867640037,10.669573707502996,10.802297709763293,46283500,-0.04242823948787422,ABEV3.SA,965,239,34.36000061035156,31.1299991607666,-1.0
2020-03-10,10.632705688476562,11.030879102886658,10.131301869145476,10.765430394346462,52663200,-0.01704157833365394,ABEV3.SA,964,238,37.220001220703125,34.36000061035156,-1.0
2020-03-11,10.138675689697266,10.566343407988528,9.511920911236137,10.426245653320539,39788900,-0.04646324399956947,ABEV3.SA,963,237,35.790000915527344,32.97999954223633,-1.0
2020-03-12,8.53861141204834,9.349706046966867,8.398513605827798,9.202233783745413,36313400,-0.15781787746449782,ABEV3.SA,962,236,33.220001220703125,31.5,1.0
2020-03-13,9.364449501037598,9.652019467595304,8.582850160957085,9.29071409900715,51339000,0.09671807851847736,ABEV3.SA,961,235,33.849998474121094,31.729999542236328,-1.0
2020-03-16,8.133061408996582,8.678707055700329,7.690646875020127,8.39851083258209,52067300,-0.1314960470345401,ABEV3.SA,958,232,30.049999237060547,28.700000762939453,1.0
2020-03-17,8.619717597961426,8.781936609196176,8.147808769932508,8.147808769932508,70142000,0.05983677787389108,ABEV3.SA,957,231,28.729999542236328,26.950000762939453,1.0
2020-03-18,8.251038551330566,8.26578605394367,7.779129718905355,7.911853726425131,62802600,-0.042771592275604564,ABEV3.SA,956,230,24.8799991607666,20.3700008392334,1.0
2020-03-19,8.627092361450195,8.966277222993693,7.639032082032193,7.97821694357569,53157300,0.04557654261098887,ABEV3.SA,955,229,28.469999313354492,25.219999313354492,1.0
2020-03-20,8.88516902923584,9.209606421984134,8.671335117306336,8.774564845217267,49887100,0.02991467541704429,ABEV3.SA,954,228,26.979999542236328,22.43000030517578,1.0
2020-03-23,8.486993789672852,9.054759287440561,8.243665618743886,9.054759287440561,50158000,-0.044813468179708105,ABEV3.SA,951,225,27.030000686645508,23.360000610351562,1.0
2020-03-24,8.324775695800781,9.28334168596308,8.324775695800781,8.93678306654754,33699600,-0.01911372835802716,ABEV3.SA,950,224,27.149999618530273,24.010000228881836,1.0
2020-03-25,8.590225219726562,8.899915809066039,8.155184347273277,8.332150197410185,33700300,0.03188668783708848,ABEV3.SA,949,223,27.389999389648438,24.489999771118164,1.0
2020-03-26,9.438185691833496,9.792117312467436,8.767189800315267,8.774562848345425,45899600,0.0987122514738823,ABEV3.SA,948,222,26.34000015258789,22.600000381469727,-1.0
2020-03-27,9.20960521697998,9.747877154428924,8.833552306279994,9.224352720866108,38232500,-0.0242186880314611,ABEV3.SA,947,221,24.93000030517578,21.510000228881836,-1.0
2020-03-30,9.253847122192383,9.60040573194325,9.121122398628286,9.290715179093487,29822100,0.004803887264443585,ABEV3.SA,944,218,22.760000228881836,20.09000015258789,-1.0
2020-03-31,8.789310455322266,9.143242080164953,8.737695602499281,9.143242080164953,27574800,-0.050199302056338824,ABEV3.SA,943,217,22.739999771118164,20.479999542236328,1.0
2020-04-01,8.619717597961426,8.789310360434033,8.435378036212724,8.553355946419575,25192600,-0.019295354080722582,ABEV3.SA,942,216,24.739999771118164,20.309999465942383,1.0
2020-04-02,8.840924263000488,9.025263804947286,8.457498381414915,8.612343624778207,18013700,0.025662866854405886,ABEV3.SA,941,215,29.940000534057617,25.31999969482422,1.0
2020-04-03,8.398509979248047,8.80405641838751,8.228917231055554,8.80405641838751,22886300,-0.05004163259309402,ABEV3.SA,940,214,34.11000061035156,28.34000015258789,1.0
2020-04-06,8.745068550109863,9.268592933239182,8.61234454391907,8.848298957769032,19126100,0.041264292323058616,ABEV3.SA,937,211,33.04999923706055,26.079999923706055,1.0
2020-04-07,9.150616645812988,9.563537614742366,9.069507483701724,9.327582473982853,37535900,0.04637449019173556,ABEV3.SA,936,210,31.8700008392334,23.6299991607666,-1.0
2020-04-08,9.076881408691406,9.349703908120189,8.863047519776972,9.216979182863055,22934300,-0.008057952810789026,ABEV3.SA,935,209,32.84000015258789,25.09000015258789,1.0
2020-04-09,8.922036170959473,9.379198256129337,8.922036170959473,9.22435297702344,23748200,-0.017059299417932716,ABEV3.SA,934,208,31.479999542236328,22.760000228881836,1.0
2020-04-13,8.922036170959473,9.025265888230265,8.774563940801697,8.929409219907594,17076200,0.0,ABEV3.SA,930,204,31.739999771118164,22.40999984741211,1.0
2020-04-14,8.914661407470703,9.283340534640214,8.914661407470703,9.062132917698582,21281900,-0.0008265785239442991,ABEV3.SA,929,203,29.600000381469727,20.110000610351562,1.0
2020-04-15,8.781937599182129,8.892541770619507,8.641839825867757,8.789311351251229,35812700,-0.014888261283524273,ABEV3.SA,928,202,27.690000534057617,19.8700008392334,1.0
2020-04-16,8.44275188446045,8.86304656825255,8.40588383104716,8.818804763516674,26018500,-0.038623106904479565,ABEV3.SA,927,201,27.81999969482422,19.8700008392334,1.0
2020-04-17,8.553356170654297,8.700827683279446,8.472246311310736,8.62709157536705,16763000,0.013100501792244312,ABEV3.SA,926,200,28.079999923706055,18.270000457763672,1.0
2020-04-20,8.56072998046875,8.737696514561932,8.324775539277443,8.405884702637028,22065800,0.0008620954941349623,ABEV3.SA,923,197,25.56999969482422,-37.630001068115234,1.0
2020-04-22,8.56810188293457,8.6934528285575,8.486992737084254,8.590222431221102,22788300,0.0008611301235570412,ABEV3.SA,921,195,20.3700008392334,13.779999732971191,1.0
2020-04-23,8.516488075256348,8.730321943322194,8.435378216307472,8.649212084373318,23608700,-0.006023948872623031,ABEV3.SA,920,194,21.329999923706055,16.5,1.0
2020-04-24,8.192049980163574,8.51648800695796,7.874986407904973,8.4427518999957,50923200,-0.03809529141893475,ABEV3.SA,919,193,21.440000534057617,16.940000534057617,1.0
2020-04-27,8.56072998046875,8.730322762474778,8.302654986215684,8.369017348600664,26166300,0.04500460827239894,ABEV3.SA,916,190,19.989999771118164,12.779999732971191,1.0
2020-04-28,8.627092361450195,8.98102472719979,8.538609445812723,8.80405819272514,27108700,0.007751953528828848,ABEV3.SA,915,189,20.459999084472656,12.34000015258789,1.0
2020-04-29,8.604971885681152,8.781937718546644,8.590224381342505,8.715575355422157,27558700,-0.0025640708180993954,ABEV3.SA,914,188,22.540000915527344,15.0600004196167,1.0
2020-04-30,8.361642837524414,8.612344760133732,8.295280481163166,8.501740598465105,35747500,-0.028277727270863307,ABEV3.SA,913,187,25.270000457763672,18.84000015258789,1.0
2020-05-04,8.671333312988281,8.730321917577347,8.18467697352867,8.214171275823205,30157800,0.03703703703703698,ABEV3.SA,909,183,27.200000762939453,20.389999389648438,1.0
2020-05-05,8.804058074951172,8.958903351045274,8.730322664506174,8.774563770133234,25595500,0.015306153871872175,ABEV3.SA,908,182,30.969999313354492,24.559999465942383,1.0
2020-05-06,8.72294807434082,8.892540838148097,8.55335601373317,8.826178482884364,67031600,-0.009212797089687697,ABEV3.SA,907,181,29.719999313354492,23.989999771118164,1.0
2020-05-07,8.509114265441895,9.069506710042832,8.361642754546814,8.590223420634281,56937900,-0.024513938071915486,ABEV3.SA,906,180,29.459999084472656,23.549999237060547,1.0
2020-05-08,8.877793312072754,8.966276217790467,8.678706950007806,8.715574299990466,23218000,0.043327546808035855,ABEV3.SA,905,179,30.969999313354492,24.739999771118164,1.0
2020-05-11,8.804058074951172,9.106375578334662,8.789311274142051,8.877794188595868,20136100,-0.0083055816383234,ABEV3.SA,902,176,29.6299991607666,24.139999389648438,1.0
2020-05-12,8.641839027404785,9.069506763102327,8.634465276016986,8.77456303638702,33395400,-0.018425485857246127,ABEV3.SA,901,175,29.979999542236328,25.780000686645508,1.0
2020-05-13,8.302654266357422,8.767190059576315,8.251038709422227,8.730322005536788,46230300,-0.039249141296401,ABEV3.SA,900,174,29.190000534057617,25.290000915527344,1.0
2020-05-14,8.656586647033691,8.715575257324916,8.317401786259303,8.33214929043196,36918000,0.042628823183739284,ABEV3.SA,899,173,31.1299991607666,27.559999465942383,1.0
2020-05-15,8.58285140991211,8.759817244376347,8.49436849267999,8.61971876469237,30012000,-0.008517818873429617,ABEV3.SA,898,172,32.5,29.43000030517578,1.0
2020-05-18,8.922036170959473,9.15061686194455,8.745069635410083,8.840926303732754,30350600,0.03951889003410303,ABEV3.SA,895,169,34.810001373291016,31.81999969482422,1.0
2020-05-19,8.804058074951172,9.106375578334662,8.804058074951172,8.988397655863213,17951200,-0.013223225477644873,ABEV3.SA,894,168,34.650001525878906,32.5,1.0
2020-05-20,8.951529502868652,9.03263865807501,8.745068684380346,8.826178542786334,14121900,0.016750392451074125,ABEV3.SA,893,167,35.75,33.4900016784668,1.0
2020-05-21,8.759815216064453,9.106373755712,8.65658481826318,8.951528510609867,38005800,-0.021416930675675183,ABEV3.SA,892,166,36.060001373291016,33.91999816894531,1.0
2020-05-22,8.656586647033691,8.840926229993693,8.604971788828797,8.77456386761614,11924400,-0.011784331802051407,ABEV3.SA,891,165,35.130001068115234,33.25,1.0
2020-05-25,9.04738712310791,9.135870039071838,8.855673786919546,8.855673786919546,12781100,0.04514486968233977,ABEV3.SA,888,162,35.130001068115234,33.25,1.0
2020-05-26,9.239099502563477,9.364450472539172,9.069507427419705,9.10637548385956,30153500,0.02118980616690025,ABEV3.SA,887,161,36.16999816894531,34.349998474121094,1.0
2020-05-27,9.865853309631348,9.924841912420206,9.320208382234602,9.349702683629031,36754400,0.06783710976312918,ABEV3.SA,886,160,34.7400016784668,32.810001373291016,1.0
2020-05-28,9.452932357788086,9.96908368539991,9.38657000405516,9.902721331666983,41520600,-0.04185354666079977,ABEV3.SA,885,159,35.290000915527344,33.709999084472656,1.0
2020-05-29,9.202231407165527,9.460307097952251,9.003145028352652,9.445560297358552,46234500,-0.026520971602638332,ABEV3.SA,884,158,35.33000183105469,35.4900016784668,1.0
2020-06-01,9.290714263916016,9.438185773794125,9.040012345523417,9.084253446887036,20420100,0.00961536966801213,ABEV3.SA,881,155,38.31999969482422,35.439998626708984,1.0
2020-06-02,9.563536643981934,9.80686480881605,9.32020847914782,9.408691384251169,25304000,0.02936505981305726,ABEV3.SA,880,154,39.56999969482422,36.810001373291016,1.0
2020-06-03,9.769998550415039,10.050194819641101,9.755251045255891,9.769998550415039,29826800,0.021588447257430143,ABEV3.SA,879,153,39.790000915527344,37.290000915527344,1.0
2020-06-04,9.865853309631348,9.939588711517615,9.718381802659202,9.80686470684249,20130800,0.009811133412321427,ABEV3.SA,878,152,39.9900016784668,37.40999984741211,1.0
2020-06-05,10.359884262084961,10.566344389317495,10.042819967863815,10.18291843874279,50766300,0.05007483255111089,ABEV3.SA,877,151,42.29999923706055,39.54999923706055,-1.0
2020-06-08,10.765430450439453,10.935022505979445,10.492607286240988,10.573717141672816,47678900,0.03914582229829611,ABEV3.SA,874,148,40.79999923706055,38.189998626708984,-1.0
2020-06-09,10.55897045135498,10.75068377486162,10.404125182861103,10.75068377486162,23940800,-0.019178053310078713,ABEV3.SA,873,147,41.18000030517578,38.939998626708984,-1.0
2020-06-10,10.2935209274292,10.706441845978048,10.182917474117696,10.691694343830058,27039100,-0.02513971652337732,ABEV3.SA,872,146,41.72999954223633,39.599998474121094,-1.0
2020-06-12,10.005950927734375,10.116555083840854,9.740502218838113,9.969083578898486,29856400,-0.027936990823862362,ABEV3.SA,870,144,38.72999954223633,36.2599983215332,1.0
2020-06-15,9.902722358703613,9.902722358703613,9.637272916241466,9.725755829328953,22964800,-0.010316717499046946,ABEV3.SA,867,141,39.720001220703125,37.119998931884766,1.0
2020-06-16,9.777372360229492,10.131304047723892,9.674141933110414,10.109183493055431,36070000,-0.012658135200968257,ABEV3.SA,866,140,40.959999084472656,38.380001068115234,1.0
2020-06-17,10.153425216674805,10.323017306314085,9.88797575017889,9.910096304653633,28294300,0.03846154596453211,ABEV3.SA,865,139,40.709999084472656,37.959999084472656,1.0
2020-06-18,10.087060928344727,10.300894789395327,9.96908372268917,10.116555229758616,26894400,-0.0065361478431031905,ABEV3.SA,864,138,41.5099983215332,38.84000015258789,1.0
2020-06-19,10.205039978027344,10.323017205001113,10.101809552825426,10.249281086542638,33153700,0.011696077828884155,ABEV3.SA,863,137,42.189998626708984,39.75,1.0
2020-06-22,10.404126167297363,10.45574173047895,10.087062551866289,10.101809353346939,24735500,0.019508614341411157,ABEV3.SA,860,134,43.08000183105469,40.459999084472656,-1.0
2020-06-23,10.27139949798584,10.558968733254368,10.175542851829816,10.514727636997462,16293000,-0.012757118394884026,ABEV3.SA,859,133,42.630001068115234,40.369998931884766,-1.0
2020-06-24,10.087060928344727,10.24927923452131,9.902721368708015,10.205038134000285,16263500,-0.01794678219625878,ABEV3.SA,858,132,40.310001373291016,38.0099983215332,1.0
2020-06-25,10.455740928649902,10.522103288222945,10.146050386108813,10.17554469000798,25008900,0.03654979412974324,ABEV3.SA,857,131,41.04999923706055,38.720001220703125,-1.0
2020-06-26,10.286149024963379,10.53685098093807,10.197666105772264,10.404126250551531,19150700,-0.016219979515925353,ABEV3.SA,856,130,41.02000045776367,38.4900016784668,-1.0
2020-06-29,10.514729499816895,10.640080466751572,10.234533262151125,10.389378532882215,22168000,0.02222216247293085,ABEV3.SA,853,127,41.709999084472656,39.70000076293945,-1.0
2020-06-30,10.426246643066406,10.912903009857398,10.404125387703415,10.522103306707006,34581800,-0.008415133908297845,ABEV3.SA,852,126,41.150001525878906,39.27000045776367,-1.0
2020-07-01,10.588464736938477,10.802298611813708,10.499981826976278,10.514729330236474,20736100,0.015558628087888993,ABEV3.SA,851,125,42.029998779296875,39.81999969482422,-1.0
2020-07-02,10.44836711883545,10.853914322595969,10.323016152160385,10.758057659656235,27363800,-0.013231154995897443,ABEV3.SA,850,124,43.13999938964844,40.650001525878906,-1.0
2020-07-03,10.426246643066406,10.440993443442059,10.33776373121347,10.396752339115427,7029000,-0.002117122753962808,ABEV3.SA,849,123,43.13999938964844,40.650001525878906,-1.0
2020-07-06,10.588464736938477,10.625332791889308,10.404125165383979,10.603212240198674,24349100,0.015558628087888993,ABEV3.SA,846,120,43.099998474121094,40.630001068115234,-1.0
2020-07-07,10.654826164245605,10.691694215975094,10.440992308054087,10.529475210285101,22581000,0.006267332323979247,ABEV3.SA,845,119,43.08000183105469,40.619998931884766,-1.0
2020-07-08,10.846541404724121,10.964518628735306,10.573718898398328,10.735937933013567,39365200,0.017993277180049505,ABEV3.SA,844,118,43.290000915527344,40.900001525878906,-1.0
2020-07-09,10.794925689697266,10.957144008259624,10.706442778699707,10.898155400927918,31569000,-0.00475872567124247,ABEV3.SA,843,117,42.349998474121094,39.619998931884766,-1.0
2020-07-10,10.949771881103516,11.053001601020357,10.728564233396426,10.780179093354848,20193200,0.014344349915630827,ABEV3.SA,842,116,43.2400016784668,40.54999923706055,-1.0
2020-07-13,10.323017120361328,11.02350742717447,10.308269615510653,10.994013120672856,36972600,-0.05723907014207341,ABEV3.SA,839,113,42.720001220703125,40.099998474121094,-1.0
2020-07-14,10.256653785705566,10.345136696849003,10.072314211690154,10.337763648320136,36408700,-0.006428676217620999,ABEV3.SA,838,112,42.900001525878906,40.290000915527344,-1.0
2020-07-15,10.536849021911621,10.65482622556528,10.337762666545975,10.382003766316295,31872500,0.027318386879408463,ABEV3.SA,837,111,43.790000915527344,41.20000076293945,-1.0
2020-07-16,10.359884262084961,10.588464941435348,10.219785791205988,10.51472953330928,23008200,-0.016794846301646515,ABEV3.SA,836,110,43.369998931884766,40.75,-1.0
2020-07-17,10.44099235534668,10.463112905204728,10.190290446290115,10.44099235534668,49831400,0.007829053994218516,ABEV3.SA,835,109,43.13999938964844,40.59000015258789,-1.0
2020-07-20,10.411499977111816,10.544224707168963,10.345137612083242,10.404126224730923,34419700,-0.002824671949861246,ABEV3.SA,832,106,43.279998779296875,40.810001373291016,-1.0
2020-07-21,10.824419975280762,10.831793023785158,10.337763614007319,10.455740828473647,41081700,0.03965999126703079,ABEV3.SA,831,105,44.31999969482422,41.959999084472656,-1.0
2020-07-22,10.846541404724121,11.15623196935334,10.743310982114474,10.802299594120067,35800700,0.002043659567337208,ABEV3.SA,830,104,44.290000915527344,41.900001525878906,-1.0
2020-07-23,10.617958068847656,10.979264130471186,10.61058502109176,10.846539426070724,21059900,-0.021074306301629653,ABEV3.SA,829,103,43.310001373291016,41.06999969482422,-1.0
2020-07-24,11.008760452270508,11.030881005998657,10.544224604781023,10.684322382658936,32629400,0.03680579456886712,ABEV3.SA,828,102,43.34000015258789,41.290000915527344,-1.0
2020-07-27,11.26683521270752,11.347945079971065,10.97189215865747,11.008760216213654,42001500,0.023442672002530918,ABEV3.SA,825,99,43.40999984741211,41.599998474121094,-1.0
2020-07-28,11.126736640930176,11.362691067271017,11.082494834391438,11.20047204756186,44883300,-0.012434598459319823,ABEV3.SA,824,98,43.220001220703125,41.040000915527344,-1.0
2020-07-29,11.170976638793945,11.36268994282384,11.089867488565725,11.178350389687308,39734800,0.003976008356397331,ABEV3.SA,823,97,43.75,41.27000045776367,-1.0
2020-07-30,10.72856330871582,11.738744086205672,10.71381580531321,11.650261175389007,108380100,-0.03960381839325822,ABEV3.SA,822,96,42.939998626708984,39.91999816894531,-1.0
2020-07-31,10.249279975891113,10.935023412366013,10.146050265075306,10.920276612192183,67776600,-0.044673580146126435,ABEV3.SA,821,95,43.29999923706055,40.27000045776367,-1.0
2020-08-03,10.109180450439453,10.315640539338418,10.02807130560046,10.27877249052086,35573500,-0.013669206596093497,ABEV3.SA,818,92,44.150001525878906,41.0099983215332,-1.0
2020-08-04,9.880599975585938,10.1091813357123,9.711007920653156,10.087060785764459,40601100,-0.02261117762949605,ABEV3.SA,817,91,44.43000030517578,41.70000076293945,-1.0
2020-08-05,9.718381881713867,10.064939750117599,9.622525225602319,10.028072400474374,47510100,-0.016417838418000597,ABEV3.SA,816,90,45.16999816894531,42.189998626708984,1.0
2020-08-06,9.777372360229492,9.873229034725831,9.593032763859553,9.755251102361276,35028900,0.006069989761013694,ABEV3.SA,815,89,45.09000015258789,41.95000076293945,1.0
2020-08-07,9.814238548278809,9.976456855840718,9.644645786300932,9.725754940081888,44280200,0.0037705619353594066,ABEV3.SA,814,88,44.400001525878906,41.220001220703125,1.0
2020-08-10,9.762622833251953,9.961709893638623,9.6225250784314,9.865853238993147,28095600,-0.005259268436664133,ABEV3.SA,811,85,44.9900016784668,41.939998626708984,1.0
2020-08-11,9.887974739074707,10.064940563176345,9.806865578828042,9.86585418686192,40751000,0.012839982447728993,ABEV3.SA,810,84,44.5,41.61000061035156,-1.0
2020-08-12,9.939589500427246,10.013325611365595,9.66676701507483,9.97645755589642,44719600,0.00521995279261489,ABEV3.SA,809,83,45.43000030517578,42.66999816894531,-1.0
2020-08-13,9.74050235748291,9.998578022205164,9.733128606330935,9.991204271053189,22611700,-0.020029714802183518,ABEV3.SA,808,82,44.959999084472656,42.2400016784668,1.0
2020-08-14,9.777372360229492,9.887975836771554,9.696262487778876,9.762624854984015,22032000,0.0037852259969175517,ABEV3.SA,807,81,44.79999923706055,42.0099983215332,1.0
2020-08-17,9.475053787231445,9.865853462565461,9.401317681002556,9.740502503896122,33507900,-0.030920227015978186,ABEV3.SA,804,78,45.369998931884766,42.88999938964844,1.0
2020-08-18,9.644646644592285,9.777371365499416,9.511921923685154,9.600405539756363,30227500,0.01789888069969403,ABEV3.SA,803,77,45.459999084472656,42.88999938964844,1.0
2020-08-19,9.475053787231445,9.73312875263331,9.438185734117,9.644645847078417,15809100,-0.017584144200444074,ABEV3.SA,802,76,45.369998931884766,42.93000030517578,1.0
2020-08-20,9.497175216674805,9.615152434998766,9.275967580717534,9.342329941824683,21512900,0.0023347022550066487,ABEV3.SA,801,75,44.900001525878906,42.58000183105469,1.0
2020-08-21,9.563536643981934,9.563536643981934,9.364449580099684,9.48242678690415,19407800,0.006987491100576282,ABEV3.SA,800,74,44.349998474121094,42.34000015258789,1.0
2020-08-24,9.482428550720215,9.666768146440901,9.452934243532894,9.629900789856565,18335400,-0.00848097270717918,ABEV3.SA,797,71,45.130001068115234,42.619998931884766,1.0
2020-08-25,9.40131664276123,9.541414385284773,9.364448593718336,9.504547039441425,14960200,-0.008553917124197397,ABEV3.SA,796,70,45.86000061035156,43.349998474121094,1.0
2020-08-26,9.364449501037598,9.54141530975021,9.209604242614157,9.3939438024897,29757700,-0.003921487077240382,ABEV3.SA,795,69,45.63999938964844,43.38999938964844,1.0
2020-08-27,9.349702835083008,9.460306291303857,9.290714231338605,9.364449634419296,20747000,-0.0015747499041941504,ABEV3.SA,794,68,45.09000015258789,43.040000915527344,1.0
2020-08-28,9.40131664276123,9.475052740847019,9.216977100746304,9.408690393209719,23050600,0.00552036878482931,ABEV3.SA,793,67,45.04999923706055,42.970001220703125,1.0
2020-08-31,9.076881408691406,9.357076957034701,9.076881408691406,9.334956403891749,38488000,-0.034509552906042296,ABEV3.SA,790,64,45.279998779296875,42.61000061035156,1.0
2020-09-01,9.327582359313965,9.349703614963019,9.172737085769004,9.216978893867429,31742100,0.027619723045241518,ABEV3.SA,789,63,45.58000183105469,42.7599983215332,1.0
2020-09-02,9.408692359924316,9.452933465463945,9.25384708413623,9.401318607934481,18202600,0.008695715297475815,ABEV3.SA,788,62,44.43000030517578,41.5099983215332,1.0
2020-09-03,9.290714263916016,9.65201963891729,9.216978157377149,9.37182341854907,37438600,-0.012539265978216085,ABEV3.SA,787,61,44.06999969482422,41.369998931884766,1.0
2020-09-04,9.290714263916016,9.379197169842882,9.150615802132092,9.357075915961445,22149500,0.0,ABEV3.SA,786,60,42.65999984741211,39.77000045776367,1.0
2020-09-08,9.106374740600586,9.253846251123749,9.084253486622389,9.253846251123749,20712000,-0.019841264953264326,ABEV3.SA,782,56,39.779998779296875,36.7599983215332,1.0
2020-09-09,9.106374740600586,9.194857646914484,8.973650029529924,9.15061584215772,17716100,0.0,ABEV3.SA,781,55,40.790000915527344,38.04999923706055,1.0
2020-09-10,9.076881408691406,9.305462098634575,9.032639599205792,9.08425445760592,30209800,-0.0032387566676433943,ABEV3.SA,780,54,40.060001373291016,37.29999923706055,1.0
2020-09-11,8.877793312072754,9.128495229872755,8.877793312072754,9.121121478596372,25286500,-0.021933535060623233,ABEV3.SA,779,53,39.83000183105469,37.33000183105469,1.0
2020-09-14,9.268592834472656,9.275966585626797,8.936781767732034,8.936781767732034,24419600,0.044019894208221944,ABEV3.SA,776,50,39.61000061035156,37.2599983215332,1.0
2020-09-15,9.504549980163574,9.556164842873615,9.216979952493851,9.298089122923882,29444700,0.025457709698210484,ABEV3.SA,775,49,40.529998779296875,38.279998779296875,1.0
2020-09-16,9.261220932006836,9.541416478524507,9.25384717994066,9.526669677591856,18729400,-0.025601322383971614,ABEV3.SA,774,48,42.220001220703125,40.15999984741211,1.0
2020-09-17,9.703635215759277,9.77737132780109,9.143242733200616,9.23172634893066,58483500,0.04777062192992876,ABEV3.SA,773,47,43.29999923706055,40.970001220703125,1.0
2020-09-18,9.430814743041992,9.711011044239466,9.430814743041992,9.66676922691362,46869000,-0.02811528531845553,ABEV3.SA,772,46,43.150001525878906,41.11000061035156,1.0
2020-09-21,9.386569023132324,9.438184572419305,9.224350734514783,9.364448475266212,18966300,-0.004691611606760904,ABEV3.SA,769,43,41.439998626708984,39.310001373291016,1.0
2020-09-22,9.438185691833496,9.497174295272485,9.268592929546683,9.379197088394505,13753000,0.0054989920783588,ABEV3.SA,768,42,41.720001220703125,39.599998474121094,1.0
2020-09-23,9.172736167907715,9.408691282155877,9.172736167907715,9.34970267939374,27736600,-0.028125058416202275,ABEV3.SA,767,41,41.77000045776367,39.93000030517578,1.0
2020-09-24,9.342329025268555,9.46030623201802,9.113747659791747,9.21697806729734,30902200,0.018488797045552063,ABEV3.SA,766,40,41.939998626708984,40.310001373291016,1.0
2020-09-25,9.467679977416992,9.519294829538236,9.216978061628751,9.327581517088449,26495500,0.013417527022372644,ABEV3.SA,765,39,41.91999816894531,40.25,1.0
2020-09-28,9.202231407165527,9.563537514906876,9.157990302184748,9.563537514906876,37732800,-0.028037340814711986,ABEV3.SA,762,36,42.43000030517578,40.599998474121094,1.0
2020-09-29,9.106374740600586,9.357075956890148,9.054759184517756,9.187483895588418,25217400,-0.0104166763824588,ABEV3.SA,761,35,41.029998779296875,39.290000915527344,1.0
2020-09-30,9.246472358703613,9.349702766094426,9.11374764965823,9.180110004180921,23817800,0.015384565438363085,ABEV3.SA,760,34,40.95000076293945,40.220001220703125,1.0
2020-10-01,9.364449501037598,9.423438103941802,9.202230491451228,9.253846046392118,20845400,0.012759151572321992,ABEV3.SA,759,33,40.93000030517578,38.720001220703125,1.0
2020-10-02,9.239099502563477,9.460307138002921,9.239099502563477,9.29808811158737,19312900,-0.013385730625193992,ABEV3.SA,758,32,39.27000045776367,37.04999923706055,1.0
2020-10-05,9.445560455322266,9.467681008182591,9.246473369980253,9.261220874020268,17239400,0.02234643676058523,ABEV3.SA,755,29,41.290000915527344,39.220001220703125,1.0
2020-10-06,9.836360931396484,10.101809695845654,9.504549800035083,9.5340441071961,55433200,0.04137398494485467,ABEV3.SA,754,28,42.650001525878906,40.66999816894531,1.0
2020-10-07,9.976457595825195,10.219785778416076,9.880600932501563,9.902722187791406,36817600,0.014242733202432634,ABEV3.SA,753,27,41.9900016784668,39.95000076293945,1.0
2020-10-08,10.087060928344727,10.160796330279643,9.902721368708015,10.03544537347071,43108600,0.0110864333815055,ABEV3.SA,752,26,43.34000015258789,41.189998626708984,-1.0
2020-10-09,10.005950927734375,10.27140033983024,9.983830377792922,10.057566481863907,24268300,-0.008040994417157887,ABEV3.SA,751,25,42.849998474121094,40.599998474121094,-1.0
2020-10-13,10.138675689697266,10.227158593150671,10.005950982917355,10.01332473400504,19256200,0.013264582539077363,ABEV3.SA,747,21,42.45000076293945,40.20000076293945,-1.0
2020-10-14,10.175543785095215,10.30089474131911,10.146049483818981,10.153423234937941,23282200,0.0036363817648703556,ABEV3.SA,746,20,43.31999969482422,41.040000915527344,-1.0
2020-10-15,9.910094261169434,10.123928118864917,9.910094261169434,10.035445216011572,17291600,-0.02608701112510592,ABEV3.SA,745,19,43.15999984741211,40.959999084472656,1.0
2020-10-16,9.784745216369629,9.932216739314224,9.71838285524464,9.932216739314224,26454900,-0.012648622858307035,ABEV3.SA,744,18,42.93000030517578,40.880001068115234,1.0
2020-10-19,9.696261405944824,9.96908459694861,9.688888357344467,9.777371269345826,20184800,-0.00904303673403506,ABEV3.SA,741,15,42.619998931884766,40.83000183105469,1.0
2020-10-20,9.865853309631348,9.910094410123186,9.740502352905121,9.851105807334326,20035400,0.017490442613536272,ABEV3.SA,740,14,43.15999984741211,41.459999084472656,1.0
2020-10-21,9.858480453491211,9.991205173415446,9.755250037639064,9.82161239760118,20369800,-0.0007473105375426226,ABEV3.SA,739,13,41.72999954223633,40.029998779296875,1.0
2020-10-22,10.005950927734375,10.005950927734375,9.777370270873607,9.887973723780481,21189900,0.014958742875119224,ABEV3.SA,738,12,42.459999084472656,40.63999938964844,-1.0
2020-10-23,10.241908073425293,10.249281122737385,9.961711806773225,10.013326667956587,25463400,0.02358168128097593,ABEV3.SA,737,11,41.77000045776367,39.849998474121094,-1.0
2020-10-26,10.470487594604492,10.625332863887502,10.219785663079652,10.219785663079652,35347700,0.02231806022281102,ABEV3.SA,734,8,40.459999084472656,38.560001373291016,-1.0
2020-10-27,10.116557121276855,10.51473061641167,10.05019475488776,10.499983111347541,31147200,-0.033802673479124246,ABEV3.SA,733,7,41.20000076293945,39.56999969482422,-1.0
2020-10-28,9.858480453491211,9.998578925233387,9.718382684948711,9.917469061635387,30778700,-0.02551032576516221,ABEV3.SA,732,6,39.119998931884766,37.38999938964844,1.0
2020-10-29,9.504549980163574,10.0059532114034,9.30546287565382,9.954338348693359,79877400,-0.03590111833130416,ABEV3.SA,731,5,37.650001525878906,36.16999816894531,1.0
2020-10-30,8.981023788452148,9.475053876522317,8.981023788452148,9.357075964804372,46496800,-0.05508163908907293,ABEV3.SA,730,4,37.459999084472656,35.790000915527344,1.0
2020-11-03,9.42343807220459,9.482426674910126,9.106374508462235,9.143241857753486,40584400,0.04926100789548071,ABEV3.SA,726,0,39.709999084472656,37.65999984741211,1.0
2020-11-04,9.452932357788086,9.681513720290432,9.416065008558338,9.563536515076168,32125300,0.003129885860924997,ABEV3.SA,725,1462,41.22999954223633,39.150001525878906,1.0
2020-11-05,9.828986167907715,9.851106720203472,9.548789927095982,9.652020343142308,23251900,0.03978170962048666,ABEV3.SA,724,1461,40.93000030517578,38.790000915527344,1.0
2020-11-06,9.769998550415039,9.946964393126315,9.681515629059401,9.733130490716919,20836200,-0.0060013938858998195,ABEV3.SA,723,1460,39.45000076293945,37.13999938964844,1.0
2020-11-09,10.485234260559082,10.507354810632945,10.042819039884167,10.182917497817721,57332800,0.07320735069235584,ABEV3.SA,720,1457,42.400001525878906,40.290000915527344,1.0
2020-11-10,11.215219497680664,11.244713800833551,10.39675205778826,10.40412510617674,88015400,0.06962030785210693,ABEV3.SA,719,1456,43.61000061035156,41.36000061035156,1.0
2020-11-11,10.986639976501465,11.244715700078252,10.876036496797,11.207847639110172,44074400,-0.0203811901520492,ABEV3.SA,718,1455,43.79999923706055,41.45000076293945,1.0
2020-11-12,10.78017807006836,11.097242358458496,10.699068911661431,10.986638193503964,28783200,-0.018792088106526883,ABEV3.SA,717,1454,43.529998779296875,41.119998931884766,1.0
2020-11-13,11.14148235321045,11.215218455842782,10.735935898331388,10.831791847273994,31182600,0.03351561363770661,ABEV3.SA,716,1453,42.779998779296875,40.130001068115234,1.0
2020-11-16,11.325821876525879,11.392184228078893,11.075120675280562,11.259460228172452,24432100,0.016545331893140114,ABEV3.SA,713,1450,43.81999969482422,41.34000015258789,1.0
2020-11-17,11.399559020996094,11.56915108762324,11.141483342076917,11.2668343057577,32058700,0.006510533652577033,ABEV3.SA,712,1449,43.75,41.43000030517578,1.0
2020-11-18,10.942397117614746,11.458547779102304,10.920276565848043,11.414305972369238,31701300,-0.04010347264655867,ABEV3.SA,711,1448,44.34000015258789,41.81999969482422,1.0
2020-11-19,10.861287117004395,11.134110299172423,10.80967226247514,10.986638080746575,30028900,-0.00741245265900492,ABEV3.SA,710,1447,44.20000076293945,41.7400016784668,1.0
2020-11-23,10.809673309326172,10.853915119778407,10.536850803936597,10.735937896172073,23466400,-0.004752089427542683,ABEV3.SA,706,1443,46.060001373291016,43.060001373291016,1.0
2020-11-24,10.876035690307617,11.134111394747348,10.772805267891782,10.853915136646982,30059900,0.006139166197020041,ABEV3.SA,705,1442,47.86000061035156,44.90999984741211,1.0
2020-11-25,10.684321403503418,10.87603472677724,10.676947651869888,10.87603472677724,19138400,-0.017627221191913622,ABEV3.SA,704,1441,48.61000061035156,45.709999084472656,1.0
2020-11-26,10.632705688476562,10.758056643309335,10.58109083761587,10.61058513856478,10458000,-0.004830977380550383,ABEV3.SA,703,1440,48.61000061035156,45.709999084472656,1.0
2020-11-27,10.55897045135498,10.765431278146592,10.55897045135498,10.676947664836094,17499400,-0.006934757650773116,ABEV3.SA,702,1439,48.18000030517578,45.529998779296875,1.0
2020-11-30,10.308268547058105,10.691695195036637,10.308268547058105,10.63270658814758,41880800,-0.023743025463690337,ABEV3.SA,699,1436,47.59000015258789,45.34000015258789,1.0
2020-12-01,10.824419975280762,10.868661079105802,10.38200471783236,10.389378469536421,26702100,0.05007159309697662,ABEV3.SA,698,1435,47.41999816894531,44.54999923706055,1.0
2020-12-02,10.971891403198242,11.008759458215911,10.676947666256556,10.77280432802263,18287100,0.01362395659575788,ABEV3.SA,697,1434,48.25,45.279998779296875,1.0
2020-12-03,10.839166641235352,10.957143854240417,10.54422360872269,10.868660944486619,32918200,-0.012096798727355473,ABEV3.SA,696,1433,48.709999084472656,45.63999938964844,1.0
2020-12-04,10.868660926818848,10.9202764848244,10.73593691400373,10.868660926818848,18361200,0.002721084245655092,ABEV3.SA,695,1432,49.25,46.2599983215332,1.0
2020-12-07,11.038254737854004,11.229967375142262,10.949771819905642,11.001386679575589,25164600,0.015603928779917675,ABEV3.SA,692,1429,48.790000915527344,45.7599983215332,1.0
2020-12-08,11.097241401672363,11.19309805508849,10.883407545036267,10.994010997255089,23395100,0.005343839693794594,ABEV3.SA,691,1428,48.84000015258789,45.599998474121094,1.0
2020-12-09,11.252087593078613,11.266834393108514,11.038253718647615,11.075121773521854,23965900,0.013953575109478589,ABEV3.SA,690,1427,48.86000061035156,45.52000045776367,1.0
2020-12-10,11.56915283203125,11.738745627429413,11.325824619538032,11.333198372207466,144062500,0.02817834791365037,ABEV3.SA,689,1426,50.25,46.779998779296875,1.0
2020-12-11,11.429054260253906,11.650261902705214,11.29632953414318,11.547031482041348,31872700,-0.012109665574600803,ABEV3.SA,688,1425,49.970001220703125,46.56999969482422,1.0
2020-12-14,11.2963285446167,11.547030470554086,11.259461193437382,11.4880418648276,21900800,-0.011613009494475746,ABEV3.SA,685,1422,50.290000915527344,46.9900016784668,1.0
2020-12-15,11.473295211791992,11.679755334476265,11.296328689148671,11.296328689148671,19882900,0.015665856961961877,ABEV3.SA,684,1421,50.7599983215332,47.619998931884766,1.0
2020-12-16,11.665007591247559,11.782984801782607,11.35531706199323,11.502789278361686,36866900,0.016709443618127207,ABEV3.SA,683,1420,51.08000183105469,47.81999969482422,-1.0
2020-12-17,11.841974258422852,11.871469266376787,11.576525515634687,11.665008429897409,58329100,0.015170728847881287,ABEV3.SA,682,1419,51.5,48.36000061035156,-1.0
2020-12-18,12.003713607788086,12.147515663140645,11.837206116704658,11.912891143071821,33239900,0.013658140596800816,ABEV3.SA,681,1418,52.2599983215332,49.099998474121094,-1.0
2020-12-21,11.670697212219238,11.950733308947562,11.587443471611168,11.844773412161407,24879600,-0.027742780813496237,ABEV3.SA,678,1415,50.90999984741211,47.7400016784668,-1.0
2020-12-22,11.738814353942871,11.920459274418029,11.708540200530345,11.731245635141551,15406100,0.005836595747879869,ABEV3.SA,677,1414,50.08000183105469,47.02000045776367,-1.0
2020-12-23,11.731246948242188,11.905323169400706,11.731246948242188,11.791795261844527,11560800,-0.0006446482133982689,ABEV3.SA,676,1413,51.20000076293945,48.119998931884766,-1.0
2020-12-28,11.93559741973877,12.064262038026575,11.73124633074271,11.784225921907852,11958000,0.017419330817786793,ABEV3.SA,671,1408,50.86000061035156,47.619998931884766,-1.0
2020-12-29,12.071830749511719,12.117242343190343,11.94316540951388,12.033987875078331,13638800,0.011414035257895971,ABEV3.SA,670,1407,51.09000015258789,48.0,-1.0
2020-12-30,11.844772338867188,12.185357432749441,11.844772338867188,12.147513842548435,19432700,-0.018808945830665724,ABEV3.SA,669,1406,51.34000015258789,48.400001525878906,-1.0
2021-01-04,11.716108322143555,11.996145146428645,11.64042329870368,11.950733554930512,17835200,-0.010862514959568914,ABEV3.SA,664,1401,51.09000015258789,47.619998931884766,-1.0
2021-01-05,11.965871810913086,12.124811309335595,11.52689546905674,11.632855375269349,37105800,0.02131795660317315,ABEV3.SA,663,1400,53.599998474121094,49.93000030517578,-1.0
2021-01-06,12.208063125610352,12.283748868517081,11.82963657645492,11.852342010609844,28371600,0.02024017292884439,ABEV3.SA,662,1399,54.29999923706055,50.630001068115234,-1.0
2021-01-07,12.147515296936035,12.291318069746236,12.041556118857745,12.132379302628802,32540100,-0.004959658878835427,ABEV3.SA,661,1398,54.380001068115234,50.83000183105469,-1.0
2021-01-08,12.510805130004883,12.677312596658322,12.13237788831359,12.185357471176713,30188800,0.029906513734580864,ABEV3.SA,660,1397,55.9900016784668,52.2400016784668,-1.0
2021-01-11,12.185359001159668,12.556217571351567,12.147515406087711,12.419983516263615,23618800,-0.02601320422333908,ABEV3.SA,657,1394,55.65999984741211,52.25,-1.0
2021-01-12,12.715158462524414,12.798412941995405,12.238340633703709,12.238340633703709,30598100,0.043478362952977134,ABEV3.SA,656,1393,56.58000183105469,53.209999084472656,-1.0
2021-01-13,12.238337516784668,12.57892262461887,12.094534755300735,12.488099448001277,44066900,-0.037500196882727654,ABEV3.SA,655,1392,56.060001373291016,52.90999984741211,-1.0
2021-01-14,12.365108489990234,12.494387048236959,12.205410764878064,12.258644306892593,17183300,0.01035851258650955,ABEV3.SA,654,1391,56.41999816894531,53.56999969482422,-1.0
2021-01-15,12.129364013671875,12.372712251707286,12.114155156738109,12.182596826022044,27742000,-0.019065297850738516,ABEV3.SA,653,1390,55.099998474121094,52.36000061035156,-1.0
2021-01-18,12.334688186645508,12.532408401656458,12.182596717728638,12.289060891017003,13979800,0.016927859757708497,ABEV3.SA,650,1387,55.099998474121094,52.36000061035156,-1.0
2021-01-19,12.372712135314941,12.425944221931552,12.152177547371188,12.387921717338424,16980100,0.0030826842230677887,ABEV3.SA,649,1386,55.900001525878906,52.97999954223633,-1.0
2021-01-20,12.182597160339355,12.463967185814196,12.091341115301312,12.410735097236017,18321500,-0.015365667033741759,ABEV3.SA,648,1385,56.08000183105469,53.2400016784668,-1.0
2021-01-21,11.870808601379395,12.22062106323516,11.779553271143051,12.129365732998817,23062400,-0.025592946631691427,ABEV3.SA,647,1384,56.099998474121094,53.130001068115234,-1.0
2021-01-22,11.520995140075684,11.825180273041623,11.36890293620913,11.726320159220155,36117500,-0.029468376843601263,ABEV3.SA,646,1383,55.40999984741211,52.27000045776367,1.0
2021-01-26,11.711111068725586,11.931644954914805,11.55141406664147,11.566623650284178,28714100,0.016501693329301625,ABEV3.SA,642,1379,55.90999984741211,52.61000061035156,-1.0
2021-01-27,11.711111068725586,11.855599212399857,11.536205208231626,11.711111068725586,27437800,0.0,ABEV3.SA,641,1378,55.810001373291016,52.849998474121094,-1.0
2021-01-28,11.817575454711914,11.984877241201733,11.604646369782131,11.703506483379167,20208100,0.009090886881829796,ABEV3.SA,640,1377,55.529998779296875,52.34000015258789,-1.0
2021-01-29,11.49057674407959,11.916435641798286,11.460158303187743,11.71111062185369,23141500,-0.02767054138012237,ABEV3.SA,639,1376,55.880001068115234,52.20000076293945,1.0
2021-02-01,11.863204002380371,11.939249744883519,11.574228440309534,11.680692624860514,22235900,0.03242894300260191,ABEV3.SA,636,1373,56.349998474121094,53.54999923706055,-1.0
2021-02-02,11.870808601379395,12.395526931546595,11.733925968641328,12.068528846174589,34642100,0.0006410240435466008,ABEV3.SA,635,1372,57.459999084472656,54.7599983215332,-1.0
2021-02-03,11.924041748046875,12.106552413521163,11.878413719061843,11.939250607553273,17825900,0.004484374102476485,ABEV3.SA,634,1371,58.459999084472656,55.689998626708984,-1.0
2021-02-04,11.863204002380371,12.000086628979183,11.749134300776353,11.855599210560197,12952800,-0.005102107737627537,ABEV3.SA,633,1370,58.84000015258789,56.22999954223633,-1.0
2021-02-05,11.80236530303955,12.030503220693447,11.79476051238902,11.92403905251703,11336800,-0.00512835312691351,ABEV3.SA,632,1369,59.34000015258789,56.849998474121094,-1.0
2021-02-08,11.361298561096191,11.840389564759018,11.308066469100163,11.81757591465113,35731300,-0.037371046448610445,ABEV3.SA,629,1366,60.560001373291016,57.970001220703125,1.0
2021-02-09,11.376508712768555,11.51339207071719,11.270043798227071,11.292858174707108,16168600,0.001338768767546128,ABEV3.SA,628,1365,61.09000015258789,58.36000061035156,1.0
2021-02-10,11.414531707763672,11.498182244062104,11.315671587465772,11.406926915763938,25616400,0.0033422375840526097,ABEV3.SA,627,1364,61.470001220703125,58.68000030517578,1.0
2021-02-11,11.368903160095215,11.574228183283122,11.277647835978206,11.498181717235857,17224700,-0.003997408639850097,ABEV3.SA,626,1363,61.13999938964844,58.2400016784668,1.0
2021-02-12,11.247227668762207,11.384110996549927,11.216809232057463,11.323274123140438,17542300,-0.010702482871002728,ABEV3.SA,625,1362,62.43000030517578,59.470001220703125,1.0
2021-02-17,11.612251281738281,11.711110671128106,11.414531052492949,11.543809608135447,30687100,0.03245454113015622,ABEV3.SA,620,1357,64.33999633789062,61.13999938964844,1.0
2021-02-18,11.247227668762207,11.574226407262765,11.247227668762207,11.551412035809655,30823900,-0.03143435360808278,ABEV3.SA,619,1356,63.93000030517578,60.52000045776367,1.0
2021-02-19,11.32327651977539,11.414531849204327,11.148369927778596,11.224416398252487,25717400,0.006761564116319896,ABEV3.SA,618,1355,62.90999984741211,59.2400016784668,1.0
2021-02-22,11.087532997131348,11.32327647447089,10.897417546940162,11.072324138237155,39438200,-0.02081937345893936,ABEV3.SA,615,1352,65.23999786376953,61.4900016784668,1.0
2021-02-23,11.171182632446289,11.285252328493563,10.965858339933721,11.148368983329965,28897400,0.007544476786367493,ABEV3.SA,614,1351,65.37000274658203,61.66999816894531,1.0
2021-02-24,11.163578987121582,11.2472295205238,11.026695636797172,11.178787845361596,16385700,-0.000680648197678102,ABEV3.SA,613,1350,67.04000091552734,63.220001220703125,1.0
2021-02-25,10.798556327819824,11.2168104207591,10.78334747047206,11.163578332192708,33159300,-0.03269763753388155,ABEV3.SA,612,1349,66.87999725341797,63.529998779296875,1.0
2021-02-26,10.661673545837402,10.935439500957676,10.646463963492097,10.80616095195379,33969400,-0.012676026111914318,ABEV3.SA,611,1348,66.12999725341797,61.5,1.0
2021-03-01,10.471558570861816,10.859393509416346,10.471558570861816,10.768138187095701,19850200,-0.017831625978626198,ABEV3.SA,608,1345,63.689998626708984,60.63999938964844,1.0
2021-03-02,10.638859748840332,10.775743096434592,10.152164691141348,10.273838455566093,42904000,0.015976721788487858,ABEV3.SA,607,1344,62.70000076293945,59.75,1.0
2021-03-03,10.775741577148438,10.988670634870592,10.365092317496483,10.60083502152354,40193500,0.012866212314061709,ABEV3.SA,606,1343,64.06999969482422,61.279998779296875,1.0
2021-03-04,11.239623069763184,11.277646297600088,10.844183385864543,10.912625050924419,37825700,0.043048683869560955,ABEV3.SA,605,1342,66.73999786376953,63.83000183105469,1.0
2021-03-05,11.46776294708252,11.673087964383754,11.33087960221503,11.368902834148535,39950600,0.02029782279203629,ABEV3.SA,604,1341,69.36000061035156,66.08999633789062,1.0
2021-03-08,11.171182632446289,11.597041525603688,11.125555334213642,11.247229096477804,40360600,-0.025862089755847473,ABEV3.SA,601,1338,68.23999786376953,65.05000305175781,1.0
2021-03-09,11.52859878540039,11.612250033134988,11.049507846927492,11.102740656912989,31116200,0.03199447764071106,ABEV3.SA,600,1337,67.5199966430664,64.01000213623047,1.0
2021-03-10,11.612251281738281,11.642669722758113,11.277647705287283,11.581832115485607,37414300,0.0072560853140128945,ABEV3.SA,599,1336,67.9000015258789,64.44000244140625,1.0
2021-03-11,11.475366592407227,11.863202213974597,11.429738573597577,11.688295654642491,19424400,-0.011787954463775896,ABEV3.SA,598,1335,69.62999725341797,66.0199966430664,1.0
2021-03-12,11.429739952087402,11.581832157741468,11.353694211876793,11.361298278234862,17805500,-0.003976050782553031,ABEV3.SA,597,1334,69.22000122070312,65.61000061035156,1.0
2021-03-15,11.635064125061035,11.635064125061035,11.368902240653863,11.384111822726405,11348000,0.017964028388601783,ABEV3.SA,594,1331,68.87999725341797,65.38999938964844,1.0
2021-03-16,11.444948196411133,11.650272468716572,11.33848330229139,11.581830802870506,16891900,-0.016339912406705848,ABEV3.SA,593,1330,68.38999938964844,64.80000305175781,1.0
2021-03-17,11.726318359375,11.756736795479457,11.262437027473865,11.422133998330441,23843400,0.024584660247924717,ABEV3.SA,592,1329,68.0,64.5999984741211,1.0
2021-03-18,11.635064125061035,11.741528298637673,11.52859922625161,11.59704089511247,20329000,-0.007782002118423503,ABEV3.SA,591,1328,63.279998779296875,60.0,1.0
2021-03-19,11.863204002380371,11.886017652608029,11.61985574076485,11.673088558273204,32656900,0.01960796046047908,ABEV3.SA,590,1327,64.52999877929688,61.41999816894531,1.0
2021-03-22,11.817575454711914,11.924040359793223,11.619855227517842,11.627460019002115,22475500,-0.0038462246505498454,ABEV3.SA,587,1324,64.62000274658203,61.54999923706055,1.0
2021-03-23,11.46776294708252,11.825180166884948,11.46776294708252,11.718715262517698,16016400,-0.02960103863689878,ABEV3.SA,586,1323,60.790000915527344,57.7599983215332,1.0
2021-03-24,11.25483226776123,11.627458292362823,11.224413831574013,11.414529239052303,25521500,-0.018567760800763722,ABEV3.SA,585,1322,64.41000366210938,61.18000030517578,1.0
2021-03-25,11.399320602416992,11.498180709521074,11.186391531472005,11.20920517919363,21553400,0.012837893201628647,ABEV3.SA,584,1321,61.95000076293945,58.560001373291016,1.0
2021-03-26,11.520995140075684,11.657878486171997,11.39932137698244,11.414530959985512,16410500,0.010673841178999055,ABEV3.SA,583,1320,64.56999969482422,60.970001220703125,1.0
2021-03-29,11.635064125061035,11.688296211849355,11.414530261638701,11.460157557390747,13766000,0.00990096633133386,ABEV3.SA,580,1317,64.9800033569336,61.560001373291016,1.0
2021-03-30,11.855599403381348,11.962063589663877,11.467763717039025,11.505786951525446,15332100,0.018954367242832504,ABEV3.SA,579,1316,64.13999938964844,60.54999923706055,1.0
2021-03-31,11.627458572387695,11.916434085742036,11.627458572387695,11.863202002440596,14580700,-0.019243297890833233,ABEV3.SA,578,1315,63.540000915527344,59.15999984741211,1.0
2021-04-01,11.406925201416016,11.711109583360667,11.399320410559207,11.70350551773663,15974100,-0.018966601308336717,ABEV3.SA,577,1314,64.86000061035156,61.45000076293945,1.0
2021-04-05,11.612251281738281,11.703506604797777,11.482972726095783,11.505786375552447,20988000,0.01800012507286164,ABEV3.SA,573,1310,62.150001525878906,58.650001525878906,1.0
2021-04-06,11.703506469726562,11.771947417306672,11.528599891956508,11.61225114772025,12645800,0.007858526807096533,ABEV3.SA,572,1309,62.7400016784668,59.33000183105469,1.0
2021-04-07,11.574226379394531,11.733923353018108,11.47536627903396,11.581830444627855,11811200,-0.011046269822334032,ABEV3.SA,571,1308,63.15999984741211,59.77000045776367,1.0
2021-04-08,11.749133110046387,11.916434886970496,11.513390389375532,11.559017685206694,19194000,0.015111742670183226,ABEV3.SA,570,1307,63.20000076293945,59.599998474121094,1.0
2021-04-09,11.68069076538086,11.8936205510517,11.56662180716864,11.574226597778189,16710000,-0.005825310176033716,ABEV3.SA,569,1306,62.95000076293945,59.31999969482422,1.0
2021-04-12,11.79476261138916,11.863204288958336,11.680692907029574,11.787157819385278,11987600,0.009765847611203471,ABEV3.SA,566,1303,63.279998779296875,59.70000076293945,1.0
2021-04-13,11.886016845703125,11.96966737434767,11.688296623198397,11.787156734450761,19448300,0.0077368436585445455,ABEV3.SA,565,1302,63.66999816894531,60.18000030517578,1.0
2021-04-14,12.022899627685547,12.09134057053128,11.878411500579174,11.893621082477859,21466700,0.011516287058932262,ABEV3.SA,564,1301,66.58000183105469,63.150001525878906,1.0
2021-04-15,12.068527221679688,12.190201704182941,11.954458255546838,12.00769034304446,17705700,0.0037950573827525425,ABEV3.SA,563,1300,66.94000244140625,63.459999084472656,1.0
2021-04-16,12.015295028686523,12.13696878488867,11.95445815058545,12.00769023761569,13563400,-0.004410827602686962,ABEV3.SA,562,1299,66.7699966430664,63.130001068115234,1.0
2021-04-19,11.96206283569336,12.220619943624683,11.794761774870716,11.817575424031471,20032500,-0.004430369197433115,ABEV3.SA,559,1296,67.05000305175781,63.380001068115234,1.0
2021-04-20,11.878411293029785,12.015294626795077,11.809969626147138,11.91643452187934,12697600,-0.006993069992407008,ABEV3.SA,558,1295,66.56999969482422,62.439998626708984,1.0
2021-04-22,12.091341018676758,12.251038733600746,11.908830380524785,12.083736952678366,22839800,0.01792577478538049,ABEV3.SA,556,1293,65.4000015258789,61.43000030517578,1.0
2021-04-23,12.05331802368164,12.205409490734652,12.030503650914188,12.15217740474282,22545200,-0.003144646647248228,ABEV3.SA,555,1292,66.11000061035156,62.13999938964844,1.0
2021-04-26,11.855599403381348,12.053319642524439,11.771948142464645,11.863204195325208,19142000,-0.01640366743097854,ABEV3.SA,552,1289,65.6500015258789,61.90999984741211,1.0
2021-04-27,11.627458572387695,11.863202002440596,11.566621698548122,11.794760338062892,18054400,-0.019243297890833233,ABEV3.SA,551,1288,66.41999816894531,62.939998626708984,1.0
2021-04-28,11.566622734069824,11.71871493228507,11.543809085645739,11.635064404574887,11855100,-0.005232083859007752,ABEV3.SA,550,1287,67.2699966430664,63.86000061035156,1.0
2021-04-29,11.604645729064941,11.756737924188883,11.56662249897576,11.56662249897576,14243200,0.003287303119442031,ABEV3.SA,549,1286,68.55999755859375,65.01000213623047,1.0
2021-04-30,11.361298561096191,11.635065263322298,11.338484910988303,11.559018795985521,29652900,-0.020969805856223878,ABEV3.SA,548,1285,67.25,63.58000183105469,1.0
2021-05-03,11.25483226776123,11.399319658342332,11.110344151947405,11.346087576322883,25143600,-0.009370961669780131,ABEV3.SA,545,1282,67.55999755859375,64.48999786376953,1.0
2021-05-04,11.133160591125488,11.254834358476664,11.057114123914573,11.209206333103543,16889200,-0.010810616608144641,ABEV3.SA,544,1281,68.87999725341797,65.69000244140625,1.0
2021-05-05,11.300459861755371,11.346087879873279,11.079926012189757,11.140762886191807,18070800,0.015027113752696719,ABEV3.SA,543,1280,68.95999908447266,65.62999725341797,1.0
2021-05-06,12.30427074432373,12.387921996874915,11.95445832745072,12.045713645952445,73311200,0.08882920649677262,ABEV3.SA,542,1279,68.08999633789062,64.70999908447266,1.0
2021-05-07,12.327083587646484,12.418339630790545,12.167387325226375,12.311875455843806,22279100,0.0018540589521145456,ABEV3.SA,541,1278,68.27999877929688,64.9000015258789,1.0
2021-05-10,12.54761791229248,12.66168687594748,12.235828734751548,12.281456030120436,29355000,0.017890227082341115,ABEV3.SA,538,1275,68.31999969482422,64.91999816894531,1.0
2021-05-11,12.82898998260498,12.927849368986466,12.357503073295888,12.433549536147758,25719300,0.02242434159848372,ABEV3.SA,537,1274,68.55000305175781,65.27999877929688,1.0
2021-05-12,12.82898998260498,13.102755218219825,12.661687474237736,12.661687474237736,35518800,0.0,ABEV3.SA,536,1273,69.31999969482422,66.08000183105469,1.0
2021-05-13,12.836592674255371,13.034312887484205,12.745338083820872,12.927848715155434,19320300,0.0005926180985953433,ABEV3.SA,535,1272,67.05000305175781,63.81999969482422,1.0
2021-05-14,13.064733505249023,13.178802481219684,12.973477454193059,13.003896621366955,20899500,0.017772693796789474,ABEV3.SA,534,1271,68.70999908447266,65.37000274658203,1.0
2021-05-17,13.232034683227539,13.330895526898217,13.003896729391062,13.102756122596006,16843500,0.012805556111136873,ABEV3.SA,531,1268,69.45999908447266,66.2699966430664,1.0
2021-05-18,13.24724292755127,13.376521475111831,13.125569171078459,13.194010840402614,15746000,0.0011493503975625874,ABEV3.SA,530,1267,68.70999908447266,65.48999786376953,1.0
2021-05-19,13.353705406188965,13.384124566677324,13.178799584777117,13.209218745265476,17538900,0.008036576306476473,ABEV3.SA,529,1266,66.66000366210938,63.36000061035156,1.0
2021-05-20,13.3385009765625,13.414545997947773,13.209222409555407,13.346104318328381,21344500,-0.0011385925601906655,ABEV3.SA,528,1265,65.11000061035156,62.04999923706055,1.0
2021-05-21,13.391732215881348,13.406940348906998,13.102755931408266,13.346103465407252,27358200,0.003990796223082516,ABEV3.SA,527,1264,66.44000244140625,63.58000183105469,1.0
2021-05-24,13.406938552856445,13.490589800386962,13.262451880441668,13.391730421868141,13845700,0.00113550187010647,ABEV3.SA,524,1261,68.45999908447266,66.05000305175781,1.0
2021-05-25,13.391732215881348,13.536218907652174,13.330895332381601,13.505801191135157,13963000,-0.0011342139680246,ABEV3.SA,523,1260,68.6500015258789,66.06999969482422,1.0
2021-05-26,13.285266876220703,13.536219207524807,13.171197898439882,13.498196698419783,16085400,-0.007950079791349651,ABEV3.SA,522,1259,68.87000274658203,66.20999908447266,1.0
2021-05-27,13.452569007873535,13.452569007873535,13.079942917664065,13.216824816758105,41881900,0.01259305764886709,ABEV3.SA,521,1258,69.45999908447266,66.8499984741211,1.0
2021-05-28,13.574240684509277,13.642682348753658,13.30807881805508,13.376520482299458,17328000,0.009044493773979534,ABEV3.SA,520,1257,69.62999725341797,66.31999969482422,-1.0
2021-05-31,13.650288581848145,13.650288581848145,13.467776490931486,13.490590864912477,10102100,0.005602368420183579,ABEV3.SA,517,1254,69.62999725341797,66.31999969482422,-1.0
2021-06-01,14.2738676071167,14.433563880759493,13.62747481994555,13.680706911159817,60016600,0.04568247927723501,ABEV3.SA,516,1253,70.25,67.72000122070312,-1.0
2021-06-02,14.730143547058105,14.950676682520063,14.159797280582115,14.273866243784202,60424800,0.031965824014923205,ABEV3.SA,515,1252,71.3499984741211,68.83000183105469,-1.0
2021-06-04,14.737748146057129,14.798585028324414,14.494400616987994,14.676911263789846,33841600,0.0005162610245261767,ABEV3.SA,513,1250,71.88999938964844,69.62000274658203,-1.0
2021-06-07,14.905052185058594,15.072353265793566,14.593262950231788,14.692122350105672,27901200,0.011352076134251599,ABEV3.SA,510,1247,71.48999786376953,69.2300033569336,-1.0
2021-06-08,14.897443771362305,15.102768764034396,14.730142731295496,14.806187735575103,23209600,-0.0005104587090218882,ABEV3.SA,509,1246,72.22000122070312,70.05000305175781,-1.0
2021-06-09,14.684515953063965,15.02672431997408,14.66170302891374,14.897445764748667,25062800,-0.01429290968076391,ABEV3.SA,508,1245,72.22000122070312,69.95999908447266,-1.0
2021-06-10,14.692119598388672,14.806188561637665,14.517213758042512,14.775770848321862,17134100,0.0005178002018595418,ABEV3.SA,507,1244,72.5199966430664,70.29000091552734,-1.0
2021-06-11,14.403145790100098,14.745352703494742,14.327099325857176,14.631283732363194,30946600,-0.019668626187896443,ABEV3.SA,506,1243,72.69000244140625,70.91000366210938,-1.0
2021-06-14,14.81379508972168,14.829004673395913,14.441168992497362,14.471588159845828,22185300,0.028511084009428034,ABEV3.SA,503,1240,72.86000061035156,70.87999725341797,-1.0
2021-06-15,14.54763126373291,14.790980219114038,14.54763126373291,14.790980219114038,12469400,-0.01796729496909566,ABEV3.SA,502,1239,73.98999786376953,72.12000274658203,-1.0
2021-06-16,14.517213821411133,14.714934035456379,14.448772153069871,14.555236325838246,36205000,-0.002090886259786373,ABEV3.SA,501,1238,74.38999938964844,72.1500015258789,-1.0
2021-06-17,14.456377983093262,14.844213648080707,14.311889845047192,14.53242444787886,22474800,-0.004190600143131107,ABEV3.SA,500,1237,73.08000183105469,71.04000091552734,-1.0
2021-06-18,14.266261100769043,14.517213393806676,14.175005062180118,14.38793485191059,27084500,-0.013151073010581271,ABEV3.SA,499,1236,73.51000213623047,71.63999938964844,-1.0
2021-06-21,14.243448257446289,14.357517230077857,14.114169701672997,14.220635333199386,13009100,-0.0015990765317988043,ABEV3.SA,496,1233,74.9000015258789,73.66000366210938,-1.0
2021-06-22,13.908844947814941,14.197819750594501,13.74154244842075,14.121773291821283,32543400,-0.023491734837202904,ABEV3.SA,495,1232,74.80999755859375,73.05999755859375,-1.0
2021-06-23,13.680705070495605,14.007703815919564,13.61226340515266,13.787169238599962,21757300,-0.016402503455556605,ABEV3.SA,494,1231,75.19000244140625,73.08000183105469,-1.0
2021-06-24,13.650288581848145,13.76435755082183,13.475381282258482,13.76435755082183,21592700,-0.0022233129426244558,ABEV3.SA,493,1230,75.55999755859375,73.30000305175781,-1.0
2021-06-25,12.889825820922852,13.688309990162807,12.889825820922852,13.55903144890376,66198100,-0.05571037977442761,ABEV3.SA,492,1229,76.18000030517578,74.05000305175781,-1.0
2021-06-28,13.308080673217773,13.422149646037932,12.927849796840123,13.057128352827151,41325600,0.03244844873047148,ABEV3.SA,489,1226,74.68000030517578,72.91000366210938,-1.0
2021-06-29,13.148384094238281,13.308080362363127,12.851803031274688,13.194011392207429,46943000,-0.011999970762190948,ABEV3.SA,488,1225,74.76000213623047,72.9800033569336,-1.0
2021-06-30,12.981081008911133,13.277660608264453,12.943058504032969,13.041917886995547,28949400,-0.01272423167197112,ABEV3.SA,487,1224,75.12999725341797,73.47000122070312,-1.0
2021-07-01,13.079940795898438,13.17119538049158,12.790964560267387,12.821383722108749,39119700,0.0076156821546249365,ABEV3.SA,486,1223,75.83999633789062,75.2300033569336,-1.0
2021-07-02,13.25484848022461,13.40693995932157,13.117965133711374,13.224429314125814,24241600,0.013372207646461076,ABEV3.SA,485,1222,76.16999816894531,75.16000366210938,-1.0
2021-07-05,13.642684936523438,13.688312237852534,13.201617155766819,13.247244457095915,18812100,0.02925996905037853,ABEV3.SA,482,1219,76.16999816894531,75.16000366210938,-1.0
2021-07-06,13.346101760864258,13.581845923474404,13.171195924449396,13.490589884647003,34060600,-0.021739355342377142,ABEV3.SA,481,1218,74.52999877929688,73.37000274658203,-1.0
2021-07-07,13.51340389251709,13.612263268987158,13.35370619149253,13.45256701842809,25160400,0.012535655328466344,ABEV3.SA,480,1217,73.43000030517578,72.19999694824219,-1.0
2021-07-08,13.201615333557129,13.406938886430275,13.13317366577756,13.285265132703389,17936500,-0.023072540526418384,ABEV3.SA,479,1216,74.12000274658203,72.94000244140625,-1.0
2021-07-12,13.429754257202148,13.475381555624104,13.148384224723475,13.315685285914425,15673600,0.0172811370336714,ABEV3.SA,475,1212,75.16000366210938,74.0999984741211,-1.0
2021-07-13,13.53621768951416,13.612264149661774,13.24724288151193,13.300474968475585,22447700,0.007927429666474861,ABEV3.SA,474,1211,76.48999786376953,75.25,-1.0
2021-07-14,13.619867324829102,13.81758751756866,13.505798373373889,13.764355436920589,28762700,0.006179690459598763,ABEV3.SA,473,1210,74.76000213623047,73.12999725341797,-1.0
2021-07-15,13.399335861206055,13.650288165479736,13.27766065415114,13.650288165479736,23006300,-0.016191895145778457,ABEV3.SA,472,1209,73.47000122070312,71.6500015258789,-1.0
2021-07-16,13.25484848022461,13.52101038172638,13.25484848022461,13.482986424102885,23216000,-0.010783174813892571,ABEV3.SA,471,1208,73.58999633789062,71.80999755859375,-1.0
2021-07-19,12.935453414916992,13.15598654896707,12.851802165553746,13.110359254071458,21998300,-0.0240964704941089,ABEV3.SA,468,1205,68.62000274658203,66.41999816894531,-1.0
2021-07-20,12.950662612915039,13.04952199067012,12.828988863155475,12.950662612915039,15847800,0.0011757761796358235,ABEV3.SA,467,1204,69.3499984741211,67.41999816894531,-1.0
2021-07-21,13.079940795898438,13.095148926353648,12.89742872578121,12.981079970379485,13985700,0.009982360505204957,ABEV3.SA,466,1203,72.2300033569336,70.30000305175781,-1.0
2021-07-22,12.950662612915039,13.079941153342766,12.844196994026289,13.034312409333797,17005900,-0.009883697869942698,ABEV3.SA,465,1202,73.79000091552734,71.91000366210938,-1.0
2021-07-23,12.737733840942383,13.01910531623076,12.722524258393687,13.011500524956412,11774400,-0.016441534949749426,ABEV3.SA,464,1201,74.0999984741211,72.06999969482422,-1.0
2021-07-26,12.996289253234863,13.026706963913135,12.714917814517309,12.737732185375089,11973200,0.020298383960686728,ABEV3.SA,461,1198,74.5,71.91000366210938,-1.0
2021-07-27,12.867011070251465,12.988684817214065,12.775755034796777,12.927847943732765,11928000,-0.009947314996180179,ABEV3.SA,460,1197,74.4800033569336,71.6500015258789,-1.0
2021-07-28,13.178801536560059,13.178801536560059,12.813780259432468,12.95826839222008,27723400,0.02423177104661489,ABEV3.SA,459,1196,74.73999786376953,72.38999938964844,-1.0
2021-07-29,13.026708602905273,13.224428823819796,12.570432732065505,13.095150273624363,54590700,-0.011540725705054156,ABEV3.SA,458,1195,76.05000305175781,73.62000274658203,-1.0
2021-07-30,12.654083251953125,13.186407065388895,12.654083251953125,12.927849950344743,23889000,-0.028604719911293985,ABEV3.SA,457,1194,76.33000183105469,73.94999694824219,-1.0
2021-08-02,12.82138442993164,13.057127145354825,12.82138442993164,12.851802142986786,21537000,0.013221121960983906,ABEV3.SA,454,1191,72.88999938964844,71.26000213623047,-1.0
2021-08-03,12.981081008911133,13.11035955614871,12.608454949335899,12.806175165726641,26003800,0.012455486367500157,ABEV3.SA,453,1190,72.41000366210938,70.55999755859375,-1.0
2021-08-04,12.646477699279785,12.973476469244748,12.616059984880932,12.85940750193422,20523000,-0.025776228451363403,ABEV3.SA,452,1189,70.37999725341797,68.1500015258789,-1.0
2021-08-05,12.638874053955078,12.867011983078418,12.616059680856512,12.775755941149734,18203900,-0.0006012460944078146,ABEV3.SA,451,1188,71.29000091552734,69.08999633789062,-1.0
2021-08-06,13.003894805908203,13.057126890565126,12.669291266037584,12.699710428964696,18667000,0.028880796690817556,ABEV3.SA,450,1187,70.69999694824219,68.27999877929688,-1.0
2021-08-09,13.049522399902344,13.201615317104178,12.927848646327098,13.011499895834662,15969000,0.0035087636954282964,ABEV3.SA,447,1184,69.04000091552734,66.4800033569336,-1.0
2021-08-10,12.707314491271973,13.041918050155065,12.707314491271973,13.041918050155065,21467500,-0.026223787978089663,ABEV3.SA,446,1183,70.62999725341797,68.29000091552734,-1.0
2021-08-11,12.600850105285645,12.790965529808277,12.5171988543467,12.707314278869333,17091400,-0.008378197144601529,ABEV3.SA,445,1182,71.44000244140625,69.25,-1.0
2021-08-12,12.608455657958984,12.76054858695077,12.547618776455403,12.600850866462828,15643300,0.0006035745691594929,ABEV3.SA,444,1181,71.30999755859375,69.08999633789062,-1.0
2021-08-13,12.661685943603516,12.669290734015945,12.395524081030315,12.616058651594399,16218300,0.004221792667441493,ABEV3.SA,443,1180,70.58999633789062,68.44000244140625,-1.0
2021-08-16,12.471572875976562,12.699712279781668,12.418340783561758,12.57043371943183,18371000,-0.015014830447835803,ABEV3.SA,440,1177,69.51000213623047,67.29000091552734,-1.0
2021-08-17,12.410734176635742,12.540012718078428,12.251037922747113,12.463966261265284,26879900,-0.004878189779735864,ABEV3.SA,439,1176,69.02999877929688,66.58999633789062,-1.0
2021-08-18,12.52480411529541,12.79096600970621,12.33468868363993,12.39552556375106,23317500,0.009191232125043358,ABEV3.SA,438,1175,68.2300033569336,65.45999908447266,-1.0
2021-08-19,13.072338104248047,13.133174987232874,12.479177407296696,12.517199915237574,39834200,0.043715972234965594,ABEV3.SA,437,1174,66.44999694824219,63.689998626708984,-1.0
2021-08-20,13.3385009765625,13.384128279486825,12.85940921922676,12.85940921922676,34873200,0.02036077021508187,ABEV3.SA,436,1173,65.18000030517578,62.31999969482422,-1.0
2021-08-23,13.201615333557129,13.368916382315208,13.095149711196935,13.31568429636789,17262100,-0.010262445776020646,ABEV3.SA,433,1170,68.75,65.63999938964844,-1.0
2021-08-24,13.3765230178833,13.437359903136283,13.19401236212435,13.292871756735789,18073900,0.013248960820845479,ABEV3.SA,432,1169,71.05000305175781,67.54000091552734,-1.0
2021-08-25,13.368917465209961,13.399336631338443,13.186406819836101,13.308080583418676,13858600,-0.0005685747083282733,ABEV3.SA,431,1168,72.25,68.36000061035156,-1.0
2021-08-26,13.01150131225586,13.277661770634742,12.973477353583366,13.232034470693465,22172500,-0.026734861209533833,ABEV3.SA,430,1167,71.06999969482422,67.41999816894531,-1.0
2021-08-27,12.958268165588379,13.064732340272197,12.859407331554321,13.064732340272197,16973500,-0.004091237851034046,ABEV3.SA,429,1166,72.69999694824219,68.73999786376953,-1.0
2021-08-30,13.064733505249023,13.102756013750668,12.783362010753384,12.897430986724045,16781900,0.00821601608333511,ABEV3.SA,426,1163,73.41000366210938,69.20999908447266,-1.0
2021-08-31,13.003894805908203,13.057126890565126,12.783360226083209,13.04191730910157,28079100,-0.004656711850752782,ABEV3.SA,425,1162,72.98999786376953,68.5,-1.0
2021-09-01,13.125569343566895,13.216823936887922,12.958268288834605,13.049522882155632,17593400,0.009356776525399901,ABEV3.SA,424,1161,71.58999633789062,68.58999633789062,-1.0
2021-09-02,12.562828063964844,13.019105389742707,12.46396722730573,13.019105389742707,36473800,-0.042873666267121746,ABEV3.SA,423,1160,73.02999877929688,69.98999786376953,-1.0
2021-09-03,12.593246459960938,12.74533939360243,12.50199186014861,12.654083343324391,40771400,0.0024213016242216057,ABEV3.SA,422,1159,72.61000061035156,69.29000091552734,-1.0
2021-09-06,13.072338104248047,13.072338104248047,12.41073573263055,12.593246381585034,10036700,0.038043537527065574,ABEV3.SA,419,1156,72.61000061035156,69.29000091552734,-1.0
2021-09-08,12.327083587646484,12.935453824187162,12.327083587646484,12.920244241918885,39304600,-0.057010039876445706,ABEV3.SA,417,1154,72.5999984741211,69.30000305175781,1.0
2021-09-09,12.403130531311035,12.47917699514691,12.174992590269067,12.319480726510664,26356800,0.006169094508352346,ABEV3.SA,416,1153,71.44999694824219,68.13999938964844,-1.0
2021-09-10,12.243433952331543,12.646477734653818,12.243433952331543,12.494386261302898,23336500,-0.012875505790763575,ABEV3.SA,415,1152,72.91999816894531,69.72000122070312,1.0
2021-09-13,12.433549880981445,12.62366531815099,12.38031779064848,12.570433227818025,14849500,0.015527990708333661,ABEV3.SA,412,1149,73.51000213623047,70.44999694824219,-1.0
2021-09-14,12.501989364624023,12.676895188072756,12.44875728361488,12.479174993992066,12461100,0.005504420241821961,ABEV3.SA,411,1148,73.5999984741211,70.45999908447266,-1.0
2021-09-15,12.182597160339355,12.540013648268294,12.16738757775541,12.517199274392375,20538700,-0.02554731050951209,ABEV3.SA,410,1147,75.45999908447266,72.61000061035156,1.0
2021-09-16,12.26624584197998,12.509594789674106,12.000084698194355,12.167386465155412,26714500,0.006866243752436052,ABEV3.SA,409,1146,75.66999816894531,72.61000061035156,1.0
2021-09-17,11.969666481018066,12.304270021089488,11.673086894628353,12.304270021089488,53864700,-0.02417849477196199,ABEV3.SA,408,1145,75.33999633789062,71.97000122070312,1.0
2021-09-20,11.870808601379395,12.060924054013336,11.75673961989219,11.809971714555166,22475300,-0.008259033766349622,ABEV3.SA,405,1142,73.91999816894531,70.29000091552734,1.0
2021-09-21,11.908830642700195,12.16738774839075,11.847993761976866,11.92404022549744,12843400,0.0032029866370166804,ABEV3.SA,404,1141,74.36000061035156,70.55999755859375,1.0
2021-09-22,11.95445728302002,12.091339886197115,11.8860156188151,11.992480510381945,13740400,0.003831328338504081,ABEV3.SA,403,1140,76.19000244140625,72.2300033569336,1.0
2021-09-23,12.076132774353027,12.152178514826199,11.91643577655667,12.015295891881353,21550900,0.010178253052594455,ABEV3.SA,402,1139,77.25,73.30000305175781,1.0
2021-09-24,12.045713424682617,12.098945511522594,11.8708068568426,11.878411647886251,16219600,-0.0025189644929222155,ABEV3.SA,401,1138,78.08999633789062,73.9800033569336,1.0
2021-09-27,12.038107872009277,12.167386410640956,11.901224542815088,11.901224542815088,14263100,-0.000631390803118026,ABEV3.SA,398,1135,79.52999877929688,75.44999694824219,1.0
2021-09-28,11.741528511047363,12.068527279194685,11.680691632122207,11.984876751980794,17672700,-0.024636709033943216,ABEV3.SA,397,1134,79.08999633789062,75.29000091552734,1.0
2021-09-29,11.77955150604248,12.000085369042756,11.726319419356038,11.817574735918276,37200600,0.0032383343411670484,ABEV3.SA,396,1133,78.63999938964844,74.83000183105469,1.0
2021-09-30,11.635064125061035,11.84038840641083,11.627459334024765,11.825179549571077,39267900,-0.012265949251745956,ABEV3.SA,395,1132,78.5199966430664,75.02999877929688,1.0
2021-10-01,11.612251281738281,11.756738695274274,11.444949493512782,11.718715462691273,24130000,-0.001960697687399704,ABEV3.SA,394,1131,79.27999877929688,75.87999725341797,1.0
2021-10-04,11.437344551086426,11.581831962716572,11.262438698837679,11.467762991705026,29169100,-0.015062258506833959,ABEV3.SA,391,1128,81.26000213623047,77.62000274658203,1.0
2021-10-05,11.54380989074707,11.65787886605583,11.315671214896692,11.460158631969978,22871800,0.009308571511953856,ABEV3.SA,390,1127,82.55999755859375,78.93000030517578,1.0
2021-10-06,11.48297119140625,11.70350504063408,11.422134317497383,11.444947963905022,36830600,-0.005270244392155621,ABEV3.SA,389,1126,81.08000183105469,77.43000030517578,1.0
2021-10-07,11.46776294708252,11.559018268583236,11.414530857515308,11.505786179016026,19716000,-0.0013244171800337323,ABEV3.SA,388,1125,81.94999694824219,78.30000305175781,1.0
2021-10-08,11.68069076538086,11.847992532627163,11.520993788744104,11.536203369963198,23980500,0.018567511316800456,ABEV3.SA,387,1124,82.38999938964844,79.3499984741211,1.0
2021-10-11,11.589436531066895,11.840388842647386,11.520994859684432,11.642669345049265,20540600,-0.0078124004947056624,ABEV3.SA,384,1121,83.6500015258789,80.5199966430664,1.0
2021-10-13,11.79476261138916,11.92404117452363,11.559019135898986,11.559019135898986,22276300,0.017716657731535523,ABEV3.SA,382,1119,83.18000030517578,80.44000244140625,1.0
2021-10-14,11.77955150604248,11.863202756815792,11.695900980501957,11.817574735918276,11517700,-0.0012896491305379731,ABEV3.SA,381,1118,84.0,81.30999755859375,1.0
2021-10-15,11.80997085571289,11.886017321329389,11.680692299304548,11.794761997729296,19521400,0.002582386065785869,ABEV3.SA,380,1117,84.86000061035156,82.27999877929688,1.0
2021-10-18,11.878411293029785,11.954457750728896,11.635063788765061,11.711109521231402,16887800,0.005795140238114005,ABEV3.SA,377,1114,84.33000183105469,82.44000244140625,1.0
2021-10-19,11.51339054107666,11.825179725884661,11.46015772826185,11.597041068024504,21370000,-0.03072976199833377,ABEV3.SA,376,1113,85.08000183105469,82.95999908447266,1.0
2021-10-20,11.718714714050293,11.847993261433931,11.56662251866742,11.635064187897912,19273600,0.017833510662310204,ABEV3.SA,375,1112,85.81999969482422,83.87000274658203,1.0
2021-10-21,11.51339054107666,11.61985471624068,11.292856674366162,11.40692564067984,23499300,-0.017521048850814402,ABEV3.SA,374,1111,84.61000061035156,82.5,1.0
2021-10-22,11.406925201416016,11.581831039725998,11.057112799563281,11.277646657781347,29599100,-0.009247088360357925,ABEV3.SA,373,1110,85.52999877929688,83.76000213623047,1.0
2021-10-25,11.612251281738281,11.741529112147939,11.406926260929781,11.414531052492949,19933100,0.01800012507286164,ABEV3.SA,370,1107,85.98999786376953,83.76000213623047,1.0
2021-10-26,11.52859878540039,11.650272536396791,11.444948262898556,11.520993994654924,20648000,-0.007203813826302974,ABEV3.SA,369,1106,86.4000015258789,84.6500015258789,1.0
2021-10-27,11.574226379394531,11.946852409438634,11.574226379394531,11.642668043123598,26056100,0.003957774474025566,ABEV3.SA,368,1105,84.58000183105469,82.66000366210938,1.0
2021-10-28,12.699712753295898,12.828991318465945,12.29666747353851,12.479178133108142,91395500,0.09724074309666686,ABEV3.SA,367,1104,84.31999969482422,82.80999755859375,-1.0
2021-10-29,12.920245170593262,13.095151027853435,12.699712013714281,12.722524938290833,44577500,0.017365150029879928,ABEV3.SA,366,1103,84.37999725341797,83.56999969482422,-1.0
2021-11-01,13.201615333557129,13.338498669116264,12.905034289690482,13.026708043417367,39314900,0.02177746314011686,ABEV3.SA,363,1100,84.70999908447266,84.05000305175781,-1.0
2021-11-03,13.559032440185547,13.764357453160738,13.079942193709064,13.079942193709064,42222400,0.027073740417197456,ABEV3.SA,361,1098,81.98999786376953,80.86000061035156,-1.0
2021-11-04,13.59705638885498,13.673102859188964,13.422150522412865,13.551429086840901,19997300,0.0028043261078674053,ABEV3.SA,360,1097,80.54000091552734,78.80999755859375,-1.0
2021-11-05,13.612264633178711,13.779567141539278,13.559032544324218,13.673101513364653,19208500,0.001118495348463533,ABEV3.SA,359,1096,82.73999786376953,81.2699966430664,-1.0
2021-11-08,13.49059009552002,13.711124680028547,13.437358009732597,13.551426972200726,16697000,-0.008938596254007614,ABEV3.SA,356,1093,83.43000030517578,81.93000030517578,-1.0
2021-11-09,13.604659080505371,13.756751997691643,13.460172404690526,13.460172404690526,23812900,0.008455448144053523,ABEV3.SA,355,1092,84.77999877929688,84.1500015258789,-1.0
2021-11-10,13.498193740844727,13.741541226915063,13.452566449822895,13.55903061236231,20848100,-0.007825652890722012,ABEV3.SA,354,1091,82.63999938964844,81.33999633789062,-1.0
2021-11-11,13.391732215881348,13.642684541626016,13.384127424135665,13.635079749880333,24597200,-0.007887094155511587,ABEV3.SA,353,1090,82.87000274658203,81.58999633789062,-1.0
2021-11-12,13.315685272216797,13.627474470299816,13.194011509572968,13.38412694501216,39208600,-0.0056786487691536935,ABEV3.SA,352,1089,82.16999816894531,80.79000091552734,-1.0
2021-11-16,13.315685272216797,13.45256861780752,13.26245318236833,13.399336527959052,21469300,0.0,ABEV3.SA,348,1085,82.43000030517578,80.76000213623047,-1.0
2021-11-17,13.3385009765625,13.429755582411149,13.178803240628651,13.422150790179462,18502600,0.0017134457505771916,ABEV3.SA,347,1084,80.27999877929688,78.36000061035156,-1.0
2021-11-18,13.384125709533691,13.490589879402998,13.254847167350018,13.285264879970308,17200900,0.0034205292672213616,ABEV3.SA,346,1083,81.23999786376953,79.01000213623047,-1.0
2021-11-19,13.224428176879883,13.4753804737514,13.201615254733275,13.346101929880282,22010000,-0.011931861379638309,ABEV3.SA,345,1082,78.88999938964844,76.0999984741211,-1.0
2021-11-22,13.171195983886719,13.384125775134516,13.125568689499882,13.270056813934657,26964000,-0.004025292608585529,ABEV3.SA,342,1079,79.69999694824219,76.75,-1.0
2021-11-23,13.079940795898438,13.270056206010533,12.996289551300164,13.17119538049158,29394600,-0.006928390413438512,ABEV3.SA,341,1078,82.30999755859375,78.5,-1.0
2021-11-24,13.003894805908203,13.155986269147196,12.91263876759239,12.973475642981091,18485100,-0.00581393992349577,ABEV3.SA,340,1077,82.25,78.38999938964844,-1.0
2021-11-25,13.102755546569824,13.171197219805066,12.927849692953393,12.996291366188634,12150300,0.007602394677685753,ABEV3.SA,339,1076,82.25,78.38999938964844,-1.0
2021-11-26,12.692105293273926,12.981080080899826,12.60845404796345,12.851801542904308,21060500,-0.031340755143936305,ABEV3.SA,338,1075,72.72000122070312,68.1500015258789,-1.0
2021-11-29,12.425945281982422,12.83659387838961,12.357503607503608,12.752944071055492,25888500,-0.020970517116065346,ABEV3.SA,335,1072,73.44000244140625,69.94999694824219,-1.0
2021-11-30,12.213014602661133,12.433549193812983,12.144573658258224,12.425944402690616,54414600,-0.017135974325433234,ABEV3.SA,334,1071,70.56999969482422,66.18000030517578,-1.0
2021-12-01,12.060921669006348,12.319479474729725,11.89362062593939,12.235828227963491,35109400,-0.012453349038135553,ABEV3.SA,333,1070,68.87000274658203,65.56999969482422,-1.0
2021-12-02,12.174991607666016,12.304270150613664,11.962061816203553,12.159782026033223,33321600,0.009457812743515204,ABEV3.SA,332,1069,69.66999816894531,66.5,-1.0
2021-12-03,12.167387008666992,12.327083266932277,12.038108463681283,12.174991799603276,26061600,-0.0006246081512069068,ABEV3.SA,331,1068,69.87999725341797,66.26000213623047,-1.0
2021-12-06,12.22822380065918,12.42594401223098,12.129363694873279,12.197806087591122,16844300,0.004999988243067577,ABEV3.SA,328,1065,73.08000183105469,69.48999786376953,-1.0
2021-12-07,12.243433952331543,12.425944590632017,12.2054099961446,12.311875623002424,27590900,0.0012438561740701903,ABEV3.SA,327,1064,75.44000244140625,72.05000305175781,-1.0
2021-12-08,12.22822380065918,12.42594401223098,12.106550047455848,12.258642964192788,23395200,-0.001242310917964895,ABEV3.SA,326,1063,75.81999969482422,72.36000061035156,-1.0
2021-12-09,12.022899627685547,12.251038279536337,11.931643586759005,12.243433488586994,19725400,-0.016791005490312094,ABEV3.SA,325,1062,74.41999816894531,70.94000244140625,-1.0
2021-12-10,12.129364013671875,12.380317042790566,12.068527135471221,12.357502669540725,15656500,0.008855133893089118,ABEV3.SA,324,1061,75.1500015258789,71.66999816894531,-1.0
2021-12-13,12.174991607666016,12.304270150613664,12.091340359151202,12.205409320466059,29400400,0.003761746612824135,ABEV3.SA,321,1058,74.38999938964844,71.29000091552734,-1.0
2021-12-14,12.296667098999023,12.509596920577607,12.18259812155061,12.18259812155061,36628700,0.009993887080496533,ABEV3.SA,320,1057,73.69999694824219,70.7300033569336,-1.0
2021-12-15,12.22822380065918,12.365107135629314,12.121758903989877,12.365107135629314,21743100,-0.005566004006517744,ABEV3.SA,319,1056,73.87999725341797,70.87000274658203,-1.0
2021-12-16,12.243433952331543,12.387922084910691,12.182597072898051,12.311875623002424,21380800,0.0012438561740701903,ABEV3.SA,318,1055,75.0199966430664,72.37999725341797,-1.0
2021-12-17,12.22061824798584,12.357501574423155,12.174990955995222,12.174990955995222,32774400,-0.001863505323305037,ABEV3.SA,317,1054,73.5199966430664,70.86000061035156,-1.0
2021-12-20,12.18395709991455,12.286675375497907,12.04173167933204,12.247168230498751,17585900,-0.0029999421737383347,ABEV3.SA,314,1051,71.5199966430664,68.2300033569336,-1.0
2021-12-21,12.1681547164917,12.286676159047548,12.104943581876377,12.207661864010316,18636200,-0.0012969828515698723,ABEV3.SA,313,1050,73.9800033569336,71.12000274658203,-1.0
2021-12-22,12.16025447845459,12.255071184967335,12.049634610754955,12.17605688610528,11675500,-0.0006492552257247874,ABEV3.SA,312,1049,75.29000091552734,72.76000213623047,-1.0
2021-12-23,12.286675453186035,12.381492149661858,12.120746045969312,12.168154017439164,10634700,0.010396244170336688,ABEV3.SA,311,1048,76.8499984741211,73.79000091552734,-1.0
2021-12-27,12.270873069763184,12.365689772235843,12.231365922015534,12.286676230276711,8437200,-0.0012861398905718024,ABEV3.SA,307,1044,78.5999984741211,75.56999969482422,-1.0
2021-12-28,12.262971878051758,12.302478271087386,12.168154424865046,12.27877428455878,7701300,-0.0006438980883026746,ABEV3.SA,306,1043,78.94000244140625,75.9800033569336,-1.0
2021-12-29,12.207661628723145,12.294577502296141,12.120746508686299,12.286675922237478,8847300,-0.004510346258528641,ABEV3.SA,305,1042,79.2300033569336,76.55999755859375,-1.0
2021-12-30,12.18395709991455,12.318280940790007,12.160253114329505,12.310379361082953,11819300,-0.00194177472553958,ABEV3.SA,304,1041,79.31999969482422,76.98999786376953,-1.0
2022-01-03,12.112846374511719,12.278775807869533,11.97062093062324,12.18395909645596,23833600,-0.005836422832064203,ABEV3.SA,300,1037,78.9800033569336,76.08000183105469,-1.0
2022-01-04,12.097043991088867,12.168155959644093,11.883705824814472,12.104944818570843,16357700,-0.0013045970314709,ABEV3.SA,299,1036,80.0,76.98999786376953,-1.0
2022-01-05,11.860001564025879,12.08124055272192,11.820494413374673,12.0496349829082,24652000,-0.01959507026986118,ABEV3.SA,298,1035,80.80000305175781,77.8499984741211,-1.0
2022-01-06,11.670367240905762,11.89950779268513,11.583451365500236,11.883704632234611,20406300,-0.01598940118990555,ABEV3.SA,297,1034,81.98999786376953,79.45999908447266,-1.0
2022-01-07,11.480732917785645,11.694071059577249,11.417521783966537,11.694071059577249,19673600,-0.01624921643043331,ABEV3.SA,296,1033,81.75,78.9000015258789,-1.0
2022-01-10,11.575549125671387,11.638760256799205,11.338507760710131,11.409619718076835,16375000,0.008258724296151376,ABEV3.SA,293,1030,80.87000274658203,78.2300033569336,-1.0
2022-01-11,11.599255561828613,11.638761959410722,11.417522968098744,11.543945248848445,20485500,0.002047975080910147,ABEV3.SA,292,1029,83.72000122070312,81.22000122070312,-1.0
2022-01-12,11.757282257080078,11.87580294524884,11.504437720434106,11.5676488545956,31912000,0.013623865291106041,ABEV3.SA,291,1028,84.66999816894531,82.63999938964844,-1.0
2022-01-13,11.844197273254395,11.891606000223655,11.662465452533889,11.749380572852024,20755600,0.007392441065364075,ABEV3.SA,290,1027,84.47000122070312,82.12000274658203,-1.0
2022-01-14,11.931112289428711,12.018027403498866,11.773083713248651,11.836294842306236,14544400,0.007338193899436352,ABEV3.SA,289,1026,86.05999755859375,83.81999969482422,-1.0
2022-01-17,11.694069862365723,11.986421514732857,11.68616828306324,11.883703244408824,21167400,-0.01986758831136093,ABEV3.SA,286,1023,86.05999755859375,83.81999969482422,-1.0
2022-01-18,11.520240783691406,11.64666305921861,11.3701145198869,11.64666305921861,24913300,-0.014864720385649455,ABEV3.SA,285,1022,87.51000213623047,85.43000030517578,-1.0
2022-01-19,11.488635063171387,11.599254929565722,11.370114369813034,11.5755501880651,31621600,-0.0027434947856960212,ABEV3.SA,284,1021,88.44000244140625,86.95999908447266,-1.0
2022-01-20,11.449126243591309,11.559746093844394,11.401718274580045,11.551844514497157,30618200,-0.0034389480876392264,ABEV3.SA,283,1020,88.37999725341797,86.9000015258789,-1.0
2022-01-21,11.607155799865723,11.788888384368054,11.385916819787234,11.417522388369875,28616600,0.013802761268605357,ABEV3.SA,282,1019,87.88999938964844,85.13999938964844,-1.0
2022-01-24,11.615057945251465,11.891607248950688,11.543945224098167,11.686170666404765,29992000,0.0006807994587125776,ABEV3.SA,279,1016,86.2699966430664,83.30999755859375,-1.0
2022-01-25,11.907407760620117,11.923210919930922,11.5439433853688,11.567648124335008,22283700,0.02516989727874508,ABEV3.SA,278,1015,88.19999694824219,85.5999984741211,-1.0
2022-01-26,11.85209846496582,12.08914058497236,11.757281767670428,12.002224713966157,24257200,-0.004644948486371203,ABEV3.SA,277,1014,89.95999908447266,87.3499984741211,-1.0
2022-01-27,12.1681547164917,12.239267431317975,11.79678948901073,11.899507771144666,24801400,0.026666691342476234,ABEV3.SA,276,1013,89.33999633789062,86.61000061035156,-1.0
2022-01-28,11.796789169311523,12.104943253826033,11.741478862869933,12.041732120923767,23251700,-0.030519462961533406,ABEV3.SA,275,1012,90.02999877929688,86.81999969482422,-1.0
2022-01-31,11.828394889831543,11.946915577183027,11.670367055517511,11.773084582669517,21318000,0.0026791799078886847,ABEV3.SA,272,1009,91.20999908447266,88.1500015258789,-1.0
2022-02-01,11.733577728271484,11.954816687619415,11.686169003071724,11.804689685766942,14112500,-0.008016063248071803,ABEV3.SA,271,1008,89.16000366210938,88.19999694824219,-1.0
2022-02-02,11.472831726074219,11.80468979129469,11.417521420590697,11.73357783316353,17975400,-0.022222207772912284,ABEV3.SA,270,1007,89.47000122070312,88.26000213623047,-1.0
2022-02-03,11.425422668457031,11.551844928398204,11.393817103471738,11.488633798427617,13206600,-0.004132289111278498,ABEV3.SA,269,1006,91.11000061035156,90.2699966430664,1.0
2022-02-04,11.385916709899902,11.488634995186183,11.196283300234239,11.393818290353352,18251100,-0.0034577240338071746,ABEV3.SA,268,1005,93.2699966430664,92.30999755859375,1.0
2022-02-07,11.291099548339844,11.464930543603298,11.275297141608343,11.40171940960498,21182100,-0.008327582572039804,ABEV3.SA,265,1002,92.69000244140625,91.31999969482422,1.0
2022-02-08,11.18838119506836,11.322705042332734,11.148874048190104,11.267395488824869,20758500,-0.009097285240620145,ABEV3.SA,264,1001,90.77999877929688,89.36000061035156,1.0
2022-02-09,11.488635063171387,11.551846200100666,11.180480205489005,11.180480205489005,45857600,0.02683622079621073,ABEV3.SA,263,1000,91.55000305175781,89.66000366210938,-1.0
2022-02-10,11.654562950134277,11.709872499274551,11.385915276819645,11.51233753401804,31338100,0.014442785069812114,ABEV3.SA,262,999,91.41000366210938,89.87999725341797,-1.0
2022-02-11,11.741477966308594,11.931112104071362,11.65456285358872,11.709872402270815,30852600,0.007457595496819236,ABEV3.SA,261,998,94.44000244140625,93.0999984741211,-1.0
2022-02-14,11.899507522583008,11.923211509184574,11.717774949207941,11.836295635751918,33362000,0.013459085536579707,ABEV3.SA,258,995,96.4800033569336,95.45999908447266,-1.0
2022-02-15,12.152351379394531,12.405195898501628,11.939013251245838,11.939013251245838,50177400,0.02124826227738197,ABEV3.SA,257,994,93.27999877929688,92.06999969482422,-1.0
2022-02-16,11.91530990600586,12.231365571866965,11.820493206247528,12.207661585311419,25057100,-0.019505811343687673,ABEV3.SA,256,993,94.80999755859375,93.66000366210938,-1.0
2022-02-17,11.733577728271484,11.939013528040787,11.622957871829458,11.923211121998282,19881500,-0.015251989177618719,ABEV3.SA,255,992,92.97000122070312,91.76000213623047,-1.0
2022-02-18,11.670367240905762,11.844197484644479,11.646662500229983,11.828395077730125,11741300,-0.005387145236479762,ABEV3.SA,254,991,93.54000091552734,91.06999969482422,-1.0
2022-02-21,11.417521476745605,11.733577890872901,11.417521476745605,11.717774731075275,12423900,-0.021665621907244526,ABEV3.SA,251,988,93.54000091552734,91.06999969482422,1.0
2022-02-22,11.622958183288574,11.709873302691713,11.409620044477036,11.409620044477036,24539400,0.017993108833768146,ABEV3.SA,250,987,96.83999633789062,92.3499984741211,-1.0
2022-02-23,11.701972007751465,12.057534804666659,11.528141022368171,11.55184500788622,30107000,0.006798082141988182,ABEV3.SA,249,986,96.83999633789062,92.0999984741211,-1.0
2022-02-24,11.725675582885742,11.725675582885742,10.903930162837646,11.25159136790042,59579000,0.002025605181637413,ABEV3.SA,248,985,99.08000183105469,92.80999755859375,-1.0
2022-02-25,12.010126113891602,12.11284438947369,11.59925376509937,11.59925376509937,42942500,0.024258775453503967,ABEV3.SA,247,984,97.93000030517578,91.58999633789062,-1.0
2022-03-02,11.472831726074219,11.83629535719836,11.393817434546978,11.607154816012718,33189500,-0.04473678150605909,ABEV3.SA,242,979,112.93000030517578,110.5999984741211,-1.0
2022-03-03,11.204184532165527,11.464930650728983,11.101466250074445,11.464930650728983,42098400,-0.023415944757399276,ABEV3.SA,241,978,110.45999908447266,107.66999816894531,1.0
2022-03-04,11.006648063659668,11.25159098877091,10.919732200170595,11.227887004881191,26285200,-0.01763059756279106,ABEV3.SA,240,977,118.11000061035156,115.68000030517578,1.0
2022-03-07,10.611579895019531,10.896030009107612,10.44565047341744,10.896030009107612,49545300,-0.03589359506683254,ABEV3.SA,237,974,123.20999908447266,119.4000015258789,1.0
2022-03-08,10.619479179382324,10.848619704164399,10.49305692481788,10.587873615741213,35552000,0.0007444022889089297,ABEV3.SA,236,973,127.9800033569336,123.69999694824219,1.0
2022-03-09,11.006648063659668,11.061957610581034,10.730098821980718,10.745901980264572,26552200,0.03645836841311678,ABEV3.SA,235,972,111.13999938964844,108.69999694824219,1.0
2022-03-10,10.57207202911377,10.896029269897962,10.46145217103833,10.88022686362212,37910700,-0.039483049883345056,ABEV3.SA,234,971,109.33000183105469,106.0199966430664,1.0
2022-03-11,10.414043426513672,10.714296658853419,10.3192267352805,10.666887936468795,23133200,-0.014947741763857936,ABEV3.SA,233,970,112.66999816894531,109.33000183105469,1.0
2022-03-14,10.524663925170898,10.635283789783438,10.39824165334867,10.445650382050095,24625600,0.010622242881721755,ABEV3.SA,230,967,106.9000015258789,103.01000213623047,1.0
2022-03-15,10.643184661865234,10.801212491126458,10.548367964308499,10.548367964308499,26412400,0.011261237179353678,ABEV3.SA,229,966,99.91000366210938,96.44000244140625,1.0
2022-03-16,10.888127326965332,10.94343763092699,10.595775662016406,10.66688837172703,24980000,0.023014038831604022,ABEV3.SA,228,965,98.0199966430664,95.04000091552734,1.0
2022-03-17,11.006648063659668,11.077760768864888,10.81701393193373,10.91183137456473,28381300,0.010885318763751872,ABEV3.SA,227,964,106.63999938964844,102.9800033569336,1.0
2022-03-18,11.259493827819824,11.259493827819824,10.90393101554327,10.943438162137586,44708300,0.02297209492824348,ABEV3.SA,226,963,107.93000030517578,104.69999694824219,1.0
2022-03-21,11.204184532165527,11.34640920822258,11.109367830282105,11.109367830282105,15295600,-0.004912236420223426,ABEV3.SA,223,960,115.62000274658203,112.12000274658203,1.0
2022-03-22,11.362213134765625,11.457029843042319,11.227889276322921,11.31480440385917,20799800,0.014104426979618223,ABEV3.SA,222,959,115.4800033569336,111.76000213623047,1.0
2022-03-23,11.212084770202637,11.362211772121846,11.117268073297089,11.306902220644307,20051100,-0.013212950926226874,ABEV3.SA,221,958,121.5999984741211,114.93000030517578,1.0
2022-03-24,11.219986915588379,11.34640918450198,11.109367807057058,11.219986915588379,26157200,0.0007047882305299957,ABEV3.SA,220,957,119.02999877929688,112.33999633789062,1.0
2022-03-25,11.314804077148438,11.338508818685307,11.022452380019457,11.283198508635472,33591300,0.008450737266754382,ABEV3.SA,219,956,120.6500015258789,113.9000015258789,1.0
2022-03-28,11.646661758422852,11.654563338144838,11.362211670256388,11.401718815330202,19531800,0.0293295119395518,ABEV3.SA,216,953,112.4800033569336,105.95999908447266,-1.0
2022-03-29,12.04963493347168,12.168155631402815,11.749381644705087,11.812592784073189,38100100,0.034599886508887234,ABEV3.SA,215,952,110.2300033569336,104.23999786376953,-1.0
2022-03-30,11.986422538757324,12.089140817856789,11.867901853238942,12.05753525148281,17703300,-0.0052460008177313,ABEV3.SA,214,951,113.44999694824219,107.81999969482422,-1.0
2022-03-31,12.1681547164917,12.310380146144253,11.954817325549032,12.033830867050101,23786300,0.015161502704143404,ABEV3.SA,213,950,107.91000366210938,100.27999877929688,-1.0
2022-04-01,12.16025447845459,12.38149346031766,11.954817904242212,12.318282322642498,31411400,-0.0006492552257247874,ABEV3.SA,212,949,104.38999938964844,99.2699966430664,-1.0
2022-04-04,12.00222396850586,12.20766050998757,11.915308856434095,12.160252541052454,21788200,-0.012995658127774146,ABEV3.SA,209,946,107.52999877929688,103.27999877929688,-1.0
2022-04-05,11.907407760620117,12.073337165703023,11.899506934500824,11.970618890791119,11607000,-0.007899886565568393,ABEV3.SA,208,945,106.63999938964844,101.95999908447266,-1.0
2022-04-06,11.812592506408691,11.92321237447077,11.701973391882815,11.875803644290963,15442400,-0.00796271162603468,ABEV3.SA,207,944,101.06999969482422,96.2300033569336,-1.0
2022-04-07,11.899507522583008,11.96271865587795,11.709873369162036,11.796789242594691,21276300,0.0073578273462968635,ABEV3.SA,206,943,100.58000183105469,96.02999877929688,-1.0
2022-04-08,11.796789169311523,11.954817001567188,11.646662163516535,11.804689995772199,22202000,-0.00863215163119524,ABEV3.SA,205,942,102.77999877929688,98.26000213623047,-1.0
2022-04-11,12.010126113891602,12.199759505641863,11.646661736268877,11.709872866852297,27193900,0.018084322905003614,ABEV3.SA,202,939,98.4800033569336,94.29000091552734,-1.0
2022-04-12,11.891606330871582,12.278774723330578,11.836296022280175,12.176056439987875,24636500,-0.009868321272907599,ABEV3.SA,201,938,104.63999938964844,100.5999984741211,-1.0
2022-04-13,11.717775344848633,11.946915899163567,11.496536370846393,11.860000776332445,33771300,-0.014617956665086473,ABEV3.SA,200,937,108.77999877929688,104.25,-1.0
2022-04-14,11.615057945251465,11.780987376763752,11.425424524533488,11.7256778174384,28820100,-0.008765947167806432,ABEV3.SA,199,936,111.69999694824219,106.94999694824219,-1.0
2022-04-18,11.622958183288574,11.694070896225753,11.536043063885435,11.551845470351395,14601500,0.0006801720726963278,ABEV3.SA,195,932,113.16000366210938,108.20999908447266,-1.0
2022-04-19,11.575549125671387,11.662464996124228,11.385915732287932,11.504437168304683,25953600,-0.004078914925922383,ABEV3.SA,194,931,107.25,102.55999755859375,-1.0
2022-04-20,11.63875961303711,11.867900892621357,11.504436531972255,11.61505562855932,16174800,0.005460690173698879,ABEV3.SA,193,930,106.80000305175781,102.75,-1.0
2022-04-22,11.654562950134277,11.836294756472945,11.496535128636285,11.496535128636285,34086700,0.0013578197009469495,ABEV3.SA,191,928,106.6500015258789,102.06999969482422,-1.0
2022-04-25,11.946914672851562,12.002224222290733,11.559746319705173,11.662464592617988,34312300,0.025084743543636323,ABEV3.SA,188,925,102.31999969482422,98.54000091552734,-1.0
2022-04-26,11.654562950134277,11.970618593130261,11.646661370675355,11.88370347969039,23589700,-0.024470897359100685,ABEV3.SA,187,924,104.98999786376953,101.69999694824219,-1.0
2022-04-27,11.599255561828613,11.780987402022252,11.567649991641188,11.765184993696655,19261700,-0.004745556615233459,ABEV3.SA,186,923,105.31999969482422,102.0199966430664,-1.0
2022-04-28,11.622958183288574,11.74938044916083,11.551845470351395,11.622958183288574,24849700,0.002043460576725442,ABEV3.SA,185,922,107.58999633789062,105.36000061035156,-1.0
2022-04-29,11.472831726074219,11.85209851691826,11.472831726074219,11.73357783316353,26145100,-0.012916372479960136,ABEV3.SA,184,921,109.33999633789062,104.69000244140625,-1.0
2022-05-02,11.433324813842773,11.622958213138164,11.314803374131044,11.520239933469124,22755000,-0.0034435188430121944,ABEV3.SA,181,918,107.58000183105469,105.16999816894531,1.0
2022-05-03,11.251592636108398,11.61505704095492,11.18838150079041,11.417522054702163,21493900,-0.015894954503028247,ABEV3.SA,180,917,104.97000122070312,102.41000366210938,1.0
2022-05-04,11.330607414245605,11.39381855225381,11.069861281577712,11.156776407954942,23653200,0.007022541669668536,ABEV3.SA,179,916,110.13999938964844,107.80999755859375,1.0
2022-05-05,10.848621368408203,11.322705649288329,10.761706243445865,11.322705649288329,41147400,-0.04253841195057351,ABEV3.SA,178,915,110.9000015258789,108.26000213623047,1.0
2022-05-06,10.690592765808105,10.927634889393342,10.690592765808105,10.84862059701955,21978900,-0.014566699051760224,ABEV3.SA,177,914,112.38999938964844,109.7699966430664,1.0
2022-05-09,10.817015647888184,10.943438673605913,10.564171103525085,10.58787509117508,26091800,0.011825619481495853,ABEV3.SA,174,911,105.94000244140625,103.08999633789062,1.0
2022-05-10,10.848621368408203,11.085663508848267,10.840720541437948,10.911833258923586,16310700,0.002921852158565663,ABEV3.SA,173,910,102.45999908447266,99.76000213623047,1.0
2022-05-11,11.022451400756836,11.188380809092363,10.777508454926753,10.840719586336848,29961100,0.016023237095805998,ABEV3.SA,172,909,107.51000213623047,105.70999908447266,1.0
2022-05-12,11.4412260055542,11.457029166101355,10.896029776792187,10.951339331634895,27076500,0.03799287377838745,ABEV3.SA,171,908,107.44999694824219,106.12999725341797,-1.0
2022-05-13,11.488635063171387,11.591353349065514,11.417522345741899,11.496536643671595,13385100,0.004143704319290009,ABEV3.SA,170,907,111.55000305175781,110.48999786376953,-1.0
2022-05-16,11.607155799865723,11.733578827732481,11.385916819787234,11.480733525535157,16896700,0.01031634620149724,ABEV3.SA,167,904,114.23999786376953,114.19999694824219,-1.0
2022-05-17,11.63875961303711,11.765182621836168,11.591351644081533,11.725675478682467,13671500,0.0027227870217569894,ABEV3.SA,166,903,111.93000030517578,112.4000015258789,-1.0
2022-05-18,11.235790252685547,11.709873768567869,11.20418468496006,11.630860226022236,29516600,-0.03462305037215285,ABEV3.SA,165,902,109.11000061035156,109.58999633789062,1.0
2022-05-19,11.172577857971191,11.306901694048895,11.030352442468661,11.259492971036021,19551600,-0.0056259856487839155,ABEV3.SA,164,901,112.04000091552734,112.20999908447266,1.0
2022-05-20,11.07776165008545,11.291099029135738,10.92763464859069,11.259493463589914,24557200,-0.008486511268130936,ABEV3.SA,163,900,112.55000305175781,113.2300033569336,1.0
2022-05-23,11.12516975402832,11.172578479679293,10.943437938361203,11.172578479679293,21490000,0.004279574289496102,ABEV3.SA,160,897,113.41999816894531,110.29000091552734,1.0
2022-05-24,11.164677619934082,11.212085595106728,10.943438644210643,11.061959335678441,21853400,0.003551214658226387,ABEV3.SA,159,896,113.55999755859375,109.7699966430664,1.0
2022-05-25,11.093565940856934,11.16467866380093,10.990847646997414,11.156777082687984,15767900,-0.006369344597123128,ABEV3.SA,158,895,114.02999877929688,110.33000183105469,1.0
2022-05-26,11.227887153625488,11.283196701279582,11.046154598633928,11.093563320577488,17300400,0.012108028517129776,ABEV3.SA,157,894,117.4000015258789,114.08999633789062,1.0
2022-05-27,11.227887153625488,11.354309407426884,11.093563320577488,11.204183169421745,14260900,0.0,ABEV3.SA,156,893,119.43000030517578,115.06999969482422,1.0
2022-05-30,11.133070945739746,11.362211479068879,11.069859816099715,11.29900034942885,7925000,-0.008444706166745308,ABEV3.SA,153,890,119.43000030517578,115.06999969482422,1.0
2022-05-31,11.212084770202637,11.275296655009125,11.109367247040387,11.196282364153108,28066600,0.007097217366887065,ABEV3.SA,152,889,122.83999633789062,114.66999816894531,1.0
2022-06-01,11.15677547454834,11.25159217362802,11.101465921802562,11.172578634496357,15219000,-0.004933007267416301,ABEV3.SA,151,888,116.29000091552734,115.26000213623047,1.0
2022-06-02,11.15677547454834,11.299000899935931,10.96714207638898,11.291099319961923,14894700,0.0,ABEV3.SA,150,887,117.61000061035156,116.87000274658203,1.0
2022-06-03,11.12516975402832,11.314803149559953,11.093564188106381,11.140972913757354,20761400,-0.0028328723287585067,ABEV3.SA,149,886,119.72000122070312,118.87000274658203,1.0
2022-06-06,11.10146713256836,11.219987830960216,11.030354412118756,11.156776691346396,13085700,-0.0021305402060385337,ABEV3.SA,146,883,119.51000213623047,118.5,1.0
2022-06-07,10.848621368408203,11.03825553288197,10.753804662939418,10.998748383885927,23888200,-0.022775887289562258,ABEV3.SA,145,882,120.56999969482422,119.41000366210938,1.0
2022-06-08,10.872325897216797,11.006649749053658,10.698494897156829,10.769607613251187,13145200,0.002185026834619075,ABEV3.SA,144,881,123.58000183105469,122.11000061035156,1.0
2022-06-09,10.753805160522461,10.927636172026567,10.722199590570463,10.848621870378457,18417700,-0.010901139076844313,ABEV3.SA,143,880,123.06999969482422,121.51000213623047,1.0
2022-06-10,10.73800277709961,10.801213917149507,10.485158216900016,10.70639720707466,29186500,-0.0014694690099893437,ABEV3.SA,142,879,122.01000213623047,120.66999816894531,1.0
2022-06-13,10.532565116882324,10.71429769107281,10.42194525635176,10.619480237168812,23595500,-0.01913183154090925,ABEV3.SA,139,876,122.2699966430664,120.93000030517578,1.0
2022-06-14,10.390338897705078,10.564169878566386,10.263916640182707,10.532564314185793,17505300,-0.013503473996973048,ABEV3.SA,138,875,121.16999816894531,118.93000030517578,1.0
2022-06-15,10.31922721862793,10.548367754891608,10.279720073712928,10.548367754891608,28421400,-0.00684401921604838,ABEV3.SA,137,874,118.51000213623047,115.30999755859375,1.0
2022-06-17,10.295523643493652,10.374537942256435,10.121693391873452,10.17700294888568,38950600,-0.0022970300616589334,ABEV3.SA,135,872,113.12000274658203,109.55999755859375,1.0
2022-06-20,10.311326026916504,10.469353858986429,10.177002181273032,10.263917300527455,13366700,0.0015348790377298638,ABEV3.SA,132,869,113.12000274658203,109.55999755859375,1.0
2022-06-21,10.406143188476562,10.516763052608137,10.224410608370132,10.335030472501707,19966600,0.009195438230984898,ABEV3.SA,131,868,114.6500015258789,110.6500015258789,1.0
2022-06-22,10.508861541748047,10.57997425819306,10.319228133585469,10.414044837666758,16963200,0.00987093406375883,ABEV3.SA,130,867,111.73999786376953,106.19000244140625,1.0
2022-06-23,10.532565116882324,10.572072263752965,10.46935398330376,10.548368277045041,17466700,0.002255579735265467,ABEV3.SA,129,866,110.05000305175781,104.2699966430664,1.0
2022-06-24,10.801214218139648,10.880228522171974,10.532566488673242,10.58787604937412,25329300,0.025506521751924804,ABEV3.SA,128,865,113.12000274658203,107.62000274658203,1.0
2022-06-27,10.840719223022461,10.943437496505409,10.777508093730816,10.848620049031842,16111400,0.0036574596230549705,ABEV3.SA,125,862,115.08999633789062,109.56999969482422,1.0
2022-06-28,10.682690620422363,10.911831135771326,10.572070775464365,10.83281685315332,24086500,-0.014577317182469907,ABEV3.SA,124,861,117.9800033569336,111.76000213623047,1.0
2022-06-29,10.753805160522461,10.824917881298514,10.548369332602585,10.666890031538523,27461600,0.006656987703467454,ABEV3.SA,123,860,116.26000213623047,109.77999877929688,1.0
2022-06-30,10.587874412536621,10.698494270373297,10.548368020164219,10.564170426405953,22872000,-0.015429956699883007,ABEV3.SA,122,859,114.80999755859375,105.76000213623047,1.0
2022-07-01,10.872325897216797,10.903931465088048,10.508861489929323,10.54836863815243,17714200,0.026865778115328753,ABEV3.SA,121,858,111.62999725341797,108.43000030517578,1.0
2022-07-04,10.809115409851074,10.911833699978164,10.753805097606504,10.840720979618162,7157000,-0.005813888211528284,ABEV3.SA,118,855,111.62999725341797,108.43000030517578,1.0
2022-07-05,11.133070945739746,11.17257809014879,10.682691458670506,10.761704993952492,26056900,0.029970587194714238,ABEV3.SA,117,854,102.7699966430664,99.5,1.0
2022-07-06,11.243690490722656,11.370113508541019,11.07776183400433,11.109367400074888,21918400,0.00993612144591971,ABEV3.SA,116,853,100.69000244140625,98.52999877929688,1.0
2022-07-07,11.243690490722656,11.362211928639347,11.061958674200984,11.338507942470462,19019700,0.0,ABEV3.SA,115,852,104.6500015258789,102.7300033569336,1.0
2022-07-08,11.306902885437012,11.346409279651686,11.156775874691041,11.251592577171364,13974800,0.005622032620562933,ABEV3.SA,114,851,107.0199966430664,104.79000091552734,1.0
2022-07-11,11.140972137451172,11.330605519769096,11.085661835789718,11.2278872492962,11484300,-0.01467517229669979,ABEV3.SA,111,848,107.0999984741211,104.08999633789062,1.0
2022-07-12,10.896029472351074,11.148874005751603,10.69059291219507,11.148874005751603,50374400,-0.02198575331471353,ABEV3.SA,110,847,99.48999786376953,95.83999633789062,1.0
2022-07-13,11.512337684631348,11.591351973182116,10.9039303755204,10.9039303755204,53045500,0.056562641817752946,ABEV3.SA,109,846,99.56999969482422,96.30000305175781,1.0
2022-07-14,11.725675582885742,11.82049227517559,11.354309639598442,11.36221121900662,42313700,0.01853124049159849,ABEV3.SA,108,845,99.0999984741211,95.77999877929688,1.0
2022-07-15,11.528141975402832,11.757282530450057,11.512338814726938,11.701972975156782,25341500,-0.016846245326045062,ABEV3.SA,107,844,101.16000366210938,97.58999633789062,1.0
2022-07-18,11.449126243591309,11.630858800897371,11.385915115885568,11.536042109338762,16582000,-0.006854160191652414,ABEV3.SA,104,841,106.2699966430664,102.5999984741211,1.0
2022-07-19,11.4412260055542,11.66246573199737,11.393818030985068,11.449127585827776,21362100,-0.0006900297777335807,ABEV3.SA,103,840,107.3499984741211,104.22000122070312,1.0
2022-07-20,11.29900074005127,11.50443729525165,11.148873736814018,11.385915857927062,48699500,-0.01243094624945662,ABEV3.SA,102,839,106.91999816894531,102.26000213623047,1.0
2022-07-21,11.504436492919922,11.528140477317246,11.20418326092153,11.25159122971618,25407300,0.018181762935942647,ABEV3.SA,101,838,103.86000061035156,96.3499984741211,1.0
2022-07-22,11.464930534362793,11.55184565515639,11.346409093059355,11.488634521209018,22205400,-0.0034339759780013246,ABEV3.SA,100,837,103.19999694824219,94.69999694824219,1.0
2022-07-25,11.599255561828613,11.678269110529062,11.417522968098744,11.480734108473595,14348000,0.011716165838355552,ABEV3.SA,97,834,105.1500015258789,96.69999694824219,1.0
2022-07-26,11.70987319946289,11.757281925515125,11.49653581606818,11.607154920963163,27532200,0.009536615263336712,ABEV3.SA,96,833,104.4000015258789,94.9800033569336,1.0
2022-07-27,11.836294174194336,11.931111615964742,11.575548093165857,11.73357666042583,37333600,0.01079610108307949,ABEV3.SA,95,832,106.62000274658203,97.26000213623047,1.0
2022-07-28,11.931112289428711,12.48421004545063,11.638759875617259,12.1997592111554,70122600,0.008010794074474692,ABEV3.SA,94,831,107.13999938964844,96.41999816894531,1.0
2022-07-29,11.796789169311523,12.033830540926948,11.71777487641562,11.954817001567188,40541400,-0.011258222775776039,ABEV3.SA,93,830,110.01000213623047,98.62000274658203,1.0
2022-08-01,11.559746742248535,11.765183295583485,11.40171891412016,11.741478556212137,34565900,-0.02009380888823853,ABEV3.SA,90,827,100.02999877929688,93.88999938964844,1.0
2022-08-02,11.622958183288574,11.686169316224703,11.464930350948256,11.50443749741737,12515800,0.005468237535777076,ABEV3.SA,89,826,100.54000091552734,94.41999816894531,1.0
2022-08-03,11.559746742248535,11.709872990586462,11.37801417474881,11.63876027954466,19576600,-0.005438498533955283,ABEV3.SA,88,825,96.77999877929688,90.66000366210938,1.0
2022-08-04,11.599255561828613,11.69407227239089,11.378015816980403,11.654565121272551,22962500,0.003417792834135458,ABEV3.SA,87,824,94.12000274658203,88.54000091552734,1.0
2022-08-05,11.536044120788574,11.804691083611798,11.51233937861365,11.638761656068393,20809900,-0.005449611891306105,ABEV3.SA,86,823,94.91999816894531,89.01000213623047,1.0
2022-08-08,11.694069862365723,11.70987226743461,11.464929337346291,11.599253171344174,16864800,0.013698434222557898,ABEV3.SA,83,820,96.6500015258789,90.76000213623047,1.0
2022-08-09,11.646661758422852,11.749380034200327,11.551845062367363,11.725676048570485,13704000,-0.004054029478260723,ABEV3.SA,82,819,96.30999755859375,90.5,1.0
2022-08-10,11.978520393371582,12.002224378649158,11.65456316494565,11.812590989356336,19048300,0.02849388449945578,ABEV3.SA,81,818,97.4000015258789,91.93000030517578,1.0
2022-08-11,11.954817771911621,12.097043206874512,11.899508215442136,12.097043206874512,11619800,-0.001978760371195487,ABEV3.SA,80,817,99.5999984741211,94.33999633789062,1.0
2022-08-12,12.018028259277344,12.1365489463159,11.91530997886039,12.05753540613558,17954400,0.005287448840436415,ABEV3.SA,79,816,98.1500015258789,92.08999633789062,1.0
2022-08-15,12.18395709991455,12.247168230498751,11.899507012285646,11.954816563162792,21276600,0.013806660881257038,ABEV3.SA,76,813,95.0999984741211,89.41000366210938,-1.0
2022-08-16,12.24716854095459,12.334083659327066,12.112844696674133,12.199759815046608,16447100,0.0051880879521877254,ABEV3.SA,75,812,92.33999633789062,86.52999877929688,-1.0
2022-08-17,12.286675453186035,12.349886584169917,12.128647625726328,12.215562742445137,27664000,0.003225799669477336,ABEV3.SA,74,811,93.6500015258789,88.11000061035156,-1.0
2022-08-18,12.64223861694336,12.658041776911887,12.318281372949968,12.37359092576753,34709400,0.028938923723677012,ABEV3.SA,73,810,96.58999633789062,90.5,-1.0
2022-08-19,12.373591423034668,12.816069370429652,12.278774720021458,12.555324002295452,38987700,-0.021249970202954827,ABEV3.SA,72,809,96.72000122070312,90.7699966430664,-1.0
2022-08-22,12.18395709991455,12.460506361372516,12.12074596933035,12.413097636666308,18162300,-0.01532573014873384,ABEV3.SA,69,806,96.4800033569336,90.2300033569336,-1.0
2022-08-23,12.199759483337402,12.26297136734137,12.081238802094207,12.128647526713154,14311100,0.0012969828515698723,ABEV3.SA,68,805,100.22000122070312,93.73999786376953,-1.0
2022-08-24,12.484210968017578,12.555323681846524,12.191859286137813,12.1997601127018,18054400,0.02331615513147489,ABEV3.SA,67,804,101.22000122070312,94.88999938964844,-1.0
2022-08-25,12.500012397766113,12.705448943097291,12.444702848460064,12.602730670431702,10482600,0.0012657131306907932,ABEV3.SA,66,803,99.33999633789062,92.5199966430664,-1.0
2022-08-26,12.38149356842041,12.563225402439153,12.334084837982013,12.555324575312927,12927600,-0.009481496943705703,ABEV3.SA,65,802,100.98999786376953,93.05999755859375,-1.0
2022-08-29,12.334084510803223,12.397295647353516,12.255070966883446,12.36569007907837,9512400,-0.0038290257435585895,ABEV3.SA,62,799,105.08999633789062,97.01000213623047,-1.0
2022-08-30,12.16025447845459,12.428901436805932,12.057536191348401,12.405197448561797,15374700,-0.014093468566424794,ABEV3.SA,61,798,99.30999755859375,91.63999938964844,-1.0
2022-08-31,12.065437316894531,12.341985845409305,12.065437316894531,12.18395800718141,22741700,-0.007797300766037019,ABEV3.SA,60,797,96.48999786376953,89.55000305175781,-1.0
2022-09-01,12.191859245300293,12.405196632536384,11.923211551084647,12.13654893832074,33540800,0.010478022891780236,ABEV3.SA,59,796,92.36000061035156,86.61000061035156,-1.0
2022-09-02,12.231364250183105,12.436800787562051,12.128646735029696,12.223463424542427,22400800,0.0032402773102913063,ABEV3.SA,58,795,93.0199966430664,86.87000274658203,-1.0
2022-09-05,12.286675453186035,12.334083424655887,12.199759582931106,12.326182598434992,9796000,0.0045220796201945745,ABEV3.SA,55,792,93.0199966430664,86.87000274658203,-1.0
2022-09-06,12.294577598571777,12.373591139168695,12.160253750667247,12.199760144197628,20160400,0.0006431475638670747,ABEV3.SA,54,791,92.83000183105469,86.87999725341797,-1.0
2022-09-08,12.24716854095459,12.436801937514247,12.128647856488838,12.326182832955848,22311100,-0.0038560948708554754,ABEV3.SA,52,789,89.1500015258789,83.54000091552734,-1.0
2022-09-09,12.420999526977539,12.45260509305998,12.231365376946757,12.247168536756044,13422600,0.014193565267078379,ABEV3.SA,51,788,92.83999633789062,86.79000091552734,-1.0
2022-09-12,12.405196189880371,12.484210480725315,12.310379492988112,12.476308900933596,18048600,-0.0012723080024956701,ABEV3.SA,48,785,94.0,87.77999877929688,-1.0
2022-09-13,12.318283081054688,12.547423657618932,12.23926877732788,12.326184662134617,27453000,-0.007006185754368288,ABEV3.SA,47,784,93.16999816894531,87.30999755859375,-1.0
2022-09-14,12.152351379394531,12.31828078344259,12.065436264335492,12.31828078344259,17680200,-0.013470359511006613,ABEV3.SA,46,783,94.0999984741211,88.4800033569336,-1.0
2022-09-15,12.089140892028809,12.199759998248357,12.041732165408899,12.152352025164593,13293700,-0.005201502605734598,ABEV3.SA,45,782,90.83999633789062,85.0999984741211,-1.0
2022-09-16,12.065437316894531,12.168154846590534,11.962719033662356,12.041732576008217,47764700,-0.001960732805248888,ABEV3.SA,44,781,91.3499984741211,85.11000061035156,-1.0
2022-09-19,12.223465919494629,12.270873897159483,11.994325351351248,12.089142060217176,14253700,0.013097627417020252,ABEV3.SA,41,778,92.0,85.7300033569336,-1.0
2022-09-20,12.452605247497559,12.452605247497559,12.104943262742855,12.231365528640513,43727000,0.018745855677274603,ABEV3.SA,40,777,90.62000274658203,84.44999694824219,-1.0
2022-09-21,12.286675453186035,12.539519977121564,12.223464322202153,12.46050644015977,24983700,-0.01332490599466074,ABEV3.SA,39,776,89.83000183105469,82.94000244140625,-1.0
2022-09-22,12.38149356842041,12.421000718196375,12.168155411751933,12.41309913753394,32533500,0.007717149817755509,ABEV3.SA,38,775,90.45999908447266,83.48999786376953,-1.0
2022-09-23,12.144451141357422,12.23136626601777,11.986423299458522,12.16815512925821,39045900,-0.01914489764527083,ABEV3.SA,37,774,86.1500015258789,78.73999786376953,-1.0
2022-09-26,12.065437316894531,12.23926756217713,11.986423021012497,12.136549278944955,25475400,-0.006506166770584798,ABEV3.SA,34,771,84.05999755859375,76.70999908447266,-1.0
2022-09-27,12.199759483337402,12.326182497809222,12.049633236860279,12.16025309194708,34504900,0.01113280546033657,ABEV3.SA,33,770,86.2699966430664,78.5,-1.0
2022-09-28,12.420999526977539,12.484210659142422,12.152351838508721,12.183957404591162,30344400,0.018134787324480373,ABEV3.SA,32,769,89.31999969482422,82.1500015258789,-1.0
2022-09-29,12.334084510803223,12.452605956987165,12.223465398608298,12.318282103433742,40055300,-0.006997425286551451,ABEV3.SA,31,768,88.48999786376953,81.2300033569336,-1.0
2022-09-30,12.27877426147461,12.397294947430964,12.20766154848634,12.326182987978838,28170400,-0.004484341685851767,ABEV3.SA,30,767,87.95999908447266,79.48999786376953,-1.0
2022-10-03,12.879281044006348,12.895084205270393,12.270873652528413,12.484211808375823,37122200,0.04890608539126462,ABEV3.SA,27,764,88.86000061035156,83.62999725341797,-1.0
2022-10-04,12.831872940063477,13.037309513242038,12.713352245903026,13.037309513242038,21559300,-0.003680958881236096,ABEV3.SA,26,763,91.80000305175781,86.5199966430664,-1.0
2022-10-05,12.737054824829102,12.902983467064788,12.602730238833226,12.88718030864078,38105500,-0.007389265439056492,ABEV3.SA,25,762,93.37000274658203,87.76000213623047,-1.0
2022-10-06,12.760758399963379,12.847674266570225,12.626434563876515,12.83977268714486,28042900,0.001860993413333789,ABEV3.SA,24,761,94.41999816894531,88.44999694824219,-1.0
2022-10-07,12.18395709991455,12.673844492246282,12.089140404038249,12.610632608125966,40213400,-0.04520117707506188,ABEV3.SA,23,760,97.91999816894531,92.63999938964844,-1.0
2022-10-10,12.010126113891602,12.223464244762733,11.899507012138674,12.215562665055776,29475700,-0.014267202732039186,ABEV3.SA,20,757,96.19000244140625,91.12999725341797,1.0
2022-10-11,11.844197273254395,12.065436994396078,11.804690126369369,11.994324280710263,30204200,-0.013815745069094998,ABEV3.SA,19,756,94.29000091552734,89.3499984741211,1.0
2022-10-13,11.860001564025879,11.978522262443274,11.615057832817381,11.709874542258541,25868700,0.0013343488297996586,ABEV3.SA,17,754,94.56999969482422,89.11000061035156,1.0
2022-10-14,11.717775344848633,11.946915899163567,11.686169777134026,11.86790235664514,16971400,-0.011992091097917768,ABEV3.SA,16,753,91.62999725341797,85.61000061035156,1.0
2022-10-17,11.788886070251465,11.899505915344522,11.670365399715797,11.788886070251465,11542800,0.006068619964974209,ABEV3.SA,13,750,91.62000274658203,85.45999908447266,1.0
2022-10-18,11.77308464050293,11.954817216008912,11.709873506466803,11.89950766211134,24386300,-0.0013403666516388357,ABEV3.SA,12,749,90.02999877929688,82.81999969482422,1.0
2022-10-19,11.765185356140137,11.883706059610125,11.678269470294973,11.796790927301217,31016000,-0.0006709613159169292,ABEV3.SA,11,748,92.41000366210938,85.55000305175781,1.0
2022-10-20,11.88370418548584,11.939013737911052,11.773084327099278,11.820493053132415,25176800,0.010073689938412178,ABEV3.SA,10,747,92.37999725341797,85.9800033569336,1.0
2022-10-21,12.097043991088867,12.128649561625492,11.812593102723005,11.84419867325963,36933200,0.017952298565592884,ABEV3.SA,9,746,93.5,85.05000305175781,-1.0
2022-10-24,11.994324684143066,12.12074695559848,11.867902412687654,11.978521523443051,19032100,-0.008491273324414461,ABEV3.SA,6,743,93.26000213623047,84.58000183105469,1.0
2022-10-25,11.780984878540039,12.010125401701124,11.717773751704987,11.994322996760397,26198600,-0.01778672924246172,ABEV3.SA,5,742,93.5199966430664,85.31999969482422,1.0
2022-10-26,11.931112289428711,11.97061867993763,11.536042356050755,11.694070178694718,33679000,0.012743196976862325,ABEV3.SA,4,741,95.69000244140625,87.91000366210938,1.0
2022-10-27,12.294577598571777,12.452605433301768,12.018028322642177,12.049633889588174,51627700,0.030463656725878474,ABEV3.SA,3,740,96.95999908447266,89.08000183105469,-1.0
2022-10-28,12.460506439208984,12.460506439208984,12.231365147489745,12.294577032004923,29961700,0.013496099341914869,ABEV3.SA,2,739,95.7699966430664,87.9000015258789,-1.0
2022-10-31,12.64223861694336,12.658041776911887,12.405196492168443,12.460506798522147,26748700,0.01458465421297217,ABEV3.SA,1455,736,94.83000183105469,86.52999877929688,-1.0
2022-11-01,12.476308822631836,12.752857331781263,12.460506416683698,12.665942968762325,28453200,-0.013125032625878608,ABEV3.SA,1454,735,94.6500015258789,88.37000274658203,-1.0
2022-11-03,12.658042907714844,12.673846069095141,12.215564185037202,12.255071334951738,26575500,0.014566334295392336,ABEV3.SA,1452,733,94.66999816894531,88.16999816894531,-1.0
2022-11-04,12.997801780700684,13.084716143707118,12.673844546681208,12.776562069169627,30212300,0.026841343125702632,ABEV3.SA,1451,732,98.56999969482422,92.61000061035156,-1.0
2022-11-07,12.926690101623535,13.132126670065965,12.887182199765938,12.902985360508977,32125700,-0.005471054281096621,ABEV3.SA,1448,729,97.91999816894531,91.79000091552734,-1.0
2022-11-08,13.226941108703613,13.25854742657748,12.792364787443255,12.847674336650334,31603000,0.023227214756418313,ABEV3.SA,1447,728,95.36000061035156,88.91000366210938,-1.0
2022-11-09,13.021506309509277,13.337561995260009,12.974098333414764,13.124225349298507,27623800,-0.0155315425921988,ABEV3.SA,1446,727,92.6500015258789,85.83000183105469,-1.0
2022-11-10,12.634336471557617,13.021504831026592,12.539519776598038,12.768660311134381,56534200,-0.02973310681183783,ABEV3.SA,1445,726,93.66999816894531,86.47000122070312,-1.0
2022-11-11,12.713351249694824,12.800267121902278,12.373590847871807,12.452605140144739,30034900,0.006253971335580921,ABEV3.SA,1444,725,95.98999786376953,88.95999908447266,-1.0
2022-11-14,12.602731704711914,12.942491361450289,12.468407856628316,12.90298496786724,20762300,-0.00870105315351577,ABEV3.SA,1441,722,93.13999938964844,85.87000274658203,-1.0
2022-11-16,12.199759483337402,12.63433657045598,12.14444993256206,12.594829425529543,42516500,-0.031974990090747446,ABEV3.SA,1439,720,92.86000061035156,85.58999633789062,-1.0
2022-11-17,12.1681547164917,12.270872998625636,11.852099043415095,12.08914117499063,35475900,-0.002590605731930151,ABEV3.SA,1438,719,89.77999877929688,81.63999938964844,-1.0
2022-11-18,12.341984748840332,12.51581573221445,12.183956924652998,12.294576778352184,40152500,0.014285652705667617,ABEV3.SA,1437,718,87.62000274658203,80.08000183105469,-1.0
2022-11-21,12.38149356842041,12.484211856423434,12.262972872628728,12.468408695098566,15656100,0.0032011722898774853,ABEV3.SA,1434,715,87.44999694824219,79.7300033569336,-1.0
2022-11-22,12.373591423034668,12.547422421993641,12.247169152350388,12.405196990705738,31512300,-0.0006382223067091797,ABEV3.SA,1433,714,88.36000061035156,80.94999694824219,-1.0
2022-11-23,12.420999526977539,12.523717805129506,12.28667568274313,12.365689221181166,26642400,0.0038313940005014757,ABEV3.SA,1432,713,85.41000366210938,77.94000244140625,-1.0
2022-11-24,12.673845291137695,12.808167633407882,12.44470398640598,12.555323848669273,14019000,0.02035631380638847,ABEV3.SA,1431,712,85.41000366210938,77.94000244140625,-1.0
2022-11-25,12.460506439208984,12.697547803612396,12.397294554693804,12.665942991658985,16221100,-0.016833001115919455,ABEV3.SA,1430,711,83.62999725341797,76.27999877929688,-1.0
2022-11-28,12.571125030517578,12.642237738361636,12.420998788930413,12.484209917339333,15172700,0.008877535744495457,ABEV3.SA,1427,708,83.19000244140625,77.23999786376953,-1.0
2022-11-29,12.452605247497559,12.681745039284953,12.397294941015225,12.571125933392576,23998200,-0.009427937653336604,ABEV3.SA,1426,707,83.02999877929688,78.19999694824219,-1.0
2022-11-30,12.579028129577637,12.642239265622857,12.373591560662582,12.452605857487198,32952700,0.010152323916754913,ABEV3.SA,1425,706,85.43000030517578,80.55000305175781,-1.0
2022-12-01,12.705449104309082,12.768660233899785,12.547421280332323,12.579026845127675,28272700,0.010050138486787041,ABEV3.SA,1424,705,86.87999725341797,81.22000122070312,-1.0
2022-12-02,12.902985572814941,13.076815822631499,12.602732295582443,12.76076013793213,42011000,0.015547381826815032,ABEV3.SA,1423,704,85.56999969482422,79.9800033569336,-1.0
2022-12-05,12.658042907714844,12.800268345992693,12.618535757800306,12.665944488404993,22919200,-0.018983409980412813,ABEV3.SA,1420,701,82.68000030517578,76.93000030517578,-1.0
2022-12-06,12.681745529174805,12.800267726720566,12.579027999317136,12.800267726720566,20081600,0.0018725344536092425,ABEV3.SA,1419,700,79.3499984741211,74.25,-1.0
2022-12-07,12.64223861694336,12.752857722578483,12.539520337756358,12.74495614259422,26792000,-0.0031152582379577742,ABEV3.SA,1418,699,77.16999816894531,72.01000213623047,-1.0
2022-12-08,12.405196189880371,12.610632743248326,12.334083478827147,12.602731163456605,34785200,-0.018750035831889722,ABEV3.SA,1417,698,76.1500015258789,71.45999908447266,-1.0
2022-12-09,12.255071640014648,12.48421221097946,12.255071640014648,12.468409049205778,25402800,-0.012101747329734902,ABEV3.SA,1416,697,76.0999984741211,71.0199966430664,-1.0
2022-12-12,12.041731834411621,12.23136522860642,11.915309571615088,12.23136522860642,31800600,-0.01740828710510678,ABEV3.SA,1413,694,77.98999786376953,73.16999816894531,-1.0
2022-12-13,12.07333755493164,12.31828125739302,11.962718450334227,12.08123913484178,62286000,0.0026246823093751814,ABEV3.SA,1412,693,80.68000030517578,75.38999938964844,-1.0
2022-12-14,11.954817771911621,12.025930489393065,11.630860506528318,12.002225747875123,74145500,-0.00981665446532698,ABEV3.SA,1411,692,82.69999694824219,77.27999877929688,-1.0
2022-12-15,11.85209846496582,12.0259294534421,11.77308417378493,11.860000044791134,36105800,-0.008592293827108244,ABEV3.SA,1410,691,81.20999908447266,76.11000061035156,0.0
2022-12-16,11.733577728271484,11.96271826740873,11.686169003071724,11.844196831177388,44559500,-0.009999979079205024,ABEV3.SA,1409,690,79.04000091552734,74.29000091552734,1.0
2022-12-19,12.033830642700195,12.223464796546923,11.788887689016406,11.836295662325975,43156700,0.0255892040247252,ABEV3.SA,1406,687,79.80000305175781,75.19000244140625,-1.0
2022-12-20,12.077333450317383,12.210416883394187,11.852754562070404,11.985837995147207,23944700,0.003615042367542065,ABEV3.SA,1405,686,79.98999786376953,76.08999633789062,-1.0
2022-12-21,11.935931205749512,12.235368907628718,11.902660349985155,12.118920515833585,40218600,-0.011708068270993688,ABEV3.SA,1404,685,82.19999694824219,78.29000091552734,-1.0
2022-12-22,11.994154930114746,12.09396749678441,11.877706539046919,11.969201986757271,24158300,0.004878021107995956,ABEV3.SA,1403,684,80.9800033569336,77.48999786376953,-1.0
2022-12-23,12.160510063171387,12.27695846242927,12.027426631585133,12.060697489481697,30772700,0.013869683527178545,ABEV3.SA,1402,683,83.91999816894531,79.55999755859375,-1.0
2022-12-26,12.077333450317383,12.177146025124985,12.019108853416407,12.118921428224011,4149300,-0.006839895071992674,ABEV3.SA,1399,680,83.91999816894531,79.55999755859375,-1.0
2022-12-27,12.077333450317383,12.19378105763967,11.994155908024466,12.143875166855786,13135400,0.0,ABEV3.SA,1398,679,84.33000183105469,79.52999877929688,-1.0
2022-12-28,12.102285385131836,12.252003838221379,12.07733244182354,12.143874152805507,15002000,0.0020660135713812533,ABEV3.SA,1397,678,83.26000213623047,78.95999908447266,-1.0
2022-12-29,12.077333450317383,12.202098970516928,12.002473820901724,12.202098970516928,22326300,-0.0020617539597196366,ABEV3.SA,1396,677,82.26000213623047,78.4000015258789,-1.0
2023-01-02,11.802847862243652,12.019108837323818,11.661447309718746,11.977520066233042,14995900,-0.022727333744893552,ABEV3.SA,1392,673,85.91000366210938,80.26000213623047,0.0
2023-01-03,11.786211967468262,11.96920207093616,11.736305287162553,11.777894055210682,36363800,-0.0014094814208871487,ABEV3.SA,1391,672,82.0999984741211,76.93000030517578,0.0
2023-01-04,11.852753639221191,12.0357437420742,11.711352304276565,11.877706582670312,23791800,0.0056457216225700435,ABEV3.SA,1390,671,77.83999633789062,72.83999633789062,0.0
2023-01-05,11.886025428771973,11.985838003650386,11.761259908483915,11.869390396245487,31031500,0.002807093656336912,ABEV3.SA,1389,670,78.69000244140625,73.66999816894531,-1.0
2023-01-06,11.910977363586426,11.944248219056341,11.777893941706765,11.89434233247135,20889800,0.00209926648432468,ABEV3.SA,1388,669,78.56999969482422,73.7699966430664,-1.0
2023-01-09,11.977519989013672,12.035744585461314,11.869390295410534,11.8860253277957,24448600,0.005586663746895981,ABEV3.SA,1385,666,79.6500015258789,74.62999725341797,-1.0
2023-01-10,12.09396743774414,12.143874117455223,11.85275353782673,11.861071449985205,35535000,0.009722166929153842,ABEV3.SA,1384,665,80.0999984741211,75.12000274658203,-1.0
2023-01-11,11.886025428771973,12.301911554051944,11.60322273666322,12.069015546002314,74419600,-0.017193862150083228,ABEV3.SA,1383,664,82.66999816894531,77.41000366210938,-1.0
2023-01-12,11.727989196777344,11.786213001207523,11.362008957742335,11.478457359842537,69959500,-0.013295969535121244,ABEV3.SA,1382,663,84.02999877929688,78.38999938964844,1.0
2023-01-13,11.544998168945312,11.686399505642147,11.453503513004916,11.64481073721841,44291300,-0.015602932843962192,ABEV3.SA,1381,662,85.27999877929688,79.86000061035156,1.0
2023-01-16,10.979393005371094,11.428549966715009,10.962757973667879,11.411914935011794,58837000,-0.04899136018017136,ABEV3.SA,1378,659,85.27999877929688,79.86000061035156,1.0
2023-01-17,11.528362274169922,11.60322189822943,10.97939275538656,11.062570291728186,68143400,0.0499999652558456,ABEV3.SA,1377,658,85.91999816894531,80.18000030517578,1.0
2023-01-18,11.461820602416992,11.694717387690906,11.420231834100953,11.586586907365113,32154400,-0.005771996938543578,ABEV3.SA,1376,657,84.9800033569336,79.4800033569336,1.0
2023-01-19,11.34537124633789,11.520043411627743,11.270511633608002,11.370324186167968,51799200,-0.01015976083716974,ABEV3.SA,1375,656,86.16000366210938,80.33000183105469,1.0
2023-01-20,11.253877639770508,11.345373089410455,11.120794214737622,11.27051346451951,33626000,-0.008064399531828026,ABEV3.SA,1374,655,87.62999725341797,81.30999755859375,1.0
2023-01-23,11.162383079528809,11.378644043690121,11.112476398091664,11.278831474055622,29938500,-0.008130047541867969,ABEV3.SA,1371,652,88.19000244140625,81.62000274658203,1.0
2023-01-24,11.320420265197754,11.320420265197754,11.09584216565409,11.162383883536647,17822600,0.014158014873972169,ABEV3.SA,1370,651,86.12999725341797,80.12999725341797,1.0
2023-01-25,11.403595924377441,11.4285488661492,11.203970803723939,11.27051251060844,22021000,0.007347400293555628,ABEV3.SA,1369,650,86.12000274658203,80.1500015258789,1.0
2023-01-26,11.428549766540527,11.520045215644917,11.253877573897341,11.395278910477053,22793400,0.0021882432812041497,ABEV3.SA,1368,649,87.47000122070312,81.01000213623047,1.0
2023-01-27,11.353689193725586,11.436866723556427,11.303783310418853,11.436866723556427,23904300,-0.006550312536951264,ABEV3.SA,1367,648,86.66000366210938,79.68000030517578,1.0
2023-01-30,11.253877639770508,11.395278977177894,11.179018014879563,11.386961064803392,32850700,-0.008791112056355854,ABEV3.SA,1364,645,84.9000015258789,77.9000015258789,1.0
2023-01-31,11.362008094787598,11.428549807150997,11.228924670060797,11.328737238605898,35608800,0.009608284226848562,ABEV3.SA,1363,644,84.48999786376953,78.87000274658203,1.0
2023-02-01,10.96275806427002,11.420232148626457,10.688273296360236,11.345373315483625,136662100,-0.03513903767598414,ABEV3.SA,1362,643,82.83999633789062,76.41000366210938,1.0
2023-02-02,10.904533386230469,11.2538777778479,10.81303872870773,10.862945410327274,49730600,-0.005311134086714686,ABEV3.SA,1361,642,82.16999816894531,75.87999725341797,1.0
2023-02-03,10.796401977539062,10.996027893651684,10.738178181677732,10.871261596926331,40568400,-0.00991618851183007,ABEV3.SA,1360,641,79.94000244140625,73.38999938964844,1.0
2023-02-06,10.82967472076416,10.979393181453384,10.771450125769645,10.84630975273416,25649000,0.003081836272335714,ABEV3.SA,1357,638,80.98999786376953,74.11000061035156,1.0
2023-02-07,10.779767990112305,10.879580561204849,10.72154418861827,10.829674672278477,22344400,-0.004608331453960224,ABEV3.SA,1356,637,83.69000244140625,77.13999938964844,1.0
2023-02-08,10.971076011657715,11.012664784258238,10.754815821966737,10.846310487096002,24324300,0.017746951671027356,ABEV3.SA,1355,636,85.08999633789062,78.47000122070312,1.0
2023-02-09,10.82967472076416,11.004346126028286,10.771450125769645,10.937804411668674,17206200,-0.012888552658217312,ABEV3.SA,1354,635,84.5,78.05999755859375,1.0
2023-02-10,10.6965913772583,10.804721870282794,10.480331184449186,10.796403956994785,49142000,-0.012288766462273615,ABEV3.SA,1353,634,86.38999938964844,79.72000122070312,1.0
2023-02-13,10.921170234680176,10.954441094464645,10.688274216188894,10.69659133620511,16722700,0.02099536660803425,ABEV3.SA,1350,631,86.61000061035156,80.13999938964844,1.0
2023-02-14,10.81303882598877,11.112476538680593,10.80472091343738,10.937804341300412,29701200,-0.00990108260999678,ABEV3.SA,1349,630,85.58000183105469,79.05999755859375,1.0
2023-02-15,11.004345893859863,11.120794288152272,10.7548148668958,10.804720754992697,35211800,0.017692257555877333,ABEV3.SA,1348,629,85.37999725341797,78.58999633789062,1.0
2023-02-16,10.879581451416016,11.062571576678572,10.779768872156403,11.0209828036771,34528900,-0.011337742710674226,ABEV3.SA,1347,628,85.13999938964844,78.48999786376953,1.0
2023-02-17,10.979393005371094,11.020981774488822,10.82135663461148,10.8463095787862,13404000,0.009174208989637833,ABEV3.SA,1346,627,83.0,76.33999633789062,1.0
2023-02-22,10.987710952758789,11.070888491258563,10.854627525750988,10.854627525750988,29184000,0.0007575962882124809,ABEV3.SA,1341,622,80.5999984741211,73.94999694824219,1.0
2023-02-23,11.02098274230957,11.145748267379394,10.912852250403787,10.987711882741626,24914000,0.0030280910822857443,ABEV3.SA,1340,621,82.20999908447266,75.38999938964844,1.0
2023-02-24,11.079205513000488,11.145747225918706,10.879580374245835,10.99602876847261,26791100,0.005282901901969339,ABEV3.SA,1339,620,83.16000366210938,76.31999969482422,1.0
2023-02-27,11.145747184753418,11.195653865877652,11.029299584196515,11.129112153205197,30248900,0.006005996700291227,ABEV3.SA,1336,617,82.44999694824219,75.68000030517578,1.0
2023-02-28,11.137430191040039,11.303784474594824,11.095841421841394,11.170701047750995,39333900,-0.0007462033343763608,ABEV3.SA,1335,616,83.88999938964844,77.05000305175781,1.0
2023-03-01,11.203971862792969,11.337055289141842,11.029299667400123,11.162383093748998,28582000,0.005974598323988722,ABEV3.SA,1334,615,84.30999755859375,77.69000244140625,1.0
2023-03-02,10.921170234680176,11.26219674578095,10.871263548383538,11.203972939468096,47796400,-0.025241194067252448,ABEV3.SA,1333,614,84.75,78.16000366210938,1.0
2023-03-03,10.904533386230469,10.996028836993002,10.804720816231173,10.912851298707025,22570600,-0.0015233576706712437,ABEV3.SA,1332,613,85.83000183105469,79.68000030517578,1.0
2023-03-06,11.228924751281738,11.295466464126447,10.921169131065012,10.962757899902902,29101800,0.02974830316544219,ABEV3.SA,1329,610,86.18000030517578,80.45999908447266,1.0
2023-03-07,11.170701026916504,11.328737397688847,11.06257054449762,11.203971883565407,23803700,-0.005185155805642827,ABEV3.SA,1328,609,83.29000091552734,77.58000183105469,1.0
2023-03-08,11.32873821258545,11.345374038726442,11.10416011236099,11.145748091233774,24867300,0.014147472507602288,ABEV3.SA,1327,608,82.66000366210938,76.66000366210938,1.0
2023-03-09,11.312102317810059,11.46182077547263,11.278831461302843,11.278831461302843,19988600,-0.0014684684616429466,ABEV3.SA,1326,607,81.58999633789062,75.72000122070312,1.0
2023-03-10,11.237242698669434,11.395279068857505,11.195653929702113,11.245560611110855,25089300,-0.006617657535042287,ABEV3.SA,1325,606,82.77999877929688,76.68000030517578,1.0
2023-03-13,11.320420265197754,11.420232842021587,11.203972655523206,11.228925601419201,15168800,0.007401955155615703,ABEV3.SA,1322,603,80.7699966430664,74.80000305175781,1.0
2023-03-14,11.60322093963623,11.711351410651298,11.303783261375838,11.320418291326003,52093500,0.024981464275481757,ABEV3.SA,1321,602,77.44999694824219,71.33000183105469,1.0
2023-03-15,11.661447525024414,11.727989242702284,11.43686863293172,11.478457404790351,36367400,0.005018139850227588,ABEV3.SA,1320,601,73.69000244140625,67.61000061035156,1.0
2023-03-16,11.861072540283203,11.985838061170007,11.64481156372223,11.64481156372223,29043700,0.01711837358358914,ABEV3.SA,1319,600,74.69999694824219,68.3499984741211,-1.0
2023-03-17,11.827801704406738,11.977520171108706,11.71967121591986,11.811165878528833,52021500,-0.0028050444648634043,ABEV3.SA,1318,599,72.97000122070312,66.73999786376953,-1.0
2023-03-20,11.744623184204102,11.869389488186842,11.68639938495602,11.811164895698987,33729400,-0.007032458125472818,ABEV3.SA,1315,596,73.79000091552734,67.63999938964844,1.0
2023-03-21,11.60322093963623,11.794528940121262,11.561632174901249,11.76125808698122,16500900,-0.012039742982818735,ABEV3.SA,1314,595,75.31999969482422,69.33000183105469,1.0
2023-03-22,11.60322093963623,11.719669322246238,11.553315056546019,11.569950086496187,16107100,0.0,ABEV3.SA,1313,594,76.69000244140625,70.9000015258789,1.0
2023-03-23,11.461820602416992,11.769576218772045,11.370325946713526,11.653128619374867,26202600,-0.012186300506975556,ABEV3.SA,1312,593,75.91000366210938,69.95999908447266,1.0
2023-03-24,11.553316116333008,11.661446597266897,11.436867723041175,11.511727347783083,27154200,0.007982633570160935,ABEV3.SA,1311,592,74.98999786376953,69.26000213623047,1.0
2023-03-27,11.586587905883789,11.736306374188407,11.544999133983676,11.644811710600038,15709700,0.0028798475879789898,ABEV3.SA,1308,589,78.12000274658203,72.80999755859375,1.0
2023-03-28,12.1355562210083,12.501535630817594,11.56163297316675,11.603221740773202,121741000,0.047379635798192155,ABEV3.SA,1307,588,78.6500015258789,73.19999694824219,-1.0
2023-03-29,12.318546295166016,12.410040949105134,12.052378659019901,12.193779992623842,40734700,0.01507883699973589,ABEV3.SA,1306,587,78.27999877929688,72.97000122070312,-1.0
2023-03-30,12.326864242553711,12.518172268680102,12.26864044006472,12.476583498370902,24247000,0.0006752377422130085,ABEV3.SA,1305,586,79.2699966430664,74.37000274658203,-1.0
2023-03-31,11.919296264648438,12.410042018474241,11.802847864222707,12.368453247376493,68236900,-0.03306339470327768,ABEV3.SA,1304,585,79.7699966430664,75.66999816894531,-1.0
2023-04-03,11.919296264648438,11.935932090383469,11.678082344169294,11.836118722452941,24136100,0.0,ABEV3.SA,1301,582,84.93000030517578,80.41999816894531,-1.0
2023-04-04,12.002472877502441,12.160509243549464,11.836117805992183,11.985837053055509,25925800,0.006978315750125086,ABEV3.SA,1300,581,84.94000244140625,80.70999908447266,-1.0
2023-04-05,11.977519989013672,12.168828017501937,11.819483611775388,12.06901544347147,20359100,-0.0020789789523741886,ABEV3.SA,1299,580,84.98999786376953,80.61000061035156,-1.0
2023-04-06,12.002472877502441,12.152191331325998,11.84443571821565,11.84443571821565,39044600,0.0020833101102446516,ABEV3.SA,1298,579,85.12000274658203,80.69999694824219,-1.0
2023-04-10,12.027427673339844,12.293594559566376,11.927615091004894,12.06069853411816,31288100,0.0020791378653459702,ABEV3.SA,1294,575,84.18000030517578,79.73999786376953,-1.0
2023-04-11,12.29359245300293,12.368452075236574,11.96920181431014,12.05237855538327,43646400,0.022129817521419737,ABEV3.SA,1293,574,85.61000061035156,81.52999877929688,-1.0
2023-04-12,12.276958465576172,12.418359809982768,12.177145891860896,12.326864355813898,38015500,-0.0013530615636029308,ABEV3.SA,1292,573,87.33000183105469,83.26000213623047,-1.0
2023-04-13,12.1355562210083,12.343499265800794,12.002472799259468,12.252003818418649,25996600,-0.011517693487711478,ABEV3.SA,1291,572,86.08999633789062,82.16000366210938,-1.0
2023-04-14,12.185462951660156,12.252004667144075,12.010790750204913,12.060697433437761,14511000,0.0041124386672495294,ABEV3.SA,1290,571,86.30999755859375,82.5199966430664,-1.0
2023-04-17,12.268640518188477,12.285276343714015,12.118921261417908,12.252004692662936,12975100,0.006825966880231515,ABEV3.SA,1287,568,84.76000213623047,80.83000183105469,-1.0
2023-04-18,12.168827056884766,12.326863421647529,12.093967433961438,12.27695753519182,17645400,-0.008135657830689258,ABEV3.SA,1286,567,84.7699966430664,80.86000061035156,-1.0
2023-04-19,12.127238273620605,12.210415808591954,12.002472764403343,12.08564950613493,22727300,-0.0034176492992913365,ABEV3.SA,1285,566,83.12000274658203,79.16000366210938,-1.0
2023-04-20,12.143875122070312,12.310229412802817,12.110604263923811,12.152192241677065,25584600,0.0013718579675221498,ABEV3.SA,1284,565,81.0999984741211,77.29000091552734,-1.0
2023-04-24,11.927613258361816,12.26032181502528,11.869389459255654,12.193780103692587,39968000,-0.017808307606479,ABEV3.SA,1280,561,82.7300033569336,78.76000213623047,-1.0
2023-04-25,11.886025428771973,11.960885058240741,11.694718191898305,11.877707515888813,29356500,-0.0034866849460171156,ABEV3.SA,1279,560,80.7699966430664,77.06999969482422,-1.0
2023-04-26,11.819482803344727,11.960884138526255,11.769576123123104,11.81116489110116,19935800,-0.005598391642858913,ABEV3.SA,1278,559,77.69000244140625,74.30000305175781,-1.0
2023-04-27,11.777894973754883,11.852754603431773,11.653129453119956,11.79453079956745,16155400,-0.0035185828586403733,ABEV3.SA,1277,558,78.37000274658203,74.76000213623047,-1.0
2023-04-28,11.777894973754883,11.827801657952755,11.628175714401102,11.727989082796846,21948100,0.0,ABEV3.SA,1276,557,79.54000091552734,76.77999877929688,-1.0
2023-05-02,11.861072540283203,11.910978431341992,11.61154070526976,11.694718248020854,26656000,0.007062175941767945,ABEV3.SA,1272,553,75.31999969482422,71.66000366210938,-1.0
2023-05-03,12.127238273620605,12.210415808591954,11.752940952729057,11.85275351875082,34868300,0.02244027531519066,ABEV3.SA,1271,552,72.33000183105469,68.5999984741211,-1.0
2023-05-04,12.168827056884766,12.734432391647893,12.035743635349856,12.64293694441282,54120800,0.00342936968218277,ABEV3.SA,1270,551,72.5,68.55999755859375,-1.0
2023-05-05,12.05237865447998,12.23536875552905,11.894342289873803,12.20209790017829,25846600,-0.009569402363960977,ABEV3.SA,1269,550,75.30000305175781,71.33999633789062,-1.0
2023-05-08,12.069015502929688,12.177145990305357,12.002473786581557,12.118921393570872,18558200,0.0013803788386221871,ABEV3.SA,1266,547,77.01000213623047,73.16000366210938,-1.0
2023-05-09,12.060696601867676,12.118920400591692,12.01078992207583,12.052378689695741,14106700,-0.00068927751894865,ABEV3.SA,1265,546,77.44000244140625,73.70999908447266,-1.0
2023-05-10,11.977519989013672,12.052379617846478,11.877707414983204,12.010790847023827,32128700,-0.006896501553742995,ABEV3.SA,1264,545,76.41000366210938,72.55999755859375,-1.0
2023-05-11,12.060696601867676,12.193780023659578,11.98583697879979,11.98583697879979,24022900,0.006944393574821683,ABEV3.SA,1263,544,74.9800033569336,70.87000274658203,-1.0
2023-05-12,12.019107818603516,12.060696586169293,11.869389365902384,11.985836963198846,17911800,-0.003448290313324054,ABEV3.SA,1262,543,74.16999816894531,70.04000091552734,-1.0
2023-05-15,12.160510063171387,12.193780921067951,12.03574454436923,12.044061663913503,12250300,0.011764787095844609,ABEV3.SA,1259,540,75.2300033569336,71.11000061035156,-1.0
2023-05-16,12.143875122070312,12.343500270949319,12.143875122070312,12.202098925516731,12620000,-0.0013679476448487105,ABEV3.SA,1258,539,74.91000366210938,70.86000061035156,-1.0
2023-05-17,12.110603332519531,12.193780074868899,12.035743709137263,12.18546216266203,21093400,-0.0027398000404593725,ABEV3.SA,1257,538,76.95999908447266,72.83000183105469,-1.0
2023-05-18,12.102285385131836,12.135556240622819,11.952566138802526,12.09396747294915,28578200,-0.0006868317918860001,ABEV3.SA,1256,537,75.86000061035156,71.86000061035156,-1.0
2023-05-19,12.127238273620605,12.285275431418215,11.977519027968082,12.14387409791078,26033100,0.0020618327608952214,ABEV3.SA,1255,536,75.58000183105469,71.55000305175781,-1.0
2023-05-22,12.160510063171387,12.343500178222397,12.110604172946452,12.268640549645173,19796100,0.0027435586569741766,ABEV3.SA,1252,533,75.98999786376953,71.98999786376953,-1.0
2023-05-23,12.1355562210083,12.202097931882719,12.027425742527432,12.127238308839058,12569600,-0.002052039103084935,ABEV3.SA,1251,532,76.83999633789062,72.91000366210938,-1.0
2023-05-24,12.193781852722168,12.31023026087718,12.052380497548183,12.052380497548183,13887400,0.0047979367944479545,ABEV3.SA,1250,531,78.36000061035156,74.33999633789062,-1.0
2023-05-25,12.260321617126465,12.418358773920495,12.185461994775581,12.351817063661878,20059400,0.0054568603250386705,ABEV3.SA,1249,530,76.26000213623047,71.83000183105469,-1.0
2023-05-26,12.276958465576172,12.393406071624081,12.177145891860896,12.318547236267491,9976800,0.0013569667231623228,ABEV3.SA,1248,529,76.94999694824219,72.66999816894531,-1.0
2023-05-29,12.276958465576172,12.351818094172584,12.143875033955805,12.20209883697976,5236900,0.0,ABEV3.SA,1245,526,76.94999694824219,72.66999816894531,-1.0
2023-05-30,12.044061660766602,12.385088945667052,11.994155770554707,12.335182262215334,24198200,-0.01897023643621487,ABEV3.SA,1244,525,73.54000091552734,69.45999908447266,-1.0
2023-05-31,11.985838890075684,12.01910975082907,11.844437533563822,12.01079183733075,41149000,-0.0048341475102687825,ABEV3.SA,1243,524,72.66000366210938,68.08999633789062,-1.0
2023-06-01,11.844435691833496,11.994154938563339,11.819482748458444,11.935931139608297,21073100,-0.011797522020696394,ABEV3.SA,1242,523,74.27999877929688,70.0999984741211,-1.0
2023-06-02,12.027427673339844,12.16051111645311,11.85275545594371,11.977520985552424,26641200,0.015449615859075339,ABEV3.SA,1241,522,76.12999725341797,71.73999786376953,-1.0
2023-06-05,11.985838890075684,12.077334352077413,11.92761508206723,11.994156803574002,13795200,-0.0034578285892623573,ABEV3.SA,1238,519,76.70999908447266,72.1500015258789,-1.0
2023-06-06,12.326864242553711,12.35181798068312,11.985837753849943,12.027426524159143,38723100,0.028452355784658323,ABEV3.SA,1237,518,76.29000091552734,71.73999786376953,-1.0
2023-06-07,12.35181713104248,12.50153558332122,12.185462061248696,12.385087986353284,29670300,0.0020242689460818752,ABEV3.SA,1236,517,76.94999694824219,72.52999877929688,-1.0
2023-06-09,12.593031883239746,12.617984828102887,12.38508882515399,12.41004177001713,27318300,0.01952868550741793,ABEV3.SA,1234,515,74.79000091552734,70.16999816894531,-1.0
2023-06-12,12.60966682434082,12.667890626347626,12.418359593038566,12.593031792298794,23053500,0.001320963946991549,ABEV3.SA,1231,512,71.83999633789062,67.12000274658203,-1.0
2023-06-13,12.701162338256836,12.7261152830603,12.518172225471863,12.651255655410093,17207900,0.0072559818741124715,ABEV3.SA,1230,511,74.29000091552734,69.41999816894531,-1.0
2023-06-14,12.751068115234375,12.834245654830973,12.543125059482687,12.69284431346064,38582700,0.003929229124740807,ABEV3.SA,1229,510,73.19999694824219,68.2699966430664,-1.0
2023-06-15,12.634620666503906,12.767704898492589,12.468266368067884,12.66789152619111,19514800,-0.009132368181089312,ABEV3.SA,1228,509,75.66999816894531,70.62000274658203,-1.0
2023-06-16,12.534807205200195,12.709479404573965,12.518172173147356,12.593031800484658,42108400,-0.007899996678834231,ABEV3.SA,1227,508,76.61000061035156,71.77999877929688,-1.0
2023-06-19,12.568077087402344,12.626301678169225,12.501535377874266,12.534806232638305,8520800,0.0026541997541331686,ABEV3.SA,1224,505,76.61000061035156,71.77999877929688,-1.0
2023-06-20,12.593031883239746,12.601349002700916,12.484901397846373,12.526490168111488,17804600,0.0019855699216244638,ABEV3.SA,1223,504,75.9000015258789,70.5,-1.0
2023-06-21,12.709477424621582,12.734431158673125,12.54312316380972,12.584711927322607,15349000,0.009246823359259082,ABEV3.SA,1222,503,77.12000274658203,72.52999877929688,-1.0
2023-06-22,12.93405818939209,12.975646959071383,12.634619682293028,12.634619682293028,24788600,0.017670338226136284,ABEV3.SA,1221,502,74.13999938964844,69.51000213623047,-1.0
2023-06-23,12.884151458740234,12.967328997786431,12.842562689217136,12.934058140815912,15765000,-0.0038585515791776936,ABEV3.SA,1220,501,73.8499984741211,69.16000366210938,-1.0
2023-06-26,12.75938606262207,12.892469491747546,12.63461975288708,12.884151579117253,17722200,-0.009683633145551651,ABEV3.SA,1217,498,74.18000030517578,69.37000274658203,-1.0
2023-06-27,12.792656898498535,12.859198612949935,12.634619731746607,12.800974811114912,13978600,0.002607557739312316,ABEV3.SA,1216,497,72.26000213623047,67.69999694824219,-1.0
2023-06-28,12.65957260131836,12.83424478808306,12.609665922282838,12.82592687603718,21624500,-0.01040317881079078,ABEV3.SA,1215,496,74.02999877929688,69.55999755859375,-1.0
2023-06-29,12.65957260131836,12.767703078195531,12.634618865180723,12.701161368308004,14781100,0.0,ABEV3.SA,1214,495,74.33999633789062,69.86000061035156,-1.0
2023-06-30,12.817610740661621,12.867517426614793,12.68452730243965,12.767704847948313,18270700,0.012483686797357008,ABEV3.SA,1213,494,74.9000015258789,70.63999938964844,-1.0
2023-07-03,12.817610740661621,12.892470372971447,12.742751108351797,12.892470372971447,9309100,0.0,ABEV3.SA,1210,491,74.6500015258789,69.79000091552734,-1.0
2023-07-04,12.593031883239746,12.809292060786673,12.559761025675616,12.809292060786673,12338500,-0.017521116997993857,ABEV3.SA,1209,490,74.6500015258789,69.79000091552734,-1.0
2023-07-05,12.65125560760498,12.73443314762198,12.55976094817813,12.593031805536969,16649000,0.004623487409948224,ABEV3.SA,1208,489,76.6500015258789,71.79000091552734,-1.0
2023-07-06,12.335182189941406,12.692844505070276,12.310229244981663,12.601349051484853,28789100,-0.024983561115750064,ABEV3.SA,1207,488,76.5199966430664,71.80000305175781,-1.0
2023-07-07,12.35181713104248,12.543124350769665,12.318546275731675,12.335181306767197,18082900,0.0013485768466914294,ABEV3.SA,1206,487,78.47000122070312,73.86000061035156,-1.0
2023-07-10,12.48490047454834,13.125364633603407,12.418358764341054,12.850879880688414,30024500,0.010774393928760118,ABEV3.SA,1203,484,77.69000244140625,72.98999786376953,-1.0
2023-07-11,12.168827056884766,12.443311812110457,12.127238289345165,12.42667598779871,26625300,-0.02531645472928834,ABEV3.SA,1202,483,79.4000015258789,74.83000183105469,-1.0
2023-07-12,12.218733787536621,12.318547153823703,12.127239127219916,12.152192072171777,17859500,0.004101194833204591,ABEV3.SA,1201,482,80.11000061035156,75.75,-1.0
2023-07-13,12.276958465576172,12.385088952077675,12.168827979074667,12.19378092419353,13600600,0.004765197364307916,ABEV3.SA,1200,481,81.36000061035156,76.88999938964844,-1.0
2023-07-14,12.260321617126465,12.310228296440304,12.110603165664457,12.235368674089422,13152500,-0.0013551278597508931,ABEV3.SA,1199,480,79.87000274658203,75.41999816894531,-1.0
2023-07-17,12.326864242553711,12.335182155263514,12.16882786726653,12.243687495175127,21044500,0.00542747796552856,ABEV3.SA,1196,477,78.5,74.1500015258789,-1.0
2023-07-18,12.202098846435547,12.418359819606142,12.160510075711999,12.293593507435496,49083400,-0.01012142209593414,ABEV3.SA,1195,476,79.62999725341797,75.75,-1.0
2023-07-19,12.168827056884766,12.268639623035947,12.035743635349856,12.23536876765222,34813800,-0.0027267267680347596,ABEV3.SA,1194,475,79.45999908447266,75.3499984741211,-1.0
2023-07-20,12.410040855407715,12.468264653543942,12.052378568022878,12.268639522871373,42121000,0.019822271891560606,ABEV3.SA,1193,474,79.63999938964844,75.62999725341797,-1.0
2023-07-21,12.726116180419922,12.867517533009911,12.376771755578757,12.376771755578757,44120600,0.025469321873704986,ABEV3.SA,1192,473,81.06999969482422,77.06999969482422,-1.0
2023-07-24,12.576395034790039,12.784338075960322,12.484900382241424,12.659572568554053,28477500,-0.011764873391635344,ABEV3.SA,1189,470,82.73999786376953,78.73999786376953,-1.0
2023-07-25,12.501535415649414,12.701161338076599,12.301910286461979,12.676207601998357,25287600,-0.005952390882565384,ABEV3.SA,1188,469,83.63999938964844,79.62999725341797,-1.0
2023-07-26,12.459946632385254,12.518171223251557,12.36845197993785,12.451629513609854,22007900,-0.0033266940324865324,ABEV3.SA,1187,468,82.91999816894531,78.77999877929688,-1.0
2023-07-27,12.227051734924316,12.5098544226464,12.210416702655863,12.434994794338811,24140400,-0.018691484348384635,ABEV3.SA,1186,467,84.23999786376953,80.08999633789062,-1.0
2023-07-28,12.443313598632812,12.476584458793333,12.19378175080897,12.26864138448011,15430600,0.01768716354497668,ABEV3.SA,1185,466,84.98999786376953,80.58000183105469,-1.0
2023-07-31,12.36013412475586,12.559760047838619,12.285275295994548,12.45162957086372,16905900,-0.0066846723115692175,ABEV3.SA,1182,463,85.55999755859375,81.80000305175781,-1.0
2023-08-01,12.459946632385254,12.501535399221256,12.193779793818443,12.318546094326448,18921400,0.00807535797119563,ABEV3.SA,1181,462,84.91000366210938,81.37000274658203,-1.0
2023-08-02,12.518171310424805,12.63461890648882,12.360134153995418,12.434993776173574,22855900,0.0046729476262936664,ABEV3.SA,1180,461,83.19999694824219,79.48999786376953,-1.0
2023-08-03,12.168827056884766,12.850879988871055,12.102285346117311,12.543124378261638,63225600,-0.02790697178341972,ABEV3.SA,1179,460,85.13999938964844,81.55000305175781,-1.0
2023-08-04,12.235369682312012,12.393406058888846,12.093968338050718,12.193780911663428,22648600,0.005468285901030878,ABEV3.SA,1178,459,86.23999786376953,82.81999969482422,-1.0
2023-08-07,12.210415840148926,12.268639638835488,12.093967449536038,12.268639638835488,15395800,-0.0020394841194835145,ABEV3.SA,1175,456,85.33999633789062,81.94000244140625,-1.0
2023-08-08,12.060696601867676,12.210415848003448,12.0274257464197,12.044060777523805,15367000,-0.012261600279734886,ABEV3.SA,1174,455,86.16999816894531,82.91999816894531,-1.0
2023-08-09,11.960884094238281,12.060696661072175,11.886024470802917,12.027425805460876,19585700,-0.008275849308234662,ABEV3.SA,1173,454,87.55000305175781,84.4000015258789,-1.0
2023-08-10,11.952566146850586,12.16050919211919,11.910977379148912,12.044060801202455,9563200,-0.0006954291440465221,ABEV3.SA,1172,453,86.4000015258789,82.81999969482422,-1.0
2023-08-11,11.944249153137207,12.035744607764553,11.877707436993587,12.010790869280825,15263200,-0.0006958333140512085,ABEV3.SA,1171,452,86.80999755859375,83.19000244140625,-1.0
2023-08-14,11.919296264648438,12.019108839339136,11.819483689957739,11.944249210011154,17113600,-0.0020891131932069262,ABEV3.SA,1168,449,86.20999908447266,82.51000213623047,-1.0
2023-08-15,11.811165809631348,11.994155927021701,11.794530777090316,11.952567155809371,14551800,-0.009071882485025107,ABEV3.SA,1167,448,84.88999938964844,80.98999786376953,-1.0
2023-08-16,11.794529914855957,11.935931250696893,11.761259058966312,11.811164946180892,39194000,-0.0014084888014885832,ABEV3.SA,1166,447,83.44999694824219,79.37999725341797,-1.0
2023-08-17,11.827801704406738,11.944249312592731,11.711353302980907,11.836118824105855,39513800,0.002820950880702222,ABEV3.SA,1165,446,84.12000274658203,80.38999938964844,-1.0
2023-08-18,11.944249153137207,11.960884978793025,11.786212775606067,11.827801546505787,20322700,0.009845231737955373,ABEV3.SA,1164,445,84.80000305175781,81.25,-1.0
2023-08-21,11.902660369873047,12.00247293733289,11.861071601788169,11.977519200538099,18739800,-0.0034819085512157733,ABEV3.SA,1161,442,84.45999908447266,80.72000122070312,-1.0
2023-08-22,11.994154930114746,12.069014553426937,11.844435683490364,11.869389420087606,27151300,0.007686900020543508,ABEV3.SA,1160,441,84.02999877929688,80.3499984741211,-1.0
2023-08-23,12.019107818603516,12.135556209139741,11.927613164550614,11.927613164550614,27857800,0.0020804207244411455,ABEV3.SA,1159,440,83.20999908447266,78.88999938964844,-1.0
2023-08-24,11.802847862243652,12.052379695548472,11.777894916885119,12.019108837323818,26953700,-0.017993012428520694,ABEV3.SA,1158,439,83.36000061035156,79.05000305175781,-1.0
2023-08-25,11.636494636535645,11.852755631416255,11.37032774636868,11.852755631416255,55070100,-0.014094329406732276,ABEV3.SA,1157,438,84.4800033569336,79.83000183105469,-1.0
2023-08-28,11.819482803344727,11.902660339300839,11.5283622207381,11.661446436915837,35551200,0.01572536855167228,ABEV3.SA,1154,435,84.41999816894531,80.0999984741211,-1.0
2023-08-29,11.861072540283203,11.927614257188145,11.786212910455188,11.86939045320628,14591500,0.003518744231914006,ABEV3.SA,1153,434,85.48999786376953,81.16000366210938,-1.0
2023-08-30,11.794529914855957,11.927613338414536,11.7862120025736,11.83611788978818,25045400,-0.005610169333443493,ABEV3.SA,1152,433,85.86000061035156,81.62999725341797,-1.0
2023-08-31,11.511727333068848,11.777894182264498,11.40359685227317,11.761259150809662,44974800,-0.023977435627247967,ABEV3.SA,1151,432,86.86000061035156,83.62999725341797,-1.0
2023-09-01,11.536680221557617,11.644810701834857,11.386960972983012,11.520045190182538,20325700,0.0021676059349573507,ABEV3.SA,1150,431,88.55000305175781,85.55000305175781,-1.0
2023-09-04,11.528362274169922,11.628174841836008,11.44518553106807,11.569951042340735,23856400,-0.0007210000821685769,ABEV3.SA,1147,428,88.55000305175781,85.55000305175781,-1.0
2023-09-05,11.653127670288086,11.819481936763777,11.495090522206395,11.56163222879667,37047300,0.010822473578724123,ABEV3.SA,1146,427,90.04000091552734,86.69000244140625,-1.0
2023-09-06,11.628175735473633,11.777894995098734,11.611540702870753,11.63649364839499,26849800,-0.002141222126834874,ABEV3.SA,1145,426,90.5999984741211,87.54000091552734,-1.0
2023-09-08,11.395278930664062,11.611539892079648,11.395278930664062,11.603221979739098,23119600,-0.02002866228612976,ABEV3.SA,1143,424,90.6500015258789,87.51000213623047,-1.0
2023-09-11,11.536680221557617,11.578268989854983,11.403596797597869,11.470138509577742,14866900,0.012408760834546229,ABEV3.SA,1140,421,90.63999938964844,87.29000091552734,-1.0
2023-09-12,11.403595924377441,11.561632279918202,11.3620071592647,11.520044308045176,18024700,-0.011535753321089026,ABEV3.SA,1139,420,92.05999755859375,88.83999633789062,-1.0
2023-09-13,11.34537124633789,11.495089678558012,11.337053335314646,11.40359503702129,32126800,-0.005105817360213871,ABEV3.SA,1138,419,91.87999725341797,88.5199966430664,-1.0
2023-09-14,11.253877639770508,11.411914801926896,11.228924695886787,11.378643945668676,21983200,-0.008064399531828026,ABEV3.SA,1137,418,93.69999694824219,90.16000366210938,-1.0
2023-09-15,11.162383079528809,11.32041944980682,11.145747254636497,11.270513561609464,39186700,-0.008130047541867969,ABEV3.SA,1136,417,93.93000030517578,90.7699966430664,-1.0
2023-09-18,11.137430191040039,11.212289023709845,11.070888477618125,11.137430191040039,19997200,-0.002235444556147881,ABEV3.SA,1133,414,94.43000030517578,91.4800033569336,-1.0
2023-09-19,11.170701026916504,11.270513596863214,11.06257054449762,11.070888456969794,25991300,0.002987299161994361,ABEV3.SA,1132,413,94.33999633789062,91.19999694824219,-1.0
2023-09-20,11.203971862792969,11.278831488424158,11.187336037879463,11.203971862792969,15729400,0.002978401784838436,ABEV3.SA,1131,412,93.52999877929688,90.27999877929688,-1.0
2023-09-21,11.012663841247559,11.14574726758146,10.979392984664083,11.079205554414509,29875400,-0.017075018028269162,ABEV3.SA,1130,411,93.30000305175781,89.62999725341797,1.0
2023-09-22,10.912851333618164,11.045934760709638,10.896216301851629,11.020981816439935,16325200,-0.009063429980996074,ABEV3.SA,1129,410,93.2699966430664,90.02999877929688,1.0
2023-09-25,10.996027946472168,11.087522596585151,10.904532503119457,10.937803357091425,20229100,0.007621895535016465,ABEV3.SA,1126,407,93.29000091552734,89.68000030517578,1.0
2023-09-26,10.846309661865234,11.004346033835352,10.813038804964167,10.971075176934287,29094600,-0.013615669706893319,ABEV3.SA,1125,406,93.95999908447266,90.38999938964844,1.0
2023-09-27,10.788084983825684,10.896215458276087,10.696589539853946,10.879579634557686,32045700,-0.005368155608194036,ABEV3.SA,1124,405,96.55000305175781,93.68000030517578,1.0
2023-09-28,10.796401977539062,10.921168274264417,10.75481400520367,10.813037801065,43949200,0.0007709425468791498,ABEV3.SA,1123,404,95.37999725341797,91.70999908447266,1.0
2023-09-29,10.904533386230469,10.954440067850014,10.854627497850718,10.879580442040593,22876500,0.010015504138912501,ABEV3.SA,1122,403,95.30999755859375,90.79000091552734,1.0
2023-10-02,10.887898445129395,10.937804333924477,10.79640299360541,10.904533476981156,17955500,-0.0015255069164242796,ABEV3.SA,1119,400,90.70999908447266,88.81999969482422,1.0
2023-10-03,10.854628562927246,11.054253722513433,10.763133103187007,10.862946476219971,31511700,-0.003055675286632642,ABEV3.SA,1118,399,90.91999816894531,89.2300033569336,1.0
2023-10-04,10.987710952758789,11.037617634506612,10.846309613253052,10.854627525750988,15774100,0.012260427803681084,ABEV3.SA,1117,398,85.80999755859375,84.22000122070312,1.0
2023-10-05,10.721546173095703,11.004348113582523,10.696592430773967,10.962760129526192,31497000,-0.024223860711976353,ABEV3.SA,1116,397,84.06999969482422,82.30999755859375,1.0
2023-10-06,10.971076011657715,11.045935643690687,10.596778644732717,10.646685330501318,40211800,0.02327368035667976,ABEV3.SA,1115,396,84.58000183105469,82.79000091552734,1.0
2023-10-09,10.954438209533691,10.971073238425037,10.854625656466647,10.937802387402687,15459500,-0.0015165150716615061,ABEV3.SA,1112,393,88.1500015258789,86.37999725341797,1.0
2023-10-10,11.02098274230957,11.11247740781145,10.912852250403787,10.954441023173683,18408800,0.006074664122708295,ABEV3.SA,1111,392,87.6500015258789,85.97000122070312,1.0
2023-10-11,11.054252624511719,11.087523481138007,10.971075086326099,11.020981767885429,14042700,0.0030187763632389952,ABEV3.SA,1110,391,85.81999969482422,83.48999786376953,1.0
2023-10-13,10.796401977539062,11.045933777750045,10.746496093440701,11.045933777750045,24773100,-0.023325923129429604,ABEV3.SA,1108,389,90.88999938964844,87.69000244140625,1.0
2023-10-16,10.821355819702148,10.87957961613851,10.771449141871171,10.821355819702148,12422600,0.0023113109547976407,ABEV3.SA,1105,386,89.6500015258789,86.66000366210938,1.0
2023-10-17,10.646683692932129,10.804720052618675,10.630047869154737,10.729860432099882,21533400,-0.016141427163128608,ABEV3.SA,1104,385,89.9000015258789,86.66000366210938,1.0
2023-10-18,10.422104835510254,10.630047873371733,10.388833981182007,10.596777019043486,41902700,-0.02109378506012749,ABEV3.SA,1103,384,91.5,88.31999969482422,1.0
2023-10-19,10.413788795471191,10.55518934608207,10.405470882717664,10.447059653245484,15581700,-0.000797923276565804,ABEV3.SA,1102,383,92.37999725341797,89.37000274658203,1.0
2023-10-20,10.388833999633789,10.505282386609348,10.313974378952338,10.355563145246448,14749400,-0.0023963224458954935,ABEV3.SA,1101,382,92.16000366210938,88.75,1.0
2023-10-23,10.380516052246094,10.455375672671671,10.297339313181913,10.363881021729153,11943700,-0.0008006622675834629,ABEV3.SA,1098,379,89.83000183105469,85.48999786376953,1.0
2023-10-24,10.413788795471191,10.472012598266248,10.255751626113437,10.46369468551272,32749400,0.003205307236907373,ABEV3.SA,1097,378,88.06999969482422,83.73999786376953,1.0
2023-10-25,10.347246170043945,10.430423710161971,10.313975312644697,10.405470765422487,14976900,-0.006389857402925636,ABEV3.SA,1096,377,90.12999725341797,85.38999938964844,1.0
2023-10-26,10.50528335571289,10.630048872864997,10.322293243081967,10.380517045320975,25002300,0.015273357091520223,ABEV3.SA,1095,376,87.93000030517578,83.20999908447266,1.0
2023-10-27,10.222480773925781,10.50528346178173,10.214162861167706,10.463694691231181,27730300,-0.02692003368317697,ABEV3.SA,1094,375,90.4800033569336,85.54000091552734,1.0
2023-10-30,10.280704498291016,10.38883498360127,10.230798608603092,10.31397535582957,26078000,0.005695655061904725,ABEV3.SA,1091,372,87.44999694824219,82.30999755859375,1.0
2023-10-31,10.6965913772583,10.771451010370631,10.488648304497325,10.771451010370631,64210200,0.040453149785252496,ABEV3.SA,1090,371,87.41000366210938,81.0199966430664,1.0
2023-11-01,10.80472183227539,10.81303974553414,10.613414586763385,10.72986219942639,40528700,0.01010887031236729,ABEV3.SA,1089,370,84.62999725341797,80.44000244140625,1.0
2023-11-03,11.054252624511719,11.120794337764297,10.854627484753985,10.896216253846795,27360200,0.023094605868606566,ABEV3.SA,1087,368,84.88999938964844,80.51000213623047,1.0
2023-11-06,11.237242698669434,11.287148586838388,11.054252591157095,11.095841360124416,20562100,0.01655381692218172,ABEV3.SA,1084,365,85.18000030517578,80.81999969482422,-1.0
2023-11-07,11.287148475646973,11.303784300365935,11.195653819412026,11.228924675610168,20565500,0.004441105199538775,ABEV3.SA,1083,364,81.61000061035156,77.37000274658203,-1.0
2023-11-08,11.262195587158203,11.378643981043899,11.245560555597267,11.303784355920222,29629700,-0.002210734495307398,ABEV3.SA,1082,363,79.54000091552734,75.33000183105469,-1.0
2023-11-09,11.154065132141113,11.287148557903548,11.120794275700506,11.287148557903548,18858200,-0.009601187812826373,ABEV3.SA,1081,362,80.01000213623047,75.73999786376953,-1.0
2023-11-10,11.10416030883789,11.220607920925865,11.10416030883789,11.187337061295034,15140600,-0.0044741376988572945,ABEV3.SA,1080,361,81.43000030517578,77.16999816894531,1.0
2023-11-13,11.170701026916504,11.270513596863214,11.054252632025445,11.120794345323253,16559200,0.005992413314283018,ABEV3.SA,1077,358,82.5199966430664,78.26000213623047,-1.0
2023-11-14,11.395278930664062,11.436867699127026,11.187335881589025,11.228924650051988,24478100,0.020104190704453018,ABEV3.SA,1076,357,82.47000122070312,78.26000213623047,-1.0
2023-11-16,11.370326042175293,11.478456523408918,11.270513473322668,11.395278986078504,45772900,-0.0021897567089492753,ABEV3.SA,1074,355,77.41999816894531,72.9000015258789,-1.0
2023-11-17,11.312102317810059,11.428549918965414,11.24556060479563,11.40359697489495,36893100,-0.005120673246243657,ABEV3.SA,1073,354,80.61000061035156,75.88999938964844,-1.0
2023-11-20,11.312102317810059,11.40359697489495,11.203971835851663,11.32041943700702,15170600,0.0,ABEV3.SA,1070,351,82.31999969482422,77.5999984741211,-1.0
2023-11-21,11.179018020629883,11.328737270488784,11.112476308079213,11.31210223897101,17196400,-0.011764771343222735,ABEV3.SA,1069,350,82.44999694824219,77.7699966430664,-1.0
2023-11-22,11.287148475646973,11.312102212725415,11.170700875573365,11.220606763250688,29650400,0.009672625521986333,ABEV3.SA,1068,349,81.95999908447266,77.0999984741211,-1.0
2023-11-23,11.270514488220215,11.445186697751298,11.037618473258723,11.320420380520607,32233900,-0.0014737103408045682,ABEV3.SA,1067,348,81.37000274658203,77.0999984741211,-1.0
2023-11-24,11.137430191040039,11.262195705396179,11.04593474015506,11.228924848685221,18133100,-0.011808182964431091,ABEV3.SA,1066,347,80.58000183105469,75.54000091552734,-1.0
2023-11-27,11.295466423034668,11.337055191721262,11.1207942291428,11.179018029360162,22972800,0.014189649612508237,ABEV3.SA,1063,344,79.9800033569336,74.86000061035156,-1.0
2023-11-28,11.353689193725586,11.403595870272033,11.24555951548109,11.24555951548109,14913700,0.005154525586671177,ABEV3.SA,1062,343,81.68000030517578,76.41000366210938,-1.0
2023-11-29,11.062570571899414,11.386961226719786,11.062570571899414,11.33705533824271,19363500,-0.02564088349248217,ABEV3.SA,1061,342,83.0999984741211,77.86000061035156,1.0
2023-11-30,11.386961936950684,11.428550708768762,11.020982490079245,11.062571261897324,41991100,0.029323326160311414,ABEV3.SA,1060,341,82.83000183105469,75.95999908447266,-1.0
2023-12-01,11.711353302001953,11.711353302001953,11.312102999843628,11.386961836568435,30042200,0.028487964291741497,ABEV3.SA,1059,340,78.87999725341797,74.06999969482422,-1.0
2023-12-04,11.694717407226562,11.719670350961957,11.636492814190932,11.669763670251387,9861400,-0.0014204929478599526,ABEV3.SA,1056,337,78.02999877929688,73.04000091552734,-1.0
2023-12-05,11.844435691833496,11.952566170778407,11.703034357308592,11.711352269513533,36765000,0.012802214828587344,ABEV3.SA,1055,336,77.19999694824219,72.31999969482422,-1.0
2023-12-06,11.636494636535645,11.910979440330301,11.569952913993903,11.869391458671641,20919500,-0.01755601201340662,ABEV3.SA,1054,335,74.30000305175781,69.37999725341797,-1.0
2023-12-07,11.711353302001953,11.877707594567923,11.661447410852082,11.661447410852082,11940500,0.006433094140848139,ABEV3.SA,1053,334,74.05000305175781,69.33999633789062,-1.0
2023-12-08,11.902660369873047,12.052378824442926,11.786211977883342,11.877706633078255,16690900,0.01633518031074943,ABEV3.SA,1052,333,75.83999633789062,71.2300033569336,-1.0
2023-12-11,11.910977363586426,11.969201955588602,11.82780062153152,11.844435652646595,11080900,0.0006987508216591554,ABEV3.SA,1049,330,76.02999877929688,71.31999969482422,-1.0
2023-12-12,11.836118698120117,11.927614152995034,11.794530720347698,11.877707469132368,10541600,-0.006284846589933224,ABEV3.SA,1048,329,73.23999786376953,68.61000061035156,-1.0
2023-12-13,12.227051734924316,12.310229275986043,11.761259726050147,11.869390212134464,53960800,0.03302882023870635,ABEV3.SA,1047,328,74.26000213623047,69.47000122070312,-1.0
2023-12-14,12.060696601867676,12.36845221307139,11.894342324627798,12.351817181967284,60791700,-0.013605498419662188,ABEV3.SA,1046,327,76.61000061035156,71.58000183105469,-1.0
2023-12-15,12.035744667053223,12.118921416022566,11.969202950581817,12.060697612420043,33747300,-0.0020688634859273858,ABEV3.SA,1045,326,76.55000305175781,71.43000030517578,-1.0
2023-12-18,12.102285385131836,12.17714500829649,12.002472818658886,12.060696617458165,24363100,0.005528591700749708,ABEV3.SA,1042,323,77.94999694824219,72.47000122070312,-1.0
2023-12-19,12.227051734924316,12.293593450477768,12.102286216571548,12.135557074348274,32674700,0.010309321406827943,ABEV3.SA,1041,322,79.2300033569336,73.44000244140625,-1.0
2023-12-20,12.025918960571289,12.209721251877065,11.964651808370144,12.200968563076232,24316200,-0.016449817888520846,ABEV3.SA,1040,321,79.69999694824219,74.22000122070312,-1.0
2023-12-21,11.9909086227417,12.095938380589235,11.89463155339037,12.095938380589235,28969600,-0.0029112401259626663,ABEV3.SA,1039,320,79.38999938964844,73.88999938964844,-1.0
2023-12-22,11.99966049194336,12.104690242619835,11.955897887152597,11.982155116146151,19864700,0.000729875397854407,ABEV3.SA,1038,319,79.06999969482422,73.55999755859375,-1.0
2023-12-26,12.052177429199219,12.087187350868618,11.982156751158048,12.008414818436878,6884800,0.004376535260403269,ABEV3.SA,1034,315,81.06999969482422,75.56999969482422,-1.0
2023-12-27,12.113444328308105,12.113444328308105,12.008414565512078,12.060929029558913,10305900,0.005083471386710059,ABEV3.SA,1033,314,79.6500015258789,74.11000061035156,-1.0
2023-12-28,12.017166137695312,12.122196732728801,12.017166137695312,12.078434123915237,16500300,-0.007948044173348712,ABEV3.SA,1032,313,78.38999938964844,71.7699966430664,-1.0
2024-01-02,11.99966049194336,12.017165033038308,11.894630741266885,12.008413179841964,11690200,-0.0014567199580475254,ABEV3.SA,1027,308,75.88999938964844,70.37999725341797,-1.0
2024-01-03,11.9033842086792,12.034671196946784,11.87712614326383,11.964651358577097,17612200,-0.00802325060186504,ABEV3.SA,1026,307,78.25,72.69999694824219,-1.0
2024-01-04,11.947145462036133,11.973403526309504,11.833363855660643,11.903383690985073,19996000,0.0036763707353935082,ABEV3.SA,1025,306,77.58999633789062,72.19000244140625,-1.0
2024-01-05,11.9033842086792,11.982155900818361,11.842116224078987,11.920888750920463,18293900,-0.0036629045403349103,ABEV3.SA,1024,305,78.76000213623047,73.80999755859375,-1.0
2024-01-08,11.99966049194336,12.034670408835519,11.88587805336828,11.912135282361834,11014600,0.00808814380652878,ABEV3.SA,1021,302,76.12000274658203,70.7699966430664,-1.0
2024-01-09,11.920889854431152,11.982157010000519,11.859622698861786,11.982157010000519,15705100,-0.006564405515063876,ABEV3.SA,1020,301,77.58999633789062,72.23999786376953,-1.0
2024-01-10,12.043423652648926,12.10469080136268,11.903383978616173,11.920888520519117,18313300,0.010278913714836913,ABEV3.SA,1019,300,76.80000305175781,71.37000274658203,-1.0
2024-01-11,11.868375778198242,12.052178085649402,11.824613165052266,11.999662782933747,22254100,-0.01453472695965341,ABEV3.SA,1018,299,77.41000366210938,72.0199966430664,-1.0
2024-01-12,11.894632339477539,12.008414793340886,11.763344507464888,11.833365185359725,20300600,0.0022123129373379236,ABEV3.SA,1017,298,78.29000091552734,72.68000030517578,-1.0
2024-01-15,11.894632339477539,11.90338502855219,11.78084988561419,11.79835442906112,4752100,0.0,ABEV3.SA,1014,295,78.29000091552734,72.68000030517578,-1.0
2024-01-16,11.68457317352295,11.833365553612934,11.675820484175915,11.76334487353906,24233000,-0.017659996539566514,ABEV3.SA,1013,294,78.29000091552734,72.4000015258789,-1.0
2024-01-17,11.754591941833496,11.824611780789127,11.667066725787796,11.667066725787796,12493800,0.005992411299131417,ABEV3.SA,1012,293,77.87999725341797,72.55999755859375,-1.0
2024-01-18,11.675819396972656,11.745839235824178,11.597046869589114,11.745839235824178,18425500,-0.0067014274294368015,ABEV3.SA,1011,292,79.0999984741211,74.08000183105469,-1.0
2024-01-19,11.68457317352295,11.74584032954739,11.605800638804439,11.737087640200356,28017100,0.0007497355219936441,ABEV3.SA,1010,291,78.55999755859375,73.41000366210938,-1.0
2024-01-22,11.693324089050293,11.772096617442402,11.579541640784171,11.710829466338465,16245600,0.0007489289850290959,ABEV3.SA,1007,288,80.05999755859375,75.19000244140625,-1.0
2024-01-23,11.702075958251953,11.754591251736734,11.579540829922317,11.719581334314304,16851900,0.0007484500673213823,ABEV3.SA,1006,287,79.55000305175781,74.37000274658203,-1.0
2024-01-24,11.62330436706543,11.76334404798031,11.544531837875224,11.76334404798031,16080200,-0.006731420259751153,ABEV3.SA,1005,286,80.04000091552734,75.08999633789062,-1.0
2024-01-25,11.553284645080566,11.623304486256021,11.50077018155015,11.570790022725605,12841800,-0.0060240805689699695,ABEV3.SA,1004,285,82.43000030517578,77.36000061035156,-1.0
2024-01-26,11.553284645080566,11.63205717507854,11.50952203567032,11.605799943313333,6568000,0.0,ABEV3.SA,1003,284,83.55000305175781,78.01000213623047,-1.0
2024-01-29,11.597046852111816,11.632056771484816,11.483264405473989,11.518274324846988,10163100,0.0037878584641195534,ABEV3.SA,1000,281,82.4000015258789,76.77999877929688,-1.0
2024-01-30,11.413244247436523,11.597046527678385,11.404491559162555,11.570789297558775,22516400,-0.015849087014925933,ABEV3.SA,999,280,82.87000274658203,77.81999969482422,-1.0
2024-01-31,11.44825553894043,11.570790685366038,11.40449292702397,11.44825553894043,25269100,0.003067602054671603,ABEV3.SA,998,279,81.70999908447266,75.8499984741211,-1.0
2024-02-01,11.439501762390137,11.474511681655434,11.290709396837048,11.439501762390137,27075000,-0.0007646384657048477,ABEV3.SA,997,278,78.69999694824219,73.81999969482422,-1.0
2024-02-02,11.439501762390137,11.55328420867793,11.343224693086151,11.44825445088204,22938800,0.0,ABEV3.SA,996,277,77.33000183105469,72.27999877929688,-1.0
2024-02-05,11.45700740814209,11.544531791007394,11.41324479935827,11.44825471944486,16606500,0.0015302804366450484,ABEV3.SA,993,274,77.98999786376953,72.77999877929688,-1.0
2024-02-06,11.57954216003418,11.640810148587828,11.43950247425847,11.43950247425847,29715800,0.010695179598558147,ABEV3.SA,992,273,78.58999633789062,73.30999755859375,-1.0
2024-02-07,11.37823486328125,11.649562369597755,11.316967711891406,11.597047072190506,37752200,-0.01738473714856581,ABEV3.SA,991,272,79.20999908447266,73.86000061035156,-1.0
2024-02-08,11.334471702575684,11.413244227499206,11.290709095984583,11.343224390834363,23297000,-0.003846217030270216,ABEV3.SA,990,271,81.62999725341797,76.22000122070312,-1.0
2024-02-09,11.334471702575684,11.360728932649426,11.211937405763356,11.308214472501941,15447300,0.0,ABEV3.SA,989,270,82.19000244140625,76.83999633789062,-1.0
2024-02-14,11.308215141296387,11.32571968414671,11.220689922937739,11.273205220893397,16255700,-0.0023165227253891807,ABEV3.SA,984,265,81.5999984741211,76.63999938964844,-1.0
2024-02-15,11.2469482421875,11.39574061592183,11.238195553214338,11.316968084568083,27820200,-0.0054179106378288155,ABEV3.SA,983,264,82.86000061035156,78.02999877929688,-1.0
2024-02-16,11.16817569732666,11.290710003993304,11.159423008364083,11.290710003993304,21074800,-0.007003903918163523,ABEV3.SA,982,263,83.47000122070312,79.19000244140625,-1.0
2024-02-19,11.21193790435791,11.21193790435791,11.071897390098334,11.1769279844686,9229700,0.003918474083616452,ABEV3.SA,979,260,83.47000122070312,79.19000244140625,-1.0
2024-02-20,11.2469482421875,11.45700776932925,11.185680254077718,11.21193832099721,26872100,0.0031225946957824657,ABEV3.SA,978,259,82.33999633789062,78.18000030517578,-1.0
2024-02-21,11.29071044921875,11.308215827834195,11.159423448412502,11.238195982777208,13911900,0.0038910294676290924,ABEV3.SA,977,258,83.02999877929688,77.91000366210938,-1.0
2024-02-22,11.343225479125977,11.386988089915748,11.255700257546431,11.316968246533063,16110800,0.004651171433668333,ABEV3.SA,976,257,83.66999816894531,78.61000061035156,-1.0
2024-02-23,11.28195858001709,11.386988347466682,11.220690589644699,11.378235658170285,18944400,-0.005401188508650456,ABEV3.SA,975,256,81.62000274658203,76.48999786376953,-1.0
2024-02-26,11.413244247436523,11.46575954237804,11.22944196719466,11.22944196719466,12942000,0.011636779774388595,ABEV3.SA,972,253,82.52999877929688,77.58000183105469,-1.0
2024-02-27,11.649561882019043,11.667066423953937,11.439501535884213,11.474511454456302,31668800,0.02070556184194494,ABEV3.SA,971,252,83.6500015258789,78.87000274658203,-1.0
2024-02-28,11.772096633911133,11.894631770992762,11.605799722952515,11.614552411608846,34495200,0.010518400016503726,ABEV3.SA,970,251,83.68000030517578,78.54000091552734,-1.0
2024-02-29,11.01063060760498,11.369482507160415,10.853085545477283,11.30821535397847,88182100,-0.06468397686378524,ABEV3.SA,969,250,83.62000274658203,78.26000213623047,-1.0
2024-03-01,10.888094902038574,11.089402563731749,10.765560602027552,10.9056002790129,51174000,-0.011128854461957105,ABEV3.SA,968,249,83.55000305175781,79.97000122070312,-1.0
2024-03-04,10.923105239868164,11.001877769866635,10.86183808751484,10.89684800810279,16560500,0.0032154695697073077,ABEV3.SA,965,246,82.80000305175781,78.73999786376953,-1.0
2024-03-05,11.159422874450684,11.229442715906343,10.896848051640786,10.966867893096445,33369400,0.021634656939858665,ABEV3.SA,964,245,82.04000091552734,78.1500015258789,-1.0
2024-03-06,11.106908798217773,11.360730960100849,11.001879024476754,11.203186716840541,45103900,-0.004705805741365032,ABEV3.SA,963,244,82.95999908447266,79.12999725341797,-1.0
2024-03-07,11.071898460388184,11.141918306935432,10.958116835775714,11.054393916102578,12954500,-0.003152122563139015,ABEV3.SA,962,243,82.95999908447266,78.93000030517578,-1.0
2024-03-08,11.23819637298584,11.308216220474028,10.984374217165549,10.984374217165549,54292500,0.015019819156815606,ABEV3.SA,961,242,82.08000183105469,78.01000213623047,-1.0
2024-03-11,11.203184127807617,11.290708501680543,11.098154378338759,11.176926899115966,20348100,-0.003115468355970763,ABEV3.SA,958,239,82.20999908447266,77.93000030517578,-1.0
2024-03-12,11.23819637298584,11.29071084125077,11.16817652549765,11.22944368337421,25358500,0.0031252048327330417,ABEV3.SA,957,238,81.91999816894531,77.55999755859375,-1.0
2024-03-13,11.159422874450684,11.299462557362002,11.115660264865308,11.220690027048798,24872300,-0.007009443145566507,ABEV3.SA,956,237,84.02999877929688,79.72000122070312,-1.0
2024-03-14,11.203184127807617,11.211936815605585,11.08940169054079,11.150668835722062,27666100,0.00392146205491728,ABEV3.SA,955,236,85.41999816894531,81.26000213623047,-1.0
2024-03-15,11.05439281463623,11.255699644725633,11.036887437392458,11.255699644725633,36174000,-0.013281162879584363,ABEV3.SA,954,235,85.33999633789062,81.04000091552734,-1.0
2024-03-18,11.05439281463623,11.09815542304333,10.975620286443915,11.071897357177672,24187500,0.0,ABEV3.SA,951,232,86.88999938964844,82.72000122070312,-1.0
2024-03-19,10.97562026977539,11.10690726009498,10.914353118919893,11.054392797848076,26464600,-0.007125904261023108,ABEV3.SA,950,231,87.37999725341797,83.47000122070312,-1.0
2024-03-20,10.97562026977539,11.01938287811603,10.826827902238614,10.966867581166797,48407800,0.0,ABEV3.SA,949,230,85.94999694824219,81.68000030517578,-1.0
2024-03-21,11.036887168884277,11.036887168884277,10.88809480474139,10.958115477310669,29217300,0.005582089904987209,ABEV3.SA,948,229,85.77999877929688,81.06999969482422,-1.0
2024-03-22,10.861838340759277,11.001878026376106,10.82682841935507,10.993126172051829,18151900,-0.015860344084925093,ABEV3.SA,947,228,85.43000030517578,80.62999725341797,-1.0
2024-03-25,10.704292297363281,10.940609871239147,10.704292297363281,10.853084658388317,21593700,-0.014504546878110092,ABEV3.SA,944,225,86.75,81.94999694824219,1.0
2024-03-26,10.861838340759277,10.931858183567691,10.651778812334033,10.678036044711597,32319600,0.014718025164055293,ABEV3.SA,943,224,86.25,81.62000274658203,-1.0
2024-03-27,10.896848678588867,10.896848678588867,10.765561676981521,10.8180761437435,26211600,0.003223242395185899,ABEV3.SA,942,223,86.08999633789062,81.3499984741211,-1.0
2024-03-28,10.931857109069824,10.984372403365564,10.818074667014294,10.835580043346969,44405600,0.00321271144654367,ABEV3.SA,941,222,87.4800033569336,83.16999816894531,-1.0
2024-04-01,10.791817665100098,10.975619946962968,10.739303204397736,10.940610028260627,21031000,-0.012810215370775424,ABEV3.SA,937,218,87.41999816894531,83.70999908447266,-1.0
2024-04-02,10.739303588867188,10.870590580025498,10.739303588867188,10.800570740114088,19115800,-0.004866101139082146,ABEV3.SA,936,217,88.91999816894531,85.1500015258789,1.0
2024-04-03,10.896848678588867,10.949363980053244,10.616769296651917,10.721799064878272,36137900,0.01466995400753901,ABEV3.SA,935,216,89.3499984741211,85.43000030517578,-1.0
2024-04-04,10.914352416992188,11.115659233829353,10.9055997289465,10.914352416992188,31881300,0.001606311964092333,ABEV3.SA,934,215,90.6500015258789,86.58999633789062,-1.0
2024-04-05,10.704292297363281,10.984372477664563,10.537995394589455,10.95811524769023,71144500,-0.019246228415885747,ABEV3.SA,933,214,91.16999816894531,86.91000366210938,1.0
2024-04-08,10.651778221130371,10.739303437134177,10.608015613128467,10.695540829132273,18919200,-0.004905889597750068,ABEV3.SA,930,211,90.37999725341797,86.43000030517578,1.0
2024-04-09,10.818075180053711,10.87059047683995,10.660530959099644,10.6867881901416,23795200,0.015612131183265765,ABEV3.SA,929,210,89.41999816894531,85.2300033569336,-1.0
2024-04-10,10.590511322021484,10.835580764063453,10.590511322021484,10.739303691936836,23028800,-0.02103552196159697,ABEV3.SA,928,209,90.4800033569336,86.20999908447266,1.0
2024-04-11,10.678035736083984,10.774313643189606,10.564253286133376,10.590511352454369,21019300,0.008264418157082343,ABEV3.SA,927,208,89.73999786376953,85.0199966430664,1.0
2024-04-12,10.608016014099121,10.686788544539592,10.546748861402023,10.643025934883514,16269700,-0.006557359772476512,ABEV3.SA,926,207,90.44999694824219,85.66000366210938,1.0
