Date,Close,High,Low,Open,Volume,Retorno_Diario,Ticker,DiasParaEleicaoBR,DiasParaEleicaoUSA,Petroleo_Brent,Petroleo_WTI,Alvo
2015-01-02,7.013304710388184,7.256623722387741,6.9785450647229155,7.10531609311999,20142053,,BBDC4.SA,1395,676,56.41999816894531,52.689998626708984,1.0
2015-01-05,7.027767658233643,7.113696346896782,6.814990435597911,6.896827637477891,19878785,0.002062215808766421,BBDC4.SA,1392,673,53.11000061035156,50.040000915527344,1.0
2015-01-06,7.2589569091796875,7.2589569091796875,6.984802911107868,7.0400424611933134,26416610,0.03289654157464739,BBDC4.SA,1391,672,51.099998474121094,47.93000030517578,1.0
2015-01-07,7.547435760498047,7.631318733471631,7.287602372064727,7.3530726529378,27833207,0.039741088826901416,BBDC4.SA,1390,671,51.150001525878906,48.650001525878906,-1.0
2015-01-08,7.586302757263184,7.653818732144759,7.426720403652548,7.5699358213648615,15119805,0.005149695605037197,BBDC4.SA,1389,670,50.959999084472656,48.790000915527344,-1.0
2015-01-09,7.256910800933838,7.555616690630457,7.218038195070568,7.512652100532172,16378492,-0.043419300134572625,BBDC4.SA,1388,669,50.11000061035156,48.36000061035156,1.0
2015-01-12,7.128017425537109,7.2896455741367205,7.078915108668668,7.201670651965899,16489207,-0.01776146612965701,BBDC4.SA,1385,666,47.43000030517578,46.06999969482422,1.0
2015-01-13,7.150522232055664,7.3510234875726885,7.150522232055664,7.181211865093528,21003287,0.003157232253379272,BBDC4.SA,1384,665,46.59000015258789,45.88999938964844,1.0
2015-01-14,7.226224422454834,7.334658305470996,7.027769346866504,7.058457993853001,19433117,0.01058694567227536,BBDC4.SA,1383,664,48.689998626708984,48.47999954223633,1.0
2015-01-15,7.152569770812988,7.428770047546545,7.152569770812988,7.240544710642776,25751297,-0.010192688094902036,BBDC4.SA,1382,663,47.66999816894531,46.25,1.0
2015-01-16,7.222128391265869,7.2446335523650465,7.099372378841341,7.191439263722831,33012089,0.009724983143362564,BBDC4.SA,1381,662,47.689998626708984,48.689998626708984,1.0
2015-01-19,7.070727348327637,7.293733646726652,7.017533075810998,7.181207875342383,16290226,-0.020963493687169876,BBDC4.SA,1378,659,47.689998626708984,48.689998626708984,1.0
2015-01-20,7.048226833343506,7.211901242861394,7.025721664253272,7.201671530048051,13588666,-0.0031822065645696895,BBDC4.SA,1377,658,47.9900016784668,46.38999938964844,1.0
2015-01-21,7.220084190368652,7.271232249448695,7.017536701727038,7.154613938079556,21723447,0.024383062731768268,BBDC4.SA,1376,657,49.029998779296875,47.779998779296875,1.0
2015-01-22,7.299872398376465,7.436949583197442,7.246678118372043,7.30396438093393,22345393,0.01105086947798295,BBDC4.SA,1375,656,48.52000045776367,46.310001373291016,-1.0
2015-01-23,7.236451148986816,7.436952397197944,7.11574135097388,7.303967144615357,15717515,-0.008687994245454744,BBDC4.SA,1374,655,48.790000915527344,45.59000015258789,1.0
2015-01-26,7.353071689605713,7.35920941875109,7.130065207833529,7.130065207833529,17672383,0.016115708959802078,BBDC4.SA,1371,652,48.15999984741211,45.150001525878906,-1.0
2015-01-27,7.365345478057861,7.418539782255003,7.16075272785406,7.246681414155861,24000768,0.0016692056014493417,BBDC4.SA,1370,651,49.599998474121094,46.22999954223633,-1.0
2015-01-28,7.211898326873779,7.457409841882914,7.191438909519451,7.273276081189162,24958176,-0.020833666477861335,BBDC4.SA,1369,650,48.470001220703125,44.45000076293945,1.0
2015-01-29,7.113694667816162,7.351022248376606,7.001168355135914,7.28350626166939,25864053,-0.01361689455488857,BBDC4.SA,1368,649,49.130001068115234,44.529998779296875,1.0
2015-01-30,6.900920867919922,7.035952399837795,6.849772296418067,7.017538714997978,27674022,-0.029910448765656628,BBDC4.SA,1367,648,52.9900016784668,48.2400016784668,1.0
2015-02-02,6.972524642944336,7.013443478271674,6.780207411049623,6.986846334858426,23727040,0.010375973930852656,BBDC4.SA,1364,645,54.75,49.56999969482422,1.0
2015-02-03,7.230608940124512,7.244938832203862,7.066835187432573,7.1650994390477365,23725510,0.03701446899027272,BBDC4.SA,1363,644,57.90999984741211,53.04999923706055,1.0
2015-02-04,7.412804126739502,7.478313601953922,7.1528132102136235,7.230606085568035,27441876,0.025197765239929115,BBDC4.SA,1362,643,54.15999984741211,48.45000076293945,-1.0
2015-02-05,7.294066905975342,7.410755453176233,7.287924957867726,7.3247746543148775,19437453,-0.016017854881103744,BBDC4.SA,1361,642,56.56999969482422,50.47999954223633,1.0
2015-02-06,7.32477331161499,7.330914760547185,7.144621818706075,7.27768820573544,18438718,0.004209778445340762,BBDC4.SA,1360,641,57.79999923706055,51.689998626708984,-1.0
2015-02-09,7.4005208015441895,7.4005208015441895,7.259266429976119,7.277690783298114,21732631,0.010341274290234459,BBDC4.SA,1357,638,58.34000015258789,52.86000061035156,-1.0
2015-02-10,7.245736598968506,7.463684100672099,7.245736598968506,7.3814396188334985,16000937,-0.02091531214173281,BBDC4.SA,1356,637,56.43000030517578,50.02000045776367,1.0
2015-02-11,7.050405979156494,7.315644753707306,6.99489101477317,7.229287419897215,24872206,-0.026958007256269623,BBDC4.SA,1355,636,54.65999984741211,48.84000015258789,1.0
2015-02-12,7.3300395011901855,7.3300395011901855,7.122372051307618,7.175830607536963,17602995,0.03966204539999363,BBDC4.SA,1354,635,57.04999923706055,51.209999084472656,-1.0
2015-02-13,7.52536678314209,7.537703829678594,7.327980041256739,7.393775621885189,18634639,0.02664750741386701,BBDC4.SA,1353,634,57.38999938964844,52.779998779296875,-1.0
2015-02-18,7.607609272003174,7.7104139577317135,7.558262602664701,7.663123712256134,19939245,0.010928701713957434,BBDC4.SA,1348,629,60.529998779296875,52.13999938964844,-1.0
2015-02-19,7.591161251068115,7.68163041128383,7.527421604092843,7.591161251068115,11999108,-0.0021620485946339807,BBDC4.SA,1347,628,60.209999084472656,51.15999984741211,-1.0
2015-02-20,7.609667778015137,7.648734344763532,7.508918975112451,7.603500004602147,8144985,0.002437904601804819,BBDC4.SA,1346,627,60.220001220703125,50.34000015258789,-1.0
2015-02-23,7.68368673324585,7.706304399639806,7.513029524694957,7.515085448810387,12216457,0.00972696277813312,BBDC4.SA,1343,624,58.900001525878906,49.45000076293945,-1.0
2015-02-24,7.767986297607422,7.778266917538777,7.613777999086686,7.710414926036795,17895855,0.010971239105418418,BBDC4.SA,1342,623,58.65999984741211,49.279998779296875,-1.0
2015-02-25,7.81116247177124,7.811162471771239,7.632281136651304,7.67340310441492,20823438,0.00555821966075265,BBDC4.SA,1341,622,61.630001068115234,50.9900016784668,-1.0
2015-02-26,7.8276190757751465,7.833787352009448,7.720701454005353,7.813226097745015,12804729,0.0021068060053006654,BBDC4.SA,1340,621,60.04999923706055,48.16999816894531,-1.0
2015-02-27,7.730978012084961,8.010608721912336,7.724809238872333,7.813221985404862,30611553,-0.012346163342218497,BBDC4.SA,1339,620,62.58000183105469,49.7599983215332,-1.0
2015-03-02,7.626119136810303,7.83995535983556,7.562379955154785,7.7124759960743345,24428068,-0.013563468310315185,BBDC4.SA,1336,617,59.540000915527344,49.59000015258789,-1.0
2015-03-03,7.642711639404297,7.657112634477169,7.554249599465813,7.624196002810064,20408127,0.002175746575201476,BBDC4.SA,1335,616,61.02000045776367,50.52000045776367,-1.0
2015-03-04,7.484299659729004,7.583048013163278,7.463727461474541,7.525444556741499,24165055,-0.020727195679940635,BBDC4.SA,1334,615,60.54999923706055,51.529998779296875,-1.0
2015-03-05,7.471956729888916,7.558362176218421,7.383495214619835,7.49870164221978,33309541,-0.0016491763292832973,BBDC4.SA,1333,614,60.47999954223633,50.7599983215332,-1.0
2015-03-06,7.381437301635742,7.488414943980384,7.309433850793669,7.451384183130038,19781335,-0.012114554664253152,BBDC4.SA,1332,613,59.72999954223633,49.61000061035156,-1.0
2015-03-09,7.169541358947754,7.327949779691535,7.101652035771847,7.303262935083461,19038980,-0.028706596565012066,BBDC4.SA,1329,610,58.529998779296875,50.0,1.0
2015-03-10,6.930897235870361,7.190111533625355,6.93089723587036,7.064619274774432,28325304,-0.03328582835770366,BBDC4.SA,1328,609,56.38999938964844,48.290000915527344,1.0
2015-03-11,7.138686180114746,7.148972537789789,6.9658766724843435,6.97822060199678,17377227,0.02998009307784688,BBDC4.SA,1327,608,57.540000915527344,48.16999816894531,1.0
2015-03-12,7.011136531829834,7.253892981249985,7.004964817073864,7.241549551738044,25786246,-0.017867384146989074,BBDC4.SA,1326,607,57.08000183105469,47.04999923706055,1.0
2015-03-13,6.92473030090332,6.969989864849541,6.823924316973074,6.869184381423165,24809450,-0.012324140392108829,BBDC4.SA,1325,606,54.66999816894531,44.84000015258789,1.0
2015-03-16,7.027591705322266,7.044049269706892,6.91238475059987,6.994675075041759,19831590,0.014854210914976296,BBDC4.SA,1322,603,53.439998626708984,43.880001068115234,1.0
2015-03-17,7.303262710571289,7.305320281227844,6.959700963813695,7.027590785406279,27340600,0.039226952391136605,BBDC4.SA,1321,602,53.43000030517578,43.459999084472656,-1.0
2015-03-18,7.591283321380615,7.591283321380616,7.163373450013383,7.301209740246563,23118871,0.03943725184531899,BBDC4.SA,1320,601,55.90999984741211,44.65999984741211,-1.0
2015-03-19,7.463723659515381,7.54807098075249,7.37114656226224,7.535727067483415,15463686,-0.016803438426012396,BBDC4.SA,1319,600,54.43000030517578,43.959999084472656,-1.0
2015-03-20,7.578934669494629,7.663282048123037,7.500759001448432,7.525445843777271,26047218,0.015436130172419738,BBDC4.SA,1318,599,55.31999969482422,45.720001220703125,-1.0
2015-03-23,7.560422897338867,7.663285453422472,7.502819905972359,7.550136541629731,11658033,-0.002442529585361397,BBDC4.SA,1315,596,55.91999816894531,47.45000076293945,-1.0
2015-03-24,7.488411903381348,7.646820732222895,7.3999499276328375,7.570701671074624,12732279,-0.009524730948961335,BBDC4.SA,1314,595,55.11000061035156,47.5099983215332,-1.0
2015-03-25,7.4925312995910645,7.605680177395154,7.408183908818585,7.550134273654287,28497755,0.0005501027805183689,BBDC4.SA,1313,594,56.47999954223633,49.209999084472656,-1.0
2015-03-26,7.26212215423584,7.4637336686252125,7.239491866479574,7.428759951550247,30557216,-0.030751842887569936,BBDC4.SA,1312,593,59.189998626708984,51.43000030517578,1.0
2015-03-27,7.060509204864502,7.265412492329394,6.961760789376616,7.265412492329394,21210474,-0.027762263576596724,BBDC4.SA,1311,592,56.40999984741211,48.869998931884766,1.0
2015-03-30,7.208630561828613,7.2185055017435475,7.023477690690684,7.097538739045096,20418586,0.020978849069704486,BBDC4.SA,1308,589,56.290000915527344,48.68000030517578,1.0
2015-03-31,7.2950358390808105,7.351815995200211,7.095070049240467,7.11728891522612,23138216,0.011986365026074974,BBDC4.SA,1307,588,55.11000061035156,47.599998474121094,1.0
2015-04-01,7.5320305824279785,7.657934798228646,7.376501550848489,7.420938274012991,19430481,0.0324871252965675,BBDC4.SA,1306,587,57.099998474121094,50.09000015258789,-1.0
2015-04-02,7.610818386077881,7.7368003352795025,7.58858571766113,7.618228941673643,16688529,0.010460366933946252,BBDC4.SA,1305,586,54.95000076293945,49.13999938964844,-1.0
2015-04-06,7.684922218322754,7.7763208686217045,7.647868454269776,7.707154376591636,12152554,0.009736644403501638,BBDC4.SA,1301,582,58.119998931884766,52.13999938964844,-1.0
2015-04-07,7.726917743682861,7.7565609618759055,7.635519072957559,7.694805008529014,11705057,0.0054646649851548545,BBDC4.SA,1300,581,59.099998474121094,53.97999954223633,-1.0
2015-04-08,7.724447727203369,7.823257459307157,7.704686582086079,7.761502002760623,18838850,-0.00031966387651938266,BBDC4.SA,1299,580,55.54999923706055,50.41999816894531,-1.0
2015-04-09,7.586116790771484,7.650343284557093,7.472485417338825,7.595997866863856,22461125,-0.017908197623594635,BBDC4.SA,1298,579,56.56999969482422,50.790000915527344,-1.0
2015-04-10,7.615758419036865,7.694806009538941,7.487305458452619,7.53671032772009,14701263,0.003907351953958749,BBDC4.SA,1297,578,57.869998931884766,51.63999938964844,-1.0
2015-04-13,7.635515213012695,7.768907624189643,7.605872510619416,7.620693611408865,17276971,0.0025941991445586066,BBDC4.SA,1294,575,57.93000030517578,51.90999984741211,-1.0
2015-04-14,7.741741180419922,7.741741180419922,7.563883832532311,7.741741180419922,18194923,0.013912089026578478,BBDC4.SA,1293,574,58.43000030517578,53.290000915527344,-1.0
2015-04-15,7.825730800628662,7.828200819455538,7.682456687483781,7.754093744056221,20660511,0.010848931558337771,BBDC4.SA,1292,573,60.31999969482422,56.38999938964844,-1.0
2015-04-16,7.8282012939453125,7.8282012939453125,7.721980962469194,7.823260755177252,15907483,0.00031568851262453457,BBDC4.SA,1291,572,60.400001525878906,56.709999084472656,-1.0
2015-04-17,7.595998764038086,7.759035036374244,7.593528244315794,7.721980746243915,14982729,-0.029662309538057263,BBDC4.SA,1290,571,63.45000076293945,55.7400016784668,-1.0
2015-04-20,7.554004669189453,7.682457175081278,7.497189224416799,7.633052288074441,11513304,-0.005528449405158731,BBDC4.SA,1287,568,63.45000076293945,56.380001068115234,-1.0
2015-04-22,7.615758419036865,7.731859285878521,7.50212706947727,7.554001956841501,15283115,0.008174968450745945,BBDC4.SA,1285,566,62.72999954223633,56.15999984741211,-1.0
2015-04-23,7.81090784072876,7.902306528768027,7.541651312282911,7.615758870989336,19526357,0.025624423853057854,BBDC4.SA,1284,565,64.8499984741211,57.7400016784668,-1.0
2015-04-24,8.028288841247559,8.09004480524179,7.825728818596937,7.892425319808473,25262601,0.02783043980948019,BBDC4.SA,1283,564,65.27999877929688,57.150001525878906,-1.0
2015-04-27,7.87760066986084,8.09004168501013,7.855369012179531,7.946767663411512,23424996,-0.018769649967315116,BBDC4.SA,1280,561,64.83000183105469,56.9900016784668,-1.0
2015-04-28,8.028288841247559,8.040639933883462,7.845490967466157,7.912186967862973,17621150,0.019128688759667778,BBDC4.SA,1279,560,64.63999938964844,57.060001373291016,-1.0
2015-04-29,7.788671493530273,8.03569573784664,7.783730958562496,7.98135035401559,27084474,-0.029846627650737312,BBDC4.SA,1278,559,65.83999633789062,58.58000183105469,-1.0
2015-04-30,7.949236869812012,7.951706886653084,7.771379130378184,7.788670750709019,19668578,0.02061524566995976,BBDC4.SA,1277,558,66.77999877929688,59.630001068115234,-1.0
2015-05-04,7.98876428604126,8.104865647590943,7.959121566365797,7.998645359537972,15003350,0.004972479355767723,BBDC4.SA,1273,554,66.44999694824219,58.93000030517578,-1.0
2015-05-05,8.020631790161133,8.089839318129277,7.8352553958360724,7.914349785100812,19453653,0.0039890404797091605,BBDC4.SA,1272,553,67.5199966430664,60.400001525878906,-1.0
2015-05-06,7.8228983879089355,8.070067472263904,7.7438044813586,8.000860429309396,18592674,-0.024653095594633356,BBDC4.SA,1271,552,67.7699966430664,60.93000030517578,-1.0
2015-05-07,7.79323673248291,7.832783677812662,7.701784515365614,7.748746356348433,10514356,-0.0037916452387865007,BBDC4.SA,1270,551,65.54000091552734,58.939998626708984,-1.0
2015-05-08,7.8228983879089355,7.939068283497689,7.719088324585313,7.9267094534488365,11142551,0.00380607653074283,BBDC4.SA,1269,550,65.38999938964844,59.38999938964844,-1.0
2015-05-11,7.798179626464844,7.894575768859039,7.751217788714854,7.884688907930198,13034153,-0.0031597957966956747,BBDC4.SA,1266,547,64.91000366210938,59.25,-1.0
2015-05-12,7.719088077545166,7.817955207014891,7.719088077545167,7.753691096806853,8403364,-0.010142309193707622,BBDC4.SA,1265,546,66.86000061035156,60.75,-1.0
2015-05-13,7.642466068267822,7.768522838767398,7.610334510359431,7.724031447484442,12926159,-0.00992630327670918,BBDC4.SA,1264,545,66.80999755859375,60.5,-1.0
2015-05-14,7.817953109741211,7.827839469260344,7.602916146087238,7.662236808741986,11470148,0.022962096253462683,BBDC4.SA,1263,544,66.58999633789062,59.880001068115234,-1.0
2015-05-15,7.953895092010498,7.978611739056479,7.766046770472534,7.815480565672415,12489930,0.01738843663565892,BBDC4.SA,1262,543,66.56999969482422,59.689998626708984,-1.0
2015-05-18,7.751219749450684,7.995916863243661,7.686955638265075,7.983558534510469,19821003,-0.025481269266852347,BBDC4.SA,1259,540,66.2699966430664,59.43000030517578,-1.0
2015-05-19,7.682010173797607,7.795708070938279,7.543595625730875,7.775934349311032,12522881,-0.00892886253908376,BBDC4.SA,1258,539,64.0199966430664,57.2599983215332,-1.0
2015-05-20,7.46450138092041,7.620218178444235,7.447199625886201,7.565840947703594,26212441,-0.02831404644829727,BBDC4.SA,1257,538,65.02999877929688,58.97999954223633,-1.0
2015-05-21,7.375530242919922,7.432379012206685,7.247001893424803,7.410133798041549,29149760,-0.011919233912649818,BBDC4.SA,1256,537,66.54000091552734,60.720001220703125,-1.0
2015-05-22,7.167904853820801,7.316206385393826,7.143187681337757,7.296432647407391,39888821,-0.028150571180754036,BBDC4.SA,1255,536,65.37000274658203,59.720001220703125,-1.0
2015-05-25,7.242053985595703,7.3112615542190165,7.150601717649699,7.190148684959456,9096611,0.010344603240007855,BBDC4.SA,1252,533,65.37000274658203,59.720001220703125,-1.0
2015-05-26,6.982522487640381,7.209917779160419,6.982522487640381,7.1975589526792465,28443333,-0.035836725115764856,BBDC4.SA,1251,532,63.720001220703125,58.029998779296875,-1.0
2015-05-27,7.2371087074279785,7.2519390043047665,6.95780804011836,7.059147149339275,32395118,0.03646049407477525,BBDC4.SA,1250,531,62.060001373291016,57.5099983215332,-1.0
2015-05-28,7.153069019317627,7.182729603362637,7.027013291004427,7.162955880665964,29737777,-0.011612329109288555,BBDC4.SA,1249,530,62.58000183105469,57.68000030517578,-1.0
2015-05-29,6.970170974731445,7.162962957053705,6.96522753917359,7.162962957053705,32101110,-0.0255691709519712,BBDC4.SA,1248,529,65.55999755859375,60.29999923706055,-1.0
2015-06-01,6.928146839141846,7.0542025885501,6.920731441335636,7.004768774643842,13990584,-0.006029139850650345,BBDC4.SA,1245,526,64.87999725341797,60.20000076293945,-1.0
2015-06-02,7.165326118469238,7.167799254381906,7.002084104827376,7.016924424643961,20936662,0.03423415883557834,BBDC4.SA,1244,525,65.48999786376953,61.2599983215332,-1.0
2015-06-03,6.972409248352051,7.120811054594058,6.9402554484491965,7.120811054594058,41764479,-0.02692366919907918,BBDC4.SA,1243,524,63.79999923706055,59.63999938964844,-1.0
2015-06-05,6.824004650115967,6.950145657437079,6.811637461903652,6.925412283906518,18683449,-0.021284550712676542,BBDC4.SA,1241,522,63.310001373291016,59.130001068115234,-1.0
2015-06-08,6.816582202911377,6.91799030788998,6.801741882352997,6.853682753583884,17814817,-0.0010876966803450294,BBDC4.SA,1238,519,62.689998626708984,58.13999938964844,-1.0
2015-06-09,6.777005672454834,6.888307277768295,6.720118553022181,6.836366428332678,23087620,-0.005805919928558834,BBDC4.SA,1237,518,64.87999725341797,60.13999938964844,-1.0
2015-06-10,7.024351596832275,7.041665070463226,6.846269079240968,6.880896527950249,23233668,0.036497818702259543,BBDC4.SA,1236,517,65.69999694824219,61.43000030517578,-1.0
2015-06-11,7.014453887939453,7.096074930839985,6.895732279821027,7.051554453157346,20572500,-0.001409056587840185,BBDC4.SA,1235,516,65.11000061035156,60.77000045776367,-1.0
2015-06-12,6.8759446144104,6.997139340762735,6.8536843790169915,6.925411859889864,35310541,-0.019746266172938065,BBDC4.SA,1234,515,63.869998931884766,59.959999084472656,-1.0
2015-06-15,6.848737716674805,6.873471590543787,6.702809114465343,6.826477480916227,20218117,-0.00395682328193514,BBDC4.SA,1231,512,62.61000061035156,59.52000045776367,-1.0
2015-06-16,7.00208854675293,7.049082170479911,6.8437937074123845,6.880893778318787,19183879,0.022391108613307953,BBDC4.SA,1230,511,62.630001068115234,59.970001220703125,-1.0
2015-06-17,6.8536834716796875,6.9748781819874415,6.82895010293783,6.950144311798646,19279756,-0.02119440136786932,BBDC4.SA,1229,510,63.869998931884766,59.91999816894531,-1.0
2015-06-18,7.110916614532471,7.152963461787948,6.831426505717501,6.9278878934069414,17977446,0.03753210137522456,BBDC4.SA,1228,509,64.26000213623047,60.45000076293945,-1.0
2015-06-19,6.967462062835693,7.088656839088748,6.913048020259152,7.019402466323912,21684544,-0.020173848108920533,BBDC4.SA,1227,508,63.02000045776367,59.61000061035156,-1.0
2015-06-22,7.034243106842041,7.091130289569385,6.950148400178902,7.021876415196485,19966413,0.009584701488732472,BBDC4.SA,1224,505,63.34000015258789,59.68000030517578,-1.0
2015-06-23,7.126258373260498,7.205936839085235,7.064009540284193,7.098868805981056,13328374,0.01308104724571657,BBDC4.SA,1223,504,64.44999694824219,61.0099983215332,-1.0
2015-06-24,7.171076774597168,7.195976103089466,7.078948653401722,7.141196974632464,9300907,0.006289191184091658,BBDC4.SA,1222,503,63.4900016784668,60.27000045776367,-1.0
2015-06-25,7.14617919921875,7.1909984085153775,6.9843325032580665,7.1909984085153775,19715135,-0.0034719437765071692,BBDC4.SA,1221,502,63.20000076293945,59.70000076293945,-1.0
2015-06-26,7.250758647918701,7.265698554940356,7.113811267061714,7.113811267061714,14292245,0.014634316574566819,BBDC4.SA,1220,501,63.2599983215332,59.630001068115234,-1.0
2015-06-29,7.056543350219727,7.210920907262262,7.021684064697853,7.12128245602775,14630046,-0.026785514058549342,BBDC4.SA,1217,498,62.0099983215332,58.33000183105469,-1.0
2015-06-30,7.078952789306641,7.166100994757972,7.041602765123057,7.1237720106278735,13637476,0.0031756963678564176,BBDC4.SA,1216,497,63.59000015258789,59.470001220703125,-1.0
2015-07-01,7.056543350219727,7.158631978979452,7.021684064697853,7.133732633552961,15810544,-0.0031656432460978046,BBDC4.SA,1215,496,62.0099983215332,56.959999084472656,-1.0
2015-07-02,7.200786590576172,7.22071977358777,7.093646994761559,7.138496656537653,13834119,0.020441062032440227,BBDC4.SA,1214,495,62.06999969482422,56.93000030517578,-1.0
2015-07-03,7.118567943572998,7.178367025009048,7.066243557885427,7.153450530598441,5045334,-0.011418009125666262,BBDC4.SA,1213,494,62.06999969482422,56.93000030517578,-1.0
2015-07-06,6.979040145874023,7.093654554894895,6.93419094144853,7.003956146043908,16594566,-0.019600543087454403,BBDC4.SA,1210,491,56.540000915527344,52.529998779296875,-1.0
2015-07-07,6.916747570037842,6.966580064251209,6.777216687270318,6.939172672325894,20006805,-0.008925665210997358,BBDC4.SA,1209,490,56.849998474121094,52.33000183105469,-1.0
2015-07-08,6.80960750579834,6.991496175340047,6.8071156033939415,6.881864593134143,11750551,-0.01548994858560604,BBDC4.SA,1208,489,57.04999923706055,51.650001525878906,-1.0
2015-07-10,7.101122856140137,7.1160727458626996,6.926709496640252,6.969067264946262,16122409,0.04280942038048052,BBDC4.SA,1206,487,58.72999954223633,52.7400016784668,-1.0
2015-07-13,7.225709438323975,7.25311733654862,7.078703852059588,7.168402244376778,15811819,0.017544631279842182,BBDC4.SA,1203,484,57.849998474121094,52.20000076293945,-1.0
2015-07-14,7.270555019378662,7.315404193237113,7.138499399211714,7.2007893571825825,13277778,0.006206391419067314,BBDC4.SA,1202,483,58.5099983215332,53.040000915527344,-1.0
2015-07-15,7.2356719970703125,7.287996366795486,7.155939744429393,7.287996366795486,12485678,-0.004797848612021149,BBDC4.SA,1201,482,57.04999923706055,51.40999984741211,-1.0
2015-07-16,7.200786590576172,7.322876578798572,7.1634126301530605,7.3079266915398735,13914265,-0.004821308443537231,BBDC4.SA,1200,481,57.5099983215332,50.90999984741211,-1.0
2015-07-17,7.180856704711914,7.297962937564553,7.0961411491233495,7.223214482506196,12068369,-0.0027677373316882248,BBDC4.SA,1199,480,57.52000045776367,50.88999938964844,-1.0
2015-07-20,7.041325092315674,7.155939410848434,7.0139172106775725,7.1335153314891455,9628079,-0.019431053721582048,BBDC4.SA,1196,477,56.650001525878906,50.150001525878906,-1.0
2015-07-21,6.951630592346191,7.043821394267517,6.906781395308445,7.026379590842132,13290534,-0.012738298373322854,BBDC4.SA,1195,476,57.040000915527344,50.36000061035156,-1.0
2015-07-22,6.864422798156738,6.936679880242599,6.809607011036507,6.896813485864651,12381085,-0.012544940792088344,BBDC4.SA,1194,475,56.130001068115234,49.189998626708984,-1.0
2015-07-23,6.600308895111084,6.91176121483367,6.577883802735798,6.861928742648199,29973961,-0.03847576275700493,BBDC4.SA,1193,474,55.27000045776367,48.45000076293945,-1.0
2015-07-24,6.660110950469971,6.6626023480686625,6.435864960605511,6.602803249054956,26456491,0.00906049342678239,BBDC4.SA,1192,473,54.619998931884766,48.13999938964844,-1.0
2015-07-27,6.752296447753906,6.7921628251637705,6.627715533795779,6.6526315145277115,20744695,0.01384143567119267,BBDC4.SA,1189,470,53.470001220703125,47.38999938964844,-1.0
2015-07-28,6.82206916809082,6.899309596589723,6.635197603627136,6.8170858657538185,24679687,0.010333183810394386,BBDC4.SA,1188,469,53.29999923706055,47.97999954223633,-1.0
2015-07-29,6.8793721199035645,6.946645391908621,6.754790658205022,6.754790658205022,15997408,0.008399643920464772,BBDC4.SA,1187,468,53.380001068115234,48.790000915527344,-1.0
2015-07-30,6.702469348907471,6.926715880832007,6.692503251722748,6.926715880832007,18398794,-0.025714958852752656,BBDC4.SA,1186,467,53.310001373291016,48.52000045776367,-1.0
2015-07-31,6.8469767570495605,6.866909941891993,6.732362459652973,6.7498037438155345,15595618,0.021560323609036036,BBDC4.SA,1185,466,52.209999084472656,47.119998931884766,-1.0
2015-08-03,6.555462837219238,6.65014453616569,6.503138434684619,6.6127700350909,36725735,-0.042575567315922824,BBDC4.SA,1182,463,49.52000045776367,45.16999816894531,-1.0
2015-08-04,6.495354652404785,6.602571497523481,6.433019300848023,6.59010452831479,25414601,-0.00916917482518298,BBDC4.SA,1181,462,49.9900016784668,45.7400016784668,-1.0
2015-08-05,6.467926025390625,6.585117144790365,6.383150438935374,6.53275506922652,20182402,-0.004222806679848534,BBDC4.SA,1180,461,49.59000015258789,45.150001525878906,-1.0
2015-08-06,6.495354652404785,6.5701569731702385,6.363203363355399,6.395617887708641,16584149,0.004240714396931189,BBDC4.SA,1179,460,49.52000045776367,44.65999984741211,-1.0
2015-08-07,6.313331127166748,6.50283126882368,6.273436546743762,6.4105741353532135,22152661,-0.028023646895192433,BBDC4.SA,1178,459,48.61000061035156,43.869998931884766,-1.0
2015-08-10,6.395620346069336,6.420554294070875,6.325804381740719,6.35572572595877,12383211,0.013034199734667906,BBDC4.SA,1175,456,50.40999984741211,44.959999084472656,-1.0
2015-08-11,6.502835750579834,6.502835750579834,6.263467092042975,6.408085867206222,17974895,0.016763878827859235,BBDC4.SA,1174,455,49.18000030517578,43.08000183105469,-1.0
2015-08-12,6.206119060516357,6.303362648064064,6.15874436825982,6.283415089947596,31201015,-0.045628815096093955,BBDC4.SA,1173,454,49.65999984741211,43.29999923706055,-1.0
2015-08-13,6.059008598327637,6.206120094653198,6.039061036887271,6.186172533212832,23494300,-0.02370409925337158,BBDC4.SA,1172,453,49.220001220703125,42.22999954223633,-1.0
2015-08-14,6.026586532592773,6.143777561166473,6.001652615373095,6.063987913935169,24487295,-0.005351051283177255,BBDC4.SA,1171,452,49.029998779296875,42.5,-1.0
2015-08-17,5.9243621826171875,6.0989017878166765,5.904415131360304,5.9991650149922116,11664878,-0.016962230513531962,BBDC4.SA,1168,449,49.029998779296875,41.869998931884766,-1.0
2015-08-18,6.044046401977539,6.181184082974981,5.819638414458682,5.9094019127742285,39625213,0.020202042966164235,BBDC4.SA,1167,448,48.810001373291016,42.619998931884766,-1.0
2015-08-19,5.862025737762451,5.951788715538333,5.78472972789694,5.944308635894762,26103597,-0.030115696027008143,BBDC4.SA,1166,447,47.15999984741211,40.79999923706055,-1.0
2015-08-20,5.829610824584961,5.8819723895937335,5.754808516641967,5.822130239931406,28414421,-0.0055296436125616966,BBDC4.SA,1165,446,46.619998931884766,41.13999938964844,-1.0
2015-08-21,5.764782428741455,5.881972528600139,5.70992716571405,5.782235778643626,34968488,-0.0111205357946208,BBDC4.SA,1164,445,45.459999084472656,40.45000076293945,-1.0
2015-08-24,5.73984956741333,5.832105757917333,5.423184869507039,5.522921646899142,41371405,-0.004325030759845694,BBDC4.SA,1161,442,42.689998626708984,38.2400016784668,-1.0
2015-08-25,5.637618064880371,5.901920628444101,5.637618064880371,5.8695061058734606,32037546,-0.017810833077116617,BBDC4.SA,1160,441,43.209999084472656,39.310001373291016,-1.0
2015-08-26,6.004151821136475,6.021605174798992,5.680007061183796,5.772263246186679,42639489,0.06501571267117767,BBDC4.SA,1159,440,43.13999938964844,38.599998474121094,-1.0
2015-08-27,6.17370080947876,6.246009905788881,6.014121957290298,6.083937863095588,36234870,0.02823862443741354,BBDC4.SA,1158,439,47.560001373291016,42.560001373291016,-1.0
2015-08-28,5.976722717285156,6.193650589987364,5.931841227902151,6.039058568551118,29485223,-0.03190599905508451,BBDC4.SA,1157,438,50.04999923706055,45.220001220703125,-1.0
2015-08-31,5.747331619262695,5.824627673518222,5.699956911791367,5.779746158855471,47472874,-0.03838074959693938,BBDC4.SA,1154,435,54.150001525878906,49.20000076293945,-1.0
2015-09-01,5.582761287689209,5.6700310547875,5.535386617902007,5.560321053721437,32285423,-0.028634215402137952,BBDC4.SA,1153,434,49.560001373291016,45.40999984741211,1.0
2015-09-02,5.684817790985107,5.699791129419035,5.542572340716526,5.642393585059726,24532364,0.018280649670790572,BBDC4.SA,1152,433,50.5,46.25,-1.0
2015-09-03,5.827061176300049,5.827061176300049,5.5849950523938,5.7347268788483134,34269926,0.025021626117992524,BBDC4.SA,1151,432,50.68000030517578,46.75,-1.0
2015-09-04,5.580002307891846,5.749698530587405,5.580002307891846,5.669841782225499,27342130,-0.04239853691824047,BBDC4.SA,1150,431,49.61000061035156,46.04999923706055,1.0
2015-09-08,5.709770679473877,5.747203249105758,5.664851191162617,5.747203249105758,22185825,0.023255970951570948,BBDC4.SA,1146,427,49.52000045776367,45.939998626708984,-1.0
2015-09-09,5.777148723602295,5.926880502267252,5.764671707806707,5.7696628176896585,32067521,0.011800481649926198,BBDC4.SA,1145,426,47.58000183105469,44.150001525878906,-1.0
2015-09-10,5.65237283706665,5.759680947144616,5.532587204495366,5.612444461523297,31780953,-0.02159817801225683,BBDC4.SA,1144,425,48.88999938964844,45.91999816894531,-1.0
2015-09-11,5.589985370635986,5.649878193907112,5.562534514384273,5.622427337655399,20467056,-0.011037394069539186,BBDC4.SA,1143,424,48.13999938964844,44.630001068115234,1.0
2015-09-14,5.839538097381592,5.864493650015241,5.565030054059004,5.604958432331584,24505152,0.04464282286971599,BBDC4.SA,1140,421,46.369998931884766,44.0,-1.0
2015-09-15,5.951836585998535,5.994260770841588,5.809591712358797,5.829555647741638,23103564,0.019230714269558025,BBDC4.SA,1139,420,46.630001068115234,44.59000015258789,-1.0
2015-09-16,6.173941612243652,6.176436915607899,5.991767770584922,5.991767770584922,28177811,0.03731705718661882,BBDC4.SA,1138,419,46.61000061035156,47.150001525878906,-1.0
2015-09-17,6.156469345092773,6.306201119184756,6.064135079931152,6.114045671295146,28564507,-0.0028300020065349374,BBDC4.SA,1137,418,49.08000183105469,46.900001525878906,-1.0
2015-09-18,5.822067737579346,6.104063146513051,5.772157654652999,6.076611791397714,40512978,-0.05431710754476082,BBDC4.SA,1136,417,47.470001220703125,44.68000030517578,-1.0
2015-09-21,5.642393112182617,5.862000033709458,5.594978303361153,5.79961188770895,27459478,-0.030860964436568383,BBDC4.SA,1133,414,48.91999816894531,46.68000030517578,-1.0
2015-09-22,5.664852142333984,5.719753860808661,5.462713905051525,5.56752623069033,30349178,0.00398040861471971,BBDC4.SA,1132,413,49.08000183105469,45.83000183105469,-1.0
2015-09-23,5.4726948738098145,5.729734264734675,5.472694873809815,5.6523728160576825,25816604,-0.033920968049308886,BBDC4.SA,1131,412,47.75,44.47999954223633,1.0
2015-09-24,5.537583351135254,5.584998688052018,5.203182206151302,5.307994603493166,33828807,0.011856768707491971,BBDC4.SA,1130,411,48.16999816894531,44.90999984741211,-1.0
2015-09-25,5.410306930541992,5.647381888463089,5.367882745721406,5.607453511777312,21068041,-0.02298410922648575,BBDC4.SA,1129,410,48.599998474121094,45.70000076293945,1.0
2015-09-28,5.275548934936523,5.3603968061221865,5.208169192529453,5.332945443923587,25345085,-0.02490764338058893,BBDC4.SA,1126,407,47.34000015258789,44.43000030517578,1.0
2015-09-29,5.243109226226807,5.3928411104057705,5.230631695697281,5.28303762748622,26898886,-0.0061490679187694575,BBDC4.SA,1125,406,48.22999954223633,45.22999954223633,1.0
2015-09-30,5.345421314239502,5.435260259898508,5.215654004503279,5.4277733437995375,36160252,0.019513628955299067,BBDC4.SA,1124,405,48.369998931884766,45.09000015258789,1.0
2015-10-01,5.417797565460205,5.452734859046216,5.320472103058709,5.365391625081189,21649467,0.013539859061792336,BBDC4.SA,1123,404,47.689998626708984,44.7400016784668,1.0
2015-10-02,5.622340679168701,5.622340679168701,5.335104031858208,5.3775652599805275,27506460,0.037753923293943004,BBDC4.SA,1122,403,48.130001068115234,45.540000915527344,-1.0
2015-10-05,5.787191390991211,5.919570595913116,5.679790044244347,5.742232664149118,26285784,0.029320655084686953,BBDC4.SA,1119,400,49.25,46.2599983215332,-1.0
2015-10-06,5.842141628265381,5.869616971107349,5.72974480019941,5.764713096118024,22642250,0.009495147742946575,BBDC4.SA,1118,399,51.91999816894531,48.529998779296875,-1.0
2015-10-07,6.051948070526123,6.184326753369488,5.889597075469399,5.969524085343601,35821601,0.03591259089743026,BBDC4.SA,1117,398,51.33000183105469,47.810001373291016,-1.0
2015-10-08,6.056944847106934,6.106899049162486,5.954538960765516,5.9770178199880934,27302164,0.0008256476299168813,BBDC4.SA,1116,397,53.04999923706055,49.43000030517578,-1.0
2015-10-09,5.992001056671143,6.164343443482898,5.89459069280253,6.146859051604669,26861470,-0.01072220270699853,BBDC4.SA,1115,396,52.650001525878906,49.630001068115234,-1.0
2015-10-13,5.6648030281066895,5.857126320445152,5.5549037145515054,5.857126320445152,41135221,-0.05460580288118777,BBDC4.SA,1111,392,49.2400016784668,46.65999984741211,-1.0
2015-10-14,5.634829998016357,5.7422313196153825,5.569889911329619,5.627337047424874,51218025,-0.005291098373874092,BBDC4.SA,1110,391,49.150001525878906,46.63999938964844,-1.0
2015-10-15,5.61484956741333,5.682287146790029,5.4974567814055755,5.6473193629996885,20802094,-0.0035458799307275246,BBDC4.SA,1109,390,48.709999084472656,46.380001068115234,-1.0
2015-10-16,5.507450580596924,5.6123544928110105,5.457496360798951,5.604861537075518,29063450,-0.019127669499769517,BBDC4.SA,1108,389,48.72999954223633,47.2599983215332,-1.0
2015-10-19,5.4999566078186035,5.59986502893965,5.484970192735442,5.527431448946058,30396585,-0.001360697235254782,BBDC4.SA,1105,386,48.61000061035156,45.88999938964844,-1.0
2015-10-20,5.370072364807129,5.554902671566145,5.337601566753676,5.532422810393291,28517100,-0.023615503225395296,BBDC4.SA,1104,385,48.709999084472656,45.54999923706055,-1.0
2015-10-21,5.377567291259766,5.4350144398682865,5.307631213767618,5.37007433903615,20449837,0.001395684442123235,BBDC4.SA,1103,384,47.849998474121094,45.20000076293945,-1.0
2015-10-22,5.457493305206299,5.522433906499141,5.397548173734687,5.4150325713005705,22130127,0.014862857053678846,BBDC4.SA,1102,383,48.08000183105469,45.380001068115234,-1.0
2015-10-23,5.382564067840576,5.607358280468245,5.370076147517791,5.589874381802951,21532969,-0.013729606831444419,BBDC4.SA,1101,382,47.9900016784668,44.599998474121094,-1.0
2015-10-26,5.342599868774414,5.469983621988659,5.260175861751394,5.420029417474229,23713477,-0.007424751208246261,BBDC4.SA,1098,379,47.540000915527344,43.97999954223633,-1.0
2015-10-27,5.365076065063477,5.380062468062274,5.285149088786161,5.345094194398414,25977957,0.004206977284678892,BBDC4.SA,1097,378,46.810001373291016,43.20000076293945,-1.0
2015-10-28,5.599863052368164,5.612351474004448,5.552406341213854,5.5823786544175675,3599953,0.04376209851591528,BBDC4.SA,1096,377,49.04999923706055,45.939998626708984,-1.0
2015-10-29,5.255182266235352,5.512446334068025,5.255182266235352,5.370077129539485,31270957,-0.06155164562230642,BBDC4.SA,1095,376,48.79999923706055,46.060001373291016,1.0
2015-10-30,5.245187282562256,5.332607230959599,5.2077215180515255,5.302634416797787,29438879,-0.001901929022959603,BBDC4.SA,1094,375,49.560001373291016,46.59000015258789,1.0
2015-11-03,5.522433757781982,5.532424190772249,5.230202072600195,5.29514216576107,36077768,0.05285730714352921,BBDC4.SA,1090,371,50.540000915527344,47.900001525878906,-1.0
2015-11-04,5.412174701690674,5.637161015030205,5.367177439022767,5.62716201751742,36021220,-0.019965663858970917,BBDC4.SA,1089,370,48.58000183105469,46.31999969482422,-1.0
2015-11-05,5.55966854095459,5.55966854095459,5.384679166359607,5.432176072353865,24549158,0.027252231754056444,BBDC4.SA,1088,369,47.97999954223633,45.20000076293945,-1.0
2015-11-06,5.479672431945801,5.5321690821889415,5.412176014751229,5.527169328810922,30273072,-0.014388647168353308,BBDC4.SA,1087,368,47.41999816894531,44.290000915527344,-1.0
2015-11-09,5.357177257537842,5.477170280696467,5.33717875822286,5.45217152303126,31971644,-0.022354470258810988,BBDC4.SA,1084,365,47.189998626708984,43.869998931884766,-1.0
2015-11-10,5.3296799659729,5.352178090101085,5.1871888055909565,5.349678467470367,23922663,-0.005132794799024287,BBDC4.SA,1083,364,47.439998626708984,44.209999084472656,-1.0
2015-11-11,5.45967435836792,5.484673129561789,5.339681270272271,5.382178927893118,24212420,0.02439065632926618,BBDC4.SA,1082,363,45.810001373291016,42.93000030517578,-1.0
2015-11-12,5.457172393798828,5.492170154890773,5.272183576404895,5.407175375031499,25191597,-0.0004582626004528967,BBDC4.SA,1081,362,44.060001373291016,41.75,-1.0
2015-11-13,5.377177715301514,5.439673866110316,5.317181187525442,5.3796778451515666,28948227,-0.014658631379909304,BBDC4.SA,1080,361,43.61000061035156,40.7400016784668,-1.0
2015-11-16,5.42217493057251,5.42217493057251,5.314681511703682,5.384677544550072,35215939,0.008368184511170274,BBDC4.SA,1077,358,43.58000183105469,41.7400016784668,-1.0
2015-11-17,5.624661922454834,5.709656688487322,5.447172002546381,5.447172002546381,34828393,0.037344238147061004,BBDC4.SA,1076,357,43.56999969482422,40.66999816894531,-1.0
2015-11-18,5.6696600914001465,5.767153999035891,5.592164180320383,5.624662825288682,24426708,0.008000155309898727,BBDC4.SA,1075,356,44.13999938964844,40.75,-1.0
2015-11-19,5.849648952484131,5.849648952484131,5.704657654095052,5.749654918642196,26817252,0.03174597033726845,BBDC4.SA,1074,355,44.18000030517578,40.540000915527344,-1.0
2015-11-23,5.792150497436523,5.959640889917373,5.724655125566828,5.924643139520603,32983560,-0.009829385577606264,BBDC4.SA,1070,351,44.83000183105469,41.75,-1.0
2015-11-24,5.75215482711792,5.784652965753255,5.612163274149578,5.724656947922033,22931794,-0.006905150399027948,BBDC4.SA,1069,350,46.119998931884766,42.869998931884766,-1.0
2015-11-25,5.472172737121582,5.669661228500887,5.462173230020815,5.647162084115465,36694059,-0.048674296574284126,BBDC4.SA,1068,349,46.16999816894531,43.040000915527344,-1.0
2015-11-26,5.592164039611816,5.627162306564673,5.474671631559117,5.482171006783234,23376101,0.021927542907454134,BBDC4.SA,1067,348,46.16999816894531,43.040000915527344,-1.0
2015-11-27,5.387179374694824,5.552169780854791,5.364681235837635,5.544670401235728,29661245,-0.036655695981912095,BBDC4.SA,1066,347,44.86000061035156,41.709999084472656,-1.0
2015-11-30,5.279685020446777,5.379679087560907,5.212188594349916,5.324682299966391,70247991,-0.01995373585534943,BBDC4.SA,1063,344,44.61000061035156,41.650001525878906,-1.0
2015-12-01,5.249683856964111,5.342177993112283,5.204686600066691,5.279682366107181,29841732,-0.0056823775218558525,BBDC4.SA,1062,343,44.439998626708984,41.849998474121094,-1.0
2015-12-02,5.246913909912109,5.349500534653785,5.1543363178745105,5.271935223486108,34518653,-0.0005276407356087365,BBDC4.SA,1061,342,42.4900016784668,39.939998626708984,-1.0
2015-12-03,5.477112770080566,5.66477101103397,5.429572993500989,5.479615157270236,46562575,0.04387319176965754,BBDC4.SA,1060,341,43.84000015258789,41.08000183105469,-1.0
2015-12-04,5.402047634124756,5.464600700340732,5.316976133673723,5.464600700340732,27758164,-0.0137052383448929,BBDC4.SA,1059,340,43.0,39.970001220703125,-1.0
2015-12-07,5.347005844116211,5.54467273033705,5.334495930238892,5.454596886398524,17966604,-0.0101890604704864,BBDC4.SA,1056,337,40.72999954223633,37.650001525878906,-1.0
2015-12-08,5.229403495788574,5.3795299629058135,5.2068840438098904,5.349504365117462,32786279,-0.021994056441334342,BBDC4.SA,1055,336,40.2599983215332,37.5099983215332,-1.0
2015-12-09,5.492126941680908,5.5346634802476355,5.304469143848929,5.311975293434178,51690181,0.0502396585201188,BBDC4.SA,1054,335,40.11000061035156,37.15999984741211,-1.0
2015-12-10,5.25442361831665,5.514642894691241,5.25442361831665,5.452089827956404,33822004,-0.04328074093850187,BBDC4.SA,1053,334,39.72999954223633,36.7599983215332,-1.0
2015-12-11,5.209383487701416,5.336990938026566,5.184362677620768,5.194370697288295,35564583,-0.008571849909136953,BBDC4.SA,1052,333,37.93000030517578,35.619998931884766,-1.0
2015-12-14,5.116806983947754,5.19187044490915,5.086781903927993,5.1893680589972835,28639551,-0.01777110553911443,BBDC4.SA,1049,330,37.91999816894531,36.310001373291016,-1.0
2015-12-15,5.196874141693115,5.274439995234848,5.1468319991748634,5.154338650281161,19151991,0.015647875324698468,BBDC4.SA,1048,329,38.45000076293945,37.349998474121094,-1.0
2015-12-16,5.241916656494141,5.286954057883945,5.031739411208081,5.129321377556929,55544602,0.0086672321809107,BBDC4.SA,1047,328,37.189998626708984,35.52000045776367,-1.0
2015-12-17,5.354804515838623,5.466905393922093,5.320913257696157,5.435621440237017,38863513,0.021535607439432836,BBDC4.SA,1046,327,37.18000030517578,34.95000076293945,-1.0
2015-12-18,5.12277889251709,5.276592370778454,5.073245407041407,5.177525928370314,48042395,-0.04333036297314685,BBDC4.SA,1045,326,36.880001068115234,34.72999954223633,-1.0
2015-12-21,4.974181175231934,5.198384554291303,4.96114623640871,5.172314148101395,26976267,-0.02900724790254272,BBDC4.SA,1042,323,36.349998474121094,34.7400016784668,-1.0
2015-12-22,5.018500804901123,5.10453182745632,4.979395458302909,5.010679418455391,19094167,0.008909934742600711,BBDC4.SA,1041,322,36.11000061035156,36.13999938964844,-1.0
2015-12-23,5.0576066970825195,5.099319357536009,4.995038763489475,5.096712580529463,14549901,0.007792345503502718,BBDC4.SA,1040,321,37.36000061035156,37.5,-1.0
2015-12-28,5.107139587402344,5.125388609828891,5.023715333868545,5.083676483061993,13078797,0.00979374104917996,BBDC4.SA,1035,316,36.619998931884766,36.810001373291016,-1.0
2015-12-29,5.133208751678467,5.161885402432269,5.0941034110834815,5.156671321783377,11689538,0.005104455014393494,BBDC4.SA,1034,315,37.790000915527344,37.869998931884766,-1.0
2015-12-30,5.026320457458496,5.146243244947784,5.00546413666267,5.146243244947784,17977234,-0.020822900332081784,BBDC4.SA,1033,314,36.459999084472656,36.599998474121094,-1.0
2016-01-04,4.953321933746338,5.026318499553982,4.895968130985585,4.958536011914252,22798501,-0.014523253009830817,BBDC4.SA,1028,309,37.220001220703125,36.7599983215332,-1.0
2016-01-05,4.971316337585449,5.033947222071326,4.908685453099572,4.989583568670724,16877732,0.0036327951382522095,BBDC4.SA,1027,308,36.41999816894531,35.970001220703125,-1.0
2016-01-06,4.900856971740723,4.958268044810615,4.817348946321843,4.898247593948377,31314962,-0.014173180916293937,BBDC4.SA,1026,307,34.22999954223633,33.970001220703125,1.0
2016-01-07,4.801689147949219,4.879977857010096,4.786031829393611,4.796470394477822,43702638,-0.020234792478810215,BBDC4.SA,1025,306,33.75,33.27000045776367,1.0
2016-01-08,4.707742214202881,4.87475763619159,4.697303651127848,4.859099791579041,26191820,-0.019565392688208894,BBDC4.SA,1024,305,33.54999923706055,33.15999984741211,1.0
2016-01-11,4.574654579162598,4.780813917879357,4.561606104529975,4.726012229077441,23604420,-0.028269949581939402,BBDC4.SA,1021,302,31.549999237060547,31.40999984741211,1.0
2016-01-12,4.548559188842773,4.642505793742874,4.522463291810675,4.632067223301642,24265567,-0.005704341140572167,BBDC4.SA,1020,301,30.860000610351562,30.440000534057617,1.0
2016-01-13,4.4833173751831055,4.6320656301321845,4.441563107779295,4.6190171570330945,26244542,-0.014343402152422358,BBDC4.SA,1019,300,30.309999465942383,30.479999542236328,1.0
2016-01-14,4.6190185546875,4.6190185546875,4.441564451738417,4.514633912734148,26951607,0.03026802881624069,BBDC4.SA,1018,299,31.030000686645508,31.200000762939453,1.0
2016-01-15,4.501585483551025,4.538120474678883,4.41807799054344,4.538120474678883,34419162,-0.025423814549803136,BBDC4.SA,1017,298,31.010000228881836,29.420000076293945,1.0
2016-01-18,4.4624409675598145,4.540729173538546,4.4624409675598145,4.50419471268653,19736394,-0.008695717572008044,BBDC4.SA,1014,295,31.010000228881836,29.420000076293945,1.0
2016-01-19,4.493754863739014,4.572043576481957,4.454611036438276,4.566824293694379,20056125,0.007017212419579089,BBDC4.SA,1013,294,28.760000228881836,28.459999084472656,1.0
2016-01-20,4.504197120666504,4.519854981861422,4.41808020677237,4.441566204957997,34352410,0.0023237264257003343,BBDC4.SA,1012,293,27.8799991607666,26.549999237060547,1.0
2016-01-21,4.438953876495361,4.548557773891077,4.418077271178111,4.475488861674477,31875342,-0.014484988650205533,BBDC4.SA,1011,292,29.25,29.530000686645508,1.0
2016-01-22,4.530290603637695,4.535509887301303,4.441563310427182,4.478098296072438,28205447,0.02057618296643482,BBDC4.SA,1010,291,32.18000030517578,32.189998626708984,1.0
2016-01-26,4.478100299835205,4.525073344755329,4.441565297842063,4.470271635372204,24044688,-0.011520299329271011,BBDC4.SA,1006,287,31.799999237060547,31.450000762939453,1.0
2016-01-27,4.532900810241699,4.590312405273223,4.462440740651479,4.472879308670094,42961133,0.012237445956382542,BBDC4.SA,1005,286,33.099998474121094,32.29999923706055,1.0
2016-01-28,4.5407304763793945,4.590313955751137,4.493757433500324,4.590313955751137,28774756,0.001727297036812514,BBDC4.SA,1004,285,33.88999938964844,33.220001220703125,1.0
2016-01-29,4.736450672149658,4.736450672149658,4.530290809803058,4.564215890624968,45583398,0.04310324005980726,BBDC4.SA,1003,284,34.7400016784668,33.619998931884766,1.0
2016-02-01,4.859103202819824,4.8617131099561215,4.647724532973768,4.702526233984272,28885727,0.025895451923813484,BBDC4.SA,1000,281,34.689998626708984,31.6200008392334,1.0
2016-02-02,4.662905216217041,4.806579822684728,4.642007351630083,4.725599869197085,53295853,-0.04037740677928514,BBDC4.SA,999,280,32.720001220703125,29.8799991607666,1.0
2016-02-03,4.887561798095703,4.986828130862625,4.796132099891277,4.911071701783189,106029201,0.04817953002718833,BBDC4.SA,998,279,35.040000915527344,32.279998779296875,1.0
2016-02-04,5.154010772705078,5.295073291588587,4.853599382096671,4.955478221029906,68902314,0.05451572493941437,BBDC4.SA,997,278,34.459999084472656,31.719999313354492,1.0
2016-02-05,5.101767063140869,5.23238043306543,5.070419473040088,5.154012517032606,34412147,-0.010136515399013946,BBDC4.SA,996,277,34.060001373291016,30.889999389648438,1.0
2016-02-10,5.159236431121826,5.172297130850587,5.020785387620255,5.020785387620255,16781855,0.011264600533442692,BBDC4.SA,991,272,30.84000015258789,27.450000762939453,1.0
2016-02-11,5.026006698608398,5.109599676849948,4.9711492534951,5.059966825977318,21285943,-0.025823536930727253,BBDC4.SA,990,271,30.059999465942383,26.209999084472656,1.0
2016-02-12,5.041683673858643,5.088704522190365,4.958090642683762,5.088704522190365,20533171,0.0031191711810858447,BBDC4.SA,989,270,33.36000061035156,29.440000534057617,1.0
2016-02-15,5.041683673858643,5.15923632429743,5.031234478760598,5.106990878416686,11267765,0.0,BBDC4.SA,986,267,33.36000061035156,29.440000534057617,1.0
2016-02-16,5.221932888031006,5.2637296880521225,5.01817560636699,5.054747806385467,26978819,0.03575178964657444,BBDC4.SA,985,266,32.18000030517578,29.040000915527344,1.0
2016-02-17,5.279402256011963,5.412628214328879,5.1514008970025404,5.2585043883916525,42743019,0.011005382338919123,BBDC4.SA,984,265,34.5,30.65999984741211,1.0
2016-02-18,5.172297954559326,5.248054367848492,5.114827900787283,5.248054367848492,27180564,-0.020287202273831406,BBDC4.SA,983,264,34.279998779296875,30.770000457763672,1.0
2016-02-19,5.193197250366211,5.240218115325414,5.093930921051262,5.1200533884243,23900767,0.004040621014197887,BBDC4.SA,982,263,33.0099983215332,29.639999389648438,1.0
2016-02-22,5.464873313903809,5.506669575970997,5.3107494982292485,5.326422765498427,37900279,0.0523138348959189,BBDC4.SA,979,260,34.689998626708984,31.479999542236328,1.0
2016-02-23,5.412626266479492,5.535402452388123,5.362993385334256,5.378666118397244,24877393,-0.00956052307587607,BBDC4.SA,978,259,33.27000045776367,31.8700008392334,1.0
2016-02-24,5.402177810668945,5.407402408811005,5.232380224685396,5.342095726449569,20443247,-0.0019303856013954679,BBDC4.SA,977,258,34.40999984741211,32.150001525878906,1.0
2016-02-25,5.386505126953125,5.4988326861457715,5.310749762296174,5.352546026441601,22469204,-0.0029011787958678203,BBDC4.SA,976,257,35.290000915527344,33.06999969482422,1.0
2016-02-26,5.402177810668945,5.511893312433119,5.334258564431708,5.4962195180069395,18230213,0.002909620124075696,BBDC4.SA,975,256,35.099998474121094,32.779998779296875,1.0
2016-02-29,5.574591636657715,5.600714114984776,5.425691285831919,5.483161373683324,43985379,0.031915614781924395,BBDC4.SA,972,253,35.970001220703125,33.75,1.0
2016-03-01,5.7313232421875,5.7705069264975,5.603321406102724,5.608546003265946,34267587,0.028115351893964968,BBDC4.SA,971,252,35.959999084472656,34.400001525878906,1.0
2016-03-02,5.8565473556518555,5.8565473556518555,5.68137385708753,5.723206247330629,32723991,0.021849075365806936,BBDC4.SA,970,251,36.93000030517578,34.65999984741211,1.0
2016-03-03,6.379451274871826,6.379451274871826,6.379451274871826,6.379451274871826,58264657,0.08928535662148152,BBDC4.SA,969,250,37.06999969482422,34.56999969482422,1.0
2016-03-04,7.038313865661621,7.054001209068215,6.3794528635276935,6.3794528635276935,92716133,0.10327888127071438,BBDC4.SA,968,249,38.720001220703125,35.91999816894531,1.0
2016-03-07,6.839611053466797,7.033086208638645,6.693197938267256,7.033086208638645,35402166,-0.02823159296209443,BBDC4.SA,965,246,40.84000015258789,37.900001525878906,1.0
2016-03-08,6.873593807220459,7.046152330416064,6.7611692586162215,6.797771971338202,49113623,0.0049685213805303885,BBDC4.SA,964,245,39.650001525878906,36.5,1.0
2016-03-09,6.562472820281982,7.111523691259873,6.562472820281983,6.986025955557596,51949750,-0.04526321974563807,BBDC4.SA,963,244,41.06999969482422,38.290000915527344,1.0
2016-03-10,6.7585530281066895,6.868363263626877,6.541547376758154,6.70626246500502,45017490,0.029879012560433127,BBDC4.SA,962,243,40.04999923706055,37.84000015258789,1.0
2016-03-11,6.999094486236572,7.0278543433195155,6.742870594079747,6.758557933416049,41492367,0.035590674088010754,BBDC4.SA,961,242,40.38999938964844,38.5,1.0
2016-03-14,6.95464563369751,7.23440073327391,6.941573119063845,7.022623557899915,33809249,-0.006350657592417042,BBDC4.SA,958,239,39.529998779296875,37.18000030517578,1.0
2016-03-15,6.588614463806152,6.7925472511916105,6.491876653833877,6.698424793214136,33692539,-0.05263117478161905,BBDC4.SA,957,238,38.7400016784668,36.34000015258789,1.0
2016-03-16,6.442200660705566,6.491876444990103,6.170289402826866,6.452658887944606,46399308,-0.02222224473823664,BBDC4.SA,956,237,40.33000183105469,38.459999084472656,1.0
2016-03-17,7.281463623046875,7.312837770269544,6.7664015699104825,7.111518779561431,71874072,0.13027581824025192,BBDC4.SA,955,236,41.540000915527344,40.20000076293945,1.0
2016-03-18,7.184725284576416,7.346826193363,7.020010614455331,7.247474108956254,47691626,-0.013285562282323027,BBDC4.SA,954,235,41.20000076293945,39.439998626708984,1.0
2016-03-21,7.304993152618408,7.346825521691446,7.1507361922739925,7.189953740117196,23422658,0.016739382965716754,BBDC4.SA,951,232,41.540000915527344,39.90999984741211,1.0
2016-03-22,7.229172706604004,7.318066561551029,7.179496401445061,7.239630401840523,30869379,-0.010379263119121074,BBDC4.SA,950,231,41.790000915527344,41.45000076293945,1.0
2016-03-23,6.99386739730835,7.166426589748551,6.904973508809173,7.12982331743725,24105276,-0.03254941040220238,BBDC4.SA,949,230,40.470001220703125,39.790000915527344,1.0
2016-03-24,6.8657546043396,6.931117734348058,6.776860196258096,6.797776652293111,19821641,-0.01831787560313991,BBDC4.SA,948,229,40.439998626708984,39.459999084472656,1.0
2016-03-28,7.200412750244141,7.284078027582651,6.9990942864765575,7.161195198123518,29838756,0.04874309747292971,BBDC4.SA,944,225,40.27000045776367,39.38999938964844,1.0
2016-03-29,7.325911521911621,7.37297301570944,7.0330838015318395,7.234403356231018,25745599,0.017429385789477836,BBDC4.SA,943,224,39.13999938964844,38.279998779296875,1.0
2016-03-30,7.336369037628174,7.529844107810381,7.294536131584685,7.3886596401153035,25079776,0.001427469562698791,BBDC4.SA,942,223,39.2599983215332,38.31999969482422,1.0
2016-03-31,7.074913501739502,7.074913501739503,7.074913501739503,7.074913501739503,151362,-0.03563827481246773,BBDC4.SA,941,222,39.599998474121094,38.34000015258789,1.0
2016-04-01,7.216099739074707,7.216099739074707,7.216099739074707,7.216099739074707,31037,0.019955895899008702,BBDC4.SA,940,221,39.65999984741211,36.790000915527344,1.0
2016-04-04,6.922796726226807,6.922796726226806,6.922796726226806,6.922796726226806,247239,-0.04064564286157024,BBDC4.SA,937,218,37.689998626708984,35.70000076293945,1.0
2016-04-05,6.954190254211426,6.954190254211426,6.954190254211426,6.954190254211426,54634,0.004534804245470037,BBDC4.SA,936,217,37.869998931884766,35.88999938964844,1.0
2016-04-06,6.771049499511719,6.771049499511718,6.771049499511718,6.771049499511718,124150,-0.026335309792365535,BBDC4.SA,935,216,39.84000015258789,37.75,1.0
2016-04-07,6.8233771324157715,6.8233771324157715,6.8233771324157715,6.8233771324157715,19983,0.007728142130378091,BBDC4.SA,934,215,39.43000030517578,37.2599983215332,1.0
2016-04-08,7.171347618103027,7.23152293391357,7.053612543506976,7.090240950484579,22920739,0.0509968127123086,BBDC4.SA,933,214,41.939998626708984,39.720001220703125,1.0
2016-04-11,7.291694641113281,7.291694641113281,7.291694641113281,7.291694641113281,54422,0.016781646828338825,BBDC4.SA,930,211,42.83000183105469,40.36000061035156,1.0
2016-04-12,7.634435653686523,7.634435653686524,7.634435653686524,7.634435653686524,100978,0.04700430139253786,BBDC4.SA,929,210,44.689998626708984,42.16999816894531,-1.0
2016-04-13,8.39787769317627,8.39787769317627,8.39787769317627,8.39787769317627,312503,0.09999980013206278,BBDC4.SA,928,209,44.18000030517578,41.7599983215332,-1.0
2016-04-14,7.508851051330566,7.796647113256014,7.412047355399362,7.733855196978533,30188887,-0.10586325192233814,BBDC4.SA,927,208,43.84000015258789,41.5,-1.0
2016-04-15,7.542863368988037,7.605654750481713,7.459140642944512,7.563793652675537,24838915,0.004529630089205705,BBDC4.SA,926,207,43.099998474121094,40.36000061035156,-1.0
2016-04-18,7.499955654144287,7.626586026367005,7.327278018503637,7.4826879966664634,22452699,-0.005688518105758322,BBDC4.SA,923,204,42.90999984741211,39.779998779296875,-1.0
2016-04-19,7.517226219177246,7.517226219177247,7.517226219177247,7.517226219177247,38458,0.0023027556200836408,BBDC4.SA,922,203,44.029998779296875,41.08000183105469,-1.0
2016-04-20,7.511471748352051,7.540251370176262,7.3618179270387545,7.476936414335597,20546757,-0.0007655045434864505,BBDC4.SA,921,202,45.79999923706055,42.630001068115234,-1.0
2016-04-22,7.3531813621521,7.442397785365139,7.295622139884391,7.3387918218008235,15283482,-0.02107315204036797,BBDC4.SA,919,200,45.11000061035156,43.72999954223633,-1.0
2016-04-25,7.183379650115967,7.407860231030144,7.1373323922692995,7.3387896094757155,16770433,-0.02309227852180107,BBDC4.SA,916,197,44.47999954223633,42.63999938964844,1.0
2016-04-26,7.4423980712890625,7.479811514157302,7.163236840385258,7.238063726121738,15378180,0.03605801639189621,BBDC4.SA,915,196,45.7400016784668,44.040000915527344,-1.0
2016-04-27,7.704288005828857,7.764725317984124,7.44239404735144,7.44239404735144,27109521,0.03518891787716938,BBDC4.SA,914,195,47.18000030517578,45.33000183105469,-1.0
2016-04-28,7.546000957489014,7.681265123315787,7.370445778156642,7.4826860530393,40427150,-0.020545318168283422,BBDC4.SA,913,194,48.13999938964844,46.029998779296875,-1.0
2016-04-29,7.453903675079346,7.638092612225552,7.367564911880484,7.612191142395155,27196682,-0.01220478011181092,BBDC4.SA,912,193,48.130001068115234,45.91999816894531,-1.0
2016-05-02,7.307132720947266,7.491321773338835,7.220793373295815,7.456786458623217,17665039,-0.019690481730100684,BBDC4.SA,909,190,48.099998474121094,44.779998779296875,-1.0
2016-05-03,7.1541852951049805,7.298190283863013,7.085062539538471,7.151305025465041,29212203,-0.020931250557942205,BBDC4.SA,908,189,46.75,43.650001525878906,1.0
2016-05-04,7.45947265625,7.459472656249999,7.185863101116926,7.1887428384997385,25984741,0.042672554393286655,BBDC4.SA,907,188,44.619998931884766,43.779998779296875,-1.0
2016-05-05,7.2722697257995605,7.589081350093216,7.206027237356983,7.519959122728753,21580705,-0.025096000625940973,BBDC4.SA,906,187,45.0099983215332,44.31999969482422,1.0
2016-05-06,7.306825637817383,7.413389703578849,7.185861826042639,7.197381835184089,12477136,0.004751736847057542,BBDC4.SA,905,186,45.369998931884766,44.65999984741211,-1.0
2016-05-09,7.352912425994873,7.430674925369234,7.001539186158382,7.206026643299601,36473993,0.00630736115269559,BBDC4.SA,902,183,43.630001068115234,43.439998626708984,-1.0
2016-05-10,7.669724464416504,7.669724464416505,7.393233969399213,7.439315630097522,23659036,0.043086605696757596,BBDC4.SA,901,182,45.52000045776367,44.65999984741211,-1.0
2016-05-11,7.744606971740723,7.900133046557152,7.675484743668937,7.773408607873908,24617225,0.009763389502665198,BBDC4.SA,900,181,47.599998474121094,46.22999954223633,-1.0
2016-05-12,7.911648273468018,8.006691803967872,7.64955876304658,7.833885288363208,27377574,0.021568725480429318,BBDC4.SA,899,180,48.08000183105469,46.70000076293945,-1.0
2016-05-13,7.59195613861084,7.908767534173371,7.4594712573769675,7.856925901078587,24756759,-0.04040777898700021,BBDC4.SA,898,179,47.83000183105469,46.209999084472656,-1.0
2016-05-16,7.45947265625,7.6466794733553485,7.433551834841682,7.540115919512099,14136090,-0.01745050681827065,BBDC4.SA,895,176,48.970001220703125,47.720001220703125,-1.0
2016-05-17,7.21754264831543,7.531474333329549,7.208902375409271,7.499793509616007,14381918,-0.0324325886136021,BBDC4.SA,894,175,49.279998779296875,48.310001373291016,1.0
2016-05-18,7.249222278594971,7.430669028120566,7.128258486680556,7.139778493930605,22923677,0.004389254324244973,BBDC4.SA,893,174,48.93000030517578,48.189998626708984,1.0
2016-05-19,7.099461555480957,7.206025673984986,7.041859357955932,7.18586538259583,17903524,-0.020658867580349627,BBDC4.SA,892,173,48.810001373291016,48.15999984741211,1.0
2016-05-20,7.021697044372559,7.226183884289305,6.984255679846848,7.1916227880585515,10308359,-0.010953578732793123,BBDC4.SA,891,172,48.720001220703125,47.75,1.0
2016-05-23,7.0418572425842285,7.113860233274502,6.822969594735717,6.87193150100658,15825579,0.002871129028249264,BBDC4.SA,888,169,48.349998474121094,48.08000183105469,1.0
2016-05-24,7.062018394470215,7.174341952723368,6.978494863877729,7.119620573100196,11777144,0.0028630446757804684,BBDC4.SA,887,168,48.61000061035156,48.619998931884766,1.0
2016-05-25,7.033212661743164,7.208898832255257,7.021692657415078,7.128256678651254,12818435,-0.004078965972335369,BBDC4.SA,886,167,49.7400016784668,49.560001373291016,1.0
2016-05-27,6.932413101196289,7.131140454611246,6.8834517279947445,7.044737719063136,12230535,-0.014331936967464376,BBDC4.SA,884,165,49.31999969482422,49.33000183105469,1.0
2016-05-30,6.91225528717041,6.984258305826142,6.863293892710466,6.912255287170409,4255998,-0.0029077629580961384,BBDC4.SA,881,162,49.31999969482422,49.33000183105469,1.0
2016-05-31,6.566640377044678,6.964094558793321,6.40247411547566,6.86905101748923,58986410,-0.05000031042939279,BBDC4.SA,880,161,49.689998626708984,49.099998474121094,1.0
2016-06-01,6.6876020431518555,6.750964737389529,6.506155292974859,6.65304095962366,27542813,0.018420632037355,BBDC4.SA,879,160,49.709999084472656,49.0099983215332,1.0
2016-06-02,6.903484344482422,6.946720987684791,6.644062891486431,6.687300065949392,22413274,0.032280973050965445,BBDC4.SA,878,159,50.040000915527344,49.16999816894531,1.0
2016-06-03,6.9380717277526855,7.0562522071160005,6.863127879556329,6.946719053986077,19384484,0.005010134237199759,BBDC4.SA,877,158,49.63999938964844,48.619998931884766,1.0
2016-06-06,6.897713661193848,6.989952107638154,6.7622380777374325,6.972657465337363,15182213,-0.005816899585716739,BBDC4.SA,874,155,50.54999923706055,49.689998626708984,1.0
2016-06-07,6.9870758056640625,7.004370463597193,6.8170107838872545,6.874659997838099,14177448,0.012955328223170692,BBDC4.SA,873,154,51.439998626708984,50.36000061035156,1.0
2016-06-08,7.20613956451416,7.2609066697631865,6.989955887588738,7.033192516721738,26825234,0.03135270962317516,BBDC4.SA,872,153,52.5099983215332,51.22999954223633,1.0
2016-06-09,7.217672824859619,7.240732723466226,7.050490419373896,7.162905698484082,14854249,0.001600476960265107,BBDC4.SA,871,152,51.95000076293945,50.560001373291016,1.0
2016-06-10,6.929423809051514,7.160020572253717,6.926541721393765,7.116783944783502,11750087,-0.03993655888852399,BBDC4.SA,870,151,50.540000915527344,49.06999969482422,1.0
2016-06-13,7.044728755950928,7.085083333371632,6.814132309105964,6.874663643976126,16523059,0.016639903991555238,BBDC4.SA,867,148,50.349998474121094,48.880001068115234,1.0
2016-06-14,6.906364917755127,7.148491110455724,6.782419202292068,7.024545394992665,23603763,-0.01964076162320938,BBDC4.SA,866,147,49.83000183105469,48.4900016784668,1.0
2016-06-15,6.917897701263428,7.041843477098148,6.814129737785831,6.946722312649658,36633433,0.0016698775181502867,BBDC4.SA,865,146,48.970001220703125,48.0099983215332,1.0
2016-06-16,7.021663188934326,7.0476051686939245,6.747830294926682,6.805479493010543,19819902,0.014999569544364322,BBDC4.SA,864,145,47.189998626708984,46.209999084472656,1.0
2016-06-17,6.978426933288574,7.157139244506395,6.897718370363958,7.119667316852021,23682034,-0.006157551919307336,BBDC4.SA,863,144,49.16999816894531,47.97999954223633,1.0
2016-06-20,7.09372615814209,7.200377245854556,7.04760636682601,7.134080709913383,20459210,0.016522237168310028,BBDC4.SA,860,141,50.650001525878906,49.369998931884766,1.0
2016-06-21,7.177314281463623,7.206138341821323,6.966894815778044,7.015896674654726,20287401,0.011783387384582289,BBDC4.SA,859,140,50.619998931884766,48.849998474121094,1.0
2016-06-22,7.162904739379883,7.3502649295045535,7.1081386828587005,7.191729874408804,19817969,-0.0020076509845687873,BBDC4.SA,858,139,49.880001068115234,49.130001068115234,1.0
2016-06-23,7.398020267486572,7.464826132381751,7.194697371707318,7.287644522341825,15928201,0.032824047877404006,BBDC4.SA,857,138,50.90999984741211,50.11000061035156,1.0
2016-06-24,7.215033531188965,7.246984363198376,7.0698032066128995,7.098849271528112,32914894,-0.024734554608049963,BBDC4.SA,856,137,48.40999984741211,47.63999938964844,1.0
2016-06-27,6.930376052856445,7.26440522500962,6.8868067278172065,7.220835899970381,33925071,-0.03945338259372033,BBDC4.SA,853,134,47.15999984741211,46.33000183105469,1.0
2016-06-28,7.101749420166016,7.159841516596691,7.000088519083307,7.113368481862491,20548110,0.02472785978748382,BBDC4.SA,852,133,48.58000183105469,47.849998474121094,1.0
2016-06-29,7.273123741149902,7.2876459667607225,7.142416215862874,7.194698797703992,21027978,0.024131282427010792,BBDC4.SA,851,132,50.61000061035156,49.880001068115234,1.0
2016-06-30,7.313787937164307,7.444494384775849,7.2034127113888555,7.235362997913204,38885892,0.005591022160716719,BBDC4.SA,850,131,49.68000030517578,48.33000183105469,1.0
2016-07-01,7.441586494445801,7.476441530001781,7.246978498802481,7.342829846581425,24447928,0.017473648180595713,BBDC4.SA,849,130,49.84000015258789,48.9900016784668,1.0
2016-07-04,7.473255634307861,7.566271555267352,7.464535425201541,7.502323176574965,7497954,0.0042556973416485455,BBDC4.SA,846,127,49.84000015258789,48.9900016784668,1.0
2016-07-05,7.4703497886657715,7.5226710470407285,7.336639191834468,7.441281708584384,10983227,-0.0003888326298848721,BBDC4.SA,845,126,47.959999084472656,46.599998474121094,1.0
2016-07-06,7.4703497886657715,7.49651041785325,7.272690272836443,7.397680659938586,14151937,0.0,BBDC4.SA,844,125,48.79999923706055,47.43000030517578,1.0
2016-07-07,7.499417304992676,7.609874195270363,7.41802796102615,7.464536463714552,15144527,0.0038910515771304333,BBDC4.SA,843,124,46.400001525878906,45.13999938964844,1.0
2016-07-08,7.7057976722717285,7.714517883907911,7.516858860590683,7.5575535387183725,21797350,0.027519520368823436,BBDC4.SA,842,123,46.7599983215332,45.40999984741211,1.0
2016-07-11,7.79299783706665,7.816251011425135,7.627312808774859,7.731955307816348,13592639,0.011316176274482226,BBDC4.SA,839,120,46.25,44.7599983215332,1.0
2016-07-12,7.729047775268555,7.891825328862611,7.697073325952953,7.848224294103127,22926189,-0.008206092589160385,BBDC4.SA,838,119,48.470001220703125,46.79999923706055,1.0
2016-07-13,7.900545597076416,7.900545597076416,7.668006386064044,7.70870050690912,19348151,0.0221887387417401,BBDC4.SA,837,118,46.2599983215332,44.75,1.0
2016-07-14,8.22610092163086,8.22900729965344,7.993560678502925,7.993560678502925,39439972,0.04120668889942425,BBDC4.SA,836,117,47.369998931884766,45.68000030517578,1.0
2016-07-15,8.22610092163086,8.31330297706595,8.156338741544902,8.22610092163086,18994483,0.0,BBDC4.SA,835,116,47.61000061035156,45.95000076293945,1.0
2016-07-18,8.397602081298828,8.429576538498143,8.202850030370557,8.214477154419226,24600024,0.020848414248966884,BBDC4.SA,832,113,46.959999084472656,45.2400016784668,1.0
2016-07-19,8.365629196166992,8.403416952202715,8.292960599402345,8.374349406349223,14239871,-0.0038073827292958162,BBDC4.SA,831,112,46.65999984741211,44.650001525878906,1.0
2016-07-20,8.438297271728516,8.473178110302975,8.272612752761695,8.400509518026805,18119783,0.008686504488487179,BBDC4.SA,830,111,47.16999816894531,44.939998626708984,1.0
2016-07-21,8.374346733093262,8.478989757614093,8.234822878978155,8.429574891863535,23175496,-0.007578606983841718,BBDC4.SA,829,110,46.20000076293945,44.75,1.0
2016-07-22,8.429576873779297,8.487711960596826,8.30458649069542,8.374348702024081,13327292,0.006595158099649723,BBDC4.SA,828,109,45.689998626708984,44.189998626708984,1.0
2016-07-25,8.40341567993164,8.505151807147003,8.316213055573579,8.470270971699014,12337988,-0.003103500239618473,BBDC4.SA,825,106,44.720001220703125,43.130001068115234,1.0
2016-07-26,8.336560249328613,8.452830413203019,8.316212917076784,8.400508625164305,11948373,-0.00795574480061556,BBDC4.SA,824,105,44.869998931884766,42.91999816894531,1.0
2016-07-27,8.365629196166992,8.502246715252223,8.3336547350067,8.362722280860192,20073847,0.0034869233795460364,BBDC4.SA,823,104,43.470001220703125,41.91999816894531,1.0
2016-07-28,7.993566513061523,8.313309045006797,7.915084070147188,8.284241493399202,46027280,-0.04447515833906934,BBDC4.SA,822,103,42.70000076293945,41.13999938964844,1.0
2016-07-29,8.243541717529297,8.284235833385994,7.964493519897286,7.979027553640178,23099544,0.031272049098398425,BBDC4.SA,821,102,42.459999084472656,41.599998474121094,1.0
2016-08-01,8.255171775817871,8.423763209464312,8.234824977195549,8.269705815677396,13228342,0.0014108084470347837,BBDC4.SA,818,99,42.45000076293945,40.060001373291016,1.0
2016-08-02,8.153059959411621,8.327581082941467,8.019260127584522,8.190872932054251,27382599,-0.012369435691861552,BBDC4.SA,817,98,41.79999923706055,39.5099983215332,1.0
2016-08-03,8.342123985290527,8.350850013786367,8.086159231856096,8.115246172207437,17367417,0.023189333430653436,BBDC4.SA,816,97,43.099998474121094,40.83000183105469,1.0
2016-08-04,8.432292938232422,8.507918869442697,8.362484180155407,8.377027381036346,19956151,0.010808872308885276,BBDC4.SA,815,96,44.290000915527344,41.93000030517578,1.0
2016-08-05,8.484654426574707,8.519558559458453,8.324676436062983,8.449750293690961,14449366,0.006209638199934364,BBDC4.SA,814,95,44.27000045776367,41.79999923706055,1.0
2016-08-08,8.400299072265625,8.484651050568665,8.365394953270076,8.423568842326459,10702998,-0.009942108431060359,BBDC4.SA,811,92,45.38999938964844,43.02000045776367,1.0
2016-08-09,8.356664657592773,8.484646719307687,8.315942848821924,8.426472859948024,12220485,-0.0051943882351659365,BBDC4.SA,810,91,44.97999954223633,42.77000045776367,1.0
2016-08-10,8.237409591674805,8.42647440112539,8.11233582478545,8.377026558016269,17840134,-0.014270653520793708,BBDC4.SA,809,90,44.04999923706055,41.709999084472656,1.0
2016-08-11,8.481740951538086,8.487557588689153,8.182145539375677,8.24613658947126,18687198,0.029661188647243764,BBDC4.SA,808,89,46.040000915527344,43.4900016784668,1.0
2016-08-12,8.493378639221191,8.580638952726115,8.420660996506019,8.432296419767743,14100143,0.0013720871398454904,BBDC4.SA,807,88,46.970001220703125,44.4900016784668,1.0
2016-08-15,8.618444442749023,8.659166241853235,8.484644705202586,8.519548798094595,10584336,0.014725094551925055,BBDC4.SA,804,85,48.349998474121094,45.7400016784668,1.0
2016-08-16,8.487556457519531,8.60390419571127,8.455561204783667,8.571908406879885,23168345,-0.015186961649397479,BBDC4.SA,803,84,49.22999954223633,46.58000183105469,1.0
2016-08-17,8.58354663848877,8.58354663848877,8.356668796280795,8.461381151673066,18498962,0.011309518994032208,BBDC4.SA,802,83,49.849998474121094,46.790000915527344,1.0
2016-08-18,8.606812477111816,8.644625435897689,8.487555892574536,8.551547465977922,14335149,0.002710515781288114,BBDC4.SA,801,82,50.88999938964844,48.220001220703125,1.0
2016-08-19,8.557361602783203,8.592265692912187,8.423561875828414,8.566087625315449,13751500,-0.005745550337028726,BBDC4.SA,800,81,50.880001068115234,48.52000045776367,1.0
2016-08-22,8.327576637268066,8.551546034497752,8.295581392017677,8.522458570659483,11787966,-0.026852314554570378,BBDC4.SA,797,78,49.15999984741211,47.04999923706055,1.0
2016-08-23,8.237409591674805,8.481739952891775,8.231592419113067,8.406113493016015,23305561,-0.010827525163772278,BBDC4.SA,796,77,49.959999084472656,48.099998474121094,1.0
2016-08-24,8.179234504699707,8.257769271123507,8.091974248779314,8.202504263675443,13735653,-0.007062303546723325,BBDC4.SA,795,76,49.04999923706055,46.77000045776367,1.0
2016-08-25,8.217052459716797,8.289769562585585,8.150152532083032,8.202509253581347,12534341,0.004623654572486036,BBDC4.SA,794,75,49.66999816894531,47.33000183105469,1.0
2016-08-26,8.330488204956055,8.470105181952038,8.182145200403795,8.275223185067784,22092074,0.013804919196434895,BBDC4.SA,793,74,49.91999816894531,47.63999938964844,1.0
2016-08-29,8.481740951538086,8.5370054376203,8.281040701142379,8.362484343169111,11415939,0.018156528508382896,BBDC4.SA,790,71,49.2599983215332,46.97999954223633,1.0
2016-08-30,8.507916450500488,8.548638259142159,8.4090207826837,8.522459111151129,9759497,0.003086099789177732,BBDC4.SA,789,70,48.369998931884766,46.349998474121094,1.0
2016-08-31,8.45264720916748,8.659164479672095,8.356660973248111,8.510821042879046,26165247,-0.006496213456557487,BBDC4.SA,788,69,47.040000915527344,44.70000076293945,1.0
2016-09-01,8.368301391601562,8.502101199139336,8.321762398035675,8.48755746209623,23760691,-0.009978627461754153,BBDC4.SA,787,68,47.04999923706055,43.15999984741211,1.0
2016-09-02,8.612483024597168,8.644499355084967,8.426203900569226,8.443667451098696,22081638,0.029179354515202593,BBDC4.SA,786,67,46.83000183105469,44.439998626708984,1.0
2016-09-05,8.641589164733887,8.725996683686322,8.54262832930072,8.644499398871082,7757697,0.003379529463639175,BBDC4.SA,783,64,46.83000183105469,44.439998626708984,1.0
2016-09-06,8.731821060180664,8.731821060180664,8.565916202541777,8.699804182685758,12818242,0.010441585885037297,BBDC4.SA,782,63,47.2599983215332,44.83000183105469,1.0
2016-09-08,8.84823989868164,8.865703445005286,8.609570180545171,8.696888448611961,26499009,0.01333271006112069,BBDC4.SA,780,61,49.9900016784668,47.619998931884766,1.0
2016-09-09,8.359259605407715,8.728906531976472,8.344706826018955,8.702711207207505,25256339,-0.05526300132829609,BBDC4.SA,779,60,48.0099983215332,45.880001068115234,1.0
2016-09-12,8.3883695602417,8.391279795403179,8.222464698082257,8.31851479673527,21173117,0.0034823604252167684,BBDC4.SA,776,57,48.31999969482422,46.290000915527344,1.0
2016-09-13,8.03908920288086,8.277758301248337,7.9575919665568104,8.251562990907766,31728657,-0.041638646801676615,BBDC4.SA,775,56,47.099998474121094,44.900001525878906,1.0
2016-09-14,8.106039047241211,8.193356812101714,8.033273527925777,8.11768105825677,21088662,0.008328038496744128,BBDC4.SA,774,55,45.849998474121094,43.58000183105469,1.0
2016-09-15,8.327239990234375,8.37380961693011,8.097302626064325,8.117676401879342,21344153,0.027288413206996154,BBDC4.SA,773,54,46.59000015258789,43.90999984741211,1.0
2016-09-16,8.17589282989502,8.31269154840914,8.085663762344515,8.271942902647702,29287188,-0.01817494878457271,BBDC4.SA,772,53,45.77000045776367,43.029998779296875,1.0
2016-09-19,8.21955394744873,8.373816260009308,8.138057170190642,8.30687226794239,15799876,0.005340226255665215,BBDC4.SA,769,50,45.95000076293945,43.29999923706055,1.0
2016-09-20,8.30978012084961,8.356349768132755,8.24865715703809,8.280674024241556,14812118,0.010977015781845845,BBDC4.SA,768,49,45.880001068115234,43.439998626708984,1.0
2016-09-21,8.472773551940918,8.487326867434188,8.222461246204807,8.408739822088371,27672877,0.01961465029409748,BBDC4.SA,767,48,46.83000183105469,45.34000015258789,1.0
2016-09-22,8.635772705078125,8.673611135613678,8.53390157556411,8.563008225652691,16932580,0.019237992392687975,BBDC4.SA,766,47,47.650001525878906,46.31999969482422,1.0
2016-09-23,8.653231620788574,8.66487470373303,8.53098676015382,8.60666250770305,18691063,0.002021696993041777,BBDC4.SA,765,46,45.88999938964844,44.47999954223633,1.0
2016-09-26,8.54554271697998,8.58046983080696,8.507704295068908,8.54554271697998,8892720,-0.012444934855306733,BBDC4.SA,762,43,47.349998474121094,45.93000030517578,1.0
2016-09-27,8.7230863571167,8.731818132333137,8.47859504171037,8.586287114862674,23310199,0.02077616905289581,BBDC4.SA,761,42,45.970001220703125,44.66999816894531,1.0
2016-09-28,8.775476455688477,8.804582550059575,8.62994652028164,8.743459590945676,18221052,0.006005913093940052,BBDC4.SA,760,41,48.689998626708984,47.04999923706055,1.0
2016-09-29,8.629950523376465,8.819139419872913,8.57755877817791,8.734731867977981,21240951,-0.016583251410546285,BBDC4.SA,759,40,49.2400016784668,47.83000183105469,1.0
2016-09-30,8.635772705078125,8.746376151488118,8.574650241949318,8.627040924631153,18724884,0.0006746483291983907,BBDC4.SA,758,39,49.060001373291016,48.2400016784668,1.0
2016-10-03,8.857930183410645,8.884691720678642,8.623027436080122,8.65276205124128,17791046,0.025725257706456617,BBDC4.SA,755,36,49.099998474121094,48.810001373291016,1.0
2016-10-04,8.98555850982666,9.00936156368486,8.84274183182241,8.86654488568061,41553670,0.014408368972589347,BBDC4.SA,754,35,50.869998931884766,48.689998626708984,1.0
2016-10-05,9.056967735290527,9.134326842986848,8.99150960694619,9.015312662413528,16715161,0.007947110397842572,BBDC4.SA,753,34,51.86000061035156,49.83000183105469,-1.0
2016-10-06,9.056967735290527,9.098622808167526,8.9855591172702,9.059943254319366,21767782,0.0,BBDC4.SA,752,33,52.5099983215332,50.439998626708984,-1.0
2016-10-07,9.184906959533691,9.184906959533691,9.024237722964484,9.137301401982498,18620330,0.014126054986885794,BBDC4.SA,751,32,51.93000030517578,49.810001373291016,-1.0
2016-10-10,9.181929588317871,9.294993244524733,9.149200534187711,9.223584100032646,13712268,-0.000324159104598265,BBDC4.SA,748,29,51.93000030517578,49.810001373291016,-1.0
2016-10-11,9.149200439453125,9.170027969285615,9.059940380716045,9.104570410084586,15691456,-0.0035645175177979604,BBDC4.SA,747,28,52.40999984741211,50.790000915527344,-1.0
2016-10-13,9.161102294921875,9.214658880483672,8.967704580023927,9.048039184175854,27578566,0.0013008629057273957,BBDC4.SA,745,26,52.029998779296875,50.439998626708984,-1.0
2016-10-14,9.235490798950195,9.31582544126997,9.217638778075088,9.232515279343747,19806374,0.008120038575440303,BBDC4.SA,744,25,51.95000076293945,50.349998474121094,-1.0
2016-10-17,9.419953346252441,9.419953346252441,9.196802743043015,9.262259726871745,24571422,0.019973226254874632,BBDC4.SA,741,22,51.52000045776367,49.939998626708984,-1.0
2016-10-18,9.649066925048828,9.699648580712847,9.381285431080963,9.416989484041487,29082718,0.024322156424217978,BBDC4.SA,740,21,51.68000030517578,50.290000915527344,-1.0
2016-10-19,9.580625534057617,9.738319203666004,9.550872549524637,9.604428579741754,17068635,-0.007093057963308169,BBDC4.SA,739,20,52.66999816894531,51.599998474121094,-1.0
2016-10-20,9.720468521118164,9.744270473290012,9.443760682062022,9.461612694572445,21212542,0.014596435959575604,BBDC4.SA,738,19,51.380001068115234,50.43000030517578,-1.0
2016-10-21,9.628230094909668,9.714514613749744,9.604427053009294,9.652032040047294,12218939,-0.009489092630473928,BBDC4.SA,737,18,51.779998779296875,50.849998474121094,-1.0
2016-10-24,9.535998344421387,9.726420583941508,9.482442295199473,9.669890112621136,15456837,-0.009579304771397457,BBDC4.SA,734,15,51.459999084472656,50.52000045776367,-1.0
2016-10-25,9.491368293762207,9.562776355193156,9.360452052121138,9.479466219014885,19167645,-0.004680165520927204,BBDC4.SA,733,14,50.790000915527344,49.959999084472656,-1.0
2016-10-26,9.452690124511719,9.550876771696762,9.390207513255163,9.408059531219408,21969739,-0.004075088865312271,BBDC4.SA,732,13,49.97999954223633,49.18000030517578,-1.0
2016-10-27,9.610377311706543,9.699637340672407,9.446732645712691,9.446732645712691,17341907,0.016681726060809643,BBDC4.SA,731,12,50.470001220703125,49.720001220703125,-1.0
2016-10-28,9.646082878112793,9.696663386552576,9.521117720655207,9.56277277314107,13992304,0.003715313691456945,BBDC4.SA,730,11,49.709999084472656,48.70000076293945,-1.0
2016-10-31,9.949572563171387,9.967424579810137,9.71451973120395,9.71451973120395,24715788,0.031462479525986575,BBDC4.SA,727,8,48.29999923706055,46.86000061035156,-1.0
2016-11-01,9.65798282623291,9.997173148489003,9.580623764619048,9.967419072688362,19360133,-0.02930676017357814,BBDC4.SA,726,7,48.33000183105469,46.66999816894531,-1.0
2016-11-03,9.428433418273926,9.794614939263317,9.401639220190502,9.607058844889139,22071008,-0.023767841803930767,BBDC4.SA,724,5,46.349998474121094,44.65999984741211,-1.0
2016-11-04,9.428433418273926,9.574311234100826,9.279579444796214,9.434387928382078,18425909,0.0,BBDC4.SA,723,4,45.58000183105469,44.06999969482422,-1.0
2016-11-07,9.755915641784668,9.806526797544599,9.57729016347422,9.693397657169056,17696734,0.03473347150927797,BBDC4.SA,720,1,46.150001525878906,44.88999938964844,-1.0
2016-11-08,9.749957084655762,9.961331192935463,9.639805245898383,9.752935436739323,13842526,-0.0006107634944469975,BBDC4.SA,719,0,46.040000915527344,44.97999954223633,-1.0
2016-11-09,9.482024192810059,9.758893650683962,9.32423839633146,9.32423839633146,27302589,-0.02748041755664432,BBDC4.SA,718,1455,46.36000061035156,45.27000045776367,-1.0
2016-11-10,8.636528015136719,9.604081585848373,8.57996401004417,9.51774557892905,77904942,-0.08916832107583683,BBDC4.SA,717,1454,45.84000015258789,44.65999984741211,1.0
2016-11-11,8.651412963867188,8.856832021310085,8.326910848138409,8.603779630812518,58245446,0.001723487575606919,BBDC4.SA,716,1453,45.84000015258789,44.65999984741211,1.0
2016-11-14,8.71393871307373,8.8002742352576,8.535313702890637,8.600809521667703,29182054,0.007227229756304965,BBDC4.SA,713,1450,44.43000030517578,43.31999969482422,1.0
2016-11-16,8.844929695129395,9.008669483972861,8.693097835556706,8.827067252521296,22315290,0.015032350624538449,BBDC4.SA,711,1448,46.630001068115234,45.56999969482422,1.0
2016-11-17,8.568058967590332,8.990805211410805,8.553173783772136,8.961034295072562,20415340,-0.031302761817488034,BBDC4.SA,710,1447,46.4900016784668,45.41999816894531,1.0
2016-11-18,8.71691608428955,8.773480128469469,8.5204280890559,8.562107493790798,21232255,0.017373493490449476,BBDC4.SA,709,1446,46.86000061035156,45.689998626708984,1.0
2016-11-21,8.767523765563965,8.850881449619646,8.63057766633948,8.812179863701589,20275998,0.005805686413068001,BBDC4.SA,706,1443,48.900001525878906,47.4900016784668,1.0
2016-11-22,8.82706356048584,8.987825476717932,8.699048710402463,8.925306953738785,21153791,0.006790947651117651,BBDC4.SA,705,1442,49.119998931884766,48.029998779296875,1.0
2016-11-23,8.865769386291504,8.883631829988758,8.737754474858566,8.776457167805233,12491051,0.004384903942340479,BBDC4.SA,704,1441,48.95000076293945,47.959999084472656,1.0
2016-11-24,8.7824068069458,8.877674046861694,8.74072852117991,8.871720084423956,5282794,-0.0094027461930829,BBDC4.SA,703,1440,48.95000076293945,47.959999084472656,1.0
2016-11-25,8.824087142944336,8.833018361916203,8.609736790215944,8.663324652748935,11782362,0.00474588992684466,BBDC4.SA,702,1439,47.2400016784668,46.060001373291016,1.0
2016-11-28,8.93424129486084,8.96698946986224,8.731799378029551,8.827066646569474,12335862,0.01248334815058838,BBDC4.SA,699,1436,48.2400016784668,47.08000183105469,-1.0
2016-11-29,8.651412963867188,8.913397118720237,8.651412963867188,8.850877511739762,18552881,-0.031656670293463085,BBDC4.SA,698,1435,46.380001068115234,45.22999954223633,1.0
2016-11-30,8.856837272644043,8.952103995238257,8.764547257898334,8.809203911346934,18859587,0.02374459636071169,BBDC4.SA,697,1434,50.470001220703125,49.439998626708984,1.0
2016-12-01,8.362638473510742,8.722865570863,8.291188724674745,8.678209477840504,40935234,-0.055798563744613894,BBDC4.SA,696,1433,50.459999084472656,51.060001373291016,1.0
2016-12-02,8.496376991271973,8.555958403233015,8.174634182066772,8.26996564916207,23903704,0.015992383048108127,BBDC4.SA,695,1432,54.459999084472656,51.68000030517578,1.0
2016-12-05,8.451698303222656,8.555966559896143,8.362325276471593,8.535113347819184,13405949,-0.005258557629353455,BBDC4.SA,692,1429,54.939998626708984,51.790000915527344,1.0
2016-12-06,8.633424758911133,8.678111555547687,8.317640661621605,8.36232690918588,21152438,0.021501767948719053,BBDC4.SA,691,1428,53.93000030517578,50.93000030517578,1.0
2016-12-07,8.579794883728027,8.758540839252309,8.499359697906785,8.675125840378895,22511837,-0.006211888871533899,BBDC4.SA,690,1427,53.0,49.77000045776367,1.0
2016-12-08,8.490425109863281,8.663213151701125,8.457655390001683,8.636401412976523,13693329,-0.010416306575608214,BBDC4.SA,689,1426,53.88999938964844,50.84000015258789,1.0
2016-12-09,8.603632926940918,8.660235681224233,8.50234338311758,8.654277698852587,21613559,0.013333586435633649,BBDC4.SA,688,1425,54.33000183105469,51.5,1.0
2016-12-12,8.246138572692871,8.54106875837823,8.192514553158802,8.472549513406479,17890382,-0.041551558194516836,BBDC4.SA,685,1422,55.689998626708984,52.83000183105469,1.0
2016-12-13,8.278914451599121,8.46659783608299,8.192520652156684,8.192520652156684,22231608,0.00397469416955798,BBDC4.SA,684,1421,55.720001220703125,52.97999954223633,1.0
2016-12-14,8.180599212646484,8.356365972737313,8.180599212646484,8.293804699184134,25843853,-0.011875378049551744,BBDC4.SA,683,1420,53.900001525878906,51.040000915527344,1.0
2016-12-15,8.207406044006348,8.275925257800017,8.019723433717747,8.162719838954718,20723978,0.003276878705709363,BBDC4.SA,682,1419,54.02000045776367,50.900001525878906,1.0
2016-12-16,8.162723541259766,8.33253229561835,8.15378629619584,8.275929011450817,24946735,-0.005444168657795623,BBDC4.SA,681,1418,55.209999084472656,51.900001525878906,1.0
2016-12-19,7.983973979949951,8.243155618391183,7.954183542408603,8.177615667471047,18388223,-0.021898274565627096,BBDC4.SA,678,1415,54.91999816894531,52.119998931884766,1.0
2016-12-20,8.156767845153809,8.25805738982469,8.043562335639926,8.046542150458972,18498962,0.02164258872057845,BBDC4.SA,677,1414,55.349998474121094,52.22999954223633,1.0
2016-12-21,8.088244438171387,8.246137205886354,8.043558220193125,8.243157941663831,15881432,-0.008400803882524843,BBDC4.SA,676,1413,54.459999084472656,52.4900016784668,1.0
2016-12-22,8.052695274353027,8.12494395837768,7.953353541881492,8.103871402419115,20145547,-0.004395164375916916,BBDC4.SA,675,1412,55.04999923706055,52.95000076293945,1.0
2016-12-23,8.221278190612793,8.293526346374172,8.064739780018913,8.064739780018913,21059866,0.020934967798506454,BBDC4.SA,674,1411,55.15999984741211,53.02000045776367,1.0
2016-12-26,8.371789932250977,8.389851959067496,8.215251626730744,8.215251626730744,4191642,0.01830758407008304,BBDC4.SA,671,1408,55.15999984741211,53.02000045776367,1.0
2016-12-27,8.290514945983887,8.45307382323205,8.23632883851219,8.428991293744541,11211082,-0.00970819704326209,BBDC4.SA,670,1407,56.09000015258789,53.900001525878906,1.0
2016-12-28,8.588540077209473,8.609612082143503,8.314597909903373,8.332659945465723,13852383,0.035947722568180795,BBDC4.SA,669,1406,56.220001220703125,54.060001373291016,1.0
2016-12-29,8.73002815246582,8.73002815246582,8.465116949530078,8.62165536240878,13093446,0.016474054261189197,BBDC4.SA,668,1405,56.13999938964844,53.77000045776367,1.0
2017-01-02,8.669815063476562,8.669815063476562,8.579504374308515,8.660784050043038,5198726,-0.006897238810421258,BBDC4.SA,664,1401,56.130001068115234,53.720001220703125,1.0
2017-01-03,9.036999702453613,9.061098064818669,8.705642639551895,8.735766008906596,26106302,0.04235207282839215,BBDC4.SA,663,1400,55.470001220703125,52.33000183105469,1.0
2017-01-04,8.979767799377441,9.067125432035517,8.934583008415684,8.958681933727302,15809152,-0.006333064618850526,BBDC4.SA,662,1399,56.459999084472656,53.2599983215332,1.0
2017-01-05,9.079178810119629,9.148462556271866,8.907475975219471,8.985796683461283,17786601,0.011070554714018188,BBDC4.SA,661,1398,56.88999938964844,53.7599983215332,1.0
2017-01-06,9.136414527893066,9.136414527893066,9.009896483507426,9.085204697851692,10221778,0.006304063282644323,BBDC4.SA,660,1397,57.099998474121094,53.9900016784668,1.0
2017-01-09,9.148463249206543,9.184611100302794,9.015920203189784,9.073155041023252,13939737,0.0013187581711284757,BBDC4.SA,657,1394,54.939998626708984,51.959999084472656,1.0
2017-01-10,9.148463249206543,9.235820926154686,9.08821646058059,9.187623606293583,12783841,0.0,BBDC4.SA,656,1393,53.63999938964844,50.81999969482422,1.0
2017-01-11,9.217744827270508,9.235818748557211,9.082189862422064,9.202683411264314,10811031,0.007573029062555747,BBDC4.SA,655,1392,55.099998474121094,52.25,1.0
2017-01-12,9.43463134765625,9.534038458443941,9.398483509260037,9.44366886245341,31209751,0.023529238924480556,BBDC4.SA,654,1391,56.0099983215332,53.0099983215332,1.0
2017-01-13,9.359321594238281,9.515962941248192,9.30208789652083,9.434629763316734,17513909,-0.007982267737114856,BBDC4.SA,653,1390,55.45000076293945,52.369998931884766,1.0
2017-01-16,9.377399444580078,9.42559731483292,9.277992863978772,9.36836303790548,9275571,0.0019315342634369514,BBDC4.SA,650,1387,55.45000076293945,52.369998931884766,1.0
2017-01-17,9.645499229431152,9.68465958753992,9.335228870630395,9.356314192322838,15900758,0.028589993039704664,BBDC4.SA,649,1386,55.470001220703125,52.47999954223633,1.0
2017-01-18,9.549104690551758,9.666585766149655,9.494881801509152,9.645499333832342,12131585,-0.009993732474237071,BBDC4.SA,648,1385,53.91999816894531,51.08000183105469,1.0
2017-01-19,9.540064811706543,9.60031158764937,9.44668269763389,9.528015900676525,13241870,-0.0009466729225577897,BBDC4.SA,647,1384,54.15999984741211,51.369998931884766,1.0
2017-01-20,9.494888305664062,9.612369461738488,9.413556137179572,9.591284125374019,20708903,-0.004735450642541217,BBDC4.SA,646,1383,55.4900016784668,52.41999816894531,1.0
2017-01-23,9.711766242980957,9.753937975967967,9.455716678098433,9.467766696434223,20906996,0.022841546981391847,BBDC4.SA,643,1380,55.22999954223633,52.75,-1.0
2017-01-24,9.675615310668945,9.753935972177512,9.567171830301326,9.699714231993703,13328258,-0.003722384930561873,BBDC4.SA,642,1379,55.439998626708984,53.18000030517578,1.0
2017-01-26,9.892509460449219,9.967817664267333,9.723819128312506,9.841300192763933,19825120,0.02241657432795119,BBDC4.SA,640,1377,56.2400016784668,53.779998779296875,-1.0
2017-01-27,9.922629356384277,9.979863612330734,9.808160844491367,9.853345082093671,11795697,0.003044717425389365,BBDC4.SA,639,1376,55.52000045776367,53.16999816894531,-1.0
2017-01-30,9.747917175292969,9.901544964335729,9.624411110474757,9.838286789552368,14959962,-0.01760744806807657,BBDC4.SA,636,1373,55.22999954223633,52.630001068115234,-1.0
2017-01-31,9.850333213806152,9.886481046306631,9.648505409820402,9.762975026599966,11291672,0.010506453498883461,BBDC4.SA,635,1372,55.70000076293945,52.810001373291016,-1.0
2017-02-01,9.76900577545166,10.073252281404958,9.759969366187914,9.940709765827782,26636611,-0.008256313425063055,BBDC4.SA,634,1371,55.65999984741211,53.880001068115234,-1.0
2017-02-02,9.403977394104004,9.473302176497096,9.256287253730719,9.349723941173734,50476346,-0.0373659704721363,BBDC4.SA,633,1370,56.560001373291016,53.540000915527344,1.0
2017-02-03,9.63304615020752,9.702369798309132,9.337664857465363,9.343692276184031,25759592,0.02435870977817678,BBDC4.SA,632,1369,56.810001373291016,53.83000183105469,1.0
2017-02-06,9.434122085571289,9.711419085452468,9.382881770414267,9.663193037192407,23888823,-0.020650172493146934,BBDC4.SA,629,1366,55.720001220703125,53.0099983215332,1.0
2017-02-07,9.419045448303223,9.602904493363793,9.316565998817463,9.575778331853826,20375914,-0.0015980964769498618,BBDC4.SA,628,1365,55.04999923706055,52.16999816894531,1.0
2017-02-08,9.593864440917969,9.593864440917969,9.34369374883871,9.431103000007626,14294564,0.018560160217321986,BBDC4.SA,627,1364,55.119998931884766,52.34000015258789,1.0
2017-02-09,9.65113353729248,9.70840125417225,9.50344229088499,9.596880086203003,18701306,0.0059693460051675196,BBDC4.SA,626,1363,55.630001068115234,53.0,1.0
2017-02-10,9.795806884765625,9.856088845077851,9.627016951473458,9.6420871637903,22402451,0.01499029589779477,BBDC4.SA,625,1362,56.70000076293945,53.86000061035156,-1.0
2017-02-13,9.822936058044434,9.86814781990913,9.66017460416768,9.856091868566297,17255519,0.0027694679568459613,BBDC4.SA,622,1359,55.59000015258789,52.93000030517578,-1.0
2017-02-14,9.762657165527344,9.816910630289117,9.660177658058082,9.810882097189296,15699187,-0.006136545342542932,BBDC4.SA,621,1358,55.970001220703125,53.20000076293945,-1.0
2017-02-15,9.973639488220215,10.01282271511421,9.807864895769892,9.810878050031285,24390143,0.021611157609617404,BBDC4.SA,620,1357,55.75,53.11000061035156,-1.0
2017-02-16,9.9404878616333,10.112291037750628,9.871163071311656,9.943502127870602,20673537,-0.00332392469429732,BBDC4.SA,619,1356,55.650001525878906,53.36000061035156,-1.0
2017-02-17,9.919390678405762,9.949531123456566,9.762657697632138,9.862122943972754,10117417,-0.002122348874743496,BBDC4.SA,618,1355,55.810001373291016,53.400001525878906,-1.0
2017-02-20,9.958571434020996,10.003783201340154,9.895275181983237,9.952544013145012,7602702,0.003949915562911466,BBDC4.SA,615,1352,55.810001373291016,53.400001525878906,-1.0
2017-02-21,10.238885879516602,10.262998903847585,9.985701901655471,9.985701901655471,16403237,0.02814805791702013,BBDC4.SA,614,1351,56.65999984741211,54.060001373291016,-1.0
2017-02-22,10.305191040039062,10.353415952485145,10.160514080610618,10.223810319800881,19062125,0.006475817906624659,BBDC4.SA,613,1350,55.84000015258789,53.59000015258789,-1.0
2017-02-23,10.148457527160645,10.407669916548235,10.045979166441612,10.365473532687831,24054641,-0.015209180719644722,BBDC4.SA,612,1349,56.58000183105469,54.45000076293945,-1.0
2017-02-24,10.073105812072754,10.19065550587102,9.94651443239127,10.000767880826192,12713108,-0.007424942646330646,BBDC4.SA,611,1348,55.9900016784668,53.9900016784668,-1.0
2017-03-01,9.982684135437012,10.151473024495852,9.955556853693052,10.106262369649636,10137129,-0.008976543910356849,BBDC4.SA,606,1343,55.599998474121094,53.83000183105469,-1.0
2017-03-02,9.952205657958984,10.018552999025331,9.846651553970354,9.964268507694431,18873309,-0.0030531345141767696,BBDC4.SA,605,1342,55.08000183105469,52.61000061035156,-1.0
2017-03-03,10.187438011169434,10.214579696853573,9.97029896729254,9.979345825293668,13436484,0.0236362029981092,BBDC4.SA,604,1341,55.900001525878906,53.33000183105469,-1.0
2017-03-06,10.087919235229492,10.247757858959947,10.03061874335948,10.172361421748862,9644313,-0.00976877364366091,BBDC4.SA,601,1338,56.0099983215332,53.20000076293945,-1.0
2017-03-07,9.952205657958984,10.130139083722149,9.934110827515351,10.130139083722149,18266275,-0.01345307928284778,BBDC4.SA,600,1337,55.91999816894531,53.13999938964844,-1.0
2017-03-08,9.783317565917969,9.952204105962773,9.695859417692555,9.952204105962773,13215587,-0.01696991580011742,BBDC4.SA,599,1336,53.11000061035156,50.279998779296875,-1.0
2017-03-09,9.695866584777832,9.837610432325107,9.62951809333314,9.680787735893631,20693056,-0.008938785902727786,BBDC4.SA,598,1335,52.189998626708984,49.279998779296875,-1.0
2017-03-10,9.64157772064209,9.952208129027303,9.581262345308017,9.780305529609105,22677269,-0.005599176067559997,BBDC4.SA,597,1334,51.369998931884766,48.4900016784668,1.0
2017-03-13,9.76220989227295,9.834589226069617,9.6506249007229,9.659671761606928,11704478,0.01251166304168172,BBDC4.SA,594,1331,51.349998474121094,48.400001525878906,-1.0
2017-03-14,9.680782318115234,9.84061980552642,9.665702365988842,9.692845168135396,12045777,-0.008341100535255497,BBDC4.SA,593,1330,50.91999816894531,47.720001220703125,-1.0
2017-03-15,9.852683067321777,9.928078375874067,9.5993543414465,9.729034138754733,19100197,0.017756906782716575,BBDC4.SA,592,1329,51.810001373291016,48.86000061035156,-1.0
2017-03-16,9.807446479797363,9.90395261840212,9.632529034096182,9.861732086003345,13849290,-0.004591296321552196,BBDC4.SA,591,1328,51.7400016784668,48.75,-1.0
2017-03-17,9.505866050720215,9.919033492948545,9.49983518010167,9.916018613479881,31875342,-0.03075014782883423,BBDC4.SA,590,1327,51.7599983215332,48.779998779296875,1.0
2017-03-20,9.674753189086914,9.719989723757584,9.385233586451966,9.469676896527265,21741305,0.017766622995271764,BBDC4.SA,587,1324,51.619998931884766,48.220001220703125,1.0
2017-03-21,9.388248443603516,9.680784002212526,9.303805699570098,9.680784002212526,24866725,-0.029613649039292755,BBDC4.SA,586,1323,50.959999084472656,47.34000015258789,1.0
2017-03-22,9.424437522888184,9.572212159323819,9.300788586336896,9.349041097786532,15341460,0.0038547210911663576,BBDC4.SA,585,1322,50.63999938964844,48.040000915527344,1.0
2017-03-23,9.433484077453613,9.517927359361728,9.291740314730964,9.318883115824548,13128426,0.0009599039246066532,BBDC4.SA,584,1321,50.560001373291016,47.70000076293945,1.0
2017-03-24,9.569195747375488,9.599354538423782,9.40935715635795,9.469673626773641,11653070,0.014386166214689577,BBDC4.SA,583,1320,50.79999923706055,47.970001220703125,1.0
2017-03-27,9.650625228881836,9.662689192712245,9.427454126511938,9.517929408515398,8985099,0.008509542876545373,BBDC4.SA,580,1317,50.75,47.72999954223633,1.0
2017-03-28,9.704912185668945,9.732054999471249,9.418409647450973,9.63554882282512,16014009,0.005625226915313419,BBDC4.SA,579,1316,51.33000183105469,48.369998931884766,-1.0
2017-03-29,9.906968116760254,9.97633256049702,9.626496574793348,9.629512565175068,18390156,0.020819964902895283,BBDC4.SA,578,1315,52.41999816894531,49.5099983215332,-1.0
2017-03-30,9.843639373779297,10.009510014010319,9.75316518654142,10.00649402248883,18144134,-0.00639234347325901,BBDC4.SA,577,1314,52.959999084472656,50.349998474121094,-1.0
2017-03-31,9.765223503112793,9.9069672569859,9.713955006115679,9.798397171070876,13043005,-0.007966146227926796,BBDC4.SA,576,1313,52.83000183105469,50.599998474121094,-1.0
2017-04-03,9.813481330871582,9.876812703831877,9.710943181215825,9.741101983670491,10093452,0.004941804736307898,BBDC4.SA,573,1310,53.119998931884766,50.2400016784668,-1.0
2017-04-04,9.88859748840332,9.927825975026549,9.746772277018135,9.776947522576728,11639349,0.007654384310635587,BBDC4.SA,572,1309,54.16999816894531,51.029998779296875,-1.0
2017-04-05,9.686421394348145,9.936879955503661,9.592875679033142,9.936879955503661,16092473,-0.020445376029540552,BBDC4.SA,571,1308,54.36000061035156,51.150001525878906,-1.0
2017-04-06,9.583823204040527,9.70452641556096,9.463119992520095,9.61098070361912,17316590,-0.010591960243179321,BBDC4.SA,570,1307,54.88999938964844,51.70000076293945,1.0
2017-04-07,9.60494327545166,9.740734067263787,9.541573942651837,9.562697053585111,11775404,0.00220372089107701,BBDC4.SA,569,1306,55.2400016784668,52.2400016784668,1.0
2017-04-10,9.665299415588379,9.722634401965967,9.529508544174988,9.60494890591911,34252842,0.006283862216133862,BBDC4.SA,566,1303,55.97999954223633,53.08000183105469,1.0
2017-04-11,9.689436912536621,9.773929376375385,9.457083749308401,9.701507900129805,21709610,0.0024973356654955925,BBDC4.SA,565,1302,56.22999954223633,53.400001525878906,-1.0
2017-04-12,9.592876434326172,9.728668397121078,9.55063019421157,9.671333419587977,25369204,-0.009965540730805023,BBDC4.SA,564,1301,55.86000061035156,53.11000061035156,1.0
2017-04-13,9.300168991088867,9.59287372954865,9.300168991088867,9.547610867041124,24990992,-0.030513000479179597,BBDC4.SA,563,1300,55.88999938964844,53.18000030517578,1.0
2017-04-17,9.716595649719238,9.761859629130521,9.354486039085762,9.384662396136083,25084530,0.04477624643480982,BBDC4.SA,559,1296,55.36000061035156,52.650001525878906,-1.0
2017-04-18,9.659260749816895,9.846349916439173,9.565716166505757,9.671330623934105,18618977,-0.005900718931738269,BBDC4.SA,558,1295,54.88999938964844,52.40999984741211,1.0
2017-04-19,9.562704086303711,9.773934238653753,9.499334706900019,9.746776727715696,13631872,-0.009996278805809666,BBDC4.SA,557,1294,52.93000030517578,50.439998626708984,1.0
2017-04-20,9.39673137664795,9.65322538167032,9.324309906349775,9.629084520794832,23396007,-0.017356252808604422,BBDC4.SA,556,1293,52.9900016784668,50.27000045776367,1.0
2017-04-24,9.568737030029297,9.704529013589413,9.505368772495764,9.592877901261902,25987833,0.018304838830319525,BBDC4.SA,552,1289,51.599998474121094,49.22999954223633,1.0
2017-04-25,9.656246185302734,9.686422549032423,9.460103714210002,9.505367703640214,15305513,0.00914531928286988,BBDC4.SA,551,1288,52.099998474121094,49.560001373291016,1.0
2017-04-26,9.819196701049805,9.918775708654483,9.565720335490713,9.595895590099023,32025120,0.016875140983365622,BBDC4.SA,550,1287,51.81999969482422,49.619998931884766,-1.0
2017-04-27,10.105868339538574,10.18734310254548,9.936884428644667,9.958007556547532,42093642,0.029195019431489833,BBDC4.SA,549,1286,51.439998626708984,48.970001220703125,-1.0
2017-04-28,10.081721305847168,10.102844420849566,9.958001474922641,10.078704671413966,20841867,-0.0023894071127893435,BBDC4.SA,548,1285,51.72999954223633,49.33000183105469,-1.0
2017-05-02,10.352999687194824,10.449259441411492,10.170435514508831,10.250099334719875,21791254,0.026907942911526428,BBDC4.SA,544,1281,50.459999084472656,47.65999984741211,-1.0
2017-05-03,10.346014976501465,10.392512987292768,10.179946836229595,10.339372562531997,21376797,-0.0006746557427214084,BBDC4.SA,543,1280,50.790000915527344,47.81999969482422,-1.0
2017-05-04,10.19322681427002,10.365937267478017,10.153370127758802,10.289545099497452,20653121,-0.014767827282143653,BBDC4.SA,542,1279,48.380001068115234,45.52000045776367,-1.0
2017-05-05,10.206511497497559,10.282902551448819,10.153369991531841,10.209833815499227,10338068,0.0013032853550301038,BBDC4.SA,541,1278,49.099998474121094,46.220001220703125,-1.0
2017-05-08,10.199869155883789,10.322759306630008,10.133442829483494,10.193226745844633,11538923,-0.0006507945065655774,BBDC4.SA,538,1275,49.34000015258789,46.43000030517578,-1.0
2017-05-09,10.289545059204102,10.372579636943252,10.21315400452705,10.29950978729507,11304901,0.008791868008285464,BBDC4.SA,537,1274,48.72999954223633,45.880001068115234,-1.0
2017-05-10,10.442331314086914,10.492151629996817,10.369261443218742,10.395832204170377,14828053,0.014848689033743367,BBDC4.SA,536,1273,50.220001220703125,47.33000183105469,-1.0
2017-05-11,10.5054349899292,10.525363336116879,10.39583075540377,10.429043923713545,13937646,0.006043063942738236,BBDC4.SA,535,1272,50.77000045776367,47.83000183105469,-1.0
2017-05-12,10.611720085144043,10.688112279238643,10.558578560299345,10.568543291835695,18794827,0.010117153198961448,BBDC4.SA,534,1271,50.84000015258789,47.84000015258789,-1.0
2017-05-15,10.628323554992676,10.67814385643809,10.502112198864582,10.67814385643809,16892258,0.0015646351124429803,BBDC4.SA,531,1268,51.81999969482422,48.849998474121094,-1.0
2017-05-16,10.644929885864258,10.678143046640963,10.535324563193853,10.668179432309236,11598131,0.0015624600423254087,BBDC4.SA,530,1267,51.650001525878906,48.65999984741211,-1.0
2017-05-17,10.435687065124512,10.62168349188724,10.306154475345961,10.545292420325293,17191110,-0.019656571060896022,BBDC4.SA,529,1266,52.209999084472656,49.06999969482422,-1.0
2017-05-18,9.067286491394043,9.499061402600946,8.4827289522343,8.4827289522343,90429550,-0.13112702260913778,BBDC4.SA,528,1265,52.5099983215332,49.349998474121094,1.0
2017-05-19,9.216753005981445,9.495746016683743,9.210110036999245,9.362892202063602,42561914,0.01648415043786966,BBDC4.SA,527,1264,53.61000061035156,50.33000183105469,1.0
2017-05-22,8.954361915588379,9.14700014857202,8.78829443498164,9.09053743889664,36396003,-0.02846892937488732,BBDC4.SA,524,1261,53.869998931884766,50.72999954223633,1.0
2017-05-23,9.014151573181152,9.166933765506089,8.954367067683682,8.98425959868366,25250278,0.006677154459067358,BBDC4.SA,523,1260,54.150001525878906,51.470001220703125,1.0
2017-05-24,9.11711311340332,9.359572333619791,9.100506523327763,9.170255203349546,20439480,0.011422210885436934,BBDC4.SA,522,1259,53.959999084472656,51.36000061035156,1.0
2017-05-25,9.054008483886719,9.24996805097349,8.92115463442154,9.190184096965426,19232124,-0.006921558253327964,BBDC4.SA,521,1258,51.459999084472656,48.900001525878906,1.0
2017-05-26,9.263248443603516,9.326354123423899,9.067288993899274,9.130394117217458,16851673,0.02311020141953457,BBDC4.SA,520,1257,52.150001525878906,49.79999923706055,1.0
2017-05-29,9.263248443603516,9.263248443603516,9.263248443603516,9.263248443603516,0,0.0,BBDC4.SA,517,1254,52.150001525878906,49.79999923706055,1.0
2017-05-30,9.316390037536621,9.326354209495419,9.166929127661279,9.166929127661279,11403113,0.005736820539429699,BBDC4.SA,516,1253,51.84000015258789,49.65999984741211,1.0
2017-05-31,9.140362739562988,9.356249511968574,9.140362739562988,9.296465568302787,19832991,-0.01889436758920593,BBDC4.SA,515,1252,50.310001373291016,48.31999969482422,1.0
2017-06-01,9.090540885925293,9.223395254688832,9.014149804749529,9.186860317191417,12689530,-0.0054507523450954,BBDC4.SA,514,1251,50.33000183105469,48.36000061035156,1.0
2017-06-02,8.963886260986328,9.183247033593291,8.890765817821505,9.159981387414712,23255295,-0.013932573047997776,BBDC4.SA,513,1250,49.95000076293945,47.65999984741211,1.0
2017-06-05,8.957240104675293,9.040331631693148,8.857530495008904,8.890767217193565,9915178,-0.0007414369300915435,BBDC4.SA,510,1247,49.470001220703125,47.400001525878906,1.0
2017-06-06,9.07689094543457,9.153334902256326,8.947268680717258,8.957239752669567,11464605,0.013358003063558055,BBDC4.SA,509,1246,50.119998931884766,48.189998626708984,1.0
2017-06-07,9.223132133483887,9.239750214988481,9.12009902575781,9.223132133483887,11706357,0.01611137436027832,BBDC4.SA,508,1245,48.060001373291016,45.720001220703125,1.0
2017-06-08,9.083541870117188,9.173280437084898,8.993803303149479,9.173280437084898,13345212,-0.015134800341841226,BBDC4.SA,507,1244,47.86000061035156,45.63999938964844,1.0
2017-06-09,8.897417068481445,9.140044159814913,8.890770056054649,9.140044159814913,14258284,-0.020490333429083574,BBDC4.SA,506,1243,48.150001525878906,45.83000183105469,1.0
2017-06-12,8.754496574401855,8.910707984827678,8.618227306828818,8.887442894016152,29742722,-0.01606314427879041,BBDC4.SA,503,1240,48.290000915527344,46.08000183105469,1.0
2017-06-13,8.684698104858398,8.857528122913644,8.674727592071992,8.787731748971584,28608455,-0.00797287073565689,BBDC4.SA,502,1239,48.720001220703125,46.459999084472656,1.0
2017-06-14,9.020389556884766,9.066920856926243,8.814323325651241,8.814323325651241,44258571,0.0386532091240539,BBDC4.SA,501,1238,47.0,44.72999954223633,1.0
2017-06-15,9.020389556884766,9.020389556884766,9.020389556884766,9.020389556884766,0,0.0,BBDC4.SA,500,1237,46.91999816894531,44.459999084472656,1.0
2017-06-16,8.977184295654297,9.000449393910335,8.874151157349988,8.96388971512754,24328949,-0.004789733409849561,BBDC4.SA,499,1236,47.369998931884766,44.7400016784668,1.0
2017-06-19,9.000446319580078,9.103479979578351,8.927326430102713,8.9505920772995,8123295,0.0025912383170123565,BBDC4.SA,496,1233,46.90999984741211,44.20000076293945,1.0
2017-06-20,8.791059494018555,9.020391422709016,8.774441407803913,8.940623940613477,17963452,-0.023264049151208388,BBDC4.SA,495,1232,46.02000045776367,43.22999954223633,1.0
2017-06-21,8.741206169128418,8.904064656581765,8.684703222054818,8.850885772616348,14099458,-0.005670912012830431,BBDC4.SA,494,1231,44.81999969482422,42.529998779296875,1.0
2017-06-22,8.850886344909668,8.864181484426506,8.688027846925982,8.757824823394253,9682737,0.012547487573123517,BBDC4.SA,493,1230,45.220001220703125,42.7400016784668,1.0
2017-06-23,8.7777681350708,8.904066973183703,8.751178964614182,8.817652447643647,6094755,-0.008261117247417737,BBDC4.SA,492,1229,45.540000915527344,43.0099983215332,1.0
2017-06-26,9.173279762268066,9.19654541808297,8.857532769539528,8.874151413343165,25899987,0.04505833614094157,BBDC4.SA,489,1226,45.83000183105469,43.380001068115234,1.0
2017-06-27,9.070243835449219,9.216484737438188,9.020389033124577,9.15333480139858,24657493,-0.011232179709885215,BBDC4.SA,488,1225,46.650001525878906,44.2400016784668,1.0
2017-06-28,9.146688461303711,9.176601120312975,8.97385784663743,9.130069822398498,13164777,0.008428067342106438,BBDC4.SA,487,1224,47.310001373291016,44.7400016784668,1.0
2017-06-29,9.189900398254395,9.236431719971241,9.023717822407187,9.203194982046657,11493770,0.004724325873073809,BBDC4.SA,486,1223,47.41999816894531,44.93000030517578,1.0
2017-06-30,9.35607624053955,9.385988891541615,9.186569176273972,9.243071531029164,14842635,0.018082442146676758,BBDC4.SA,485,1222,47.91999816894531,46.040000915527344,1.0
2017-07-03,9.436188697814941,9.486381226675237,9.339149659175696,9.409419423844122,12965191,0.008562612703845396,BBDC4.SA,482,1219,49.68000030517578,47.06999969482422,1.0
2017-07-04,9.44923210144043,9.482717042023987,9.37221853341709,9.37556736409773,5349821,0.00138227456478357,BBDC4.SA,481,1218,49.68000030517578,47.06999969482422,1.0
2017-07-05,9.4525785446167,9.496108285719757,9.295203169335258,9.472669280669962,13830649,0.0003541497489261136,BBDC4.SA,480,1217,47.790000915527344,45.130001068115234,1.0
2017-07-06,9.31529712677002,9.472672556474448,9.29520638376905,9.43584046270138,14871097,-0.01452317134406278,BBDC4.SA,479,1216,48.11000061035156,45.52000045776367,1.0
2017-07-07,9.325338363647461,9.402352474946923,9.18470546068186,9.355474466600382,21390325,0.001077929854602866,BBDC4.SA,478,1215,46.709999084472656,44.22999954223633,1.0
2017-07-10,9.429137229919434,9.46931756532832,9.311942247323408,9.362168508139755,21645430,0.011130841823027815,BBDC4.SA,475,1212,46.880001068115234,44.400001525878906,1.0
2017-07-11,9.593212127685547,9.61665113164263,9.38226221414581,9.429140222059974,11721994,0.017400838885395675,BBDC4.SA,474,1211,47.52000045776367,45.040000915527344,1.0
2017-07-12,9.84769058227539,9.874477851814099,9.633391303891845,9.71040596614874,29220214,0.026526928749488476,BBDC4.SA,473,1210,47.7400016784668,45.4900016784668,1.0
2017-07-13,9.9347505569458,10.005067571793818,9.851040466169048,9.871131202136205,24366723,0.008840648875291457,BBDC4.SA,472,1209,48.41999816894531,46.08000183105469,1.0
2017-07-14,9.944798469543457,10.01511549841682,9.894572180644522,10.005069567392466,17851712,0.0010113905266229128,BBDC4.SA,471,1208,48.90999984741211,46.540000915527344,1.0
2017-07-17,9.877830505371094,9.9381027301456,9.810861740757543,9.9381027301456,12200755,-0.006733968956480818,BBDC4.SA,468,1205,48.41999816894531,46.02000045776367,1.0
2017-07-18,10.001716613769531,10.001716613769531,9.770676017449501,9.86778028012178,13595574,0.012541833789420975,BBDC4.SA,467,1204,48.84000015258789,46.400001525878906,1.0
2017-07-19,9.877830505371094,10.041903585948262,9.827604212429524,10.001722102765259,20218811,-0.01238648455884872,BBDC4.SA,466,1203,49.70000076293945,47.119998931884766,1.0
2017-07-20,9.844344139099121,10.001719517077513,9.840994747971129,9.881176220766244,16250455,-0.0033900527300771977,BBDC4.SA,465,1202,49.29999923706055,46.790000915527344,1.0
2017-07-21,9.804163932800293,9.891223427744647,9.750589376868795,9.84434541078603,11725859,-0.004081552384911369,BBDC4.SA,464,1201,48.060001373291016,45.77000045776367,1.0
2017-07-24,9.8878755569458,9.904618029027231,9.784074698604604,9.871134206938766,10448754,0.00853837458444029,BBDC4.SA,461,1198,48.599998474121094,46.34000015258789,1.0
2017-07-25,10.048599243164062,10.068688860916614,9.911314578150272,9.928055926277398,29064024,0.016254622673255614,BBDC4.SA,460,1197,50.20000076293945,47.88999938964844,1.0
2017-07-26,9.96153450012207,10.142348819220988,9.918005895833927,10.05194222070837,25062815,-0.008664366140506696,BBDC4.SA,459,1196,50.970001220703125,48.75,1.0
2017-07-27,9.948141098022461,10.055290154360673,9.854385112689704,10.045245351106582,16651209,-0.0013445119423564078,BBDC4.SA,458,1195,51.4900016784668,49.040000915527344,1.0
2017-07-28,9.96153450012207,9.981625229371657,9.861081975947819,9.891218630859038,9378438,0.001346322088482621,BBDC4.SA,457,1194,52.52000045776367,49.709999084472656,1.0
2017-07-31,10.108871459960938,10.112219729957127,9.921360485653478,9.991676399722278,16801250,0.014790588722757736,BBDC4.SA,454,1191,52.650001525878906,50.16999816894531,1.0
2017-08-01,10.232757568359375,10.269589640624416,10.085427035151627,10.108866034619851,19170105,0.012255186831598763,BBDC4.SA,453,1190,52.630001068115234,49.15999984741211,1.0
2017-08-02,10.373129844665527,10.420036946794946,10.192203252716626,10.215656803781336,22867895,0.013717932372422803,BBDC4.SA,452,1189,52.36000061035156,49.59000015258789,1.0
2017-08-03,10.369776725769043,10.43678701415113,10.31281859816783,10.32622110495229,11301914,-0.00032325045060621616,BBDC4.SA,451,1188,52.0099983215332,49.029998779296875,1.0
2017-08-04,10.379825592041016,10.423382326514636,10.336269980337267,10.369774556133198,12293344,0.0009690532918611439,BBDC4.SA,450,1187,52.41999816894531,49.58000183105469,1.0
2017-08-07,10.50043773651123,10.527241606640658,10.359717699024046,10.386521569153473,13046536,0.011619862337831188,BBDC4.SA,447,1184,52.369998931884766,49.38999938964844,1.0
2017-08-08,10.611011505126953,10.751731633084294,10.456888872103693,10.480342413891577,23748990,0.010530396102559125,BBDC4.SA,446,1183,52.13999938964844,49.16999816894531,1.0
2017-08-09,10.617715835571289,10.617715835571289,10.480346006103465,10.537304145924,10366355,0.0006318276482026874,BBDC4.SA,445,1182,52.70000076293945,49.560001373291016,1.0
2017-08-10,10.517193794250488,10.651213185902574,10.420029314264132,10.651213185902574,11211082,-0.009467388549242672,BBDC4.SA,444,1181,51.900001525878906,48.59000015258789,1.0
2017-08-11,10.611011505126953,10.65121677478478,10.443486367037774,10.490393450613544,14456816,0.00892041286980505,BBDC4.SA,443,1180,52.099998474121094,48.81999969482422,1.0
2017-08-14,10.822092056274414,10.865648793462487,10.570804915220064,10.587556642777058,18590321,0.019892594692360044,BBDC4.SA,440,1177,50.72999954223633,47.59000015258789,1.0
2017-08-15,10.848896026611328,10.96951407979949,10.825442485081131,10.872349568141525,12444967,0.002476782695761015,BBDC4.SA,439,1176,50.79999923706055,47.54999923706055,1.0
2017-08-16,10.848896026611328,10.952761229343649,10.72492762788599,10.902503800746077,23259688,0.0,BBDC4.SA,438,1175,50.27000045776367,46.779998779296875,1.0
2017-08-17,10.75843334197998,10.855597863897268,10.718228068518734,10.788587577768432,11509231,-0.008338423044100596,BBDC4.SA,437,1174,51.029998779296875,47.09000015258789,1.0
2017-08-18,10.979569435119629,11.00637333273006,10.748385397190763,10.771838947946188,16628896,0.020554674282989183,BBDC4.SA,436,1173,52.720001220703125,48.5099983215332,1.0
2017-08-21,10.976215362548828,11.056627028085558,10.905854734165436,11.003019251061072,11117965,-0.00030548306931532654,BBDC4.SA,433,1170,51.65999984741211,47.369998931884766,1.0
2017-08-22,11.224148750305176,11.291159019237632,11.026470534078529,11.05662476212871,23973349,0.02258824007793292,BBDC4.SA,432,1169,51.869998931884766,47.63999938964844,1.0
2017-08-23,11.324668884277344,11.384977362580335,11.190649419842808,11.224152882488697,16114997,0.008955702228147677,BBDC4.SA,431,1168,52.56999969482422,48.40999984741211,1.0
2017-08-24,11.361525535583496,11.405082289156082,11.294516354609142,11.341422332183043,19674517,0.0032545456015338203,BBDC4.SA,430,1167,52.040000915527344,47.43000030517578,1.0
2017-08-25,11.371576309204102,11.411781588322057,11.301214544514666,11.371576309204102,12341660,0.0008846324016196228,BBDC4.SA,429,1166,52.40999984741211,47.869998931884766,1.0
2017-08-28,11.197349548339844,11.408431478473512,11.123639681300439,11.391678623544419,22816592,-0.015321249765807732,BBDC4.SA,426,1163,51.88999938964844,46.56999969482422,1.0
2017-08-29,11.388328552246094,11.388328552246094,11.090134239371546,11.173897393270414,13016141,0.017055732973395132,BBDC4.SA,425,1162,52.0,46.439998626708984,1.0
2017-08-30,11.274415969848633,11.401734792854457,11.190653911304725,11.388332279646695,11425075,-0.010002572535106058,BBDC4.SA,424,1161,50.86000061035156,45.959999084472656,1.0
2017-08-31,11.250959396362305,11.338071779152388,11.143743810537481,11.314618229406916,14205752,-0.002080513398570627,BBDC4.SA,423,1160,52.380001068115234,47.22999954223633,1.0
2017-09-01,11.485489845275879,11.606107899486407,11.311264016476215,11.311264016476215,14556433,0.020845373327842864,BBDC4.SA,422,1159,52.31999969482422,47.290000915527344,1.0
2017-09-04,11.48178768157959,11.485139880749097,11.367807292860599,11.454968964832382,7439853,-0.0003223339836752048,BBDC4.SA,419,1156,52.31999969482422,47.290000915527344,1.0
2017-09-05,11.317520141601562,11.699687633062029,11.186778779179686,11.662812325052146,31203426,-0.014306791288395293,BBDC4.SA,418,1155,53.380001068115234,48.65999984741211,1.0
2017-09-06,11.488483428955078,11.568939518612316,11.371150929419336,11.408027339297838,26445335,0.015106073169251832,BBDC4.SA,417,1154,54.20000076293945,49.15999984741211,1.0
2017-09-07,11.488483428955078,11.488483428955078,11.488483428955078,11.488483428955078,0,0.0,BBDC4.SA,416,1153,54.4900016784668,49.09000015258789,1.0
2017-09-08,11.397974014282227,11.542125265869759,11.371155307404399,11.535419746607253,14782197,-0.007878273510386502,BBDC4.SA,415,1152,53.779998779296875,47.47999954223633,1.0
2017-09-11,11.837135314941406,11.900830468890533,11.52536731366136,11.558891551904535,19469484,0.03852976854561074,BBDC4.SA,412,1149,53.84000015258789,48.06999969482422,1.0
2017-09-12,11.820368766784668,12.011451892091582,11.7700835564317,11.7700835564317,17319717,-0.001416436300730184,BBDC4.SA,411,1148,54.27000045776367,48.22999954223633,1.0
2017-09-13,11.870658874511719,11.971229336709133,11.786850530477565,11.843840159485147,17968723,0.004254529509127192,BBDC4.SA,410,1147,55.15999984741211,49.29999923706055,1.0
2017-09-14,11.780144691467285,11.92429598296677,11.766735896011168,11.803611206906528,14347887,-0.007625034465338909,BBDC4.SA,409,1146,55.470001220703125,49.88999938964844,1.0
2017-09-15,12.031564712524414,12.044974624541924,11.726501290573578,11.817015107367988,30785279,0.021342693798934498,BBDC4.SA,408,1145,55.619998931884766,49.88999938964844,-1.0
2017-09-18,12.135494232177734,12.20924598181814,11.97793413569687,11.97793413569687,16643303,0.008638071783392709,BBDC4.SA,405,1142,55.47999954223633,49.90999984741211,-1.0
2017-09-19,12.172365188598633,12.199185018315044,12.004748554910654,12.11872889933793,16197923,0.003038273985012774,BBDC4.SA,404,1141,55.13999938964844,49.47999954223633,-1.0
2017-09-20,12.101966857910156,12.256174701039134,11.863950697443444,12.185775175247894,16202316,-0.0057834553595562666,BBDC4.SA,403,1140,56.290000915527344,50.40999984741211,-1.0
2017-09-21,12.10531997680664,12.229356925002401,11.99133962303589,12.14890079942994,13241554,0.0002770722260152514,BBDC4.SA,402,1139,56.43000030517578,50.54999923706055,-1.0
2017-09-22,12.07515811920166,12.18578523434333,11.99134860929032,12.118738974484225,9299904,-0.002491620020186991,BBDC4.SA,401,1138,56.86000061035156,50.65999984741211,-1.0
2017-09-25,11.870658874511719,12.075151997860985,11.786850530477565,12.02151456780784,16666494,-0.016935533487114407,BBDC4.SA,398,1135,59.02000045776367,52.220001220703125,1.0
2017-09-26,11.857250213623047,12.031572441490798,11.83713589437077,11.934354167930785,12826745,-0.001129563323352012,BBDC4.SA,397,1134,58.439998626708984,51.880001068115234,1.0
2017-09-27,11.733210563659668,11.96787569611343,11.622583517924992,11.93099926527458,13946079,-0.010461080581808724,BBDC4.SA,396,1133,57.900001525878906,52.13999938964844,1.0
2017-09-28,11.585705757141113,11.733208079089286,11.522010627994042,11.733208079089286,15679281,-0.012571563914092643,BBDC4.SA,395,1132,57.40999984741211,51.560001373291016,1.0
2017-09-29,11.749968528747559,11.813663648880057,11.632636003972184,11.666160224416885,13329576,0.014178054841863963,BBDC4.SA,394,1131,57.540000915527344,51.66999816894531,1.0
2017-10-02,11.867300033569336,11.884062143937786,11.652750413127798,11.716445533815472,14325222,0.009985686730540122,BBDC4.SA,391,1128,56.119998931884766,50.58000183105469,1.0
2017-10-03,12.376773834228516,12.376773834228516,11.705946246095001,11.88036168876777,31477681,0.042930894071778525,BBDC4.SA,390,1127,56.0,50.41999816894531,-1.0
2017-10-04,12.296279907226562,12.373425124031447,12.21913469042168,12.353300040518787,17644747,-0.0065036275268555155,BBDC4.SA,389,1126,55.79999923706055,49.97999954223633,-1.0
2017-10-05,12.306340217590332,12.53442182297987,12.289569131137883,12.380130300400012,23437664,0.0008181588610272073,BBDC4.SA,388,1125,57.0,50.790000915527344,-1.0
2017-10-06,12.178882598876953,12.26944489837699,12.105092510978212,12.26944489837699,9453635,-0.010357069320348744,BBDC4.SA,387,1124,55.619998931884766,49.290000915527344,-1.0
2017-10-09,12.172173500061035,12.175528616469727,12.00446713527871,12.155403537978062,13474346,-0.0005508796690869566,BBDC4.SA,384,1121,55.790000915527344,49.58000183105469,-1.0
2017-10-10,12.450572967529297,12.507594236843655,12.266095431727566,12.302990489290865,17780733,0.022871795860194277,BBDC4.SA,383,1120,56.61000061035156,50.91999816894531,-1.0
2017-10-11,12.376773834228516,12.477398084847733,12.245962533221913,12.396898909150739,15744638,-0.005927368442660952,BBDC4.SA,382,1119,56.939998626708984,51.29999923706055,-1.0
2017-10-12,12.376773834228516,12.376773834228516,12.376773834228516,12.376773834228516,0,0.0,BBDC4.SA,381,1118,56.25,50.599998474121094,-1.0
2017-10-13,12.282864570617676,12.50759339072639,12.20572046674877,12.50759339072639,16488694,-0.007587539763482587,BBDC4.SA,380,1117,57.16999816894531,51.45000076293945,-1.0
2017-10-16,12.249321937561035,12.393549256348953,12.195654677648735,12.393549256348953,13063930,-0.002730847748405485,BBDC4.SA,377,1114,57.81999969482422,51.869998931884766,-1.0
2017-10-17,12.219135284423828,12.282863407320795,12.10844900571203,12.259385453405809,11486567,-0.00246435298958414,BBDC4.SA,376,1113,57.880001068115234,51.880001068115234,-1.0
2017-10-18,12.165471076965332,12.339886630311206,12.084971850188607,12.229200333992287,18147050,-0.004391817113843066,BBDC4.SA,375,1112,58.150001525878906,52.040000915527344,-1.0
2017-10-19,12.115159034729004,12.125222140666997,11.93403549176398,12.07490885896228,9418672,-0.004135642748071766,BBDC4.SA,374,1111,57.22999954223633,51.290000915527344,-1.0
2017-10-20,12.05478286743164,12.219136428167488,12.048074879970903,12.175533385680152,5760062,-0.00498352247166467,BBDC4.SA,373,1110,57.75,51.470001220703125,-1.0
2017-10-23,11.940732955932617,12.121856339267127,11.860233799338573,12.041357182673082,13025629,-0.009460967713251112,BBDC4.SA,370,1107,57.369998931884766,51.900001525878906,1.0
2017-10-24,12.101739883422852,12.125220085300459,11.930679475392559,12.027949780346509,12634363,0.013483839567004052,BBDC4.SA,369,1106,58.33000183105469,52.470001220703125,-1.0
2017-10-25,12.138636589050293,12.188948740431035,11.903846923937659,12.125220614811418,9771461,0.0030488761106146622,BBDC4.SA,368,1105,58.439998626708984,52.18000030517578,-1.0
2017-10-26,12.027942657470703,12.323106266959243,12.001109602062654,12.192294981346034,14582260,-0.00911914042137496,BBDC4.SA,367,1104,59.29999923706055,52.63999938964844,-1.0
2017-10-27,12.004465103149414,12.145339504751606,11.93402790234832,12.058131220714467,13736127,-0.0019519177127691467,BBDC4.SA,366,1103,60.439998626708984,53.900001525878906,1.0
2017-10-30,11.789804458618164,12.021241233270565,11.695889275446808,12.021241233270565,16746785,-0.017881733395595734,BBDC4.SA,363,1100,60.900001525878906,54.150001525878906,1.0
2017-10-31,11.632164001464844,11.860245736708686,11.494644611035325,11.799871589494312,23157611,-0.013370913631912451,BBDC4.SA,362,1099,61.369998931884766,54.380001068115234,1.0
2017-11-01,11.269915580749512,11.746204087145182,11.26991558074951,11.689183940856354,23069589,-0.03114196298038041,BBDC4.SA,361,1098,61.290000915527344,54.29999923706055,1.0
2017-11-02,11.269915580749512,11.26991558074951,11.26991558074951,11.26991558074951,0,0.0,BBDC4.SA,360,1097,60.619998931884766,54.540000915527344,1.0
2017-11-03,11.38365650177002,11.387012385037503,11.225923240443695,11.309823696008083,31975065,0.010092437712203584,BBDC4.SA,359,1096,62.06999969482422,55.63999938964844,1.0
2017-11-06,11.38365650177002,11.383656501770018,11.383656501770018,11.383656501770018,0,0.0,BBDC4.SA,356,1093,64.2699966430664,57.349998474121094,1.0
2017-11-07,10.99100399017334,11.306470590324526,10.917171166273397,11.306470590324526,25837968,-0.0344926528251821,BBDC4.SA,355,1092,63.689998626708984,57.20000076293945,1.0
2017-11-08,11.390373229980469,11.437356736178238,10.974224445987376,11.058126054441273,20572127,0.03633601081067672,BBDC4.SA,354,1091,63.4900016784668,56.810001373291016,1.0
2017-11-09,10.977580070495605,11.440712349721998,10.967512417540032,11.440712349721998,20734994,-0.03624052971314018,BBDC4.SA,353,1090,63.93000030517578,57.16999816894531,1.0
2017-11-10,10.987652778625488,11.06484151944216,10.796358307030054,11.037993310663602,16996795,0.000917570909544585,BBDC4.SA,352,1089,63.52000045776367,56.7400016784668,1.0
2017-11-13,11.04134464263916,11.04134464263916,11.04134464263916,11.04134464263916,14364402,0.004886563590553283,BBDC4.SA,349,1086,63.15999984741211,56.7599983215332,1.0
2017-11-14,10.806422233581543,11.135314645692937,10.786286927417525,11.04134538508968,15227225,-0.021276612284195973,BBDC4.SA,348,1085,62.209999084472656,55.70000076293945,1.0
2017-11-15,10.806422233581543,10.806422233581543,10.806422233581543,10.806422233581543,0,0.0,BBDC4.SA,347,1084,61.869998931884766,55.33000183105469,1.0
2017-11-16,11.088332176208496,11.199080880197037,10.796356684418564,10.839985438861591,14659037,0.026087259643705396,BBDC4.SA,346,1083,61.36000061035156,55.13999938964844,1.0
2017-11-17,11.282979965209961,11.350101030968728,11.03799026821156,11.0547696911816,12236420,0.017554289130975675,BBDC4.SA,345,1082,62.720001220703125,56.54999923706055,1.0
2017-11-20,11.282979965209961,11.282979965209961,11.282979965209961,11.282979965209961,0,0.0,BBDC4.SA,342,1079,62.220001220703125,56.09000015258789,1.0
2017-11-21,11.541398048400879,11.648792013184838,11.316544711056304,11.366884120831834,18544641,0.02290335390009779,BBDC4.SA,341,1078,62.56999969482422,56.83000183105469,1.0
2017-11-22,11.410508155822754,11.598446672850555,11.306471244450693,11.598446672850555,20363405,-0.011340904457953438,BBDC4.SA,340,1077,63.31999969482422,58.02000045776367,1.0
2017-11-23,11.32660961151123,11.400442452307264,11.22592856720994,11.400442452307264,4794634,-0.007352743906388626,BBDC4.SA,339,1076,63.31999969482422,58.02000045776367,1.0
2017-11-24,11.225932121276855,11.363529067225436,11.225932121276855,11.32661319745321,7420703,-0.008888581286677022,BBDC4.SA,338,1075,63.86000061035156,58.95000076293945,1.0
2017-11-27,11.209151268005371,11.235998351974159,11.0245685687079,11.148741955196078,12436358,-0.001494829390574992,BBDC4.SA,335,1072,63.84000015258789,58.11000061035156,1.0
2017-11-28,11.242707252502441,11.410509356850039,11.152094993363189,11.309828319166723,14475615,0.0029936240215484577,BBDC4.SA,334,1071,63.61000061035156,57.9900016784668,1.0
2017-11-29,11.027923583984375,11.356814956793611,10.974227171031,11.293050888146386,15736381,-0.0191042658760201,BBDC4.SA,333,1070,63.11000061035156,57.29999923706055,1.0
2017-11-30,10.957448959350586,11.051418264391964,10.80642734394551,10.950737187455246,29262908,-0.006390561568284547,BBDC4.SA,332,1069,63.56999969482422,57.400001525878906,1.0
2017-12-01,10.930596351623535,11.024565618877066,10.759439489359725,10.90374927483819,14198548,-0.0024506258552211557,BBDC4.SA,331,1068,63.4900016784668,58.36000061035156,1.0
2017-12-04,11.118290901184082,11.262684698704211,10.980613905495323,11.054489723392999,18126670,0.01717148301178173,BBDC4.SA,328,1065,62.45000076293945,57.470001220703125,1.0
2017-12-05,11.004120826721191,11.393646978711097,10.960466674899928,11.084712327965894,18589619,-0.010268671280289299,BBDC4.SA,327,1064,62.86000061035156,57.619998931884766,1.0
2017-12-06,11.118290901184082,11.16530288759905,10.795924923391594,10.886589932665386,13123313,0.010375210910593902,BBDC4.SA,326,1063,61.220001220703125,55.959999084472656,1.0
2017-12-07,11.037699699401855,11.101502004165589,10.745555383621058,10.906738376791088,26804977,-0.007248524300946579,BBDC4.SA,325,1062,62.20000076293945,56.689998626708984,1.0
2017-12-08,11.067925453186035,11.24925666872002,11.051136255170814,11.215678272689576,15995526,0.00273841059345159,BBDC4.SA,324,1061,63.400001525878906,57.36000061035156,1.0
2017-12-11,11.067925453186035,11.222392826614296,11.027630252668134,11.148518104784578,18095397,0.0,BBDC4.SA,321,1058,64.69000244140625,57.9900016784668,1.0
2017-12-12,11.2861909866333,11.2861909866333,10.873158863500397,11.014193701147288,18194663,0.019720546038231257,BBDC4.SA,320,1057,63.34000015258789,57.13999938964844,1.0
2017-12-13,11.09478759765625,11.480955932971652,10.980615453795432,11.397006588411195,29550691,-0.016959077620052443,BBDC4.SA,319,1056,62.439998626708984,56.599998474121094,1.0
2017-12-14,11.007472038269043,11.0712743083098,10.879868623467871,10.990681730304562,18741768,-0.007869962233945982,BBDC4.SA,318,1055,63.310001373291016,57.040000915527344,1.0
2017-12-15,10.963821411132812,11.121647655686282,10.916809434055669,11.00747555060169,23992850,-0.0039655451301146005,BBDC4.SA,317,1054,63.22999954223633,57.29999923706055,1.0
2017-12-18,11.051136016845703,11.182097384947014,10.970544492266537,11.051136016845703,20710924,0.007963884346404049,BBDC4.SA,314,1051,63.40999984741211,57.15999984741211,1.0
2017-12-19,10.980612754821777,11.034340412156999,10.86644176430464,11.030982574233647,13792349,-0.006381539591624241,BBDC4.SA,313,1050,63.79999923706055,57.459999084472656,1.0
2017-12-20,11.081351280212402,11.145152444907055,11.014191152651097,11.041054978619481,9314311,0.009174217107910332,BBDC4.SA,312,1049,64.55999755859375,58.09000015258789,1.0
2017-12-21,11.407073974609375,11.477590800998957,10.997399862926857,11.104855146263818,17920759,0.029393770322812873,BBDC4.SA,311,1048,64.9000015258789,58.36000061035156,1.0
2017-12-22,11.440653800964355,11.440653800964355,11.282828708328232,11.349988825000853,19216136,0.002943772121555943,BBDC4.SA,310,1047,65.25,58.470001220703125,1.0
2017-12-25,11.440653800964355,11.440653800964355,11.440653800964355,11.440653800964355,0,0.0,BBDC4.SA,307,1044,65.25,58.470001220703125,1.0
2017-12-26,11.464224815368652,11.59500854382767,11.395390849164789,11.491758171184964,8691658,0.0020602856108022927,BBDC4.SA,306,1043,67.0199966430664,59.970001220703125,1.0
2017-12-27,11.477996826171875,11.591571821811389,11.4711126193705,11.498645986596037,8025434,0.001201303273882015,BBDC4.SA,305,1042,66.44000244140625,59.63999938964844,1.0
2017-12-28,11.650071144104004,11.650071144104004,11.49519679312189,11.553705009417996,10960896,0.014991668018218052,BBDC4.SA,304,1041,66.72000122070312,59.84000015258789,1.0
2017-12-29,11.650071144104004,11.650071144104004,11.650071144104004,11.650071144104004,0,0.0,BBDC4.SA,303,1040,66.5999984741211,60.41999816894531,1.0
2018-01-02,11.908206939697266,11.977040939153538,11.708590301929526,11.718914882850937,14794320,0.02215744371002426,BBDC4.SA,299,1036,66.56999969482422,60.369998931884766,1.0
2018-01-03,11.962935447692871,12.062798977757035,11.832080066150395,11.900951744736245,9683264,0.004595864706815167,BBDC4.SA,298,1035,67.83999633789062,61.630001068115234,1.0
2018-01-04,12.15921401977539,12.2418604689952,11.980149790352957,11.980149790352957,16803885,0.016407224877266424,BBDC4.SA,297,1034,68.06999969482422,62.0099983215332,1.0
2018-01-05,12.228087425231934,12.228087425231934,12.028361554935971,12.128223913105028,11602172,0.005664297490325376,BBDC4.SA,296,1033,67.62000274658203,61.439998626708984,1.0
2018-01-08,12.224649429321289,12.255641288959236,12.062802153688848,12.21431919409476,11357609,-0.00028115565346309435,BBDC4.SA,293,1030,67.77999877929688,61.72999954223633,1.0
2018-01-09,12.111002922058105,12.224640038084837,12.038687869151335,12.224640038084837,9807303,-0.00929650440450247,BBDC4.SA,292,1029,68.81999969482422,62.959999084472656,1.0
2018-01-10,11.983598709106445,12.097235898087774,11.938832054192133,11.973267321225643,15648359,-0.010519707886422425,BBDC4.SA,291,1028,69.19999694824219,63.56999969482422,1.0
2018-01-11,12.224649429321289,12.224649429321289,11.990487045228068,12.045583941019608,11252369,0.02011505275386649,BBDC4.SA,290,1027,69.26000213623047,63.79999923706055,1.0
2018-01-12,12.224649429321289,12.238423076289996,12.09723742506897,12.176439357014102,8755435,0.0,BBDC4.SA,289,1026,69.87000274658203,64.30000305175781,1.0
2018-01-15,12.3107328414917,12.3107328414917,12.193652277241046,12.2418623286235,11004644,0.007041789841754964,BBDC4.SA,286,1023,69.87000274658203,64.30000305175781,1.0
2018-01-16,12.393377304077148,12.465692376218925,12.26940877382807,12.314175411909805,13154060,0.006713204132487327,BBDC4.SA,285,1022,69.1500015258789,63.72999954223633,1.0
2018-01-17,12.703298568725586,12.703298568725586,12.300402271497767,12.400265781756014,13036697,0.02500700632639341,BBDC4.SA,284,1021,69.37999725341797,63.970001220703125,1.0
2018-01-18,12.689521789550781,12.792829847762412,12.596546268096782,12.675748151094329,15550323,-0.0010845040837441644,BBDC4.SA,283,1020,69.30999755859375,63.95000076293945,1.0
2018-01-19,12.779060363769531,12.823827015264364,12.627543354062508,12.730850301230195,19189958,0.007056103114341239,BBDC4.SA,282,1019,68.61000061035156,63.369998931884766,1.0
2018-01-22,12.954678535461426,12.971895585541594,12.816935211073405,12.858258439181368,15453341,0.013742651391631,BBDC4.SA,279,1016,69.02999877929688,63.4900016784668,-1.0
2018-01-23,13.013223648071289,13.175070902697914,12.882368249060244,12.882368249060244,33601622,0.004519225424977069,BBDC4.SA,278,1015,69.95999908447266,64.47000122070312,-1.0
2018-01-24,13.70537281036377,13.70537281036377,13.130298010173217,13.130298010173217,36601035,0.05318814008049921,BBDC4.SA,277,1014,70.52999877929688,65.61000061035156,-1.0
2018-01-25,13.70537281036377,13.70537281036377,13.70537281036377,13.70537281036377,0,0.0,BBDC4.SA,276,1013,70.41999816894531,65.51000213623047,-1.0
2018-01-26,14.187475204467773,14.194362025299442,13.808682749357319,13.808682749357319,34145915,0.03517616053022987,BBDC4.SA,275,1012,70.5199966430664,66.13999938964844,-1.0
2018-01-29,13.774248123168945,14.091055743454985,13.71570783549826,14.084168922307367,21285261,-0.02912618879282336,BBDC4.SA,272,1009,69.45999908447266,65.55999755859375,-1.0
2018-01-30,13.911992073059082,13.911992073059082,13.557305737704679,13.708822745837368,21703232,0.010000106623492933,BBDC4.SA,271,1008,69.0199966430664,64.5,-1.0
2018-01-31,14.032512664794922,14.452627134568647,13.87410888615754,14.125488193669346,31883178,0.008663072197203858,BBDC4.SA,270,1007,69.05000305175781,64.7300033569336,-1.0
2018-02-01,13.660609245300293,13.94642498062152,13.588294170445034,13.915433135385788,42657314,-0.026502981210747012,BBDC4.SA,269,1006,69.08000183105469,65.80000305175781,-1.0
2018-02-02,13.236483573913574,13.532772166782298,13.14346362263618,13.484539086338131,34889093,-0.031047346701072787,BBDC4.SA,268,1005,68.58000183105469,65.44999694824219,-1.0
2018-02-05,13.022881507873535,13.525881511064565,13.022881507873535,13.160689490697969,19859520,-0.016137372501334513,BBDC4.SA,265,1002,67.62000274658203,64.1500015258789,-1.0
2018-02-06,13.332944869995117,13.401849410418233,12.754150424868653,12.802383487713968,56699497,0.02380912104084798,BBDC4.SA,264,1001,66.86000061035156,63.38999938964844,-1.0
2018-02-07,13.13313102722168,13.43286476019319,13.053891273880257,13.332953515869352,23766032,-0.014986474835210983,BBDC4.SA,263,1000,65.51000213623047,61.790000915527344,-1.0
2018-02-08,12.971210479736328,13.391525923614564,12.857518975903615,13.177923144530185,21307574,-0.012329165615551307,BBDC4.SA,262,999,64.80999755859375,61.150001525878906,-1.0
2018-02-09,12.823051452636719,13.057325461582165,12.616339023890239,12.93674398115235,23947170,-0.011422143471579882,BBDC4.SA,261,998,62.790000915527344,59.20000076293945,-1.0
2018-02-14,13.291601181030273,13.308827603812173,12.929854384170563,13.071108511063226,25548954,0.0365396434791041,BBDC4.SA,256,993,64.36000061035156,60.599998474121094,-1.0
2018-02-15,13.346729278564453,13.484537236277088,13.277824722453675,13.42941289868311,11886090,0.004147588900941246,BBDC4.SA,255,992,64.33000183105469,61.34000015258789,-1.0
2018-02-16,13.322609901428223,13.401849604533634,13.264040521691344,13.374288018866912,12653337,-0.0018071376614319234,BBDC4.SA,254,991,64.83999633789062,61.68000030517578,-1.0
2018-02-19,13.257159233093262,13.415638744730982,13.208926137462747,13.367405649100467,9525844,-0.0049127512416276,BBDC4.SA,251,988,64.83999633789062,61.68000030517578,-1.0
2018-02-20,13.660246849060059,13.670583171164004,13.16069181297668,13.16069181297668,20210553,0.030405278301296024,BBDC4.SA,250,987,65.25,61.900001525878906,-1.0
2018-02-21,13.732595443725586,14.039219246544443,13.649910645714819,13.708478899992123,38791036,0.005296287502337904,BBDC4.SA,249,986,65.41999816894531,61.68000030517578,-1.0
2018-02-22,13.815279960632324,13.95308910902214,13.705033565527852,13.777383195256123,16135026,0.006021040759961904,BBDC4.SA,248,985,66.38999938964844,62.77000045776367,-1.0
2018-02-23,13.942753791809082,13.942753791809082,13.639576183442609,13.891075646069314,15156070,0.009227017587772668,BBDC4.SA,247,984,67.30999755859375,63.54999923706055,-1.0
2018-02-26,13.942753791809082,14.046110083288616,13.822172221422498,13.980651714423209,13407407,0.0,BBDC4.SA,244,981,67.5,63.90999984741211,-1.0
2018-02-27,13.791170120239258,13.963431062194989,13.742938164821048,13.897971511718483,11935636,-0.01087186031061349,BBDC4.SA,243,980,66.62999725341797,63.0099983215332,-1.0
2018-02-28,13.357068061828613,13.791163534877876,13.357068061828613,13.773938257064325,32392334,-0.031476811222390544,BBDC4.SA,242,979,65.77999877929688,61.63999938964844,-1.0
2018-03-01,13.432861328125,13.615457335216192,13.284717027529222,13.405299732026846,16457245,0.005674393957232793,BBDC4.SA,241,978,65.70999908447266,60.9900016784668,-1.0
2018-03-02,13.518671035766602,13.518671035766602,13.177429721718676,13.315304708437415,13088702,0.006388043883244654,BBDC4.SA,240,977,64.37000274658203,61.25,-1.0
2018-03-05,13.608285903930664,13.666882613467891,13.36011099320644,13.501432672985075,12496620,0.006628970253582445,BBDC4.SA,237,974,65.54000091552734,62.56999969482422,-1.0
2018-03-06,13.63241195678711,13.804756483180476,13.628965227969038,13.804756483180476,13732789,0.0017728943253225715,BBDC4.SA,236,973,65.79000091552734,62.599998474121094,-1.0
2018-03-07,13.391133308410645,13.646202844305193,13.2911735317706,13.635861500646095,15425933,-0.017698896507917006,BBDC4.SA,235,972,64.33999633789062,61.150001525878906,-1.0
2018-03-08,13.215337753295898,13.53934524046038,13.11193128048785,13.535898512042758,17527209,-0.013127757827960163,BBDC4.SA,234,971,63.61000061035156,60.119998931884766,-1.0
2018-03-09,13.497990608215332,13.497990608215332,13.263602533996933,13.284284072471909,18565197,0.021388242979180738,BBDC4.SA,233,970,65.48999786376953,62.040000915527344,-1.0
2018-03-12,13.604832649230957,13.608279376954082,13.463509882165186,13.563469606414241,11530490,0.007915403419424427,BBDC4.SA,230,967,64.94999694824219,61.36000061035156,-1.0
2018-03-13,13.408370018005371,13.66688516512416,13.360113487587343,13.66688516512416,14128272,-0.014440650340281191,BBDC4.SA,229,966,64.63999938964844,60.709999084472656,-1.0
2018-03-14,13.33598518371582,13.473860159460202,13.180875402851997,13.429051514262264,13252271,-0.005398481261506771,BBDC4.SA,228,965,64.88999938964844,60.959999084472656,-1.0
2018-03-15,13.142951965332031,13.373893146913261,13.10159007247957,13.218783449809587,23401120,-0.014474612540773979,BBDC4.SA,227,964,65.12000274658203,61.189998626708984,-1.0
2018-03-16,13.177431106567383,13.332540916078264,13.115387644791268,13.153302836972095,34084950,0.002623393992940093,BBDC4.SA,226,963,66.20999908447266,62.34000015258789,-1.0
2018-03-19,13.043000221252441,13.222239435369989,12.967169845377198,13.056788297365507,16808102,-0.01020160031403572,BBDC4.SA,223,960,66.05000305175781,62.060001373291016,-1.0
2018-03-20,13.029212951660156,13.132619476995265,12.939594502069264,13.129172746826818,12647715,-0.0010570627431117918,BBDC4.SA,222,959,67.41999816894531,63.400001525878906,-1.0
2018-03-21,13.094706535339355,13.205006539923808,13.032661916457629,13.087813073820485,19658529,0.005026672288048983,BBDC4.SA,221,958,69.47000122070312,65.16999816894531,-1.0
2018-03-22,13.17397689819336,13.280830107862336,13.015419292964944,13.080910603284282,17920408,0.006053618890967449,BBDC4.SA,220,957,68.91000366210938,64.30000305175781,-1.0
2018-03-23,13.26360034942627,13.42905147490501,13.049893848881204,13.049893848881204,18935205,0.006803067283744912,BBDC4.SA,219,956,70.44999694824219,65.87999725341797,-1.0
2018-03-26,13.33942985534668,13.473858080337918,13.15329837804572,13.442836359966124,14497752,0.005717113296744625,BBDC4.SA,216,953,70.12000274658203,65.55000305175781,-1.0
2018-03-27,13.177431106567383,13.425606108742437,13.101599567135136,13.373902838905478,10027796,-0.012144353284661902,BBDC4.SA,215,952,70.11000061035156,65.25,-1.0
2018-03-28,13.26360034942627,13.318750339562392,13.029212313812566,13.063680768880047,12477294,0.006539153357132177,BBDC4.SA,214,951,69.52999877929688,64.37999725341797,-1.0
2018-03-29,13.61518383026123,13.677227284269614,13.322199056223166,13.339432707297467,27092760,0.02650739403876634,BBDC4.SA,213,950,70.2699966430664,64.94000244140625,-1.0
2018-04-02,13.490401268005371,13.676187351251253,13.42973583517507,13.516942467060504,12985715,-0.009164956111610945,BBDC4.SA,209,946,67.63999938964844,63.0099983215332,-1.0
2018-04-03,13.641745567321777,13.816250601232134,13.535524207448608,13.641745567321777,21676719,0.011218665502214842,BBDC4.SA,208,945,68.12000274658203,63.5099983215332,-1.0
2018-04-04,13.524148941040039,13.588639678210358,13.281358991808773,13.501386552650407,12782391,-0.00862035035776032,BBDC4.SA,207,944,68.0199966430664,63.369998931884766,-1.0
2018-04-05,13.565878868103027,13.873159564076843,13.391373767232885,13.865572486272566,38537081,0.003085586179575106,BBDC4.SA,206,943,68.33000183105469,63.540000915527344,-1.0
2018-04-06,13.524148941040039,13.63795626024482,13.319294379648419,13.565878445506572,13999458,-0.003076094624514636,BBDC4.SA,205,942,67.11000061035156,62.060001373291016,-1.0
2018-04-09,13.012009620666504,13.52414470816846,13.004422545473226,13.52414470816846,18329467,-0.03786850637376593,BBDC4.SA,202,939,68.6500015258789,63.41999816894531,-1.0
2018-04-10,13.122026443481445,13.201692481710852,12.917173062879277,13.122026443481445,20090060,0.008455021631724513,BBDC4.SA,201,938,71.04000091552734,65.51000213623047,-1.0
2018-04-11,13.429308891296387,13.44827716327578,13.072711618787427,13.110647007060354,13541381,0.02341730137021547,BBDC4.SA,200,937,72.05999755859375,66.81999969482422,-1.0
2018-04-12,13.186513900756836,13.42930375999173,13.06891250851718,13.42930375999173,28981992,-0.018079485139917195,BBDC4.SA,199,936,72.0199966430664,67.06999969482422,-1.0
2018-04-13,12.898201942443848,13.129610617972295,12.860266567638138,13.049944597352134,17707198,-0.021864153064475977,BBDC4.SA,198,935,72.58000183105469,67.38999938964844,-1.0
2018-04-16,12.617472648620605,12.958895566208266,12.552981948418038,12.928547273332983,15979826,-0.02176499446015434,BBDC4.SA,195,932,71.41999816894531,66.22000122070312,-1.0
2018-04-17,12.776805877685547,12.829915395306832,12.556777266198639,12.640236235288805,14813391,0.012627982917193803,BBDC4.SA,194,931,71.58000183105469,66.5199966430664,-1.0
2018-04-18,13.205480575561523,13.254797133377853,12.826122260715094,12.890612966215636,38906833,0.033551006564531916,BBDC4.SA,193,930,73.4800033569336,68.47000122070312,-1.0
2018-04-19,13.182719230651855,13.201687492922227,13.015801296317225,13.053736665172702,19068172,-0.00172362866912934,BBDC4.SA,192,929,73.77999877929688,68.29000091552734,-1.0
2018-04-20,12.996834754943848,13.171339786155597,12.958898225379968,13.03856424405286,11970215,-0.014100617062054788,BBDC4.SA,191,928,74.05999755859375,68.37999725341797,-1.0
2018-04-23,12.9930419921875,12.9930419921875,12.829918134002076,12.970280765491157,9100366,-0.0002918220341998623,BBDC4.SA,188,925,74.70999908447266,68.63999938964844,-1.0
2018-04-24,13.015806198120117,13.171343002531234,12.943728392307298,13.125820542760728,11295398,0.001752030505735691,BBDC4.SA,187,924,73.86000061035156,67.69999694824219,-1.0
2018-04-25,13.175141334533691,13.288948676062283,12.841305233318016,12.886827707655025,23200128,0.01224166478727895,BBDC4.SA,186,923,74.0,68.05000305175781,-1.0
2018-04-26,13.175141334533691,13.357233543253866,12.981667929386232,13.285155714377234,34209628,0.0,BBDC4.SA,185,922,74.73999786376953,68.19000244140625,-1.0
2018-04-27,13.319290161132812,13.44827275030764,13.20548287797333,13.429304484552567,16047228,0.010940970038878284,BBDC4.SA,184,921,74.63999938964844,68.0999984741211,-1.0
2018-04-30,13.114436149597168,13.383781349076365,13.061325470473394,13.315496520398776,13858425,-0.015380249927539835,BBDC4.SA,181,918,75.16999816894531,68.56999969482422,-1.0
2018-05-02,12.776805877685547,13.103053524415024,12.73128227832487,12.974072111649471,20946958,-0.025744932382929187,BBDC4.SA,179,916,73.36000061035156,67.93000030517578,-1.0
2018-05-03,12.51449966430664,12.821953135549306,12.465155351411873,12.757426135046254,21102845,-0.020529873889453043,BBDC4.SA,178,915,73.62000274658203,68.43000030517578,-1.0
2018-05-04,12.525891304016113,12.662536692962519,12.377857161181415,12.46895447259104,16202635,0.0009102752818768156,BBDC4.SA,177,914,74.87000274658203,69.72000122070312,-1.0
2018-05-07,12.41201114654541,12.586614315480423,12.4044198049687,12.484129469691823,16279940,-0.009091581166299156,BBDC4.SA,174,911,76.16999816894531,70.7300033569336,-1.0
2018-05-08,12.347494125366211,12.43479635842575,12.203256206385197,12.29814978714518,22512054,-0.005197950631647297,BBDC4.SA,173,910,74.8499984741211,69.05999755859375,-1.0
2018-05-09,12.446178436279297,12.525889293679604,12.260188748350338,12.389242770328151,12173538,0.007992254129552734,BBDC4.SA,172,909,77.20999908447266,71.13999938964844,-1.0
2018-05-10,12.696697235107422,12.806773480839256,12.476544743643753,12.48793234021462,14180101,0.020128170274169355,BBDC4.SA,171,908,77.47000122070312,71.36000061035156,-1.0
2018-05-11,12.468953132629395,12.723267252056404,12.404426118218577,12.696696964847263,14556880,-0.01793727126518352,BBDC4.SA,170,907,77.12000274658203,70.69999694824219,-1.0
2018-05-14,12.290556907653809,12.689107815768418,12.161501700158029,12.506913180992376,18760072,-0.014307233580720502,BBDC4.SA,167,904,78.2300033569336,70.95999908447266,-1.0
2018-05-15,12.218429565429688,12.370258716095332,11.929955104233281,12.032439954382902,20378674,-0.005868517005865215,BBDC4.SA,166,903,78.43000030517578,71.30999755859375,-1.0
2018-05-16,12.415813446044922,12.47654420825425,12.146316641565331,12.210843654580698,12176094,0.016154603139318713,BBDC4.SA,165,902,79.27999877929688,71.48999786376953,-1.0
2018-05-17,11.899591445922852,12.381648085645066,11.895795196259977,12.343691370694152,29459395,-0.041577783233084364,BBDC4.SA,164,901,79.30000305175781,71.48999786376953,-1.0
2018-05-18,11.952733039855957,11.994486012130281,11.38717036714078,11.668053578318677,42002207,0.004465833484670778,BBDC4.SA,163,900,78.51000213623047,71.27999877929688,-1.0
2018-05-21,11.781922340393066,12.077988146949652,11.709802856999477,11.975504451937594,31932340,-0.01429051405175108,BBDC4.SA,160,897,79.22000122070312,72.23999786376953,-1.0
2018-05-22,12.11974811553955,12.237415718917303,11.835068579152866,11.892005411499069,23688392,0.028673230512501702,BBDC4.SA,159,896,79.56999969482422,72.12999725341797,-1.0
2018-05-23,11.800905227661133,12.07040084939026,11.770538693196924,11.956529525072927,18810703,-0.026307715708184354,BBDC4.SA,158,895,79.80000305175781,71.83999633789062,-1.0
2018-05-24,11.819884300231934,11.835066990952388,11.576957779696876,11.736378344933506,16767245,0.0016082726032164985,BBDC4.SA,157,894,78.79000091552734,70.70999908447266,-1.0
2018-05-25,11.584546089172363,11.884408199494226,11.447900752162077,11.873021762605816,23886285,-0.019910365032503097,BBDC4.SA,156,893,76.44000244140625,67.87999725341797,-1.0
2018-05-28,11.094903945922852,11.451701898272841,11.08351750301634,11.425131604263923,13660372,-0.04226683889731009,BBDC4.SA,153,890,76.44000244140625,67.87999725341797,-1.0
2018-05-29,11.140446662902832,11.425124913906442,11.08351101270211,11.273296898816369,20385063,0.004104832020354499,BBDC4.SA,152,889,75.38999938964844,66.7300033569336,-1.0
2018-05-30,11.072126388549805,11.322644241664923,11.041759852322116,11.121470709041946,39316515,-0.006132633315370617,BBDC4.SA,151,888,77.5,68.20999908447266,-1.0
2018-06-01,11.341623306274414,11.478268673617551,11.053147568804462,11.235342162819231,23224246,0.02434012295987764,BBDC4.SA,149,886,77.58999633789062,65.80999755859375,-1.0
2018-06-04,11.458963394165039,11.603292768020532,11.371606963696596,11.477954375294056,16451958,0.01034596941918453,BBDC4.SA,146,883,75.29000091552734,64.75,-1.0
2018-06-05,10.908234596252441,11.481753453560716,10.85886012623931,11.364011217573037,24472458,-0.048060961447265904,BBDC4.SA,145,882,75.37999725341797,65.5199966430664,-1.0
2018-06-06,10.725921630859375,11.06015727038066,10.608179425385357,10.798085723185395,22191656,-0.01671333374657169,BBDC4.SA,144,881,75.36000061035156,64.7300033569336,-1.0
2018-06-07,10.536016464233398,10.570199763497103,10.046057769902536,10.471448524321662,34889396,-0.01770525397832512,BBDC4.SA,143,880,77.31999969482422,65.94999694824219,-1.0
2018-06-08,10.444866180419922,10.653763573452514,10.103034187918398,10.45625984735906,32059158,-0.008651304230864132,BBDC4.SA,142,879,76.45999908447266,65.73999786376953,1.0
2018-06-11,10.247359275817871,10.581594963257482,10.167597855641034,10.475246403021698,16091151,-0.018909472001881644,BBDC4.SA,139,876,76.45999908447266,66.0999984741211,1.0
2018-06-12,10.220770835876465,10.422071954489148,10.118220947435463,10.254954132023466,19028721,-0.002594662607775522,BBDC4.SA,138,875,75.87999725341797,66.36000061035156,1.0
2018-06-13,10.011872291564941,10.289136126874714,9.821964857639898,10.289136126874714,22976680,-0.020438629107919937,BBDC4.SA,137,874,76.73999786376953,66.63999938964844,1.0
2018-06-14,9.605476379394531,10.114426751093596,9.605476379394531,10.04606013646101,40013693,-0.040591399923548876,BBDC4.SA,136,873,75.94000244140625,66.88999938964844,1.0
2018-06-15,9.776384353637695,9.776384353637695,9.44594752885484,9.590276223671815,53285466,0.017792763991361538,BBDC4.SA,135,872,73.44000244140625,65.05999755859375,1.0
2018-06-18,9.46114444732666,9.685234043684773,9.426961151280768,9.666243066532784,22808974,-0.03224504018131591,BBDC4.SA,132,869,75.33999633789062,65.8499984741211,1.0
2018-06-19,9.951101303100586,10.091631963160028,9.377583847210262,9.38897808432831,35212989,0.05178621450097065,BBDC4.SA,131,868,75.08000183105469,65.06999969482422,1.0
2018-06-20,10.163801193237305,10.323322889694165,9.905528245895118,10.110626908728527,28603615,0.021374507570377732,BBDC4.SA,130,867,74.73999786376953,66.22000122070312,1.0
2018-06-21,9.742203712463379,10.216969939166072,9.685231950390092,10.084035441972077,21106359,-0.041480295881273666,BBDC4.SA,129,866,73.05000305175781,65.54000091552734,1.0
2018-06-22,9.928312301635742,9.99667772071358,9.742203545918132,9.894129013562345,31857272,0.019103335822702183,BBDC4.SA,128,865,75.55000305175781,68.58000183105469,1.0
2018-06-25,9.91312313079834,10.034662849225603,9.662445798254963,10.008075710393893,27012645,-0.0015298844734064065,BBDC4.SA,125,862,74.7300033569336,68.08000183105469,1.0
2018-06-26,9.859946250915527,10.030862700390472,9.70802077517536,9.989083252415377,23741419,-0.005364291271395705,BBDC4.SA,124,861,76.30999755859375,70.52999877929688,1.0
2018-06-27,9.70042896270752,9.951105169371525,9.620668114822946,9.863748738991672,19255523,-0.016178312147816842,BBDC4.SA,123,860,77.62000274658203,72.76000213623047,1.0
2018-06-28,10.030865669250488,10.087837450247877,9.677639007169583,9.677639007169583,15723315,0.03406413343299608,BBDC4.SA,122,859,77.8499984741211,73.44999694824219,1.0
2018-06-29,10.216975212097168,10.266350841847805,10.01187653136911,10.114426450267924,23760266,0.01855368708776517,BBDC4.SA,121,858,79.44000244140625,74.1500015258789,1.0
2018-07-02,10.084033966064453,10.122015906600224,9.962494301901351,9.996676428487222,15750468,-0.013011800779873517,BBDC4.SA,118,855,77.30000305175781,73.94000244140625,1.0
2018-07-03,10.551142692565918,10.619558117351064,10.159655843723428,10.197663769773126,20965805,0.04632161375828514,BBDC4.SA,117,854,77.76000213623047,74.13999938964844,1.0
2018-07-04,10.699374198913574,10.718377578905526,10.452318680063785,10.566343591597262,12568366,0.014048858087389648,BBDC4.SA,116,853,77.76000213623047,74.13999938964844,1.0
2018-07-05,10.676568031311035,10.752585023121236,10.418110722314513,10.74878365247779,20764398,-0.0021315421985012017,BBDC4.SA,115,852,77.38999938964844,72.94000244140625,1.0
2018-07-06,10.706974983215332,10.729780892602246,10.486526736340515,10.642360941708532,16017999,0.00284800806917751,BBDC4.SA,114,851,77.11000061035156,73.80000305175781,1.0
2018-07-10,10.566340446472168,10.874209700185498,10.414307662312678,10.767785246010229,25825126,-0.013134852464270041,BBDC4.SA,110,847,78.86000061035156,74.11000061035156,1.0
2018-07-11,10.5245361328125,10.642361264708688,10.376302348880522,10.47132388648866,19724461,-0.003956366338132233,BBDC4.SA,109,846,73.4000015258789,70.37999725341797,1.0
2018-07-12,10.832406997680664,10.832406997680662,10.615758880884968,10.646166385736104,23753558,0.029252677836157703,BBDC4.SA,108,845,74.44999694824219,70.33000183105469,1.0
2018-07-13,11.049055099487305,11.094664615078559,10.74498703062908,10.794397918134171,26517513,0.019999996478439863,BBDC4.SA,107,844,75.33000183105469,71.01000213623047,1.0
2018-07-16,11.098462104797363,11.144071604434606,10.950228336237831,11.037648280718976,15271308,0.004471604572987564,BBDC4.SA,104,841,71.83999633789062,68.05999755859375,1.0
2018-07-17,11.417728424072266,11.470940647858262,11.026241800203943,11.071852443148371,21778940,0.02876671706946654,BBDC4.SA,103,840,72.16000366210938,68.08000183105469,1.0
2018-07-18,11.136463165283203,11.478538833553982,11.060446221456955,11.375915785704343,18886890,-0.02463408204700901,BBDC4.SA,102,839,72.9000015258789,68.76000213623047,1.0
2018-07-19,11.277103424072266,11.277103424072266,10.847608668152636,10.961633599160466,22265926,0.01262880833005342,BBDC4.SA,101,838,72.58000183105469,69.45999908447266,1.0
2018-07-20,11.668586730957031,11.854828398855739,11.516552763606873,11.664786518615687,43679107,0.03471488130977862,BBDC4.SA,100,837,73.06999969482422,70.45999908447266,-1.0
2018-07-23,11.535558700561523,11.611575693472613,11.459541707650436,11.546961654761589,20498624,-0.011400526341598938,BBDC4.SA,97,834,73.05999755859375,67.88999938964844,1.0
2018-07-24,11.706591606140137,11.767404244968926,11.592565592546404,11.668582548977266,20255051,0.014826581877676048,BBDC4.SA,96,833,73.44000244140625,68.5199966430664,-1.0
2018-07-25,11.919432640075684,12.041059019324742,11.6875816671324,11.786403317377449,48499137,0.0181812982887275,BBDC4.SA,95,832,73.93000030517578,69.30000305175781,-1.0
2018-07-26,11.61538028717041,12.067679841545674,11.467146473019845,12.067679841545674,33913986,-0.02550896188489582,BBDC4.SA,94,831,74.54000091552734,69.61000061035156,1.0
2018-07-27,11.744604110717773,11.79401497808866,11.600171721074627,11.710396409015573,26784884,0.011125233987396399,BBDC4.SA,93,830,74.29000091552734,68.69000244140625,-1.0
2018-07-30,11.832029342651367,11.900443618762313,11.68379551633803,11.782617295283023,14686254,0.007443863676410478,BBDC4.SA,90,827,74.97000122070312,70.12999725341797,-1.0
2018-07-31,11.603970527648926,11.839623017134251,11.554559671194914,11.782609421630324,17103456,-0.019274699918157667,BBDC4.SA,89,826,74.25,68.76000213623047,1.0
2018-08-01,11.756002426147461,11.847223708947963,11.478541840086306,11.493745001254727,18553075,0.013101713601933573,BBDC4.SA,88,825,74.25,67.66000366210938,-1.0
2018-08-02,11.75940990447998,11.82026100448525,11.561645277719263,11.637708863074568,12988909,0.00028985008755522124,BBDC4.SA,87,824,73.44999694824219,68.95999908447266,-1.0
2018-08-03,12.208179473876953,12.284244189541239,11.831666546408805,11.831666546408805,32439611,0.03816259259965116,BBDC4.SA,86,823,73.20999908447266,68.48999786376953,-1.0
2018-08-06,12.12451457977295,12.27664175540793,12.052254692718657,12.246216783723,13496659,-0.006853183497427251,BBDC4.SA,83,820,73.75,69.01000213623047,-1.0
2018-08-07,11.94195556640625,12.253815981292792,11.808844653909269,12.170146198660147,23513818,-0.015057016276037838,BBDC4.SA,82,819,74.6500015258789,69.16999816894531,-1.0
2018-08-08,11.656722068786621,12.090283583439454,11.595870984339168,11.922943970162583,21775106,-0.023884990698007202,BBDC4.SA,81,818,72.27999877929688,66.94000244140625,-1.0
2018-08-09,11.535021781921387,11.843078636878468,11.466564445574253,11.649117728701619,14525895,-0.010440352454753388,BBDC4.SA,80,817,72.06999969482422,66.80999755859375,1.0
2018-08-10,10.960747718811035,11.39430949156546,10.892290352880227,11.382899544375151,29139316,-0.04978526039806874,BBDC4.SA,79,816,72.80999755859375,67.62999725341797,1.0
2018-08-13,11.173721313476562,11.204147443340547,10.846649396628639,10.865664424362835,14440604,0.019430571720943757,BBDC4.SA,76,813,72.61000061035156,67.19999694824219,1.0
2018-08-14,11.363876342773438,11.424726261104626,11.116669494436564,11.325843985211753,18507075,0.01701805727582717,BBDC4.SA,75,812,72.45999908447266,67.04000091552734,1.0
2018-08-15,11.226959228515625,11.348660196890625,11.109060799893737,11.181320641247227,24697503,-0.012048451613509648,BBDC4.SA,74,811,70.76000213623047,65.01000213623047,1.0
2018-08-16,11.226959228515625,11.348660196890625,11.120470736361945,11.226959228515625,12794051,0.0,BBDC4.SA,73,810,71.43000030517578,65.45999908447266,1.0
2018-08-17,10.884678840637207,11.131885747032511,10.861860115903859,11.044412230980567,20858952,-0.03048736357829218,BBDC4.SA,72,809,71.83000183105469,65.91000366210938,1.0
2018-08-20,10.953133583068848,11.006377261521404,10.770581511164993,10.877070026674794,16861480,0.0062890916152775755,BBDC4.SA,69,806,72.20999908447266,66.43000030517578,1.0
2018-08-21,10.686910629272461,11.021589779963234,10.572814726970424,10.896083939849625,31138691,-0.0243056429265055,BBDC4.SA,68,805,72.62999725341797,67.3499984741211,1.0
2018-08-22,10.94932746887207,10.968343643427513,10.47773491356993,10.610845818249153,18825876,0.0245549765224784,BBDC4.SA,67,804,74.77999877929688,67.86000061035156,1.0
2018-08-23,10.67550277709961,11.036804414200686,10.591832973080615,10.934118429648793,21177434,-0.025008357138912807,BBDC4.SA,66,803,74.7300033569336,67.83000183105469,1.0
2018-08-24,10.77058219909668,10.915101922731836,10.709731118373858,10.915101922731836,11641511,0.008906317948886633,BBDC4.SA,65,802,75.81999969482422,68.72000122070312,1.0
2018-08-27,11.059627532958984,11.1318885842729,10.816224264617638,10.87707537135429,14927431,0.026836556141463408,BBDC4.SA,62,799,76.20999908447266,68.87000274658203,1.0
2018-08-28,10.99116325378418,11.090045515766741,10.869462275637455,11.017785668611298,13109178,-0.006190468799312954,BBDC4.SA,61,798,75.94999694824219,68.52999877929688,1.0
2018-08-29,11.12427806854248,11.215554123797288,11.033002013287671,11.067230678833841,12102942,0.012111076114939001,BBDC4.SA,60,797,77.13999938964844,69.51000213623047,1.0
2018-08-30,10.648880958557129,11.071032543479907,10.648880958557129,11.006378916335898,24706927,-0.04273509768959227,BBDC4.SA,59,796,77.7699966430664,70.25,1.0
2018-08-31,10.793395042419434,10.8808684957382,10.603236822140365,10.667890408486505,18953812,0.013570823490723471,BBDC4.SA,58,795,77.41999816894531,69.80000305175781,1.0
2018-09-03,10.698320388793945,10.743958985617656,10.53478449726873,10.65648549112416,8012194,-0.008808595743214465,BBDC4.SA,55,792,77.41999816894531,69.80000305175781,1.0
2018-09-04,10.45815658569336,10.671277116937908,10.389653143727134,10.656054387475487,14768509,-0.022448739089188985,BBDC4.SA,54,791,78.16999816894531,69.87000274658203,1.0
2018-09-05,10.52285099029541,10.576131688746917,10.336370864485195,10.446736203672556,18032228,0.006186023710005539,BBDC4.SA,53,790,77.2699966430664,68.72000122070312,1.0
2018-09-06,10.823507308959961,10.85395392889782,10.442934414512608,10.583746408645837,20384265,0.028571754835436503,BBDC4.SA,52,789,76.5,67.7699966430664,1.0
2018-09-10,10.865368843078613,11.021403545173875,10.743585858899303,10.956706371059406,33457187,0.0038676496373775127,BBDC4.SA,48,785,77.37000274658203,67.54000091552734,1.0
2018-09-11,10.538080215454102,10.61038877766597,10.397267035242415,10.61038877766597,21427396,-0.030122182905277017,BBDC4.SA,47,784,79.05999755859375,69.25,1.0
2018-09-12,10.541884422302246,10.720753260817535,10.484798598108313,10.583747514629199,23259704,0.00036099619383866965,BBDC4.SA,46,783,79.73999786376953,70.37000274658203,1.0
2018-09-13,10.500017166137695,10.62560639331548,10.389650664790237,10.614188769250205,13329113,-0.003971515384476931,BBDC4.SA,45,782,78.18000030517578,68.58999633789062,1.0
2018-09-14,10.545693397521973,10.640837245701789,10.3630193886623,10.446744444671092,21348334,0.004350110162827381,BBDC4.SA,44,781,78.08999633789062,68.98999786376953,1.0
2018-09-17,10.846341133117676,10.937679831261562,10.48479724025018,10.488602343031376,15075491,0.02850905334175069,BBDC4.SA,41,778,78.05000305175781,68.91000366210938,1.0
2018-09-18,10.933873176574707,11.059462432782249,10.808283920367165,10.846340743739756,19103470,0.008070190895044238,BBDC4.SA,40,777,79.02999877929688,69.8499984741211,1.0
2018-09-19,10.983352661132812,11.089912974805852,10.751203033685382,10.846345715420435,21024582,0.004525339169299425,BBDC4.SA,39,776,79.4000015258789,71.12000274658203,1.0
2018-09-20,10.960515022277832,11.166024215191346,10.865371211837314,11.036629838753148,15624129,-0.0020792957814963486,BBDC4.SA,38,775,78.69999694824219,70.80000305175781,1.0
2018-09-21,11.135579109191895,11.207887665437084,10.941486378929465,11.04043529570252,28994770,0.015972250077504135,BBDC4.SA,37,774,78.80000305175781,70.77999877929688,1.0
2018-09-24,10.83873176574707,11.15080242366139,10.785452201293317,11.139385953828375,15144490,-0.02665755777351453,BBDC4.SA,34,771,81.19999694824219,72.08000183105469,1.0
2018-09-25,10.846341133117676,10.846341133117678,10.598968873851982,10.69791777755826,31067137,0.0007020532969228555,BBDC4.SA,33,770,81.87000274658203,72.27999877929688,1.0
2018-09-26,10.872983932495117,11.04043631773098,10.800675369556224,10.918653291825638,24086574,0.002456385895524882,BBDC4.SA,32,769,81.33999633789062,71.56999969482422,1.0
2018-09-27,11.120354652404785,11.124159755098256,10.945290943871516,10.945290943871516,21252662,0.022750950562004713,BBDC4.SA,31,768,81.72000122070312,72.12000274658203,1.0
2018-09-28,10.911039352416992,11.036628611730768,10.823506917417076,10.960513803717689,15520950,-0.018822718027480256,BBDC4.SA,30,767,82.72000122070312,73.25,1.0
2018-10-01,10.789255142211914,10.94529101958653,10.678889772557628,10.899621671251548,12234711,-0.011161559066149018,BBDC4.SA,27,764,84.9800033569336,75.30000305175781,1.0
2018-10-02,11.424836158752441,11.493385410057405,11.040199982164188,11.08589870959374,34841959,0.05890870205245946,BBDC4.SA,26,763,84.80000305175781,75.2300033569336,1.0
2018-10-03,11.919915199279785,12.37310072345318,11.794241931908024,12.319784369964234,59115885,0.043333579024507074,BBDC4.SA,25,762,86.29000091552734,76.41000366210938,1.0
2018-10-04,11.977034568786621,11.984651022030759,11.69141351156995,11.851361350017703,24886771,0.004791927505515048,BBDC4.SA,24,761,84.58000183105469,74.33000183105469,1.0
2018-10-05,11.798048973083496,12.182685211604529,11.725692062922398,12.148410580433266,31184691,-0.014944066052007599,BBDC4.SA,23,760,84.16000366210938,74.33999633789062,1.0
2018-10-08,12.597783088684082,12.948144547387866,12.441642910668463,12.948144547387866,61743918,0.06778528529802919,BBDC4.SA,20,757,83.91000366210938,74.29000091552734,1.0
2018-10-09,12.643484115600586,12.7805814344438,12.376903610853443,12.597784235879224,35844362,0.0036277039059002814,BBDC4.SA,19,756,85.0,74.95999908447266,1.0
2018-10-10,12.232190132141113,12.521620031061682,12.194107861315025,12.456879590577044,29962034,-0.03253011430227404,BBDC4.SA,18,755,83.08999633789062,73.16999816894531,1.0
2018-10-11,12.159830093383789,12.376901881366742,11.946567111578904,12.376901881366742,27053852,-0.005915542349786751,BBDC4.SA,17,754,80.26000213623047,70.97000122070312,1.0
2018-10-15,12.22457218170166,12.361670660216022,12.194106368769772,12.296930227655544,23334932,0.005324259288219668,BBDC4.SA,13,750,80.77999877929688,71.77999877929688,1.0
2018-10-16,12.807239532470703,12.807239532470703,12.342628925122353,12.342628925122353,30352549,0.04766361898874538,BBDC4.SA,12,749,81.41000366210938,71.91999816894531,1.0
2018-10-17,12.822471618652344,12.89863730613482,12.635865626312256,12.662523790955177,30397271,0.0011893340593047697,BBDC4.SA,11,748,80.05000305175781,69.75,1.0
2018-10-18,12.468303680419922,12.757732418917035,12.468303680419924,12.708226046968372,22166740,-0.02762087909145594,BBDC4.SA,10,747,79.29000091552734,68.6500015258789,1.0
2018-10-19,12.510194778442383,12.696800806021553,12.38833035155349,12.593976934478675,11544561,0.003359807323930264,BBDC4.SA,9,746,79.77999877929688,69.12000274658203,1.0
2018-10-22,12.66252613067627,12.769157648790458,12.5825516219702,12.605402144549403,14200705,0.01217657717818943,BBDC4.SA,6,743,79.83000183105469,69.16999816894531,1.0
2018-10-23,12.708227157592773,12.776775251008173,12.437838950780783,12.456880667920952,15043547,0.0036091555859292246,BBDC4.SA,5,742,76.44000244140625,66.43000030517578,1.0
2018-10-24,12.40356159210205,12.76153953062479,12.403561592102049,12.643483926775293,22560609,-0.023973884139196766,BBDC4.SA,4,741,76.16999816894531,66.81999969482422,1.0
2018-10-25,12.761543273925781,12.970998697291845,12.50258031050599,12.529238484418173,29407646,0.028861200806361564,BBDC4.SA,3,740,76.88999938964844,67.33000183105469,1.0
2018-10-26,12.98242473602295,12.982424736022951,12.628254318947171,12.921491929177899,39156955,0.017308366030342803,BBDC4.SA,2,739,77.62000274658203,67.58999633789062,1.0
2018-10-29,12.738697052001953,12.967194250298302,12.521625119676784,12.833903347837982,49942846,-0.01877366431747629,BBDC4.SA,1462,736,77.33999633789062,67.04000091552734,1.0
2018-10-30,13.233766555786133,13.279465274557937,12.521618326895302,12.79581412000738,40421298,0.03886343334512188,BBDC4.SA,1461,735,75.91000366210938,66.18000030517578,1.0
2018-10-31,13.06240177154541,13.481312760973776,12.845329818856273,13.405147021063058,31402070,-0.012949056001429704,BBDC4.SA,1460,734,75.47000122070312,65.30999755859375,1.0
2018-11-01,13.808815002441406,13.808815002441404,13.30612218251778,13.408946030273151,64765661,0.05714211244994405,BBDC4.SA,1459,733,75.5,63.689998626708984,1.0
2018-11-05,14.105621337890625,14.204688194301717,13.652198885146849,13.781748654831109,32364862,0.02149397579710799,BBDC4.SA,1455,729,73.16999816894531,63.099998474121094,1.0
2018-11-06,13.953211784362793,14.033226967194533,13.713163914332666,13.835093249121687,31382743,-0.010804880542087725,BBDC4.SA,1454,728,72.12999725341797,62.209999084472656,1.0
2018-11-07,13.682680130004883,14.082758306312137,13.579802486691378,14.021793647967028,33333564,-0.019388486216563527,BBDC4.SA,1453,727,72.06999969482422,61.66999816894531,1.0
2018-11-08,13.396904945373535,13.888429355382188,13.374043641848377,13.842706748331874,25262912,-0.020885906994541847,BBDC4.SA,1452,726,70.6500015258789,60.66999816894531,1.0
2018-11-09,13.595044136047363,13.610286172077947,13.244499361923548,13.316895260574938,24888848,0.01478992285768621,BBDC4.SA,1451,725,70.18000030517578,60.189998626708984,1.0
2018-11-12,13.583603858947754,13.659809338802372,13.389279943356803,13.606465154674197,18200573,-0.0008415034909137198,BBDC4.SA,1448,722,70.12000274658203,59.93000030517578,1.0
2018-11-13,13.339753150939941,13.671246165551135,13.214014221127584,13.583610574888185,20710892,-0.017951841833725446,BBDC4.SA,1447,721,65.47000122070312,55.689998626708984,1.0
2018-11-14,13.526450157165527,13.568361952646134,13.233059463435874,13.412141356003874,33974999,0.01399553680739829,BBDC4.SA,1446,720,66.12000274658203,56.25,1.0
2018-11-16,14.18182373046875,14.18182373046875,13.537888146032364,13.644575416877128,36361535,0.04845126146833456,BBDC4.SA,1444,718,66.76000213623047,56.459999084472656,1.0
2018-11-19,14.120859146118164,14.13990965534546,13.877001716798253,14.097996677818086,15467923,-0.004298783112048343,BBDC4.SA,1441,715,66.79000091552734,56.7599983215332,1.0
2018-11-21,13.964635848999023,14.006548822143225,13.796983956422213,13.850328162520999,21664899,-0.011063299725788012,BBDC4.SA,1439,713,63.47999954223633,54.630001068115234,1.0
2018-11-22,14.021782875061035,14.067506623882226,13.918906471554532,13.964629059609337,10421570,0.004092267544957728,BBDC4.SA,1438,712,63.47999954223633,54.630001068115234,1.0
2018-11-23,13.991315841674805,14.090382713921285,13.918921087517978,13.96464372358515,16182191,-0.002172835912358839,BBDC4.SA,1437,711,58.79999923706055,50.41999816894531,1.0
2018-11-26,13.789369583129883,14.246602851573911,13.614097178456577,14.094191762092569,25024769,-0.014433685925622552,BBDC4.SA,1434,708,60.47999954223633,51.630001068115234,1.0
2018-11-27,14.353290557861328,14.353290557861328,13.76650865921753,13.835093767510246,20574331,0.04089534125050598,BBDC4.SA,1433,707,60.209999084472656,51.560001373291016,1.0
2018-11-28,14.646676063537598,14.692398678227617,14.075135254542902,14.299941012019826,27309245,0.02044029586759688,BBDC4.SA,1432,706,58.7599983215332,50.290000915527344,1.0
2018-11-29,14.829566955566406,14.829566955566408,14.45997064376474,14.498073978588414,22266086,0.012486853074064275,BBDC4.SA,1431,705,59.5099983215332,51.45000076293945,1.0
2018-11-30,14.654292106628418,14.947682858962219,14.639051239633597,14.707635141110288,25225537,-0.011819283021760607,BBDC4.SA,1430,704,58.709999084472656,50.93000030517578,1.0
2018-12-03,14.402814865112305,14.860046696130125,14.307557701632161,14.860046696130125,36888452,-0.01716065434524572,BBDC4.SA,1427,701,61.689998626708984,52.95000076293945,1.0
2018-12-04,14.364293098449707,14.524404806612948,14.116501860428647,14.474846559008736,29335772,-0.0026745998628301404,BBDC4.SA,1426,700,62.08000183105469,53.25,1.0
2018-12-05,14.35666561126709,14.410036555760929,14.177492721622443,14.371914120737106,9515638,-0.0005310033101065814,BBDC4.SA,1425,699,62.08000183105469,53.25,1.0
2018-12-06,14.512964248657227,14.528211595215115,13.971634088534065,14.146994252156716,18354223,0.010886834145351632,BBDC4.SA,1424,698,60.060001373291016,51.4900016784668,1.0
2018-12-07,14.444344520568848,14.734070833842866,14.322355288534183,14.486279661890235,17569519,-0.004728167651534609,BBDC4.SA,1423,697,61.66999816894531,52.61000061035156,1.0
2018-12-10,14.166058540344238,14.543464418959983,14.131748809438362,14.486281921233159,30698663,-0.019266085756146856,BBDC4.SA,1420,694,59.970001220703125,51.0,1.0
2018-12-11,14.32999038696289,14.432918471826213,14.105070664938648,14.37192323392051,26426312,0.011572156514233045,BBDC4.SA,1419,693,60.20000076293945,51.650001525878906,1.0
2018-12-12,14.425288200378418,14.554901720392142,14.230866759008798,14.425288200378416,38736731,0.006650235683495431,BBDC4.SA,1418,692,60.150001525878906,51.150001525878906,1.0
2018-12-13,14.8065185546875,14.806518554687502,14.371929755279528,14.398615256556342,13205809,0.02642791942964995,BBDC4.SA,1417,691,61.45000076293945,52.58000183105469,1.0
2018-12-14,14.63877010345459,14.802694523750917,14.524405093089012,14.623521590252388,19249294,-0.011329364874891779,BBDC4.SA,1416,690,60.279998779296875,51.20000076293945,1.0
2018-12-17,14.352859497070312,14.707392731193776,14.329987883706622,14.619713180785938,18087171,-0.019531053795072917,BBDC4.SA,1413,687,59.61000061035156,49.880001068115234,1.0
2018-12-18,14.619705200195312,14.699760448665,14.368101331649614,14.410035309740564,14721072,0.018591814626170322,BBDC4.SA,1412,686,56.2599983215332,46.2400016784668,1.0
2018-12-19,14.410032272338867,14.856057429172932,14.410032272338865,14.715005855131299,16838800,-0.014341802723466968,BBDC4.SA,1411,685,57.2400016784668,47.20000076293945,1.0
2018-12-20,14.486285209655762,14.64639693644598,14.379543284229499,14.581589007051699,23420542,0.005291656248630927,BBDC4.SA,1410,684,54.349998474121094,45.880001068115234,1.0
2018-12-21,14.375733375549316,14.577779121411483,14.249931373107739,14.50534808776911,36331827,-0.007631482640750309,BBDC4.SA,1409,683,53.81999969482422,45.59000015258789,1.0
2018-12-26,14.227601051330566,14.320897906397835,13.967150982343435,14.153742323996463,21125046,-0.010304331636443509,BBDC4.SA,1404,678,54.470001220703125,46.220001220703125,1.0
2018-12-27,14.558027267456055,14.577463030597682,14.204280272600935,14.227603898915483,17595394,0.023224309912357688,BBDC4.SA,1403,677,52.15999984741211,44.61000061035156,1.0
2018-12-28,15.024502754211426,15.067263319482164,14.655206747920372,14.74850241903464,19362695,0.03204249299616024,BBDC4.SA,1402,676,52.20000076293945,45.33000183105469,1.0
2019-01-02,15.700896263122559,15.85638943320749,14.935093999179196,15.024501802221588,37247502,0.0450193607054008,BBDC4.SA,1397,671,54.90999984741211,46.540000915527344,1.0
2019-01-03,15.85993480682373,15.902715419806878,15.494355346275754,15.673255983769273,31131823,0.010129265300269141,BBDC4.SA,1396,670,55.95000076293945,47.09000015258789,1.0
2019-01-04,15.735485076904297,16.050506995948716,15.556584398383157,15.731596575630057,23808981,-0.007846799588727804,BBDC4.SA,1395,669,57.060001373291016,47.959999084472656,1.0
2019-01-07,15.922163963317871,16.05828400909164,15.692704491436267,15.692704491436267,30560665,0.01186356095800134,BBDC4.SA,1392,666,57.33000183105469,48.52000045776367,1.0
2019-01-08,16.019393920898438,16.02328360717753,15.55269673120467,15.964946606565345,33927722,0.006106579344652419,BBDC4.SA,1391,665,58.720001220703125,49.779998779296875,1.0
2019-01-09,16.295520782470703,16.295520782470703,16.04661526477325,16.13217649945687,27569588,0.017237035491838304,BBDC4.SA,1390,664,61.439998626708984,52.36000061035156,1.0
2019-01-10,16.244956970214844,16.474416358884994,16.101058789848526,16.182730313776855,29781071,-0.003102927051601312,BBDC4.SA,1389,663,61.68000030517578,52.59000015258789,1.0
2019-01-11,16.139957427978516,16.244964738784386,16.00772705270857,16.171070178678196,17275155,-0.006463516180981288,BBDC4.SA,1388,662,60.47999954223633,51.59000015258789,1.0
2019-01-14,16.330520629882812,16.330520629882812,16.073836966440687,16.17884424279317,13903785,0.011806920975761415,BBDC4.SA,1385,659,58.9900016784668,50.5099983215332,1.0
2019-01-15,16.29941177368164,16.33441420747385,16.08550748504206,16.23718509307369,20090699,-0.0019049518938328847,BBDC4.SA,1384,658,60.63999938964844,52.11000061035156,1.0
2019-01-16,16.377195358276367,16.443311731693584,16.213852229870916,16.221630417661828,17328981,0.0047721712706418895,BBDC4.SA,1383,657,61.31999969482422,52.310001373291016,1.0
2019-01-17,16.4316463470459,16.524985799474315,16.22163287528108,16.353863272556136,15448757,0.0033248054736072508,BBDC4.SA,1382,656,61.18000030517578,52.06999969482422,1.0
2019-01-18,16.598878860473633,16.707774680925244,16.451090913920204,16.552208546110727,20097727,0.010177465477024361,BBDC4.SA,1381,655,62.70000076293945,53.79999923706055,1.0
2019-01-21,16.408308029174805,16.637767513306414,16.25663041695542,16.58720870416536,12483555,-0.011480945966334422,BBDC4.SA,1378,652,62.70000076293945,53.79999923706055,1.0
2019-01-22,16.334409713745117,16.521087334620052,16.206066701951098,16.408303062091015,15685941,-0.004503713320001879,BBDC4.SA,1377,651,61.5,52.56999969482422,1.0
2019-01-23,16.614431381225586,16.614431381225586,16.334414279249856,16.392751274227816,17293203,0.01714305398160998,BBDC4.SA,1376,650,61.13999938964844,52.619998931884766,1.0
2019-01-24,16.78166961669922,16.78166961669922,16.517207636929527,16.517207636929527,25768905,0.010065841655141572,BBDC4.SA,1375,649,61.09000015258789,53.130001068115234,1.0
2019-01-28,16.91779136657715,17.034466582383,16.567768088752818,16.567768088752818,26271224,0.00811133534308639,BBDC4.SA,1371,645,59.93000030517578,51.9900016784668,-1.0
2019-01-29,16.69998550415039,17.127792716144516,16.69998550415039,17.09279029711958,21450715,-0.012874367445921853,BBDC4.SA,1370,644,61.31999969482422,53.310001373291016,1.0
2019-01-30,16.661102294921875,16.878893908744896,16.349970063979,16.82444659768726,34294439,-0.0023283379029791496,BBDC4.SA,1369,643,61.650001525878906,54.22999954223633,1.0
2019-01-31,17.60227394104004,17.86673583263506,17.193913824064854,17.326144177464318,50802779,0.056489158367692305,BBDC4.SA,1368,642,61.88999938964844,53.790000915527344,-1.0
2019-02-01,17.384479522705078,17.598381390761933,17.197799525382383,17.59449289059874,26545304,-0.012373084242665366,BBDC4.SA,1367,641,61.869998931884766,55.2599983215332,-1.0
2019-02-04,17.76926040649414,17.882093713043357,17.131170361451534,17.240112332985927,28072546,0.022133586644714764,BBDC4.SA,1364,638,62.5099983215332,54.560001373291016,-1.0
2019-02-05,17.77704429626465,17.971582613189426,17.570831973494407,17.679773952503663,27787606,0.00043805367204052814,BBDC4.SA,1363,637,61.97999954223633,53.65999984741211,-1.0
2019-02-06,16.940513610839844,17.590276191358125,16.862698797572378,17.524133007431786,27403000,-0.04705679254006123,BBDC4.SA,1362,636,62.689998626708984,54.0099983215332,-1.0
2019-02-07,17.197309494018555,17.333487222451144,16.831575057236684,17.12727614805471,30796731,0.015158683442418885,BBDC4.SA,1361,635,61.630001068115234,52.63999938964844,-1.0
2019-02-08,17.38018226623535,17.601957555005562,17.010556389852148,17.138952672050614,29588609,0.010633801309466673,BBDC4.SA,1360,634,62.099998474121094,52.720001220703125,-1.0
2019-02-11,17.27901840209961,17.426867775557316,17.04168018944004,17.349051754385627,16768204,-0.0058206446046469296,BBDC4.SA,1357,631,61.5099983215332,52.40999984741211,-1.0
2019-02-12,17.62530517578125,17.835408867275653,17.356839742860213,17.543598974843725,32518832,0.020040882278333783,BBDC4.SA,1356,630,62.41999816894531,53.099998474121094,-1.0
2019-02-13,17.352956771850586,17.765381653673188,17.3140493232349,17.730364357269437,36950583,-0.015452124159807235,BBDC4.SA,1355,629,63.61000061035156,53.900001525878906,-1.0
2019-02-14,18.014385223388672,18.033838346777994,17.026122225037152,17.411311136448003,34746766,0.038116181595694076,BBDC4.SA,1354,628,64.56999969482422,54.40999984741211,-1.0
2019-02-15,17.897653579711914,18.092193034861324,17.761475842577497,17.959906632067117,24143434,-0.006479912704720037,BBDC4.SA,1353,627,66.25,55.59000015258789,-1.0
2019-02-18,17.48912811279297,17.878207195382647,17.34905897929334,17.777047866620116,15755259,-0.022825643881164037,BBDC4.SA,1350,624,66.25,55.59000015258789,-1.0
2019-02-19,17.636972427368164,17.866529169964412,17.547483582894188,17.6252996086503,24445625,0.00845349828886266,BBDC4.SA,1349,623,66.44999694824219,56.09000015258789,-1.0
2019-02-20,17.345165252685547,17.866531874463107,17.345165252685547,17.780934351704126,22781981,-0.016545196511721372,BBDC4.SA,1348,622,67.08000183105469,56.91999816894531,-1.0
2019-02-21,17.496912002563477,17.54360211524183,17.236229194781245,17.415205787000104,37820577,0.008748648264070846,BBDC4.SA,1347,621,67.06999969482422,56.959999084472656,-1.0
2019-02-22,17.352956771850586,17.660329764461935,17.12729119928108,17.625312468058183,44009248,-0.008227464977351384,BBDC4.SA,1346,620,67.12000274658203,57.2599983215332,-1.0
2019-02-25,17.17786407470703,17.450220857672466,17.103939356434307,17.391859113215176,24582824,-0.010090078563878224,BBDC4.SA,1343,617,64.76000213623047,55.47999954223633,-1.0
2019-02-26,17.485225677490234,17.489115825521676,17.10781849764671,17.18174316322404,26716683,0.017892888280316877,BBDC4.SA,1342,616,65.20999908447266,55.5,-1.0
2019-02-27,17.290693283081055,17.508578420353608,17.236222887736837,17.442434019487788,16541880,-0.011125529518307142,BBDC4.SA,1341,615,66.38999938964844,56.939998626708984,-1.0
2019-02-28,16.835468292236328,17.352943481649127,16.792669538887974,17.329599030358672,26590345,-0.026327746573942434,BBDC4.SA,1340,614,66.02999877929688,57.220001220703125,1.0
2019-03-01,16.555328369140625,16.94051710817702,16.4775123545102,16.94051710817702,26155268,-0.016639865207960347,BBDC4.SA,1339,613,65.06999969482422,55.79999923706055,1.0
2019-03-06,16.430362701416016,16.67559164148891,16.333049027633894,16.628880746042046,13570769,-0.007548365392591516,BBDC4.SA,1334,608,65.98999786376953,56.220001220703125,1.0
2019-03-07,16.54714012145996,16.586066069914597,16.305803035686772,16.37586879424373,20419722,0.007107415835310826,BBDC4.SA,1333,607,66.30000305175781,56.65999984741211,1.0
2019-03-08,16.776798248291016,16.79626122143103,16.27855419952802,16.504321367637505,16822509,0.013879022305081756,BBDC4.SA,1332,606,65.73999786376953,56.06999969482422,1.0
2019-03-11,17.45798683166504,17.45798683166504,16.796256599439438,16.815719567223635,26233850,0.04060301454977644,BBDC4.SA,1329,603,66.58000183105469,56.790000915527344,-1.0
2019-03-12,17.50858497619629,17.50858497619629,17.236108242468905,17.461874103013237,21300099,0.002898280598967684,BBDC4.SA,1328,602,66.66999816894531,56.869998931884766,-1.0
2019-03-13,17.675973892211914,17.765502626205684,17.329539349749837,17.469669682930117,28321710,0.009560390873574187,BBDC4.SA,1327,601,67.55000305175781,58.2599983215332,-1.0
2019-03-14,17.714895248413086,17.714895248413086,17.426848498992562,17.61758276633058,24349473,0.002201935601314764,BBDC4.SA,1326,600,67.2300033569336,58.61000061035156,-1.0
2019-03-15,17.78885841369629,17.851139223823683,17.668189862873696,17.67208293230589,22256023,0.004175196310564067,BBDC4.SA,1325,599,67.16000366210938,58.52000045776367,-1.0
2019-03-18,17.88227653503418,17.91341634282939,17.726575124404846,17.85502861030005,10846425,0.005251496142437473,BBDC4.SA,1322,596,67.54000091552734,59.09000015258789,-1.0
2019-03-19,17.496919631958008,17.897850074992768,17.485241608749018,17.897850074992768,34472687,-0.021549655734335427,BBDC4.SA,1321,595,67.61000061035156,59.029998779296875,-1.0
2019-03-20,17.02202606201172,17.60979757236107,16.994778140506813,17.55530172935126,36744384,-0.027141552909627498,BBDC4.SA,1320,594,68.5,59.83000183105469,-1.0
2019-03-21,16.648338317871094,17.127119208226663,16.41089440641942,17.060946548148568,25797175,-0.02195318834428228,BBDC4.SA,1319,593,67.86000061035156,59.97999954223633,1.0
2019-03-22,16.06056022644043,16.426458608964897,15.873719155182588,16.39921070569277,39760377,-0.035305510989028566,BBDC4.SA,1318,592,67.02999877929688,59.040000915527344,1.0
2019-03-25,16.09559440612793,16.305790332213153,15.924323212345225,15.939893105266231,20953507,0.0021813796775174144,BBDC4.SA,1315,589,67.20999908447266,58.81999969482422,1.0
2019-03-26,16.20069694519043,16.364182046881304,16.09559836339535,16.29022444441038,23256190,0.0065298948526240075,BBDC4.SA,1314,588,67.97000122070312,59.939998626708984,1.0
2019-03-27,15.64017105102539,16.029424366267822,15.628494222355021,15.928218860052592,35715308,-0.0345988753484735,BBDC4.SA,1313,587,67.83000183105469,59.40999984741211,1.0
2019-03-28,16.43425178527832,16.519887417977795,15.570109322741514,15.647960005725247,36142879,0.050771870183661916,BBDC4.SA,1312,586,67.81999969482422,59.29999923706055,1.0
2019-03-29,16.71451187133789,16.71451187133789,16.457606166372155,16.62109129157955,26932625,0.017053413183715893,BBDC4.SA,1311,585,68.38999938964844,60.13999938964844,1.0
2019-04-01,16.848421096801758,17.18473577249043,16.75032951403034,16.997894549513763,22168736,0.008011554659486997,BBDC4.SA,1308,582,69.01000213623047,61.59000015258789,1.0
2019-04-02,16.632938385009766,16.927368809706547,16.371224297533633,16.927368809706547,17454734,-0.012789489920387642,BBDC4.SA,1307,581,69.37000274658203,62.58000183105469,1.0
2019-04-03,16.446002960205078,16.87596395373751,16.28710415161382,16.76380057738759,16439979,-0.011238869553750086,BBDC4.SA,1306,580,69.30999755859375,62.459999084472656,1.0
2019-04-04,16.871292114257812,16.889985814330867,16.408617105201635,16.65163876550019,22280008,0.02585972744148357,BBDC4.SA,1305,579,69.4000015258789,62.099998474121094,-1.0
2019-04-05,17.011493682861328,17.104963350144125,16.717064408887925,16.922697439620205,16063572,0.008310067044896563,BBDC4.SA,1304,578,70.33999633789062,63.08000183105469,-1.0
2019-04-08,17.03485870361328,17.10496124204795,16.8058585808957,17.058227007390983,11535510,0.0013734843740085267,BBDC4.SA,1301,575,71.0999984741211,64.4000015258789,-1.0
2019-04-09,16.96943473815918,16.96943473815918,16.642291436938415,16.927373914204203,19063380,-0.0038405933734116937,BBDC4.SA,1300,574,70.61000061035156,63.97999954223633,-1.0
2019-04-10,16.726404190063477,17.053548480559446,16.712383923862028,17.053548480559446,15823859,-0.014321664324457473,BBDC4.SA,1299,573,71.7300033569336,64.61000061035156,1.0
2019-04-11,16.460004806518555,16.805842559073138,16.27306567321036,16.69367812992975,13487156,-0.01592687708115892,BBDC4.SA,1298,572,70.83000183105469,63.58000183105469,1.0
2019-04-12,16.310470581054688,16.689022674135614,16.174938910980394,16.291775698443175,28133480,-0.009084701202799694,BBDC4.SA,1297,571,71.55000305175781,63.88999938964844,1.0
2019-04-15,16.273086547851562,16.497413321002004,16.1562485498215,16.474046195975834,22395938,-0.0022920266473824835,BBDC4.SA,1294,568,71.18000030517578,63.400001525878906,1.0
2019-04-16,16.24504280090332,16.469370732740813,16.146899701489872,16.254389649757034,14552089,-0.0017233207029151432,BBDC4.SA,1293,567,71.72000122070312,64.05000305175781,1.0
2019-04-17,16.020721435546875,16.34786481463554,15.754331407959898,16.31515083266163,32402928,-0.013808604145011616,BBDC4.SA,1292,566,71.62000274658203,63.7599983215332,1.0
2019-04-18,16.24036407470703,16.450670478158642,15.889852611321635,16.16558812183895,18296325,0.013709909384780339,BBDC4.SA,1291,565,71.97000122070312,64.0,1.0
2019-04-22,16.375900268554688,16.5114307568514,16.04875582864288,16.235695169606938,14163703,0.008345637648526694,BBDC4.SA,1287,561,74.04000091552734,65.69999694824219,1.0
2019-04-23,16.773151397705078,16.8712945235535,16.436660002539174,16.4787220201598,20794079,0.024258277263278227,BBDC4.SA,1286,560,74.51000213623047,66.30000305175781,1.0
2019-04-24,16.660974502563477,16.768464392736735,16.35719851964796,16.754444127033548,21182731,-0.006687884255128673,BBDC4.SA,1285,559,74.56999969482422,65.88999938964844,1.0
2019-04-25,16.85726547241211,16.85726547241211,16.188956455615948,16.731081858127443,41204964,0.011781481918625492,BBDC4.SA,1284,558,74.3499984741211,65.20999908447266,-1.0
2019-04-26,16.805864334106445,16.92737457226081,16.707721221279915,16.81053775917201,13804998,-0.003049197889763655,BBDC4.SA,1283,557,72.1500015258789,63.29999923706055,1.0
2019-04-29,16.58620834350586,16.96476048644913,16.539472910495206,16.89933254126354,18010825,-0.013070198963513469,BBDC4.SA,1280,554,72.04000091552734,63.5,1.0
2019-04-30,16.628267288208008,16.7497786884483,16.408613981268797,16.609574778143312,12718104,0.0025357781495982668,BBDC4.SA,1279,553,72.80000305175781,63.90999984741211,1.0
2019-05-02,16.63760757446289,16.740425237637012,16.380566975874334,16.51609740859654,17284232,0.0005617113372664573,BBDC4.SA,1277,551,70.75,61.810001373291016,1.0
2019-05-03,16.814807891845703,16.898974309949494,16.637119670161322,16.688555890527986,20207508,0.010650588829538066,BBDC4.SA,1276,550,70.8499984741211,61.939998626708984,1.0
2019-05-06,16.36124038696289,16.7353193624343,16.34253673495963,16.693234958345727,15218520,-0.026974290030561066,BBDC4.SA,1273,547,71.23999786376953,62.25,1.0
2019-05-07,16.25836753845215,16.32850741374917,15.888965698857278,16.31447967610599,22871371,-0.006287594710283395,BBDC4.SA,1272,546,69.87999725341797,61.400001525878906,1.0
2019-05-08,16.59503936767578,16.80078191101554,16.323832856152926,16.328508769088774,21069596,0.020707603541830544,BBDC4.SA,1271,545,70.37000274658203,62.119998931884766,1.0
2019-05-09,16.30513572692871,16.454766187813522,16.155504078962203,16.412682954556395,13867555,-0.01746929515043827,BBDC4.SA,1270,544,70.38999938964844,61.70000076293945,1.0
2019-05-10,16.160167694091797,16.40331864020216,15.987156603774148,16.258363017369277,14566197,-0.008890943029532195,BBDC4.SA,1269,543,70.62000274658203,61.65999984741211,1.0
2019-05-13,15.758037567138672,15.968457190276036,15.697250704813728,15.851557003950465,18722777,-0.02488403180990162,BBDC4.SA,1266,540,70.2300033569336,61.040000915527344,1.0
2019-05-14,15.711275100708008,15.907665757535154,15.617755683786468,15.851553632549887,16503601,-0.0029675310920809217,BBDC4.SA,1265,539,71.23999786376953,61.779998779296875,1.0
2019-05-15,15.54294204711914,15.59905417980947,15.299791054902409,15.533590222850922,24808509,-0.010714156076439774,BBDC4.SA,1264,538,71.7699966430664,62.02000045776367,1.0
2019-05-16,15.360575675964355,15.528910849433617,15.145481391576276,15.388632329596403,29397264,-0.011733066404155168,BBDC4.SA,1263,537,72.62000274658203,62.869998931884766,1.0
2019-05-17,15.477484703063965,15.542948687992626,15.164193707898002,15.304473506019201,32340771,0.0076109795339600606,BBDC4.SA,1262,536,72.20999908447266,62.7599983215332,1.0
2019-05-20,15.89831256866455,15.89831256866455,15.369927492975194,15.4821517333041,19525370,0.02718968060212501,BBDC4.SA,1259,533,71.97000122070312,63.099998474121094,1.0
2019-05-21,16.552949905395508,16.604386119051547,15.82349821368246,15.991833402090219,29764620,0.041176529515543736,BBDC4.SA,1258,532,72.18000030517578,62.9900016784668,1.0
2019-05-22,16.25836753845215,16.604389815308387,16.211608412974886,16.595037990212937,20361504,-0.017796366727802382,BBDC4.SA,1257,531,70.98999786376953,61.41999816894531,1.0
2019-05-23,16.178871154785156,16.305121934845946,15.902987666246613,16.132110859193315,18735954,-0.004889567386084592,BBDC4.SA,1256,530,67.76000213623047,57.90999984741211,1.0
2019-05-24,16.0198917388916,16.31915366796776,15.893639740799996,16.309801843972974,12938251,-0.009826360218372465,BBDC4.SA,1255,529,68.69000244140625,58.630001068115234,1.0
2019-05-27,16.249008178710938,16.41734332653452,16.066645299748814,16.169516515178657,11599798,0.014301996764629177,BBDC4.SA,1252,526,68.69000244140625,58.630001068115234,1.0
2019-05-28,16.697912216186523,16.730644796909733,16.141471401786664,16.202258275693,43920338,0.02762655003544956,BBDC4.SA,1251,525,70.11000061035156,59.13999938964844,1.0
2019-05-29,17.02989959716797,17.100039455185733,16.566978433580072,16.595033901954846,27660575,0.019881969475179284,BBDC4.SA,1250,524,69.44999694824219,58.810001373291016,-1.0
2019-05-30,17.34320068359375,17.34320068359375,16.866251470615282,16.922363631528707,18513145,0.018397118822584435,BBDC4.SA,1249,523,66.87000274658203,56.59000015258789,-1.0
2019-05-31,17.30110740661621,17.478794428065523,17.18420842526722,17.20758798412083,18205284,-0.002427076624752278,BBDC4.SA,1248,522,64.48999786376953,53.5,-1.0
2019-06-03,17.244993209838867,17.436707943605157,17.13277015372117,17.34318853232695,24380060,-0.0032433875739008577,BBDC4.SA,1245,519,61.279998779296875,53.25,-1.0
2019-06-04,17.333389282226562,17.431636262588,17.17432540075914,17.370816986100184,19514323,0.005125897778681665,BBDC4.SA,1244,518,61.970001220703125,53.47999954223633,-1.0
2019-06-05,17.066720962524414,17.450348673221256,16.898299272499624,17.3427450690398,14948061,-0.015384661093118535,BBDC4.SA,1243,517,60.630001068115234,51.68000030517578,-1.0
2019-06-06,17.44098663330078,17.501805892106532,17.104144522514243,17.300636050729032,16194277,0.02192955938039831,BBDC4.SA,1242,516,61.66999816894531,52.59000015258789,-1.0
2019-06-07,17.4456787109375,17.66556316614313,17.38486059183741,17.408252176106675,15805092,0.00026902592928768065,BBDC4.SA,1241,515,63.290000915527344,53.9900016784668,-1.0
2019-06-10,17.239826202392578,17.34742865156087,16.865556194316145,17.291288862964137,19707850,-0.01179962740090268,BBDC4.SA,1238,512,62.290000915527344,53.2599983215332,-1.0
2019-06-11,17.31934928894043,17.422274553815292,17.09010956877782,17.356776981901444,26825772,0.004612754537909103,BBDC4.SA,1237,511,62.290000915527344,53.27000045776367,-1.0
2019-06-12,17.118186950683594,17.520527997141016,17.05268935006195,17.356784589432454,28634335,-0.011614890080500428,BBDC4.SA,1236,510,59.970001220703125,51.13999938964844,-1.0
2019-06-13,16.931049346923828,17.169646948750767,16.664381858184626,17.099469856088298,44256548,-0.010932092534033933,BBDC4.SA,1235,509,61.310001373291016,52.279998779296875,-1.0
2019-06-14,16.90297508239746,16.9918642285354,16.68777028130168,16.865548573577563,16948155,-0.001658152660896195,BBDC4.SA,1234,508,62.0099983215332,52.5099983215332,-1.0
2019-06-17,16.86087989807129,17.024623343139513,16.748599119738444,16.870236530624748,18445929,-0.0024904008981241343,BBDC4.SA,1231,505,60.939998626708984,51.93000030517578,-1.0
2019-06-18,17.005905151367188,17.141577471778973,16.917015980169463,17.02461841105281,26954347,0.00860128618272693,BBDC4.SA,1230,504,62.13999938964844,53.900001525878906,-1.0
2019-06-19,17.2164249420166,17.26320926056223,16.72987444267104,16.954435846156514,20888447,0.012379217029355738,BBDC4.SA,1229,503,61.81999969482422,53.7599983215332,-1.0
2019-06-21,17.604726791381836,17.604726791381836,17.30531123994726,17.309989552265442,23594503,0.022554151089613672,BBDC4.SA,1227,501,65.19999694824219,57.43000030517578,-1.0
2019-06-24,17.745094299316406,17.824626867064786,17.5439243155542,17.6141002503547,12982973,0.007973285220381099,BBDC4.SA,1224,498,64.86000061035156,57.900001525878906,-1.0
2019-06-25,17.595378875732422,17.848011429027896,17.39420897109917,17.698302985365924,20308531,-0.008437003549186639,BBDC4.SA,1223,497,65.05000305175781,57.83000183105469,-1.0
2019-06-26,17.815269470214844,17.8854442143149,17.49713921286246,17.656204341538654,17154726,0.012497065055285361,BBDC4.SA,1222,496,66.48999786376953,59.380001068115234,-1.0
2019-06-27,17.73105812072754,17.83398226371062,17.422285691778296,17.646847242342957,13366833,-0.004726919771160132,BBDC4.SA,1221,495,66.55000305175781,59.43000030517578,-1.0
2019-06-28,17.656198501586914,17.908831059860645,17.637485242683148,17.83397683655462,22523048,-0.00422194877659976,BBDC4.SA,1220,494,66.55000305175781,58.470001220703125,-1.0
2019-07-01,17.693565368652344,17.956877688268207,17.608930800654974,17.914559210585733,15761435,0.002116359705746973,BBDC4.SA,1217,491,65.05999755859375,59.09000015258789,-1.0
2019-07-02,17.749523162841797,17.88594874361894,17.44844387758095,17.69777478747348,18177200,0.0031626070282360086,BBDC4.SA,1216,490,62.400001525878906,56.25,-1.0
2019-07-03,18.06471061706543,18.08823205689443,17.59897894274216,17.646023016685003,15631130,0.01775751671365855,BBDC4.SA,1215,489,63.81999969482422,57.34000015258789,-1.0
2019-07-04,18.379901885986328,18.525737204608976,18.191727974767666,18.219953703165004,19060053,0.017447900251617687,BBDC4.SA,1214,488,63.81999969482422,57.34000015258789,-1.0
2019-07-05,18.53985023498535,18.605711462787674,18.187023849716667,18.323450593429698,17271854,0.008702350534361303,BBDC4.SA,1213,487,64.2300033569336,57.5099983215332,-1.0
2019-07-08,18.455171585083008,18.591597132517723,18.356380341965494,18.56337140427982,12413172,-0.004567385864992168,BBDC4.SA,1210,484,64.11000061035156,57.65999984741211,-1.0
2019-07-10,18.370487213134766,18.789174683500747,18.30933148856996,18.62922655376233,27363230,-0.004588652647190328,BBDC4.SA,1208,482,67.01000213623047,60.43000030517578,-1.0
2019-07-11,18.215238571166992,18.32343952084545,17.918865016578017,18.32343952084545,26312139,-0.00845098119426968,BBDC4.SA,1207,481,66.5199966430664,60.20000076293945,-1.0
2019-07-12,17.87653923034668,18.346975290392965,17.84831349668653,18.28111405090087,23367036,-0.018594285191325555,BBDC4.SA,1206,480,66.72000122070312,60.209999084472656,-1.0
2019-07-15,17.801267623901367,18.008258691289214,17.702475184077517,18.008258691289214,15665736,-0.004210636380756139,BBDC4.SA,1203,477,66.4800033569336,59.58000183105469,-1.0
2019-07-16,17.80596923828125,17.890646412355192,17.678951088600925,17.82478638807546,12215252,0.0002641168302852659,BBDC4.SA,1202,476,64.3499984741211,57.619998931884766,-1.0
2019-07-17,17.711870193481445,17.928269656830448,17.711870193481445,17.84829563056219,17275847,-0.005284690967425676,BBDC4.SA,1201,475,63.65999984741211,56.779998779296875,-1.0
2019-07-18,18.09763526916504,18.14467813488078,17.73540042601589,17.782443291731635,18491716,0.021780030650042193,BBDC4.SA,1200,474,61.93000030517578,55.29999923706055,-1.0
2019-07-19,17.688365936279297,18.031783818947872,17.617801599526953,18.017670951597403,19097853,-0.022614519897141472,BBDC4.SA,1199,473,62.470001220703125,55.630001068115234,-1.0
2019-07-22,17.9329833984375,18.107044395472215,17.73540096782634,17.744809541256917,18066062,0.013829285477212183,BBDC4.SA,1196,470,63.2599983215332,56.220001220703125,-1.0
2019-07-23,17.994136810302734,18.102336577934757,17.867119899479803,18.07881514894612,19371507,0.0034101080955979413,BBDC4.SA,1195,469,63.83000183105469,56.77000045776367,-1.0
2019-07-24,18.332860946655273,18.332860946655273,18.031782876066593,18.041191453808263,23880802,0.01882413921397985,BBDC4.SA,1194,468,63.18000030517578,55.880001068115234,-1.0
2019-07-25,17.264982223510742,17.867139837562327,17.24145957398871,17.73541729966716,71658244,-0.058249431239992044,BBDC4.SA,1193,467,63.38999938964844,56.02000045776367,-1.0
2019-07-26,17.04385757446289,17.486066401333947,17.04385757446289,17.4766578299414,33354860,-0.012807696306036953,BBDC4.SA,1192,466,63.459999084472656,56.20000076293945,-1.0
2019-07-29,17.0062313079834,17.194404018849273,16.9074388732087,17.100318260558748,19152291,-0.002207614462577334,BBDC4.SA,1189,463,63.709999084472656,56.869998931884766,-1.0
2019-07-30,16.653400421142578,16.907435500709493,16.498157756644392,16.893322639780983,40448158,-0.020747153231720827,BBDC4.SA,1188,462,64.72000122070312,58.04999923706055,-1.0
2019-07-31,16.230005264282227,16.733369800981706,16.121805499891444,16.700439801384064,42927545,-0.025423946230394123,BBDC4.SA,1187,461,65.16999816894531,58.58000183105469,1.0
2019-08-01,16.088878631591797,16.672218569859577,16.084174344670217,16.465227556740963,39146440,-0.008695415090284042,BBDC4.SA,1186,460,60.5,53.95000076293945,1.0
2019-08-02,16.135452270507812,16.38492125224078,15.96129359727098,16.154279847631848,32229765,0.002894772220144892,BBDC4.SA,1185,459,61.88999938964844,55.65999984741211,1.0
2019-08-05,15.843618392944336,16.08838045486969,15.707117278084489,15.862445968104813,27430179,-0.018086501244026887,BBDC4.SA,1182,456,59.810001373291016,54.689998626708984,1.0
2019-08-06,16.083675384521484,16.173107571619262,15.88127653870718,16.00365698607121,37678081,0.01515165195370094,BBDC4.SA,1181,455,58.939998626708984,53.630001068115234,1.0
2019-08-07,16.422569274902344,16.507294530114617,15.853026949601501,16.003649891077984,42189505,0.021070674598854477,BBDC4.SA,1180,454,56.22999954223633,51.09000015258789,1.0
2019-08-08,16.502592086791992,16.629679406398733,16.30960586820945,16.559074808863294,25420635,0.004872734013181557,BBDC4.SA,1179,453,57.380001068115234,52.540000915527344,1.0
2019-08-09,16.229589462280273,16.582611272057374,16.1636917550688,16.460229645100874,19384018,-0.0165430147625244,BBDC4.SA,1178,452,58.529998779296875,54.5,1.0
2019-08-12,15.890690803527832,16.027191937953447,15.740067790761284,15.904811486922219,29025516,-0.02088152996969439,BBDC4.SA,1175,449,58.56999969482422,54.93000030517578,1.0
2019-08-13,16.05074119567871,16.342572484434534,15.787151297624161,15.815392688325433,22951098,0.010071959371039219,BBDC4.SA,1174,448,61.29999923706055,57.099998474121094,1.0
2019-08-14,15.735355377197266,15.928340372458425,15.56119795319161,15.838908214048658,29252185,-0.01964929934614834,BBDC4.SA,1173,447,59.47999954223633,55.22999954223633,1.0
2019-08-15,15.627096176147461,15.885978874506197,15.434111174358227,15.82478807090979,29948032,-0.006879997207224653,BBDC4.SA,1172,446,58.22999954223633,54.470001220703125,1.0
2019-08-16,15.660049438476562,15.881277063847639,15.542375881545214,15.773016100928519,19358729,0.002108725892363772,BBDC4.SA,1171,445,58.63999938964844,54.869998931884766,1.0
2019-08-19,15.434110641479492,15.801253060489607,15.325849716943786,15.796546167679022,32985640,-0.014427719266450145,BBDC4.SA,1168,442,59.7400016784668,56.209999084472656,1.0
2019-08-20,15.283493995666504,15.485892860030255,15.076388236547624,15.481185965275126,21706480,-0.009758686412950968,BBDC4.SA,1167,441,60.029998779296875,56.34000015258789,1.0
2019-08-21,15.584736824035645,15.627098868090837,15.35409544378491,15.504717239816415,25938128,0.019710337731316807,BBDC4.SA,1166,440,60.29999923706055,55.68000030517578,1.0
2019-08-22,15.38233757019043,15.66946169010322,15.368216888137635,15.627099643944838,16565093,-0.012987017755286323,BBDC4.SA,1165,439,59.91999816894531,55.349998474121094,1.0
2019-08-23,15.048141479492188,15.34468054621299,14.8833990140261,15.118746076089822,29252451,-0.021725962596600645,BBDC4.SA,1164,438,59.34000015258789,54.16999816894531,1.0
2019-08-26,14.892820358276367,15.137581331430917,14.761024885088316,15.13287443559898,21668813,-0.010321614893606279,BBDC4.SA,1161,435,58.70000076293945,53.63999938964844,1.0
2019-08-27,15.081098556518555,15.227013522014321,14.841043284645856,14.991666340912674,32621345,0.012642212402539155,BBDC4.SA,1160,434,59.5099983215332,54.93000030517578,1.0
2019-08-28,14.991665840148926,15.170530265386112,14.85516347591414,14.930475001531933,17731715,-0.005930119482640328,BBDC4.SA,1159,433,60.4900016784668,55.779998779296875,1.0
2019-08-29,15.274076461791992,15.387043103168475,14.986952367276364,15.118746583057872,21709275,0.0188378412815704,BBDC4.SA,1158,432,61.08000183105469,56.709999084472656,1.0
2019-08-30,15.509430885314941,15.645933254364618,15.387050398711047,15.419998669541776,36239536,0.015408749858735193,BBDC4.SA,1157,431,60.43000030517578,55.099998474121094,1.0
2019-09-02,15.349394798278809,15.688296068462389,15.344687902578864,15.60356955596963,12854798,-0.010318630529999817,BBDC4.SA,1154,428,60.43000030517578,55.099998474121094,1.0
2019-09-03,15.099278450012207,15.560828174801514,15.038052063497766,15.282956413914494,18683247,-0.016294867097603638,BBDC4.SA,1153,427,58.2599983215332,53.939998626708984,1.0
2019-09-04,15.28766918182373,15.367734105040489,15.15579831723461,15.344185949871232,17994853,0.01247680360589487,BBDC4.SA,1152,426,60.70000076293945,56.2599983215332,1.0
2019-09-05,15.640894889831543,16.06476762308738,15.377151988654708,15.485474688364205,26544931,0.023105268946281177,BBDC4.SA,1151,425,60.95000076293945,56.29999923706055,1.0
2019-09-06,16.29553985595703,16.29553985595703,15.739795185267788,15.744504814938997,32827784,0.04185470017774273,BBDC4.SA,1150,424,61.540000915527344,56.52000045776367,1.0
2019-09-09,16.502765655517578,16.742960351345573,16.370893635817175,16.370893635817175,32587006,0.012716718893163392,BBDC4.SA,1147,421,62.59000015258789,57.849998474121094,1.0
2019-09-10,16.210765838623047,16.554573623409993,16.064766107791527,16.441541303750512,27172365,-0.01769399281246553,BBDC4.SA,1146,420,62.380001068115234,57.400001525878906,1.0
2019-09-11,16.140121459960938,16.333218688991384,16.036507204521165,16.28612119146048,19352473,-0.004357868059126191,BBDC4.SA,1145,419,60.810001373291016,55.75,1.0
2019-09-12,15.965856552124023,16.276696829739528,15.923469893707747,16.271987201026608,24002056,-0.010797001018190366,BBDC4.SA,1144,418,60.380001068115234,55.09000015258789,1.0
2019-09-13,15.75863265991211,16.06476335082269,15.6691485064467,16.031794749667522,28031259,-0.01297919040769202,BBDC4.SA,1143,417,60.220001220703125,54.849998474121094,1.0
2019-09-16,15.551413536071777,15.739801186024296,15.447800448162031,15.683284412781981,20793547,-0.013149562421584382,BBDC4.SA,1140,414,69.0199966430664,62.900001525878906,1.0
2019-09-17,15.965856552124023,15.965856552124025,15.480758816489788,15.494887702628548,24177215,0.026649861447703094,BBDC4.SA,1139,413,64.55000305175781,59.34000015258789,1.0
2019-09-18,16.012956619262695,16.083602256998855,15.843407566952262,15.984698842424587,18018811,0.002950049500000329,BBDC4.SA,1138,412,63.599998474121094,58.11000061035156,1.0
2019-09-19,15.819860458374023,16.24373311698305,15.796312309462682,16.130699610926666,19203534,-0.01205874502004134,BBDC4.SA,1137,411,64.4000015258789,58.130001068115234,1.0
2019-09-20,16.09773826599121,16.09773826599121,15.852833838142098,15.890512086233496,39010279,0.017565123810564076,BBDC4.SA,1136,410,64.27999877929688,58.09000015258789,1.0
2019-09-23,16.130699157714844,16.130699157714844,15.782181781055108,16.041216194365873,17156323,0.0020475479958117493,BBDC4.SA,1133,407,64.7699966430664,58.63999938964844,1.0
2019-09-24,15.923469543457031,16.187212332501385,15.829275775629812,16.154244932236093,15409120,-0.012846908384544498,BBDC4.SA,1132,406,63.099998474121094,57.290000915527344,1.0
2019-09-25,16.027090072631836,16.05534905315976,15.739799006026772,15.881090321742695,12891001,0.006507409009827381,BBDC4.SA,1131,405,62.38999938964844,56.4900016784668,1.0
2019-09-26,16.257863998413086,16.32379882344387,15.97528258992923,16.04121861060113,19977511,0.01439899100431985,BBDC4.SA,1130,404,62.7400016784668,56.40999984741211,1.0
2019-09-27,16.248445510864258,16.380316362841917,16.012960394768445,16.239026249697368,18152444,-0.0005793188791435311,BBDC4.SA,1129,403,61.90999984741211,55.90999984741211,1.0
2019-09-30,15.975289344787598,16.28612866686021,15.975289344787598,16.239032343352978,19269951,-0.016811218395877847,BBDC4.SA,1126,400,60.779998779296875,54.06999969482422,1.0
2019-10-01,15.75863265991211,16.163666763006475,15.664438877087512,16.14482824556973,18953040,-0.013561988155549654,BBDC4.SA,1125,399,58.88999938964844,53.619998931884766,1.0
2019-10-02,15.150237083435059,15.597911210823018,15.088976035586839,15.597911210823018,25454443,-0.038607129793990946,BBDC4.SA,1124,398,57.689998626708984,52.63999938964844,1.0
2019-10-03,15.192655563354492,15.301039621124982,14.971173953171075,15.159669475086476,22194291,0.0027998558495043735,BBDC4.SA,1123,397,57.709999084472656,52.45000076293945,1.0
2019-10-04,15.348164558410645,15.385862946863805,15.032435769841454,15.192656313404372,18406931,0.010235800739881729,BBDC4.SA,1122,396,58.369998931884766,52.810001373291016,1.0
2019-10-07,15.249199867248535,15.668600309576895,15.239775272625222,15.550791680467293,29808410,-0.006447982153532372,BBDC4.SA,1119,393,58.349998474121094,52.75,1.0
2019-10-08,15.235058784484863,15.569636586850246,15.230346488469456,15.418840721721484,22898790,-0.0009273327706881274,BBDC4.SA,1118,392,58.2400016784668,52.630001068115234,1.0
2019-10-09,15.668598175048828,15.7864067881094,15.315171139549095,15.395281379252049,18797979,0.02845669299323439,BBDC4.SA,1117,391,58.31999969482422,52.59000015258789,1.0
2019-10-10,15.847668647766113,15.974901860642149,15.668598972566905,15.668598972566905,15544216,0.011428621164236707,BBDC4.SA,1116,390,59.099998474121094,53.54999923706055,1.0
2019-10-11,16.026737213134766,16.182245393017467,15.951340467803027,15.951340467803027,21677863,0.011299363291135789,BBDC4.SA,1115,389,60.5099983215332,54.70000076293945,1.0
2019-10-14,16.252931594848633,16.328328342763182,15.932490630939656,15.974901301641589,15452510,0.014113564021533298,BBDC4.SA,1112,386,59.349998474121094,53.59000015258789,1.0
2019-10-15,16.3848819732666,16.507404117704784,16.168113865904264,16.26236102514681,26255439,0.00811855865189215,BBDC4.SA,1111,385,58.7400016784668,52.810001373291016,1.0
2019-10-16,16.77600860595703,16.77600860595703,16.238800600431716,16.399021140557437,27560617,0.023871190120782648,BBDC4.SA,1110,384,59.41999816894531,53.36000061035156,1.0
2019-10-17,16.493267059326172,16.940941360358064,16.460279776312213,16.77600733792503,28942595,-0.01685392236449257,BBDC4.SA,1109,383,59.90999984741211,53.93000030517578,1.0
2019-10-18,16.411529541015625,16.54752390191275,16.324104947015144,16.47952672146419,17146208,-0.004955811242038144,BBDC4.SA,1108,382,59.41999816894531,53.779998779296875,1.0
2019-10-21,16.52809715270996,16.57666692518224,16.28039513545401,16.421245132891336,16341086,0.007102787793362708,BBDC4.SA,1105,379,58.959999084472656,53.310001373291016,1.0
2019-10-22,16.999221801757812,16.999221801757812,16.4795309575555,16.52809950391992,38381381,0.028504469975880076,BBDC4.SA,1104,378,59.70000076293945,54.15999984741211,-1.0
2019-10-23,17.144926071166992,17.387772465175082,16.804942599176044,16.877795407663186,36496419,0.008571231736861806,BBDC4.SA,1103,377,61.16999816894531,55.970001220703125,-1.0
2019-10-24,17.12550163269043,17.22749681532039,16.955509250634762,17.15949961589468,28947120,-0.00113295551091519,BBDC4.SA,1102,376,61.66999816894531,56.22999954223633,-1.0
2019-10-25,17.348913192749023,17.42176722078075,17.09635313764685,17.159493459676582,21644988,0.013045548378689764,BBDC4.SA,1101,375,62.02000045776367,56.65999984741211,-1.0
2019-10-28,17.975465774536133,17.98517948589528,17.280925548217645,17.314924770992096,50467127,0.036114802975034666,BBDC4.SA,1098,372,61.56999969482422,55.810001373291016,-1.0
2019-10-29,17.727754592895508,17.95117230580924,17.606330797035742,17.89774568766893,27647665,-0.013780515328372211,BBDC4.SA,1097,371,61.59000015258789,55.540000915527344,-1.0
2019-10-30,17.810325622558594,17.829754273284163,17.32949086918889,17.606335270585646,25465490,0.004657726348275215,BBDC4.SA,1096,370,60.61000061035156,55.060001373291016,-1.0
2019-10-31,17.081785202026367,17.382915066402127,16.955505771589944,17.23720698796115,51040389,-0.040905508185064,BBDC4.SA,1095,369,60.22999954223633,54.18000030517578,-1.0
2019-11-01,16.93608283996582,17.300351899481566,16.78066101288737,17.217784130909717,29501881,-0.008529691735221112,BBDC4.SA,1094,368,61.689998626708984,56.20000076293945,-1.0
2019-11-04,16.95500373840332,17.139666974582017,16.916127787076103,17.032756874744962,15937394,0.0011171944903842768,BBDC4.SA,1091,365,62.130001068115234,56.540000915527344,-1.0
2019-11-05,17.18340301513672,17.2368586837508,16.886970174935275,17.202840991473746,30057706,0.013470906893171097,BBDC4.SA,1090,364,62.959999084472656,57.22999954223633,-1.0
2019-11-06,17.09107780456543,17.348634788700235,16.95987018138838,17.18340946048638,16237800,-0.00537292936038114,BBDC4.SA,1089,363,61.7400016784668,56.349998474121094,-1.0
2019-11-07,17.13481330871582,17.227144958209855,17.047341154790544,17.178548768834645,13497937,0.0025589670031640477,BBDC4.SA,1088,362,62.290000915527344,57.150001525878906,-1.0
2019-11-08,16.639129638671875,17.10564716526494,16.566237238959722,17.013316792296212,29049873,-0.02892845466789007,BBDC4.SA,1087,361,62.5099983215332,57.2400016784668,1.0
2019-11-11,16.600252151489258,16.668286285260077,16.435026926768817,16.556516715721052,23574139,-0.0023365096628767956,BBDC4.SA,1084,358,62.18000030517578,56.86000061035156,1.0
2019-11-12,16.44474983215332,16.639132060384185,16.250367603922456,16.493346006054654,19981903,-0.009367467308138866,BBDC4.SA,1083,357,62.060001373291016,56.79999923706055,1.0
2019-11-13,16.274662017822266,16.430168264679445,16.109436784747388,16.352415141250855,20086653,-0.01034298582022164,BBDC4.SA,1082,356,62.369998931884766,57.119998931884766,1.0
2019-11-14,16.206628799438477,16.342695837529764,16.114295964790163,16.182330100679298,24764985,-0.004180315284537772,BBDC4.SA,1081,355,62.279998779296875,56.77000045776367,1.0
2019-11-18,16.099720001220703,16.439888240375073,15.997668172418607,16.405871786565758,25034645,-0.00659660929739303,BBDC4.SA,1077,351,62.439998626708984,57.04999923706055,1.0
2019-11-19,16.07056427001953,16.21635156177623,15.944216188534389,16.133738927605737,15653092,-0.0018109464760233118,BBDC4.SA,1076,350,60.90999984741211,55.209999084472656,1.0
2019-11-21,16.162900924682617,16.328126244465295,16.012254091877065,16.162900924682617,38837115,0.005745700842337165,BBDC4.SA,1074,348,63.970001220703125,58.58000183105469,1.0
2019-11-22,16.430164337158203,16.439883321052644,16.12401264342322,16.187187272423788,22091538,0.016535609153394137,BBDC4.SA,1073,347,63.38999938964844,57.77000045776367,1.0
2019-11-25,16.34756088256836,16.541943136536783,16.264948239578672,16.493348189888376,19302162,-0.005027548896941236,BBDC4.SA,1070,344,63.650001525878906,58.0099983215332,1.0
2019-11-26,15.99766731262207,16.303820315199975,15.939353394940193,16.206629218709832,42977457,-0.021403411338225098,BBDC4.SA,1069,343,64.2699966430664,58.40999984741211,1.0
2019-11-27,16.26494598388672,16.381575073355677,15.944215679425284,16.065704262885145,23903562,0.016707352768473127,BBDC4.SA,1068,342,64.05999755859375,58.11000061035156,1.0
2019-11-28,16.138587951660156,16.211481550247957,15.905328682916483,16.03653740711182,20297750,-0.007768733591352994,BBDC4.SA,1067,341,64.05999755859375,58.11000061035156,1.0
2019-11-29,16.216352462768555,16.303824595945134,16.065705668495738,16.22121195718462,18767100,0.004818544927308821,BBDC4.SA,1066,340,62.43000030517578,55.16999816894531,1.0
2019-12-02,16.323257446289062,16.464183973775782,16.226066354809166,16.264942297926346,15525848,0.006592418595115834,BBDC4.SA,1063,337,60.91999816894531,55.959999084472656,1.0
2019-12-03,16.38109588623047,16.541552161094906,16.313024574552756,16.429719486098033,19495556,0.0035433148151784444,BBDC4.SA,1062,336,60.81999969482422,56.099998474121094,1.0
2019-12-04,16.80411148071289,16.80411148071289,16.385953093964307,16.434576678909394,22446117,0.02582340018154694,BBDC4.SA,1061,335,63.0,58.43000030517578,1.0
2019-12-05,16.8721866607666,17.06667856238457,16.765216238315052,16.823564302553763,23276794,0.004051102620441727,BBDC4.SA,1060,334,63.38999938964844,58.43000030517578,-1.0
2019-12-06,16.682552337646484,17.027775922113648,16.667965634254852,16.87218195050364,26245855,-0.011239463321080945,BBDC4.SA,1059,333,64.38999938964844,59.20000076293945,1.0
2019-12-09,16.82356071472168,16.872183062565203,16.53182169012838,16.70200237634679,26372167,0.008452446257698254,BBDC4.SA,1056,330,64.25,59.02000045776367,1.0
2019-12-10,16.765209197998047,16.925665381485675,16.677687755585048,16.823557237734306,29095660,-0.0034684403446514356,BBDC4.SA,1055,329,64.33999633789062,59.2400016784668,1.0
2019-12-11,16.66796112060547,16.93538764684908,16.51722942427717,16.823555050080966,34195519,-0.005800588363919168,BBDC4.SA,1054,328,63.720001220703125,58.7599983215332,1.0
2019-12-12,16.891632080078125,16.911081019305776,16.653378871390267,16.750624801911567,18787597,0.013419215334990575,BBDC4.SA,1053,327,64.19999694824219,59.18000030517578,-1.0
2019-12-13,16.920812606811523,17.154202427461026,16.823566642476983,16.920812606811523,31059151,0.001727513753263299,BBDC4.SA,1052,326,65.22000122070312,60.06999969482422,-1.0
2019-12-16,16.624202728271484,17.10070783289065,16.624202728271484,17.01804985476836,35736817,-0.01752929279653137,BBDC4.SA,1049,323,65.33999633789062,60.209999084472656,1.0
2019-12-17,16.9305362701416,17.0326444660906,16.653383865501365,16.774942240893886,27434705,0.018426961393412267,BBDC4.SA,1048,322,66.0999984741211,60.939998626708984,-1.0
2019-12-18,17.40218162536621,17.494565360812643,16.881914870973937,16.93053847433796,64706165,0.027857673714470232,BBDC4.SA,1047,321,66.16999816894531,60.93000030517578,-1.0
2019-12-19,17.72307777404785,17.72307777404785,17.34868091624463,17.35840538170627,43858712,0.018439995374711415,BBDC4.SA,1046,320,66.54000091552734,61.220001220703125,-1.0
2019-12-20,17.62076759338379,17.73925937823421,17.50721291401086,17.68988832345927,29786715,-0.005772709569320744,BBDC4.SA,1045,319,66.13999938964844,60.439998626708984,-1.0
2019-12-23,17.729379653930664,17.734316757872854,17.51708167763611,17.62076211381229,13666574,0.006163866583636102,BBDC4.SA,1042,316,66.38999938964844,60.52000045776367,-1.0
2019-12-26,17.951574325561523,18.01575800612,17.684966637155163,17.739274844757848,13913608,0.012532568875391892,BBDC4.SA,1039,313,67.91999816894531,61.68000030517578,-1.0
2019-12-27,17.882442474365234,18.09474057046416,17.823195940234676,18.02068396953958,13847724,-0.0038510188545330948,BBDC4.SA,1038,312,68.16000366210938,61.720001220703125,-1.0
2019-12-30,17.857765197753906,18.015755192892502,17.754084655129038,17.95157152235655,9923270,-0.0013799723749540194,BBDC4.SA,1035,309,68.44000244140625,61.68000030517578,-1.0
2020-01-02,18.519325256347656,18.519325256347656,17.87255594682359,18.03548286338378,25031584,0.037046072185838774,BBDC4.SA,1032,306,66.25,61.18000030517578,-1.0
2020-01-03,18.528682708740234,18.7707255162536,18.21748302190399,18.22736347182393,39999078,0.0005052804172425152,BBDC4.SA,1031,305,68.5999984741211,63.04999923706055,-1.0
2020-01-06,18.19772720336914,18.41507205187476,18.000140749450665,18.37555526270047,33675497,-0.017861793554000305,BBDC4.SA,1028,302,68.91000366210938,63.27000045776367,-1.0
2020-01-07,17.881595611572266,18.257010260943254,17.782802348791687,18.153277397724846,19775066,-0.017372037082649894,BBDC4.SA,1027,301,68.2699966430664,62.70000076293945,-1.0
2020-01-08,17.60496711730957,18.03965805046026,17.51605309130201,17.96556281978338,28306110,-0.015470011752400481,BBDC4.SA,1026,300,65.44000244140625,59.61000061035156,-1.0
2020-01-09,17.32341194152832,17.72846416321356,17.150523431094705,17.67412856246372,30779241,-0.015992939600802725,BBDC4.SA,1025,299,65.37000274658203,59.560001373291016,-1.0
2020-01-10,17.007272720336914,17.47654100243042,16.967755919328575,17.34317054500338,26446970,-0.018249246872294567,BBDC4.SA,1024,298,64.9800033569336,59.040000915527344,-1.0
2020-01-13,17.190046310424805,17.264140332243414,17.07643296892114,17.180165853491424,21719790,0.010746790099351644,BBDC4.SA,1021,295,64.19999694824219,58.08000183105469,-1.0
2020-01-14,17.170291900634766,17.214748327319093,16.962826068058664,17.204870375413858,18941860,-0.0011491772292701041,BBDC4.SA,1020,294,64.48999786376953,58.22999954223633,-1.0
2020-01-15,16.868968963623047,17.101132764311853,16.730658854408848,17.08137435642759,28302783,-0.017549086454411333,BBDC4.SA,1019,293,64.0,57.810001373291016,-1.0
2020-01-16,17.111011505126953,17.239443660947238,16.868968507047153,16.933184584957296,32815006,0.014348389757895541,BBDC4.SA,1018,292,64.62000274658203,58.52000045776367,-1.0
2020-01-17,17.51112174987793,17.56545861240203,17.180163482008727,17.214740687417844,29995016,0.02338320236831648,BBDC4.SA,1017,291,64.8499984741211,58.540000915527344,-1.0
2020-01-20,17.170291900634766,17.461732237639215,17.096196602136267,17.417275810954884,18649572,-0.019463621697767053,BBDC4.SA,1014,288,64.8499984741211,58.540000915527344,-1.0
2020-01-21,16.5972900390625,17.125835067926324,16.592350436214684,17.041860565488864,31255074,-0.03337170182593585,BBDC4.SA,1013,287,64.58999633789062,58.34000015258789,-1.0
2020-01-22,16.65656280517578,16.8640285864728,16.5676487197593,16.794872908032357,23771926,0.003571231566947386,BBDC4.SA,1012,286,63.209999084472656,56.7400016784668,-1.0
2020-01-23,17.096189498901367,17.269078038890147,16.47379225977068,16.542946672546915,38929221,0.026393602261624904,BBDC4.SA,1011,285,62.040000915527344,55.59000015258789,-1.0
2020-01-24,16.967761993408203,17.229564655879642,16.775115011481443,17.150529771546342,17851638,-0.007512054396765833,BBDC4.SA,1010,284,60.689998626708984,54.189998626708984,-1.0
2020-01-27,16.577512741088867,16.829435961387816,16.513296723203293,16.784978332382988,18971275,-0.022999453461861608,BBDC4.SA,1007,281,59.31999969482422,53.13999938964844,-1.0
2020-01-28,16.5972900390625,16.809695469567757,16.48861752238596,16.720782618307073,16647083,0.0011930196213700839,BBDC4.SA,1006,280,59.5099983215332,53.47999954223633,-1.0
2020-01-29,16.360187530517578,16.755360797054692,16.300911038927147,16.725723178271807,21514683,-0.014285615783473649,BBDC4.SA,1005,279,59.810001373291016,53.33000183105469,-1.0
2020-01-30,16.523189544677734,16.562707609053785,16.088499614710503,16.162593634120242,21038983,0.009963334091134257,BBDC4.SA,1004,278,58.290000915527344,52.13999938964844,-1.0
2020-01-31,16.246562957763672,16.439209855182007,16.113192511098593,16.320658207699292,23105760,-0.01674171842948846,BBDC4.SA,1003,277,58.15999984741211,51.560001373291016,-1.0
2020-02-03,16.350299835205078,16.542946780096653,16.207050153784625,16.29596422481336,20154401,0.0063851583692557945,BBDC4.SA,1000,274,54.45000076293945,50.11000061035156,-1.0
2020-02-04,16.359661102294922,16.685866440800247,16.33000652779156,16.680924011716353,27380134,0.0005725440624451128,BBDC4.SA,999,273,53.959999084472656,49.61000061035156,-1.0
2020-02-05,16.675979614257812,17.101034739011062,16.65126621701334,16.814368867013933,52370324,0.01933527289990855,BBDC4.SA,998,272,55.279998779296875,50.75,-1.0
2020-02-06,16.483219146728516,16.93792875292545,16.394252941758253,16.804480700211755,31171620,-0.011559169055621044,BBDC4.SA,997,271,54.93000030517578,50.95000076293945,-1.0
2020-02-07,16.67103385925293,16.903330461908617,16.38931047197082,16.40908143676973,30296088,0.011394298095083633,BBDC4.SA,996,270,54.470001220703125,50.31999969482422,-1.0
2020-02-10,16.848966598510742,17.031838956839643,16.567244418496646,16.730347063436888,32551069,0.010673167648751036,BBDC4.SA,993,267,53.27000045776367,49.56999969482422,-1.0
2020-02-11,16.997243881225586,17.234484250466217,16.85885460689182,17.061496716492407,36211052,0.008800378459290714,BBDC4.SA,992,266,54.0099983215332,49.939998626708984,-1.0
2020-02-12,16.76988983154297,17.06149692635286,16.60678715410522,16.99230166096379,65565592,-0.013375936197146832,BBDC4.SA,991,265,55.790000915527344,51.16999816894531,-1.0
2020-02-13,16.448633193969727,16.651275383528752,16.32507115869431,16.651275383528752,25560923,-0.019156753013903627,BBDC4.SA,990,264,56.34000015258789,51.41999816894531,-1.0
2020-02-14,16.07794189453125,16.46840013907122,16.013690304394938,16.443686734276472,29435464,-0.022536298005257804,BBDC4.SA,989,263,57.31999969482422,52.04999923706055,-1.0
2020-02-17,15.94449234008789,16.161961733352513,15.944492340087892,16.127364729114724,14387045,-0.008300163996036725,BBDC4.SA,986,260,57.31999969482422,52.04999923706055,-1.0
2020-02-18,15.882060050964355,16.03062987192382,15.688920038057272,15.857297575981978,34812571,-0.003915602189890177,BBDC4.SA,985,259,57.75,52.04999923706055,-1.0
2020-02-19,16.10986328125,16.342622463849107,15.758249014575552,15.792915971304593,36195879,0.014343430861905926,BBDC4.SA,984,258,59.119998931884766,53.290000915527344,-1.0
2020-02-20,15.877108573913574,16.26834086216499,15.852346097735737,16.26834086216499,27882985,-0.014447962920164925,BBDC4.SA,983,257,59.310001373291016,53.779998779296875,-1.0
2020-02-21,15.753291130065918,15.87214742880877,15.604722642486939,15.797862556402752,21578305,-0.00779848819898421,BBDC4.SA,982,256,58.5,53.380001068115234,-1.0
2020-02-26,14.906457901000977,15.317500502691102,14.767793790338507,15.188739624325228,38676996,-0.05375595626800289,BBDC4.SA,977,251,53.43000030517578,48.72999954223633,-1.0
2020-02-27,14.84206771850586,15.406630746715248,14.713306935574055,14.713306935574055,47990536,-0.004319616566373807,BBDC4.SA,976,250,52.18000030517578,47.09000015258789,-1.0
2020-02-28,15.119403839111328,15.198642253570936,14.708362578967275,14.891598112166522,55779548,0.018685814258863065,BBDC4.SA,975,249,50.52000045776367,44.7599983215332,-1.0
2020-03-02,15.322447776794434,15.391780438250887,14.916357551606866,15.129307779135,44379000,0.013429361358671121,BBDC4.SA,972,246,51.900001525878906,46.75,-1.0
2020-03-03,14.925488471984863,15.38138002814147,14.826381721342402,15.163345428328695,41219739,-0.02590704243813824,BBDC4.SA,971,245,51.86000061035156,47.18000030517578,-1.0
2020-03-04,15.089018821716309,15.178215045385716,14.732235185042196,15.15343866603408,38989515,0.010956448764701587,BBDC4.SA,970,244,51.130001068115234,46.779998779296875,-1.0
2020-03-05,14.593485832214355,15.059288082371921,14.46464739374662,14.940360196247582,32076434,-0.03284063697957451,BBDC4.SA,969,243,49.9900016784668,45.900001525878906,-1.0
2020-03-06,14.177241325378418,14.48942886590634,13.983982970767817,14.147509657901107,40149215,-0.02852262383515658,BBDC4.SA,968,242,45.27000045776367,41.279998779296875,-1.0
2020-03-09,13.156435012817383,13.602416137896718,12.95822145900513,13.215899582162473,61036066,-0.0720031696669865,BBDC4.SA,965,239,34.36000061035156,31.1299991607666,-1.0
2020-03-10,13.473581314086914,14.058311580247697,12.992913128649397,13.874963805162924,44294615,0.024105793169696632,BBDC4.SA,964,238,37.220001220703125,34.36000061035156,-1.0
2020-03-11,12.383400917053223,13.265452545211687,11.897777623012663,13.13165758932082,47226275,-0.0809124442581487,BBDC4.SA,963,237,35.790000915527344,32.97999954223633,-1.0
2020-03-12,10.723361015319824,11.298180530073923,10.406218975489322,10.901753452037088,51490932,-0.1340536346075456,BBDC4.SA,962,236,33.220001220703125,31.5,1.0
2020-03-13,12.532063484191895,12.75505343175969,10.906710227863133,12.735232326732085,79427025,0.1686693627387985,BBDC4.SA,961,235,33.849998474121094,31.729999542236328,-1.0
2020-03-16,10.743191719055176,11.977074052098803,10.72337059903944,11.099976911356727,61220542,-0.1427435926568058,BBDC4.SA,958,232,30.049999237060547,28.700000762939453,-1.0
2020-03-17,11.605414390563965,12.170323439001017,10.728317901988163,11.07519227636294,72201692,0.08025758955594786,BBDC4.SA,957,231,28.729999542236328,26.950000762939453,-1.0
2020-03-18,10.252601623535156,11.154474189192744,9.76202314353601,10.802644657293037,78717070,-0.11656738152570778,BBDC4.SA,956,230,24.8799991607666,20.3700008392334,-1.0
2020-03-19,10.282334327697754,10.64903032777603,9.375507078712198,9.9106836817689,72420907,0.00290001555257402,BBDC4.SA,955,229,28.469999313354492,25.219999313354492,-1.0
2020-03-20,9.53408432006836,10.753100464817102,9.395335261595392,10.668859470814002,67041671,-0.0727704413980993,BBDC4.SA,954,228,26.979999542236328,22.43000030517578,1.0
2020-03-23,8.75609302520752,9.762028130305705,8.572745882629993,9.66292069974763,70904765,-0.08160105037284393,BBDC4.SA,951,225,27.030000686645508,23.360000610351562,1.0
2020-03-24,10.074213981628418,10.212964253308478,9.375511120251236,9.42010861314595,49044688,0.15053756882507074,BBDC4.SA,950,224,27.149999618530273,24.010000228881836,1.0
2020-03-25,10.827425956726074,11.605415752188541,9.851223827227106,9.905731873136103,47534934,0.07476632682919293,BBDC4.SA,949,223,27.389999389648438,24.489999771118164,-1.0
2020-03-26,11.055370330810547,11.531083111337153,10.58461282622674,11.000861037436195,51020557,0.021052498996113833,BBDC4.SA,948,222,26.34000015258789,22.600000381469727,-1.0
2020-03-27,10.336845397949219,10.80264763302842,10.262514999776286,10.505326669338471,42285204,-0.06499329387988473,BBDC4.SA,947,221,24.93000030517578,21.510000228881836,1.0
2020-03-30,10.658942222595215,10.817512295880112,10.287290900763859,10.475593884917455,42414843,0.031160069851668526,BBDC4.SA,944,218,22.760000228881836,20.09000015258789,-1.0
2020-03-31,10.29224967956543,10.649035296408503,10.108901908480608,10.530106128458886,52023599,-0.03440233893495148,BBDC4.SA,943,217,22.739999771118164,20.479999542236328,1.0
2020-04-01,9.841307640075684,9.99492366189419,9.60345132477794,9.910682739413378,34088640,-0.043813748551501,BBDC4.SA,942,216,24.739999771118164,20.309999465942383,1.0
2020-04-02,9.895349502563477,10.108632352843676,9.731666729462486,9.845748166179467,39838294,0.005491329451761562,BBDC4.SA,941,215,29.940000534057617,25.31999969482422,1.0
2020-04-03,9.528303146362305,9.835827378337983,9.037255495223608,9.820947356352745,54433374,-0.037092813761260834,BBDC4.SA,940,214,34.11000061035156,28.34000015258789,1.0
2020-04-06,10.431035995483398,10.604638762946283,10.18303186207861,10.237593199557246,75409934,0.09474224688849642,BBDC4.SA,937,211,33.04999923706055,26.079999923706055,1.0
2020-04-07,10.822879791259766,11.373448044613566,10.798079759812596,11.16016525575903,49370250,0.03756518489113003,BBDC4.SA,936,210,31.8700008392334,23.6299991607666,-1.0
2020-04-08,11.110566139221191,11.318888963140505,10.778241874246039,10.86256325710951,45025201,0.026581312322599526,BBDC4.SA,935,209,32.84000015258789,25.09000015258789,-1.0
2020-04-09,11.105606079101562,11.5470530204145,11.041124725641106,11.259368822274695,50273467,-0.0004464273068965907,BBDC4.SA,934,208,31.479999542236328,22.760000228881836,-1.0
2020-04-13,11.393285751342773,11.393285751342773,10.812957578343799,11.095681656923109,42999286,0.025904004715471052,BBDC4.SA,930,204,31.739999771118164,22.40999984741211,-1.0
2020-04-14,11.517788887023926,12.03611661724376,11.517788887023926,11.730576869024622,41663446,0.010927763807422997,BBDC4.SA,929,203,29.600000381469727,20.110000610351562,-1.0
2020-04-15,11.184964179992676,11.490505070311913,11.13040411620987,11.315910095957447,43839147,-0.028896579916151577,BBDC4.SA,928,202,27.690000534057617,19.8700008392334,-1.0
2020-04-16,10.895792961120605,11.370472749021948,10.8630561634989,11.359560483148046,35433640,-0.02585356682584028,BBDC4.SA,927,201,27.81999969482422,19.8700008392334,-1.0
2020-04-17,11.10858154296875,11.288631422120062,10.781216065813487,11.17405388287708,32352012,0.019529425954351032,BBDC4.SA,926,200,28.079999923706055,18.270000457763672,-1.0
2020-04-20,10.748480796813965,10.95581263099038,10.6666400454735,10.846691209468185,50772084,-0.03241644711900349,BBDC4.SA,923,197,25.56999969482422,-37.630001068115234,-1.0
2020-04-22,10.71028995513916,10.988550294338896,10.568431718307826,10.639360207121085,52473465,-0.0035531385687663786,BBDC4.SA,921,195,20.3700008392334,13.779999732971191,-1.0
2020-04-23,10.557519912719727,10.994005652090813,10.38292486144837,10.857603543736131,51634451,-0.01426385681987341,BBDC4.SA,920,194,21.329999923706055,16.5,-1.0
2020-04-24,9.733644485473633,10.486583634956238,9.384455880428431,10.382917775956876,88260909,-0.07803683384518045,BBDC4.SA,919,193,21.440000534057617,16.940000534057617,1.0
2020-04-27,10.017365455627441,10.399291024888583,9.90278791076956,10.170135305570518,53192084,0.02914848293229011,BBDC4.SA,916,190,19.989999771118164,12.779999732971191,1.0
2020-04-28,10.895792961120605,11.04856342415077,10.57934102839084,10.666637896177592,69331911,0.08769047204918445,BBDC4.SA,915,189,20.459999084472656,12.34000015258789,-1.0
2020-04-29,11.261359214782715,11.310463186306603,10.852152736321823,11.2013417105581,44718333,0.03355113803708987,BBDC4.SA,914,188,22.540000915527344,15.0600004196167,-1.0
2020-04-30,10.448395729064941,10.688463718470343,10.393835022709903,10.393835022709903,85093250,-0.0721905295988251,BBDC4.SA,913,187,25.270000457763672,18.84000015258789,-1.0
2020-05-04,9.984627723693848,10.224695687686205,9.86459405649879,10.208326659029481,53674269,-0.04438652759686368,BBDC4.SA,909,183,27.200000762939453,20.389999389648438,1.0
2020-05-05,9.994976043701172,10.39914456618323,9.918511643467435,10.10421117128713,62144511,0.0010364252222210268,BBDC4.SA,908,182,30.969999313354492,24.559999465942383,1.0
2020-05-06,9.78742790222168,10.071437642329778,9.66180744590387,10.016820408857242,50904216,-0.020765246517052804,BBDC4.SA,907,181,29.719999313354492,23.989999771118164,1.0
2020-05-07,9.366874694824219,9.874815815913298,9.284948524574634,9.858430455812453,85305726,-0.04296871574420469,BBDC4.SA,906,180,29.459999084472656,23.549999237060547,1.0
2020-05-08,9.78742790222168,9.902124155539461,9.541649406213374,9.634499144294903,48497526,0.04489792178279517,BBDC4.SA,905,179,30.969999313354492,24.739999771118164,1.0
2020-05-11,9.639958381652832,10.136976430859903,9.639958381652832,9.721884530682159,37148936,-0.015067239528310905,BBDC4.SA,902,176,29.6299991607666,24.139999389648438,1.0
2020-05-12,9.33956527709961,9.814736283605711,9.33956527709961,9.787427981774782,49303265,-0.03116124496190187,BBDC4.SA,901,175,29.979999542236328,25.780000686645508,1.0
2020-05-13,9.257640838623047,9.563498414037301,9.071941956552806,9.437877933256981,65038105,-0.008771761430635294,BBDC4.SA,900,174,29.190000534057617,25.290000915527344,1.0
2020-05-14,9.765579223632812,9.781963949924114,8.798852010993413,9.10470947883041,82827525,0.054866935741407996,BBDC4.SA,899,173,31.1299991607666,27.559999465942383,1.0
2020-05-15,9.345026016235352,9.847505898514914,9.345026016235352,9.689115370678572,48846974,-0.04306485030398577,BBDC4.SA,898,172,32.5,29.43000030517578,1.0
2020-05-18,9.836580276489258,9.86935035423395,9.52526170176986,9.803809568490161,58094641,0.05260063047442731,BBDC4.SA,895,169,34.810001373291016,31.81999969482422,1.0
2020-05-19,9.547110557556152,9.831121558031395,9.547110557556152,9.798350839811505,42144179,-0.02942788151945208,BBDC4.SA,894,168,34.650001525878906,32.5,1.0
2020-05-20,9.645421981811523,9.73280929660458,9.487031449585459,9.612651266073211,33736010,0.010297505581682076,BBDC4.SA,893,167,35.75,33.4900016784668,1.0
2020-05-21,10.180672645568848,10.26806123213569,9.672731528186148,9.721886977875364,63209795,0.05549271610580142,BBDC4.SA,892,166,36.060001373291016,33.91999816894531,1.0
2020-05-22,10.240752220153809,10.377296263764235,9.956742449787754,10.065976928370493,51975913,0.005901336451586081,BBDC4.SA,891,165,35.130001068115234,33.25,1.0
2020-05-25,10.967164039611816,11.005395289377944,10.524763059380431,10.699538988701976,50529600,0.07093344354415976,BBDC4.SA,888,162,35.130001068115234,33.25,1.0
2020-05-26,10.49199390411377,11.21840473145953,10.415529506984518,11.1910957931081,73392187,-0.04332661878511168,BBDC4.SA,887,161,36.16999816894531,34.349998474121094,1.0
2020-05-27,10.672231674194336,10.770542597900961,10.475609196526294,10.705002402266404,38394873,0.017178600343057626,BBDC4.SA,886,160,34.7400016784668,32.810001373291016,1.0
2020-05-28,10.431910514831543,10.73776736388188,10.410064002205857,10.579378099018447,44381711,-0.022518360423517958,BBDC4.SA,885,159,35.290000915527344,33.709999084472656,1.0
2020-05-29,10.34998607635498,10.431911610249433,10.087822855281717,10.431911610249433,85059733,-0.00785325356847022,BBDC4.SA,884,158,35.33000183105469,35.4900016784668,1.0
2020-06-01,10.81423282623291,10.890696569073155,10.262597486963303,10.317215346498553,73584335,0.044854818784589634,BBDC4.SA,881,155,38.31999969482422,35.439998626708984,1.0
2020-06-02,11.300216674804688,11.316617727319088,10.955798357151716,11.026868322997638,57911810,0.044939281073447024,BBDC4.SA,880,154,39.56999969482422,36.810001373291016,1.0
2020-06-03,11.80317497253418,12.027320099808765,11.677433607503541,11.830508790172564,92530636,0.044508730425577125,BBDC4.SA,879,153,39.790000915527344,37.290000915527344,1.0
2020-06-04,11.972649574279785,12.114790720852069,11.486090223541618,11.693834296838615,70904185,0.014358391038002072,BBDC4.SA,878,152,39.9900016784668,37.40999984741211,1.0
2020-06-05,12.191329956054688,12.918435534867232,12.125725762150065,12.759893327980565,88795971,0.018264994763120823,BBDC4.SA,877,151,42.29999923706055,39.54999923706055,-1.0
2020-06-08,12.83096981048584,12.84737086570144,12.355342994383497,12.410013178435497,70020280,0.0524667822736995,BBDC4.SA,874,148,40.79999923706055,38.189998626708984,-1.0
2020-06-09,12.546677589416504,12.798157716447312,12.371734398636754,12.497474462152157,62607457,-0.022156721219701137,BBDC4.SA,873,147,41.18000030517578,38.939998626708984,-1.0
2020-06-10,11.961721420288086,12.836436792328481,11.91798527317106,12.792700645211456,74329574,-0.04662239584619965,BBDC4.SA,872,146,41.72999954223633,39.599998474121094,1.0
2020-06-12,11.825042724609375,11.93984753144267,11.58449529434073,11.671967545971535,89793858,-0.011426339978700129,BBDC4.SA,870,144,38.72999954223633,36.2599983215332,1.0
2020-06-15,11.562623977661133,11.753968212542365,11.371281004495616,11.480620026549584,81559324,-0.02219178002647859,BBDC4.SA,867,141,39.720001220703125,37.119998931884766,1.0
2020-06-16,12.043718338012695,12.180392441187392,11.748502073280823,12.021850279630216,63720657,0.0416077147610292,BBDC4.SA,866,140,40.959999084472656,38.380001068115234,1.0
2020-06-17,12.235067367553711,12.475614866836386,12.021856216464638,12.027323233760072,65846627,0.015887869856361148,BBDC4.SA,865,139,40.709999084472656,37.959999084472656,-1.0
2020-06-18,12.191329956054688,12.4428101759234,11.99998565221571,12.087456649039035,66061281,-0.003574758535045852,BBDC4.SA,864,138,41.5099983215332,38.84000015258789,-1.0
2020-06-19,12.224135398864746,12.448280622425651,11.950787011329504,12.38267766550985,89256255,0.0026908830232887926,BBDC4.SA,863,137,42.189998626708984,39.75,-1.0
2020-06-22,11.797713279724121,12.289741197577086,11.743044352218329,12.240538027276747,45392424,-0.0348836220498856,BBDC4.SA,860,134,43.08000183105469,40.459999084472656,1.0
2020-06-23,11.781305313110352,12.081987360129869,11.666497995373742,12.027318470542653,44536712,-0.0013907751633503995,BBDC4.SA,859,133,42.630001068115234,40.369998931884766,1.0
2020-06-24,11.398622512817383,11.825047384112489,11.322085524198112,11.715707026489863,55327613,-0.03248220720221173,BBDC4.SA,858,132,40.310001373291016,38.0099983215332,1.0
2020-06-25,11.671968460083008,11.775840505313449,11.382219127295855,11.540760072360975,49717932,0.023980612302781035,BBDC4.SA,857,131,41.04999923706055,38.720001220703125,1.0
2020-06-26,11.311149597167969,11.655569142657827,11.27834749536582,11.502493929297485,55023540,-0.030913282892170657,BBDC4.SA,856,130,41.02000045776367,38.4900016784668,1.0
2020-06-29,11.704769134521484,11.704769134521484,11.349416874470576,11.420486821794297,59291694,0.034799251302632284,BBDC4.SA,853,127,41.709999084472656,39.70000076293945,1.0
2020-06-30,11.316617012023926,11.6391685009865,11.245547050670158,11.600899380871795,54322829,-0.03316187769588397,BBDC4.SA,852,126,41.150001525878906,39.27000045776367,1.0
2020-07-01,11.568093299865723,11.677432343734546,11.349415212128076,11.382217303803513,40633494,0.022221860788838477,BBDC4.SA,851,125,42.029998779296875,39.81999969482422,1.0
2020-07-02,11.605823516845703,11.97243812593532,11.594879684080603,11.830169562836097,45546578,0.0032615761303047552,BBDC4.SA,850,124,43.13999938964844,40.650001525878906,1.0
2020-07-03,11.682426452636719,11.70431284802546,11.490910705923662,11.589403905136287,15265844,0.006600387786340756,BBDC4.SA,849,123,43.13999938964844,40.650001525878906,1.0
2020-07-06,12.393763542175293,12.42112310564046,11.89035262580113,11.98337387873647,69057483,0.06088949863476567,BBDC4.SA,846,120,43.099998474121094,40.630001068115234,-1.0
2020-07-07,11.879416465759277,12.360940042070506,11.879416465759277,12.284334477783553,67814208,-0.041500475191875386,BBDC4.SA,845,119,43.08000183105469,40.619998931884766,1.0
2020-07-08,12.284335136413574,12.360940704807769,11.961494587590872,12.038101418832175,63011960,0.03408573744522014,BBDC4.SA,844,118,43.290000915527344,40.900001525878906,-1.0
2020-07-09,12.010735511779785,12.432069073204952,11.961488289056662,12.349990368666415,97748398,-0.02227223708858095,BBDC4.SA,843,117,42.349998474121094,39.619998931884766,1.0
2020-07-10,12.185827255249023,12.185827255249023,11.846571364641736,12.005255490064783,83139221,0.014577936821397186,BBDC4.SA,842,116,43.2400016784668,40.54999923706055,-1.0
2020-07-13,12.016202926635742,12.360929568095099,12.016202926635742,12.306211715068487,45588807,-0.013919804134776004,BBDC4.SA,839,113,42.720001220703125,40.099998474121094,1.0
2020-07-14,12.218668937683105,12.22961276785098,11.879413991019286,12.027154435438833,46757788,0.016849416765305048,BBDC4.SA,838,112,42.900001525878906,40.290000915527344,-1.0
2020-07-15,12.421127319335938,12.661889033812031,12.311690291196498,12.366408173842892,57340932,0.016569593847365782,BBDC4.SA,837,111,43.790000915527344,41.20000076293945,-1.0
2020-07-16,12.202253341674805,12.355465687195808,12.158478024998328,12.311690370519333,36847041,-0.017621104110285724,BBDC4.SA,836,110,43.369998931884766,40.75,-1.0
2020-07-17,12.262442588806152,12.437542584805282,12.229611102772576,12.300745989178656,54564466,0.0049326337886939076,BBDC4.SA,835,109,43.13999938964844,40.59000015258789,-1.0
2020-07-20,12.377350807189941,12.475845259562067,12.185836342159424,12.289801445705693,48562745,0.009370744658057317,BBDC4.SA,832,106,43.279998779296875,40.810001373291016,-1.0
2020-07-21,12.711137771606445,12.847934388709055,12.481318596138232,12.585284984899786,77298188,0.02696756112161003,BBDC4.SA,831,105,44.31999969482422,41.959999084472656,-1.0
2020-07-22,12.49225902557373,12.77679601271101,12.339046704588544,12.749437707016103,50483015,-0.01721944565195699,BBDC4.SA,830,104,44.290000915527344,41.900001525878906,-1.0
2020-07-23,12.311688423156738,12.525090532507027,12.27338502712334,12.525090532507027,37550656,-0.014454599608232144,BBDC4.SA,829,103,43.310001373291016,41.06999969482422,-1.0
2020-07-24,12.388297080993652,12.508677950368163,12.08187236103302,12.20225449325431,34986303,0.006222433122399673,BBDC4.SA,828,102,43.34000015258789,41.290000915527344,-1.0
2020-07-27,12.957371711730957,12.984731288316093,12.492262698324138,12.525094190226302,66450296,0.045936469477341646,BBDC4.SA,825,99,43.40999984741211,41.599998474121094,-1.0
2020-07-28,12.869824409484863,13.209079425429357,12.776801834061391,12.809633331269676,51909000,-0.00675656330572294,BBDC4.SA,824,98,43.220001220703125,41.040000915527344,-1.0
2020-07-29,13.274739265441895,13.29662692712858,13.077752835955444,13.077752835955444,56100440,0.03146234502303047,BBDC4.SA,823,97,43.75,41.27000045776367,-1.0
2020-07-30,12.80963134765625,13.258324618146732,12.689250472714283,13.11605608178862,79453077,-0.03503706615138269,BBDC4.SA,822,96,42.939998626708984,39.91999816894531,-1.0
2020-07-31,12.278855323791504,12.951894308368015,12.191305978662776,12.913590917378944,92756543,-0.041435698612970695,BBDC4.SA,821,95,43.29999923706055,40.27000045776367,-1.0
2020-08-03,12.147534370422363,12.448487151205324,12.027153510678517,12.404711833899677,67604394,-0.010694885631129858,BBDC4.SA,818,92,44.150001525878906,41.0099983215332,-1.0
2020-08-04,11.895035743713379,12.278393123571611,11.681451333082093,12.010042831278321,82536278,-0.020785998130104955,BBDC4.SA,817,91,44.43000030517578,41.70000076293945,-1.0
2020-08-05,11.949796676635742,12.119569593511866,11.73621233186488,12.064804992662225,45419286,0.004603679560299279,BBDC4.SA,816,90,45.16999816894531,42.189998626708984,-1.0
2020-08-06,12.03194808959961,12.190767868048997,11.807409259133173,11.993611975922997,50515322,0.006874712196943911,BBDC4.SA,815,89,45.09000015258789,41.95000076293945,-1.0
2020-08-07,11.9607515335083,12.349585436375476,11.785503269406933,11.889557163203067,70822510,-0.005917292491716353,BBDC4.SA,814,88,44.400001525878906,41.220001220703125,-1.0
2020-08-10,12.06480598449707,12.17433645912561,11.873126705953391,12.020993289075662,35251898,0.008699658269571087,BBDC4.SA,811,85,44.9900016784668,41.939998626708984,-1.0
2020-08-11,11.966230392456055,12.294821863263289,11.966230392456055,12.207197723833058,38937074,-0.008170507852980236,BBDC4.SA,810,84,44.5,41.61000061035156,-1.0
2020-08-12,11.856693267822266,12.157902927574446,11.736209656706311,12.053849072145837,53486114,-0.009153853890599084,BBDC4.SA,809,83,45.43000030517578,42.66999816894531,-1.0
2020-08-13,11.61025619506836,12.031949710546282,11.566443487821203,11.911466029541922,39513639,-0.020784637604036593,BBDC4.SA,808,82,44.959999084472656,42.2400016784668,1.0
2020-08-14,11.626684188842773,11.758121026633187,11.533583464052725,11.654067126700177,40462037,0.0014149553203994802,BBDC4.SA,807,81,44.79999923706055,42.0099983215332,1.0
2020-08-17,11.287138938903809,11.626684860088442,11.17213312111331,11.582872156987147,61115406,-0.02920396257643254,BBDC4.SA,804,78,45.369998931884766,42.88999938964844,1.0
2020-08-18,11.407617568969727,11.5828657566883,11.341898550631887,11.55000751144388,50875902,0.010673974221284688,BBDC4.SA,803,77,45.459999084472656,42.88999938964844,1.0
2020-08-19,11.363812446594238,11.528108837765382,11.298093384555644,11.456913187223572,64540311,-0.0038399886839337594,BBDC4.SA,802,76,45.369998931884766,42.93000030517578,1.0
2020-08-20,11.336430549621582,11.402149617721355,11.106416339123289,11.161182229206434,41295606,-0.0024095695965892228,BBDC4.SA,801,75,44.900001525878906,42.58000183105469,1.0
2020-08-21,11.336430549621582,11.39667302871304,11.204993677347492,11.320000782596638,29621405,0.0,BBDC4.SA,800,74,44.349998474121094,42.34000015258789,1.0
2020-08-24,11.593825340270996,11.73073877362601,11.451435319024773,11.45691190691598,38914326,0.022705100121484634,BBDC4.SA,797,71,45.130001068115234,42.619998931884766,1.0
2020-08-25,11.593825340270996,11.725262185734803,11.467865082698399,11.692403922312751,30182361,0.0,BBDC4.SA,796,70,45.86000061035156,43.349998474121094,1.0
2020-08-26,11.352856636047363,11.654066406001455,11.226896393617931,11.58287077197501,46002990,-0.020784227565222246,BBDC4.SA,795,69,45.63999938964844,43.38999938964844,1.0
2020-08-27,11.522627830505371,11.692400745074337,11.336425156727325,11.369284675145485,42850335,0.014954050764540927,BBDC4.SA,794,68,45.09000015258789,43.040000915527344,1.0
2020-08-28,11.758121490478516,11.81836269221613,11.56096559405274,11.632161235290583,43992212,0.020437495980707654,BBDC4.SA,793,67,45.04999923706055,42.970001220703125,-1.0
2020-08-31,11.358331680297852,11.714306010297292,11.358331680297852,11.665017995822682,57366705,-0.0340011634090025,BBDC4.SA,790,64,45.279998779296875,42.61000061035156,1.0
2020-09-01,11.588347434997559,11.675972831295498,11.484293540818811,11.528106238967782,50020311,0.020250839751289496,BBDC4.SA,789,63,45.58000183105469,42.7599983215332,1.0
2020-09-02,11.576804161071777,11.686434042569225,11.461694050556943,11.669989560344607,33742060,-0.0009961104454738745,BBDC4.SA,788,62,44.43000030517578,41.5099983215332,1.0
2020-09-03,12.031763076782227,12.218132590175006,11.538433723467163,11.543915216950989,129192789,0.03929918044569636,BBDC4.SA,787,61,44.06999969482422,41.369998931884766,-1.0
2020-09-04,12.04272747039795,12.300355164115281,11.938580347097698,12.218134017311396,57514809,0.0009112873604435467,BBDC4.SA,786,60,42.65999984741211,39.77000045776367,-1.0
2020-09-08,11.850874900817871,11.965986262462428,11.785098244935455,11.8782823678761,33833173,-0.015930989890094893,BBDC4.SA,782,56,39.779998779296875,36.7599983215332,-1.0
2020-09-09,11.817984580993652,12.053687505525534,11.746726439896001,11.949539142683854,35740012,-0.0027753495079041457,BBDC4.SA,781,55,40.790000915527344,38.04999923706055,-1.0
2020-09-10,11.428805351257324,11.872802586450318,11.406880639506662,11.79606293267922,56327799,-0.03293109980548026,BBDC4.SA,780,54,40.060001373291016,37.29999923706055,1.0
2020-09-11,11.21502685546875,11.483617475345165,11.143768713385532,11.456210011060387,47278451,-0.018705235518343577,BBDC4.SA,779,53,39.83000183105469,37.33000183105469,1.0
2020-09-14,11.346587181091309,11.390439146216202,11.083477920457643,11.324662463586707,68687586,0.011730718732822831,BBDC4.SA,776,50,39.61000061035156,37.2599983215332,1.0
2020-09-15,11.225993156433105,11.384955231172153,11.121846026451514,11.373992242220663,45286791,-0.010628219986637766,BBDC4.SA,775,49,40.529998779296875,38.279998779296875,1.0
2020-09-16,11.247918128967285,11.434287659426857,11.182141466195207,11.225992153024105,42998197,0.0019530541510810462,BBDC4.SA,774,48,42.220001220703125,40.15999984741211,1.0
2020-09-17,11.275327682495117,11.330141367424778,11.094439612594536,11.110884097590743,30859114,0.0024368557108576105,BBDC4.SA,773,47,43.29999923706055,40.970001220703125,1.0
2020-09-18,11.006733894348145,11.242435583579388,10.984807920455498,11.220509609686744,76123157,-0.0238213731529916,BBDC4.SA,772,46,43.150001525878906,41.11000061035156,1.0
2020-09-21,10.842292785644531,10.897107732663592,10.688812199048792,10.798440828029284,57832434,-0.014940045819409886,BBDC4.SA,769,43,41.439998626708984,39.310001373291016,1.0
2020-09-22,10.908065795898438,11.03962162458965,10.787474217988697,10.86421511805857,30436824,0.0060663377713789934,BBDC4.SA,768,42,41.720001220703125,39.599998474121094,1.0
2020-09-23,10.65044116973877,10.902587352552025,10.63399542340344,10.82584643992174,32262351,-0.0236178100664316,BBDC4.SA,767,41,41.77000045776367,39.93000030517578,1.0
2020-09-24,10.853252410888672,10.946436526879362,10.628513727887556,10.655919927844417,41345700,0.019042520203402802,BBDC4.SA,766,40,41.939998626708984,40.310001373291016,1.0
2020-09-25,10.842292785644531,10.842292785644531,10.672367714943075,10.792959333327378,20911462,-0.0010098010098009702,BBDC4.SA,765,39,41.91999816894531,40.25,1.0
2020-09-28,10.809402465820312,11.291770144099672,10.743625802679814,10.990290503307257,83360409,-0.0030335207206142467,BBDC4.SA,762,36,42.43000030517578,40.599998474121094,1.0
2020-09-29,10.551776885986328,10.842293596806996,10.518888547843176,10.82584911147099,55956329,-0.02383347096646693,BBDC4.SA,761,35,41.029998779296875,39.290000915527344,1.0
2020-09-30,10.639477729797363,10.7381433482119,10.557255326904118,10.606588768640064,39182704,0.00831147632845708,BBDC4.SA,760,34,40.95000076293945,40.220001220703125,1.0
2020-10-01,10.688809394836426,10.732661340947102,10.535329481035001,10.661403193574548,29290107,0.004636662277218928,BBDC4.SA,759,33,40.93000030517578,38.720001220703125,1.0
2020-10-02,10.776018142700195,11.165578834905688,10.611415960739437,10.649823727464456,62918911,0.008158883243432058,BBDC4.SA,758,32,39.27000045776367,37.04999923706055,1.0
2020-10-05,10.929646492004395,11.01194883834366,10.62238819786652,10.819911296506056,41923233,0.014256504329316577,BBDC4.SA,755,29,41.290000915527344,39.220001220703125,1.0
2020-10-06,10.891241073608398,11.171066546256748,10.819912366394616,11.05584324998833,36957998,-0.0035138756248055403,BBDC4.SA,754,28,42.650001525878906,40.66999816894531,1.0
2020-10-07,10.776018142700195,10.98451618149135,10.743098466080554,10.96256888621991,35786960,-0.010579412403918798,BBDC4.SA,753,27,41.9900016784668,39.95000076293945,1.0
2020-10-08,11.330182075500488,11.39602396010809,10.754071916621434,10.78699159263774,79523136,0.05142566813287064,BBDC4.SA,752,26,43.34000015258789,41.189998626708984,1.0
2020-10-09,11.379562377929688,11.599032772619045,11.088763281879498,11.225932595132189,86877032,0.0043582973424562965,BBDC4.SA,751,25,42.849998474121094,40.599998474121094,1.0
2020-10-13,11.445406913757324,11.549655312127106,11.313724393109267,11.428946440390359,36440965,0.005786209841895262,BBDC4.SA,747,21,42.45000076293945,40.20000076293945,1.0
2020-10-14,11.456384658813477,11.56063309445651,11.423463700308904,11.483817524612503,34703768,0.000959139778853757,BBDC4.SA,746,20,43.31999969482422,41.040000915527344,1.0
2020-10-15,11.379562377929688,11.555139453453597,11.236906241495394,11.286287650129816,41188642,-0.006705630368712301,BBDC4.SA,745,19,43.15999984741211,40.959999084472656,1.0
2020-10-16,11.154608726501465,11.341158241746346,11.154608726501465,11.330184591874556,28485820,-0.019768216382777037,BBDC4.SA,744,18,42.93000030517578,40.880001068115234,1.0
2020-10-19,11.308234214782715,11.560626826861652,11.143632044075165,11.242393599757182,62748180,0.013772378041039035,BBDC4.SA,741,15,42.619998931884766,40.83000183105469,1.0
2020-10-20,11.79655647277832,11.906291663908211,11.412482670680053,11.412482670680053,78651694,0.043182892105050774,BBDC4.SA,740,14,43.15999984741211,41.459999084472656,1.0
2020-10-21,11.917269706726074,12.08187318729777,11.653904644326468,11.796560825316902,76419244,0.010232921295829867,BBDC4.SA,739,13,41.72999954223633,40.029998779296875,1.0
2020-10-22,12.465943336486816,12.564704888251818,11.906292432672844,11.906292432672844,81425740,0.04604021250363011,BBDC4.SA,738,12,42.459999084472656,40.63999938964844,-1.0
2020-10-23,12.411070823669434,12.811604982098116,12.312309305967183,12.50983360765863,77700150,-0.004401793858373693,BBDC4.SA,737,11,41.77000045776367,39.849998474121094,-1.0
2020-10-26,12.564706802368164,12.630548691100152,12.30682860407636,12.339749548442354,47649921,0.012378946255445333,BBDC4.SA,734,8,40.459999084472656,38.560001373291016,-1.0
2020-10-27,12.213553428649902,12.893913256673498,12.136737894517182,12.833558194140645,94080404,-0.027947597921829548,BBDC4.SA,733,7,41.20000076293945,39.56999969482422,1.0
2020-10-28,11.522223472595215,11.96665254268916,11.500276170424463,11.96665254268916,80850506,-0.05660350692313698,BBDC4.SA,732,6,39.119998931884766,37.38999938964844,1.0
2020-10-29,11.407001495361328,11.46735531053437,10.957085596061527,11.41248832094869,118969499,-0.009999977652571435,BBDC4.SA,731,5,37.650001525878906,36.16999816894531,1.0
2020-10-30,11.06134033203125,11.363112078239517,10.935143285909486,11.220455814129506,69347036,-0.0303025438780421,BBDC4.SA,730,4,37.459999084472656,35.790000915527344,1.0
2020-11-03,11.439918518066406,11.533194531326135,11.154607452840716,11.269829497050397,70121073,0.03422534472959615,BBDC4.SA,726,0,39.709999084472656,37.65999984741211,1.0
2020-11-04,11.356962203979492,11.664501249086594,11.142783995653685,11.642533993373348,86799350,-0.00725147770553658,BBDC4.SA,725,1462,41.22999954223633,39.150001525878906,1.0
2020-11-05,11.532700538635254,11.6095846765683,11.274587784049498,11.560159611982536,59907463,0.015474061769280345,BBDC4.SA,724,1461,40.93000030517578,38.790000915527344,1.0
2020-11-06,11.505239486694336,11.560157623944447,11.367945411008185,11.39540447963324,47718891,-0.002381146709647175,BBDC4.SA,723,1460,39.45000076293945,37.13999938964844,1.0
2020-11-09,12.59809684753418,12.773833571435846,12.004986196515294,12.164247483728792,144734997,0.0949877976989284,BBDC4.SA,720,1457,42.400001525878906,40.290000915527344,1.0
2020-11-10,13.410882949829102,13.520717971998307,12.64203652720537,12.64203652720537,164328769,0.06451657834762625,BBDC4.SA,719,1456,43.61000061035156,41.36000061035156,1.0
2020-11-11,13.355968475341797,13.504246239621784,12.971545158387618,13.377935739300263,92258144,-0.004094769501213569,BBDC4.SA,718,1455,43.79999923706055,41.45000076293945,1.0
2020-11-12,12.828751564025879,13.355960515048327,12.746375640718206,13.344976889615452,66495429,-0.039474255445367534,BBDC4.SA,717,1454,43.529998779296875,41.119998931884766,1.0
2020-11-13,13.284566879272461,13.284566879272461,12.812274835540467,12.966044308675563,67209934,0.03553076174027492,BBDC4.SA,716,1453,42.779998779296875,40.130001068115234,1.0
2020-11-16,13.872184753417969,13.894150733116332,13.515219522318432,13.559154016592512,114690334,0.04423312250114475,BBDC4.SA,713,1450,43.81999969482422,41.34000015258789,1.0
2020-11-17,13.949068069458008,13.949068069458006,13.575628691366427,13.729398145272043,76666205,0.0055422644238569685,BBDC4.SA,712,1449,43.75,41.43000030517578,1.0
2020-11-18,13.520716667175293,13.960057980892573,13.520716667175291,13.899648027437786,61293155,-0.030708245178085125,BBDC4.SA,711,1448,44.34000015258789,41.81999969482422,1.0
2020-11-19,13.531694412231445,13.78980702081022,13.476776296602504,13.526202600668551,39838161,0.0008119203535121855,BBDC4.SA,710,1447,44.20000076293945,41.7400016784668,1.0
2020-11-23,13.443827629089355,13.64153161029538,13.38341895944226,13.548172065874141,37882196,-0.0064934058119628935,BBDC4.SA,706,1443,46.060001373291016,43.060001373291016,1.0
2020-11-24,14.047924995422363,14.25111956598856,13.570142276701393,13.575634090362053,89390444,0.04493492352028383,BBDC4.SA,705,1442,47.86000061035156,44.90999984741211,1.0
2020-11-25,13.866693496704102,14.102840167025517,13.71841709391837,14.014971166928678,51217848,-0.012900944358495425,BBDC4.SA,704,1441,48.61000061035156,45.709999084472656,1.0
2020-11-26,13.641533851623535,13.822762425218665,13.564649731957171,13.800795171759978,25190627,-0.016237442987694473,BBDC4.SA,703,1440,48.61000061035156,45.709999084472656,1.0
2020-11-27,13.531694412231445,13.910625607755268,13.531694412231445,13.751364339869962,40041804,-0.008051839374281,BBDC4.SA,702,1439,48.18000030517578,45.529998779296875,1.0
2020-11-30,13.344978332519531,13.636041903083719,13.306536906786942,13.471288771215816,61542657,-0.013798425682975735,BBDC4.SA,699,1436,47.59000015258789,45.34000015258789,1.0
2020-12-01,14.09185791015625,14.382921466357972,13.58112436726291,13.614073978059377,78138775,0.055967088070626225,BBDC4.SA,698,1435,47.41999816894531,44.54999923706055,1.0
2020-12-02,14.245161056518555,14.338589589507219,13.981361801182569,14.234169315181603,54318715,0.010878845595783115,BBDC4.SA,697,1434,48.25,45.279998779296875,-1.0
2020-12-03,14.058294296264648,14.684816835084689,14.025319092017632,14.234160783874081,66249678,-0.013117911374430968,BBDC4.SA,696,1433,48.709999084472656,45.63999938964844,1.0
2020-12-04,14.179205894470215,14.33308895365206,13.98685175339916,14.300113740604168,48098226,0.008600730334525242,BBDC4.SA,695,1432,49.25,46.2599983215332,-1.0
2020-12-07,14.272636413574219,14.558419096962814,14.030820687130076,14.10226699216481,42097352,0.006589263164620496,BBDC4.SA,692,1429,48.790000915527344,45.7599983215332,-1.0
2020-12-08,14.102265357971191,14.470484774585593,14.036314930196957,14.228669076163449,41379459,-0.01193690154125926,BBDC4.SA,691,1428,48.84000015258789,45.599998474121094,1.0
2020-12-09,14.140734672546387,14.245156179497306,14.036314433970446,14.102264859413133,39119300,0.002727881911075425,BBDC4.SA,690,1427,48.86000061035156,45.52000045776367,-1.0
2020-12-10,14.72329330444336,14.783746599351144,14.256149479848675,14.261644080862911,74726938,0.0411971969906193,BBDC4.SA,689,1426,50.25,46.779998779296875,-1.0
2020-12-11,14.607882499694824,14.745277977190268,14.377058503382548,14.508956842667946,48451667,-0.007838654189800454,BBDC4.SA,688,1425,49.970001220703125,46.56999969482422,-1.0
2020-12-14,14.53094482421875,14.838711093575704,14.53094482421875,14.701315573510165,36431285,-0.005266860236429305,BBDC4.SA,685,1422,50.290000915527344,46.9900016784668,-1.0
2020-12-15,14.53094482421875,14.800241261187795,14.53094482421875,14.53094482421875,33169730,0.0,BBDC4.SA,684,1421,50.7599983215332,47.619998931884766,-1.0
2020-12-16,14.860687255859375,15.102502947589338,14.459492636460807,14.602383957642145,57006367,0.02269242885645273,BBDC4.SA,683,1420,51.08000183105469,47.81999969482422,-1.0
2020-12-17,14.93213176727295,15.151965244479776,14.805728056938378,15.058536745982469,45968142,0.004807618260414204,BBDC4.SA,682,1419,51.5,48.36000061035156,-1.0
2020-12-18,14.959612846374512,15.162958741258832,14.844200859926696,14.910151291254072,54097164,0.0018403989148951805,BBDC4.SA,681,1418,52.2599983215332,49.099998474121094,-1.0
2020-12-21,14.596882820129395,14.888161226185444,14.580395219593257,14.618866287510913,66521686,-0.02424728701003953,BBDC4.SA,678,1415,50.90999984741211,47.7400016784668,-1.0
2020-12-22,14.893664360046387,14.976101134575647,14.706806064504878,14.706806064504878,38527126,0.0203318436938964,BBDC4.SA,677,1414,50.08000183105469,47.02000045776367,-1.0
2020-12-23,15.234414100646973,15.333339814698151,14.926647749239656,15.014581717285148,31883742,0.022878838435132165,BBDC4.SA,676,1413,51.20000076293945,48.119998931884766,-1.0
2020-12-28,15.382791519165039,15.531178726519943,15.344321701239796,15.443246083351353,45444938,0.009739620935718563,BBDC4.SA,671,1408,50.86000061035156,47.619998931884766,-1.0
2020-12-29,15.357441902160645,15.552687837192629,15.268187316472416,15.519216884768284,26853167,-0.0016479204683240711,BBDC4.SA,670,1407,51.09000015258789,48.0,-1.0
2020-12-30,15.139880180358887,15.474585773607766,15.139880180358888,15.413222373418437,26660051,-0.014166533931093572,BBDC4.SA,669,1406,51.34000015258789,48.400001525878906,-1.0
2021-01-04,14.743814468383789,15.357442169633911,14.648980101529792,15.357442169633911,48196357,-0.02616042579312594,BBDC4.SA,664,1401,51.09000015258789,47.619998931884766,-1.0
2021-01-05,14.653909683227539,14.737645824090334,14.335711317255118,14.625997206817525,47107478,-0.006097796831955438,BBDC4.SA,663,1400,53.599998474121094,49.93000030517578,-1.0
2021-01-06,15.139577865600586,15.340545052088421,14.665069789761453,14.67623477660709,73317409,0.033142566923892725,BBDC4.SA,662,1399,54.29999923706055,50.630001068115234,-1.0
2021-01-07,15.541515350341797,15.619668979063766,15.050259736597946,15.167490823864386,56545599,0.02654879074630445,BBDC4.SA,661,1398,54.380001068115234,50.83000183105469,-1.0
2021-01-08,15.407538414001465,15.859715328763466,15.200987399596647,15.664330592064777,60861427,-0.008620583856862152,BBDC4.SA,660,1397,55.9900016784668,52.2400016784668,-1.0
2021-01-11,15.133997917175293,15.290305182565874,14.933029408524918,15.139580411536887,44169961,-0.017753679366302566,BBDC4.SA,657,1394,55.65999984741211,52.25,-1.0
2021-01-12,15.12283992767334,15.295896044610355,14.988861289353503,15.217741087376,46567697,-0.0007372797038177614,BBDC4.SA,656,1393,56.58000183105469,53.209999084472656,-1.0
2021-01-13,14.893948554992676,15.234478056739611,14.659486421952755,15.161905646571654,56170741,-0.015135475464619241,BBDC4.SA,655,1392,56.060001373291016,52.90999984741211,-1.0
2021-01-14,15.351707458496094,15.496850974725676,14.882781954900535,14.977684327136503,72262168,0.030734556508856148,BBDC4.SA,654,1391,56.41999816894531,53.56999969482422,-1.0
2021-01-15,14.927444458007812,15.228896527199058,14.888368292273261,15.128412933590917,53980036,-0.02763620930344668,BBDC4.SA,653,1390,55.099998474121094,52.36000061035156,-1.0
2021-01-18,14.97768783569336,15.273557429945106,14.854874260632295,15.00001781086208,51058007,0.0033658391981885583,BBDC4.SA,650,1387,55.099998474121094,52.36000061035156,-1.0
2021-01-19,14.737638473510742,15.139575356609457,14.598078737802311,15.117245386618796,38386524,-0.016027130810575163,BBDC4.SA,649,1386,55.900001525878906,52.97999954223633,-1.0
2021-01-20,14.430607795715332,14.860455928728728,14.391530341341342,14.84929094176473,41861039,-0.02083309875915762,BBDC4.SA,648,1385,56.08000183105469,53.2400016784668,-1.0
2021-01-21,14.224058151245117,14.519926441473272,14.090079595689538,14.464102794872435,43414921,-0.014313301795336852,BBDC4.SA,647,1384,56.099998474121094,53.130001068115234,-1.0
2021-01-22,13.961678504943848,14.16822942062261,13.8556124452871,13.928184841302999,49504004,-0.018446187685073667,BBDC4.SA,646,1383,55.40999984741211,52.27000045776367,-1.0
2021-01-26,13.626739501953125,14.30779741673282,13.559750853603985,13.939355341527639,70337058,-0.023989880792063767,BBDC4.SA,642,1379,55.90999984741211,52.61000061035156,1.0
2021-01-27,13.822122573852539,14.03983855355922,13.453681831444186,13.56533042414063,79338490,0.014338211416708324,BBDC4.SA,641,1378,55.810001373291016,52.849998474121094,-1.0
2021-01-28,14.251968383789062,14.419441889202156,13.794209100924496,13.827702771313714,62478350,0.031098393726421314,BBDC4.SA,640,1377,55.529998779296875,52.34000015258789,-1.0
2021-01-29,13.810957908630371,14.235224889856262,13.693726819140032,14.056586364345412,67913428,-0.030943829180839266,BBDC4.SA,639,1376,55.880001068115234,52.20000076293945,1.0
2021-02-01,14.095664024353027,14.257555084415264,13.967267932931351,14.056587849306172,54510500,0.0206145089722376,BBDC4.SA,636,1373,56.349998474121094,53.54999923706055,-1.0
2021-02-02,14.03920841217041,14.413512521762707,13.83250231089233,14.307366772674513,82720803,-0.0040051757820759315,BBDC4.SA,635,1372,57.459999084472656,54.7599983215332,-1.0
2021-02-03,14.106244087219238,14.31295014057432,14.000098362740008,14.145350881782068,45415172,0.004774889942563698,BBDC4.SA,634,1371,58.459999084472656,55.689998626708984,-1.0
2021-02-04,14.53082275390625,14.832501047251561,14.41350370412389,14.748700805025821,114781326,0.030098633205396963,BBDC4.SA,633,1370,58.84000015258789,56.22999954223633,-1.0
2021-02-05,14.452608108520508,14.63696603245027,14.374394561964335,14.530820365743214,49424023,-0.005382671491517277,BBDC4.SA,632,1369,59.34000015258789,56.849998474121094,-1.0
2021-02-08,14.145349502563477,14.474961303072183,14.100657316754901,14.452614565500875,30201237,-0.02125973413586768,BBDC4.SA,629,1366,60.560001373291016,57.970001220703125,-1.0
2021-02-09,14.217975616455078,14.424681657013771,13.916298516505712,14.050377657372348,54631621,0.00513427496990726,BBDC4.SA,628,1365,61.09000015258789,58.36000061035156,-1.0
2021-02-10,14.061543464660645,14.340874965360834,13.960983196088534,14.173275807074042,34475320,-0.01100242088004344,BBDC4.SA,627,1364,61.470001220703125,58.68000030517578,-1.0
2021-02-11,14.07830810546875,14.290599496426141,13.988921170889796,14.173280434125077,29089005,0.0011922333313010292,BBDC4.SA,626,1363,61.13999938964844,58.2400016784668,-1.0
2021-02-12,14.07830810546875,14.262666079370218,13.944228992934132,14.022441271356904,26965092,0.0,BBDC4.SA,625,1362,62.43000030517578,59.470001220703125,-1.0
2021-02-17,14.06713581085205,14.15652146291022,13.89953658507581,13.983335553296975,20858827,-0.0007935821927607112,BBDC4.SA,620,1357,64.33999633789062,61.13999938964844,-1.0
2021-02-18,13.9283447265625,14.23028296389053,13.822107126922074,13.98985016195426,58438039,-0.00986633570299933,BBDC4.SA,619,1356,63.93000030517578,60.52000045776367,-1.0
2021-02-19,13.810918807983398,14.129631485107847,13.760595142434958,13.894790293447796,36792107,-0.008430715988466342,BBDC4.SA,618,1355,62.90999984741211,59.2400016784668,1.0
2021-02-22,12.905098915100098,13.413921811018785,12.89391588086458,13.313274502899105,104356450,-0.065587228878624,BBDC4.SA,615,1352,65.23999786376953,61.4900016784668,1.0
2021-02-23,13.520159721374512,13.671129397298353,13.106391314514577,13.139940418153074,58129852,0.047660293835852574,BBDC4.SA,614,1351,65.37000274658203,61.66999816894531,1.0
2021-02-24,13.425104141235352,13.693494367914582,13.234993859650354,13.648762233318275,43288839,-0.007030655117844731,BBDC4.SA,613,1350,67.04000091552734,63.220001220703125,1.0
2021-02-25,13.134349822998047,13.54252545079212,13.050477058013378,13.385965537053062,43365553,-0.02165750933314925,BBDC4.SA,612,1349,66.87999725341797,63.529998779296875,1.0
2021-02-26,12.860370635986328,13.324461534179996,12.810046966830493,13.179083335957342,69104310,-0.020859744921060797,BBDC4.SA,611,1348,66.12999725341797,61.5,1.0
2021-03-01,12.435413360595703,13.128754920111541,12.424230328147933,13.084022790320468,70533925,-0.033043936867689916,BBDC4.SA,608,1345,63.689998626708984,60.63999938964844,1.0
2021-03-02,12.770598411560059,13.039217454765279,12.003913977564283,12.199781330312122,86893609,0.026954073921375388,BBDC4.SA,607,1344,62.70000076293945,59.75,1.0
2021-03-03,12.882522583007812,13.1063713514329,12.434823754608184,12.77059819879527,68702348,0.008764207270540947,BBDC4.SA,606,1343,64.06999969482422,61.279998779296875,1.0
2021-03-04,13.380590438842773,13.593247991076494,12.97766176737605,13.011239479552398,87727541,0.0386622924683957,BBDC4.SA,605,1342,66.73999786376953,63.83000183105469,1.0
2021-03-05,14.012960433959961,14.113693543221897,13.408568236135697,13.486914918456621,94742879,0.04726024595158873,BBDC4.SA,604,1341,69.36000061035156,66.08999633789062,1.0
2021-03-08,13.51489543914795,14.259194683684045,13.464528887865642,13.733147911605856,70396348,-0.03554316713868455,BBDC4.SA,601,1338,68.23999786376953,65.05000305175781,1.0
2021-03-09,13.62682056427002,13.867458183825274,13.313432547089702,13.520492463949028,51552413,0.008281612360674373,BBDC4.SA,600,1337,67.5199966430664,64.01000213623047,1.0
2021-03-10,13.85626220703125,14.007360540436876,13.509296572523278,13.733145285654283,68433970,0.016837503780069873,BBDC4.SA,599,1336,67.9000015258789,64.44000244140625,1.0
2021-03-11,14.09689998626709,14.247999613568028,13.72195293390852,14.057727300367853,69172433,0.017366716625334178,BBDC4.SA,598,1335,69.62999725341797,66.0199966430664,1.0
2021-03-12,14.001766204833984,14.113691868510745,13.86186041678735,13.996169921650147,53786436,-0.006748560430008266,BBDC4.SA,597,1334,69.22000122070312,65.61000061035156,1.0
2021-03-15,14.197640419006348,14.242409410568035,13.873058449547543,13.906636161881176,37805845,0.013989250449328194,BBDC4.SA,594,1331,68.87999725341797,65.38999938964844,1.0
2021-03-16,13.962594985961914,14.225617740230188,13.738744926560578,14.17525118626626,37929628,-0.01655524623160476,BBDC4.SA,593,1330,68.38999938964844,64.80000305175781,1.0
2021-03-17,14.54460334777832,14.550199632055016,13.83947927821209,13.861863123769306,73650280,0.0416833949850699,BBDC4.SA,592,1329,68.0,64.5999984741211,1.0
2021-03-18,14.81322193145752,15.014685558246253,14.443869796429155,14.466254930861107,109927895,0.018468608407958387,BBDC4.SA,591,1328,63.279998779296875,60.0,1.0
2021-03-19,14.964324951171875,15.070654381968831,14.645340533430785,14.941939807846198,96725464,0.010200550590109714,BBDC4.SA,590,1327,64.52999877929688,61.41999816894531,1.0
2021-03-22,14.88597583770752,14.958726250220318,14.617356744268431,14.740473721132204,56779734,-0.005235726550980813,BBDC4.SA,587,1324,64.62000274658203,61.54999923706055,1.0
2021-03-23,14.723685264587402,15.020285790688222,14.690107554111894,14.695703839191145,44842358,-0.010902246173812857,BBDC4.SA,586,1323,60.790000915527344,57.7599983215332,1.0
2021-03-24,14.572572708129883,14.85238410727881,14.572572708129883,14.762844924508613,48280210,-0.010263229194457657,BBDC4.SA,585,1322,64.41000366210938,61.18000030517578,1.0
2021-03-25,14.897167205810547,14.91955105216667,14.44387203786821,14.550200151370849,66434203,0.022274344014737713,BBDC4.SA,584,1321,61.95000076293945,58.560001373291016,1.0
2021-03-26,14.997899055480957,15.137804876034776,14.796434105601625,14.830011812506449,48706372,0.006761812382096499,BBDC4.SA,583,1320,64.56999969482422,60.970001220703125,1.0
2021-03-29,15.059456825256348,15.121014657474875,14.818817905712654,15.03147540536179,50369880,0.00410442619647422,BBDC4.SA,580,1317,64.9800033569336,61.560001373291016,1.0
2021-03-30,15.311287879943848,15.378441999907634,14.964320836890646,14.969917121183427,45199308,0.016722452715900893,BBDC4.SA,579,1316,64.13999938964844,60.54999923706055,1.0
2021-03-31,14.981115341186523,15.333678801532171,14.802036759361808,15.333678801532171,48801357,-0.02156399522667296,BBDC4.SA,578,1315,63.540000915527344,59.15999984741211,1.0
2021-04-01,14.432676315307617,15.081838714980885,14.427080032053997,15.048262307008494,61328003,-0.036608691234832236,BBDC4.SA,577,1314,64.86000061035156,61.45000076293945,1.0
2021-04-05,14.566494941711426,14.717704388294802,14.448887881590776,14.628099316893094,39431722,0.009271920431131564,BBDC4.SA,573,1310,62.150001525878906,58.650001525878906,1.0
2021-04-06,14.336885452270508,14.672905538613156,14.230479156220301,14.594501239549656,36674979,-0.015762851005661438,BBDC4.SA,572,1309,62.7400016784668,59.33000183105469,1.0
2021-04-07,14.180069923400879,14.42648481390648,14.118465554525093,14.280877072470346,40372497,-0.01093790763633351,BBDC4.SA,571,1308,63.15999984741211,59.77000045776367,1.0
2021-04-08,14.135268211364746,14.34248032421021,14.062463047257735,14.33687992697121,38028364,-0.0031594845637678004,BBDC4.SA,570,1307,63.20000076293945,59.599998474121094,1.0
2021-04-09,14.11286735534668,14.398483751872579,14.03446178992875,14.056863380048158,38960911,-0.0015847492727485424,BBDC4.SA,569,1306,62.95000076293945,59.31999969482422,1.0
2021-04-12,14.376080513000488,14.40408249492073,14.140865157369067,14.208069913977642,27353018,0.018650579717529148,BBDC4.SA,566,1303,63.279998779296875,59.70000076293945,1.0
2021-04-13,14.280877113342285,14.392883764574597,14.112866490244429,14.280877113342285,34344035,-0.006622347417441721,BBDC4.SA,565,1302,63.66999816894531,60.18000030517578,1.0
2021-04-14,14.448883056640625,14.678497994961168,14.185667035576746,14.336876431666406,50114933,0.011764399480853616,BBDC4.SA,564,1301,66.58000183105469,63.150001525878906,1.0
2021-04-15,14.448883056640625,14.650496015592996,14.258472181933994,14.510487411250605,33300410,0.0,BBDC4.SA,563,1300,66.94000244140625,63.459999084472656,1.0
2021-04-16,14.616901397705078,14.734508480968332,14.376086832332739,14.381687231178567,33964942,0.011628465702560487,BBDC4.SA,562,1299,66.7699966430664,63.130001068115234,1.0
2021-04-19,14.550809860229492,14.710978859837088,14.464564020057322,14.710978859837088,34552870,-0.004521583314912592,BBDC4.SA,559,1296,67.05000305175781,63.380001068115234,1.0
2021-04-20,14.329033851623535,14.649373084031263,14.316712465666415,14.538485780410225,29159900,-0.015241489012382647,BBDC4.SA,558,1295,66.56999969482422,62.439998626708984,1.0
2021-04-22,14.230470657348633,14.476885498666629,14.1750263486782,14.384479610047753,29729150,-0.006878565247002699,BBDC4.SA,556,1293,65.4000015258789,61.43000030517578,1.0
2021-04-23,14.495369911193848,14.587774526287458,14.267435166799459,14.329039536027308,25618340,0.018614932718927335,BBDC4.SA,555,1292,66.11000061035156,62.13999938964844,1.0
2021-04-26,14.507695198059082,14.858837513992613,14.359846210034195,14.717148577343956,39296070,0.0008502912958237019,BBDC4.SA,552,1289,65.6500015258789,61.90999984741211,1.0
2021-04-27,14.378318786621094,14.680176627829809,14.365998691468954,14.495366153058626,42098650,-0.008917778439079482,BBDC4.SA,551,1288,66.41999816894531,62.939998626708984,1.0
2021-04-28,15.148370742797852,15.197653723528834,14.58777522135937,14.6124180042237,62279250,0.05355646703933736,BBDC4.SA,550,1287,67.2699966430664,63.86000061035156,1.0
2021-04-29,14.64321517944336,15.22229067668038,14.64321517944336,15.074441778555837,38657630,-0.03334718775579637,BBDC4.SA,549,1286,68.55999755859375,65.01000213623047,1.0
2021-04-30,14.692501068115234,14.87731158128417,14.495369164735726,14.59393511642548,63985680,0.0033657832701294854,BBDC4.SA,548,1285,67.25,63.58000183105469,1.0
2021-05-03,15.129884719848633,15.29005500496655,14.84650702021634,14.883469890819876,56953380,0.029769176105937545,BBDC4.SA,545,1282,67.55999755859375,64.48999786376953,1.0
2021-05-04,14.673020362854004,15.326525995265566,14.636030234574125,15.289534573488877,54545480,-0.030196155850102158,BBDC4.SA,544,1281,68.87999725341797,65.69000244140625,1.0
2021-05-05,14.697675704956055,14.808647334456657,14.26611620612957,14.783986828623608,69076920,0.0016803181275797385,BBDC4.SA,543,1280,68.95999908447266,65.62999725341797,1.0
2021-05-06,14.771658897399902,14.777823701183125,14.568208731086038,14.580539632148874,48443120,0.005033666133952064,BBDC4.SA,542,1279,68.08999633789062,64.70999908447266,1.0
2021-05-07,14.833307266235352,14.9442801849375,14.673013337775842,14.796315862169237,39517720,0.004173422177132791,BBDC4.SA,541,1278,68.27999877929688,64.9000015258789,1.0
2021-05-10,15.190888404846191,15.190888404846193,14.691512106685213,14.814814656818209,60087170,0.024106635977587443,BBDC4.SA,538,1275,68.31999969482422,64.91999816894531,1.0
2021-05-11,15.16622257232666,15.314185580559544,14.981268165287553,14.981268165287553,43745350,-0.0016237254768892706,BBDC4.SA,537,1274,68.55000305175781,65.27999877929688,1.0
2021-05-12,14.857969284057617,15.049088539702542,14.697676632772168,14.993602721449603,47810290,-0.02032498776798275,BBDC4.SA,536,1273,69.31999969482422,66.08000183105469,1.0
2021-05-13,15.203217506408691,15.258704622241575,14.827145064411152,14.851805573615849,37995870,0.023236568588247186,BBDC4.SA,535,1272,67.05000305175781,63.81999969482422,1.0
2021-05-14,15.345019340515137,15.492982430290231,15.110745095119599,15.345019340515137,42070930,0.009327093692284016,BBDC4.SA,534,1271,68.70999908447266,65.37000274658203,1.0
2021-05-17,15.41283130645752,15.437491813782318,15.135399628931317,15.295693573290656,28853990,0.0044191515460225705,BBDC4.SA,531,1268,69.45999908447266,66.2699966430664,1.0
2021-05-18,15.659435272216797,15.690260580818643,15.301858588044446,15.357344402227014,47018290,0.015999913374511454,BBDC4.SA,530,1267,68.70999908447266,65.48999786376953,1.0
2021-05-19,15.764243125915527,15.764243125915527,15.369673749764083,15.499142372007487,31737860,0.006692952324065082,BBDC4.SA,529,1266,66.66000366210938,63.36000061035156,1.0
2021-05-20,15.912202835083008,15.912202835083008,15.67792743816564,15.721083636570828,35715570,0.009385779449458287,BBDC4.SA,528,1265,65.11000061035156,62.04999923706055,1.0
2021-05-21,15.98618221282959,16.078658105497514,15.647100059226574,15.869044529921968,60487790,0.004649222895994898,BBDC4.SA,527,1264,66.44000244140625,63.58000183105469,-1.0
2021-05-24,15.943037986755371,16.11566159353155,15.881386051872653,16.02934914339509,25234770,-0.0026988448836516854,BBDC4.SA,524,1261,68.45999908447266,66.05000305175781,1.0
2021-05-25,15.862885475158691,15.998517609632774,15.751912552865141,15.998517609632774,25695010,-0.005027430259105348,BBDC4.SA,523,1260,68.6500015258789,66.06999969482422,1.0
2021-05-26,16.22662925720215,16.257454567823597,15.887546959877252,15.918372270498702,42588260,0.022930492854725593,BBDC4.SA,522,1259,68.87000274658203,66.20999908447266,-1.0
2021-05-27,16.325267791748047,16.374588795584287,15.912204061245523,16.226625784075566,76937740,0.006078806200746634,BBDC4.SA,521,1258,69.45999908447266,66.8499984741211,-1.0
2021-05-28,16.362260818481445,16.44240843414342,16.164976767921996,16.189637274241928,30718600,0.002265998157291893,BBDC4.SA,520,1257,69.62999725341797,66.31999969482422,-1.0
2021-05-31,16.325267791748047,16.41774370381897,16.195800480051926,16.393084495396888,16464250,-0.0022608750186657867,BBDC4.SA,517,1254,69.62999725341797,66.31999969482422,-1.0
2021-06-01,16.695180892944336,16.695180892944336,16.386923869331504,16.479401105765,54375970,0.02265893006565367,BBDC4.SA,516,1253,70.25,67.72000122070312,-1.0
2021-06-02,17.348485946655273,17.354655064420264,16.60198257064371,16.657507219331702,72726170,0.03913135520364652,BBDC4.SA,515,1252,71.3499984741211,68.83000183105469,-1.0
2021-06-04,17.329975128173828,17.46570217400989,17.058518447698944,17.218924550306703,40250650,-0.0010669990763668702,BBDC4.SA,513,1250,71.88999938964844,69.62000274658203,-1.0
2021-06-07,17.54591941833496,17.768019451133746,17.181920524356197,17.3299885072911,37756180,0.012460738608335742,BBDC4.SA,510,1247,71.48999786376953,69.2300033569336,-1.0
2021-06-08,17.422521591186523,17.675468397657813,17.29296233425094,17.490384484550816,34704120,-0.007032850442678429,BBDC4.SA,509,1246,72.22000122070312,70.05000305175781,-1.0
2021-06-09,17.336145401000977,17.78651427068592,17.120214642263814,17.379331811628703,52013830,-0.00495773184917403,BBDC4.SA,508,1245,72.22000122070312,69.95999908447266,-1.0
2021-06-10,17.36699104309082,17.6014304317102,17.286788639363717,17.428686095928004,35655950,0.0017792676155139464,BBDC4.SA,507,1244,72.5199966430664,70.29000091552734,-1.0
2021-06-11,17.299137115478516,17.348492665516325,17.05852719104164,17.317644475941158,39460080,-0.003907062970433195,BBDC4.SA,506,1243,72.69000244140625,70.91000366210938,-1.0
2021-06-14,17.225101470947266,17.45953965485717,17.06469530772312,17.391675459093037,28142400,-0.004279730488118139,BBDC4.SA,503,1240,72.86000061035156,70.87999725341797,-1.0
2021-06-15,17.2374324798584,17.311465763894944,17.132552317740295,17.218923835248933,18155060,0.000715874384364712,BBDC4.SA,502,1239,73.98999786376953,72.12000274658203,-1.0
2021-06-16,17.323808670043945,17.619943180466546,17.163403825233456,17.27445313404046,72971470,0.005010966121925309,BBDC4.SA,501,1238,74.38999938964844,72.1500015258789,-1.0
2021-06-17,17.249774932861328,17.74333157490365,17.181910748960323,17.41018106804537,34797730,-0.004273525446551241,BBDC4.SA,500,1237,73.08000183105469,71.04000091552734,-1.0
2021-06-18,17.027673721313477,17.2744513762192,16.904284893860613,17.151062548766337,35541330,-0.012875600546227495,BBDC4.SA,499,1236,73.51000213623047,71.63999938964844,-1.0
2021-06-21,17.070859909057617,17.169570969716172,16.861098257957423,16.95981061301751,28258890,0.0025362353337841093,BBDC4.SA,496,1233,74.9000015258789,73.66000366210938,-1.0
2021-06-22,16.7562198638916,17.040014840705577,16.651339674374118,16.965981537328236,43905180,-0.018431411589235225,BBDC4.SA,495,1232,74.80999755859375,73.05999755859375,-1.0
2021-06-23,16.682180404663086,17.021499910198177,16.65750264597692,16.854924715466254,30743570,-0.004418625431626411,BBDC4.SA,494,1231,75.19000244140625,73.08000183105469,-1.0
2021-06-24,16.805570602416992,16.873434768075178,16.58347075568217,16.854926123913618,23603690,0.007396526998318276,BBDC4.SA,493,1230,75.55999755859375,73.30000305175781,-1.0
2021-06-25,16.281164169311523,16.83641299091021,16.182451858235165,16.78088836763053,30688680,-0.031204321799704227,BBDC4.SA,492,1229,76.18000030517578,74.05000305175781,-1.0
2021-06-28,16.200971603393555,16.379885120164534,15.99738031553686,16.28734444939448,32689800,-0.004925481070274129,BBDC4.SA,489,1226,74.68000030517578,72.91000366210938,-1.0
2021-06-29,16.102264404296875,16.256500187197027,15.923350844356612,16.163958199696076,33584870,-0.006092671570142372,BBDC4.SA,488,1225,74.76000213623047,72.9800033569336,-1.0
2021-06-30,15.873985290527344,16.182456662007432,15.836968001084985,16.00354321477293,43697390,-0.014176833024094115,BBDC4.SA,487,1224,75.12999725341797,73.47000122070312,-1.0
2021-07-01,15.676568984985352,15.94185534257158,15.497654177309863,15.873991149811975,38459520,-0.012436467712981902,BBDC4.SA,486,1223,75.83999633789062,75.2300033569336,-1.0
2021-07-02,16.05252456665039,16.05252456665039,15.62034224424421,15.811737883411338,39391330,0.02398200665114425,BBDC4.SA,485,1222,76.16999816894531,75.16000366210938,-1.0
2021-07-05,15.767616271972656,15.855880199531155,15.76131208364476,15.786530159698334,19020650,-0.017748503887646483,BBDC4.SA,482,1219,76.16999816894531,75.16000366210938,-1.0
2021-07-06,15.572173118591309,15.748699619981785,15.401950804422194,15.698263476727364,34748560,-0.01239522512535729,BBDC4.SA,481,1218,74.52999877929688,73.37000274658203,-1.0
2021-07-07,15.685653686523438,15.748698198530292,15.446081366317456,15.717175942526865,33947100,0.007287394448283413,BBDC4.SA,480,1217,73.43000030517578,72.19999694824219,-1.0
2021-07-08,15.502823829650879,15.61630448632741,15.28216538053998,15.439777991587032,71023700,-0.011655864685425232,BBDC4.SA,479,1216,74.12000274658203,72.94000244140625,-1.0
2021-07-12,15.893708229064941,15.988276354333497,15.565873207843786,15.584787097445922,34999910,0.025213754842937197,BBDC4.SA,475,1212,75.16000366210938,74.0999984741211,-1.0
2021-07-13,15.881101608276367,16.013496204655485,15.641529174121517,15.76761958084979,35166230,-0.0007931831015697277,BBDC4.SA,474,1211,76.48999786376953,75.25,-1.0
2021-07-14,15.950448036193848,16.3854595098173,15.830661846350822,16.07653841425441,68463230,0.004366600606682258,BBDC4.SA,473,1210,74.76000213623047,73.12999725341797,-1.0
2021-07-15,15.710869789123535,15.988268517259396,15.572169763684869,15.900005946950541,36420670,-0.015020157836737602,BBDC4.SA,472,1209,73.47000122070312,71.6500015258789,-1.0
2021-07-16,15.710869789123535,15.799133682173865,15.338902982074174,15.755001735648701,37051630,0.0,BBDC4.SA,471,1208,73.58999633789062,71.80999755859375,-1.0
2021-07-19,15.137168884277344,15.269563492350901,15.04260074019235,15.200213431839082,47496240,-0.03651617717838629,BBDC4.SA,468,1205,68.62000274658203,66.41999816894531,-1.0
2021-07-20,15.370428085327148,15.383037782134052,15.023679280150475,15.143465447478334,50840460,0.015409697997892158,BBDC4.SA,467,1204,69.3499984741211,67.41999816894531,-1.0
2021-07-21,15.376737594604492,15.515436359105802,15.256951396120138,15.319995928327444,31971500,0.0004104966525537712,BBDC4.SA,466,1203,72.2300033569336,70.30000305175781,-1.0
2021-07-22,15.256948471069336,15.40195139644311,15.111944222953753,15.376734646588375,29645220,-0.007790282093204759,BBDC4.SA,465,1202,73.79000091552734,71.91000366210938,-1.0
2021-07-23,15.099329948425293,15.294770282492733,14.979545131956842,15.263248031987425,35162490,-0.010330933668873832,BBDC4.SA,464,1201,74.0999984741211,72.06999969482422,-1.0
2021-07-26,15.22542667388916,15.288472524145376,15.074118220564598,15.080423731509596,33585200,0.008351147096895994,BBDC4.SA,461,1198,74.5,71.91000366210938,-1.0
2021-07-27,15.345212936401367,15.345212936401367,15.029987651847728,15.137164142776609,39891170,0.007867514328359304,BBDC4.SA,460,1197,74.4800033569336,71.6500015258789,-1.0
2021-07-28,15.704572677612305,15.811749176531361,15.364127969262043,15.483914168329141,52118660,0.02341836132872932,BBDC4.SA,459,1196,74.73999786376953,72.38999938964844,-1.0
2021-07-29,15.55325698852539,15.799133461164415,15.383034713410572,15.710869569348784,35160180,-0.009635135714493037,BBDC4.SA,458,1195,76.05000305175781,73.62000274658203,-1.0
2021-07-30,15.288472175598145,15.704571074125433,15.263254100618974,15.452390324333724,40227000,-0.01702439644137521,BBDC4.SA,457,1194,76.33000183105469,73.94999694824219,-1.0
2021-08-02,15.383033752441406,15.836958909230182,15.338901809290487,15.515428259152788,48047120,0.006185155439808465,BBDC4.SA,454,1191,72.88999938964844,71.26000213623047,-1.0
2021-08-03,15.470701217651367,15.596889526429418,15.136301206562557,15.584270033666963,59400990,0.005698971127593655,BBDC4.SA,453,1190,72.41000366210938,70.55999755859375,-1.0
2021-08-04,14.858689308166504,15.136303631962374,14.795594481782684,15.104756880655222,108007020,-0.039559416271745085,BBDC4.SA,452,1189,70.37999725341797,68.1500015258789,-1.0
2021-08-05,14.637862205505371,15.035355848935694,14.543220609684862,14.984880507667393,69889160,-0.014861815741699647,BBDC4.SA,451,1188,71.29000091552734,69.08999633789062,-1.0
2021-08-06,14.959640502929688,15.00380675059078,14.637859921608184,14.726192416930369,50173090,0.0219826018927336,BBDC4.SA,450,1187,70.69999694824219,68.27999877929688,-1.0
2021-08-09,14.95333194732666,15.18678136537184,14.890237116464027,14.890237116464027,38625510,-0.0004217050270554079,BBDC4.SA,447,1184,69.04000091552734,66.4800033569336,-1.0
2021-08-10,14.73880672454834,15.047969053358107,14.73880672454834,15.01011190135315,38955290,-0.014346315826732736,BBDC4.SA,446,1183,70.62999725341797,68.29000091552734,-1.0
2021-08-11,14.795591354370117,15.041660198615642,14.574762818128088,14.738806949266124,30339760,0.0038527291172900657,BBDC4.SA,445,1182,71.44000244140625,69.25,-1.0
2021-08-12,14.587381362915039,14.833448889741298,14.499050210892618,14.751426822055635,40036700,-0.014072434583263904,BBDC4.SA,444,1181,71.30999755859375,69.08999633789062,-1.0
2021-08-13,14.65678596496582,14.700952204980178,14.410718426336498,14.60631064031208,42676590,0.0047578520314295325,BBDC4.SA,443,1180,70.58999633789062,68.44000244140625,-1.0
2021-08-16,14.536911964416504,14.751432833206108,14.45488986330716,14.606315891710477,31897250,-0.008178737196261943,BBDC4.SA,440,1177,69.51000213623047,67.29000091552734,-1.0
2021-08-17,14.480123519897461,14.637858591474279,14.309768954234386,14.562145598265074,45561120,-0.003906499857607271,BBDC4.SA,439,1176,69.02999877929688,66.58999633789062,-1.0
2021-08-18,14.385481834411621,14.757737712374295,14.347625999989186,14.454885741917089,46310550,-0.00653597224884106,BBDC4.SA,438,1175,68.2300033569336,65.45999908447266,-1.0
2021-08-19,14.353935241699219,14.536907978237654,14.145724840680677,14.271913163081225,56256860,-0.002192946546770491,BBDC4.SA,437,1174,66.44999694824219,63.689998626708984,-1.0
2021-08-20,14.271916389465332,14.366557983603279,14.164655298349778,14.208821552116786,31478480,-0.0057140324832744005,BBDC4.SA,436,1173,65.18000030517578,62.31999969482422,-1.0
2021-08-23,14.372859954833984,14.454883342712405,14.246671654754735,14.353932702649006,31936080,0.0070728809372204715,BBDC4.SA,433,1170,68.75,65.63999938964844,-1.0
2021-08-24,14.751434326171875,14.839766846898687,14.448580914944191,14.511675761716191,40907240,0.02633952967798625,BBDC4.SA,432,1169,71.05000305175781,67.54000091552734,-1.0
2021-08-25,14.776667594909668,14.808214347005986,14.587384434792664,14.732501347713095,20103600,0.001710563744504734,BBDC4.SA,431,1168,72.25,68.36000061035156,-1.0
2021-08-26,14.492741584777832,14.801902612285058,14.486431176472285,14.732498711078545,33102630,-0.019214481770547742,BBDC4.SA,430,1167,71.06999969482422,67.41999816894531,-1.0
2021-08-27,14.682024002075195,14.7135720736161,14.429647372364165,14.57476426539035,22746900,0.013060497642224833,BBDC4.SA,429,1166,72.69999694824219,68.73999786376953,-1.0
2021-08-30,14.524291038513184,14.694645619130284,14.467505295794444,14.637859876411547,22814990,-0.010743271059883708,BBDC4.SA,426,1163,73.41000366210938,69.20999908447266,-1.0
2021-08-31,14.60631275177002,14.77666732804483,14.473815336342733,14.555837419819671,35247850,0.005647209425874378,BBDC4.SA,425,1162,72.98999786376953,68.5,-1.0
2021-09-01,14.581068992614746,14.827136463987681,14.562140420100912,14.688328697244856,26944060,-0.0017282773266794615,BBDC4.SA,424,1161,71.58999633789062,68.58999633789062,-1.0
2021-09-02,14.068924903869629,14.54251965795092,13.999464057301875,14.523575549822361,42032980,-0.03512390545607569,BBDC4.SA,423,1160,73.02999877929688,69.98999786376953,-1.0
2021-09-03,13.999464988708496,14.18258784652016,13.822656392407966,14.18258784652016,48821960,-0.004937116065068192,BBDC4.SA,422,1159,72.61000061035156,69.29000091552734,-1.0
2021-09-06,14.14470100402832,14.201532007546245,13.879487446185433,13.898431555643256,17038560,0.01037439755283276,BBDC4.SA,419,1156,72.61000061035156,69.29000091552734,-1.0
2021-09-08,13.330118179321289,13.936320436788487,13.22908469055269,13.911060739740728,58961320,-0.057589257240223235,BBDC4.SA,417,1154,72.5999984741211,69.30000305175781,1.0
2021-09-09,13.386945724487305,13.544811503515428,13.039642865422806,13.380631464285655,76710590,0.0042630938752044045,BBDC4.SA,416,1153,71.44999694824219,68.13999938964844,0.0
2021-09-10,13.222771644592285,13.740568984572182,13.210141794907052,13.5827031502133,55216260,-0.012263744342722926,BBDC4.SA,415,1152,72.91999816894531,69.72000122070312,1.0
2021-09-13,13.494297981262207,13.601645729639628,13.292229683058263,13.450095499628357,41682960,0.020534752014791602,BBDC4.SA,412,1149,73.51000213623047,70.44999694824219,-1.0
2021-09-14,13.405891418457031,13.582699999040752,13.30485794383776,13.513239154026149,36636930,-0.006551401408797619,BBDC4.SA,411,1148,73.5999984741211,70.45999908447266,-1.0
2021-09-15,13.285911560058594,13.45009159061614,13.20382220720742,13.45009159061614,18948050,-0.008949785930180698,BBDC4.SA,410,1147,75.45999908447266,72.61000061035156,1.0
2021-09-16,13.115422248840332,13.22276999592951,12.919669539544373,13.203825886191547,74356480,-0.012832338259032516,BBDC4.SA,409,1146,75.66999816894531,72.61000061035156,1.0
2021-09-17,12.641825675964355,13.071216603910674,12.641825675964355,13.071216603910674,88977020,-0.03610989900975947,BBDC4.SA,408,1145,75.33999633789062,71.97000122070312,1.0
2021-09-20,12.168224334716797,12.547101012078025,12.092449264215512,12.446066259888175,83070790,-0.037463049514122604,BBDC4.SA,405,1142,73.91999816894531,70.29000091552734,1.0
2021-09-21,12.345041275024414,12.50922136915001,12.111401645745401,12.294525851665433,54100090,0.014531038830632559,BBDC4.SA,404,1141,74.36000061035156,70.55999755859375,1.0
2021-09-22,12.528166770935059,12.730233784600097,12.48396428048187,12.528166770935059,42577590,0.014833931441049941,BBDC4.SA,403,1140,76.19000244140625,72.2300033569336,1.0
2021-09-23,13.083847045898438,13.134363783821989,12.553421297701162,12.591308188716106,51252410,0.04435447620736821,BBDC4.SA,402,1139,77.25,73.30000305175781,1.0
2021-09-24,12.793377876281738,13.033333095160886,12.749176714787767,12.944928122461498,44736120,-0.022200593494996257,BBDC4.SA,401,1138,78.08999633789062,73.9800033569336,1.0
2021-09-27,13.178566932678223,13.39326374222816,12.660769680132255,12.76180316113093,89182170,0.030108471751671306,BBDC4.SA,398,1135,79.52999877929688,75.44999694824219,1.0
2021-09-28,12.900723457336426,13.56375527309006,12.900723457336426,13.292227491213348,109024520,-0.02108298093116956,BBDC4.SA,397,1134,79.08999633789062,75.29000091552734,1.0
2021-09-29,13.134359359741211,13.285909522464822,12.91966395831026,13.03332591792547,63995360,0.018110294603045807,BBDC4.SA,396,1133,78.63999938964844,74.83000183105469,1.0
2021-09-30,13.153308868408203,13.349061573610724,13.045961123563805,13.27960072259442,77271700,0.0014427432772301518,BBDC4.SA,395,1132,78.5199966430664,75.02999877929688,1.0
2021-10-01,13.481669425964355,13.551130285928418,13.172254674564043,13.203827310963813,46504920,0.024964103013258798,BBDC4.SA,394,1131,79.27999877929688,75.87999725341797,-1.0
2021-10-04,13.101784706115723,13.373553606578579,13.000662843699235,13.354592677236555,42585840,-0.028177869360675234,BBDC4.SA,391,1128,81.26000213623047,77.62000274658203,1.0
2021-10-05,13.32298755645752,13.48731334574293,13.070179669888736,13.234505459174146,35939200,0.016883413619103615,BBDC4.SA,390,1127,82.55999755859375,78.93000030517578,1.0
2021-10-06,13.424117088317871,13.46203895233397,13.063866010325086,13.158669344333301,38029200,0.0075906046922136206,BBDC4.SA,389,1126,81.08000183105469,77.43000030517578,-1.0
2021-10-07,13.089141845703125,13.638999383127135,13.089141845703125,13.512595427744117,63955540,-0.024953242020382294,BBDC4.SA,388,1125,81.94999694824219,78.30000305175781,1.0
2021-10-08,13.17762565612793,13.531558103017005,13.108104466197576,13.228187244821841,75912210,0.006760092561289843,BBDC4.SA,387,1124,82.38999938964844,79.3499984741211,1.0
2021-10-11,12.937460899353027,13.291392078385385,12.899539038583601,13.234510613263163,39408270,-0.018225191930779983,BBDC4.SA,384,1121,83.6500015258789,80.5199966430664,1.0
2021-10-13,12.899538040161133,13.000662552375273,12.646730074705323,12.975380429797877,51281670,-0.0029312443521116727,BBDC4.SA,382,1119,83.18000030517578,80.44000244140625,1.0
2021-10-14,12.779457092285156,12.975382299217342,12.69097362861152,12.975382299217342,49092780,-0.009308933971287958,BBDC4.SA,381,1118,84.0,81.30999755859375,1.0
2021-10-15,13.449397087097168,13.493638817134133,12.798416177234204,12.82369697639362,64975020,0.05242319685211427,BBDC4.SA,380,1117,84.86000061035156,82.27999877929688,-1.0
2021-10-18,13.683242797851562,13.759085180497527,13.272428897328826,13.37355207419011,40842340,0.017387077594633427,BBDC4.SA,377,1114,84.33000183105469,82.44000244140625,-1.0
2021-10-19,13.259790420532227,13.544199050914333,13.2281884302428,13.544199050914333,49452260,-0.030946785318011205,BBDC4.SA,376,1113,85.08000183105469,82.95999908447266,1.0
2021-10-20,13.714844703674316,13.740125500183758,13.266110234123774,13.40515527794161,53331080,0.034318361656565655,BBDC4.SA,375,1112,85.81999969482422,83.87000274658203,-1.0
2021-10-21,13.430438995361328,13.815972258566601,13.221872689714036,13.360917777500386,63172340,-0.020737070995546447,BBDC4.SA,374,1111,84.61000061035156,82.5,-1.0
2021-10-22,12.924822807312012,13.386198480530895,12.457127264523175,13.386198480530895,85791750,-0.03764703359465382,BBDC4.SA,373,1110,85.52999877929688,83.76000213623047,1.0
2021-10-25,13.120745658874512,13.329313229945313,12.9943416730885,13.044903267402905,27476570,0.015158648941141273,BBDC4.SA,370,1107,85.98999786376953,83.76000213623047,1.0
2021-10-26,12.823695182800293,13.070183271637397,12.79841438717679,13.063863404239463,40538850,-0.022639755681362672,BBDC4.SA,369,1106,86.4000015258789,84.6500015258789,1.0
2021-10-27,12.994339942932129,13.291389601485967,12.918497561558702,12.956418089229581,31750950,0.013306988173012124,BBDC4.SA,368,1105,84.58000183105469,82.66000366210938,1.0
2021-10-28,12.950098037719727,13.070182138024084,12.735210630541845,12.956417904569522,29216880,-0.0034047058493699156,BBDC4.SA,367,1104,84.31999969482422,82.80999755859375,1.0
2021-10-29,12.577208518981934,13.038584085909326,12.577208518981934,13.019623155535452,30768100,-0.028794339444510597,BBDC4.SA,366,1103,84.37999725341797,83.56999969482422,1.0
2021-11-01,13.013307571411133,13.101789732231074,12.697296823265965,12.792100180312751,30642040,0.03467375544986995,BBDC4.SA,363,1100,84.70999908447266,84.05000305175781,1.0
2021-11-03,12.90509033203125,13.164456771716564,12.784895642694336,12.898764645027422,50494950,-0.00831589039035896,BBDC4.SA,361,1098,81.98999786376953,80.86000061035156,1.0
2021-11-04,12.05107593536377,13.031610495017155,12.05107593536377,12.974676658409157,78727770,-0.06617655318132587,BBDC4.SA,360,1097,80.54000091552734,78.80999755859375,1.0
2021-11-05,12.645719528198242,12.905085878373976,12.405330232484848,12.588784383054096,118130540,0.049343610149322537,BBDC4.SA,359,1096,82.73999786376953,81.2699966430664,1.0
2021-11-08,12.354727745056152,12.886113385124649,12.354727745056152,12.525530604034271,56784310,-0.023011089443603194,BBDC4.SA,356,1093,83.43000030517578,81.93000030517578,1.0
2021-11-09,12.21554946899414,12.671022681515964,12.171268346549388,12.430634705200099,66943360,-0.01126518357457984,BBDC4.SA,355,1092,84.77999877929688,84.1500015258789,1.0
2021-11-10,12.898767471313477,13.189763737031798,12.190251881307596,12.215555962120193,96874910,0.055930189964315424,BBDC4.SA,354,1091,82.63999938964844,81.33999633789062,1.0
2021-11-11,12.962018966674805,13.196082564392722,12.867129717946995,13.12017036905909,39270990,0.004903685216591347,BBDC4.SA,353,1090,82.87000274658203,81.58999633789062,1.0
2021-11-12,13.088544845581055,13.189761148971048,12.784895935411074,13.107523234279894,46733060,0.009761278642744342,BBDC4.SA,352,1089,82.16999816894531,80.79000091552734,1.0
2021-11-16,13.06956672668457,13.278325003722713,12.892436882830683,13.101196487121582,41142090,-0.0014499792849692605,BBDC4.SA,348,1085,82.43000030517578,80.76000213623047,1.0
2021-11-17,13.126496315002441,13.284646393284762,13.006301671516853,13.164451749799175,43446370,0.004355889488030007,BBDC4.SA,347,1084,80.27999877929688,78.36000061035156,1.0
2021-11-18,12.99997615814209,13.183430304455856,12.6520449195367,13.151800553833278,61360750,-0.009638532158482427,BBDC4.SA,346,1083,81.23999786376953,79.01000213623047,1.0
2021-11-19,12.987322807312012,13.082213381652027,12.784890289921195,12.930388993608915,43549440,-0.0009733364643251807,BBDC4.SA,345,1082,78.88999938964844,76.0999984741211,1.0
2021-11-22,12.765914916992188,13.183432746095578,12.75958923114659,13.031608322285726,41808360,-0.017048000854738787,BBDC4.SA,342,1079,79.69999694824219,76.75,1.0
2021-11-23,13.0126371383667,13.012637138366701,12.58879210485081,12.886115400830107,41310170,0.019326638394409956,BBDC4.SA,341,1078,82.30999755859375,78.5,1.0
2021-11-24,13.34791088104248,13.398519026150128,12.80387265750893,12.841828102713318,37099150,0.02576524182690476,BBDC4.SA,340,1077,82.25,78.38999938964844,1.0
2021-11-25,13.455452919006348,13.600951668668197,13.309954169344497,13.392193400959357,17497370,0.008056844170019506,BBDC4.SA,339,1076,82.25,78.38999938964844,-1.0
2021-11-26,12.917745590209961,13.139156624445219,12.778572485061021,13.06957007187075,43187100,-0.03996203859008374,BBDC4.SA,338,1075,72.72000122070312,68.1500015258789,1.0
2021-11-29,12.82284927368164,13.145476486020863,12.82284927368164,13.126498102412082,30746980,-0.007346197977473712,BBDC4.SA,335,1072,73.44000244140625,69.94999694824219,1.0
2021-11-30,12.595112800598145,12.879783249075347,12.462265441023263,12.803871040997924,65055100,-0.01776020822072011,BBDC4.SA,334,1071,70.56999969482422,66.18000030517578,1.0
2021-12-01,12.544499397277832,13.006299513576066,12.531848030195416,12.784888644364814,42846430,-0.004018495437207115,BBDC4.SA,333,1070,68.87000274658203,65.56999969482422,1.0
2021-12-02,13.183379173278809,13.221370919831356,12.695808904779378,12.784458527605494,64814970,0.050929077021568014,BBDC4.SA,332,1069,69.66999816894531,66.5,1.0
2021-12-03,13.145383834838867,13.480984402300372,13.069399026294693,13.17071210435359,41316880,-0.002882063690996084,BBDC4.SA,331,1068,69.87999725341797,66.26000213623047,1.0
2021-12-06,13.423995018005371,13.77225906163205,13.151717112681576,13.259361927740839,46710070,0.021194602353725722,BBDC4.SA,328,1065,73.08000183105469,69.48999786376953,-1.0
2021-12-07,13.265693664550781,13.677277718779264,13.158048849479682,13.677277718779264,47259850,-0.011792417476486183,BBDC4.SA,327,1064,75.44000244140625,72.05000305175781,1.0
2021-12-08,13.183379173278809,13.37967229942416,12.93642817085989,13.37967229942416,35081420,-0.006205064985929654,BBDC4.SA,326,1063,75.81999969482422,72.36000061035156,1.0
2021-12-09,12.847774505615234,13.101057164679808,12.765457973549669,13.101057164679808,28753890,-0.02545664986590135,BBDC4.SA,325,1062,74.41999816894531,70.94000244140625,1.0
2021-12-10,12.797115325927734,12.987077945181493,12.651477494969374,12.93008969081393,30212710,-0.003943031508325312,BBDC4.SA,324,1061,75.1500015258789,71.66999816894531,1.0
2021-12-13,12.562834739685059,13.00608015939419,12.562834739685059,12.847777464628361,33137500,-0.018307296627077307,BBDC4.SA,321,1058,74.38999938964844,71.29000091552734,1.0
2021-12-14,12.752788543701172,13.075724148827906,12.695800298243865,12.721128554949468,45201860,0.015120297922575077,BBDC4.SA,320,1057,73.69999694824219,70.7300033569336,1.0
2021-12-15,12.752788543701172,12.854101570523582,12.537499025964149,12.759120275747271,44282040,0.0,BBDC4.SA,319,1056,73.87999725341797,70.87000274658203,1.0
2021-12-16,12.911101341247559,12.942761355003256,12.664150311204171,12.866776524876233,39404310,0.012413974951743345,BBDC4.SA,318,1055,75.0199966430664,72.37999725341797,1.0
2021-12-17,12.550165176391602,12.892097379367675,12.531169976187421,12.778119535535156,62958720,-0.027955490032663732,BBDC4.SA,317,1054,73.5199966430664,70.86000061035156,1.0
2021-12-20,12.29055404663086,12.493180196814308,12.144916169056046,12.44885539433122,49098940,-0.020685873541258393,BBDC4.SA,314,1051,71.5199966430664,68.2300033569336,1.0
2021-12-21,12.237645149230957,12.526117050876255,12.218413330460875,12.372265190668564,24044790,-0.004304842336575243,BBDC4.SA,313,1050,73.9800033569336,71.12000274658203,1.0
2021-12-22,12.295342445373535,12.320984428716748,12.14149054531426,12.308162764556725,33019030,0.004714738451637723,BBDC4.SA,312,1049,75.29000091552734,72.76000213623047,1.0
2021-12-23,12.333806991577148,12.513300888058422,12.212005880600831,12.340217151635818,29967190,0.003128383481347141,BBDC4.SA,311,1048,76.8499984741211,73.79000091552734,1.0
2021-12-27,12.474836349487305,12.538941980440184,12.288932306184575,12.423552382715735,22208010,0.011434373669578779,BBDC4.SA,307,1044,78.5999984741211,75.56999969482422,1.0
2021-12-28,12.429959297180176,12.53893870685071,12.365855027940084,12.506885227254179,19267820,-0.0035974060941467156,BBDC4.SA,306,1043,78.94000244140625,75.9800033569336,1.0
2021-12-29,12.372265815734863,12.487654044231983,12.288929723489549,12.468423569466832,15056580,-0.00464148595067404,BBDC4.SA,305,1042,79.2300033569336,76.55999755859375,1.0
2021-12-30,12.31457805633545,12.43637650594083,12.167136270523702,12.429966344377863,36097050,-0.0046626673124050555,BBDC4.SA,304,1041,79.31999969482422,76.98999786376953,1.0
2022-01-03,12.62228012084961,12.769721885282248,12.4043225545174,12.442786208272459,35620970,0.024986813442289035,BBDC4.SA,300,1037,78.9800033569336,76.08000183105469,1.0
2022-01-04,12.705010414123535,12.782010403806453,12.557426763996773,12.628010424440617,110060060,0.00655430655015099,BBDC4.SA,299,1036,80.0,76.98999786376953,1.0
2022-01-05,12.615180015563965,12.78201404723422,12.49326434018494,12.672929687719476,45808070,-0.007070470281528518,BBDC4.SA,298,1035,80.80000305175781,77.8499984741211,1.0
2022-01-06,12.794846534729004,12.826930882174562,12.544596163775239,12.570262833968659,36651120,0.014242089208665654,BBDC4.SA,297,1034,81.98999786376953,79.45999908447266,1.0
2022-01-07,12.98093318939209,12.98093318939209,12.525349376658637,12.814099130618057,84778540,0.014543875470330203,BBDC4.SA,296,1033,81.75,78.9000015258789,1.0
2022-01-10,13.025845527648926,13.10284687835998,12.801261844799296,12.865429188301306,51092910,0.0034598697644894205,BBDC4.SA,293,1030,80.87000274658203,78.2300033569336,1.0
2022-01-11,13.045095443725586,13.109262785153788,12.87826277930107,13.02584510666997,53026600,0.0014778246859905586,BBDC4.SA,292,1029,83.72000122070312,81.22000122070312,1.0
2022-01-12,12.948844909667969,13.15417824511074,12.865428578712226,13.045095247224653,49113570,-0.007378292820687027,BBDC4.SA,291,1028,84.66999816894531,82.63999938964844,1.0
2022-01-13,13.179845809936523,13.237595471997285,12.859011811086138,12.859011811086138,57497660,0.017839498571496692,BBDC4.SA,290,1027,84.47000122070312,82.12000274658203,1.0
2022-01-14,13.391593933105469,13.430093254641852,13.134927301958452,13.173426623494835,56481590,0.01606605465818922,BBDC4.SA,289,1026,86.05999755859375,83.81999969482422,-1.0
2022-01-17,13.468602180480957,13.545602217036251,13.231185737670177,13.32101844051527,21673410,0.0057504915217834185,BBDC4.SA,286,1023,86.05999755859375,83.81999969482422,-1.0
2022-01-18,13.712433815002441,13.712433815002441,13.34668269801515,13.398016046405795,74687690,0.018103707515754852,BBDC4.SA,285,1022,87.51000213623047,85.43000030517578,-1.0
2022-01-19,13.539182662963867,13.860015399149775,13.51351599021812,13.76376638605711,50084980,-0.012634602607818901,BBDC4.SA,284,1021,88.44000244140625,86.95999908447266,-1.0
2022-01-20,13.526350021362305,13.63543305499523,13.44293366307077,13.57768337204509,28939130,-0.0009478150875876779,BBDC4.SA,283,1020,88.37999725341797,86.9000015258789,-1.0
2022-01-21,13.38518238067627,13.680349784967657,13.38518238067627,13.475015060500722,44387750,-0.010436491770735468,BBDC4.SA,282,1019,87.88999938964844,85.13999938964844,1.0
2022-01-24,13.66751480102539,13.776597813844573,13.385181426141102,13.404431765542054,86358580,0.02109290798732144,BBDC4.SA,279,1016,86.2699966430664,83.30999755859375,-1.0
2022-01-25,14.212931632995605,14.283515315378356,13.552015859160774,13.622598195271758,74485400,0.039906072165313944,BBDC4.SA,278,1015,88.19999694824219,85.5999984741211,-1.0
2022-01-26,14.225759506225586,14.405426127173843,14.078175873878866,14.366926810106238,75827730,0.0009025494219785379,BBDC4.SA,277,1014,89.95999908447266,87.3499984741211,-1.0
2022-01-27,14.296351432800293,14.495268500549836,14.148767715033085,14.354101114962429,65708720,0.0049622606472303765,BBDC4.SA,276,1013,89.33999633789062,86.61000061035156,-1.0
2022-01-28,14.501683235168457,14.53376623880504,14.148766156350607,14.21934984136854,49132160,0.01436253182032643,BBDC4.SA,275,1012,90.02999877929688,86.81999969482422,-1.0
2022-01-31,14.630016326904297,14.758349685362072,14.354099269652133,14.520933308783135,62474390,0.00884953075134165,BBDC4.SA,272,1009,91.20999908447266,88.1500015258789,-1.0
2022-02-01,14.681350708007812,14.784017402030813,14.565850004095994,14.604350687490562,29653910,0.0035088396319225,BBDC4.SA,271,1008,89.16000366210938,88.19999694824219,-1.0
2022-02-02,14.417365074157715,14.629290177812294,14.34672292381054,14.558649374852068,51841460,-0.017981018170631247,BBDC4.SA,270,1007,89.47000122070312,88.26000213623047,-1.0
2022-02-03,14.629293441772461,14.706357255512199,14.301773243919012,14.526543037506727,42935860,0.014699521481537303,BBDC4.SA,269,1006,91.11000061035156,90.2699966430664,-1.0
2022-02-04,14.725621223449707,14.834795952903741,14.526540746559018,14.6036045481452,40621790,0.006584581959521829,BBDC4.SA,268,1005,93.2699966430664,92.30999755859375,-1.0
2022-02-07,14.674241065979004,14.847634905706146,14.610021923790665,14.757727837165143,33281710,-0.0034891673968147074,BBDC4.SA,265,1002,92.69000244140625,91.31999969482422,-1.0
2022-02-08,14.59075927734375,14.809107379434298,14.41736539441699,14.680667715671323,48921730,-0.005689002126917475,BBDC4.SA,264,1001,90.77999877929688,89.36000061035156,-1.0
2022-02-09,13.338476181030273,13.974253042362593,13.293520601125358,13.749483227162298,226386930,-0.08582713706050904,BBDC4.SA,263,1000,91.55000305175781,89.66000366210938,-1.0
2022-02-10,13.5311279296875,13.691678483017736,13.177918598702322,13.421954577436809,80558500,0.014443310168459345,BBDC4.SA,262,999,91.41000366210938,89.87999725341797,-1.0
2022-02-11,13.576085090637207,13.85865234739231,13.473333360908079,13.672415174105005,89646920,0.003322499142962787,BBDC4.SA,261,998,94.44000244140625,93.0999984741211,-1.0
2022-02-14,13.595352172851562,13.646726693337277,13.364159420037122,13.646726693337277,42557020,0.001419192800113045,BBDC4.SA,258,995,96.4800033569336,95.45999908447266,-1.0
2022-02-15,13.608194351196289,13.730212364243812,13.57608477325334,13.614615997307492,45128050,0.0009446006386191197,BBDC4.SA,257,994,93.27999877929688,92.06999969482422,-1.0
2022-02-16,13.768746376037598,13.775168022820571,13.550398258932832,13.640305356055684,44218790,0.011798187231739199,BBDC4.SA,256,993,94.80999755859375,93.66000366210938,-1.0
2022-02-17,13.608194351196289,13.807276159739049,13.556818487532798,13.723790718132609,25904450,-0.011660613134738651,BBDC4.SA,255,992,92.97000122070312,91.76000213623047,-1.0
2022-02-18,13.685258865356445,13.781588951630884,13.621039706098156,13.6531492857273,33335500,0.00566309623240957,BBDC4.SA,254,991,93.54000091552734,91.06999969482422,-1.0
2022-02-21,13.524711608886719,13.710948814989845,13.42195986105228,13.685260878031235,22943580,-0.01173140077577517,BBDC4.SA,251,988,93.54000091552734,91.06999969482422,-1.0
2022-02-22,13.473332405090332,13.710945426385587,13.396268613260503,13.621038342944221,44470030,-0.0037989130772021484,BBDC4.SA,250,987,96.83999633789062,92.3499984741211,-1.0
2022-02-23,13.4091157913208,13.614619295762724,13.38342785326556,13.486179605486523,26533320,-0.004766201251389712,BBDC4.SA,249,986,96.83999633789062,92.0999984741211,-1.0
2022-02-24,13.004532814025879,13.145817172922827,12.683432855779404,13.036642405634273,79078560,-0.03017223384384471,BBDC4.SA,248,985,99.08000183105469,92.80999755859375,1.0
2022-02-25,13.068743705749512,13.184338689237405,12.88250524752889,12.940302739272836,55603460,0.004937577738615806,BBDC4.SA,247,984,97.93000030517578,91.58999633789062,1.0
2022-03-02,12.933883666992188,13.068746304393391,12.734801880969554,12.978837879459256,42620050,-0.010319281010767178,BBDC4.SA,242,979,112.93000030517578,110.5999984741211,1.0
2022-03-03,13.183770179748535,13.331613728615853,12.894510710579743,12.894510710579743,42707830,0.01932030001120766,BBDC4.SA,241,978,110.45999908447266,107.66999816894531,1.0
2022-03-04,12.804525375366211,13.183775853599844,12.675966005510976,13.183775853599844,43527770,-0.028766035755453223,BBDC4.SA,240,977,118.11000061035156,115.68000030517578,1.0
2022-03-07,12.476696968078613,12.849519764868962,12.37384948601818,12.720960412293422,52141650,-0.02560254266966311,BBDC4.SA,237,974,123.20999908447266,119.4000015258789,1.0
2022-03-08,12.637393951416016,12.862373122288947,12.42527138821926,12.502406988349206,68288990,0.012879769681714892,BBDC4.SA,236,973,127.9800033569336,123.69999694824219,1.0
2022-03-09,13.447319984436035,13.492316093550095,12.843090372454443,12.881658851307213,62361860,0.06408964032725017,BBDC4.SA,235,972,111.13999938964844,108.69999694824219,-1.0
2022-03-10,13.36375617980957,13.428036525630883,13.132349362409279,13.318760072598897,33495110,-0.006214160496156973,BBDC4.SA,234,971,109.33000183105469,106.0199966430664,-1.0
2022-03-11,13.30589771270752,13.550161033149985,13.24161874331227,13.421601745717604,42839830,-0.004329506339652123,BBDC4.SA,233,970,112.66999816894531,109.33000183105469,-1.0
2022-03-14,13.402323722839355,13.672299025809593,13.312332854277615,13.312332854277615,36692150,0.007246862422499056,BBDC4.SA,230,967,106.9000015258789,103.01000213623047,-1.0
2022-03-15,13.3701810836792,13.51159700646654,13.125919056104053,13.395892947036698,51826390,-0.0023982885225627415,BBDC4.SA,229,966,99.91000366210938,96.44000244140625,-1.0
2022-03-16,13.563026428222656,13.60159356513194,13.318762949440412,13.466606562985309,51718480,0.014423540215088071,BBDC4.SA,228,965,98.0199966430664,95.04000091552734,-1.0
2022-03-17,13.614446640014648,13.704438850497686,13.395895092157563,13.633730877781359,52868970,0.0037912048659725084,BBDC4.SA,227,964,106.63999938964844,102.9800033569336,-1.0
2022-03-18,13.582308769226074,13.704441852286172,13.408754637238028,13.608021990975454,91396580,-0.002360571210739959,BBDC4.SA,226,963,107.93000030517578,104.69999694824219,-1.0
2022-03-21,13.903702735900879,13.903702735900879,13.595160372273462,13.627299864657433,46281290,0.023662690352246996,BBDC4.SA,223,960,115.62000274658203,112.12000274658203,-1.0
2022-03-22,14.077260971069336,14.205820314986832,13.967985865900083,13.97441349593534,48284500,0.012482878731311597,BBDC4.SA,222,959,115.4800033569336,111.76000213623047,-1.0
2022-03-23,13.987268447875977,14.135112013029852,13.897276243471941,14.109398798649572,30857860,-0.006392758035693613,BBDC4.SA,221,958,121.5999984741211,114.93000030517578,-1.0
2022-03-24,14.192963600158691,14.30223869412741,13.987268670974121,14.012979188479857,43444170,0.01470588435828235,BBDC4.SA,220,957,119.02999877929688,112.33999633789062,-1.0
2022-03-25,14.321523666381836,14.40508689849388,14.13511296439577,14.2636723017383,40055180,0.009058014227677269,BBDC4.SA,219,956,120.6500015258789,113.9000015258789,-1.0
2022-03-28,14.250811576843262,14.41793934142912,14.128679904489212,14.379370877046993,25232680,-0.004937469726392529,BBDC4.SA,216,953,112.4800033569336,105.95999908447266,-1.0
2022-03-29,14.507932662963867,14.610780120748197,14.405085205179539,14.430797069625621,54799690,0.018042557417460525,BBDC4.SA,215,952,110.2300033569336,104.23999786376953,-1.0
2022-03-30,14.417946815490723,14.527221940150085,14.282959817461942,14.527221940150085,27442800,-0.006202527235521393,BBDC4.SA,214,951,113.44999694824219,107.81999969482422,-1.0
2022-03-31,14.282955169677734,14.507932976968613,14.109398395107466,14.417942123780717,36693250,-0.009362750989478807,BBDC4.SA,213,950,107.91000366210938,100.27999877929688,-1.0
2022-04-01,14.128684997558594,14.424372168936678,14.057978368439922,14.360091821342202,35110570,-0.010800998132840967,BBDC4.SA,212,949,104.38999938964844,99.2699966430664,-1.0
2022-04-04,14.070101737976074,14.147303866384684,13.889962088550433,14.121568473776264,22034760,-0.004146405669929076,BBDC4.SA,209,946,107.52999877929688,103.27999877929688,-1.0
2022-04-05,13.677652359008789,14.082963745735322,13.587583911850189,14.082963745735322,41254180,-0.027892433635219538,BBDC4.SA,208,945,106.63999938964844,101.95999908447266,-1.0
2022-04-06,13.606889724731445,13.677658690849226,13.433184571462625,13.613322898976946,44633160,-0.0051735950307828515,BBDC4.SA,207,944,101.06999969482422,96.2300033569336,-1.0
2022-04-07,13.664793968200684,13.729129774082741,13.446055197775005,13.664793968200684,33112640,0.0042555091310834126,BBDC4.SA,206,943,100.58000183105469,96.02999877929688,-1.0
2022-04-08,13.819188117980957,13.902824739090134,13.587583166617266,13.613315850275402,37651020,0.011298681131933996,BBDC4.SA,205,942,102.77999877929688,98.26000213623047,-1.0
2022-04-11,13.799896240234375,13.973601399667155,13.690525525151036,13.761294493780065,32351330,-0.0013960210673650275,BBDC4.SA,202,939,98.4800033569336,94.29000091552734,-1.0
2022-04-12,13.677652359008789,13.973594434969476,13.65191832413417,13.928559536487608,29440620,-0.008858318866860504,BBDC4.SA,201,938,104.63999938964844,100.5999984741211,-1.0
2022-04-13,13.819188117980957,13.909257910004667,13.658350746287256,13.7548537092255,35077570,0.010347957036570321,BBDC4.SA,200,937,108.77999877929688,104.25,-1.0
2022-04-14,13.787027359008789,13.877097193139953,13.696958874683316,13.812761404502593,30043860,-0.002327253865972212,BBDC4.SA,199,936,111.69999694824219,106.94999694824219,-1.0
2022-04-18,14.031493186950684,14.095827587822436,13.787019224106277,13.819186424542155,34271160,0.017731583580426813,BBDC4.SA,195,932,113.16000366210938,108.20999908447266,-1.0
2022-04-19,13.8494234085083,14.160805819911472,13.665424772215733,14.082959879609488,32993200,-0.0129757949504411,BBDC4.SA,194,931,107.25,102.55999755859375,-1.0
2022-04-20,13.799896240234375,13.934357145648951,13.693743462193734,13.927280113805468,22521400,-0.003576117706351467,BBDC4.SA,193,930,106.80000305175781,102.75,-1.0
2022-04-22,13.6017427444458,13.672511709674254,13.460206163794638,13.6017427444458,35690800,-0.01435905693340267,BBDC4.SA,191,928,106.6500015258789,102.06999969482422,-1.0
2022-04-25,13.516820907592773,13.608819616447473,13.332822140077644,13.48851278191088,38839200,-0.00624345265519044,BBDC4.SA,188,925,102.31999969482422,98.54000091552734,-1.0
2022-04-26,12.93652057647705,13.339902004469343,12.823290749314513,13.318670905699111,66772900,-0.042931717086652554,BBDC4.SA,187,924,104.98999786376953,101.69999694824219,1.0
2022-04-27,13.014358520507812,13.177127494106589,12.872821984524276,13.08512746340224,62402800,0.006016914947926333,BBDC4.SA,186,923,105.31999969482422,102.0199966430664,1.0
2022-04-28,12.894055366516113,13.070977098849347,12.787902597077311,13.021439229764955,66856100,-0.00924387888977607,BBDC4.SA,185,922,107.58999633789062,105.36000061035156,1.0
2022-04-29,12.724209785461426,13.254974945754032,12.724209785461426,13.02143832921751,61884300,-0.013172394272150445,BBDC4.SA,184,921,109.33999633789062,104.69000244140625,1.0
2022-05-02,12.717131614685059,12.858669517997514,12.547286940593402,12.73836270512357,43038200,-0.0005562758627616349,BBDC4.SA,181,918,107.58000183105469,105.16999816894531,1.0
2022-05-03,12.801395416259766,12.85807005233766,12.624287009612608,12.723467284941446,55511000,0.0066260068801524685,BBDC4.SA,180,917,104.97000122070312,102.41000366210938,1.0
2022-05-04,12.985584259033203,13.042258877381546,12.610114067957,12.695126671094258,54528700,0.014388184786440439,BBDC4.SA,179,916,110.13999938964844,107.80999755859375,1.0
2022-05-05,12.560527801513672,12.914744612732196,12.418841887764204,12.893492468846222,47513400,-0.03273294824788864,BBDC4.SA,178,915,110.9000015258789,108.26000213623047,1.0
2022-05-06,12.82264518737793,13.14143941601643,12.503849607509913,12.71638044449843,73889800,0.02086834168168239,BBDC4.SA,177,914,112.38999938964844,109.7699966430664,1.0
2022-05-09,13.013927459716797,13.120192242806466,12.645541617191252,12.666793763071169,66525900,0.014917536088977723,BBDC4.SA,174,911,105.94000244140625,103.08999633789062,1.0
2022-05-10,13.141441345214844,13.254790601090217,13.035176586735396,13.120189204256784,57446300,0.009798263121778783,BBDC4.SA,173,910,102.45999908447266,99.76000213623047,1.0
2022-05-11,13.36814022064209,13.481489468143941,13.17686285877161,13.17686285877161,44034600,0.017250685786440956,BBDC4.SA,172,909,107.51000213623047,105.70999908447266,-1.0
2022-05-12,13.45315170288086,13.523995321547156,13.283127828819525,13.297296822798712,25040300,0.006359260213885332,BBDC4.SA,171,908,107.44999694824219,106.12999725341797,-1.0
2022-05-13,13.609010696411133,13.73652897830811,13.49566141277605,13.55942055372454,27983200,0.011585314502689847,BBDC4.SA,170,907,111.55000305175781,110.48999786376953,-1.0
2022-05-16,13.835704803466797,13.913631558715373,13.566499354485961,13.665680949429706,29746400,0.016657647797679198,BBDC4.SA,167,904,114.23999786376953,114.19999694824219,-1.0
2022-05-17,14.119084358215332,14.126168857614333,13.949060426329604,13.998650570892513,37015800,0.020481757797949696,BBDC4.SA,166,903,111.93000030517578,112.4000015258789,-1.0
2022-05-18,13.85695743560791,14.133247390611746,13.793198319163142,14.048234784942215,45581800,-0.018565433561908096,BBDC4.SA,165,902,109.11000061035156,109.58999633789062,-1.0
2022-05-19,13.750694274902344,13.899466014143023,13.630260524556912,13.871128025247776,55752600,-0.007668578127584036,BBDC4.SA,164,901,112.04000091552734,112.20999908447266,-1.0
2022-05-20,13.934883117675781,14.076570318702593,13.83570288769459,13.871124012336645,38174000,0.013394875857986044,BBDC4.SA,163,900,112.55000305175781,113.2300033569336,-1.0
2022-05-23,14.161582946777344,14.218257562498751,13.977390107875411,14.034064723596819,36222200,0.016268513139805485,BBDC4.SA,160,897,113.41999816894531,110.29000091552734,-1.0
2022-05-24,14.459129333496094,14.46621383147983,14.012816770359388,14.076575900983178,40495800,0.021010814104397868,BBDC4.SA,159,896,113.55999755859375,109.7699966430664,-1.0
2022-05-25,14.29619026184082,14.430793024162998,14.182840993957887,14.352864895782286,30288400,-0.011268940743050737,BBDC4.SA,158,895,114.02999877929688,110.33000183105469,-1.0
2022-05-26,14.374116897583008,14.452043666641783,14.182839521182009,14.303273274705262,39550400,0.005450867281067806,BBDC4.SA,157,894,117.4000015258789,114.08999633789062,-1.0
2022-05-27,14.57956314086914,14.643322271685829,14.282020980801207,14.374118103638569,40497700,0.014292790628458008,BBDC4.SA,156,893,119.43000030517578,115.06999969482422,-1.0
2022-05-30,14.437874794006348,14.65040566443821,14.352863526817387,14.593731035902326,16964100,-0.009718284800016797,BBDC4.SA,153,890,119.43000030517578,115.06999969482422,-1.0
2022-05-31,14.522889137268066,14.614984912865689,14.367034228091365,14.459130003688985,55770400,0.005888286501626316,BBDC4.SA,152,889,122.83999633789062,114.66999816894531,-1.0
2022-06-01,14.260766983032227,14.544141488309613,14.175755712432839,14.544141488309613,35754500,-0.01804889865634185,BBDC4.SA,151,888,116.29000091552734,115.26000213623047,-1.0
2022-06-02,14.203293800354004,14.366386709008147,14.068564228964437,14.366386709008147,27083600,-0.004030160702198193,BBDC4.SA,150,887,117.61000061035156,116.87000274658203,-1.0
2022-06-03,14.11819839477539,14.217472085049227,13.99765119122748,14.182017582095025,17800100,-0.005991244479959468,BBDC4.SA,149,886,119.72000122070312,118.87000274658203,-1.0
2022-06-06,14.132381439208984,14.281291982019237,14.047288734386939,14.203291801143576,11405400,0.001004593081709526,BBDC4.SA,146,883,119.51000213623047,118.5,-1.0
2022-06-07,14.011837005615234,14.139475411883957,13.933835456783699,14.02601935131241,21522200,-0.00852966176382064,BBDC4.SA,145,882,120.56999969482422,119.41000366210938,-1.0
2022-06-08,13.76364517211914,14.026013039436448,13.728190676334082,13.912557029921482,23629700,-0.01771301174832618,BBDC4.SA,144,881,123.58000183105469,122.11000061035156,-1.0
2022-06-09,13.756553649902344,13.92673765981324,13.671462321198039,13.770735988853824,40261700,-0.000515235762627908,BBDC4.SA,143,880,123.06999969482422,121.51000213623047,-1.0
2022-06-10,13.55091667175293,13.671463861416704,13.44455047013597,13.628916839768946,39495800,-0.014948291802058589,BBDC4.SA,142,879,122.01000213623047,120.66999816894531,-1.0
2022-06-13,13.35236930847168,13.508371012742595,13.238913277637817,13.416188494878547,28188100,-0.014651950719697382,BBDC4.SA,139,876,122.2699966430664,120.93000030517578,-1.0
2022-06-14,13.217638969421387,13.501280381943168,13.160910957417528,13.444551017436819,23589800,-0.010090369427155577,BBDC4.SA,138,875,121.16999816894531,118.93000030517578,-1.0
2022-06-15,13.309820175170898,13.458730669742861,13.2105451596207,13.402002669072273,42167500,0.006974105281795762,BBDC4.SA,137,874,118.51000213623047,115.30999755859375,-1.0
2022-06-17,13.104181289672852,13.295638813183245,12.962361953833621,13.12545479867478,56517300,-0.015450162571066128,BBDC4.SA,135,872,113.12000274658203,109.55999755859375,-1.0
2022-06-20,13.451641082763672,13.57218826743008,13.210546713430853,13.231820223372825,38181500,0.026515185146640752,BBDC4.SA,132,869,113.12000274658203,109.55999755859375,-1.0
2022-06-21,13.355815887451172,13.649586416164826,13.28416560563147,13.5277790237732,30440200,-0.007123680651521802,BBDC4.SA,131,868,114.6500015258789,110.6500015258789,-1.0
2022-06-22,13.298493385314941,13.384475627378361,13.1910166077167,13.355814424476764,35022300,-0.004291950609328854,BBDC4.SA,130,867,111.73999786376953,106.19000244140625,-1.0
2022-06-23,12.947400093078613,13.362977912281803,12.890079061693386,13.362977912281803,36957800,-0.026400982582284738,BBDC4.SA,129,866,110.05000305175781,104.2699966430664,1.0
2022-06-24,12.839924812316895,13.033383828065608,12.839924812316895,13.033383828065608,34188700,-0.008300916013182613,BBDC4.SA,128,865,113.12000274658203,107.62000274658203,1.0
2022-06-27,13.01905632019043,13.054881464963383,12.811266653910618,12.882918310098196,24748500,0.013951133709264374,BBDC4.SA,125,862,115.08999633789062,109.56999969482422,1.0
2022-06-28,12.832757949829102,13.140859004082923,12.746777086611074,13.076372673348812,31457800,-0.01430966775006648,BBDC4.SA,124,861,117.9800033569336,111.76000213623047,1.0
2022-06-29,12.610637664794922,12.890077487848886,12.546151341530004,12.832756463462406,45403300,-0.017308850202160775,BBDC4.SA,123,860,116.26000213623047,109.77999877929688,1.0
2022-06-30,12.324031829833984,12.488829594580324,12.273874740586846,12.424343275046375,42129000,-0.022727307102086813,BBDC4.SA,122,859,114.80999755859375,105.76000213623047,1.0
2022-07-01,12.4171781539917,12.48882977301324,12.137738343112748,12.324032005912368,22723600,0.007558104802376953,BBDC4.SA,121,858,111.62999725341797,108.43000030517578,1.0
2022-07-04,12.287310600280762,12.40925127989733,12.237099973639285,12.366213795367061,10774200,-0.010458701010840343,BBDC4.SA,118,855,111.62999725341797,108.43000030517578,1.0
2022-07-05,12.315998077392578,12.373381822423289,12.086463097269739,12.18688430903938,19873600,0.002334723850079934,BBDC4.SA,117,854,102.7699966430664,99.5,1.0
2022-07-06,12.21557903289795,12.409248351651948,12.143848996849195,12.272962788109623,20841700,-0.008153544995996631,BBDC4.SA,116,853,100.69000244140625,98.52999877929688,1.0
2022-07-07,12.466630935668945,12.538360964978924,12.294479686206905,12.351863436027585,39176300,0.020551780811608245,BBDC4.SA,115,852,104.6500015258789,102.7300033569336,1.0
2022-07-08,12.47380542755127,12.653129836196396,12.38773047755814,12.502497989640087,19211100,0.0005754956506971443,BBDC4.SA,114,851,107.0199966430664,104.79000091552734,1.0
2022-07-11,12.22275161743164,12.416420927377654,12.143848444552825,12.33034598254311,15202200,-0.02012648117511262,BBDC4.SA,111,848,107.0999984741211,104.08999633789062,1.0
2022-07-12,12.27295970916748,12.42359151575758,12.08646220948238,12.237094016072481,25334600,0.004107756854375921,BBDC4.SA,110,847,99.48999786376953,95.83999633789062,1.0
2022-07-13,11.99321460723877,12.287306494851537,11.99321460723877,12.222750973693875,30571100,-0.02279361364803889,BBDC4.SA,109,846,99.56999969482422,96.30000305175781,1.0
2022-07-14,11.7206392288208,11.821060423618928,11.605871758155464,11.821060423618928,45285000,-0.02272746610016052,BBDC4.SA,108,845,99.0999984741211,95.77999877929688,1.0
2022-07-15,11.792374610900879,11.943006471703901,11.634568240760427,11.792374610900879,39165900,0.006120432570237533,BBDC4.SA,107,844,101.16000366210938,97.58999633789062,1.0
2022-07-18,11.943000793457031,12.086460812988777,11.80671391171549,11.899963334851964,27541200,0.012773185005241716,BBDC4.SA,104,841,106.2699966430664,102.5999984741211,1.0
2022-07-19,12.38055419921875,12.402073615331327,11.943002315217223,12.043424888939601,32754800,0.036636806220546436,BBDC4.SA,103,840,107.3499984741211,104.22000122070312,1.0
2022-07-20,12.22275161743164,12.402076015329618,12.143848444552825,12.33034598254311,35322500,-0.012746003066410938,BBDC4.SA,102,839,106.91999816894531,102.26000213623047,1.0
2022-07-21,12.387726783752441,12.445110522682578,12.107979859348804,12.151018689648597,28221100,0.013497383525778117,BBDC4.SA,101,838,103.86000061035156,96.3499984741211,1.0
2022-07-22,12.229926109313965,12.466634312457561,12.129504861961191,12.416423688781174,32676600,-0.01273846906645093,BBDC4.SA,100,837,103.19999694824219,94.69999694824219,1.0
2022-07-25,12.394902229309082,12.459459118639064,12.23709589177512,12.244269031493618,24554900,0.013489543478883093,BBDC4.SA,97,834,105.1500015258789,96.69999694824219,1.0
2022-07-26,12.30882740020752,12.524016145079747,12.208406168352038,12.387730578457784,25712700,-0.006944373381020275,BBDC4.SA,96,833,104.4000015258789,94.9800033569336,1.0
2022-07-27,12.38055419921875,12.430764802011781,12.244267300111725,12.35186164440198,20248300,0.005827264992766201,BBDC4.SA,95,832,106.62000274658203,97.26000213623047,1.0
2022-07-28,12.47380542755127,12.488151708595678,12.165367225779786,12.33751986203937,32776400,0.00753207221841512,BBDC4.SA,94,831,107.13999938964844,96.41999816894531,1.0
2022-07-29,12.5024995803833,12.710515209447246,12.423596392736544,12.473807014643812,31334800,0.0023003527671399127,BBDC4.SA,93,830,110.01000213623047,98.62000274658203,1.0
2022-08-01,12.47380542755127,12.602919220677625,12.394903618080344,12.516844270684496,22790100,-0.0022950732889488457,BBDC4.SA,90,827,100.02999877929688,93.88999938964844,1.0
2022-08-02,12.688467979431152,12.875168860278228,12.465863662494689,12.494586137440542,40541200,0.017209066882328594,BBDC4.SA,89,826,100.54000091552734,94.41999816894531,1.0
2022-08-03,12.88952922821045,12.95415650108055,12.609477255897302,12.753093722192666,28300300,0.015845983069447733,BBDC4.SA,88,825,96.77999877929688,90.66000366210938,1.0
2022-08-04,13.126498222351074,13.234209910098953,12.954159248028784,12.997243649202252,46297600,0.01838461203237629,BBDC4.SA,87,824,94.12000274658203,88.54000091552734,1.0
2022-08-05,13.284472465515137,13.406546051064455,12.767455651815268,12.997240902348542,70278300,0.012034759041453569,BBDC4.SA,86,823,94.91999816894531,89.01000213623047,1.0
2022-08-08,13.327561378479004,13.406550598754619,13.198306788802034,13.327561378479004,28027200,0.0032435546895610567,BBDC4.SA,83,820,96.6500015258789,90.76000213623047,1.0
2022-08-09,13.52143669128418,13.58606395471242,13.219843251828372,13.356278737913314,33583700,0.014546945783963094,BBDC4.SA,82,819,96.30999755859375,90.5,1.0
2022-08-10,13.736867904663086,13.772772721493373,13.492721998360716,13.521444482196229,40650200,0.015932568283795634,BBDC4.SA,81,818,97.4000015258789,91.93000030517578,1.0
2022-08-11,13.851757049560547,13.995372157199252,13.815852245429696,13.873298562410824,38010400,0.00836356189014964,BBDC4.SA,80,817,99.5999984741211,94.33999633789062,1.0
2022-08-12,14.02409553527832,14.031276495866274,13.866117141599707,13.930744417263105,29995100,0.012441633584906242,BBDC4.SA,79,816,98.1500015258789,92.08999633789062,-1.0
2022-08-15,13.952288627624512,14.002553986898487,13.765587743443799,13.823034063989532,30443000,-0.00512025231667701,BBDC4.SA,76,813,95.0999984741211,89.41000366210938,1.0
2022-08-16,14.153352737426758,14.203619475821377,13.894844930968738,13.93792933710698,23972600,0.014410833603610618,BBDC4.SA,75,812,92.33999633789062,86.52999877929688,-1.0
2022-08-17,14.174901008605957,14.27543178431728,14.016923879684008,14.060008302184704,23628000,0.001522485278150132,BBDC4.SA,74,811,93.6500015258789,88.11000061035156,-1.0
2022-08-18,14.261065483093262,14.30414988825229,14.124629935523034,14.225160670770283,22363200,0.0060786649892645706,BBDC4.SA,73,810,96.58999633789062,90.5,-1.0
2022-08-19,14.08154296875,14.217977121872552,13.937926484840865,14.153349841076272,22014600,-0.012588296053761772,BBDC4.SA,72,809,96.72000122070312,90.7699966430664,-1.0
2022-08-22,13.88766098022461,14.009734579374335,13.823033700108386,13.90920386347278,15569700,-0.013768518759318948,BBDC4.SA,69,806,96.4800033569336,90.2300033569336,1.0
2022-08-23,13.988192558288574,14.038457919337459,13.85893799008952,13.866118951614842,12149300,0.007238913608786701,BBDC4.SA,68,805,100.22000122070312,93.73999786376953,1.0
2022-08-24,13.90920352935791,14.074361521408408,13.90202256844768,13.923564081550117,23308700,-0.005646835972661801,BBDC4.SA,67,804,101.22000122070312,94.88999938964844,1.0
2022-08-25,14.00973892211914,14.131812559109303,13.894846248437657,13.973834105575735,33878200,0.0072279762496128,BBDC4.SA,66,803,99.33999633789062,92.5199966430664,-1.0
2022-08-26,13.959474563598633,14.23234434102569,13.923569744444542,14.07436724563411,29014500,-0.003587815504623615,BBDC4.SA,65,802,100.98999786376953,93.05999755859375,1.0
2022-08-29,14.00973892211914,14.095907742565897,13.729688201224116,13.858941431894253,19061800,0.003600734274883166,BBDC4.SA,62,799,105.08999633789062,97.01000213623047,-1.0
2022-08-30,13.966650009155273,14.146169925110335,13.937926165180896,14.131808003123147,18597600,-0.0030756399675540003,BBDC4.SA,61,798,99.30999755859375,91.63999938964844,1.0
2022-08-31,13.614786148071289,14.081538901134909,13.557339845027322,14.024092598090942,50789500,-0.025193146592299098,BBDC4.SA,60,797,96.48999786376953,89.55000305175781,1.0
2022-09-01,13.729684829711914,13.923565312921463,13.399367446770084,13.621971776160823,32988800,0.008439257171652503,BBDC4.SA,59,796,92.36000061035156,86.61000061035156,1.0
2022-09-02,13.879866600036621,14.131443955765183,13.74329717145833,13.779236206139714,49703800,0.010938471799418537,BBDC4.SA,58,795,93.0199966430664,86.87000274658203,1.0
2022-09-05,13.908616065979004,14.052373546144832,13.807984321778312,13.944555093273959,14188800,0.002071307078866713,BBDC4.SA,55,792,93.0199966430664,86.87000274658203,1.0
2022-09-06,13.822362899780273,13.980497937915569,13.692980185300941,13.908618499761912,35403700,-0.00620141973792121,BBDC4.SA,54,791,92.83000183105469,86.87999725341797,1.0
2022-09-08,13.743297576904297,13.894243172202758,13.621102936001876,13.836739892424346,18121700,-0.00572010179802418,BBDC4.SA,52,789,89.1500015258789,83.54000091552734,1.0
2022-09-09,13.930181503295898,14.05956421899918,13.851115354466543,13.879866307408237,17577500,0.013598186704889548,BBDC4.SA,51,788,92.83999633789062,86.79000091552734,1.0
2022-09-12,14.066752433776855,14.325517867644662,14.002061075309905,14.052376271676138,21459500,0.009803959155065156,BBDC4.SA,48,785,94.0,87.77999877929688,-1.0
2022-09-13,13.958938598632812,14.088321358561378,13.872682968351523,13.987689561402087,20325400,-0.007664443918495523,BBDC4.SA,47,784,93.16999816894531,87.30999755859375,1.0
2022-09-14,13.894242286682129,14.009248838909253,13.800799977117432,13.887054205794653,17631500,-0.004634758688387697,BBDC4.SA,46,783,94.0999984741211,88.4800033569336,1.0
2022-09-15,13.843928337097168,14.009250099425605,13.750484648138402,13.908619699918969,17430800,-0.003621208594669967,BBDC4.SA,45,782,90.83999633789062,85.0999984741211,1.0
2022-09-16,13.685791015625,13.779233308739988,13.484528899164866,13.743294281615608,55848400,-0.011422864783864228,BBDC4.SA,44,781,91.3499984741211,85.11000061035156,1.0
2022-09-19,14.038000106811523,14.09550337860088,13.606724882898272,13.678604315381504,47561500,0.025735384296341257,BBDC4.SA,41,778,92.0,85.7300033569336,-1.0
2022-09-20,14.490846633911133,14.548349939165268,14.030820191878062,14.038008276408197,55045000,0.03225862114646083,BBDC4.SA,40,777,90.62000274658203,84.44999694824219,-1.0
2022-09-21,14.404592514038086,14.591477229852536,14.311148785143907,14.512411041157794,36242300,-0.005952317490628634,BBDC4.SA,39,776,89.83000183105469,82.94000244140625,-1.0
2022-09-22,14.7352294921875,14.80710893463934,14.390209813602269,14.591470607283819,39088100,0.022953580799122797,BBDC4.SA,38,775,90.45999908447266,83.48999786376953,-1.0
2022-09-23,14.447717666625977,14.584288513415776,14.188952140284623,14.533971928081916,38353600,-0.019511866151386337,BBDC4.SA,37,774,86.1500015258789,78.73999786376953,-1.0
2022-09-26,14.18895435333252,14.411779496332244,14.16739009911178,14.303960967202505,10591200,-0.0179103246107305,BBDC4.SA,34,771,84.05999755859375,76.70999908447266,-1.0
2022-09-27,14.102696418762207,14.224891085662822,14.073944087262474,14.153011627900115,29141500,-0.006079231240183169,BBDC4.SA,33,770,86.2699966430664,78.5,-1.0
2022-09-28,14.109878540039062,14.404584358083074,14.009248154503076,14.102691830488933,38504200,0.0005092729123277184,BBDC4.SA,32,769,89.31999969482422,82.1500015258789,-1.0
2022-09-29,14.217707633972168,14.34708905490496,13.937377794483437,13.951753964916104,36767300,0.007642099372232147,BBDC4.SA,31,768,88.48999786376953,81.2300033569336,-1.0
2022-09-30,14.260826110839844,14.375832662460631,14.1314433975199,14.1314433975199,23472700,0.003032730590453836,BBDC4.SA,30,767,87.95999908447266,79.48999786376953,-1.0
2022-10-03,15.245567321777344,15.31744674722325,14.483648702417137,14.548340048219854,72013900,0.06905218556651382,BBDC4.SA,27,764,88.86000061035156,83.62999725341797,-1.0
2022-10-04,15.23762035369873,15.539782847507935,15.122510962934477,15.511004813710782,32759000,-0.0005212641754079872,BBDC4.SA,26,763,91.80000305175781,86.5199966430664,-1.0
2022-10-05,15.403082847595215,15.56855234919371,15.129698513311247,15.2807790046286,28893000,0.010858814569187025,BBDC4.SA,25,762,93.37000274658203,87.76000213623047,-1.0
2022-10-06,15.086541175842285,15.511007646382508,14.978626273819545,15.511007646382508,47265200,-0.0205505401019348,BBDC4.SA,24,761,94.41999816894531,88.44999694824219,-1.0
2022-10-07,14.726820945739746,14.87070836750918,14.43185296610334,14.856319350889805,73837200,-0.023843784066194695,BBDC4.SA,23,760,97.91999816894531,92.63999938964844,-1.0
2022-10-10,14.503792762756348,14.769984009527414,14.395877911659023,14.719622464951,49206300,-0.015144353544131128,BBDC4.SA,20,757,96.19000244140625,91.12999725341797,-1.0
2022-10-11,14.467815399169922,14.554146694143263,14.374288228702408,14.39587173855134,32893900,-0.0024805486519919873,BBDC4.SA,19,756,94.29000091552734,89.3499984741211,-1.0
2022-10-13,14.259184837341309,14.424654364876575,14.115298828610896,14.316739515275826,37633900,-0.014420322354996573,BBDC4.SA,17,754,94.56999969482422,89.11000061035156,-1.0
2022-10-14,14.165657997131348,14.460625872183972,14.07932530023737,14.273572839090072,26359800,-0.006559059390620736,BBDC4.SA,16,753,91.62999725341797,85.61000061035156,-1.0
2022-10-17,14.266379356384277,14.381488712356386,14.144075494137443,14.208824678398225,18923800,0.007110249257276102,BBDC4.SA,13,750,91.62000274658203,85.45999908447266,-1.0
2022-10-18,14.374297142028809,14.496601029256187,14.223216596036659,14.417464188494032,44309400,0.007564483107358022,BBDC4.SA,12,749,90.02999877929688,82.81999969482422,-1.0
2022-10-19,14.439044952392578,14.475017487657807,14.273575406808254,14.374295761127074,29547600,0.004504415744576162,BBDC4.SA,11,748,92.41000366210938,85.55000305175781,-1.0
2022-10-20,14.60451602935791,14.66207071960536,14.388686283982988,14.460629989845314,49603500,0.011459973807887769,BBDC4.SA,10,747,92.37999725341797,85.9800033569336,-1.0
2022-10-21,14.91386890411377,14.993007096028014,14.510986183136273,14.510986183136273,50452400,0.021182001110752413,BBDC4.SA,9,746,93.5,85.05000305175781,-1.0
2022-10-24,14.280776023864746,14.791573893267724,14.180054254240394,14.72682467429939,41018300,-0.04244994268887492,BBDC4.SA,6,743,93.26000213623047,84.58000183105469,-1.0
2022-10-25,14.194439888000488,14.381492990147255,14.15127420972421,14.273578108350474,24860900,-0.006045619350095621,BBDC4.SA,5,742,93.5199966430664,85.31999969482422,-1.0
2022-10-26,13.57572078704834,13.899465278107963,13.546942767108009,13.698024627371712,55001100,-0.0435888351942082,BBDC4.SA,4,741,95.69000244140625,87.91000366210938,-1.0
2022-10-27,13.82752799987793,13.949831896803804,13.669252933590622,13.719613119581485,32956100,0.01854834942317174,BBDC4.SA,3,740,96.95999908447266,89.08000183105469,-1.0
2022-10-28,13.906657218933105,13.971406379648647,13.755576758737682,13.834713554559029,23368600,0.005722586065699753,BBDC4.SA,2,739,95.7699966430664,87.9000015258789,-1.0
2022-10-31,14.287962913513184,14.395877763499874,13.489390553630493,13.489390553630493,58768900,0.027418932427625498,BBDC4.SA,1455,736,94.83000183105469,86.52999877929688,-1.0
2022-11-01,14.36710262298584,14.791568974075746,14.216022077112504,14.460629851374893,48476000,0.0055389078171395045,BBDC4.SA,1454,735,94.6500015258789,88.37000274658203,-1.0
2022-11-03,14.12149715423584,14.236715783485428,13.93426653832666,14.11429581821844,31611800,-0.01709498951841948,BBDC4.SA,1452,733,94.66999816894531,88.16999816894531,-1.0
2022-11-04,13.9702730178833,14.409544937226379,13.9702730178833,14.33033160789841,41996600,-0.010708789209873393,BBDC4.SA,1451,732,98.56999969482422,92.61000061035156,-1.0
2022-11-07,13.50939655303955,13.970271043603423,13.49499388183085,13.876656427775508,52267000,-0.0329897965668805,BBDC4.SA,1448,729,97.91999816894531,91.79000091552734,-1.0
2022-11-08,13.379776000976562,13.487793294001754,13.214149393436976,13.451787987498157,56009200,-0.00959484397057131,BBDC4.SA,1447,728,95.36000061035156,88.91000366210938,-1.0
2022-11-09,11.05379867553711,12.4220210041948,10.981786684867867,12.386015695617418,499194800,-0.1738427702578642,BBDC4.SA,1446,727,92.6500015258789,85.83000183105469,-1.0
2022-11-10,10.729748725891113,11.19782543662922,10.686542067519873,11.089807417186217,180563000,-0.02931570939166306,BBDC4.SA,1445,726,93.66999816894531,86.47000122070312,-1.0
2022-11-11,10.909775733947754,11.161817038553497,10.585723118567017,10.80175842440661,121144900,0.016778306058764514,BBDC4.SA,1444,725,95.98999786376953,88.95999908447266,-1.0
2022-11-14,10.916975021362305,11.15461360714141,10.672135099830578,11.06819963838148,73637500,0.000659893254464361,BBDC4.SA,1441,722,93.13999938964844,85.87000274658203,-1.0
2022-11-16,10.952983856201172,11.118610500956597,10.808960537553553,11.01059318366022,69709700,0.003298426053774506,BBDC4.SA,1439,720,92.86000061035156,85.58999633789062,-1.0
2022-11-17,11.190619468688965,11.197820804357635,10.830560926341498,10.93857821434287,111982000,0.021695970304316026,BBDC4.SA,1438,719,89.77999877929688,81.63999938964844,-1.0
2022-11-18,11.241033554077148,11.536282296138431,11.219430222087434,11.341850247958382,76091400,0.0045050308009526585,BBDC4.SA,1437,718,87.62000274658203,80.08000183105469,-1.0
2022-11-21,11.161813735961914,11.39945229604505,10.9673818122082,11.3130383366291,46728300,-0.007047378493635126,BBDC4.SA,1434,715,87.44999694824219,79.7300033569336,-1.0
2022-11-22,11.118609428405762,11.30584006796524,11.017793458456266,11.219426085112548,40922700,-0.0038707246490732317,BBDC4.SA,1433,714,88.36000061035156,80.94999694824219,-1.0
2022-11-23,11.039396286010742,11.125810264977181,10.952982307044303,11.032194949407558,48131200,-0.007124374941406497,BBDC4.SA,1432,713,85.41000366210938,77.94000244140625,-1.0
2022-11-24,11.262635231018066,11.37785389334952,11.08260589943582,11.161818558099345,25028500,0.02022202475784063,BBDC4.SA,1431,712,85.41000366210938,77.94000244140625,-1.0
2022-11-25,11.05379867553711,11.291437283285473,11.017792680202488,11.262632624369225,31535100,-0.018542423793128537,BBDC4.SA,1430,711,83.62999725341797,76.27999877929688,-1.0
2022-11-28,11.039396286010742,11.118608928373996,10.974585630096598,11.075402282269405,35206100,-0.001302935755311041,BBDC4.SA,1427,708,83.19000244140625,77.23999786376953,-1.0
2022-11-29,11.169015884399414,11.313039160582191,10.952980626746674,11.053797263453193,31529200,0.011741547728740143,BBDC4.SA,1426,707,83.02999877929688,78.19999694824219,-1.0
2022-11-30,11.219426155090332,11.262633490164815,10.974586192101944,11.125810834726694,39650500,0.004513403079794198,BBDC4.SA,1425,706,85.43000030517578,80.55000305175781,-1.0
2022-12-01,11.08980655670166,11.255433898959863,11.032197225505085,11.133013898477792,59654400,-0.011553139759279296,BBDC4.SA,1424,705,86.87999725341797,81.22000122070312,-1.0
2022-12-02,11.081831932067871,11.355813547796922,10.923210851887255,11.103461860582444,86889800,-0.0007190950169432275,BBDC4.SA,1423,704,85.56999969482422,79.9800033569336,-1.0
2022-12-05,10.67086124420166,11.038573514929606,10.656440831575566,11.031363308616559,48011700,-0.03708508578594949,BBDC4.SA,1420,701,82.68000030517578,76.93000030517578,-1.0
2022-12-06,10.923213005065918,10.923213005065918,10.634811609345277,10.764592581221148,73397300,0.02364867793603631,BBDC4.SA,1419,700,79.3499984741211,74.25,-1.0
2022-12-07,10.800642013549805,10.988103260639702,10.800642013549805,10.836692359159885,27019100,-0.011221148160277417,BBDC4.SA,1418,699,77.16999816894531,72.01000213623047,-1.0
2022-12-08,10.490612030029297,10.80064339158478,10.440141264694448,10.80064339158478,40884200,-0.028704773580270904,BBDC4.SA,1417,698,76.1500015258789,71.45999908447266,1.0
2022-12-09,10.310357093811035,10.562708075284327,10.303146888956746,10.541078148324441,29843800,-0.017182499524554307,BBDC4.SA,1416,697,76.0999984741211,71.0199966430664,1.0
2022-12-12,10.194997787475586,10.34640866953325,9.949856293896218,10.303148122829747,62653000,-0.011188681952121304,BBDC4.SA,1413,694,77.98999786376953,73.16999816894531,1.0
2022-12-13,9.892173767089844,10.310355976895416,9.870543154870209,10.259885235985841,46700100,-0.029703196282961142,BBDC4.SA,1412,693,80.68000030517578,75.38999938964844,1.0
2022-12-14,10.101264953613281,10.202205061042235,9.690292256957257,9.805653460252065,76655700,0.021137031298323894,BBDC4.SA,1411,692,82.69999694824219,77.27999877929688,1.0
2022-12-15,9.97869873046875,10.281520564421367,9.957068795930198,10.021958599545854,46986900,-0.012133749951850237,BBDC4.SA,1410,691,81.20999908447266,76.11000061035156,1.0
2022-12-16,9.964273452758789,10.072424447876147,9.892173476950102,9.985904064343993,50773500,-0.0014456070976384128,BBDC4.SA,1409,690,79.04000091552734,74.29000091552734,1.0
2022-12-19,10.238256454467773,10.310357128044096,9.98590547215661,10.000325194310085,35317400,0.02749653579941924,BBDC4.SA,1406,687,79.80000305175781,75.19000244140625,1.0
2022-12-20,10.605972290039062,10.793433555557314,10.187789890100328,10.223840239254333,84518300,0.035915864894244365,BBDC4.SA,1405,686,79.98999786376953,76.08999633789062,-1.0
2022-12-21,10.692490577697754,10.793431397627232,10.505029349658614,10.699700783607662,43956000,0.008157506477736831,BBDC4.SA,1404,685,82.19999694824219,78.29000091552734,-1.0
2022-12-22,10.728538513183594,10.815058901886333,10.584337865345695,10.74295823416592,20749500,0.0033713319851811363,BBDC4.SA,1403,684,80.9800033569336,77.48999786376953,-1.0
2022-12-23,10.915999412536621,11.016939519571151,10.75016815617532,10.779008284985602,21104200,0.01747310680971781,BBDC4.SA,1402,683,83.91999816894531,79.55999755859375,-1.0
2022-12-26,10.656440734863281,10.908792452704747,10.627600597475952,10.879952315317418,13937200,-0.023777820780683245,BBDC4.SA,1399,680,83.91999816894531,79.55999755859375,-1.0
2022-12-27,10.605972290039062,10.80064307530554,10.497821930180265,10.77180293350298,78235200,-0.004735956974743716,BBDC4.SA,1398,679,84.33000183105469,79.52999877929688,-1.0
2022-12-28,10.930420875549316,10.98089093711197,10.59154879230702,10.634809336220021,45117800,0.0305911213642307,BBDC4.SA,1397,678,83.26000213623047,78.95999908447266,-1.0
2022-12-29,10.923213005065918,11.161144328436237,10.908793279081468,10.99531369779766,41911700,-0.0006594321083758237,BBDC4.SA,1396,677,82.26000213623047,78.4000015258789,-1.0
2023-01-02,10.634810447692871,10.80785126622381,10.569919968842997,10.742960787373937,24748300,-0.026402722096446563,BBDC4.SA,1392,673,85.91000366210938,80.26000213623047,-1.0
2023-01-03,10.107035636901855,10.670141715324267,10.070938943358344,10.65570345099916,127764400,-0.04962710086718203,BBDC4.SA,1391,672,82.0999984741211,76.93000030517578,1.0
2023-01-04,10.135917663574219,10.27308433794112,9.861583626352926,10.215329876261636,153235200,0.0028576159924589284,BBDC4.SA,1390,671,77.83999633789062,72.83999633789062,1.0
2023-01-05,10.576289176940918,10.619605341113465,10.157569240050277,10.186446453336284,164949200,0.043446634827083885,BBDC4.SA,1389,670,78.69000244140625,73.66999816894531,-1.0
2023-01-06,10.872282028198242,10.886720291334035,10.468000333089426,10.5835091921242,86788300,0.027986455958737055,BBDC4.SA,1388,669,78.56999969482422,73.7699966430664,-1.0
2023-01-09,11.009261131286621,11.069338897980352,10.671323514588513,10.746421081047414,73674800,0.012598928424879974,BBDC4.SA,1385,666,79.6500015258789,74.62999725341797,-1.0
2023-01-10,11.339689254760742,11.414786102986348,10.829027535619428,10.89661520035089,118245200,0.03001365119182209,BBDC4.SA,1384,665,80.0999984741211,75.12000274658203,-1.0
2023-01-11,11.564982414245605,11.587512116977098,11.234554652202975,11.264593539661396,88295000,0.019867666072972634,BBDC4.SA,1383,664,82.66999816894531,77.41000366210938,-1.0
2023-01-12,11.294631004333496,11.527432889947848,11.189494553381293,11.49739400627343,97774200,-0.023376724687371175,BBDC4.SA,1382,663,84.02999877929688,78.38999938964844,-1.0
2023-01-13,11.257083892822266,11.302142583118654,11.031791873707505,11.24206480684586,35872400,-0.003324332729136903,BBDC4.SA,1381,662,85.27999877929688,79.86000061035156,-1.0
2023-01-16,10.911637306213379,11.114400356576239,10.844049622759092,11.046812673121952,44231400,-0.030687040258192466,BBDC4.SA,1378,659,85.27999877929688,79.86000061035156,-1.0
2023-01-17,10.986733436584473,11.144437771700366,10.859067988339055,10.91914576208001,36676900,0.0068822055080892675,BBDC4.SA,1377,658,85.91999816894531,80.18000030517578,-1.0
2023-01-18,11.151945114135742,11.242061754073834,11.031788878034893,11.11439633511569,46015200,0.015037379263351802,BBDC4.SA,1376,657,84.9800033569336,79.4800033569336,-1.0
2023-01-19,11.174476623535156,11.19700560957149,10.986733402137421,11.03930127495005,77758400,0.0020204107147958617,BBDC4.SA,1375,656,86.16000366210938,80.33000183105469,-1.0
2023-01-20,11.016770362854004,11.234552432953238,11.001750563999988,11.151945687806435,39537400,-0.014113078043315186,BBDC4.SA,1374,655,87.62999725341797,81.30999755859375,-1.0
2023-01-23,10.551167488098145,11.039299498718004,10.513618706623516,11.039299498718004,72241700,-0.04226310065659211,BBDC4.SA,1371,652,88.19000244140625,81.62000274658203,-1.0
2023-01-24,10.66381549835205,10.731403176866989,10.581208733602459,10.633776609699144,32256100,0.010676355046109753,BBDC4.SA,1370,651,86.12999725341797,80.12999725341797,-1.0
2023-01-25,10.588719367980957,10.746423723374159,10.453544001591457,10.663816236721177,44253900,-0.007042144566614006,BBDC4.SA,1369,650,86.12000274658203,80.1500015258789,-1.0
2023-01-26,10.618755340576172,10.693852188679044,10.491089910999492,10.588716458098332,36574500,0.0028366010611293735,BBDC4.SA,1368,649,87.47000122070312,81.01000213623047,-1.0
2023-01-27,10.303350448608398,10.633778275554175,10.25078184809288,10.58872029360797,56910500,-0.029702623504522685,BBDC4.SA,1367,648,86.66000366210938,79.68000030517578,1.0
2023-01-30,10.355913162231445,10.355913162231445,10.130621216437586,10.22824775015437,58048100,0.0051015166265790945,BBDC4.SA,1364,645,84.9000015258789,77.9000015258789,1.0
2023-01-31,10.528640747070312,10.611247510953438,10.37844558919759,10.408484477535415,39064700,0.01667912642110725,BBDC4.SA,1363,644,84.48999786376953,78.87000274658203,-1.0
2023-02-01,10.32587718963623,10.551169198828642,10.258289515260152,10.528640212764467,37948600,-0.019258284360258227,BBDC4.SA,1362,643,82.83999633789062,76.41000366210938,1.0
2023-02-02,10.483002662658691,10.64844480429936,10.23483980878344,10.249880329465089,77873500,0.015216670713473324,BBDC4.SA,1361,642,82.16999816894531,75.87999725341797,1.0
2023-02-03,10.24988079071045,10.565724567523125,10.204759943806552,10.415322939796024,39818600,-0.02223808191699128,BBDC4.SA,1360,641,79.94000244140625,73.38999938964844,1.0
2023-02-06,10.212276458740234,10.287477603606636,10.084434942770114,10.249877031173435,27231000,-0.0036687579824631333,BBDC4.SA,1357,638,80.98999786376953,74.11000061035156,1.0
2023-02-07,10.152119636535645,10.272440939702696,10.061878659160357,10.26492067896187,32094700,-0.005890637846285962,BBDC4.SA,1356,637,83.69000244140625,77.13999938964844,1.0
2023-02-08,10.648447036743164,10.671007105323852,10.159641486855545,10.257402740267398,81945200,0.04888904169542352,BBDC4.SA,1355,636,85.08999633789062,78.47000122070312,-1.0
2023-02-09,10.377720832824707,10.851486428618319,10.370200573247484,10.678524044199337,58306600,-0.025424008119146246,BBDC4.SA,1354,635,84.5,78.05999755859375,1.0
2023-02-10,9.527950286865234,9.873874317569935,9.475309907357362,9.550510347058411,237891100,-0.0818841207668306,BBDC4.SA,1353,634,86.38999938964844,79.72000122070312,1.0
2023-02-13,9.866353988647461,9.918994367782922,9.497869900356477,9.550510279491938,87016300,0.03551694662478799,BBDC4.SA,1350,631,86.61000061035156,80.13999938964844,1.0
2023-02-14,9.956594467163086,10.039315878593928,9.806192878886113,9.873873772903588,56512300,0.009146284293008122,BBDC4.SA,1349,630,85.58000183105469,79.05999755859375,1.0
2023-02-15,10.347637176513672,10.41531805655142,9.89643178770947,9.949072153440522,85427900,0.03927474505868922,BBDC4.SA,1348,629,85.37999725341797,78.58999633789062,1.0
2023-02-16,10.54316234588623,10.59580272552941,10.174677536869819,10.2423584347947,69398600,0.01889563443684983,BBDC4.SA,1347,628,85.13999938964844,78.48999786376953,-1.0
2023-02-17,10.483002662658691,10.580763895574925,10.347641562381325,10.52060324719132,38594300,-0.005706037833232536,BBDC4.SA,1346,627,83.0,76.33999633789062,1.0
2023-02-22,10.377720832824707,10.392760634807725,10.19723890599993,10.302519671395336,36666600,-0.010043098644723858,BBDC4.SA,1341,622,80.5999984741211,73.94999694824219,1.0
2023-02-23,10.332599639892578,10.520601819878271,10.302519319781723,10.400280539434851,42173800,-0.004347890414377997,BBDC4.SA,1340,621,82.20999908447266,75.38999938964844,1.0
2023-02-24,10.001716613769531,10.370200732660738,9.956595772784015,10.325079891675221,40443000,-0.032023211742915,BBDC4.SA,1339,620,83.16000366210938,76.31999969482422,1.0
2023-02-27,9.903952598571777,10.09947499246292,9.843791972323924,10.05435416419141,24898500,-0.00977472357726683,BBDC4.SA,1336,617,82.44999694824219,75.68000030517578,1.0
2023-02-28,9.836271286010742,10.08443403775913,9.813711231443945,9.934032478695139,38059200,-0.006833767820213055,BBDC4.SA,1335,616,83.88999938964844,77.05000305175781,1.0
2023-03-01,9.761076927185059,9.911479307878158,9.588115193428376,9.911479307878158,43825000,-0.007644599934187091,BBDC4.SA,1334,615,84.30999755859375,77.69000244140625,1.0
2023-03-02,9.632246971130371,9.85817941344179,9.632246971130371,9.730151053405969,32975000,-0.0131983342632912,BBDC4.SA,1333,614,84.75,78.16000366210938,1.0
2023-03-03,9.684964179992676,9.752743983824553,9.587060098704344,9.669902400374163,31061100,0.005472991818036732,BBDC4.SA,1332,613,85.83000183105469,79.68000030517578,1.0
2023-03-06,10.008804321289062,10.076584149635485,9.715091971194463,9.752747511189106,38725200,0.03343741239284914,BBDC4.SA,1329,610,86.18000030517578,80.45999908447266,1.0
2023-03-07,10.242266654968262,10.264859688501367,9.941023095575321,9.993741131445347,58414500,0.023325696675138063,BBDC4.SA,1328,609,83.29000091552734,77.58000183105469,1.0
2023-03-08,10.558571815490723,10.633882165377418,10.279921294429268,10.287452544883811,76198500,0.030882339932931657,BBDC4.SA,1327,608,82.66000366210938,76.66000366210938,-1.0
2023-03-09,10.520914077758789,10.664004215325987,10.445603025426944,10.535975857293504,61048300,-0.0035665560068157687,BBDC4.SA,1326,607,81.58999633789062,75.72000122070312,-1.0
2023-03-10,10.219670295715332,10.505851280922096,10.151890494190125,10.438071479396887,40235200,-0.028632852603585723,BBDC4.SA,1325,606,82.77999877929688,76.68000030517578,1.0
2023-03-13,10.106708526611328,10.22720568107506,9.978680120438689,10.166957103843194,33541200,-0.011053367264828862,BBDC4.SA,1322,603,80.7699966430664,74.80000305175781,1.0
2023-03-14,10.046459197998047,10.204611880958273,9.933492585472377,10.008803660489491,44785600,-0.0059613204887271065,BBDC4.SA,1321,602,77.44999694824219,71.33000183105469,1.0
2023-03-15,10.189546585083008,10.234733361348718,9.752744193465398,9.895835053123944,70935100,0.014242568875756145,BBDC4.SA,1320,601,73.69000244140625,67.61000061035156,1.0
2023-03-16,10.475730895996094,10.551041974160391,10.129301229235736,10.18201927123861,84701000,0.028086069240023548,BBDC4.SA,1319,600,74.69999694824219,68.3499984741211,1.0
2023-03-17,10.038928031921387,10.407950722549097,10.038928031921387,10.37782643593091,76083800,-0.04169664803452111,BBDC4.SA,1318,599,72.97000122070312,66.73999786376953,1.0
2023-03-20,9.865710258483887,10.182015521124827,9.820523484584008,10.061517696798283,34593300,-0.01725460854851324,BBDC4.SA,1315,596,73.79000091552734,67.63999938964844,1.0
2023-03-21,9.895838737487793,10.069053221521145,9.858183196283239,9.933493560472636,38954800,0.0030538580816314997,BBDC4.SA,1314,595,75.31999969482422,69.33000183105469,1.0
2023-03-22,9.805462837219238,9.97114601813072,9.760276058103704,9.895835677230815,29424300,-0.00913271756604006,BBDC4.SA,1313,594,76.69000244140625,70.9000015258789,1.0
2023-03-23,9.466564178466797,9.880773584208026,9.368660084875632,9.84311805310073,61539500,-0.03456222968548328,BBDC4.SA,1312,593,75.91000366210938,69.95999908447266,1.0
2023-03-24,9.572002410888672,9.66237528189028,9.331008088217716,9.549409372693203,40452000,0.011137962035023374,BBDC4.SA,1311,592,74.98999786376953,69.26000213623047,1.0
2023-03-27,9.745214462280273,9.805463746092013,9.609655548807636,9.68496589668809,45000300,0.018095696590565424,BBDC4.SA,1308,589,78.12000274658203,72.80999755859375,1.0
2023-03-28,9.730154037475586,9.85065118547088,9.647312427783735,9.715091534866346,30254900,-0.001545417482907152,BBDC4.SA,1307,588,78.6500015258789,73.19999694824219,1.0
2023-03-29,9.782870292663574,9.933491711221912,9.564469056199092,9.76027725943472,58776800,0.0054178232929253944,BBDC4.SA,1306,587,78.27999877929688,72.97000122070312,1.0
2023-03-30,10.076584815979004,10.091646602041052,9.865714783572162,9.948556402462774,58758400,0.030023348417048235,BBDC4.SA,1305,586,79.2699966430664,74.37000274658203,1.0
2023-03-31,9.918426513671875,10.14435892283315,9.82805369365123,10.069047880372949,60841800,-0.01569562557110904,BBDC4.SA,1304,585,79.7699966430664,75.66999816894531,1.0
2023-04-03,9.669903755187988,9.95608479022976,9.624716973562645,9.925960508552706,58954700,-0.02505667185629845,BBDC4.SA,1301,582,84.93000030517578,80.41999816894531,1.0
2023-04-04,9.887826919555664,9.940622824569868,9.714356612555958,9.752067767771686,46417800,0.02253622888963691,BBDC4.SA,1300,581,84.94000244140625,80.70999908447266,1.0
2023-04-05,9.970793724060059,10.07638411796953,9.827491447639188,9.880287363874537,51710100,0.008390802668714503,BBDC4.SA,1299,580,84.98999786376953,80.61000061035156,1.0
2023-04-06,9.827493667602539,10.038675941687332,9.767156080515678,9.978337635319694,32588600,-0.014371980849601673,BBDC4.SA,1298,579,85.12000274658203,80.69999694824219,1.0
2023-04-10,9.940628051757812,9.993423265253435,9.835036905485731,9.865205701666207,24189300,0.011512028191708046,BBDC4.SA,1294,575,84.18000030517578,79.73999786376953,1.0
2023-04-11,10.461036682128906,10.461036682128906,9.948166588762215,10.038673668175663,94873900,0.05235168519146738,BBDC4.SA,1293,574,85.61000061035156,81.52999877929688,1.0
2023-04-12,10.408243179321289,10.709931095535524,10.385616765425404,10.476123140289674,63610500,-0.005046679828377476,BBDC4.SA,1292,573,87.33000183105469,83.26000213623047,1.0
2023-04-13,10.415783882141113,10.513831899683622,10.272481605522467,10.423325539373188,33003100,0.0007244933357057892,BBDC4.SA,1291,572,86.08999633789062,82.16000366210938,1.0
2023-04-14,10.400699615478516,10.513832391336775,10.257398051439342,10.355446073566823,41846400,-0.0014482123317152151,BBDC4.SA,1290,571,86.30999755859375,82.5199966430664,1.0
2023-04-17,10.35544490814209,10.400698444960849,10.2272281122635,10.347903251406102,28114200,-0.00435112146389427,BBDC4.SA,1287,568,84.76000213623047,80.83000183105469,1.0
2023-04-18,10.287567138671875,10.453495118849968,10.166891263159624,10.400699917818818,45070000,-0.006554790264669874,BBDC4.SA,1286,567,84.7699966430664,80.86000061035156,1.0
2023-04-19,10.09901237487793,10.227229912607784,10.068843584781535,10.181976367822845,45391200,-0.01832841149440967,BBDC4.SA,1285,566,83.12000274658203,79.16000366210938,1.0
2023-04-20,10.189519882202148,10.197062260388064,9.92554239994127,10.12163991709045,61683400,0.008962015686738045,BBDC4.SA,1284,565,81.0999984741211,77.29000091552734,1.0
2023-04-24,10.106554985046387,10.287568461958129,10.038675740395337,10.16689257092338,30197500,-0.008142179230708924,BBDC4.SA,1280,561,82.7300033569336,78.76000213623047,1.0
2023-04-25,10.332820892333984,10.347905647860546,10.00850656060096,10.00850656060096,66333300,0.02238803505471254,BBDC4.SA,1279,560,80.7699966430664,77.06999969482422,1.0
2023-04-26,10.181975364685059,10.38561521723346,10.15180657756092,10.257397692135715,29344200,-0.014598678252599862,BBDC4.SA,1278,559,77.69000244140625,74.30000305175781,1.0
2023-04-27,10.378071784973145,10.423324601415917,10.17443195313902,10.204600737194385,66471700,0.019259172534263014,BBDC4.SA,1277,558,78.37000274658203,74.76000213623047,1.0
2023-04-28,10.445952415466309,10.544000430629929,10.25739732290757,10.400698876768748,34292000,0.0065407748086163675,BBDC4.SA,1276,557,79.54000091552734,76.77999877929688,1.0
2023-05-02,10.295109748840332,10.476123219213298,10.129181753312821,10.461038463648578,76570500,-0.01444029808164149,BBDC4.SA,1272,553,75.31999969482422,71.66000366210938,1.0
2023-05-03,10.384942054748535,10.445363478171931,10.090387075349348,10.233888496190048,37376800,0.008725725912569482,BBDC4.SA,1271,552,72.33000183105469,68.5999984741211,1.0
2023-05-04,10.626622200012207,10.739912849989278,10.437805170330229,10.437805170330229,71085400,0.023272170801681424,BBDC4.SA,1270,551,72.5,68.55999755859375,1.0
2023-05-05,11.155315399169922,11.283710373552426,10.490679073939882,10.619074768602509,113562200,0.04975176393841374,BBDC4.SA,1269,550,75.30000305175781,71.33999633789062,1.0
2023-05-08,11.570712089538574,11.646239220470642,11.193077875438437,11.193077875438437,119305500,0.03723755676146667,BBDC4.SA,1266,547,77.01000213623047,73.16000366210938,1.0
2023-05-09,11.457425117492676,11.797295855238964,11.397003685016903,11.46497797662222,63086800,-0.009790838383086586,BBDC4.SA,1265,546,77.44000244140625,73.70999908447266,1.0
2023-05-10,11.480080604553223,11.540502024555071,11.344132769689136,11.442317036982033,34391600,0.0019773628741379667,BBDC4.SA,1264,545,76.41000366210938,72.55999755859375,1.0
2023-05-11,11.631136894226074,11.699111187809264,11.374346158872251,11.41210901505819,38711200,0.013158120998988387,BBDC4.SA,1263,544,74.9800033569336,70.87000274658203,1.0
2023-05-12,11.684004783630371,11.729320493713466,11.510292640897909,11.5178454993385,33331100,0.004545375906506832,BBDC4.SA,1262,543,74.16999816894531,70.04000091552734,1.0
2023-05-15,11.86526870727539,11.903032278061108,11.646240861054478,11.744425856985261,44270100,0.015513852228045577,BBDC4.SA,1259,540,75.2300033569336,71.11000061035156,1.0
2023-05-16,11.872821807861328,11.986111802250985,11.736873238369563,11.835058236304702,29720900,0.000636572232140642,BBDC4.SA,1258,539,74.91000366210938,70.86000061035156,1.0
2023-05-17,11.819952011108398,11.925689862862358,11.699109163549696,11.804847015303656,31306500,-0.004453010211769803,BBDC4.SA,1257,538,76.95999908447266,72.83000183105469,1.0
2023-05-18,11.85771656036377,11.887927274748533,11.714215847106201,11.782190134541981,30064600,0.003194983297722276,BBDC4.SA,1256,537,75.86000061035156,71.86000061035156,1.0
2023-05-19,12.144718170166016,12.190033879599351,11.804847468295144,11.933243178823284,81459600,0.024203783952940316,BBDC4.SA,1255,536,75.58000183105469,71.55000305175781,-1.0
2023-05-22,12.023874282836914,12.303324254832278,12.008768567472773,12.12205855158321,24901500,-0.009950324547337686,BBDC4.SA,1252,533,75.98999786376953,71.98999786376953,-1.0
2023-05-23,12.122058868408203,12.446824554423834,12.016321739216265,12.031427454975212,65141600,0.00816580274058909,BBDC4.SA,1251,532,76.83999633789062,72.91000366210938,-1.0
2023-05-24,11.751977920532227,12.076742878656365,11.66889792636546,12.054085025829135,84758000,-0.030529545508185874,BBDC4.SA,1250,531,78.36000061035156,74.33999633789062,1.0
2023-05-25,12.174928665161133,12.273112934792938,11.880372975145086,11.910584406145837,57019700,0.035989749767139756,BBDC4.SA,1249,530,76.26000213623047,71.83000183105469,-1.0
2023-05-26,12.174928665161133,12.461930056866674,12.054085101998607,12.36374578723487,34702600,0.0,BBDC4.SA,1248,529,76.94999694824219,72.66999816894531,-1.0
2023-05-29,12.190033912658691,12.235351062775356,12.084296776840674,12.17492963651357,11951700,0.00124068468185623,BBDC4.SA,1245,526,76.94999694824219,72.66999816894531,-1.0
2023-05-30,11.85771656036377,12.310877276135232,11.812400848926746,12.29577299936322,46546900,-0.02726139686533835,BBDC4.SA,1244,525,73.54000091552734,69.45999908447266,1.0
2023-05-31,11.714213371276855,11.918135470204488,11.714213371276855,11.789739781135939,48483600,-0.01210209304265164,BBDC4.SA,1243,524,72.66000366210938,68.08999633789062,1.0
2023-06-01,11.918135643005371,12.061637048294417,11.72931853519986,11.744424249558751,33499600,0.017408106311989524,BBDC4.SA,1242,523,74.27999877929688,70.0999984741211,-1.0
2023-06-02,11.932459831237793,11.932459831237793,11.932459831237793,11.932459831237793,0,0.0012018816249024233,BBDC4.SA,1241,522,76.12999725341797,71.73999786376953,-1.0
2023-06-05,12.348360061645508,12.416416050313638,12.076136828118969,12.250057768175967,37490300,0.034854525914173706,BBDC4.SA,1238,519,76.70999908447266,72.1500015258789,-1.0
2023-06-06,12.544964790344238,12.575211092010024,12.386167019150458,12.401290891129259,33361400,0.01592152542663472,BBDC4.SA,1237,518,76.29000091552734,71.73999786376953,-1.0
2023-06-07,12.537403106689453,12.673515072654496,12.431538885290795,12.658391200371303,25890200,-0.0006027664310868097,BBDC4.SA,1236,517,76.94999694824219,72.52999877929688,-1.0
2023-06-09,12.74913501739502,12.8096290738474,12.590337217774971,12.605461092461086,34371000,0.0168880197042236,BBDC4.SA,1234,515,74.79000091552734,70.16999816894531,-1.0
2023-06-12,12.643266677856445,12.839872680551146,12.56765020491306,12.817188315584838,38493000,-0.008303962535036846,BBDC4.SA,1231,512,71.83999633789062,67.12000274658203,-1.0
2023-06-13,12.658393859863281,12.794505854425061,12.582775924852054,12.643269984402606,45002300,0.0011964615152293412,BBDC4.SA,1230,511,74.29000091552734,69.41999816894531,-1.0
2023-06-14,12.741569519042969,12.824747921985779,12.544963529947077,12.73400758381332,60815500,0.006570790899737888,BBDC4.SA,1229,510,73.19999694824219,68.2699966430664,-1.0
2023-06-15,12.779378890991211,12.877682615439616,12.681076608834607,12.741570653767548,29023000,0.0029674030261133133,BBDC4.SA,1228,509,75.66999816894531,70.62000274658203,-1.0
2023-06-16,12.81718635559082,12.870118455473564,12.681074417440021,12.764252813416526,41296400,0.0029584743454365015,BBDC4.SA,1227,508,76.61000061035156,71.77999877929688,-1.0
2023-06-19,13.044042587280273,13.066728397961528,12.817190249635672,12.83987461802494,21307100,0.017699378427972867,BBDC4.SA,1224,505,76.61000061035156,71.77999877929688,-1.0
2023-06-20,13.074288368225098,13.074288368225098,12.900366730414019,12.998670452953991,28404300,0.002318742885301317,BBDC4.SA,1223,504,75.9000015258789,70.5,-1.0
2023-06-21,13.044042587280273,13.233086682748104,12.960862723740991,13.07429033485528,32294600,-0.002313378754772777,BBDC4.SA,1222,503,77.12000274658203,72.52999877929688,-1.0
2023-06-22,12.703757286071777,12.97598113038334,12.613016966162176,12.938172904136236,36675900,-0.02608741108682988,BBDC4.SA,1221,502,74.13999938964844,69.51000213623047,-1.0
2023-06-23,12.544964790344238,12.741570799193205,12.439100571076262,12.711323055235603,43608700,-0.012499648108173278,BBDC4.SA,1220,501,73.8499984741211,69.16000366210938,-1.0
2023-06-26,12.484471321105957,12.673515402693342,12.325673542580775,12.552527305860767,36850700,-0.004822131448694256,BBDC4.SA,1217,498,74.18000030517578,69.37000274658203,-1.0
2023-06-27,12.527752876281738,12.63489262377292,12.24459595262272,12.63489262377292,38301600,0.0034668312387895472,BBDC4.SA,1216,497,72.26000213623047,67.69999694824219,-1.0
2023-06-28,12.321123123168945,12.512444906262658,12.236941071513515,12.497138813294514,48492800,-0.016493760305888228,BBDC4.SA,1215,496,74.02999877929688,69.55999755859375,-1.0
2023-06-29,12.3746919631958,12.428261824474735,12.221634695374116,12.321122101916867,40903300,0.00434772378226822,BBDC4.SA,1214,495,74.33999633789062,69.86000061035156,-1.0
2023-06-30,12.58897590637207,12.726726385906192,12.48183469828607,12.48183469828607,41639400,0.017316305231159124,BBDC4.SA,1213,494,74.9000015258789,70.63999938964844,-1.0
2023-07-03,12.749689102172852,12.78795289171105,12.604284074521683,12.703772262793011,17915500,0.012766185033322275,BBDC4.SA,1210,491,74.6500015258789,69.79000091552734,-1.0
2023-07-04,12.672261238098145,12.756537672387607,12.63395243948362,12.710568575381423,10908500,-0.006072921735912118,BBDC4.SA,1209,490,74.6500015258789,69.79000091552734,-1.0
2023-07-05,12.695244789123535,12.79484620209676,12.603306597043403,12.618628654835948,19944300,0.001813689805911789,BBDC4.SA,1208,489,76.6500015258789,71.79000091552734,-1.0
2023-07-06,12.38878059387207,12.6416127912437,12.342811501985706,12.587981940487762,40277700,-0.02414007767018589,BBDC4.SA,1207,488,76.5199966430664,71.80000305175781,-1.0
2023-07-07,12.473054885864258,12.618623878445689,12.41176229390085,12.45773137254074,21703000,0.0068024686815320035,BBDC4.SA,1206,487,78.47000122070312,73.86000061035156,-1.0
2023-07-10,12.480721473693848,12.56499790693447,12.396443579121996,12.519028810500382,19191400,0.0006146519757783686,BBDC4.SA,1203,484,77.69000244140625,72.98999786376953,-1.0
2023-07-11,12.488381385803223,12.557335758987644,12.181918316834228,12.488381385803223,30173500,0.0006137395282412861,BBDC4.SA,1202,483,79.4000015258789,74.83000183105469,-1.0
2023-07-12,12.373455047607422,12.595641634406185,12.365793289993928,12.542010792442579,18940500,-0.009202660828924514,BBDC4.SA,1201,482,80.11000061035156,75.75,-1.0
2023-07-13,12.679920196533203,12.794845118900787,12.373457146658863,12.427087997720486,34783700,0.02476795266533416,BBDC4.SA,1200,481,81.36000061035156,76.88999938964844,-1.0
2023-07-14,12.587983131408691,12.787184496870378,12.473059660154584,12.725891881446106,30430600,-0.007250602819223406,BBDC4.SA,1199,480,79.87000274658203,75.41999816894531,-1.0
2023-07-17,12.718229293823242,12.764198387065793,12.43475005261007,12.473058848088135,20090100,0.010346865026341634,BBDC4.SA,1196,477,78.5,74.1500015258789,-1.0
2023-07-18,12.695244789123535,12.840815298136826,12.626290414397829,12.76419916384924,22381500,-0.0018072094918802906,BBDC4.SA,1195,476,79.62999725341797,75.75,-1.0
2023-07-19,12.64927864074707,12.771863899640786,12.549677204563704,12.64161687939977,24524300,-0.00362073746036351,BBDC4.SA,1194,475,79.45999908447266,75.3499984741211,-1.0
2023-07-20,12.656936645507812,12.787183627091446,12.572658757032778,12.771860108944871,47691600,0.0006054103936072863,BBDC4.SA,1193,474,79.63999938964844,75.62999725341797,-1.0
2023-07-21,13.070659637451172,13.078321395487686,12.633949658686419,12.633949658686419,43331100,0.03268745064708822,BBDC4.SA,1192,473,81.06999969482422,77.06999969482422,-1.0
2023-07-24,12.718229293823242,13.147277573859679,12.626289646007013,13.070661444234675,62342600,-0.026963470352951102,BBDC4.SA,1189,470,82.73999786376953,78.73999786376953,-1.0
2023-07-25,12.672261238098145,12.840815568008315,12.511367206579632,12.794846471002131,45514000,-0.0036143439989262394,BBDC4.SA,1188,469,83.63999938964844,79.62999725341797,-1.0
2023-07-26,12.802509307861328,12.82549459158754,12.54967703219914,12.633954944530382,22666000,0.01027820270715396,BBDC4.SA,1187,468,82.91999816894531,78.77999877929688,-1.0
2023-07-27,12.511367797851562,12.856139695019555,12.480722218842915,12.802507374424623,30083400,-0.022740972336648957,BBDC4.SA,1186,467,84.23999786376953,80.08999633789062,-1.0
2023-07-28,12.64927864074707,12.74121685425158,12.496046336464149,12.534355143200656,25809200,0.011022842995566773,BBDC4.SA,1185,466,84.98999786376953,80.58000183105469,-1.0
2023-07-31,12.764199256896973,12.817830112889874,12.664599304528904,12.73355367975727,22318100,0.009085151763493338,BBDC4.SA,1182,463,85.55999755859375,81.80000305175781,-1.0
2023-08-01,12.733551025390625,12.787181870203932,12.580318787640385,12.702903993308208,26649900,-0.002401108827080334,BBDC4.SA,1181,462,84.91000366210938,81.37000274658203,-1.0
2023-08-02,12.786434173583984,12.924500282931408,12.625356558345771,12.656038566200158,34593700,0.004153055819850371,BBDC4.SA,1180,461,83.19999694824219,79.48999786376953,-1.0
2023-08-03,12.69438648223877,13.054892670623897,12.648364944806008,12.96284813276008,52594900,-0.0071988554506760005,BBDC4.SA,1179,460,85.13999938964844,81.55000305175781,-1.0
2023-08-04,11.850654602050781,12.333885271802282,11.8123028222611,12.142127104353243,150660800,-0.06646495924544982,BBDC4.SA,1178,459,86.23999786376953,82.81999969482422,1.0
2023-08-07,11.766279220581055,12.065421441494628,11.704916676214207,11.88900430931475,45283000,-0.007119892048421117,BBDC4.SA,1175,456,85.33999633789062,81.94000244140625,1.0
2023-08-08,11.81997013092041,11.919684438832356,11.605201246224997,11.681904053580922,32711600,0.004563117136081596,BBDC4.SA,1174,455,86.16999816894531,82.91999816894531,1.0
2023-08-09,11.758610725402832,11.819973280236688,11.582193563130334,11.819973280236688,37143300,-0.005191164177062113,BBDC4.SA,1173,454,87.55000305175781,84.4000015258789,1.0
2023-08-10,11.858321189880371,11.98104625949635,11.781617655620826,11.835310422202154,27521100,0.00847978275716943,BBDC4.SA,1172,453,86.4000015258789,82.81999969482422,1.0
2023-08-11,11.789292335510254,11.942698726923979,11.720259276499233,11.889006672804019,44038100,-0.005821132120204742,BBDC4.SA,1171,452,86.80999755859375,83.19000244140625,1.0
2023-08-14,11.727928161621094,11.789290709724465,11.643554840853774,11.743269164396573,27965700,-0.005205076958209487,BBDC4.SA,1168,449,86.20999908447266,82.51000213623047,1.0
2023-08-15,11.758610725402832,11.79696250504883,11.620544611276978,11.773951729860974,30300300,0.0026161964294890705,BBDC4.SA,1167,448,84.88999938964844,80.98999786376953,1.0
2023-08-16,11.697246551513672,11.91201546370528,11.658894777176073,11.766279599021503,40641100,-0.0052186585067053315,BBDC4.SA,1166,447,83.44999694824219,79.37999725341797,1.0
2023-08-17,11.57452392578125,11.75094110123612,11.467139081048236,11.75094110123612,49707800,-0.010491582372993635,BBDC4.SA,1165,446,84.12000274658203,80.38999938964844,1.0
2023-08-18,11.651224136352539,11.68190540915501,11.497817772340179,11.551510548368938,24526300,0.006626640634475267,BBDC4.SA,1164,445,84.80000305175781,81.25,1.0
2023-08-21,11.566848754882812,11.658892556864744,11.490145220814979,11.651222057158138,18689900,-0.007241761078689568,BBDC4.SA,1161,442,84.45999908447266,80.72000122070312,1.0
2023-08-22,11.643556594848633,11.674237873522172,11.543842256284783,11.62054508721894,25653900,0.0066316973266757895,BBDC4.SA,1160,441,84.02999877929688,80.3499984741211,1.0
2023-08-23,11.804633140563965,11.835314418327314,11.574523191589156,11.635885747115857,26483400,0.013833964253379127,BBDC4.SA,1159,440,83.20999908447266,78.88999938964844,1.0
2023-08-24,11.520830154418945,11.842983177670327,11.47480787595486,11.842983177670327,28986200,-0.024041660826357614,BBDC4.SA,1158,439,83.36000061035156,79.05000305175781,1.0
2023-08-25,11.375092506408691,11.582191643268764,11.306059460788667,11.559180140395934,21558900,-0.012649925921731864,BBDC4.SA,1157,438,84.4800033569336,79.83000183105469,1.0
2023-08-28,11.743270874023438,11.835314709578565,11.344413521785176,11.39043580531243,41896500,0.03236706579813009,BBDC4.SA,1154,435,84.41999816894531,80.0999984741211,1.0
2023-08-29,11.881332397460938,12.057750240190057,11.758607323301103,11.812299360371245,28648200,0.011756649822571852,BBDC4.SA,1153,434,85.48999786376953,81.16000366210938,-1.0
2023-08-30,11.628213882446289,11.919686352799074,11.597532608277536,11.904346081464336,24566600,-0.021303882977698696,BBDC4.SA,1152,433,85.86000061035156,81.62999725341797,1.0
2023-08-31,11.467135429382324,11.605201509858235,11.39810238914437,11.589860509139054,47366800,-0.01385238134526623,BBDC4.SA,1151,432,86.86000061035156,83.62999725341797,1.0
2023-09-01,11.497817993164062,11.635884089176468,11.459466218549588,11.543840269001285,20774500,0.002675695597273542,BBDC4.SA,1150,431,88.55000305175781,85.55000305175781,1.0
2023-09-04,11.443244934082031,11.550765622707114,11.374125276135302,11.473965026199945,12793700,-0.004746383976027224,BBDC4.SA,1147,428,88.55000305175781,85.55000305175781,1.0
2023-09-05,11.197482109069824,11.420202918498662,11.189801904366332,11.420202918498662,38596300,-0.021476672607106284,BBDC4.SA,1146,427,90.04000091552734,86.69000244140625,1.0
2023-09-06,11.043883323669434,11.266604166303999,11.03620311782089,11.258923960455455,30673700,-0.013717261068537656,BBDC4.SA,1145,426,90.5999984741211,87.54000091552734,1.0
2023-09-08,11.043883323669434,11.235884075334567,10.913322753943163,11.020843438548546,26255000,0.0,BBDC4.SA,1143,424,90.6500015258789,87.51000213623047,1.0
2023-09-11,11.251242637634277,11.328043223645812,11.082282520288373,11.151402901213821,27501400,0.018775942110908383,BBDC4.SA,1140,421,90.63999938964844,87.29000091552734,1.0
2023-09-12,11.389485359191895,11.412525245989794,11.22052448034944,11.266604986370035,30070000,0.01228688474775308,BBDC4.SA,1139,420,92.05999755859375,88.83999633789062,1.0
2023-09-13,11.435565948486328,11.520046022310343,11.320365048808345,11.358765348701006,38146100,0.004045888628079641,BBDC4.SA,1138,419,91.87999725341797,88.5199966430664,1.0
2023-09-14,11.481640815734863,11.573801056637661,11.427880858314353,11.481640815734863,38099300,0.004029085001659549,BBDC4.SA,1137,418,93.69999694824219,90.16000366210938,1.0
2023-09-15,11.458602905273438,11.520043076420377,11.358762444053507,11.450922700773917,38634100,-0.002006499840149445,BBDC4.SA,1136,417,93.93000030517578,90.7699966430664,1.0
2023-09-18,11.458602905273438,11.504682667421337,11.328042358480038,11.489322990846908,16752200,0.0,BBDC4.SA,1133,414,94.43000030517578,91.4800033569336,1.0
2023-09-19,11.328043937683105,11.450924297107306,11.266603757971005,11.420204207251256,25653600,-0.011393969113830282,BBDC4.SA,1132,413,94.33999633789062,91.19999694824219,1.0
2023-09-20,11.374124526977539,11.473964270466228,11.281963524269221,11.381804000182631,29633200,0.00406783285339718,BBDC4.SA,1131,412,93.52999877929688,90.27999877929688,1.0
2023-09-21,10.951723098754883,11.22052371280919,10.905642595886425,11.182124148247677,52192300,-0.037137049732556604,BBDC4.SA,1130,411,93.30000305175781,89.62999725341797,1.0
2023-09-22,10.867240905761719,11.043881956283899,10.851881228391115,11.020842074015667,39166700,-0.007714054878064758,BBDC4.SA,1129,410,93.2699966430664,90.02999877929688,1.0
2023-09-25,10.836522102355957,10.951722992193815,10.798122538168077,10.874922398968577,29657400,-0.0028267343727951255,BBDC4.SA,1126,407,93.29000091552734,89.68000030517578,1.0
2023-09-26,10.721322059631348,10.82116253892228,10.682921762607952,10.82116253892228,35395500,-0.010630720967160112,BBDC4.SA,1125,406,93.95999908447266,90.38999938964844,1.0
2023-09-27,10.69060230255127,10.959403657689643,10.629162118363887,10.744362280609037,41531600,-0.0028652956145909236,BBDC4.SA,1124,405,96.55000305175781,93.68000030517578,1.0
2023-09-28,10.94404411315918,10.98244441442716,10.667563262394413,10.69060315018527,29948700,0.023706972108337387,BBDC4.SA,1123,404,95.37999725341797,91.70999908447266,1.0
2023-09-29,10.982443809509277,11.043883995183963,10.859563438159908,11.005483696031087,20641500,0.0035087300410208133,BBDC4.SA,1122,403,95.30999755859375,90.79000091552734,1.0
2023-10-02,10.828843116760254,11.059243441964913,10.790442818417887,10.997803257587034,22179800,-0.01398602127297266,BBDC4.SA,1119,400,90.70999908447266,88.81999969482422,1.0
2023-10-03,10.697291374206543,10.835718098364248,10.666529961439268,10.797266149052671,23190500,-0.012148273008970145,BBDC4.SA,1118,399,90.91999816894531,89.2300033569336,1.0
2023-10-04,11.05873966217041,11.104881419364121,10.68191213364507,10.728053890838781,45563700,0.033788767204695924,BBDC4.SA,1117,398,85.80999755859375,84.22000122070312,1.0
2023-10-05,11.104879379272461,11.335590323086834,10.997214809992993,11.258687164088625,40153400,0.004172240102539471,BBDC4.SA,1116,397,84.06999969482422,82.30999755859375,1.0
2023-10-06,11.127952575683594,11.17409433098781,10.82033769554559,10.997216379971688,29367600,0.0020777529969573383,BBDC4.SA,1115,396,84.58000183105469,82.79000091552734,1.0
2023-10-09,11.027976989746094,11.08180927814195,10.920311679544458,11.074118741682563,20940600,-0.008984185119189192,BBDC4.SA,1112,393,88.1500015258789,86.37999725341797,1.0
2023-10-10,11.151022911071777,11.227926810719007,11.027977258364162,11.074119011424546,21013500,0.011157614985966458,BBDC4.SA,1111,392,87.6500015258789,85.97000122070312,1.0
2023-10-11,11.312521934509277,11.320212472121957,11.058740060571132,11.135643236467823,31695400,0.01448288867536518,BBDC4.SA,1110,391,85.81999969482422,83.48999786376953,1.0
2023-10-13,11.14333438873291,11.335593439194458,11.127954046069224,11.26638006368269,31324400,-0.01495577615281829,BBDC4.SA,1108,389,90.88999938964844,87.69000244140625,1.0
2023-10-16,11.258687973022461,11.320210798005377,11.127951786581283,11.21254548758031,24351900,0.01035180137878533,BBDC4.SA,1105,386,89.6500015258789,86.66000366210938,1.0
2023-10-17,11.14333438873291,11.289451677793327,11.07412101322114,11.181786345507234,27989500,-0.01024573951831298,BBDC4.SA,1104,385,89.9000015258789,86.66000366210938,1.0
2023-10-18,11.043356895446777,11.220235560014846,11.02028602038482,11.08949937898059,32347600,-0.008971954874406385,BBDC4.SA,1103,384,91.5,88.31999969482422,1.0
2023-10-19,11.097193717956543,11.258691365552528,10.989528375089172,11.027980335642528,24267000,0.004875041440701944,BBDC4.SA,1102,383,92.37999725341797,89.37000274658203,1.0
2023-10-20,10.889551162719727,11.158714093655956,10.889551162719727,11.074119652465148,29052700,-0.018711267056717884,BBDC4.SA,1101,382,92.16000366210938,88.75,1.0
2023-10-23,10.904932975769043,10.989526689281528,10.858790483501304,10.881861362930156,25208300,0.0014125295725664344,BBDC4.SA,1098,379,89.83000183105469,85.48999786376953,1.0
2023-10-24,10.904932975769043,11.07412040279401,10.781887307601782,10.99721722689449,35238200,0.0,BBDC4.SA,1097,378,88.06999969482422,83.73999786376953,1.0
2023-10-25,10.87417221069336,11.27407065621306,10.84341079180723,11.04335964786204,44133500,-0.0028208119338316573,BBDC4.SA,1096,377,90.12999725341797,85.38999938964844,1.0
2023-10-26,11.151022911071777,11.1664039843652,10.851098582539509,10.912621408893317,52455700,0.02545947360537215,BBDC4.SA,1095,376,87.93000030517578,83.20999908447266,1.0
2023-10-27,11.03566837310791,11.243307739576592,10.943383395332962,11.127952617472877,43153700,-0.010344749435438061,BBDC4.SA,1094,375,90.4800033569336,85.54000091552734,1.0
2023-10-30,10.912622451782227,11.135642901980706,10.84340981557719,11.097191681892356,37855700,-0.011149838611091867,BBDC4.SA,1091,372,87.44999694824219,82.30999755859375,1.0
2023-10-31,10.758813858032227,10.912620916983563,10.728052446241959,10.912620916983563,32793200,-0.014094558336422591,BBDC4.SA,1090,371,87.41000366210938,81.0199966430664,1.0
2023-11-01,10.858792304992676,10.912624610493362,10.735746616185304,10.766508038387148,42471800,0.009292701619315391,BBDC4.SA,1089,370,84.62999725341797,80.44000244140625,1.0
2023-11-03,11.373922348022461,11.458629694981173,11.065894229781739,11.150601576740451,70577700,0.04743898110961542,BBDC4.SA,1087,368,84.88999938964844,80.51000213623047,1.0
2023-11-06,11.366220474243164,11.466329548734977,11.25070966472408,11.450927813707708,23949400,-0.0006771519572257301,BBDC4.SA,1084,365,85.18000030517578,80.81999969482422,1.0
2023-11-07,11.666548728942871,11.766657818585227,11.320017716731794,11.35852132573197,80300200,0.0264228778053599,BBDC4.SA,1083,364,81.61000061035156,77.37000274658203,1.0
2023-11-08,11.728155136108398,11.789761356012724,11.558740418156283,11.66654965059939,33468600,0.005280602566952064,BBDC4.SA,1082,363,79.54000091552734,75.33000183105469,1.0
2023-11-09,11.75125789642334,11.936074355348044,11.543338829336552,11.743557027035978,45228200,0.001969854597490217,BBDC4.SA,1081,362,80.01000213623047,75.73999786376953,1.0
2023-11-10,11.581839561462402,11.643445032449293,11.312315075098402,11.450927752016476,66453700,-0.014417038282557137,BBDC4.SA,1080,361,81.43000030517578,77.16999816894531,1.0
2023-11-13,11.35081958770752,11.581840489619715,11.258411373821682,11.497133143823165,47338000,-0.019946742702565357,BBDC4.SA,1077,358,82.5199966430664,78.26000213623047,1.0
2023-11-14,11.589543342590332,11.620346085827705,11.327719657874999,11.39702601375792,42559800,0.021031411259618604,BBDC4.SA,1076,357,82.47000122070312,78.26000213623047,1.0
2023-11-16,11.98997688293457,11.98997688293457,11.589541291709647,11.620344029496179,60626800,0.03455127855406426,BBDC4.SA,1074,355,77.41999816894531,72.9000015258789,1.0
2023-11-17,11.882168769836426,12.013080601168804,11.820563288550042,11.98997799488996,34543100,-0.00899151967937395,BBDC4.SA,1073,354,80.61000061035156,75.88999938964844,1.0
2023-11-20,11.912968635559082,11.92836963496637,11.774355968918062,11.889866034855519,26702200,0.0025921080839084176,BBDC4.SA,1070,351,82.31999969482422,77.5999984741211,1.0
2023-11-21,11.866765022277832,11.95917322855494,11.797458683971216,11.905268625158746,17047900,-0.0038784298603234957,BBDC4.SA,1069,350,82.44999694824219,77.7699966430664,1.0
2023-11-22,12.113188743591309,12.236400438383905,11.882168560043919,11.943774040242591,39082200,0.020765871815179526,BBDC4.SA,1068,349,81.95999908447266,77.0999984741211,1.0
2023-11-23,12.436614990234375,12.821649519150549,12.41351385852511,12.613730521026175,70385300,0.026700339067545764,BBDC4.SA,1067,348,81.37000274658203,77.0999984741211,1.0
2023-11-24,12.444317817687988,12.505923293269003,12.328807734572386,12.375011474060548,28854100,0.000619366882359973,BBDC4.SA,1066,347,80.58000183105469,75.54000091552734,1.0
2023-11-27,12.367311477661133,12.498223306096241,12.290304994955054,12.459720431940827,25263900,-0.006188072432335434,BBDC4.SA,1063,344,79.9800033569336,74.86000061035156,1.0
2023-11-28,12.482820510864258,12.536726586419416,12.267202083805124,12.33650842644281,43584200,0.009339866098769134,BBDC4.SA,1062,343,81.68000030517578,76.41000366210938,-1.0
2023-11-29,12.421219825744629,12.698445303192605,12.413520423629688,12.606037789903906,36063500,-0.00493483704792641,BBDC4.SA,1061,342,83.0999984741211,77.86000061035156,1.0
2023-11-30,12.529025077819824,12.57522881428556,12.421214401012708,12.436616136098054,54061000,0.008679119570185412,BBDC4.SA,1060,341,82.83000183105469,75.95999908447266,-1.0
2023-12-01,12.567529678344727,12.582931415552181,12.398114975434229,12.552127941137272,43911800,0.0030732319782060813,BBDC4.SA,1059,340,78.87999725341797,74.06999969482422,-1.0
2023-12-04,12.474198341369629,12.636100083137828,12.427940910935458,12.50503613816001,24320200,-0.007426386836859256,BBDC4.SA,1056,337,78.02999877929688,73.04000091552734,1.0
2023-12-05,12.58984375,12.66694045444129,12.466489611092868,12.528166680546434,33186200,0.009270768787349004,BBDC4.SA,1055,336,77.19999694824219,72.31999969482422,-1.0
2023-12-06,12.458779335021973,12.697777786545432,12.451069517811892,12.620682555439156,33542000,-0.010410328958850412,BBDC4.SA,1054,335,74.30000305175781,69.37999725341797,1.0
2023-12-07,12.489616394042969,12.57442142735456,12.404809890234366,12.528164002775782,26382800,0.0024751268315919006,BBDC4.SA,1053,334,74.05000305175781,69.33999633789062,-1.0
2023-12-08,12.690067291259766,12.767163988743764,12.37397215502285,12.512745916394607,40696300,0.0160494038321628,BBDC4.SA,1052,333,75.83999633789062,71.2300033569336,-1.0
2023-12-11,12.58984375,12.728617523894856,12.543586315534156,12.62839136697198,17300300,-0.007897794311050976,BBDC4.SA,1049,330,76.02999877929688,71.31999969482422,-1.0
2023-12-12,12.528164863586426,12.774873105620589,12.458777986702177,12.759453472869176,114069600,-0.004899098641599431,BBDC4.SA,1048,329,73.23999786376953,68.61000061035156,-1.0
2023-12-13,13.075549125671387,13.114098209123908,12.528165375120166,12.551294825191679,73283800,0.04369229396684848,BBDC4.SA,1047,328,74.26000213623047,69.47000122070312,-1.0
2023-12-14,13.299131393432617,13.407065902298411,13.090970723050818,13.106390358745188,62827600,0.01709926410067686,BBDC4.SA,1046,327,76.61000061035156,71.58000183105469,-1.0
2023-12-15,13.430192947387695,13.49957982507173,13.28370937555505,13.291419192019623,74469300,0.009854895788141471,BBDC4.SA,1045,326,76.55000305175781,71.43000030517578,-1.0
2023-12-18,13.53041934967041,13.607516053672263,13.322260160511922,13.522711002717815,68532600,0.007462767115509639,BBDC4.SA,1042,323,77.94999694824219,72.47000122070312,-1.0
2023-12-19,13.53041934967041,13.6769029402242,13.407065211466373,13.53041934967041,31387900,0.0,BBDC4.SA,1041,322,79.2300033569336,73.44000244140625,-1.0
2023-12-20,13.306838989257812,13.52270944144,13.306838989257812,13.499579991760681,28935500,-0.016524274276690787,BBDC4.SA,1040,321,79.69999694824219,74.22000122070312,-1.0
2023-12-21,13.31454849243164,13.47645022488472,13.222032166389083,13.430192797112,30227000,0.0005793639781808135,BBDC4.SA,1039,320,79.38999938964844,73.88999938964844,-1.0
2023-12-22,13.51347827911377,13.585742991688146,13.280626507530126,13.425154401192577,36672400,0.014940783519261425,BBDC4.SA,1038,319,79.06999969482422,73.55999755859375,-1.0
2023-12-26,13.553624153137207,13.593772064999898,13.489389025643144,13.513477772760758,13390200,0.002970802423643004,BBDC4.SA,1034,315,81.06999969482422,75.56999969482422,-1.0
2023-12-27,13.633922576904297,13.698157723863728,13.441217136026008,13.529541037402739,17838700,0.005924498337848805,BBDC4.SA,1033,314,79.6500015258789,74.11000061035156,-1.0
2023-12-28,13.722249031066895,13.75436584477803,13.60983788584743,13.649984285858098,14852700,0.0064784330162048764,BBDC4.SA,1032,313,78.38999938964844,71.7699966430664,-1.0
2024-01-02,13.449247360229492,13.658011980644304,13.385012210216225,13.609836001006048,31715700,-0.0198948197354043,BBDC4.SA,1027,308,75.88999938964844,70.37999725341797,-1.0
2024-01-03,13.464471817016602,13.617203568421788,13.392125278625745,13.416241302496168,20470600,0.0011319932171169889,BBDC4.SA,1026,307,78.25,72.69999694824219,-1.0
2024-01-04,13.279585838317871,13.544855946796194,13.279585838317871,13.47250941419117,31294000,-0.013731394830138743,BBDC4.SA,1025,306,77.58999633789062,72.19000244140625,-1.0
2024-01-05,13.568970680236816,13.633278540021054,13.223316892159234,13.279586077817903,30772400,0.02179170686814147,BBDC4.SA,1024,305,78.76000213623047,73.80999755859375,-1.0
2024-01-08,13.464471817016602,13.6413180590718,13.456433142393127,13.568971520680943,21044300,-0.007701311004556732,BBDC4.SA,1021,302,76.12000274658203,70.7699966430664,-1.0
2024-01-09,13.102742195129395,13.303704508141937,13.046472992801206,13.271551335334731,49479300,-0.02686548917797482,BBDC4.SA,1020,301,77.58999633789062,72.23999786376953,-1.0
2024-01-10,12.877662658691406,13.134894119557778,12.869623983886777,13.062547579536554,39455700,-0.01717804815862556,BBDC4.SA,1019,300,76.80000305175781,71.37000274658203,-1.0
2024-01-11,12.813352584838867,12.966083555887245,12.749044726859536,12.861583861628434,30915500,-0.004993924406703987,BBDC4.SA,1018,299,77.41000366210938,72.0199966430664,-1.0
2024-01-12,12.708850860595703,12.877659152480238,12.628465667656394,12.781196614309062,39595400,-0.00815568943032241,BBDC4.SA,1017,298,78.29000091552734,72.68000030517578,-1.0
2024-01-15,12.757084846496582,12.7731621961185,12.580237833706605,12.660623048595745,11765400,0.003795306627637718,BBDC4.SA,1014,295,78.29000091552734,72.68000030517578,-1.0
2024-01-16,12.644546508789062,12.765124338845137,12.564162055361953,12.757085663519344,48307800,-0.008821634335874573,BBDC4.SA,1013,294,78.29000091552734,72.4000015258789,-1.0
2024-01-17,12.668663024902344,12.773163508349835,12.58827780175495,12.628470413328646,35712900,0.0019072661954715464,BBDC4.SA,1012,293,77.87999725341797,72.55999755859375,-1.0
2024-01-18,12.596317291259766,12.71689436716123,12.427508925031503,12.71689436716123,42665600,-0.00571060525490108,BBDC4.SA,1011,292,79.0999984741211,74.08000183105469,-1.0
2024-01-19,12.5722017288208,12.6767022165218,12.411431275982137,12.620432251384134,61792500,-0.0019144930920165226,BBDC4.SA,1010,291,78.55999755859375,73.41000366210938,-1.0
2024-01-22,12.427505493164062,12.676699018918507,12.314966357886226,12.58023646490314,30906700,-0.01150922000599408,BBDC4.SA,1007,288,80.05999755859375,75.19000244140625,-1.0
2024-01-23,12.363201141357422,12.507894246808338,12.323008526886571,12.499855570592096,37294600,-0.00517435714206782,BBDC4.SA,1006,287,79.55000305175781,74.37000274658203,-1.0
2024-01-24,12.314966201782227,12.49181319308851,12.258697018161644,12.411427987964709,36308700,-0.0039014927463922877,BBDC4.SA,1005,286,80.04000091552734,75.08999633789062,-1.0
2024-01-25,12.347121238708496,12.419467776491254,12.298890724593457,12.331044656206883,30256900,0.002611053607407765,BBDC4.SA,1004,285,82.43000030517578,77.36000061035156,-1.0
2024-01-26,12.475735664367676,12.55612009677531,12.339081286003617,12.379273118902399,22825700,0.010416551613340541,BBDC4.SA,1003,284,83.55000305175781,78.01000213623047,-1.0
2024-01-29,12.363201141357422,12.47574030855373,12.331047203102813,12.459662956121246,17302700,-0.0090202715124581,BBDC4.SA,1000,281,82.4000015258789,76.77999877929688,-1.0
2024-01-30,12.274773597717285,12.467697158009756,12.274773597717285,12.379273284584812,35419800,-0.0071524795745924186,BBDC4.SA,999,280,82.87000274658203,77.81999969482422,-1.0
2024-01-31,12.339085578918457,12.532009203749295,12.234585090482502,12.258700351933772,32956700,0.00523936190669394,BBDC4.SA,998,279,81.70999908447266,75.8499984741211,-1.0
2024-02-01,12.314966201782227,12.419466661799115,12.154196558144756,12.379274059237215,32717300,-0.0019547134981735548,BBDC4.SA,997,278,78.69999694824219,73.81999969482422,-1.0
2024-02-02,12.330211639404297,12.41874498360251,12.129000609948957,12.314115156178634,41476600,0.0012379601675125418,BBDC4.SA,996,277,77.33000183105469,72.27999877929688,-1.0
2024-02-05,12.579717636108398,12.611911380310696,12.330215542871038,12.330215542871038,31582200,0.02023533772175834,BBDC4.SA,993,274,77.98999786376953,72.77999877929688,-1.0
2024-02-06,13.360411643981934,13.392604607978196,12.62800290786891,12.708487620536879,99040100,0.06205974016719251,BBDC4.SA,992,273,78.58999633789062,73.30999755859375,-1.0
2024-02-07,11.235627174377441,12.539474931321433,11.163191059953988,12.35436109895873,341120300,-0.15903585355183125,BBDC4.SA,991,272,79.20999908447266,73.86000061035156,1.0
2024-02-08,10.913689613342285,11.324159644345553,10.752720130922864,11.171239557118357,156143100,-0.02865327907723092,BBDC4.SA,990,271,81.62999725341797,76.22000122070312,1.0
2024-02-09,10.833203315734863,11.06660811063869,10.607847147307542,10.994172007468663,99727200,-0.007374801781885543,BBDC4.SA,989,270,82.19000244140625,76.83999633789062,1.0
2024-02-14,10.76076889038086,10.897592491577903,10.640042544646708,10.801011261478704,46804300,-0.006686334894942414,BBDC4.SA,984,265,81.5999984741211,76.63999938964844,1.0
2024-02-15,10.80905818939209,10.970026880910366,10.768815824622704,10.833203301230014,49860300,0.004487532396908689,BBDC4.SA,983,264,82.86000061035156,78.02999877929688,1.0
2024-02-16,10.849299430847168,10.9619778949948,10.744670360460589,10.881493935654412,55291600,0.0037229183847460323,BBDC4.SA,982,263,83.47000122070312,79.19000244140625,1.0
2024-02-19,10.986124038696289,11.026366405928739,10.77686511069432,10.865397704558257,28026600,0.012611377234192256,BBDC4.SA,979,260,83.47000122070312,79.19000244140625,1.0
2024-02-20,11.243674278259277,11.283916643880449,10.970027113106449,11.026365964440519,85230500,0.023443230629457856,BBDC4.SA,978,259,82.33999633789062,78.18000030517578,1.0
2024-02-21,11.203429222106934,11.275865309317481,11.090750778939515,11.267816684614289,43236100,-0.0035793509449274508,BBDC4.SA,977,258,83.02999877929688,77.91000366210938,1.0
2024-02-22,11.267821311950684,11.35635391736605,11.195385194992923,11.235627567476058,42741200,0.0057475339529695635,BBDC4.SA,976,257,83.66999816894531,78.61000061035156,1.0
2024-02-23,11.122943878173828,11.34830075170361,11.082702292062631,11.291961149541637,34751100,-0.012857626134272993,BBDC4.SA,975,256,81.62000274658203,76.48999786376953,1.0
2024-02-26,11.106853485107422,11.147095860835243,10.994174986581418,11.147095860835243,21888800,-0.0014465948262114559,BBDC4.SA,972,253,82.52999877929688,77.58000183105469,1.0
2024-02-27,11.283914566040039,11.380495765210645,11.122945133196554,11.187332599310292,45546800,0.0159416058895554,BBDC4.SA,971,252,83.6500015258789,78.87000274658203,1.0
2024-02-28,11.235627174377441,11.348305659876077,11.171239687680902,11.259772289998796,22066700,-0.004279312057884899,BBDC4.SA,970,251,83.68000030517578,78.54000091552734,1.0
2024-02-29,11.066607475280762,11.227576157773,10.921735277258135,11.211479673303389,62632200,-0.015043192202223055,BBDC4.SA,969,250,83.62000274658203,78.26000213623047,1.0
2024-03-01,11.106853485107422,11.155143721933227,11.01832010499432,11.098804856449963,29511700,0.0036367070863005946,BBDC4.SA,968,249,83.55000305175781,79.97000122070312,1.0
2024-03-04,11.001224517822266,11.14629586037579,10.985105906768723,11.105998179820443,31807800,-0.009510251254037705,BBDC4.SA,965,246,82.80000305175781,78.73999786376953,1.0
2024-03-05,11.057640075683594,11.130175737105196,10.944806739181743,11.00928271186445,31456000,0.005128116217420375,BBDC4.SA,964,245,82.04000091552734,78.1500015258789,1.0
2024-03-06,11.138232231140137,11.291363209367796,11.081815959484711,11.122113625787467,31614900,0.007288368485945718,BBDC4.SA,963,244,82.95999908447266,79.12999725341797,1.0
2024-03-07,11.089877128601074,11.1785313914243,11.041519768852122,11.146293407796387,21462000,-0.004341362393564752,BBDC4.SA,962,243,82.95999908447266,78.93000030517578,1.0
2024-03-08,11.15435791015625,11.251071902782437,11.017346228448865,11.073762531993852,31663900,0.005814381963608728,BBDC4.SA,961,242,82.08000183105469,78.01000213623047,1.0
2024-03-11,11.218830108642578,11.259127784086521,11.105996771122383,11.130175837557287,27118300,0.005780000875498681,BBDC4.SA,958,239,82.20999908447266,77.93000030517578,1.0
2024-03-12,11.355839729309082,11.41225600375308,11.210768430894124,11.243006411806993,42760600,0.012212469512392188,BBDC4.SA,957,238,81.91999816894531,77.55999755859375,1.0
2024-03-13,11.47673511505127,11.605687074090044,11.347783156012493,11.355842845605993,25253000,0.010646098274014859,BBDC4.SA,956,237,84.02999877929688,79.72000122070312,-1.0
2024-03-14,11.549269676208496,11.597627040516125,11.428377418360773,11.47673401405417,41564200,0.00632013899685635,BBDC4.SA,955,236,85.41999816894531,81.26000213623047,-1.0
2024-03-15,11.371959686279297,11.597626348089342,11.36390076655437,11.557328675007964,30908700,-0.015352485040197594,BBDC4.SA,954,235,85.33999633789062,81.04000091552734,-1.0
2024-03-18,11.444498062133789,11.500915125292261,11.380022077336422,11.444498062133789,15035500,0.00637870497747306,BBDC4.SA,951,232,86.88999938964844,82.72000122070312,-1.0
2024-03-19,11.380020141601562,11.525091467026273,11.347782154686541,11.484793791228938,16792800,-0.005633966660850254,BBDC4.SA,950,231,87.37999725341797,83.47000122070312,-1.0
2024-03-20,11.525092124938965,11.541210735009491,11.363902181162295,11.388080480575224,35020600,0.012747954883407298,BBDC4.SA,949,230,85.94999694824219,81.68000030517578,-1.0
2024-03-21,11.396143913269043,11.533155602637732,11.371964837299604,11.52509591064792,19771200,-0.01118847556896252,BBDC4.SA,948,229,85.77999877929688,81.06999969482422,-1.0
2024-03-22,11.251072883605957,11.412262885368166,11.170477498417576,11.388084577257475,28438800,-0.012729834825459974,BBDC4.SA,947,228,85.43000030517578,80.62999725341797,1.0
2024-03-25,11.234951972961426,11.339725652027996,11.154357367335608,11.234951972961426,31920500,-0.0014328331894482016,BBDC4.SA,944,225,86.75,81.94999694824219,1.0
2024-03-26,11.396143913269043,11.444500527978855,11.194656225210913,11.210774840576006,19219400,0.014347363539741753,BBDC4.SA,943,224,86.25,81.62000274658203,-1.0
2024-03-27,11.57344913482666,11.654044493884694,11.30748552599518,11.396140574681878,35882600,0.015558352273102871,BBDC4.SA,942,223,86.08999633789062,81.3499984741211,-1.0
2024-03-28,11.492854118347168,11.67016267191919,11.460616129641867,11.573448705803283,25925000,-0.006963785431688407,BBDC4.SA,941,222,87.4800033569336,83.16999816894531,-1.0
2024-04-01,11.388081550598145,11.597628881503999,11.315545876929628,11.573449811204926,24308100,-0.00911632277501584,BBDC4.SA,937,218,87.41999816894531,83.70999908447266,-1.0
2024-04-02,11.451790809631348,11.548635386693975,11.338806752468559,11.387228271353706,24862500,0.0055943802957625355,BBDC4.SA,936,217,88.91999816894531,85.1500015258789,-1.0
2024-04-03,11.677762985229492,11.766536302121578,11.371090477357294,11.459863794249378,50953400,0.019732474977459002,BBDC4.SA,935,216,89.3499984741211,85.43000030517578,-1.0
2024-04-04,11.75039291381836,12.00864305379916,11.718111646320759,11.718111646320759,53741700,0.006219506996394175,BBDC4.SA,934,215,90.6500015258789,86.58999633789062,-1.0
2024-04-05,11.718107223510742,11.814950989451429,11.629333194164067,11.766528721658167,18774100,-0.0027476264448696996,BBDC4.SA,933,214,91.16999816894531,86.91000366210938,-1.0
2024-04-08,11.798811912536621,11.927936954973504,11.726178883754384,11.75039040644577,23453800,0.006887177893709406,BBDC4.SA,930,211,90.37999725341797,86.43000030517578,-1.0
2024-04-09,11.871448516845703,11.952152077498605,11.79881546618733,11.83916724651378,23248900,0.0061562642787704736,BBDC4.SA,929,210,89.41999816894531,85.2300033569336,-1.0
2024-04-10,11.62126636505127,11.87144675012624,11.588985099523475,11.847235993391914,28689800,-0.021074273408120514,BBDC4.SA,928,209,90.4800033569336,86.20999908447266,-1.0
2024-04-11,11.61319637298584,11.653547376782239,11.484070544040748,11.588984847132725,20195300,-0.0006944158934089062,BBDC4.SA,927,208,89.73999786376953,85.0199966430664,-1.0
2024-04-12,11.467926979064941,11.597052001011308,11.403364468091757,11.580911758090933,22530800,-0.012508993153583337,BBDC4.SA,926,207,90.44999694824219,85.66000366210938,-1.0
