Date,Close,High,Low,Open,Volume,Retorno_Diario,Ticker,DiasParaEleicaoBR,DiasParaEleicaoUSA,Petroleo_Brent,Petroleo_WTI,Alvo
2015-01-02,26.22792625427246,26.537480655974083,26.145211519457426,26.378987064082335,26480000,,GOOGL,1395,676,56.41999816894531,52.689998626708984,1.0
2015-01-05,25.728178024291992,26.150658151811385,25.643485126438218,26.109054225279014,41182000,-0.019054050447433357,GOOGL,1392,673,53.11000061035156,50.040000915527344,1.0
2015-01-06,25.093219757080078,25.814851345284215,25.03923290301718,25.77968639365621,54456000,-0.024679488248736448,GOOGL,1391,672,51.099998474121094,47.93000030517578,1.0
2015-01-07,25.01942253112793,25.3334339302312,24.945130614665498,25.30668989835191,46918000,-0.0029409229531545122,GOOGL,1390,671,51.150001525878906,48.650001525878906,1.0
2015-01-08,25.10659408569336,25.13581508136982,24.517696365378082,24.839138654038862,73054000,0.0034841553379969525,GOOGL,1389,670,50.959999084472656,48.790000915527344,1.0
2015-01-09,24.800010681152344,25.190297845951633,24.697487795818056,25.169495882043805,42000000,-0.01221127021429469,GOOGL,1388,669,50.11000061035156,48.36000061035156,1.0
2015-01-12,24.61873435974121,24.778216066163615,24.314132046890677,24.72670617678802,57138000,-0.007309525941006978,GOOGL,1385,666,47.43000030517578,46.06999969482422,1.0
2015-01-13,24.853504180908203,25.190299524170925,24.628644571871156,24.891641117279967,60958000,0.009536226263154646,GOOGL,1384,665,46.59000015258789,45.88999938964844,1.0
2015-01-14,25.058053970336914,25.17345668556392,24.673217656469642,24.785151488508095,52800000,0.0082302192857715,GOOGL,1383,664,48.689998626708984,48.47999954223633,1.0
2015-01-15,24.96295928955078,25.247252773533816,24.86390151676055,25.204658819237853,51068000,-0.0037949746975045606,GOOGL,1382,663,47.66999816894531,46.25,1.0
2015-01-16,25.282421112060547,25.301736141361182,24.91739294264728,24.920364921625065,49658000,0.012797433942196568,GOOGL,1381,662,47.689998626708984,48.689998626708984,1.0
2015-01-20,25.256668090820312,25.53749651901131,25.228437121377986,25.396834797420365,46796000,-0.001018613728728246,GOOGL,1377,658,47.9900016784668,46.38999938964844,1.0
2015-01-21,25.77424430847168,25.84655617463761,25.239333371220017,25.301244254362835,46356000,0.020492656267652398,GOOGL,1376,657,49.029998779296875,47.779998779296875,1.0
2015-01-22,26.61176872253418,26.688042583531715,25.84952323809066,25.903508202923028,56068000,0.032494625411276123,GOOGL,1375,656,48.52000045776367,46.310001373291016,1.0
2015-01-23,26.842079162597656,27.013448799353302,26.535001747631526,26.647927502512875,45966000,0.008654458200985982,GOOGL,1374,655,48.790000915527344,45.59000015258789,1.0
2015-01-26,26.583045959472656,26.819793477645224,26.352737414540844,26.819793477645224,30932000,-0.009650265970675753,GOOGL,1371,652,48.15999984741211,45.150001525878906,1.0
2015-01-27,25.813861846923828,26.387899653088375,25.797516908024367,26.319549808026878,39148000,-0.028935138348009204,GOOGL,1370,651,49.599998474121094,46.22999954223633,1.0
2015-01-28,25.37999153137207,26.03674219336118,25.376029522591388,26.002567269744127,35822000,-0.016807648469051584,GOOGL,1369,650,48.470001220703125,44.45000076293945,1.0
2015-01-29,25.419612884521484,25.516688702844498,24.936706977923645,25.403267946718596,79018000,0.0015611255464935692,GOOGL,1368,649,49.130001068115234,44.529998779296875,1.0
2015-01-30,26.624155044555664,26.89903949960482,25.664783923559888,25.705397823111312,121108000,0.04738632981966662,GOOGL,1367,648,52.9900016784668,48.2400016784668,1.0
2015-02-02,26.359172821044922,26.57214636665283,25.840111916658692,26.464172659795246,75378000,-0.009952699834691159,GOOGL,1364,645,54.75,49.56999969482422,1.0
2015-02-03,26.413654327392578,26.619196978655207,26.09221206443756,26.247236745965566,47062000,0.00206688983442449,GOOGL,1363,644,57.90999984741211,53.04999923706055,1.0
2015-02-04,26.057050704956055,26.584530706760205,26.004053874738577,26.40573206038584,33896000,-0.01350073026687204,GOOGL,1362,643,54.15999984741211,48.45000076293945,1.0
2015-02-05,26.241792678833008,26.28438663646963,26.034266165665464,26.147686937085094,33176000,0.00708990345717897,GOOGL,1361,642,56.56999969482422,50.47999954223633,1.0
2015-02-06,26.442380905151367,26.75639228379667,26.183346410216686,26.300234164964127,42938000,0.007643846164524959,GOOGL,1360,641,57.79999923706055,51.689998626708984,1.0
2015-02-09,26.214548110961914,26.442379652132466,26.128863303242728,26.302707993059,30314000,-0.008616198178472922,GOOGL,1357,638,58.34000015258789,52.86000061035156,1.0
2015-02-10,26.7534236907959,26.7950276200183,26.20910372743273,26.356699428927953,47430000,0.020556355865949394,GOOGL,1356,637,56.43000030517578,50.02000045776367,1.0
2015-02-11,26.646438598632812,26.842077178437496,26.547380826794132,26.732123410676834,38306000,-0.003998930880756535,GOOGL,1355,636,54.65999984741211,48.84000015258789,1.0
2015-02-12,27.043167114257812,27.15856794559307,26.59691303094378,26.728658802305585,48590000,0.014888613131413209,GOOGL,1354,635,57.04999923706055,51.209999084472656,1.0
2015-02-13,27.29823875427246,27.366588601868994,27.072387248246525,27.117458168591927,47382000,0.009432018037568213,GOOGL,1353,634,57.38999938964844,52.779998779296875,1.0
2015-02-17,26.99363899230957,27.389373235823914,26.906964137228858,27.298241356587663,39174000,-0.011158220305154898,GOOGL,1349,630,62.529998779296875,53.529998779296875,1.0
2015-02-18,26.87674903869629,27.119440502601552,26.72321127625927,26.934697905497156,31164000,-0.004330277723821663,GOOGL,1348,629,60.529998779296875,52.13999938964844,1.0
2015-02-19,27.064960479736328,27.085267429720005,26.782647018584413,26.867836827647864,30834000,0.007002760667559116,GOOGL,1347,628,60.209999084472656,51.15999984741211,1.0
2015-02-20,26.834651947021484,27.120927417473403,26.65139627145906,27.120927417473403,38234000,-0.008509472344778612,GOOGL,1346,627,60.220001220703125,50.34000015258789,1.0
2015-02-23,26.497854232788086,26.71082779179,26.34926851216046,26.69596978653822,32906000,-0.012550850851291928,GOOGL,1343,624,58.900001525878906,49.45000076293945,1.0
2015-02-24,26.678634643554688,26.715779656442244,26.29973850777221,26.32697944346971,28406000,0.006822454723254712,GOOGL,1342,623,58.65999984741211,49.279998779296875,1.0
2015-02-25,27.108543395996094,27.21948719695557,26.64693442960273,26.668233296568268,40836000,0.016114346111983924,GOOGL,1341,622,61.630001068115234,50.9900016784668,1.0
2015-02-26,27.700904846191406,27.742508769507673,26.99759637957633,27.029791241216166,54032000,0.021851467323132034,GOOGL,1340,621,60.04999923706055,48.16999816894531,1.0
2015-02-27,27.8663330078125,28.202633307470524,27.588971604802897,27.64444350753082,68328000,0.005971940719613045,GOOGL,1339,620,62.58000183105469,49.7599983215332,1.0
2015-03-02,28.479990005493164,28.528032900694647,27.89208425256847,28.08277078871385,50406000,0.022021447798984628,GOOGL,1336,617,59.540000915527344,49.59000015258789,1.0
2015-03-03,28.666719436645508,28.768747312512424,28.25612530083975,28.545867766269932,50526000,0.006556513226174898,GOOGL,1335,616,61.02000045776367,50.52000045776367,1.0
2015-03-04,28.64393424987793,28.807377983614806,28.356171857117477,28.576574429341015,37964000,-0.000794830633408683,GOOGL,1334,615,60.54999923706055,51.529998779296875,1.0
2015-03-05,28.797475814819336,28.88514070094835,28.63898410944166,28.70782897939078,35918000,0.005360351814871933,GOOGL,1333,614,60.47999954223633,50.7599983215332,1.0
2015-03-06,28.3749942779541,28.864337347543632,28.333390348995728,28.825705397706578,37592000,-0.014670783633328854,GOOGL,1332,613,59.72999954223633,49.61000061035156,1.0
2015-03-09,28.43442726135254,28.50129017659802,28.184306791462394,28.276925598669397,23478000,0.002094554903385948,GOOGL,1329,610,58.529998779296875,50.0,1.0
2015-03-10,27.728641510009766,28.219471459936482,27.72715457592738,28.15607365417483,40080000,-0.024821521631352206,GOOGL,1328,609,56.38999938964844,48.290000915527344,1.0
2015-03-11,27.522602081298828,27.943100240107174,27.50873410643518,27.726164680724466,40524000,-0.007430563399096202,GOOGL,1327,608,57.540000915527344,48.16999816894531,1.0
2015-03-12,27.794021606445312,27.82720461201737,27.514680139109295,27.660788901103146,35602000,0.00986169564726258,GOOGL,1326,607,57.08000183105469,47.04999923706055,1.0
2015-03-13,27.38936996459961,27.952016767016012,27.25712918569483,27.697934301203986,35428000,-0.014558945357942221,GOOGL,1325,606,54.66999816894531,44.84000015258789,1.0
2015-03-16,27.81730079650879,27.921805631758787,27.306163853446023,27.584020278568428,36856000,0.015623975011556546,GOOGL,1322,603,53.439998626708984,43.880001068115234,1.0
2015-03-17,27.617700576782227,27.76777135121981,27.459208879990484,27.651378598088677,28892000,-0.007175398547353384,GOOGL,1321,602,53.43000030517578,43.459999084472656,1.0
2015-03-18,28.041168212890625,28.058503181612092,27.41413358134431,27.62364014010371,35324000,0.015333196727623344,GOOGL,1320,601,55.90999984741211,44.65999984741211,1.0
2015-03-19,27.917842864990234,28.080791579039342,27.841073983904455,27.959941806916632,24660000,-0.004398010345506798,GOOGL,1319,600,54.43000030517578,43.959999084472656,1.0
2015-03-20,27.981239318847656,28.08772610240179,27.957962280232536,28.068411072713282,44320000,0.0022708220747571506,GOOGL,1318,599,55.31999969482422,45.720001220703125,1.0
2015-03-23,28.002038955688477,28.213527460387702,27.887628163788982,28.03324189893379,30234000,0.0007433422302638437,GOOGL,1315,596,55.91999816894531,47.45000076293945,1.0
2015-03-24,28.60480499267578,28.819758604482537,28.13675705919549,28.15904595572783,79156000,0.021525790959049385,GOOGL,1314,595,55.11000061035156,47.5099983215332,1.0
2015-03-25,28.082773208618164,28.730112923032785,28.082773208618164,28.606291173338146,53070000,-0.018249793494179878,GOOGL,1313,594,56.47999954223633,49.209999084472656,1.0
2015-03-26,27.91635513305664,28.092183677244602,27.652368588054056,27.96637998062562,49842000,-0.0059259843864156725,GOOGL,1312,593,59.189998626708984,51.43000030517578,1.0
2015-03-27,27.614727020263672,27.937654353607275,27.5840190904445,27.826708660694475,34552000,-0.010804709689188674,GOOGL,1311,592,56.40999984741211,48.869998931884766,1.0
2015-03-30,27.79253387451172,27.84305373789061,27.577085239154318,27.74845487332882,24788000,0.0064388416411855776,GOOGL,1308,589,56.290000915527344,48.68000030517578,1.0
2015-03-31,27.47357177734375,27.857418086643616,27.472084843112185,27.634043533409503,34932000,-0.011476538936972758,GOOGL,1307,588,55.11000061035156,47.599998474121094,1.0
2015-04-01,27.215526580810547,27.661778771430598,27.04415694270571,27.48001004082362,38902000,-0.009392488120019471,GOOGL,1306,587,57.099998474121094,50.09000015258789,1.0
2015-04-02,26.81037712097168,27.141723443007873,26.767286266188876,27.112502451204005,47760000,-0.014886702950092312,GOOGL,1305,586,54.95000076293945,49.13999938964844,1.0
2015-04-06,26.941133499145508,27.019884319600163,26.532521393176193,26.68804108522014,33718000,0.004877080899826192,GOOGL,1301,582,58.119998931884766,52.13999938964844,1.0
2015-04-07,26.986207962036133,27.24870947181312,26.92330705612625,26.992646934982815,27318000,0.0016730722518432106,GOOGL,1300,581,59.099998474121094,53.97999954223633,1.0
2015-04-08,27.183330535888672,27.31507818991987,27.042668834565465,27.042668834565465,28386000,0.007304567360106651,GOOGL,1299,580,55.54999923706055,50.41999816894531,1.0
2015-04-09,27.142719268798828,27.209584076814327,26.842080808323146,27.201660058594012,32366000,-0.0014939768707232792,GOOGL,1298,579,56.56999969482422,50.790000915527344,1.0
2015-04-10,27.16847038269043,27.23335323005184,26.992148727400572,27.219485255920837,26104000,0.0009487300677792909,GOOGL,1297,578,57.869998931884766,51.63999938964844,1.0
2015-04-13,27.173423767089844,27.402742255862474,27.057527930126085,27.094674831065824,29326000,0.0001823210629690042,GOOGL,1294,575,57.93000030517578,51.90999984741211,1.0
2015-04-14,26.734600067138672,27.07090033900072,26.534504466159873,27.07090033900072,47206000,-0.016149002926993616,GOOGL,1293,574,58.43000030517578,53.290000915527344,1.0
2015-04-15,26.797008514404297,26.90349529744708,26.36759438826777,26.64446077992701,46962000,0.0023343699591129585,GOOGL,1292,573,60.31999969482422,56.38999938964844,1.0
2015-04-16,26.919837951660156,27.004530844465013,26.651392504921667,26.663773545535378,31722000,0.004583699601760971,GOOGL,1291,572,60.400001525878906,56.709999084472656,1.0
2015-04-17,26.38591766357422,26.735590905654437,26.200681950687557,26.612264175786684,49234000,-0.019833711073770077,GOOGL,1290,571,63.45000076293945,55.7400016784668,1.0
2015-04-20,26.96986198425293,27.032764777111968,26.416131115218956,26.435943048235504,38508000,0.02213090816564045,GOOGL,1287,568,63.45000076293945,56.380001068115234,1.0
2015-04-21,26.890121459960938,27.130335954996916,26.854956506511122,27.058024099023093,29128000,-0.0029566530351008424,GOOGL,1286,567,62.08000183105469,55.2599983215332,1.0
2015-04-22,27.200170516967773,27.2903123560359,26.810875291002727,26.897055121340486,31806000,0.011530221515306138,GOOGL,1285,566,62.72999954223633,56.15999984741211,1.0
2015-04-23,27.610271453857422,27.794024040118117,27.244750120025405,27.261095061455663,78184000,0.015077145808105152,GOOGL,1284,565,64.8499984741211,57.7400016784668,1.0
2015-04-24,28.412633895874023,28.95943077564398,28.149635492700988,28.72912225078688,92168000,0.029060288065530848,GOOGL,1283,564,65.27999877929688,57.150001525878906,1.0
2015-04-27,28.039188385009766,28.50475750115603,27.849988759492767,28.36855470500373,48062000,-0.013143642797526334,GOOGL,1280,561,64.83000183105469,56.9900016784668,1.0
2015-04-28,27.952510833740234,28.123880457716535,27.78361817363499,27.950033869869173,37178000,-0.003091300292980992,GOOGL,1279,560,64.63999938964844,57.060001373291016,1.0
2015-04-29,27.804912567138672,28.025315096938687,27.686539778404203,27.761326698158985,33622000,-0.005280322310917573,GOOGL,1278,559,65.83999633789062,58.58000183105469,1.0
2015-04-30,27.17986488342285,27.791049632174243,27.078332028173627,27.664750914765193,47240000,-0.022479757208606954,GOOGL,1277,558,66.77999877929688,59.630001068115234,1.0
2015-05-01,27.29823875427246,27.30121073321622,26.936182567982428,27.266043890190062,36572000,0.004355204536789614,GOOGL,1276,557,66.45999908447266,59.150001525878906,1.0
2015-05-04,27.38144874572754,27.57213342361992,27.11151632813223,27.289819963723605,35260000,0.0030481816868883627,GOOGL,1273,554,66.44999694824219,58.93000030517578,1.0
2015-05-05,26.896066665649414,27.370056704933322,26.86288177036424,27.248710025100387,28528000,-0.01772667635615377,GOOGL,1272,553,67.5199966430664,60.400001525878906,1.0
2015-05-06,26.501815795898438,26.940145837154233,26.361154095187857,26.87625301478013,39034000,-0.014658309508672418,GOOGL,1271,552,67.7699966430664,60.93000030517578,1.0
2015-05-07,26.84653663635254,27.003048270136677,26.42108640569576,26.5424311952825,31844000,0.013007442324289853,GOOGL,1270,551,65.54000091552734,58.939998626708984,1.0
2015-05-08,27.188779830932617,27.379464492780805,27.14321389593343,27.184817822154855,28226000,0.012748132066936702,GOOGL,1269,550,65.38999938964844,59.38999938964844,1.0
2015-05-11,27.031776428222656,27.40770063278897,27.0228623797468,27.16599917467734,21858000,-0.005774565967515022,GOOGL,1266,547,64.91000366210938,59.25,1.0
2015-05-12,26.682598114013672,26.892104689278238,26.497855511820724,26.884673796923718,35282000,-0.012917327691583824,GOOGL,1265,546,66.86000061035156,60.75,1.0
2015-05-13,26.720239639282227,26.9356882801357,26.6949787622634,26.76877755481055,24238000,0.0014107143954915635,GOOGL,1264,545,66.80999755859375,60.5,1.0
2015-05-14,27.201160430908203,27.2254312768469,26.869319056372227,26.942125926078575,31736000,0.017998371201692454,GOOGL,1263,544,66.58999633789062,59.880001068115234,1.0
2015-05-15,27.06693458557129,27.270499055598815,26.869315961984118,27.260098075410017,33440000,-0.0049345632028402475,GOOGL,1262,543,66.56999969482422,59.689998626708984,1.0
2015-05-18,27.075855255126953,27.158568096237936,26.85693772865595,26.934698530922038,26706000,0.00032957812520151286,GOOGL,1259,540,66.2699966430664,59.43000030517578,1.0
2015-05-19,27.205123901367188,27.409181517178638,27.09814211030498,27.141726094838173,47126000,0.004774314422284265,GOOGL,1258,539,64.0199966430664,57.2599983215332,1.0
2015-05-20,27.36509895324707,27.541420608336868,26.998090764702578,27.28634813184401,30840000,0.005880328002176194,GOOGL,1257,538,65.02999877929688,58.97999954223633,1.0
2015-05-21,27.578079223632812,27.617703096130356,27.20611890613371,27.25069481800833,34170000,0.007782916142551333,GOOGL,1256,537,66.54000091552734,60.720001220703125,1.0
2015-05-22,27.46465301513672,27.648900584995967,27.420077112065602,27.46168103634933,24266000,-0.0041129118375616835,GOOGL,1255,536,65.37000274658203,59.720001220703125,1.0
2015-05-26,27.10161018371582,27.40571561522229,26.892598631736377,27.36856871241128,37474000,-0.013218547899396804,GOOGL,1251,532,63.720001220703125,58.029998779296875,1.0
2015-05-27,27.45128059387207,27.502790485334433,27.071396325193334,27.175406137943327,34844000,0.012902200562472599,GOOGL,1250,531,62.060001373291016,57.5099983215332,1.0
2015-05-28,27.447813034057617,27.52606884414751,27.280407307284772,27.42849800601375,23544000,-0.00012631686899255978,GOOGL,1249,530,62.58000183105469,57.68000030517578,1.0
2015-05-29,27.008989334106445,27.435926453221672,26.995121359639683,27.3992745681153,43446000,-0.015987565180754948,GOOGL,1248,529,65.55999755859375,60.29999923706055,1.0
2015-06-01,27.201658248901367,27.26901617803303,26.92281180176792,27.177884306451965,33210000,0.00713351071421342,GOOGL,1245,526,64.87999725341797,60.20000076293945,1.0
2015-06-02,27.436420440673828,27.676139895510715,27.069907271444784,27.11349314215233,31842000,0.008630436777946837,GOOGL,1244,525,65.48999786376953,61.2599983215332,1.0
2015-06-03,27.502790451049805,27.63651816272019,27.34727074703132,27.493379499611805,26710000,0.002419047722332701,GOOGL,1243,524,63.79999923706055,59.63999938964844,1.0
2015-06-04,27.32448959350586,27.535978123217177,27.1972008415835,27.34875855223354,26866000,-0.00648300970991611,GOOGL,1242,523,62.029998779296875,58.0,1.0
2015-06-05,27.217504501342773,27.40571407950063,27.11101772691568,27.339841199487847,24396000,-0.003915355556669331,GOOGL,1241,522,63.310001373291016,59.130001068115234,1.0
2015-06-08,26.917858123779297,27.23434649195067,26.891607217043145,27.22146854605218,27336000,-0.01100932591188486,GOOGL,1238,519,62.689998626708984,58.13999938964844,1.0
2015-06-09,26.852479934692383,26.985217622243358,26.688539302014306,26.91488582494658,30016000,-0.002428803539504476,GOOGL,1237,518,64.87999725341797,60.13999938964844,1.0
2015-06-10,27.369558334350586,27.477532047295192,26.998589994809244,27.02781099019668,30316000,0.01925626239795286,GOOGL,1236,517,65.69999694824219,61.43000030517578,1.0
2015-06-11,27.242767333984375,27.480009855681065,27.199676472592955,27.46316990094867,25872000,-0.004632555586659981,GOOGL,1235,516,65.11000061035156,60.77000045776367,1.0
2015-06-12,27.115478515625,27.183826474876835,27.02434475433924,27.09962859081052,25468000,-0.004672389438226676,GOOGL,1234,515,63.869998931884766,59.959999084472656,1.0
2015-06-15,26.89408302307129,26.946087929995137,26.706370343227583,26.880710062809456,27150000,-0.008164911875928493,GOOGL,1231,512,62.61000061035156,59.52000045776367,1.0
2015-06-16,26.9867000579834,27.07684189074682,26.82325634541024,26.967385030602546,32526000,0.0034437699486782325,GOOGL,1230,511,62.630001068115234,59.970001220703125,1.0
2015-06-17,27.072385787963867,27.15955564500898,26.835143283258674,27.013941910209,24440000,0.003175109583475111,GOOGL,1229,510,63.869998931884766,59.91999816894531,1.0
2015-06-18,27.546871185302734,27.59986612113927,27.14172604390117,27.14172604390117,41192000,0.017526545353450773,GOOGL,1228,509,64.26000213623047,60.45000076293945,1.0
2015-06-19,27.61324119567871,27.63255811483744,27.352721630729608,27.56371324978406,59290000,0.0024093484130927045,GOOGL,1227,508,63.02000045776367,59.61000061035156,1.0
2015-06-22,27.720224380493164,28.013930744653795,27.682087444586372,27.706853308141795,34752000,0.003874343618567977,GOOGL,1224,505,63.34000015258789,59.68000030517578,1.0
2015-06-23,27.903974533081055,27.97876335347147,27.594915174203127,27.725670911469177,31396000,0.006628739726839861,GOOGL,1223,504,64.44999694824219,61.0099983215332,1.0
2015-06-24,27.665245056152344,27.866827604823666,27.57807519451148,27.85890358722994,28924000,-0.008555393305913817,GOOGL,1222,503,63.4900016784668,60.27000045776367,1.0
2015-06-25,27.634536743164062,27.891591190167812,27.610267786421005,27.75092948829441,26684000,-0.0011099960591692826,GOOGL,1221,502,63.20000076293945,59.70000076293945,1.0
2015-06-26,27.392343521118164,27.73607283032798,27.332414593416953,27.721709839427113,43676000,-0.008764149885950534,GOOGL,1220,501,63.2599983215332,59.630001068115234,1.0
2015-06-29,26.80740737915039,27.285359383055532,26.757382533389066,27.079814836076096,37756000,-0.021354001402501988,GOOGL,1217,498,62.0099983215332,58.33000183105469,1.0
2015-06-30,26.747482299804688,27.037719781794245,26.72271643613216,26.997600896440073,34510000,-0.002235392572588313,GOOGL,1216,497,63.59000015258789,59.470001220703125,1.0
2015-07-01,26.908946990966797,27.0332637714854,26.733615325637366,26.926776977558397,30760000,0.006036631386546976,GOOGL,1215,496,62.0099983215332,56.959999084472656,1.0
2015-07-02,27.109037399291992,27.141725386839212,26.92231286768664,26.98026172995245,28124000,0.007435831970398654,GOOGL,1214,495,62.06999969482422,56.93000030517578,1.0
2015-07-06,27.023845672607422,27.17045131462631,26.849504083364653,26.856933085032523,25614000,-0.0031425581598406582,GOOGL,1210,491,56.540000915527344,52.529998779296875,1.0
2015-07-07,27.24226951599121,27.29031241451849,26.7380684782853,27.11349572981363,33578000,0.008082633612920276,GOOGL,1209,490,56.849998474121094,52.33000183105469,1.0
2015-07-08,26.829694747924805,27.155594048699598,26.804930776846575,27.022858256822733,27662000,-0.015144654810210434,GOOGL,1208,489,57.04999923706055,51.650001525878906,1.0
2015-07-09,26.975805282592773,27.185311840164925,26.9743202378693,27.173920829175337,29766000,0.0054458515477247005,GOOGL,1207,488,58.61000061035156,52.779998779296875,1.0
2015-07-10,27.543407440185547,27.70090911091393,27.339844815657024,27.424537720002775,43436000,0.021041157127533072,GOOGL,1206,487,58.72999954223633,52.7400016784668,1.0
2015-07-13,28.31704330444336,28.372515205599406,27.671683659842664,27.71180254094442,41792000,0.028087877868338218,GOOGL,1203,484,57.849998474121094,52.20000076293945,1.0
2015-07-14,28.93367576599121,29.20757017382,28.43789374827174,28.454238687927432,74832000,0.021776018594819035,GOOGL,1202,483,58.5099983215332,53.040000915527344,1.0
2015-07-15,28.922779083251953,29.157049618403022,28.737046461613076,28.911883086863288,41466000,-0.0003766090014759582,GOOGL,1201,482,57.04999923706055,51.40999984741211,1.0
2015-07-16,29.80537986755371,29.94009760548964,29.11891134365236,29.197167153191486,112642000,0.03051576688952551,GOOGL,1200,481,57.5099983215332,50.90999984741211,1.0
2015-07-17,34.651268005371094,34.81867752001456,33.58046002326781,33.67951591151158,257162000,0.1625843441469652,GOOGL,1199,480,57.52000045776367,50.88999938964844,-1.0
2015-07-20,34.315460205078125,34.561123626669975,33.76718019801341,34.1242824303812,102436000,-0.009691068166420846,GOOGL,1196,477,56.650001525878906,50.150001525878906,-1.0
2015-07-21,34.43977737426758,34.94744343805957,33.8850546703142,33.9212096476742,75604000,0.0036227743543726376,GOOGL,1195,476,57.040000915527344,50.36000061035156,-1.0
2015-07-22,34.42739486694336,35.33030195473813,34.255035230394284,34.37390303314623,83100000,-0.0003595408643225495,GOOGL,1194,475,56.130001068115234,49.189998626708984,-1.0
2015-07-23,33.41849899291992,34.47544276375287,33.26297739619701,34.26642932546694,76232000,-0.029305031005763427,GOOGL,1193,474,55.27000045776367,48.45000076293945,1.0
2015-07-24,32.42990493774414,33.570056555849526,32.35115599922562,33.519538582766316,82622000,-0.029582239926013054,GOOGL,1192,473,54.619998931884766,48.13999938964844,1.0
2015-07-27,32.603267669677734,33.039118984266565,32.27043239020435,32.27142242032687,58382000,0.005345767502753951,GOOGL,1189,470,53.470001220703125,47.38999938964844,1.0
2015-07-28,32.6721076965332,32.89201527077164,32.362553285893085,32.77611752505944,34364000,0.0021114456241910773,GOOGL,1188,469,53.29999923706055,47.97999954223633,1.0
2015-07-29,32.759765625,32.8538713604696,32.33431353448211,32.80087453506159,36756000,0.00268295909406846,GOOGL,1187,468,53.380001068115234,48.790000915527344,1.0
2015-07-30,32.914798736572266,33.08765344335797,32.2773629966352,32.562155334129045,39606000,0.004732424320336159,GOOGL,1186,467,53.310001373291016,48.52000045776367,1.0
2015-07-31,32.565120697021484,32.93658595212059,32.55026269141592,32.92172794651502,34922000,-0.010623733183039219,GOOGL,1185,466,52.209999084472656,47.119998931884766,1.0
2015-08-03,32.9227180480957,33.01929886348223,32.57304478570584,32.57304478570584,31348000,0.010980992651653976,GOOGL,1182,463,49.52000045776367,45.16999816894531,1.0
2015-08-04,32.75233459472656,33.08516975264044,32.71419955523261,32.90389228042052,26188000,-0.005175254762387227,GOOGL,1181,462,49.9900016784668,45.7400016784668,1.0
2015-08-05,33.34717559814453,33.675053043694675,32.96530752296837,32.97372655451979,36448000,0.018161789404586237,GOOGL,1180,461,49.59000015258789,45.150001525878906,1.0
2015-08-06,33.1916618347168,33.419493427571425,32.72510076179355,33.38185339479109,40660000,-0.004663476310611037,GOOGL,1179,460,49.52000045776367,44.65999984741211,1.0
2015-08-07,32.90637969970703,33.124798459778894,32.632980264934545,33.07428047764331,27544000,-0.008594994020798774,GOOGL,1178,459,48.61000061035156,43.869998931884766,1.0
2015-08-10,32.84446716308594,33.26447037304935,32.7003384490676,33.04010388666811,34458000,-0.0018814751785546369,GOOGL,1175,456,50.40999984741211,44.959999084472656,1.0
2015-08-11,34.18966293334961,34.86820752195897,33.89348150225744,34.64928999055603,109880000,0.04095654113017688,GOOGL,1174,455,49.18000030517578,43.08000183105469,-1.0
2015-08-12,34.247615814208984,34.47197852405883,33.70478086543459,34.397189694528755,58498000,0.0016950410120259995,GOOGL,1173,454,49.65999984741211,43.29999923706055,-1.0
2015-08-13,34.0019416809082,34.37439688803801,33.78748311684509,34.1351724673151,36354000,-0.007173466749730739,GOOGL,1172,453,49.220001220703125,42.22999954223633,-1.0
2015-08-14,34.143592834472656,34.28673148064101,33.8231444022917,33.87960632549781,27598000,0.004165972487506275,GOOGL,1171,452,49.029998779296875,42.5,-1.0
2015-08-17,34.37836456298828,34.40956561591926,33.83107081207881,34.077724261154415,24680000,0.006876011252060943,GOOGL,1168,449,49.029998779296875,41.869998931884766,-1.0
2015-08-18,34.11190414428711,34.460088598499226,33.94300957426589,34.227801883617715,27710000,-0.007750817180757985,GOOGL,1167,448,48.810001373291016,42.619998931884766,-1.0
2015-08-19,34.37489318847656,34.67998860219265,34.01630594076784,34.18024654671375,50194000,0.00770959730295484,GOOGL,1166,447,47.15999984741211,40.79999923706055,-1.0
2015-08-20,33.65375900268555,34.47989732877729,33.44573937641924,34.13022786218003,57798000,-0.020978514226562273,GOOGL,1165,446,46.619998931884766,41.13999938964844,1.0
2015-08-21,31.897972106933594,33.3273713320386,31.851909262133184,33.23574065742292,91880000,-0.05217208858041211,GOOGL,1164,445,45.459999084472656,40.45000076293945,1.0
2015-08-24,30.614187240600586,31.088177294493896,29.374977737356645,29.746939916874606,129788000,-0.04024659818590648,GOOGL,1161,442,42.689998626708984,38.2400016784668,1.0
2015-08-25,30.334840774536133,32.04506429260636,30.29521691146664,32.018817167593895,71430000,-0.009124738928034781,GOOGL,1160,441,43.209999084472656,39.310001373291016,1.0
2015-08-26,32.676063537597656,32.81177320126887,31.221405505566285,31.851905257112435,87740000,0.07717933251941789,GOOGL,1159,440,43.13999938964844,38.599998474121094,1.0
2015-08-27,33.08319091796875,33.38135618564728,32.248138475715,33.28279152843329,58974000,0.012459498981651995,GOOGL,1158,439,47.560001373291016,42.560001373291016,1.0
2015-08-28,32.673587799072266,33.035640194826584,32.37938645503498,32.97422433697645,38836000,-0.012381003994207052,GOOGL,1157,438,50.04999923706055,45.220001220703125,1.0
2015-08-31,32.0856819152832,32.90736515028185,32.012876931637756,32.4086092572335,38936000,-0.017993306624433658,GOOGL,1154,435,54.150001525878906,49.20000076293945,1.0
2015-09-01,31.18128776550293,31.918274278254906,30.958408246501758,31.39178435424908,51458000,-0.028186845215513068,GOOGL,1153,434,49.560001373291016,45.40999984741211,1.0
2015-09-02,31.941556930541992,31.94898593425305,31.23478320744201,31.5993145192437,37630000,0.024382224709788236,GOOGL,1152,433,50.5,46.25,1.0
2015-09-03,31.552261352539062,32.25556803268813,31.39178770386115,32.09113237492942,34572000,-0.012187745852510146,GOOGL,1151,432,50.68000030517578,46.75,1.0
2015-09-04,31.151569366455078,31.42595877234591,31.0297295723542,31.188221252350885,40478000,-0.012699311203307473,GOOGL,1150,431,49.61000061035156,46.04999923706055,1.0
2015-09-08,31.89053726196289,31.94798921963827,31.346712387405702,31.747893618823724,39092000,0.023721690769889614,GOOGL,1146,427,49.52000045776367,45.939998626708984,1.0
2015-09-09,31.867259979248047,32.55818362565112,31.742939445644932,32.2867680947359,40978000,-0.000729911902193292,GOOGL,1145,426,47.58000183105469,44.150001525878906,1.0
2015-09-10,32.24714660644531,32.43634433457579,31.782565650509902,31.89152939431087,27850000,0.011920906517995267,GOOGL,1144,425,48.88999938964844,45.91999816894531,1.0
2015-09-11,32.456153869628906,32.45664888451943,32.06537173284636,32.20405525572537,34892000,0.006481418828598651,GOOGL,1143,424,48.13999938964844,44.630001068115234,1.0
2015-09-14,32.31599044799805,32.48686506094879,32.16888788701708,32.47250207103668,29942000,-0.0043185468676871785,GOOGL,1140,421,46.369998931884766,44.0,1.0
2015-09-15,32.940059661865234,33.12727736165885,32.359085862130264,32.5259966102902,35546000,0.019311467951800054,GOOGL,1139,420,46.630001068115234,44.59000015258789,1.0
2015-09-16,32.962345123291016,33.08864196224373,32.79790945791489,32.96383016825133,26252000,0.0006765458731570195,GOOGL,1138,419,46.61000061035156,47.150001525878906,1.0
2015-09-17,33.26694107055664,33.77807609402343,32.936584739870554,33.059911472093624,47752000,0.00924072441224455,GOOGL,1137,418,49.08000183105469,46.900001525878906,1.0
2015-09-18,32.7345085144043,33.176303654280964,32.69042573615495,32.939554270974206,72544000,-0.016004854640019217,GOOGL,1136,417,47.470001220703125,44.68000030517578,1.0
2015-09-21,33.03464889526367,33.13469858490842,32.589883681283006,32.96184391847682,39094000,0.009168928891273964,GOOGL,1133,414,48.91999816894531,46.68000030517578,1.0
2015-09-22,32.35214614868164,32.6304994634387,31.947496011379666,32.56363466150793,54362000,-0.020660208883887532,GOOGL,1132,413,49.08000183105469,45.83000183105469,1.0
2015-09-23,32.35660171508789,32.70280604707295,32.229806111995096,32.337284798890295,29160000,0.00013772089139840737,GOOGL,1131,412,47.75,44.47999954223633,1.0
2015-09-24,32.43684005737305,32.52896573818319,31.805847161143298,32.142642477178036,38692000,0.002479813640248185,GOOGL,1130,411,48.16999816894531,44.90999984741211,1.0
2015-09-25,31.705795288085938,32.618610328458836,31.681526332203095,32.618610328458836,48480000,-0.02253748416905177,GOOGL,1129,410,48.599998474121094,45.70000076293945,1.0
2015-09-28,30.918291091918945,31.83952711833087,30.60081269420673,31.65131563692532,47646000,-0.0248378628894671,GOOGL,1126,407,47.34000015258789,44.43000030517578,1.0
2015-09-29,30.83706283569336,31.434872682076957,30.610221312666035,30.98019960622048,42130000,-0.0026271910043184077,GOOGL,1125,406,48.22999954223633,45.22999954223633,1.0
2015-09-30,31.617639541625977,31.664195510503017,31.160984454183357,31.2937202618814,52954000,0.025312939500486742,GOOGL,1124,405,48.369998931884766,45.09000015258789,1.0
2015-10-01,31.797420501708984,31.888556141614405,31.25854957276162,31.596334877794604,42506000,0.00568609683358301,GOOGL,1123,404,47.689998626708984,44.7400016784668,1.0
2015-10-02,32.539859771728516,32.5403547866653,31.376431078171603,31.599805623709514,48788000,0.02334904084372602,GOOGL,1122,403,48.130001068115234,45.540000915527344,1.0
2015-10-05,33.26743698120117,33.33430178450554,32.48438759636093,32.76818985983506,37960000,0.022359568067493507,GOOGL,1119,400,49.25,46.2599983215332,1.0
2015-10-06,33.26545333862305,33.62007670792801,32.84148632007926,33.15203069268809,42774000,-5.9627153701224955e-05,GOOGL,1118,399,51.91999816894531,48.529998779296875,1.0
2015-10-07,33.18422317504883,33.61710420913287,32.595325554154186,33.55073443266655,44354000,-0.0024418775462743403,GOOGL,1117,398,51.33000183105469,47.810001373291016,1.0
2015-10-08,33.035640716552734,33.2778390473884,32.41603696422487,33.156987389430896,39308000,-0.004477502990270721,GOOGL,1116,397,53.04999923706055,49.43000030517578,1.0
2015-10-09,33.24565124511719,33.38680610228215,32.80583606280841,33.059918584445995,32124000,0.006357089616222389,GOOGL,1115,396,52.650001525878906,49.630001068115234,1.0
2015-10-12,33.50269317626953,33.579462046941245,33.04752511578709,33.14410591739658,26684000,0.007731595608014841,GOOGL,1112,393,49.86000061035156,47.099998474121094,1.0
2015-10-13,33.83652114868164,34.09852762757337,33.33826030237758,33.395221025553,42446000,0.00996421304567141,GOOGL,1111,392,49.2400016784668,46.65999984741211,1.0
2015-10-14,33.699825286865234,34.17678543130566,33.6250364609968,33.86426094503472,31292000,-0.004039891134663298,GOOGL,1110,391,49.150001525878906,46.63999938964844,1.0
2015-10-15,34.32438278198242,34.38084471752574,33.89695058823443,33.93954454737272,47156000,0.018532959438238183,GOOGL,1109,390,48.709999084472656,46.380001068115234,1.0
2015-10-16,34.43829345703125,34.482871250580324,34.13022791520861,34.44225735509288,36316000,0.0033186518100660756,GOOGL,1108,389,48.72999954223633,47.2599983215332,1.0
2015-10-19,34.66761779785156,34.681980789512544,34.28426460027025,34.372921403835086,30172000,0.006658992586448642,GOOGL,1105,386,48.61000061035156,45.88999938964844,1.0
2015-10-20,33.67951583862305,34.57103394584727,33.36649258186791,34.565585002895475,52434000,-0.028502159132772875,GOOGL,1104,385,48.709999084472656,45.54999923706055,1.0
2015-10-21,33.273380279541016,33.92220502997797,33.21889840811228,33.838502163143595,31952000,-0.012058830092096628,GOOGL,1103,384,47.849998474121094,45.20000076293945,1.0
2015-10-22,33.7359733581543,34.07821756588089,33.268422372624414,33.45365995757948,88632000,0.013902797813954537,GOOGL,1102,383,48.08000183105469,45.380001068115234,1.0
2015-10-23,35.627479553222656,37.27034721790607,35.558634689588274,37.1494955559732,126726000,0.05606793006940669,GOOGL,1101,382,47.9900016784668,44.599998474121094,1.0
2015-10-26,36.21142578125,36.40112231951808,35.66165686523991,35.66165686523991,48776000,0.016390332275821207,GOOGL,1098,379,47.540000915527344,43.97999954223633,0.0
2015-10-27,36.29561996459961,36.451141560349235,35.86571273257505,35.9860655965988,38778000,0.0023250723088954484,GOOGL,1097,378,46.810001373291016,43.20000076293945,0.0
2015-10-28,36.498687744140625,36.520974750701264,36.020733857259906,36.30453610000945,39604000,0.005594828790335349,GOOGL,1096,377,49.04999923706055,45.939998626708984,0.0
2015-10-29,36.89145278930664,36.987538588986865,36.41151880584015,36.48432756737226,36520000,0.010761073053347392,GOOGL,1095,376,48.79999923706055,46.060001373291016,0.0
2015-10-30,36.521968841552734,36.96376401767774,36.479374883281146,36.926619002613,39984000,-0.010015435007780571,GOOGL,1094,375,49.560001373291016,46.59000015258789,0.0
2015-11-02,37.03459167480469,37.056383668275885,36.2277664502532,36.380317962031505,39914000,0.01403601310422009,GOOGL,1091,372,48.790000915527344,46.13999938964844,0.0
2015-11-03,37.08808135986328,37.23072122837102,36.708688330354065,36.920176837311814,36306000,0.0014443168572850773,GOOGL,1090,371,50.540000915527344,47.900001525878906,0.0
2015-11-04,37.40951919555664,37.63685573304953,37.10689882713275,37.14156876382862,41840000,0.008666876902433174,GOOGL,1089,370,48.58000183105469,46.31999969482422,0.0
2015-11-05,37.67499923706055,37.95632266354496,37.51650753835357,37.58287355185739,45486000,0.007096590579422246,GOOGL,1088,369,47.97999954223633,45.20000076293945,-1.0
2015-11-06,37.7210578918457,37.79138779597369,37.39565171873256,37.61159913766155,33544000,0.0012225256992135503,GOOGL,1087,368,47.41999816894531,44.290000915527344,-1.0
2015-11-09,37.38276672363281,37.80524864111055,37.10243718980156,37.56849930453586,35538000,-0.00896823119815049,GOOGL,1084,365,47.189998626708984,43.869998931884766,0.0
2015-11-10,37.55562973022461,37.67152746090129,37.06777551878669,37.318884119636266,29798000,0.004624136246248245,GOOGL,1083,364,47.439998626708984,44.209999084472656,-1.0
2015-11-11,37.90183639526367,38.09152912952219,37.629427048397204,37.75968776424102,41866000,0.009218502459577671,GOOGL,1082,363,45.810001373291016,42.93000030517578,-1.0
2015-11-12,37.46994400024414,37.929075975549246,37.43675910915307,37.65072268103302,35452000,-0.01139502557384009,GOOGL,1081,362,44.060001373291016,41.75,0.0
2015-11-13,36.65470886230469,37.41051357005065,36.62498907115692,37.34662263187816,48188000,-0.021757041802201282,GOOGL,1080,361,43.61000061035156,40.7400016784668,0.0
2015-11-16,37.16732406616211,37.231214995904786,36.37040677091238,36.66163801329457,50704000,0.013984975457944193,GOOGL,1077,358,43.58000183105469,41.7400016784668,0.0
2015-11-17,36.947418212890625,37.39169220939901,36.85182743201021,37.26886049325485,38864000,-0.005916644762480772,GOOGL,1076,357,43.56999969482422,40.66999816894531,0.0
2015-11-18,37.642303466796875,37.69629031907659,37.01725081780521,37.12522452236464,36266000,0.018807410301372895,GOOGL,1075,356,44.13999938964844,40.75,-1.0
2015-11-19,37.63884353637695,37.801790366643026,37.50461890955349,37.63091573966302,28078000,-9.191601207336753e-05,GOOGL,1074,355,44.18000030517578,40.540000915527344,-1.0
2015-11-20,38.483802795410156,38.59871051107563,37.84488581753682,38.10243342438387,55478000,0.02244912913481456,GOOGL,1073,354,44.65999984741211,40.38999938964844,-1.0
2015-11-23,38.46893310546875,38.77601234772123,38.31093646143921,38.50707192035898,34648000,-0.0003863882688636133,GOOGL,1070,351,44.83000183105469,41.75,-1.0
2015-11-24,38.11876678466797,38.43377005862765,37.54819602878948,38.28369742331049,47880000,-0.009102574273134767,GOOGL,1069,350,46.119998931884766,42.869998931884766,-1.0
2015-11-25,38.1004524230957,38.28569004980052,37.96523776006601,38.22080530064917,23612000,-0.0004804552486108449,GOOGL,1068,349,46.16999816894531,43.040000915527344,-1.0
2015-11-27,38.23466873168945,38.33521344080133,37.988510283640935,38.09549396540489,14434000,0.0035226959276837277,GOOGL,1066,347,44.86000061035156,41.709999084472656,-1.0
2015-11-30,37.78296661376953,38.38622348598048,37.69727991619519,38.22971187340191,33586000,-0.011813940931193256,GOOGL,1063,344,44.61000061035156,41.650001525878906,-1.0
2015-12-01,38.820098876953125,38.88002969252699,37.93650855745323,37.98554148701732,40398000,0.027449730821444307,GOOGL,1062,343,44.439998626708984,41.849998474121094,-1.0
2015-12-02,38.52589797973633,39.278732495945825,38.455564299146616,38.89240927192124,46876000,-0.0075785715577211255,GOOGL,1061,342,42.4900016784668,39.939998626708984,-1.0
2015-12-03,38.047943115234375,38.85426944869695,37.76315463222132,38.6601178119216,41950000,-0.012406066816491701,GOOGL,1060,341,43.84000015258789,41.08000183105469,-1.0
2015-12-04,38.59326171875,38.75224844136041,37.914720866781906,38.12274052452072,49800000,0.01433240692838611,GOOGL,1059,340,43.0,39.970001220703125,-1.0
2015-12-07,38.28519058227539,38.68191291945179,37.97464240690137,38.63535506601758,36626000,-0.007982511007224247,GOOGL,1056,337,40.72999954223633,37.650001525878906,-1.0
2015-12-08,38.39167785644531,38.56552257182567,37.76662512625336,37.86469098839201,31082000,0.002781422073401485,GOOGL,1055,336,40.2599983215332,37.5099983215332,-1.0
2015-12-09,37.76810836791992,38.438728892524885,37.24607545301405,38.1915804104444,46550000,-0.016242308837270625,GOOGL,1054,335,40.11000061035156,37.15999984741211,-1.0
2015-12-10,37.643795013427734,37.94245530464611,37.39417143411822,37.81962357486962,32458000,-0.0032914900921482415,GOOGL,1053,334,39.72999954223633,36.7599983215332,-1.0
2015-12-11,37.16732406616211,37.51501723616525,37.079657306638204,37.096994164081984,43184000,-0.012657356865737546,GOOGL,1052,333,37.93000030517578,35.619998931884766,0.0
2015-12-14,37.767616271972656,37.847359025897354,36.46600276732213,37.20893331575729,53864000,0.01615107411935157,GOOGL,1049,330,37.91999816894531,36.310001373291016,-1.0
2015-12-15,37.64627456665039,38.37236329325215,37.5427597549839,38.02764393101634,49386000,-0.0032128505132137386,GOOGL,1048,329,38.45000076293945,37.349998474121094,-1.0
2015-12-16,38.4634895324707,38.706677886032885,37.495701382242665,37.96721252722285,53120000,0.021707724741089063,GOOGL,1047,328,37.189998626708984,35.52000045776367,-1.0
2015-12-17,38.128684997558594,38.71114004708565,38.102434087807296,38.68984306603508,36510000,-0.008704476348394441,GOOGL,1046,327,37.18000030517578,34.95000076293945,-1.0
2015-12-18,37.48579406738281,38.342147194978686,37.47291612215703,37.99990295288833,67794000,-0.016861083203287608,GOOGL,1045,326,36.880001068115234,34.72999954223633,-1.0
2015-12-21,37.681434631347656,37.95631905848397,37.352068333698575,37.79287344694566,34848000,0.005219058815005173,GOOGL,1042,323,36.349998474121094,34.7400016784668,-1.0
2015-12-22,37.99494171142578,38.15392837901205,37.701239217293,37.85329189868778,36338000,0.008319934820563146,GOOGL,1041,322,36.11000061035156,36.13999938964844,-1.0
2015-12-23,38.06330108642578,38.23120562030951,37.525420117547334,38.17127480365119,30594000,0.0017991704137669817,GOOGL,1040,321,37.36000061035156,37.5,-1.0
2015-12-24,37.931053161621094,38.09746884061647,37.8592382211282,38.06378893719036,10412000,-0.0034744207945708316,GOOGL,1039,320,37.88999938964844,38.099998474121094,-1.0
2015-12-28,38.74332809448242,38.77205407415644,38.02466847276389,38.13709731691559,31156000,0.021414510411833065,GOOGL,1035,316,36.619998931884766,36.810001373291016,-1.0
2015-12-29,39.32380676269531,39.55807729175961,38.93946358395783,38.978588655460186,38430000,0.014982674353563263,GOOGL,1034,315,37.790000915527344,37.869998931884766,-1.0
2015-12-30,39.14253234863281,39.44763159972619,38.98899458256072,39.32380984547708,28566000,-0.00460978803899692,GOOGL,1033,314,36.459999084472656,36.599998474121094,-1.0
2015-12-31,38.53382873535156,39.0449638184855,38.4996538082312,39.01970293969297,32752000,-0.015550951273660019,GOOGL,1032,313,37.279998779296875,37.040000915527344,-1.0
2016-01-04,37.614078521728516,37.75077822639408,37.024685743784126,37.75077822639408,67382000,-0.023868643314419846,GOOGL,1028,309,37.220001220703125,36.7599983215332,-1.0
2016-01-05,37.717586517333984,38.097470756253024,37.42635906444843,37.844877135965135,45216000,0.0027518418547904933,GOOGL,1027,308,36.41999816894531,35.970001220703125,-1.0
2016-01-06,37.60862731933594,37.925610698835335,37.04746932170609,37.164852099532766,48206000,-0.002888816810905248,GOOGL,1026,307,34.22999954223633,33.970001220703125,-1.0
2016-01-07,36.700767517089844,37.409523123544396,36.417464036236815,36.972681875308176,63132000,-0.024139668659997393,GOOGL,1025,306,33.75,33.27000045776367,1.0
2016-01-08,36.20103454589844,37.152479976098654,36.1024698643542,37.03757223951382,47506000,-0.01361641744845532,GOOGL,1024,305,33.54999923706055,33.15999984741211,1.0
2016-01-11,36.30799865722656,36.407553325530316,35.63886704127376,36.2525267627948,50896000,0.002954725263238256,GOOGL,1021,302,31.549999237060547,31.40999984741211,1.0
2016-01-12,36.91572189331055,37.06430951417759,36.474421722847275,36.68838532735249,46816000,0.016737998748466598,GOOGL,1020,301,30.860000610351562,30.440000534057617,0.0
2016-01-13,35.639373779296875,37.29511968297776,35.50118901262495,37.113842157982475,51728000,-0.03457464864705673,GOOGL,1019,300,30.309999465942383,30.479999542236328,1.0
2016-01-14,36.224796295166016,36.6457894944432,34.91773391679423,35.88057197720679,55558000,0.01642628513885991,GOOGL,1018,299,31.030000686645508,31.200000762939453,1.0
2016-01-15,35.18964385986328,35.86669950997262,34.74487488436547,35.16487800117308,76676000,-0.028575797276211845,GOOGL,1017,298,31.010000228881836,29.420000076293945,1.0
2016-01-19,35.61509323120117,35.92564138913221,35.15794509109507,35.6680900543274,48724000,0.012090186903629174,GOOGL,1013,294,28.760000228881836,28.459999084472656,1.0
2016-01-20,35.58934020996094,36.00488441625158,34.06484553795432,34.9623037314674,82440000,-0.0007230929053886337,GOOGL,1012,293,27.8799991607666,26.549999237060547,1.0
2016-01-21,35.99101638793945,36.535831272392635,35.2203500214474,35.669079117527275,51938000,0.011286418225480155,GOOGL,1011,292,29.25,29.530000686645508,1.0
2016-01-22,36.92166519165039,37.075206738132614,36.676005519011014,36.75029554937649,47146000,0.025857808339716515,GOOGL,1010,291,32.18000030517578,32.189998626708984,0.0
2016-01-25,36.335243225097656,37.26836522656584,36.27977132511567,36.84142809117311,45340000,-0.015882868865983557,GOOGL,1007,288,30.5,30.34000015258789,1.0
2016-01-26,36.343666076660156,36.62449448920094,36.00588071341796,36.413999767591314,30940000,0.0002318094173836549,GOOGL,1006,287,31.799999237060547,31.450000762939453,1.0
2016-01-27,35.540809631347656,36.447677073313194,35.33625508271303,36.447677073313194,42428000,-0.022090684071855216,GOOGL,1005,286,33.099998474121094,32.29999923706055,1.0
2016-01-28,37.06233215332031,37.20398201755516,36.18567192809606,36.56159614229709,62104000,0.04281057572280633,GOOGL,1004,285,33.88999938964844,33.220001220703125,0.0
2016-01-29,37.708683013916016,37.894910684519665,36.859263704066294,37.09502310582009,75808000,0.01743956257047885,GOOGL,1003,284,34.7400016784668,33.619998931884766,-1.0
2016-02-01,38.175235748291016,38.51302107095236,37.71015979928954,38.19950281479806,111522000,0.012372554464520125,GOOGL,1000,281,34.689998626708984,31.6200008392334,-1.0
2016-02-02,38.67745590209961,40.13558084139727,38.66209910418187,39.6477228807753,135846000,0.01315565297670962,GOOGL,999,280,32.720001220703125,29.8799991607666,-1.0
2016-02-03,37.115814208984375,39.19849290558571,36.465995722748254,38.94342043553093,131114000,-0.04037601896743315,GOOGL,998,279,35.040000915527344,32.279998779296875,1.0
2016-02-04,36.15743637084961,36.91076974866804,35.78944000078613,36.87857488418094,104922000,-0.02582128018904617,GOOGL,997,278,34.459999084472656,31.719999313354492,1.0
2016-02-05,34.856319427490234,35.99349725884201,34.677025766134754,35.933075204275454,109556000,-0.03598476755969193,GOOGL,996,277,34.060001373291016,30.889999389648438,1.0
2016-02-08,34.87613296508789,34.89396484054793,33.77907018845363,34.05989860982246,89410000,0.0005684345887084774,GOOGL,993,274,32.880001068115234,29.690000534057617,1.0
2016-02-09,34.720611572265625,35.70821558502825,34.10051272814235,34.32091531483342,84300000,-0.004459249911047958,GOOGL,992,273,30.31999969482422,27.940000534057617,1.0
2016-02-10,35.00936508178711,35.82015052345051,34.937055104802646,35.25403852502205,60314000,0.0083164868487553,GOOGL,991,272,30.84000015258789,27.450000762939453,1.0
2016-02-11,34.9850959777832,35.28028738475478,34.23374638809823,34.48881891019139,65004000,-0.0006932174847276151,GOOGL,990,271,30.059999465942383,26.209999084472656,1.0
2016-02-12,35.01134490966797,35.46254913848696,34.74834460544706,35.27483645008929,46538000,0.0007502889773816079,GOOGL,989,270,33.36000061035156,29.440000534057617,1.0
2016-02-16,35.54377365112305,35.80330504805328,35.1742884877347,35.593796606665435,43444000,0.01520732045080786,GOOGL,985,266,32.18000030517578,29.040000915527344,1.0
2016-02-17,36.25352478027344,36.34218158367358,35.492766123665476,36.0073663051266,49154000,0.019968367346610227,GOOGL,984,265,34.5,30.65999984741211,1.0
2016-02-18,35.53733825683594,36.45312346171829,35.44026242534527,36.35208751067128,47276000,-0.019754948733349043,GOOGL,983,264,34.279998779296875,30.770000457763672,1.0
2016-02-19,35.765167236328125,35.86026300114501,35.319903215369976,35.457592934769075,34918000,0.006410974785044932,GOOGL,982,263,33.0099983215332,29.639999389648438,1.0
2016-02-22,36.1088981628418,36.39616552999746,35.831538651789394,36.131680185895405,37516000,0.009610773640239767,GOOGL,979,260,34.689998626708984,31.479999542236328,1.0
2016-02-23,35.52643966674805,36.200525309438234,35.446205681181446,35.96278966360687,41332000,-0.01613060840203462,GOOGL,978,259,33.27000045776367,31.8700008392334,1.0
2016-02-24,35.70523452758789,35.72108634004206,34.770136299853206,35.19558458691288,37092000,0.005032726682352884,GOOGL,977,258,34.40999984741211,32.150001525878906,1.0
2016-02-25,36.112369537353516,36.13168267848134,35.3253562023394,35.805785230512356,36146000,0.011402670088920708,GOOGL,976,257,35.290000915527344,33.06999969482422,1.0
2016-02-26,35.901371002197266,36.46104391272154,35.75674729899834,36.3342520820018,42474000,-0.005842832742891546,GOOGL,975,256,35.099998474121094,32.779998779296875,1.0
2016-02-29,35.52297592163086,36.185668688702755,35.50415401717076,35.71019360010416,45068000,-0.010539850429200803,GOOGL,972,253,35.970001220703125,33.75,1.0
2016-03-01,36.75871276855469,36.76663678533876,35.59330037540848,35.72504612895013,60112000,0.03478697420086796,GOOGL,971,252,35.959999084472656,34.400001525878906,1.0
2016-03-02,36.62548065185547,36.805764326706736,36.31691631899014,36.79338517519107,36292000,-0.0036245044144525007,GOOGL,970,251,36.93000030517578,34.65999984741211,1.0
2016-03-03,36.23470687866211,36.70077297203601,36.13763103129205,36.62548912201057,40534000,-0.010669451055342338,GOOGL,969,250,37.06999969482422,34.56999969482422,1.0
2016-03-04,36.16685104370117,36.403596671869806,35.93901568481718,36.39369259392449,48516000,-0.0018726751450801604,GOOGL,968,249,38.720001220703125,35.91999816894531,1.0
2016-03-07,35.30405807495117,36.01776760575479,34.92466879313932,35.91573784511294,61690000,-0.02385590516872671,GOOGL,965,246,40.84000015258789,37.900001525878906,1.0
2016-03-08,35.340213775634766,35.77210488073167,34.86820756513772,35.085636273193856,52530000,0.0010241230797556344,GOOGL,964,245,39.650001525878906,36.5,1.0
2016-03-09,35.928619384765625,35.96972830210351,35.2971276172543,35.42144439926543,39544000,0.01664974674082287,GOOGL,963,244,41.06999969482422,38.290000915527344,1.0
2016-03-10,36.26343536376953,36.47987406323963,35.82362019723572,36.04649787055087,44616000,0.00931892137068524,GOOGL,962,243,40.04999923706055,37.84000015258789,1.0
2016-03-11,36.89244842529297,36.893933470322565,36.48779821654181,36.64876878452073,35380000,0.017345655622905465,GOOGL,961,242,40.38999938964844,38.5,1.0
2016-03-14,37.158409118652344,37.35751468391547,36.832507948022005,36.897392684715804,32824000,0.007209082202769501,GOOGL,958,239,39.529998779296875,37.18000030517578,1.0
2016-03-15,37.17475509643555,37.29560675402429,36.79189695450466,36.94939860980941,29832000,0.0004398998280847888,GOOGL,957,238,38.7400016784668,36.34000015258789,1.0
2016-03-16,37.51105499267578,37.59228278344471,36.97317405439832,37.09947087477746,29306000,0.009046458957640224,GOOGL,956,237,40.33000183105469,38.459999084472656,-1.0
2016-03-17,37.566524505615234,37.90628987325788,37.511052608857256,37.52541559792926,44564000,0.0014787510761902212,GOOGL,955,236,41.540000915527344,40.20000076293945,-1.0
2016-03-18,37.41447830200195,37.747804755319535,37.23666968107192,37.72254765570639,56222000,-0.004047385421309224,GOOGL,954,235,41.20000076293945,39.439998626708984,1.0
2016-03-21,37.7487907409668,37.80723272505772,37.20942103159329,37.34017675223847,28774000,0.008935376200259748,GOOGL,951,232,41.540000915527344,39.90999984741211,-1.0
2016-03-22,37.644287109375,37.88945553494751,37.53681218820959,37.56454813931549,22096000,-0.00276839680266594,GOOGL,950,231,41.790000915527344,41.45000076293945,-1.0
2016-03-23,37.52096176147461,37.908773855104805,37.44518290806274,37.80773412430896,24678000,-0.003276070749914095,GOOGL,949,230,40.470001220703125,39.790000915527344,-1.0
2016-03-24,37.38624954223633,37.5209654176847,37.17129589227193,37.205965835814574,31116000,-0.0035903189287808113,GOOGL,948,229,40.439998626708984,39.459999084472656,1.0
2016-03-28,37.308982849121094,37.55761639405747,37.247566985328106,37.45211774757766,21676000,-0.002066714208065812,GOOGL,944,225,40.27000045776367,39.38999938964844,1.0
2016-03-29,37.933536529541016,37.99743124642023,37.06183408362474,37.32879073767677,40062000,0.01674003504586663,GOOGL,943,224,39.13999938964844,38.279998779296875,-1.0
2016-03-30,38.054874420166016,38.49914835224319,38.01723439841406,38.04843544846987,40396000,0.003198697029751063,GOOGL,942,223,39.2599983215332,38.31999969482422,-1.0
2016-03-31,37.78544616699219,38.091531662654184,37.55513574410013,38.054881663611866,32554000,-0.007079993227649517,GOOGL,941,222,39.599998474121094,38.34000015258789,-1.0
2016-04-01,38.120750427246094,38.13907353450831,37.40406715862035,37.50114675207747,31674000,0.008873899722449563,GOOGL,940,221,39.65999984741211,36.790000915527344,-1.0
2016-04-04,37.89539337158203,38.25794451586022,37.730462736381554,38.11282203218724,26924000,-0.005911663677611978,GOOGL,937,218,37.689998626708984,35.70000076293945,-1.0
2016-04-05,37.570987701416016,37.78396126610228,37.42388513226941,37.54919570788244,24478000,-0.00856055687257462,GOOGL,936,217,37.869998931884766,35.88999938964844,-1.0
2016-04-06,38.04150390625,38.05884076308106,37.45855020593601,37.53482406276574,25312000,0.012523391947352192,GOOGL,935,216,39.84000015258789,37.75,-1.0
2016-04-07,37.64775085449219,38.10539398528077,37.517985164174206,37.90529839693424,25498000,-0.010350617386951422,GOOGL,934,215,39.43000030517578,37.2599983215332,-1.0
2016-04-08,37.615562438964844,37.99495172016455,37.43230866080466,37.93254582800199,23434000,-0.0008549890709740326,GOOGL,933,214,41.939998626708984,39.720001220703125,-1.0
2016-04-11,37.51997375488281,37.99941276364281,37.51006967661897,37.91174598923565,31774000,-0.002541200446946279,GOOGL,930,211,42.83000183105469,40.36000061035156,-1.0
2016-04-12,37.855770111083984,37.88548611758558,37.22427852174948,37.564047652039044,27388000,0.008949802534375939,GOOGL,929,210,44.689998626708984,42.16999816894531,-1.0
2016-04-13,38.231693267822266,38.42188099493196,37.869142126824876,38.15244554747209,35426000,0.009930405738284298,GOOGL,928,209,44.18000030517578,41.7599983215332,-1.0
2016-04-14,38.404052734375,38.61306236096119,38.29657405327522,38.40256768984129,26992000,0.004508287544193079,GOOGL,927,208,43.84000015258789,41.5,-1.0
2016-04-15,38.632381439208984,38.67844427350792,38.38126908559934,38.40950382701703,31712000,0.005945432541019535,GOOGL,926,207,43.099998474121094,40.36000061035156,-1.0
2016-04-18,39.01276397705078,39.05585672574483,38.51401188941667,38.64179375453752,33540000,0.009846209932472316,GOOGL,923,204,42.90999984741211,39.779998779296875,-1.0
2016-04-19,38.446651458740234,39.17472391705,38.15047005911196,39.15243691005842,43952000,-0.014510956430658473,GOOGL,922,203,44.029998779296875,41.08000183105469,-1.0
2016-04-20,38.38078308105469,38.61555244151473,38.200004363004034,38.590786577128455,34262000,-0.0017132409504175827,GOOGL,921,202,45.79999923706055,42.630001068115234,-1.0
2016-04-21,38.632381439208984,38.71558928262675,38.213863369019236,38.499150642513996,77628000,0.006555321125756075,GOOGL,920,201,44.529998779296875,43.18000030517578,-1.0
2016-04-22,36.540794372558594,37.34068193250783,36.17428299883041,36.84489984754026,140798000,-0.054140774881860754,GOOGL,919,200,45.11000061035156,43.72999954223633,1.0
2016-04-25,36.76069641113281,36.89293719244177,36.40854808298833,36.42093101361896,49442000,0.006017987357695764,GOOGL,916,197,44.47999954223633,42.63999938964844,1.0
2016-04-26,35.926631927490234,36.9280999661002,35.676509591231394,36.87015299325561,55864000,-0.02268902836644804,GOOGL,915,196,45.7400016784668,44.040000915527344,1.0
2016-04-27,35.73297882080078,36.014793474456944,35.11981023152661,35.924156615788995,66262000,-0.005390238280067461,GOOGL,914,195,47.18000030517578,45.33000183105469,1.0
2016-04-28,34.92070388793945,36.11930131002236,34.828581986418435,35.82361490803624,62590000,-0.02273180013720233,GOOGL,913,194,48.13999938964844,46.029998779296875,1.0
2016-04-29,35.06037902832031,35.26988371741744,34.8573095336667,34.874151378431705,58278000,0.003999780211449311,GOOGL,912,193,48.130001068115234,45.91999816894531,1.0
2016-05-02,35.3838005065918,35.433328452247,34.98509430914639,35.26047376802853,33476000,0.00922469999569131,GOOGL,909,190,48.099998474121094,44.779998779296875,1.0
2016-05-03,35.08810806274414,35.3322826444029,35.03313118341403,35.289193679181835,38620000,-0.008356718035208544,GOOGL,908,189,46.75,43.650001525878906,1.0
2016-05-04,35.233238220214844,35.41550199500178,34.87068695198222,35.00540661236087,34172000,0.004136163660097614,GOOGL,907,188,44.619998931884766,43.779998779296875,1.0
2016-05-05,35.398658752441406,35.53931857250475,35.13813729761531,35.41302174341661,29668000,0.004695013588948305,GOOGL,906,187,45.0099983215332,44.31999969482422,1.0
2016-05-06,35.9172248840332,35.95734376958837,35.26196108951972,35.274344021418024,39952000,0.014649315817821362,GOOGL,905,186,45.369998931884766,44.65999984741211,1.0
2016-05-09,36.11286163330078,36.36842914813491,35.83401330201769,35.992504989133266,38074000,0.005446878201176064,GOOGL,902,183,43.630001068115234,43.439998626708984,1.0
2016-05-10,36.62052917480469,36.651235213134555,36.235690993457354,36.401611672392384,32634000,0.014057804298615029,GOOGL,901,182,45.52000045776367,44.65999984741211,1.0
2016-05-11,36.183197021484375,36.690867023582385,36.05194625033705,36.676999046093165,29834000,-0.011942267443289745,GOOGL,900,181,47.599998474121094,46.22999954223633,1.0
2016-05-12,36.06035614013672,36.42191727191531,35.87214846175606,36.255002790628936,27094000,-0.0033949703580564705,GOOGL,899,180,48.08000183105469,46.70000076293945,1.0
2016-05-13,35.8998908996582,36.21984438862023,35.83451113697371,35.98854770188358,25244000,-0.004449907257014329,GOOGL,898,179,47.83000183105469,46.209999084472656,1.0
2016-05-16,36.170814514160156,36.28869232420413,35.66066943106424,35.874633054661615,22538000,0.0075466417226501825,GOOGL,895,176,48.970001220703125,47.720001220703125,1.0
2016-05-17,35.67007064819336,36.44569097482514,35.56160570460678,36.208450361907204,33404000,-0.013843864803507966,GOOGL,894,175,49.279998779296875,48.310001373291016,1.0
2016-05-18,35.74882507324219,35.936537754247226,35.414009828446886,35.58636948942367,32536000,0.0022078572769190785,GOOGL,893,174,48.93000030517578,48.189998626708984,1.0
2016-05-19,35.428375244140625,35.685431597811636,35.180731732091246,35.57646784791149,30598000,-0.008963926183448656,GOOGL,892,173,48.810001373291016,48.15999984741211,1.0
2016-05-20,35.745357513427734,36.04203394785662,35.413516124612315,35.485334856943105,34798000,0.008947129725897618,GOOGL,891,172,48.720001220703125,47.75,1.0
2016-05-23,35.52446365356445,35.83401806633295,35.50911063135891,35.65967832094843,24816000,-0.006179651715059853,GOOGL,888,169,48.349998474121094,48.08000183105469,1.0
2016-05-24,36.306026458740234,36.363973440027415,35.64332989250356,35.6532377493627,37884000,0.022000692615590234,GOOGL,887,168,48.61000061035156,48.619998931884766,1.0
2016-05-25,36.55713653564453,36.64579334223057,36.284730921034495,36.403598756887234,32216000,0.006916484710594029,GOOGL,886,167,49.7400016784668,49.560001373291016,1.0
2016-05-26,36.499183654785156,36.705718233876375,36.304536990980566,36.45312081710431,27202000,-0.0015852686055667364,GOOGL,885,166,49.59000015258789,49.47999954223633,1.0
2016-05-27,37.02765655517578,37.043009575249854,36.50314478938658,36.52791065046595,34802000,0.014479033432336585,GOOGL,884,165,49.31999969482422,49.33000183105469,1.0
2016-05-31,37.08956527709961,37.31888187127992,36.927109702222374,37.08510636431688,42484000,0.0016719589540206137,GOOGL,880,161,49.689998626708984,49.099998474121094,1.0
2016-06-01,37.070247650146484,37.21437633497876,36.866188155670244,37.07074266503068,20788000,-0.0005208372438123554,GOOGL,879,160,49.709999084472656,49.0099983215332,1.0
2016-06-02,36.86273193359375,37.012804611936126,36.502655752824644,36.953368802855245,33916000,-0.005597904780976437,GOOGL,878,159,50.040000915527344,49.16999816894531,1.0
2016-06-03,36.44619369506836,36.725042069483905,36.34961286733593,36.725042069483905,24608000,-0.011299711569825122,GOOGL,877,158,49.63999938964844,48.619998931884766,1.0
2016-06-06,36.15892028808594,36.5769433834877,36.07125730241158,36.5769433834877,29992000,-0.00788212369680985,GOOGL,874,155,50.54999923706055,49.689998626708984,1.0
2016-06-07,36.20994186401367,36.48829143547784,36.195578871953515,36.31791559069795,24314000,0.001411037042069685,GOOGL,873,154,51.439998626708984,50.36000061035156,1.0
2016-06-08,36.79636001586914,36.839944006106606,36.4417365780492,36.626475410953596,32314000,0.01619494872589855,GOOGL,872,153,52.5099983215332,51.22999954223633,1.0
2016-06-09,36.77605056762695,36.845885461754385,36.477889087126684,36.50612005374246,19180000,-0.0005519417744969113,GOOGL,871,152,51.95000076293945,50.560001373291016,1.0
2016-06-10,36.31394577026367,36.6334042058714,36.18120997972899,36.450645458776286,29050000,-0.01256537312274797,GOOGL,870,151,50.540000915527344,49.06999969482422,1.0
2016-06-13,36.249061584472656,36.601704881028894,36.14703184206923,36.14703184206923,23354000,-0.0017867566967659787,GOOGL,867,148,50.349998474121094,48.880001068115234,1.0
2016-06-14,36.31692123413086,36.45312592789525,35.98260474442586,36.12177952805844,26584000,0.0018720387974753283,GOOGL,866,147,49.83000183105469,48.4900016784668,1.0
2016-06-15,36.26441955566406,36.51007921602251,36.220831790789894,36.3996304271619,23234000,-0.0014456533396188798,GOOGL,865,146,48.970001220703125,48.0099983215332,1.0
2016-06-16,35.87116241455078,36.17526784596295,35.43976635013892,36.05491120071942,45002000,-0.010844159259454034,GOOGL,864,145,47.189998626708984,46.209999084472656,1.0
2016-06-17,34.88058853149414,35.72950890886341,34.72556194695882,35.72950890886341,82262000,-0.027614769535732275,GOOGL,863,144,49.16999816894531,47.97999954223633,1.0
2016-06-20,34.973697662353516,35.45610667867738,34.93803769645045,35.18072724928759,45654000,0.002669368115027826,GOOGL,860,141,50.650001525878906,49.369998931884766,1.0
2016-06-21,35.10990524291992,35.43184254999821,34.900895579092385,35.16785221997364,30318000,0.0038945719117662314,GOOGL,859,140,50.619998931884766,48.849998474121094,1.0
2016-06-22,35.188655853271484,35.373893472896775,34.961319289923196,35.36596945485646,29058000,0.0022429741637495226,GOOGL,858,139,49.880001068115234,49.130001068115234,1.0
2016-06-23,35.40658187866211,35.40707689359775,34.68247327506081,35.192618285526926,42500000,0.006193076152136268,GOOGL,857,138,50.90999984741211,50.11000061035156,1.0
2016-06-24,33.93706512451172,34.91773509186506,33.92270213338604,34.183223590941665,95436000,-0.04150405591780659,GOOGL,856,137,48.40999984741211,47.63999938964844,1.0
2016-06-27,33.7359733581543,33.84444207311595,33.31597025070706,33.80283815213606,58146000,-0.00592543184331451,GOOGL,853,134,47.15999984741211,46.33000183105469,1.0
2016-06-28,34.23720932006836,34.310513096875844,33.9197309234482,34.24265826311472,38246000,0.01485761079405501,GOOGL,852,133,48.58000183105469,47.849998474121094,1.0
2016-06-29,34.43185806274414,34.6453266543258,34.30754128878597,34.385798998402485,43124000,0.005685298146122175,GOOGL,851,132,50.61000061035156,49.880001068115234,1.0
2016-06-30,34.84492492675781,34.856812842639116,34.41749275736382,34.55369743884555,42250000,0.011996647501884894,GOOGL,850,131,49.68000030517578,48.33000183105469,1.0
2016-07-01,35.177757263183594,35.29068111866465,34.854829952062055,34.92268477982519,30984000,0.009551816717222827,GOOGL,849,130,49.84000015258789,48.9900016784668,1.0
2016-07-05,34.91228485107422,35.072261586064215,34.62700132023664,34.91822880903291,28440000,-0.007546598554399986,GOOGL,845,126,47.959999084472656,46.599998474121094,1.0
2016-07-06,35.11436462402344,35.31396522804846,34.62056266019424,34.662166587541094,28902000,0.005788213914134532,GOOGL,844,125,48.79999923706055,47.43000030517578,1.0
2016-07-07,35.0296630859375,35.17379176683772,34.70327068539644,35.17082167761357,21174000,-0.002412162059397982,GOOGL,843,124,46.400001525878906,45.13999938964844,1.0
2016-07-08,35.55071258544922,35.55665654375242,35.07176860384999,35.19311528725154,29946000,0.014874522150939429,GOOGL,842,123,46.7599983215332,45.40999984741211,1.0
2016-07-11,36.017269134521484,36.10295205739633,35.60469499700244,35.63193593155612,28822000,0.013123690501304575,GOOGL,839,120,46.25,44.7599983215332,1.0
2016-07-12,36.280269622802734,36.433312376512376,36.03213109516511,36.25104862543386,26468000,0.007302066330985957,GOOGL,838,119,48.470001220703125,46.79999923706055,1.0
2016-07-13,36.130191802978516,36.42934705832271,36.10740978202977,36.42934705832271,20436000,-0.004136623607942869,GOOGL,837,118,46.2599983215332,44.75,1.0
2016-07-14,36.44322204589844,36.46006011272278,36.18517564882316,36.35109635712433,21408000,0.008663951872353914,GOOGL,836,117,47.369998931884766,45.68000030517578,1.0
2016-07-15,36.43479919433594,36.70076580323066,36.38576248646314,36.70076580323066,32342000,-0.0002311225816392648,GOOGL,835,116,47.61000061035156,45.95000076293945,1.0
2016-07-18,37.30501937866211,37.40110518450988,36.47838595088749,36.547725833587926,38698000,0.023884313995655493,GOOGL,832,113,46.959999084472656,45.2400016784668,1.0
2016-07-19,37.31542205810547,37.47291994889882,37.07173866123691,37.140088513652216,30436000,0.00027885468541821723,GOOGL,831,112,46.65999984741211,44.650001525878906,1.0
2016-07-20,37.4971923828125,37.67351596465005,37.3471197101307,37.3471197101307,22502000,0.004871185013638257,GOOGL,830,111,47.16999816894531,44.939998626708984,1.0
2016-07-21,37.364952087402344,37.550189720193316,37.22181340132654,37.493228987513625,19062000,-0.003526671918795965,GOOGL,829,110,46.20000076293945,44.75,1.0
2016-07-22,37.60615921020508,37.614578244374506,37.27827788395678,37.509083362892426,20920000,0.0064554377652756845,GOOGL,828,109,45.689998626708984,44.189998626708984,1.0
2016-07-25,37.518978118896484,37.63289578498079,37.34810350913989,37.52690213607162,21466000,-0.00231826629306342,GOOGL,825,106,44.720001220703125,43.130001068115234,1.0
2016-07-26,37.52541732788086,37.60516007251645,37.2827277683765,37.518978355371786,23792000,0.00017162538286541462,GOOGL,824,105,44.869998931884766,42.91999816894531,1.0
2016-07-27,37.739383697509766,37.8622154204272,37.44023218676699,37.590799861392235,32172000,0.00570190513164337,GOOGL,823,104,43.470001220703125,41.91999816894531,1.0
2016-07-28,37.931053161621094,38.08607972035098,37.59673298034415,38.07964074857514,73464000,0.005078765081263814,GOOGL,822,103,42.70000076293945,41.13999938964844,1.0
2016-07-29,39.19403839111328,39.81809722041017,39.127668610442555,39.50953668862758,101810000,0.033296866926175506,GOOGL,821,102,42.459999084472656,41.599998474121094,1.0
2016-08-01,39.669517517089844,39.99392989473079,38.882009228846584,38.96274200674691,60594000,0.012131414508293359,GOOGL,818,99,42.45000076293945,40.060001373291016,0.0
2016-08-02,39.628902435302734,39.737866175714565,39.35203795006782,39.490717700141126,39928000,-0.00102383604160583,GOOGL,817,98,41.79999923706055,39.5099983215332,0.0
2016-08-03,39.5694694519043,39.60017927231343,39.27725192614084,39.44812655132865,29206000,-0.0014997383158785738,GOOGL,816,97,43.099998474121094,40.83000183105469,0.0
2016-08-04,39.48675537109375,39.632864129388,39.32182470918746,39.53578830047942,21520000,-0.002090351019517267,GOOGL,815,96,44.290000915527344,41.93000030517578,1.0
2016-08-05,39.96619415283203,39.98055714325578,39.51449114065777,39.62840881292949,36146000,0.01214176189541405,GOOGL,814,95,44.27000045776367,41.79999923706055,1.0
2016-08-08,39.881996154785156,39.99937893122146,39.70666262315225,39.92013119791531,24426000,-0.0021067304463592285,GOOGL,811,92,45.38999938964844,43.02000045776367,1.0
2016-08-09,39.99343490600586,40.28317734528126,39.82404533253013,39.845342310603826,32154000,0.0027942119744508442,GOOGL,810,91,44.97999954223633,42.77000045776367,1.0
2016-08-10,40.043453216552734,40.16182600890435,39.94439734032515,39.972133287968035,18370000,0.0012506630316808653,GOOGL,809,90,44.04999923706055,41.709999084472656,1.0
2016-08-11,40.02909469604492,40.31041810157045,39.92013095278801,40.141523543774255,25646000,-0.00035857348341472584,GOOGL,808,89,46.040000915527344,43.4900016784668,1.0
2016-08-12,39.972137451171875,39.97907143880479,39.80324289463744,39.875061624311094,17946000,-0.0014228961535488471,GOOGL,807,88,46.970001220703125,44.4900016784668,1.0
2016-08-15,39.918155670166016,40.18561113232899,39.82256487591438,39.980066551812804,18596000,-0.001350485224158926,GOOGL,804,85,48.349998474121094,45.7400016784668,1.0
2016-08-16,39.68190383911133,39.833956566823495,39.47437542622949,39.79631275675196,21158000,-0.005918405474611088,GOOGL,803,84,49.22999954223633,46.58000183105469,1.0
2016-08-17,39.89140319824219,39.901806068676585,39.43970021023365,39.62295775017451,21322000,0.005279468444363555,GOOGL,802,83,49.849998474121094,46.790000915527344,1.0
2016-08-18,39.759159088134766,40.019185482306845,39.70368719377692,39.888429762929164,17292000,-0.00331510299224691,GOOGL,801,82,50.88999938964844,48.220001220703125,1.0
2016-08-19,39.605621337890625,39.683879038261125,39.468430412267665,39.612555325344985,22416000,-0.003861695110396801,GOOGL,800,81,50.880001068115234,48.52000045776367,1.0
2016-08-22,39.47189712524414,39.588289871987186,39.342131417955564,39.54916102020729,17056000,-0.0033763947674405603,GOOGL,797,78,49.15999984741211,47.04999923706055,1.0
2016-08-23,39.45405960083008,39.67248207263054,39.4243435944249,39.64672618508505,18350000,-0.00045190441081321975,GOOGL,796,77,49.959999084472656,48.099998474121094,1.0
2016-08-24,39.305973052978516,39.54668254334994,39.16530947188754,39.46743481675115,25672000,-0.0037533919031350615,GOOGL,795,76,49.04999923706055,46.77000045776367,1.0
2016-08-25,39.19205856323242,39.36144813636851,38.99047790495688,39.226728501740986,24054000,-0.0028981470473343762,GOOGL,794,75,49.66999816894531,47.33000183105469,1.0
2016-08-26,39.28715133666992,39.593240580805094,39.098448638330076,39.25099635613975,24978000,0.0024263276011409207,GOOGL,793,74,49.91999816894531,47.63999938964844,1.0
2016-08-29,39.415931701660156,39.5496575334417,39.14352233114582,39.27873698650876,15474000,0.0032779257494812697,GOOGL,790,71,49.2599983215332,46.97999954223633,1.0
2016-08-30,39.2227668762207,39.52390220412607,39.10142020673035,39.27031475845522,23348000,-0.004900678915863765,GOOGL,789,70,48.369998931884766,46.349998474121094,1.0
2016-08-31,39.12024688720703,39.205434806463934,38.98899612481041,39.10786395554429,21428000,-0.0026137877864966796,GOOGL,788,69,47.040000915527344,44.70000076293945,1.0
2016-09-01,39.1970100402832,39.27080882575827,38.94590145394553,39.22573601914554,26070000,0.0019622359055528893,GOOGL,787,68,47.04999923706055,43.15999984741211,1.0
2016-09-02,39.467933654785156,39.47932655574071,39.28913501647197,39.38868969924981,26998000,0.0069118438937949556,GOOGL,786,67,46.83000183105469,44.439998626708984,1.0
2016-09-06,40.020179748535156,40.16232460350478,39.396612107120724,39.543215875051615,39790000,0.013992272779729031,GOOGL,782,63,47.2599983215332,44.83000183105469,1.0
2016-09-07,40.01869201660156,40.14795891766059,39.8072035218057,40.015718148580476,22906000,-3.717454401608311e-05,GOOGL,781,62,47.97999954223633,45.5,1.0
2016-09-08,39.76361846923828,40.03999171956553,39.67298161636431,39.88150003607962,23554000,-0.0063738601765761516,GOOGL,780,61,49.9900016784668,47.619998931884766,1.0
2016-09-09,39.052391052246094,39.709638656123914,39.0310940729756,39.562041067354286,37752000,-0.01788638570562695,GOOGL,779,60,48.0099983215332,45.880001068115234,1.0
2016-09-12,39.564517974853516,39.63137899910432,38.80573566149111,38.85625741430185,37274000,0.013113842937869657,GOOGL,776,57,48.31999969482422,46.290000915527344,1.0
2016-09-13,39.064273834228516,39.414442076890914,38.846841378029644,39.32628030292842,36180000,-0.012643756735339129,GOOGL,775,56,47.099998474121094,44.900001525878906,1.0
2016-09-14,39.150455474853516,39.44119172836138,39.00533674493779,39.00533674493779,25842000,0.002206149818392067,GOOGL,774,55,45.849998474121094,43.58000183105469,1.0
2016-09-15,39.68387985229492,39.80373770111049,39.06130223461607,39.12816703599037,31144000,0.013624985226136754,GOOGL,773,54,46.59000015258789,43.90999984741211,1.0
2016-09-16,39.52241134643555,39.57441813889453,39.306962732118784,39.57441813889453,42612000,-0.004068868932684211,GOOGL,772,53,45.77000045776367,43.029998779296875,1.0
2016-09-19,39.39462661743164,39.82057366619536,39.30398977713741,39.677930037234006,22990000,-0.00323322197838094,GOOGL,769,50,45.95000076293945,43.29999923706055,1.0
2016-09-20,39.61206817626953,39.75917076548589,39.53678432913867,39.62296606389315,20984000,0.005519574051291443,GOOGL,768,49,45.880001068115234,43.439998626708984,1.0
2016-09-21,39.87208557128906,39.915673333121774,39.426326548784026,39.68536293035265,26970000,0.006564095413106985,GOOGL,767,48,46.83000183105469,45.34000015258789,1.0
2016-09-22,40.41294860839844,40.56698140409992,40.004833306920446,40.11825220059804,35186000,0.013564954763711556,GOOGL,766,47,47.650001525878906,46.31999969482422,1.0
2016-09-23,40.36391067504883,40.46494662386342,40.25346188501585,40.372824722593656,28234000,-0.0012134213176273612,GOOGL,765,46,45.88999938964844,44.47999954223633,1.0
2016-09-26,39.754215240478516,40.12221542750628,39.645251483579415,40.1093374803738,29454000,-0.015104964419297429,GOOGL,762,43,47.349998474121094,45.93000030517578,1.0
2016-09-27,40.15440368652344,40.29110338799935,39.71359854012882,39.71359854012882,27346000,0.010066566365959595,GOOGL,761,42,45.970001220703125,44.66999816894531,1.0
2016-09-28,40.121212005615234,40.13062484558612,39.76064468726042,39.825030628755364,29406000,-0.0008266012656376054,GOOGL,760,41,48.689998626708984,47.04999923706055,1.0
2016-09-29,39.75371551513672,40.31190341687214,39.6655537343423,39.98105206548404,27000000,-0.009159655755840101,GOOGL,759,40,49.2400016784668,47.83000183105469,1.0
2016-09-30,39.82404708862305,40.02364769639707,39.69725524444355,39.801265064764245,33204000,0.0017691823915062521,GOOGL,758,39,49.060001373291016,48.2400016784668,1.0
2016-10-03,39.64178466796875,39.79829252927025,39.436240095186506,39.7492595965297,29784000,-0.004576692575937735,GOOGL,755,36,49.099998474121094,48.810001373291016,1.0
2016-10-04,39.76115036010742,39.94490295135517,39.60662254760258,39.870609135106875,25174000,0.003011107929132173,GOOGL,754,35,50.869998931884766,48.689998626708984,1.0
2016-10-05,39.68387985229492,40.04395219239981,39.658123961581886,39.920130445497676,24276000,-0.0019433670080638565,GOOGL,753,34,51.86000061035156,49.83000183105469,1.0
2016-10-06,39.7755012512207,39.96717780290381,39.64821441744159,39.825029187404255,21998000,0.0023087812801267926,GOOGL,752,33,52.5099983215332,50.439998626708984,1.0
2016-10-07,39.65812683105469,39.91716324420308,39.46546020916446,39.91666822924892,23262000,-0.002950922464174166,GOOGL,751,32,51.93000030517578,49.810001373291016,1.0
2016-10-10,40.32477569580078,40.48376237634977,39.73389799815459,39.81760085409509,29922000,0.016809892902557966,GOOGL,748,29,51.93000030517578,49.810001373291016,1.0
2016-10-11,40.09695053100586,40.606600527949496,39.98798678502359,40.32478210045062,34432000,-0.005649756529672367,GOOGL,747,28,52.40999984741211,50.790000915527344,1.0
2016-10-12,40.20591735839844,40.34112824262493,40.04643562543831,40.21532642166276,18158000,0.002717583904749077,GOOGL,746,27,51.810001373291016,50.18000030517578,1.0
2016-10-13,39.825035095214844,39.94786681356457,39.55460957611996,39.92359974609266,27380000,-0.00947328871490194,GOOGL,745,26,52.029998779296875,50.439998626708984,1.0
2016-10-14,39.850791931152344,40.12270628020538,39.737868066074995,39.99195054123899,22238000,0.0006467498616364864,GOOGL,744,25,51.95000076293945,50.349998474121094,1.0
2016-10-17,39.96173858642578,40.2911049213773,39.81265972674326,39.919639641487045,21128000,0.002784051455366532,GOOGL,741,22,51.52000045776367,49.939998626708984,1.0
2016-10-18,40.68733215332031,41.04987957140694,40.28317703052519,40.32676101618569,45786000,0.01815720718269742,GOOGL,740,21,51.68000030517578,50.290000915527344,1.0
2016-10-19,40.95231246948242,41.09892003234839,40.756180737357184,40.756180737357184,30002000,0.0065125999208695,GOOGL,739,20,52.66999816894531,51.599998474121094,1.0
2016-10-20,40.69426727294922,41.03304264793723,40.64077542986165,40.987969837514186,27878000,-0.006301114173357103,GOOGL,738,19,51.380001068115234,50.43000030517578,1.0
2016-10-21,40.81461715698242,40.826010057174365,40.529828660841126,40.6135315239097,32316000,0.0029574161693581846,GOOGL,737,18,51.779998779296875,50.849998474121094,1.0
2016-10-24,41.39311599731445,41.50207974585815,41.06127460219689,41.113281401725494,28952000,0.014173815182609406,GOOGL,734,15,51.459999084472656,50.52000045776367,1.0
2016-10-25,41.037010192871094,41.529818389257024,40.876039634367196,41.529818389257024,37814000,-0.008603019991692884,GOOGL,733,14,50.790000915527344,49.959999084472656,1.0
2016-10-26,40.71754455566406,40.995402865181674,40.4327560369905,40.96617809003875,35898000,-0.007784817551414358,GOOGL,732,13,49.97999954223633,49.18000030517578,1.0
2016-10-27,40.48228454589844,40.939432738457526,40.34657487572785,40.762617934018536,59470000,-0.005777853560005486,GOOGL,731,12,50.470001220703125,49.720001220703125,1.0
2016-10-28,40.591739654541016,41.554577647664324,40.46494404356453,41.1058485283358,87098000,0.0027037779579479615,GOOGL,730,11,49.709999084472656,48.70000076293945,1.0
2016-10-31,40.1132926940918,40.743794339039106,40.01919073452137,40.73388648303808,44854000,-0.011786805998488248,GOOGL,727,8,48.29999923706055,46.86000061035156,1.0
2016-11-01,39.89437484741211,40.3143817831153,39.536777579275935,40.16133526120931,47118000,-0.005457488826688395,GOOGL,726,7,48.33000183105469,46.66999816894531,1.0
2016-11-02,39.04942321777344,39.95777949076641,38.880033624995754,39.95777949076641,47014000,-0.021179718515967227,GOOGL,725,6,46.86000061035156,45.34000015258789,1.0
2016-11-03,38.74085235595703,39.12767060258843,38.56452880418435,38.85526125778339,43504000,-0.007902059400353934,GOOGL,724,5,46.349998474121094,44.65999984741211,1.0
2016-11-04,38.68687438964844,39.05239574331703,38.186633377328604,38.20149138523326,39412000,-0.0013933086916270154,GOOGL,723,4,45.58000183105469,44.06999969482422,1.0
2016-11-07,39.723506927490234,39.87060572365807,39.27130887368296,39.37284362124333,39852000,0.026795458516523984,GOOGL,720,1,46.150001525878906,44.88999938964844,1.0
2016-11-08,40.216312408447266,40.41739805152858,39.60413765307024,39.723504267357484,35382000,0.012405890594115565,GOOGL,719,0,46.040000915527344,44.97999954223633,1.0
2016-11-09,39.89982223510742,40.20293762009324,39.228710504227664,39.713594605728545,61970000,-0.007869696508359336,GOOGL,718,1455,46.36000061035156,45.27000045776367,1.0
2016-11-10,38.64674377441406,40.121211674522186,38.049427098204134,40.1182415853387,118192000,-0.03140561512554285,GOOGL,717,1454,45.84000015258789,44.65999984741211,1.0
2016-11-11,38.22378158569336,38.498167270160195,37.916207223349666,38.474395213627886,71852000,-0.0109443163229892,GOOGL,716,1453,45.84000015258789,44.65999984741211,1.0
2016-11-14,37.306007385253906,38.2252614642544,36.82904726538873,38.22427143437527,73766000,-0.024010554748014834,GOOGL,713,1450,44.43000030517578,43.31999969482422,1.0
2016-11-15,38.392662048339844,38.64426941723595,37.90034897397432,37.91272812454132,58878000,0.02912814153131449,GOOGL,712,1449,46.95000076293945,45.810001373291016,1.0
2016-11-16,38.63139724731445,38.805736977191685,37.95533152801052,38.15790222483213,35968000,0.006218250734320474,GOOGL,711,1448,46.630001068115234,45.56999969482422,1.0
2016-11-17,38.93748474121094,39.07319441845771,38.624960250305676,38.75621101406046,30674000,0.007923283021241456,GOOGL,710,1447,46.4900016784668,45.41999816894531,1.0
2016-11-18,38.43278121948242,39.19155967222018,38.40207518215736,38.98750395949674,36126000,-0.012961893277979142,GOOGL,709,1446,46.86000061035156,45.689998626708984,1.0
2016-11-21,38.8701286315918,38.956801596503176,38.4491316238442,38.53828344235378,32616000,0.011379541064482579,GOOGL,706,1443,48.900001525878906,47.4900016784668,1.0
2016-11-22,38.88002395629883,39.31439004922627,38.81761807526623,39.0776444689384,27884000,0.00025457401494133336,GOOGL,705,1442,49.119998931884766,48.029998779296875,1.0
2016-11-23,38.58285903930664,39.103901943946546,38.26835072824198,39.103901943946546,26260000,-0.007643125871686696,GOOGL,704,1441,48.95000076293945,47.959999084472656,1.0
2016-11-25,38.64377975463867,38.77602054012251,38.54274002543956,38.7616575493343,12270000,0.0015789580360017208,GOOGL,702,1439,47.2400016784668,46.060001373291016,1.0
2016-11-28,38.919158935546875,39.61008264826148,38.5382808386721,38.55066376960576,51508000,0.007126093323600147,GOOGL,699,1436,48.2400016784668,47.08000183105469,1.0
2016-11-29,39.099937438964844,39.4466368309274,38.89686795314394,39.047435625864814,31240000,0.0046449745668284415,GOOGL,698,1435,46.380001068115234,45.22999954223633,1.0
2016-11-30,38.42832946777344,39.20246486216942,38.29311858513661,39.08310201602521,45582000,-0.017176701938200978,GOOGL,697,1434,50.470001220703125,49.439998626708984,1.0
2016-12-01,37.85626983642578,38.56304533841636,37.312939948010374,38.56057026381305,57342000,-0.014886403839838858,GOOGL,696,1433,50.459999084472656,51.060001373291016,1.0
2016-12-02,37.86271286010742,38.1618681687482,37.592287313638174,37.735921009534806,34376000,0.0001701970032832456,GOOGL,695,1432,54.459999084472656,51.68000030517578,1.0
2016-12-05,38.544219970703125,38.632381742274845,37.98702215711262,38.13709479686107,33770000,0.01799942632514706,GOOGL,692,1429,54.939998626708984,51.790000915527344,1.0
2016-12-06,38.443180084228516,38.893893016349374,38.30153025548273,38.6417906321365,34682000,-0.0026214017705225023,GOOGL,691,1428,53.93000030517578,50.93000030517578,1.0
2016-12-07,39.20048141479492,39.22672854211137,38.31193340072965,38.62991058422393,40588000,0.019699237391578084,GOOGL,690,1427,53.0,49.77000045776367,1.0
2016-12-08,39.38373565673828,39.57343218052212,39.0241583214218,39.27378188193176,32250000,0.00467479569968221,GOOGL,689,1426,53.88999938964844,50.84000015258789,1.0
2016-12-09,40.091007232666016,40.11577309488401,39.52638033850405,39.588291215309,38090000,0.017958468492988766,GOOGL,688,1425,54.33000183105469,51.5,1.0
2016-12-12,40.01423645019531,40.18511106666246,39.847325731841266,39.86168872204895,32572000,-0.0019149127889246387,GOOGL,685,1422,55.689998626708984,52.83000183105469,1.0
2016-12-13,40.382728576660156,40.82650757281201,40.21433281040722,40.236619818516004,42564000,0.009209025565775741,GOOGL,684,1421,55.720001220703125,52.97999954223633,1.0
2016-12-14,40.509029388427734,40.824527723049094,40.25593694407588,40.4114585441862,35994000,0.0031275947965678785,GOOGL,683,1420,53.900001525878906,51.040000915527344,1.0
2016-12-15,40.39808654785156,40.76212280581694,40.21730406686193,40.48277944836619,35394000,-0.0027387188054390776,GOOGL,682,1419,54.02000045776367,50.900001525878906,1.0
2016-12-16,40.110328674316406,40.57391589083676,40.025136970523285,40.52983688330752,51978000,-0.007123057009007283,GOOGL,681,1418,55.209999084472656,51.900001525878906,1.0
2016-12-19,40.2420654296875,40.42631299469333,39.84583435088396,40.082583724134246,25272000,0.00328435990741327,GOOGL,678,1415,54.91999816894531,52.119998931884766,1.0
2016-12-20,40.375797271728516,40.43969198945519,40.167777624744446,40.28516040973833,25438000,0.0033231853438207004,GOOGL,677,1414,55.349998474121094,52.22999954223633,1.0
2016-12-21,40.227210998535156,40.40155072374915,39.875557679764114,40.40155072374915,29192000,-0.003680082703838017,GOOGL,676,1413,54.459999084472656,52.4900016784668,1.0
2016-12-22,40.10239791870117,40.171242779675495,39.92161544772397,40.07367193850869,22632000,-0.003102702790867884,GOOGL,675,1412,55.04999923706055,52.95000076293945,1.0
2016-12-23,40.00928497314453,40.16629162394362,39.876054155000745,40.01968784461625,15310000,-0.0023218797475753616,GOOGL,674,1411,55.15999984741211,53.02000045776367,1.0
2016-12-27,40.114776611328125,40.41541692755279,39.91022586915704,40.0528657386515,19520000,0.0026366789172664884,GOOGL,670,1407,56.09000015258789,53.900001525878906,1.0
2016-12-28,39.84930419921875,40.28317531386213,39.74380934402393,40.28317531386213,24296000,-0.006617821025940995,GOOGL,669,1406,56.220001220703125,54.060001373291016,1.0
2016-12-29,39.76559829711914,39.907743137888765,39.530832774421015,39.73835736463893,21148000,-0.002100561196279327,GOOGL,668,1405,56.13999938964844,53.77000045776367,1.0
2016-12-30,39.2490119934082,39.78590281494675,39.10884344190871,39.78193891753685,34718000,-0.01299078414088295,GOOGL,667,1404,56.130001068115234,53.720001220703125,1.0
2017-01-03,40.01968765258789,40.18956847006335,39.46892872942391,39.653667552867596,39180000,0.019635542910204196,GOOGL,663,1400,55.470001220703125,52.33000183105469,1.0
2017-01-04,40.00779724121094,40.288130613545896,39.826523533719694,40.11279708507942,30306000,-0.0002971140474702372,GOOGL,662,1399,56.459999084472656,53.2599983215332,1.0
2017-01-05,40.267826080322266,40.30348605030842,39.916172751204776,39.99442667919496,26810000,0.006499454032512508,GOOGL,661,1398,56.88999938964844,53.7599983215332,1.0
2017-01-06,40.87158203125,41.05731466379456,40.19254243838996,40.365397124732695,40342000,0.014993507464828637,GOOGL,660,1397,57.099998474121094,53.9900016784668,1.0
2017-01-09,40.96915054321289,41.13011730407852,40.6937710966463,40.92903166204217,28178000,0.002387196852039919,GOOGL,657,1394,54.939998626708984,51.959999084472656,1.0
2017-01-10,40.91120147705078,41.079601026185316,40.76905661359754,40.96370329093332,23948000,-0.0014144561308633286,GOOGL,656,1393,53.63999938964844,50.81999969482422,1.0
2017-01-11,41.10188674926758,41.10386680897781,40.686342500652046,40.94141500172095,26508000,0.004660955076661866,GOOGL,655,1392,55.099998474121094,52.25,1.0
2017-01-12,41.08553695678711,41.12763589116028,40.663550025884184,41.028576240806395,26990000,-0.00039778690891267843,GOOGL,654,1391,56.0099983215332,53.0099983215332,1.0
2017-01-13,41.15537643432617,41.339125210057105,41.08504653090001,41.15834652373585,25804000,0.0016998555382765623,GOOGL,653,1390,55.45000076293945,52.369998931884766,1.0
2017-01-17,40.98301696777344,41.117732817683695,40.77202347778889,41.10881877067412,28818000,-0.004188018224733692,GOOGL,649,1386,55.470001220703125,52.47999954223633,1.0
2017-01-18,41.060279846191406,41.099408695071226,40.81560645507907,41.09891368017955,20554000,0.0018852413544547808,GOOGL,648,1385,53.91999816894531,51.08000183105469,1.0
2017-01-19,40.82997512817383,41.25741109978435,40.80967195730973,41.05929553208775,21410000,-0.005608941752961338,GOOGL,647,1384,54.15999984741211,51.369998931884766,1.0
2017-01-20,41.0181884765625,41.07118530966726,40.8413698803792,41.06375252744144,26124000,0.004609685599803459,GOOGL,646,1383,55.4900016784668,52.41999816894531,1.0
2017-01-23,41.823516845703125,41.878493728084806,41.04443143076566,41.18856011643492,49148000,0.019633445528702165,GOOGL,643,1380,55.22999954223633,52.75,1.0
2017-01-24,42.076114654541016,42.174675520366705,41.7170285847759,41.94981406107563,33768000,0.006039611871229811,GOOGL,642,1379,55.439998626708984,53.18000030517578,1.0
2017-01-25,42.51791763305664,42.534755699968585,42.086521521985006,42.275228035341286,33108000,0.010500089709873928,GOOGL,641,1378,55.08000183105469,52.75,1.0
2017-01-26,42.44510269165039,42.64420826944014,42.125149236931115,42.54762745938286,69866000,-0.0017125707339353813,GOOGL,640,1377,56.2400016784668,53.779998779296875,1.0
2017-01-27,41.853233337402344,42.94137809772507,41.698210543687,42.5451507953336,75050000,-0.013944349682642576,GOOGL,639,1376,55.52000045776367,53.16999816894531,1.0
2017-01-30,40.80323028564453,41.46691304798565,40.66454675231036,41.45849401547241,70338000,-0.025087740373441414,GOOGL,636,1373,55.22999954223633,52.630001068115234,1.0
2017-01-31,40.622947692871094,40.765591362717814,40.28664735831869,40.58877276505595,40404000,-0.00441834118307205,GOOGL,635,1372,55.70000076293945,52.810001373291016,1.0
2017-02-01,40.377777099609375,40.81164822539706,40.22968450787155,40.81164822539706,45020000,-0.006035273341445491,GOOGL,634,1371,55.65999984741211,53.880001068115234,1.0
2017-02-02,40.52735137939453,40.83938460086608,40.21978084968036,40.36588960454157,33784000,0.0037043713282225443,GOOGL,633,1370,56.560001373291016,53.540000915527344,1.0
2017-02-03,40.61996841430664,40.91713982520891,40.58133458160615,40.76855600912753,30562000,0.002285297009545051,GOOGL,632,1369,56.810001373291016,53.83000183105469,1.0
2017-02-06,40.69376754760742,40.73190258702195,40.33072136778282,40.65909761234897,27018000,0.0018168190715477373,GOOGL,629,1366,55.720001220703125,53.0099983215332,1.0
2017-02-07,41.0706787109375,41.20391329085422,40.77648115984428,40.885939910133494,33332000,0.009262134868420091,GOOGL,628,1365,55.04999923706055,52.16999816894531,1.0
2017-02-08,41.102874755859375,41.31931718822498,40.86662416988669,41.135069618265405,26044000,0.0007839180148074831,GOOGL,627,1364,55.119998931884766,52.34000015258789,1.0
2017-02-09,41.11179733276367,41.20689311626301,40.93547752215163,41.19451018363457,23884000,0.0002170791448845577,GOOGL,626,1363,55.630001068115234,53.0,1.0
2017-02-10,41.349037170410156,41.46295106892511,41.13408354083997,41.254931427405566,28302000,0.0057706024313710635,GOOGL,625,1362,56.70000076293945,53.86000061035156,1.0
2017-02-13,41.55259704589844,41.69028676166298,41.418372434402954,41.49018738165871,25914000,0.004922965307495808,GOOGL,622,1359,55.59000015258789,52.93000030517578,1.0
2017-02-14,41.6055908203125,41.703161658807645,41.39757119833204,41.59271287532232,27266000,0.0012753420527609194,GOOGL,621,1358,55.970001220703125,53.20000076293945,1.0
2017-02-15,41.471370697021484,41.69177325287088,41.41688882670008,41.54516570641992,27144000,-0.003226011712480936,GOOGL,620,1357,55.75,53.11000061035156,1.0
2017-02-16,41.711585998535156,41.7373381107197,41.46839763700026,41.52981349603699,20102000,0.005792316421577182,GOOGL,619,1356,55.650001525878906,53.36000061035156,1.0
2017-02-17,41.92852783203125,41.94784475398236,41.59321750608174,41.66899637008949,29224000,0.0052009969964630365,GOOGL,618,1355,55.810001373291016,53.400001525878906,1.0
2017-02-21,42.06324005126953,42.20835877963095,41.92852041520191,41.99984413142474,25206000,0.003212901244182609,GOOGL,614,1351,56.65999984741211,54.060001373291016,1.0
2017-02-22,42.166751861572266,42.28710471987905,41.93644145777508,42.00033616675811,24488000,0.002460861554568039,GOOGL,613,1350,55.84000015258789,53.59000015258789,1.0
2017-02-23,42.148929595947266,42.22916737226654,41.72793633525658,42.15289349475856,27734000,-0.00042266157193016074,GOOGL,612,1349,56.58000183105469,54.45000076293945,1.0
2017-02-24,41.990928649902344,42.01816958759565,41.75071413899052,41.98300463182177,26924000,-0.0037486348422027804,GOOGL,611,1348,55.9900016784668,53.9900016784668,1.0
2017-02-27,42.08305358886719,42.132581535048224,41.753192252640154,41.8492780553022,20206000,0.002193924781538792,GOOGL,608,1345,55.93000030517578,54.04999923706055,1.0
2017-02-28,41.84828567504883,42.041451095606234,41.67543098309519,41.968147314362604,27662000,-0.005578680580357598,GOOGL,607,1344,55.59000015258789,54.0099983215332,1.0
2017-03-01,42.433719635009766,42.495630516427205,42.05086144443764,42.1677492187837,36374000,0.013989437094432455,GOOGL,606,1343,55.599998474121094,53.83000183105469,1.0
2017-03-02,42.09196853637695,42.42083984973324,42.03600161590954,42.411922022962386,25018000,-0.008053762469384163,GOOGL,605,1342,55.08000183105469,52.61000061035156,1.0
2017-03-03,42.05382537841797,42.14000709630105,41.83738672200077,42.04689139094415,20100000,-0.0009061861273135241,GOOGL,604,1341,55.900001525878906,53.33000183105469,1.0
2017-03-06,41.96418762207031,42.046900474715805,41.66206219740873,41.94388067017133,20958000,-0.0021315006551974047,GOOGL,601,1338,56.0099983215332,53.20000076293945,1.0
2017-03-07,42.15635299682617,42.264326714252114,41.877508434286355,41.96368637925787,20774000,0.004579270698303661,GOOGL,600,1337,55.91999816894531,53.13999938964844,1.0
2017-03-08,42.2796745300293,42.44262511599391,42.16130173463177,42.25391864120118,20576000,0.0029253368575885563,GOOGL,599,1336,53.11000061035156,50.279998779296875,1.0
2017-03-09,42.48769760131836,42.62984623758684,42.23163507305803,42.28215682506264,26954000,0.004920167281356802,GOOGL,598,1335,52.189998626708984,49.279998779296875,1.0
2017-03-10,42.66451644897461,42.804186232785284,42.476308751278104,42.72840738303313,26732000,0.004161648139078267,GOOGL,597,1334,51.369998931884766,48.4900016784668,1.0
2017-03-13,42.8215217590332,42.947818578443844,42.63529412683337,42.63578914174355,23332000,0.0036799974106438427,GOOGL,594,1331,51.349998474121094,48.400001525878906,1.0
2017-03-14,42.887393951416016,42.97010678132051,42.601116643473006,42.78041027741281,21234000,0.0015382963910879344,GOOGL,593,1330,50.91999816894531,47.720001220703125,1.0
2017-03-15,43.010223388671875,43.08402217457736,42.6590651104232,42.9879363820528,26658000,0.002863998623814812,GOOGL,592,1329,51.810001373291016,48.86000061035156,1.0
2017-03-16,43.08997344970703,43.224198084592885,42.9671417168842,43.11622435870599,22090000,0.0018542117373927525,GOOGL,591,1328,51.7400016784668,48.75,1.0
2017-03-17,43.20735549926758,43.3088902499119,43.009239926452885,43.27223646944111,37366000,0.002724115151696571,GOOGL,590,1327,51.7599983215332,48.779998779296875,1.0
2017-03-20,42.986454010009766,43.10680687622737,42.82598226213966,43.06421291993208,30844000,-0.005112589898299991,GOOGL,587,1324,51.619998931884766,48.220001220703125,1.0
2017-03-21,42.1063232421875,43.26182774620388,41.98497658339938,43.09293320937475,50760000,-0.020474607363922592,GOOGL,586,1323,50.959999084472656,47.34000015258789,1.0
2017-03-22,42.0894889831543,42.36437340663717,41.95080545540332,42.073637169881756,27334000,-0.0003998035861828564,GOOGL,585,1322,50.63999938964844,48.040000915527344,1.0
2017-03-23,41.58676528930664,41.687805002055654,41.25740280594415,41.67294699874479,65754000,-0.011944162449890161,GOOGL,584,1321,50.560001373291016,47.70000076293945,1.0
2017-03-24,41.3634033203125,41.80222843955894,41.064251781387306,41.703168760741704,42114000,-0.005370986837766267,GOOGL,583,1320,50.79999923706055,47.970001220703125,1.0
2017-03-27,41.530311584472656,41.672460231259336,40.82650989618619,41.01422259164515,38692000,0.0040351675820202715,GOOGL,580,1317,50.75,47.72999954223633,1.0
2017-03-28,41.635311126708984,41.87156171613289,41.22124815846946,41.588753273950836,30384000,0.0025282628092677673,GOOGL,579,1316,51.33000183105469,48.369998931884766,1.0
2017-03-29,42.09295654296875,42.17814445697651,41.672458358494666,41.74031319223479,29146000,0.01099176165315563,GOOGL,578,1315,52.41999816894531,49.5099983215332,1.0
2017-03-30,42.073646545410156,42.19845834733284,41.939425679400664,42.19746831729639,18988000,-0.00045874652541644245,GOOGL,577,1314,52.959999084472656,50.349998474121094,1.0
2017-03-31,41.99042892456055,42.07760067114844,41.863637092014265,41.94238602776751,28820000,-0.001977903692274241,GOOGL,576,1313,52.83000183105469,50.599998474121094,1.0
2017-04-03,42.433719635009766,42.545158465813095,41.97706264597069,42.03748848244202,39388000,0.010556946470959616,GOOGL,573,1310,53.119998931884766,50.2400016784668,1.0
2017-04-04,42.226680755615234,42.24797773139617,41.976063416239974,42.00033426000168,26970000,-0.0048791122054667735,GOOGL,572,1309,54.16999816894531,51.029998779296875,1.0
2017-04-05,42.04541015625,42.62390503719597,41.97656529018283,42.33267753690525,37104000,-0.004292797731707321,GOOGL,571,1308,54.36000061035156,51.150001525878906,1.0
2017-04-06,41.85670471191406,42.27720288404098,41.80222284054701,42.07462841864242,30672000,-0.0044881342252262035,GOOGL,570,1307,54.88999938964844,51.70000076293945,1.0
2017-04-07,41.7081184387207,41.895336111305646,41.470382791268705,41.851752124312114,22232000,-0.0035498798631193873,GOOGL,569,1306,55.2400016784668,52.2400016784668,1.0
2017-04-10,41.688297271728516,41.9379245586269,41.64322824990267,41.68037325573381,20924000,-0.0004752352236006008,GOOGL,566,1303,55.97999954223633,53.08000183105469,1.0
2017-04-11,41.59816360473633,41.83342417151486,41.33665213194565,41.68830544479964,19486000,-0.002162085594542007,GOOGL,565,1302,56.22999954223633,53.400001525878906,1.0
2017-04-12,41.676422119140625,41.78835595432547,41.48474553451597,41.52783450631439,22716000,0.0018812973367743346,GOOGL,564,1301,55.86000061035156,53.11000061035156,1.0
2017-04-13,41.61301803588867,41.788846566583906,41.49761910831562,41.65561198826443,21474000,-0.0015213418049826455,GOOGL,563,1300,55.88999938964844,53.18000030517578,1.0
2017-04-17,42.353477478027344,42.378738354457134,41.655120994146635,41.67245785294392,20982000,0.017793937500521384,GOOGL,559,1296,55.36000061035156,52.650001525878906,1.0
2017-04-18,42.29701232910156,42.465408082519694,42.16130267358907,42.225193603460575,18724000,-0.0013331880234644933,GOOGL,558,1295,54.88999938964844,52.40999984741211,1.0
2017-04-19,42.42182540893555,42.60458415737523,42.27422783395252,42.465409393314815,21606000,0.002950872247496905,GOOGL,557,1294,52.93000030517578,50.439998626708984,1.0
2017-04-20,42.5986442565918,42.78932702355084,42.470858613330456,42.58180241337638,23776000,0.004168110305291295,GOOGL,556,1293,52.9900016784668,50.27000045776367,1.0
2017-04-21,42.54267501831055,42.715533475623964,42.482252967104046,42.62538785626296,23458000,-0.0013138736985177646,GOOGL,555,1292,51.959999084472656,49.619998931884766,1.0
2017-04-24,43.532257080078125,43.58327384541008,42.8973003253348,43.01270303722561,33930000,0.023260927088897487,GOOGL,552,1289,51.599998474121094,49.22999954223633,1.0
2017-04-25,44.02309036254883,44.19198114109263,43.54959536298666,43.697189163616315,40760000,0.011275162727441668,GOOGL,551,1288,52.099998474121094,49.560001373291016,1.0
2017-04-26,44.03794479370117,44.22863132834643,43.840324271954984,44.149383602198945,26466000,0.0003374236345066173,GOOGL,550,1287,51.81999969482422,49.619998931884766,1.0
2017-04-27,44.15186309814453,44.24794889741398,43.94087337468972,44.080543160461204,46846000,0.0025868215462145905,GOOGL,549,1286,51.439998626708984,48.970001220703125,1.0
2017-04-28,45.7902717590332,46.3539047827361,45.72588203582577,46.01215934980436,76918000,0.03710848299304326,GOOGL,548,1285,51.72999954223633,49.33000183105469,1.0
2017-05-01,46.20136642456055,46.34995405419299,45.606033433529255,45.77195414533259,46556000,0.008977773001450862,GOOGL,545,1282,51.52000045776367,48.84000015258789,1.0
2017-05-02,46.412845611572266,46.70506688328401,46.111215278184886,46.22364789709933,35026000,0.004577336199721005,GOOGL,544,1281,50.459999084472656,47.65999984741211,1.0
2017-05-03,46.97549819946289,47.062171161056426,46.31973942185553,46.361343350318045,36496000,0.012122777228516624,GOOGL,543,1280,50.790000915527344,47.81999969482422,1.0
2017-05-04,47.28603744506836,47.504954949870104,46.922001221476165,47.06662492536813,38752000,0.00661066422940082,GOOGL,542,1279,48.380001068115234,45.52000045776367,1.0
2017-05-05,47.06612777709961,47.470282861588295,46.95815407428834,47.385091179293894,32310000,-0.004650625847518186,GOOGL,541,1278,49.099998474121094,46.220001220703125,1.0
2017-05-08,47.482669830322266,47.59658372133681,46.92348813105127,46.925966984381915,37534000,0.00885014495340175,GOOGL,538,1275,49.34000015258789,46.43000030517578,1.0
2017-05-09,47.38460159301758,47.65651594070174,47.27019268371043,47.61342696911177,33758000,-0.0020653480028636206,GOOGL,537,1274,48.72999954223633,45.880001068115234,1.0
2017-05-10,47.29198455810547,47.384601473918465,47.04434105770888,47.360334406054285,22920000,-0.0019545808511294283,GOOGL,536,1273,50.220001220703125,47.33000183105469,1.0
2017-05-11,47.34398651123047,47.448000104346505,46.983419154726356,47.116154949443604,20622000,0.0010995933795314716,GOOGL,535,1272,50.77000045776367,47.83000183105469,1.0
2017-05-12,47.30684280395508,47.44750262001972,47.15429507199372,47.44106742587728,24298000,-0.0007845496337022251,GOOGL,534,1271,50.84000015258789,47.84000015258789,1.0
2017-05-15,47.5089111328125,47.681270771698074,47.19192780201744,47.314264489122436,26754000,0.004271439751217798,GOOGL,531,1268,51.81999969482422,48.849998474121094,1.0
2017-05-16,47.77587890625,47.83976984140722,47.56488918212898,47.72338087205677,22030000,0.005619319977491877,GOOGL,530,1267,51.650001525878906,48.65999984741211,1.0
2017-05-17,46.66446304321289,47.59659139943829,46.559954418784486,47.53270045603028,48982000,-0.02326311704737083,GOOGL,529,1266,52.209999084472656,49.06999969482422,1.0
2017-05-18,47.07703399658203,47.259297750464846,46.61988200950356,46.71547279985837,36010000,0.008841223630647654,GOOGL,528,1265,52.5099983215332,49.349998474121094,1.0
2017-05-19,47.28257369995117,47.525762076163396,47.15132294153553,47.19193684006295,27206000,0.004366029163690888,GOOGL,527,1264,53.61000061035156,50.33000183105469,1.0
2017-05-22,47.7491340637207,47.78628285705655,47.3771737878572,47.39896578166941,27748000,0.009867490858900041,GOOGL,524,1261,53.869998931884766,50.72999954223633,1.0
2017-05-23,48.07007598876953,48.2662076899489,47.770425715730404,48.04085499529658,30908000,0.006721418751186814,GOOGL,523,1260,54.150001525878906,51.470001220703125,1.0
2017-05-24,48.41975021362305,48.445007309755695,48.123568817457056,48.303357473485704,22660000,0.0072742598729240715,GOOGL,522,1259,53.959999084472656,51.36000061035156,1.0
2017-05-25,49.12553787231445,49.31969332036101,48.4301552147802,48.48860098880048,39082000,0.014576441546632068,GOOGL,521,1258,51.459999084472656,48.900001525878906,1.0
2017-05-26,49.195377349853516,49.34990515238449,48.90266101750013,49.13247266142164,32728000,0.0014216531882171868,GOOGL,520,1257,52.150001525878906,49.79999923706055,1.0
2017-05-30,49.3390007019043,49.41081942895945,49.10077005646643,49.15723198531301,30324000,0.0029194481227250435,GOOGL,516,1253,51.84000015258789,49.65999984741211,1.0
2017-05-31,48.8892822265625,49.50888596519475,48.62133178955588,49.34098522104702,34482000,-0.00911486793295424,GOOGL,515,1252,50.310001373291016,48.31999969482422,1.0
2017-06-01,48.94871520996094,49.188929683252745,48.60201207736699,49.08095597930686,26128000,0.0012156648797381209,GOOGL,514,1251,50.33000183105469,48.36000061035156,1.0
2017-06-02,49.33652877807617,49.35436065193793,48.88829464425928,48.96357848044234,34710000,0.007922854899290899,GOOGL,513,1250,49.95000076293945,47.65999984741211,1.0
2017-06-05,49.72087478637695,49.89521452167061,49.30334666986446,49.42419833803017,27578000,0.0077902928685888995,GOOGL,510,1247,49.470001220703125,47.400001525878906,1.0
2017-06-06,49.364261627197266,49.95513937855616,49.27114970174379,49.692637887650676,31042000,-0.00717230259346513,GOOGL,509,1246,50.119998931884766,48.189998626708984,1.0
2017-06-07,49.602989196777344,49.722352022570036,49.32414088835182,49.483622592245084,27482000,0.004836040522250062,GOOGL,508,1245,48.060001373291016,45.720001220703125,1.0
2017-06-08,49.74068069458008,49.806056670366765,49.36129144858509,49.73820184132789,33758000,0.002775870971334138,GOOGL,507,1244,47.86000061035156,45.63999938964844,1.0
2017-06-09,48.04878234863281,49.801108730000024,47.21917512265656,49.80061371507558,72958000,-0.034014378619704355,GOOGL,506,1243,48.150001525878906,45.83000183105469,1.0
2017-06-12,47.637203216552734,47.943787530224654,46.39849058745633,47.48416045657508,84042000,-0.008565859777543094,GOOGL,503,1240,48.290000915527344,46.08000183105469,1.0
2017-06-13,48.0676155090332,48.43462192721295,47.64711345782588,48.14388939139965,40108000,0.00903521330846968,GOOGL,502,1239,48.720001220703125,46.459999084472656,1.0
2017-06-14,47.9403076171875,48.52326130315458,47.523274599890875,48.315241698738426,30110000,-0.00264851689640766,GOOGL,501,1238,47.0,44.72999954223633,1.0
2017-06-15,47.55646514892578,47.58123100995381,46.5753040086282,46.9541982541699,48552000,-0.008006675120376228,GOOGL,500,1237,46.91999816894531,44.459999084472656,1.0
2017-06-16,47.47919845581055,47.545073223867796,46.98787539224676,47.44403350476708,51184000,-0.0016247358350388597,GOOGL,499,1236,47.369998931884766,44.7400016784668,1.0
2017-06-19,48.3013801574707,48.503455831708585,47.953686962010025,48.025501914024744,29376000,0.017316671898439218,GOOGL,496,1233,46.90999984741211,44.20000076293945,1.0
2017-06-20,47.99281311035156,48.57725188581502,47.95368426077393,48.30583257075351,25946000,-0.0063883691545284504,GOOGL,495,1232,46.02000045776367,43.22999954223633,1.0
2017-06-21,48.468284606933594,48.51583248508571,48.01559162412948,48.0819614033446,23232000,0.009907139543763765,GOOGL,494,1231,44.81999969482422,42.529998779296875,1.0
2017-06-22,48.3707160949707,48.56288767624832,48.20677547727113,48.383095245911896,20190000,-0.002013038273463774,GOOGL,493,1230,45.220001220703125,42.7400016784668,1.0
2017-06-23,48.83975601196289,48.86600691806538,48.26373623744929,48.31524801979983,31280000,0.009696774305992806,GOOGL,492,1229,45.540000915527344,43.0099983215332,1.0
2017-06-26,48.14635467529297,49.23103443417254,48.059182922284435,49.03341388976922,30358000,-0.014197477491494359,GOOGL,489,1226,45.83000183105469,43.380001068115234,1.0
2017-06-27,46.95766830444336,47.90515341492223,46.908140355910625,47.62680385019969,48872000,-0.02468902119103944,GOOGL,488,1225,46.650001525878906,44.2400016784668,1.0
2017-06-28,47.59757614135742,47.70802493349119,46.366787613489294,47.084956048570305,54912000,0.013627334150522863,GOOGL,487,1224,47.310001373291016,44.7400016784668,1.0
2017-06-29,46.44900894165039,47.13448754848422,46.04188368212533,47.11913452661278,64134000,-0.02413079179275779,GOOGL,486,1223,47.41999816894531,44.93000030517578,1.0
2017-06-30,46.04584884643555,46.804627478621725,46.04237996273744,46.754604513049266,45754000,-0.008679627496924525,GOOGL,485,1222,47.91999816894531,46.040000915527344,1.0
2017-07-03,45.53965759277344,46.27169397774513,45.334113036518254,46.22117222543091,33896000,-0.010993200610771137,GOOGL,482,1219,49.68000030517578,47.06999969482422,1.0
2017-07-05,46.17362594604492,46.37322655139147,45.49855026269771,45.77442473535182,41882000,0.013921236715053631,GOOGL,480,1217,47.790000915527344,45.130001068115234,1.0
2017-07-06,45.9472770690918,46.3657951773651,45.558973764474764,45.814046260273315,40298000,-0.004902124802102836,GOOGL,479,1216,48.11000061035156,45.52000045776367,1.0
2017-07-07,46.59709548950195,46.7877820368514,46.05128675295739,46.110722551527815,33266000,0.01414269706196114,GOOGL,478,1215,46.709999084472656,44.22999954223633,1.0
2017-07-10,47.10179138183594,47.20729001841975,46.65355726630272,46.65355726630272,29030000,0.010831059039885682,GOOGL,475,1212,46.880001068115234,44.400001525878906,1.0
2017-07-11,47.22709655761719,47.294456371057436,46.81056230454122,47.07801771997303,29224000,0.002660305948142261,GOOGL,474,1211,47.52000045776367,45.040000915527344,1.0
2017-07-12,47.926944732666016,48.02451558343207,47.40095165397296,47.590149397166705,32042000,0.014818784682115949,GOOGL,473,1210,47.7400016784668,45.4900016784668,1.0
2017-07-13,47.98588562011719,48.47374365368171,47.78529497480451,48.082466441147005,30492000,0.00122980690256691,GOOGL,472,1209,48.41999816894531,46.08000183105469,1.0
2017-07-14,48.38508987426758,48.416290934131965,48.05027457703082,48.2409611561681,21592000,0.008319201552529742,GOOGL,471,1208,48.90999984741211,46.540000915527344,1.0
2017-07-17,48.33803176879883,48.704048086302635,48.08246424384854,48.35586364303538,33210000,-0.0009725745181219381,GOOGL,468,1205,48.41999816894531,46.02000045776367,1.0
2017-07-18,48.88235092163086,49.07551255173335,48.1438793255655,48.20925530589343,28266000,0.011260680936193479,GOOGL,467,1204,48.84000015258789,46.400001525878906,1.0
2017-07-19,49.17060470581055,49.31076949743891,48.885317416069675,49.033905018485505,28242000,0.005896888728650129,GOOGL,466,1203,49.70000076293945,47.119998931884766,1.0
2017-07-20,49.14189147949219,49.46333005534341,48.76695727184968,49.38012218559388,28368000,-0.0005839510514493718,GOOGL,465,1202,49.29999923706055,46.790000915527344,1.0
2017-07-21,49.22360610961914,49.286507016488756,48.74466214452226,48.983886619597435,29266000,0.001662830380899205,GOOGL,464,1201,48.060001373291016,45.77000045776367,1.0
2017-07-24,49.44499588012695,49.835283023834165,49.04678471898881,49.23648123737237,79690000,0.004497634123245442,GOOGL,461,1198,48.599998474121094,46.34000015258789,1.0
2017-07-25,47.99479675292969,48.37616608546804,47.73576034852209,48.07750959236424,118672000,-0.029329542886667226,GOOGL,460,1197,50.20000076293945,47.88999938964844,1.0
2017-07-26,47.810543060302734,48.238470193454965,47.558939469590406,48.18052322325832,44432000,-0.003839034751526582,GOOGL,459,1196,50.970001220703125,48.75,1.0
2017-07-27,47.176578521728516,48.019063645985696,46.411361066231756,48.00222180327906,74358000,-0.01325993176389162,GOOGL,458,1195,51.4900016784668,49.040000915527344,1.0
2017-07-28,47.46484375,47.636213401095,46.819979046305086,46.95271863536961,36276000,0.006110346220608465,GOOGL,457,1194,52.52000045776367,49.709999084472656,1.0
2017-07-31,46.82939147949219,47.60649697174753,46.642665029470805,47.547556181148856,45670000,-0.01338785130853426,GOOGL,454,1191,52.650001525878906,50.16999816894531,1.0
2017-08-01,46.88188934326172,47.27465160457724,46.80264538153334,46.943800223475236,28052000,0.0011210451836112245,GOOGL,453,1190,52.630001068115234,49.15999984741211,1.0
2017-08-02,46.93537902832031,47.00769277710412,46.18650454184267,46.97153401334218,40788000,0.0011409455934454638,GOOGL,452,1189,52.36000061035156,49.59000015258789,1.0
2017-08-03,46.571834564208984,47.05226354394022,46.52924060904515,47.00768952911476,22478000,-0.00774563818674967,GOOGL,451,1188,52.0099983215332,49.029998779296875,1.0
2017-08-04,46.843746185302734,46.93041913534938,46.547069782370265,46.752610543796656,25092000,0.005838542192682317,GOOGL,450,1187,52.41999816894531,49.58000183105469,1.0
2017-08-07,46.841773986816406,47.000764494703404,46.73033514978502,46.929440767160514,28916000,-4.210163889384333e-05,GOOGL,447,1184,52.369998931884766,49.38999938964844,1.0
2017-08-08,46.76449966430664,47.17558875523791,46.6798067716231,46.76945359204091,30102000,-0.0016496882148723246,GOOGL,446,1183,52.13999938964844,49.16999816894531,1.0
2017-08-09,46.56093978881836,46.743203522306196,46.25584056201691,46.48020701388848,28018000,-0.004352871878230524,GOOGL,445,1182,52.70000076293945,49.560001373291016,1.0
2017-08-10,45.74421691894531,46.37372482056413,45.65457008441542,46.30933886484187,54148000,-0.017540944696936345,GOOGL,444,1181,51.900001525878906,48.59000015258789,1.0
2017-08-11,46.06614685058594,46.22810363318434,45.62682679688381,45.75015352375418,32334000,0.0070376094143453916,GOOGL,443,1180,52.099998474121094,48.81999969482422,1.0
2017-08-14,46.50397872924805,46.60848355523946,46.28407119188196,46.51091271665383,23012000,0.009504417204291071,GOOGL,440,1177,50.72999954223633,47.59000015258789,1.0
2017-08-15,46.461883544921875,46.70903203698071,46.390563605481184,46.607992307156366,22130000,-0.0009051953290116765,GOOGL,439,1176,50.79999923706055,47.54999923706055,1.0
2017-08-16,46.76846694946289,47.047311507640565,46.55895849088819,46.618889306720284,26906000,0.006598600425757439,GOOGL,438,1175,50.27000045776367,46.779998779296875,1.0
2017-08-17,45.94579315185547,46.7456805967927,45.944803121996515,46.7030866404181,33914000,-0.017590352031345957,GOOGL,437,1174,51.029998779296875,47.09000015258789,1.0
2017-08-18,45.87248992919922,46.112209413853726,45.737279055763196,45.912113796474664,26748000,-0.0015954283869684671,GOOGL,436,1173,52.720001220703125,48.5099983215332,1.0
2017-08-21,45.6094970703125,45.975018395253066,45.49706821109512,45.85219044281597,26024000,-0.005733128053276082,GOOGL,433,1170,51.65999984741211,47.369998931884766,1.0
2017-08-22,46.5767936706543,46.65405757218609,45.871998157468745,45.9111270125752,35502000,0.02120822772613762,GOOGL,432,1169,51.869998931884766,47.63999938964844,1.0
2017-08-23,46.68476104736328,46.82591586955474,46.3212198352478,46.40838780307842,22690000,0.002318050861818133,GOOGL,431,1168,52.56999969482422,48.40999984741211,1.0
2017-08-24,46.40294647216797,46.86950372503327,46.09834223828358,46.74073182226299,25892000,-0.006036543164682828,GOOGL,430,1167,52.040000915527344,47.43000030517578,1.0
2017-08-25,46.08646011352539,46.593136271424925,46.0666481786786,46.51785243050318,23746000,-0.006820393589282214,GOOGL,429,1166,52.40999984741211,47.869998931884766,1.0
2017-08-28,45.969078063964844,46.30190950574256,45.869028358197944,46.15481070504407,20988000,-0.0025469964339069895,GOOGL,426,1163,51.88999938964844,46.56999969482422,1.0
2017-08-29,46.34648895263672,46.467340637665565,45.5322383493791,45.56393820510129,23172000,0.008210103499285193,GOOGL,425,1162,52.0,46.439998626708984,1.0
2017-08-30,46.73676681518555,46.84721560492609,46.262281776992296,46.34251954090316,22406000,0.008420872246604594,GOOGL,424,1161,50.86000061035156,45.959999084472656,1.0
2017-08-31,47.31179428100586,47.40887010540671,46.86653026027988,46.86900533482183,33866000,0.012303535417719003,GOOGL,423,1160,52.380001068115234,47.22999954223633,1.0
2017-09-01,47.15082550048828,47.464838786120076,47.066132603125276,47.42224482997517,20858000,-0.003402297100835172,GOOGL,422,1159,52.31999969482422,47.290000915527344,1.0
2017-09-05,46.63028335571289,47.12111145922562,46.33905208076271,46.89674498958798,29148000,-0.011039937037157443,GOOGL,418,1155,53.380001068115234,48.65999984741211,1.0
2017-09-06,46.65703201293945,46.77985996569981,46.194431070535856,46.74865890721828,27830000,0.0005736327403913499,GOOGL,417,1154,54.20000076293945,49.15999984741211,1.0
2017-09-07,47.046817779541016,47.077032585121145,46.43464299489762,46.76747819878747,22332000,0.008354276939293248,GOOGL,416,1153,54.4900016784668,49.09000015258789,1.0
2017-09-08,46.6268196105957,47.086941723108694,46.557479722904446,47.03741377172072,19998000,-0.008927238626710188,GOOGL,415,1152,53.779998779296875,47.47999954223633,1.0
2017-09-11,46.719932556152344,47.18500479104029,46.60650988883786,46.91358921517419,26748000,0.0019969825592711654,GOOGL,412,1149,53.84000015258789,48.06999969482422,1.0
2017-09-12,46.88634490966797,46.9576648480062,46.43315684540799,46.89971787044889,25696000,0.0035619133935096414,GOOGL,411,1148,54.27000045776367,48.22999954223633,1.0
2017-09-13,47.07405471801758,47.1934213278719,46.79174129281177,46.82938509816708,21908000,0.004003506963728087,GOOGL,410,1147,55.15999984741211,49.29999923706055,1.0
2017-09-14,46.563419342041016,46.954696545398455,46.475752571223005,46.854151828246486,28548000,-0.010847490810710125,GOOGL,409,1146,55.470001220703125,49.88999938964844,1.0
2017-09-15,46.323692321777344,46.64364953210232,46.12359672863267,46.56143171789648,39886000,-0.005148398112748254,GOOGL,408,1145,55.619998931884766,49.88999938964844,1.0
2017-09-18,46.0493049621582,46.40145326987957,45.83385634089199,46.3098263902587,29474000,-0.005923261852988082,GOOGL,405,1142,55.47999954223633,49.90999984741211,1.0
2017-09-19,46.40145492553711,46.45494676627424,45.896263864243735,46.23058409011098,24854000,0.0076472373180940245,GOOGL,404,1141,55.13999938964844,49.47999954223633,1.0
2017-09-20,46.93042755126953,47.05226925255862,46.4331604466039,46.444553348520124,40080000,0.01139991464882506,GOOGL,403,1140,56.290000915527344,50.40999984741211,1.0
2017-09-21,46.93091583251953,47.190942249459546,46.52626948868884,46.95964559067562,27414000,1.0404363980365261e-05,GOOGL,402,1139,56.43000030517578,50.54999923706055,1.0
2017-09-22,46.71843719482422,47.05226239792835,46.59857934963829,46.69417012834091,21496000,-0.004527476907835726,GOOGL,401,1138,56.86000061035156,50.65999984741211,1.0
2017-09-25,46.273677825927734,46.544598383180876,45.789779913621295,46.52974037672139,37468000,-0.00951999672081838,GOOGL,398,1135,59.02000045776367,52.220001220703125,1.0
2017-09-26,46.429683685302734,46.75904996763584,46.31527478553793,46.39303368963543,33454000,0.003371373677317324,GOOGL,397,1134,58.439998626708984,51.880001068115234,1.0
2017-09-27,47.542598724365234,47.81649313441195,46.65355945406281,46.692688306566616,46692000,0.023969903534251102,GOOGL,396,1133,57.900001525878906,52.13999938964844,1.0
2017-09-28,47.785789489746094,47.85364054824857,47.32715245902537,47.36182240009021,28018000,0.005115218181294345,GOOGL,395,1132,57.40999984741211,51.560001373291016,1.0
2017-09-29,48.22708511352539,48.33059991199778,47.844721989198014,47.844721989198014,40622000,0.009234871464747663,GOOGL,394,1131,57.540000915527344,51.66999816894531,1.0
2017-10-02,47.91752624511719,48.42618614245835,47.6441268877658,48.32267135371327,30782000,-0.0064187762474035015,GOOGL,391,1128,56.119998931884766,50.58000183105469,1.0
2017-10-03,48.14585494995117,48.16368682225604,47.681772821269156,47.921983520686055,21666000,0.004765035316430799,GOOGL,390,1127,56.0,50.41999816894531,1.0
2017-10-04,47.883358001708984,48.26076721529586,47.825407245282896,48.13001147555852,21156000,-0.00545211936759793,GOOGL,389,1126,55.79999923706055,49.97999954223633,1.0
2017-10-05,48.7951774597168,48.86055721649431,48.0562108746022,48.18102265164307,35618000,0.01904251280737812,GOOGL,388,1125,57.0,50.790000915527344,1.0
2017-10-06,49.21369171142578,49.244401527728684,48.46432231427294,48.538121097636505,31060000,0.008576959312311061,GOOGL,387,1124,55.619998931884766,49.290000915527344,1.0
2017-10-09,49.1478271484375,49.551483495892555,49.107708265416704,49.281057964821336,25910000,-0.0013383381879679135,GOOGL,384,1121,55.790000915527344,49.58000183105469,1.0
2017-10-10,48.9244499206543,49.40339387697298,48.59310354797711,49.29591517570532,23268000,-0.0045450071904207245,GOOGL,383,1120,56.61000061035156,50.91999816894531,1.0
2017-10-11,49.80854415893555,49.90363993905724,48.931388935862,48.985870814499634,36300000,0.018070601503237693,GOOGL,382,1119,56.939998626708984,51.29999923706055,1.0
2017-10-12,49.80854415893555,50.10026669414873,49.58318764081993,49.71889732242569,30614000,0.0,GOOGL,381,1118,56.25,50.599998474121094,1.0
2017-10-13,49.91849136352539,50.2597418037526,49.878372482320046,49.979907222641,26552000,0.002207396470754297,GOOGL,380,1117,57.16999816894531,51.45000076293945,1.0
2017-10-16,49.99179458618164,50.12304534531578,49.60398626697919,50.00566256240155,21420000,0.0014684582937898316,GOOGL,377,1114,57.81999969482422,51.869998931884766,1.0
2017-10-17,50.073516845703125,50.24984041497498,49.828352189787,49.89719705517133,20260000,0.0016347134604379754,GOOGL,376,1113,57.880001068115234,51.880001068115234,1.0
2017-10-18,50.15969467163086,50.33650946336837,49.79218955568747,50.075991806786924,25596000,0.0017210260304520997,GOOGL,375,1112,58.150001525878906,52.040000915527344,1.0
2017-10-19,49.61983108520508,49.89125041254202,49.39497339053849,49.7639597813025,34284000,-0.0107628961850742,GOOGL,374,1111,57.22999954223633,51.290000915527344,1.0
2017-10-20,49.77981185913086,49.957121670961804,49.6411283264495,49.87787771674092,32120000,0.003224129756731031,GOOGL,373,1110,57.75,51.470001220703125,1.0
2017-10-23,48.8125114440918,49.81546829312125,48.69165979352285,49.7852534911092,32786000,-0.019431580371906065,GOOGL,370,1107,57.369998931884766,51.900001525878906,1.0
2017-10-24,48.9586296081543,48.99676843448877,48.39350765285858,48.860068723651956,28902000,0.0029934572047138897,GOOGL,369,1106,58.33000183105469,52.470001220703125,1.0
2017-10-25,49.1057243347168,49.25282311545746,48.42519975806429,48.848668006175764,30574000,0.003004469850152791,GOOGL,368,1105,58.439998626708984,52.18000030517578,1.0
2017-10-26,49.1037483215332,49.851137817053655,49.056695446746964,49.452926601929704,47396000,-4.023997630342446e-05,GOOGL,367,1104,59.29999923706055,52.63999938964844,1.0
2017-10-27,51.196327209472656,52.67971306188042,50.85854188507063,51.06359141850634,103682000,0.0426154613337697,GOOGL,366,1103,60.439998626708984,53.900001525878906,1.0
2017-10-30,51.16958236694336,51.50142371621032,50.63467155458676,50.97295187603654,46804000,-0.0005223976794247465,GOOGL,363,1100,60.900001525878906,54.150001525878906,1.0
2017-10-31,51.165130615234375,51.55937790324692,50.83130538098546,51.16315055543624,30326000,-8.699996175576263e-05,GOOGL,362,1099,61.369998931884766,54.380001068115234,1.0
2017-11-01,51.63861846923828,51.89913988863809,51.21267138990454,51.327579080820776,43262000,0.009254112093733724,GOOGL,361,1098,61.290000915527344,54.29999923706055,1.0
2017-11-02,51.656951904296875,51.7832525201998,50.94819625801826,51.509358086783934,26694000,0.000355033414953132,GOOGL,360,1097,60.619998931884766,54.540000915527344,1.0
2017-11-03,52.004638671875,52.03782356509526,51.39345395493985,51.646051376608575,27770000,0.006730686863256619,GOOGL,359,1096,62.06999969482422,55.63999938964844,1.0
2017-11-06,51.642581939697266,52.1334137876635,51.60890203191992,51.9605591145605,18294000,-0.006962008417405685,GOOGL,356,1093,64.2699966430664,57.349998474121094,1.0
2017-11-07,52.12350082397461,52.17402257005954,51.658428690754754,51.98779117633853,26104000,0.009312448491419545,GOOGL,355,1092,63.689998626708984,57.20000076293945,1.0
2017-11-08,52.415733337402344,52.63365706546845,51.85903043234888,52.00761427711119,24276000,0.005606540405154847,GOOGL,354,1091,63.4900016784668,56.810001373291016,1.0
2017-11-09,51.8922119140625,52.04871976679686,51.30430421084242,51.906079889810606,35892000,-0.009987867955026264,GOOGL,353,1090,63.93000030517578,57.16999816894531,1.0
2017-11-10,51.715389251708984,51.838220963993535,51.57027053274707,51.701521277055555,19442000,-0.0034074990414042494,GOOGL,352,1089,63.52000045776367,56.7400016784668,1.0
2017-11-13,51.569278717041016,51.94272398995253,51.47319292759274,51.549466785545135,18814000,-0.002825281541570135,GOOGL,349,1086,63.15999984741211,56.7599983215332,1.0
2017-11-14,51.591068267822266,51.62375814218123,50.981368669184114,51.39691663858131,21012000,0.00042252967897438154,GOOGL,348,1085,62.209999084472656,55.70000076293945,1.0
2017-11-15,51.332035064697266,51.491516769962814,51.05219672409437,51.262200177953694,18106000,-0.005020892410684263,GOOGL,347,1084,61.869998931884766,55.33000183105469,1.0
2017-11-16,51.929359436035156,52.092310048315056,51.41079536525171,51.44794038110662,23768000,0.01163648334972578,GOOGL,346,1083,61.36000061035156,55.13999938964844,1.0
2017-11-17,51.30628967285156,52.054669205851226,51.19930975384751,51.99523717709577,26712000,-0.01199841033955118,GOOGL,345,1082,62.720001220703125,56.54999923706055,1.0
2017-11-20,51.245361328125,51.445456923655776,51.14729170051542,51.31172733088796,17526000,-0.001187541432348005,GOOGL,342,1079,62.220001220703125,56.09000015258789,1.0
2017-11-21,52.019996643066406,52.024455556494665,51.46725764253082,51.51183166185263,22206000,0.015116203591216903,GOOGL,341,1078,62.56999969482422,56.83000183105469,1.0
2017-11-22,52.10022735595703,52.274072053751155,51.86892692130338,52.06258355124841,14538000,0.0015423052300660434,GOOGL,340,1077,63.31999969482422,58.02000045776367,1.0
2017-11-24,52.32806396484375,52.50389251796374,52.10023239119901,52.222569100215786,16492000,0.004373044427044448,GOOGL,338,1075,63.86000061035156,58.95000076293945,1.0
2017-11-27,53.09525680541992,53.14627357022731,52.2413825509207,52.429594018332445,35430000,0.01466121202365911,GOOGL,335,1072,63.84000015258789,58.11000061035156,1.0
2017-11-28,52.66337585449219,53.4909993036399,52.22999970272659,53.19333282607308,36424000,-0.008134077823758634,GOOGL,334,1071,63.61000061035156,57.9900016784668,1.0
2017-11-29,51.38008117675781,52.43950001653055,50.99722303418218,52.31121935619875,55866000,-0.024367877237496005,GOOGL,333,1070,63.11000061035156,57.29999923706055,1.0
2017-11-30,51.32014846801758,51.714894511578215,51.01802689217109,51.50687489067157,45092000,-0.0011664580391388402,GOOGL,332,1069,63.56999969482422,57.400001525878906,1.0
2017-12-01,50.770389556884766,51.373151515629374,50.365739387532074,51.034871138541874,37762000,-0.010712340621450434,GOOGL,331,1068,63.4900016784668,58.36000061035156,1.0
2017-12-04,50.11659622192383,51.080922946335235,49.98534548937222,50.905589440537035,38778000,-0.012877453584010934,GOOGL,328,1065,62.45000076293945,57.470001220703125,1.0
2017-12-05,50.49946212768555,51.34541241539941,49.643607762605264,50.07301998993938,38998000,0.007639503370626688,GOOGL,327,1064,62.86000061035156,57.619998931884766,1.0
2017-12-06,51.14927673339844,51.48904210820917,50.286979683565995,50.34691049427053,28710000,0.012867753008336313,GOOGL,326,1063,61.220001220703125,55.959999084472656,1.0
2017-12-07,51.7361946105957,51.951643246768874,51.28003646177929,51.3152014156208,30866000,0.011474607554206706,GOOGL,325,1062,62.20000076293945,56.689998626708984,1.0
2017-12-08,51.97442626953125,52.32310569971317,51.80008277570056,52.09477913004769,31170000,0.004604738727474134,GOOGL,324,1061,63.400001525878906,57.36000061035156,1.0
2017-12-11,52.10270690917969,52.30230751380156,51.71390857117377,52.06011295182674,23254000,0.0024681492198335153,GOOGL,321,1058,64.69000244140625,57.9900016784668,1.0
2017-12-12,51.944210052490234,52.62423959392244,51.751048440044656,52.00513089281747,33882000,-0.003042008104602534,GOOGL,320,1057,63.34000015258789,57.13999938964844,1.0
2017-12-13,52.07398223876953,52.27655293813682,51.835747790323225,52.108157164248524,27680000,0.002498299351326283,GOOGL,319,1056,62.439998626708984,56.599998474121094,1.0
2017-12-14,52.37511444091797,52.851084515454254,52.1834378608064,52.27704858370643,30962000,0.005782776526820799,GOOGL,318,1055,63.310001373291016,57.040000915527344,1.0
2017-12-15,53.094757080078125,53.25572759864882,52.50487319144233,52.68763192124048,63760000,0.01374016356512131,GOOGL,317,1054,63.22999954223633,57.29999923706055,1.0
2017-12-18,53.743099212646484,53.81243909137885,53.014036677340464,53.31516824551818,30292000,0.0122110386829819,GOOGL,314,1051,63.40999984741211,57.15999984741211,1.0
2017-12-19,53.480098724365234,53.73715506846243,53.10813845518965,53.64057425350983,26350000,-0.00489366062125729,GOOGL,313,1050,63.79999923706055,57.459999084472656,1.0
2017-12-20,53.172035217285156,53.55191951881382,52.92637176474287,53.53656649771495,28728000,-0.005760339162196204,GOOGL,312,1049,64.55999755859375,58.09000015258789,1.0
2017-12-21,53.03780746459961,53.36816379993906,52.94618057962035,53.26266893954436,25640000,-0.002524405021117393,GOOGL,311,1048,64.9000015258789,58.36000061035156,1.0
2017-12-22,52.939247131347656,53.08089697650318,52.878821301067504,52.99570906343734,17788000,-0.0018583033116091885,GOOGL,310,1047,65.25,58.470001220703125,1.0
2017-12-26,52.790164947509766,52.93924757536532,52.43306268455807,52.92834968930506,18376000,-0.0028160994331484224,GOOGL,306,1043,67.0199966430664,59.970001220703125,1.0
2017-12-27,52.51032638549805,52.91002638259456,52.42018454395802,52.82731354379894,22324000,-0.005300960174872915,GOOGL,305,1042,66.44000244140625,59.63999938964844,1.0
2017-12-28,52.299835205078125,52.74014535013895,52.172544562488085,52.611864677614854,19884000,-0.0040085673601536476,GOOGL,304,1041,66.72000122070312,59.84000015258789,1.0
2017-12-29,52.17353439331055,52.4038448292665,52.13886445204989,52.27705298086757,23606000,-0.0024149370886605848,GOOGL,303,1040,66.5999984741211,60.41999816894531,1.0
2018-01-02,53.154693603515625,53.29188830870418,52.15471058060357,52.15471058060357,31766000,0.01880568801048832,GOOGL,299,1036,66.56999969482422,60.369998931884766,1.0
2018-01-03,54.06156539916992,54.288406929832405,53.165592177103825,53.19035425920193,31318000,0.0170609918743716,GOOGL,298,1035,67.83999633789062,61.630001068115234,1.0
2018-01-04,54.271568298339844,54.68364745853761,54.19727826890904,54.33744307367388,26052000,0.0038845138430481096,GOOGL,297,1034,68.06999969482422,62.0099983215332,1.0
2018-01-05,54.991214752197266,55.15416533864201,54.57071661293118,54.65243941359534,30250000,0.013260100572391798,GOOGL,296,1033,67.62000274658203,61.439998626708984,1.0
2018-01-08,55.18537139892578,55.43053982316546,54.97685675183388,55.02638469586232,24644000,0.0035306848121727796,GOOGL,293,1030,67.77999877929688,61.72999954223633,1.0
2018-01-09,55.11503982543945,55.39487817991294,54.88770328171802,55.39487817991294,26808000,-0.0012744604539836057,GOOGL,292,1029,68.81999969482422,62.959999084472656,1.0
2018-01-10,54.983795166015625,55.1145509137219,54.67869968094772,54.82827355493141,20734000,-0.0023812857586514857,GOOGL,291,1028,69.19999694824219,63.56999969482422,1.0
2018-01-11,55.07838821411133,55.217067960630466,54.80251376577012,55.091266158965205,22424000,0.0017203804831968927,GOOGL,290,1027,69.26000213623047,63.79999923706055,1.0
2018-01-12,55.99962615966797,56.03181724529466,54.87829641598141,54.98181121814807,38586000,0.016725942341947686,GOOGL,289,1026,69.87000274658203,64.30000305175781,-1.0
2018-01-16,56.002105712890625,56.902537948639186,55.80201008036208,56.47807583494782,36462000,4.4278031706701526e-05,GOOGL,285,1022,69.1500015258789,63.72999954223633,-1.0
2018-01-17,56.41814422607422,56.429038333336884,55.64499891828019,56.28243455967417,27830000,0.007428979819375403,GOOGL,284,1021,69.37999725341797,63.970001220703125,-1.0
2018-01-18,56.263118743896484,56.49194034577695,55.69304290959551,56.43052448424012,27498000,-0.002747794779575319,GOOGL,283,1020,69.30999755859375,63.95000076293945,-1.0
2018-01-19,56.63606643676758,56.64993441199983,56.09125150461203,56.36514590481893,30552000,0.006628635262270199,GOOGL,282,1019,68.61000061035156,63.369998931884766,-1.0
2018-01-22,57.659339904785156,57.794059560207096,56.552868012538575,56.651927694096024,29550000,0.018067523618717996,GOOGL,279,1016,69.02999877929688,63.4900016784668,-1.0
2018-01-23,58.25416946411133,58.37006719645452,57.81237430664541,57.97928502802167,39138000,0.010316274177061935,GOOGL,278,1015,69.95999908447266,64.47000122070312,-1.0
2018-01-24,58.01247024536133,58.79304455671574,57.81980363155958,58.69051978440772,37128000,-0.004149045827507747,GOOGL,277,1014,70.52999877929688,65.61000061035156,-1.0
2018-01-25,58.54985427856445,58.691507898424895,58.03970928708369,58.47902935800414,29984000,0.009263250313773508,GOOGL,276,1013,70.41999816894531,65.51000213623047,-1.0
2018-01-26,58.81829833984375,58.81829833984375,57.851005205879616,58.81681329512731,42170000,0.004584880092136645,GOOGL,275,1012,70.5199966430664,66.13999938964844,-1.0
2018-01-29,58.764808654785156,59.33537944552649,58.64494703365654,58.84009248447448,31494000,-0.0009094055178124894,GOOGL,272,1009,69.45999908447266,65.55999755859375,-1.0
2018-01-30,58.313602447509766,58.836625373210545,58.17194883065757,58.330939305463666,37338000,-0.007678170279188823,GOOGL,271,1008,69.0199966430664,64.5,-1.0
2018-01-31,58.5538215637207,58.756891053721176,58.05259059049569,58.63257050625159,36022000,0.004119435365482094,GOOGL,270,1007,69.05000305175781,64.7300033569336,-1.0
2018-02-01,58.522613525390625,58.812854753596156,57.9168777506432,58.24525402129233,73514000,-0.0005329803844846825,GOOGL,269,1006,69.08000183105469,65.80000305175781,-1.0
2018-02-02,55.432518005371094,56.031814798918795,55.03480186434895,55.83964320845578,117842000,-0.05280173481450656,GOOGL,268,1005,68.58000183105469,65.44999694824219,-1.0
2018-02-05,52.61878967285156,55.22400009670068,52.338955114699,54.51177570685918,83550000,-0.05075952588419119,GOOGL,265,1002,67.62000274658203,64.1500015258789,1.0
2018-02-06,53.710411071777344,53.85651983678333,51.01505842536514,51.211688945611634,76630000,0.02074584774208521,GOOGL,264,1001,66.86000061035156,63.38999938964844,1.0
2018-02-07,52.27308654785156,53.814419482431425,52.2339576950617,53.73715558547398,51942000,-0.026760631602781304,GOOGL,263,1000,65.51000213623047,61.790000915527344,1.0
2018-02-08,49.91057205200195,52.69507282277826,49.761489413833445,52.49398716160833,66792000,-0.04519561885229273,GOOGL,262,999,64.80999755859375,61.150001525878906,1.0
2018-02-09,51.820396423339844,52.09032695237437,49.3801162177478,50.8105054265085,98360000,0.03826492650390856,GOOGL,261,998,62.790000915527344,59.20000076293945,1.0
2018-02-12,52.230987548828125,52.77629751888971,51.78176337960311,52.33549238239492,56240000,0.007923349758539366,GOOGL,258,995,62.59000015258789,59.290000915527344,1.0
2018-02-13,52.21018600463867,52.560849301141864,51.85258872017135,52.00513645538222,31586000,-0.00039826059520708945,GOOGL,257,994,62.720001220703125,59.189998626708984,1.0
2018-02-14,53.12944030761719,53.266635032378154,51.995236285916015,52.21910397737328,41304000,0.017606800000613765,GOOGL,256,993,64.36000061035156,60.599998474121094,1.0
2018-02-15,54.05364227294922,54.1893519373981,52.858513756412485,53.66187007851998,37396000,0.01739528893925746,GOOGL,255,992,64.33000183105469,61.34000015258789,1.0
2018-02-16,54.25869369506836,54.89315548099452,54.06305320916554,54.153690067334985,39948000,0.00379348020774839,GOOGL,254,991,64.83999633789062,61.68000030517578,1.0
2018-02-20,54.65937805175781,55.28839087271835,53.98628245123134,54.1229821455205,33754000,0.0073847033424963016,GOOGL,250,987,65.25,61.900001525878906,1.0
2018-02-21,55.162593841552734,56.274514601892804,54.85353445785939,54.93228718274358,41486000,0.009206394359599468,GOOGL,249,986,65.41999816894531,61.68000030517578,1.0
2018-02-22,54.971900939941406,55.742567361132465,54.73664037981366,55.43103293849201,28010000,-0.003456924127952843,GOOGL,248,985,66.38999938964844,62.77000045776367,1.0
2018-02-23,55.87282943725586,55.91790224647903,54.89959231013615,55.40577341002635,25292000,0.01638889108635233,GOOGL,247,984,67.30999755859375,63.54999923706055,-1.0
2018-02-26,56.645973205566406,56.670735287297454,55.93473880553307,56.05955058022811,30912000,0.013837562480682575,GOOGL,244,981,67.5,63.90999984741211,-1.0
2018-02-27,55.348812103271484,56.67321120132736,55.313152137885176,56.64597026771818,42964000,-0.022899440664344572,GOOGL,243,980,66.62999725341797,63.0099983215332,-1.0
2018-02-28,54.67572021484375,55.85103677896943,54.630156169979756,55.5711984221567,49292000,-0.01216090938269565,GOOGL,242,979,65.77999877929688,61.63999938964844,1.0
2018-03-01,53.06554412841797,55.039758149419924,52.86148461385466,54.95407522114462,55338000,-0.029449563354606467,GOOGL,241,978,65.70999908447266,60.9900016784668,1.0
2018-03-02,53.696044921875,53.832249601046136,52.01058334084755,52.40037169625163,50162000,0.011881547693758154,GOOGL,240,977,64.37000274658203,61.25,1.0
2018-03-05,54.22203826904297,54.54001167475715,53.108137540447714,53.398378773982685,28648000,0.009795755868672762,GOOGL,237,974,65.54000091552734,62.56999969482422,1.0
2018-03-06,54.526145935058594,54.76042026143354,54.209162546202684,54.5855817374966,23382000,0.005608562048270427,GOOGL,236,973,65.79000091552734,62.599998474121094,1.0
2018-03-07,55.22648239135742,55.283938133886465,53.981825877237945,54.12595458039762,30748000,0.012844048378789497,GOOGL,235,972,64.33999633789062,61.150001525878906,1.0
2018-03-08,55.936729431152344,56.03875541739711,55.33346866818821,55.33346866818821,33862000,0.012860624270106813,GOOGL,234,971,63.61000061035156,60.119998931884766,-1.0
2018-03-09,57.49489212036133,57.50281613746827,56.17990582701403,56.437948402216335,42662000,0.027855806105481884,GOOGL,233,970,65.48999786376953,62.040000915527344,-1.0
2018-03-12,57.747005462646484,58.35274132675264,57.413675214896735,57.70341769218676,44306000,0.004384969394452876,GOOGL,230,967,64.94999694824219,61.36000061035156,-1.0
2018-03-13,56.45825958251953,58.34481062369362,56.19377801507319,58.03921636545667,43140000,-0.022317103195257038,GOOGL,229,966,64.63999938964844,60.709999084472656,-1.0
2018-03-14,56.90303039550781,57.44140638851811,56.579113017042566,56.74998764349581,41870000,0.00787786970900517,GOOGL,228,965,64.88999938964844,60.959999084472656,-1.0
2018-03-15,56.98822021484375,57.5771179823987,56.24776851380792,56.936712207082564,33382000,0.001497105140865429,GOOGL,227,964,65.12000274658203,61.189998626708984,-1.0
2018-03-16,56.186344146728516,57.295290867454185,56.03478645744216,57.22298090579607,58656000,-0.014070909129855091,GOOGL,226,963,66.20999908447266,62.34000015258789,-1.0
2018-03-19,54.485042572021484,55.440942919147865,53.93279480894025,55.361203943763385,63656000,-0.030279627559752664,GOOGL,223,960,66.05000305175781,62.060001373291016,1.0
2018-03-20,54.2735481262207,54.75645217553608,53.61085163849673,54.40232002021162,54598000,-0.003881697357971503,GOOGL,222,959,67.41999816894531,63.400001525878906,1.0
2018-03-21,54.18440246582031,54.912475012958105,53.84810214533323,54.11357753821644,44898000,-0.0016425250140836845,GOOGL,221,958,69.47000122070312,65.16999816894531,1.0
2018-03-22,52.161155700683594,53.68515186344425,51.98730719914103,53.49149520564098,69312000,-0.03734002172328077,GOOGL,220,957,68.91000366210938,64.30000305175781,1.0
2018-03-23,50.84368896484375,52.836229967013395,50.76048110737324,52.07299247983766,49880000,-0.02525762165623524,GOOGL,219,956,70.44999694824219,65.87999725341797,1.0
2018-03-26,52.207706451416016,52.4642677813901,50.05271371080923,52.03485176957417,65984000,0.0268276656226778,GOOGL,216,953,70.12000274658203,65.55000305175781,1.0
2018-03-27,49.8724365234375,52.725291114749005,49.41082936555807,52.69359126089091,60816000,-0.04473036811436437,GOOGL,215,952,70.11000061035156,65.25,1.0
2018-03-28,49.78526306152344,50.76642810776992,48.73624695359332,49.623306250220224,77698000,-0.0017479286754537027,GOOGL,214,951,69.52999877929688,64.37999725341797,1.0
2018-03-29,51.36819076538086,51.90855053727211,49.72879211981809,50.08391429466122,69338000,0.03179510575049638,GOOGL,213,950,70.2699966430664,64.94000244140625,1.0
2018-04-02,50.15424728393555,51.48657051147306,49.24391105555859,50.89668276250771,65068000,-0.023632202406930758,GOOGL,209,946,67.63999938964844,63.0099983215332,1.0
2018-04-03,50.45389175415039,50.766914996972,49.39249288398896,50.32858496553638,51322000,0.005974458524289794,GOOGL,208,945,68.12000274658203,63.5099983215332,1.0
2018-04-04,51.00019836425781,51.15027102158978,49.355845663970214,49.4410335775266,50724000,0.010827838866611872,GOOGL,207,944,68.0199966430664,63.369998931884766,1.0
2018-04-05,51.14531326293945,51.84218087585708,50.71738610999088,51.82633284167074,35836000,0.0028453791031397557,GOOGL,206,943,68.33000183105469,63.540000915527344,1.0
2018-04-06,50.021507263183594,51.311727661836606,49.8382497299174,50.67280703793724,40134000,-0.021972805093173342,GOOGL,205,942,67.11000061035156,62.060001373291016,1.0
2018-04-09,50.52373123168945,51.73718282980988,50.47964845314249,50.5212523783784,33220000,0.010040160642570184,GOOGL,202,939,68.6500015258789,63.41999816894531,1.0
2018-04-10,51.33649444580078,51.56977493778973,50.29193366697194,51.027435108969414,36620000,0.016086761494003676,GOOGL,201,938,71.04000091552734,65.51000213623047,1.0
2018-04-11,50.7698860168457,51.305291882088326,50.47964856935469,51.11361530511741,34060000,-0.011037146869334546,GOOGL,200,937,72.05999755859375,66.81999969482422,1.0
2018-04-12,51.37562561035156,51.74015688841402,50.818926504843326,51.08737197981285,32896000,0.01193108043033364,GOOGL,199,936,72.0199966430664,67.06999969482422,1.0
2018-04-13,51.31371307373047,52.15272938196606,51.02199056921725,51.851102799988446,25410000,-0.0012050955270239694,GOOGL,198,935,72.58000183105469,67.38999938964844,1.0
2018-04-16,51.811973571777344,52.07596012298749,51.20871285471783,51.78473263552287,29776000,0.009710084657700513,GOOGL,195,932,71.41999816894531,66.22000122070312,1.0
2018-04-17,53.459293365478516,53.738636700190646,52.35629057383204,52.55985506195212,54584000,0.03179419119055704,GOOGL,194,931,71.58000183105469,66.5199966430664,1.0
2018-04-18,53.262672424316406,53.5900549127777,53.02146788354375,53.441966086595215,31126000,-0.00367795623144318,GOOGL,193,930,73.4800033569336,68.47000122070312,1.0
2018-04-19,53.95903778076172,54.35823895015478,52.947166882839696,52.947166882839696,39884000,0.013074172300213016,GOOGL,192,929,73.77999877929688,68.29000091552734,1.0
2018-04-20,53.35826873779297,54.221552242630366,53.0997273104804,53.70249310670613,42434000,-0.011133798297325193,GOOGL,191,928,74.05999755859375,68.37999725341797,1.0
2018-04-23,53.18441390991211,53.8872293358343,52.831275533992,53.63859201696975,69590000,-0.00325825466218177,GOOGL,188,925,74.70999908447266,68.63999938964844,1.0
2018-04-24,50.6500244140625,52.72279908200114,50.165635350931325,52.46079261906915,128220000,-0.0476528612337922,GOOGL,187,924,73.86000061035156,67.69999694824219,1.0
2018-04-25,50.66736602783203,51.315200751501955,50.37118083802617,51.00217749676059,57860000,0.00034238115322038354,GOOGL,186,923,74.0,68.05000305175781,1.0
2018-04-26,51.67378616333008,52.10518220799904,50.54155859369161,51.174040274086884,50926000,0.01986328112941993,GOOGL,185,922,74.73999786376953,68.19000244140625,1.0
2018-04-27,51.08638000488281,52.08933701519235,50.895202200479275,51.7842415291065,40746000,-0.011367585038003503,GOOGL,184,921,74.63999938964844,68.0999984741211,1.0
2018-04-30,50.44894790649414,51.42911910957225,50.43507992990553,51.233482392427234,34492000,-0.012477535075449575,GOOGL,181,918,75.16999816894531,68.56999969482422,1.0
2018-05-01,51.546993255615234,51.59553117023378,50.05419826083364,50.33601668607699,35326000,0.0217654756875465,GOOGL,180,917,75.16999816894531,67.25,1.0
2018-05-02,50.81892395019531,51.70697317236466,50.67578528265589,51.21267620560563,34698000,-0.014124379705514833,GOOGL,179,916,73.36000061035156,67.93000030517578,1.0
2018-05-03,50.831302642822266,51.04873511363707,49.919481376159794,50.78524358255634,39282000,0.00024358431199922315,GOOGL,178,915,73.62000274658203,68.43000030517578,1.0
2018-05-04,52.05466079711914,52.098248560404556,50.42269110633165,50.49995499847703,36892000,0.024067023481437744,GOOGL,177,914,74.87000274658203,69.72000122070312,1.0
2018-05-07,52.47367858886719,52.748068023211516,52.018510448922456,52.19780410965964,34400000,0.00804957299368736,GOOGL,174,911,76.16999816894531,70.7300033569336,1.0
2018-05-08,52.43058776855469,52.759459066220046,52.08636345036337,52.72924426136514,26030000,-0.0008211892413740873,GOOGL,173,910,74.8499984741211,69.05999755859375,1.0
2018-05-09,53.93427276611328,54.18439510357113,52.604923479935806,52.70348812596933,47160000,0.028679537299797886,GOOGL,172,909,77.20999908447266,71.13999938964844,1.0
2018-05-10,54.75248718261719,54.9476326368219,54.178451277670796,54.233923176432,36414000,0.015170584019035704,GOOGL,171,908,77.47000122070312,71.36000061035156,1.0
2018-05-11,54.64897918701172,54.927827538954205,54.34388370586371,54.50188038975968,30504000,-0.0018904711170514288,GOOGL,170,907,77.12000274658203,70.69999694824219,1.0
2018-05-14,54.8084602355957,55.38051610557874,54.71930842606978,54.757443468740725,39338000,0.002918280468482859,GOOGL,167,904,78.2300033569336,70.95999908447266,1.0
2018-05-15,53.732200622558594,54.43798611030764,53.4305702646546,54.32803233565259,35738000,-0.01963674236442292,GOOGL,166,903,78.43000030517578,71.30999755859375,1.0
2018-05-16,53.693565368652344,54.20321912531988,53.57172746011377,53.743097090425245,25628000,-0.000719033530333979,GOOGL,165,902,79.27999877929688,71.48999786376953,1.0
2018-05-17,53.553409576416016,54.03581869997716,53.31369005964076,53.56331743393244,25738000,-0.0026102902884924672,GOOGL,164,901,79.30000305175781,71.48999786376953,1.0
2018-05-18,52.977874755859375,53.18044921565993,52.73221510531387,52.797591081903796,35482000,-0.010746931429928885,GOOGL,163,900,78.51000213623047,71.27999877929688,1.0
2018-05-21,53.68960952758789,54.14973159914759,53.39194305201143,53.44147099899115,25180000,0.013434566316758545,GOOGL,160,897,79.22000122070312,72.23999786376953,1.0
2018-05-22,53.25870895385742,54.07543829732825,53.107646257968995,53.976382402438205,22226000,-0.008025772165637601,GOOGL,159,896,79.56999969482422,72.12999725341797,1.0
2018-05-23,53.78618621826172,53.88722594303769,52.845140182918804,52.99570785087286,23740000,0.009904056533951877,GOOGL,158,895,79.80000305175781,71.83999633789062,1.0
2018-05-24,53.760929107666016,53.84364194997576,53.10962924071612,53.83274784223311,20604000,-0.0004695835933266057,GOOGL,157,894,78.79000091552734,70.70999908447266,1.0
2018-05-25,53.69307327270508,53.96498762736049,53.619773273377604,53.81540998155274,22224000,-0.0012621774974358457,GOOGL,156,893,76.44000244140625,67.87999725341797,1.0
2018-05-29,52.900115966796875,53.557363510957344,52.65296749223589,53.29287817833833,36076000,-0.014768335235362695,GOOGL,152,889,75.38999938964844,66.7300033569336,1.0
2018-05-30,53.365692138671875,53.440975978419594,52.824837284135356,53.16807158699159,28686000,0.008801042556640493,GOOGL,151,888,77.5,68.20999908447266,1.0
2018-05-31,54.481563568115234,54.976850509643555,53.39193380824872,53.590045561868465,79368000,0.020909902686987447,GOOGL,150,887,77.58999633789062,67.04000091552734,1.0
2018-06-01,56.21507263183594,56.37158425576218,55.07640607311136,55.1190038069176,63202000,0.03181826934084575,GOOGL,149,886,77.58999633789062,65.80999755859375,1.0
2018-06-04,57.10857391357422,57.34730337127463,56.31413161357686,56.388425420941054,44754000,0.015894336517005003,GOOGL,146,883,75.29000091552734,64.75,1.0
2018-06-05,57.008522033691406,57.50777292364141,56.83220225276364,57.18880949147938,32964000,-0.0017519589971590754,GOOGL,145,882,75.37999725341797,65.5199966430664,1.0
2018-06-06,56.806941986083984,57.1912851795451,56.28045393352633,57.09519938117982,34934000,-0.0035359634036520315,GOOGL,144,881,75.36000061035156,64.7300033569336,1.0
2018-06-07,56.186344146728516,56.753446054952,55.77525506182121,56.68955512520098,36108000,-0.010924683104883481,GOOGL,143,880,77.31999969482422,65.94999694824219,1.0
2018-06-08,56.10165786743164,56.402294428236736,55.63212296124815,56.027364058708805,27284000,-0.001507239536278071,GOOGL,142,879,76.45999908447266,65.73999786376953,1.0
2018-06-11,56.507293701171875,56.84607286088622,56.03677254863758,56.11304641638284,24796000,0.007230371599690644,GOOGL,139,876,76.45999908447266,66.0999984741211,1.0
2018-06-12,56.86835861206055,56.89609456335456,56.513236409518306,56.513236409518306,26092000,0.006389704536162943,GOOGL,138,875,75.87999725341797,66.36000061035156,1.0
2018-06-13,56.67222213745117,57.23734780343342,56.63012319630143,57.07092831979859,34302000,-0.0034489561400454782,GOOGL,137,874,76.73999786376953,66.63999938964844,1.0
2018-06-14,57.458740234375,57.74996771712685,56.98772030800911,57.06746305575158,35422000,0.01387837051838603,GOOGL,136,873,75.94000244140625,66.88999938964844,1.0
2018-06-15,57.417137145996094,57.64694877278908,57.14076766443033,57.44932823152563,44438000,-0.0007240515230443334,GOOGL,135,872,73.44000244140625,65.05999755859375,1.0
2018-06-18,58.621177673339844,58.648418608597645,57.007531077980516,57.091233943412,33038000,0.020970055060080872,GOOGL,132,869,75.33999633789062,65.8499984741211,-1.0
2018-06-19,58.37898254394531,58.5830382701534,57.53303229335861,57.95402546964368,47282000,-0.004131529576975379,GOOGL,131,868,75.08000183105469,65.06999969482422,-1.0
2018-06-20,58.64544677734375,59.508238909620445,58.54441082891511,58.60731173390214,51686000,0.004564386390219388,GOOGL,130,867,74.73999786376953,66.22000122070312,-1.0
2018-06-21,57.92083740234375,58.955490302751805,57.625646046592195,58.71676465225756,44966000,-0.0123557652779267,GOOGL,129,866,73.05000305175781,65.54000091552734,-1.0
2018-06-22,57.913421630859375,58.19623012167856,57.43596266331485,58.02238538972822,34220000,-0.0001280328775784545,GOOGL,128,865,75.55000305175781,68.58000183105469,-1.0
2018-06-25,56.42706298828125,57.25468645901929,55.46719494462363,57.20565352539057,57682000,-0.025665184351430392,GOOGL,125,862,74.7300033569336,68.08000183105469,1.0
2018-06-26,56.097198486328125,56.80298021645919,55.91790482848343,56.66776934002606,34688000,-0.005845856305185193,GOOGL,124,861,76.30999755859375,70.52999877929688,1.0
2018-06-27,55.320587158203125,56.77029319707854,55.30869924220121,56.264603318198674,34538000,-0.013844030523454287,GOOGL,123,860,77.62000274658203,72.76000213623047,1.0
2018-06-28,55.80794906616211,56.1655463392435,54.78221011633495,55.09522959464341,29726000,0.008809774678733007,GOOGL,122,859,77.8499984741211,73.44999694824219,1.0
2018-06-29,55.927303314208984,56.53006891912906,55.819828410061184,56.08183485928755,31562000,0.002138660352943189,GOOGL,121,858,79.44000244140625,74.1500015258789,1.0
2018-07-02,56.567222595214844,56.610810360116105,54.80846100487398,55.24183712806388,23216000,0.01144198348721881,GOOGL,118,855,77.30000305175781,73.94000244140625,1.0
2018-07-03,55.287899017333984,56.95354876268108,55.19627212722594,56.929281693715645,16448000,-0.022615987124477988,GOOGL,117,854,77.76000213623047,74.13999938964844,1.0
2018-07-05,56.526607513427734,56.66776611867363,55.62667039199737,55.69997416604077,28594000,0.022404694663933356,GOOGL,115,852,77.38999938964844,72.94000244140625,1.0
2018-07-06,57.20960998535156,57.26508188517266,56.32601592875299,56.55038238132639,21820000,0.012082849156684006,GOOGL,114,851,77.11000061035156,73.80000305175781,1.0
2018-07-09,57.8138542175293,57.84604907886013,57.31609218718581,57.45328688558235,21584000,0.01056193587637555,GOOGL,111,848,78.06999969482422,73.8499984741211,1.0
2018-07-10,57.80692672729492,58.12193005263485,57.580085185303595,57.948085339389145,21334000,-0.00011982405131316654,GOOGL,110,847,78.86000061035156,74.11000061035156,1.0
2018-07-11,58.020896911621094,58.46566219069951,57.22397949703814,57.23635864993495,33252000,0.0037014627215106177,GOOGL,109,846,73.4000015258789,70.37999725341797,-1.0
2018-07-12,59.49684524536133,59.53300022861221,58.10211613134386,58.18928788182617,44148000,0.025438219888059166,GOOGL,108,845,74.44999694824219,70.33000183105469,-1.0
2018-07-13,59.65336608886719,59.95152760581457,59.20116799531702,59.573128313683604,32612000,0.0026307418966564633,GOOGL,107,844,75.33000183105469,71.01000213623047,-1.0
2018-07-16,59.26158142089844,59.86583212573338,59.10754487656112,59.62313879101136,26784000,-0.0065676875196799545,GOOGL,104,841,71.83999633789062,68.05999755859375,-1.0
2018-07-17,60.082275390625,60.36359880270279,58.54292253128568,58.57957630900136,40162000,0.013848668058614289,GOOGL,103,840,72.16000366210938,68.08000183105469,-1.0
2018-07-18,60.0738525390625,60.503759758198434,59.660288369260854,59.85691509113603,38948000,-0.0001401886248105777,GOOGL,102,839,72.9000015258789,68.76000213623047,-1.0
2018-07-19,59.38985824584961,60.25066642578569,59.32200342178183,59.7637985217823,38338000,-0.011385890271780497,GOOGL,101,838,72.58000183105469,69.45999908447266,-1.0
2018-07-20,59.329444885253906,59.96787060468797,59.26555016669532,59.39680470860392,37938000,-0.0010172336217004752,GOOGL,100,837,73.06999969482422,70.45999908447266,-1.0
2018-07-23,59.979251861572266,60.18232133493052,59.038700869095344,59.21948333549664,65446000,0.010952520752134376,GOOGL,97,834,73.05999755859375,67.88999938964844,-1.0
2018-07-24,62.31452941894531,63.14908672847397,61.620631911685535,62.9509711908328,107600000,0.03893475635145793,GOOGL,96,833,73.44000244140625,68.5199966430664,-1.0
2018-07-25,63.195655822753906,63.309569726516095,61.86382748324968,62.040646076056156,51104000,0.014139983275565093,GOOGL,95,832,73.93000030517578,69.30000305175781,-1.0
2018-07-26,63.669151306152344,63.76325705413558,62.55475545210352,62.76178507467441,54686000,0.0074925321564263125,GOOGL,94,831,74.54000091552734,69.61000061035156,-1.0
2018-07-27,62.05401611328125,63.96334545740939,61.637973051945494,63.84844152911539,48362000,-0.02536762560419148,GOOGL,93,830,74.29000091552734,68.69000244140625,-1.0
2018-07-30,60.922279357910156,62.054011935091324,60.631546894618864,61.665704852073915,43896000,-0.018237929247078566,GOOGL,90,827,74.97000122070312,70.12999725341797,-1.0
2018-07-31,60.78261184692383,61.475519394267046,60.23631185273447,61.004994472591584,39382000,-0.002292552288889249,GOOGL,89,826,74.25,68.76000213623047,-1.0
2018-08-01,61.06840133666992,61.70781333735168,60.66969509998637,61.371516777248885,36994000,0.004701829701984961,GOOGL,88,825,74.25,67.66000366210938,-1.0
2018-08-02,61.47154998779297,61.63400556180207,60.3289233634072,60.35071535483142,34704000,0.006601591695523323,GOOGL,87,824,73.44999694824219,68.95999908447266,-1.0
2018-08-03,61.324459075927734,61.7385183023063,60.89157794505739,61.6721485110006,21264000,-0.0023928290712442735,GOOGL,86,823,73.20999908447266,68.48999786376953,-1.0
2018-08-06,61.3001823425293,61.537426738865605,60.946548983215884,61.495327799333516,22114000,-0.00039587358395420935,GOOGL,83,820,73.75,69.01000213623047,-1.0
2018-08-07,62.20012283325195,62.707297752384854,62.00002721647295,62.01042630882609,42506000,0.014680877875599574,GOOGL,82,819,74.6500015258789,69.16999816894531,-1.0
2018-08-08,62.47203826904297,62.98663842114291,62.01587633134736,62.243707903353865,34344000,0.004371622167370637,GOOGL,81,818,72.27999877929688,66.94000244140625,-1.0
2018-08-09,62.62705993652344,62.998525188645345,62.41111628455596,62.5413770081394,27326000,0.0024814568529498704,GOOGL,80,817,72.06999969482422,66.80999755859375,-1.0
2018-08-10,62.03519821166992,62.465604291813655,61.77022160407814,62.36555458431101,26602000,-0.009450574966370806,GOOGL,79,816,72.80999755859375,67.62999725341797,-1.0
2018-08-13,61.8435173034668,62.70185055034832,61.76377833074552,61.9703129261406,27500000,-0.0030898733900888153,GOOGL,76,813,72.61000061035156,67.19999694824219,-1.0
2018-08-14,62.31403350830078,62.435376392072776,61.39279948344066,62.03469018858092,28080000,0.0076081734246316035,GOOGL,75,812,72.45999908447266,67.04000091552734,-1.0
2018-08-15,61.03025436401367,62.00894044161446,60.73407295161501,61.627571116824846,37052000,-0.020601766119281884,GOOGL,74,811,70.76000213623047,65.01000213623047,-1.0
2018-08-16,60.6260986328125,61.59884452158065,60.40668610248797,61.51414784622211,32176000,-0.006622219346991254,GOOGL,73,810,71.43000030517578,65.45999908447266,-1.0
2018-08-17,60.2194709777832,60.769239864107305,59.63255707700748,60.526055271019985,33092000,-0.006707138743861307,GOOGL,72,809,71.83000183105469,65.91000366210938,-1.0
2018-08-20,60.52159118652344,60.717726670793255,59.8653374623516,60.4577002556298,22218000,0.0050169854340251785,GOOGL,69,806,72.20999908447266,66.43000030517578,-1.0
2018-08-21,60.296730041503906,61.056997358748404,60.17885225585488,60.574588330792075,23082000,-0.0037153871967200436,GOOGL,68,805,72.62999725341797,67.3499984741211,-1.0
2018-08-22,60.51169204711914,60.748437666291004,60.08921002018448,60.13873796550922,22296000,0.00356506904217313,GOOGL,67,804,74.77999877929688,67.86000061035156,-1.0
2018-08-23,60.48247146606445,61.17636909989101,60.39282463182586,60.41907554050296,24666000,-0.00048289148867186604,GOOGL,66,803,74.7300033569336,67.83000183105469,-1.0
2018-08-24,61.2546272277832,61.28681831638865,60.495349824584906,60.72219138346194,24454000,0.012766603992893977,GOOGL,65,802,75.81999969482422,68.72000122070312,-1.0
2018-08-27,62.221412658691406,62.300660383894375,61.449261246537105,61.62063086248598,28580000,0.01578305957708448,GOOGL,62,799,76.20999908447266,68.87000274658203,-1.0
2018-08-28,61.70582580566406,62.2357827475134,61.562687136336,62.203092868200905,27330000,-0.008286325092866975,GOOGL,61,798,75.94999694824219,68.52999877929688,-1.0
2018-08-29,62.636470794677734,62.761286357570334,62.04955688869612,62.15852063704074,36926000,0.0150819631187602,GOOGL,60,797,77.13999938964844,69.51000213623047,-1.0
2018-08-30,62.13079071044922,62.876196383019675,61.77269837401948,62.5745659860289,30104000,-0.008073253135320035,GOOGL,59,796,77.7699966430664,70.25,-1.0
2018-08-31,61.00945281982422,62.037171833474375,60.709802522136044,62.02033376834746,42308000,-0.018048022209323222,GOOGL,58,795,77.41999816894531,69.80000305175781,-1.0
2018-09-04,59.99461364746094,60.814811899224935,59.75935305592431,60.549831515330006,41458000,-0.016634130048016504,GOOGL,54,791,78.16999816894531,69.87000274658203,-1.0
2018-09-05,59.38985824584961,60.17092368744953,58.21305298050572,59.89108535971309,53988000,-0.010080161615257266,GOOGL,53,790,77.2699966430664,68.72000122070312,-1.0
2018-09-06,58.6414909362793,59.38442149196552,57.63209495703287,59.36361952709607,46854000,-0.012600927694967345,GOOGL,52,789,76.5,67.7699966430664,-1.0
2018-09-07,58.32450485229492,58.86733975254547,57.912425693601364,58.04763656966391,32658000,-0.005405491554244746,GOOGL,51,788,76.83000183105469,67.75,-1.0
2018-09-10,58.199195861816406,58.77373062791461,57.978793285573936,58.651888930787,27670000,-0.0021484792849224554,GOOGL,48,785,77.37000274658203,67.54000091552734,-1.0
2018-09-11,58.938655853271484,58.98570872116798,57.74798628086685,58.00305877434174,29254000,0.012705673686811636,GOOGL,47,784,79.05999755859375,69.25,-1.0
2018-09-12,58.02783203125,58.97333330769086,57.75839273474083,58.54292723298274,35716000,-0.01545375965629403,GOOGL,46,783,79.73999786376953,70.37000274658203,-1.0
2018-09-13,58.54985427856445,58.833161518285344,57.90994358271611,58.42900640018643,40068000,0.008996066698361727,GOOGL,45,782,78.18000030517578,68.58999633789062,-1.0
2018-09-14,58.34381866455078,58.84009949324075,58.122921076828106,58.84009949324075,24176000,-0.0035189774005826013,GOOGL,44,781,78.08999633789062,68.98999786376953,-1.0
2018-09-17,57.44487762451172,58.53401258638153,57.377022786102074,58.33342193971797,34096000,-0.015407648327024126,GOOGL,41,778,78.05000305175781,68.91000366210938,-1.0
2018-09-18,57.80543899536133,58.509739420785856,57.524115592874914,57.58503643660533,32314000,0.006276649646752119,GOOGL,40,777,79.02999877929688,69.8499984741211,-1.0
2018-09-19,58.16006851196289,58.25912440216259,57.38494313449723,57.897071987128484,25962000,0.006134881470756026,GOOGL,39,776,79.4000015258789,71.12000274658203,-1.0
2018-09-20,59.01691436767578,59.13727101817225,58.25813580081784,58.4770533289916,29244000,0.014732545501328742,GOOGL,38,775,78.69999694824219,70.80000305175781,-1.0
2018-09-21,58.05358123779297,59.26505286647782,58.050611148086276,59.18283503971153,91222000,-0.016323000621164985,GOOGL,37,774,78.80000305175781,70.77999877929688,-1.0
2018-09-24,58.42207717895508,58.70092174969082,57.03230190241453,57.42407412206599,31150000,0.0063475143704350145,GOOGL,34,771,81.19999694824219,72.08000183105469,-1.0
2018-09-25,59.13181686401367,59.27891564513962,58.15114698695478,58.654361759934176,33152000,0.012148484260231962,GOOGL,33,770,81.87000274658203,72.27999877929688,-1.0
2018-09-26,59.14024353027344,59.79303224318227,58.71132628296164,59.121920418843274,37650000,0.0001425064661744191,GOOGL,32,769,81.33999633789062,71.56999969482422,-1.0
2018-09-27,59.798973083496094,60.26949423633054,59.33786099337192,59.43444181016383,36274000,0.011138431529884585,GOOGL,31,768,81.72000122070312,72.12000274658203,-1.0
2018-09-28,59.78511047363281,59.85296531469847,59.326968432062245,59.63701785926492,35612000,-0.00023182019938583487,GOOGL,30,767,82.72000122070312,73.25,-1.0
2018-10-01,59.85691833496094,60.63303373026284,59.59243676941261,60.07831470776749,33164000,0.0012010994168822897,GOOGL,27,764,84.9800033569336,75.30000305175781,-1.0
2018-10-02,59.81283187866211,60.64887798513399,59.41759462439577,59.764788985113256,40180000,-0.0007365306722293408,GOOGL,26,763,84.80000305175781,75.2300033569336,-1.0
2018-10-03,60.00550842285156,60.13675918117882,59.540927443600616,60.02878546181327,26246000,0.00322132455758517,GOOGL,25,762,86.29000091552734,76.41000366210938,-1.0
2018-10-04,58.29875183105469,59.72666218717124,57.643983061136176,59.68357321238878,46576000,-0.02844333189829118,GOOGL,24,761,84.58000183105469,74.33000183105469,-1.0
2018-10-05,57.84109878540039,58.54292035533071,57.17196709374146,58.24574891886128,31852000,-0.007850134544570397,GOOGL,23,760,84.16000366210938,74.33999633789062,-1.0
2018-10-08,57.251216888427734,58.23881702982609,56.23488698706484,57.453292565610894,46190000,-0.010198317621198938,GOOGL,20,757,83.91000366210938,74.29000091552734,-1.0
2018-10-09,56.718780517578125,57.530060865203154,56.66925257333919,57.02288594951988,33690000,-0.009300000939495012,GOOGL,19,756,85.0,74.95999908447266,-1.0
2018-10-10,54.093265533447266,56.31512299838277,54.06107066993579,56.284413179631855,58980000,-0.04629004643915369,GOOGL,18,755,83.08999633789062,73.16999816894531,1.0
2018-10-11,54.02293395996094,55.277003296281244,53.28743244957282,53.44344906654606,67696000,-0.0013001909349110718,GOOGL,17,754,80.26000213623047,70.97000122070312,1.0
2018-10-12,55.4988899230957,55.76089641357545,54.23541154662628,55.45431212814943,49370000,0.02732091456248331,GOOGL,16,753,80.43000030517578,71.33999633789062,-1.0
2018-10-15,54.60242462158203,55.56129882431708,54.39341116854314,55.37309111445668,30074000,-0.0161528510346044,GOOGL,13,750,80.77999877929688,71.77999877929688,-1.0
2018-10-16,56.11997985839844,56.28293046363899,55.06353484272854,55.14921777234451,38378000,0.027792817761000732,GOOGL,12,749,81.41000366210938,71.91999816894531,-1.0
2018-10-17,55.84806823730469,56.80941746396931,55.17497262904208,56.46271807500473,35652000,-0.0048451838682023185,GOOGL,11,748,80.05000305175781,69.75,-1.0
2018-10-18,54.37805938720703,56.083828067524756,53.80501343280134,55.96743531125964,46152000,-0.026321570226053748,GOOGL,10,747,79.29000091552734,68.6500015258789,-1.0
2018-10-19,54.738136291503906,55.519205738379355,54.33447989156594,54.665331297657964,41286000,0.006621731418050336,GOOGL,9,746,79.77999877929688,69.12000274658203,-1.0
2018-10-22,55.044708251953125,55.5558432539641,54.48156645567991,55.10117018030207,27116000,0.00560070147102909,GOOGL,6,743,79.83000183105469,69.16999816894531,-1.0
2018-10-23,55.22004318237305,55.373089711407495,53.44196461479365,54.05017549641106,37686000,0.0031853185526458105,GOOGL,5,742,76.44000244140625,66.43000030517578,-1.0
2018-10-24,52.35777282714844,55.304732433740355,52.255743081075536,55.22449467854196,49286000,-0.0518339028778283,GOOGL,4,741,76.16999816894531,66.81999969482422,1.0
2018-10-25,54.65937805175781,55.36416972248822,53.27059289465589,53.505853461516494,72956000,0.043959188871684596,GOOGL,3,740,76.88999938964844,67.33000183105469,-1.0
2018-10-26,53.67673110961914,55.32355894935248,51.62029917882041,51.922424565104556,106438000,-0.017977645870909664,GOOGL,2,739,77.62000274658203,67.58999633789062,1.0
2018-10-29,51.24882888793945,54.91890718185647,49.88530466369168,54.31019755563432,81290000,-0.0452319314438393,GOOGL,1462,736,77.33999633789062,67.04000091552734,1.0
2018-10-30,51.980865478515625,52.04971034304068,50.22061879116499,50.519770302765785,59768000,0.01428396719419367,GOOGL,1461,735,75.91000366210938,66.18000030517578,1.0
2018-10-31,54.0150032043457,54.877795242629226,52.90655153079691,52.90655153079691,70916000,0.039132432811662454,GOOGL,1460,734,75.47000122070312,65.30999755859375,1.0
2018-11-01,53.78717803955078,54.47661670512628,53.383022905725845,54.055623505981124,40132000,-0.004217812668325327,GOOGL,1459,733,75.5,63.689998626708984,1.0
2018-11-02,53.06951141357422,54.382517823884484,52.879814877438974,53.93675873770704,43438000,-0.013342708283540117,GOOGL,1458,732,72.83000183105469,63.13999938964844,1.0
2018-11-05,52.2889289855957,53.161625118432454,51.21267215028388,53.12101122516715,45358000,-0.014708679375157296,GOOGL,1455,729,73.16999816894531,63.099998474121094,1.0
2018-11-06,52.97441101074219,53.48208093180129,52.18393264129936,52.25376753259809,28660000,0.013109505940259725,GOOGL,1454,728,72.12999725341797,62.209999084472656,1.0
2018-11-07,54.889686584472656,54.9733894546815,53.52021829844188,53.663851985386415,43388000,0.036154730882087316,GOOGL,1453,727,72.06999969482422,61.66999816894531,-1.0
2018-11-08,54.21560287475586,54.88869852264013,53.706942883528534,54.8431344738312,33694000,-0.012280698828174508,GOOGL,1452,726,70.6500015258789,60.66999816894531,-1.0
2018-11-09,53.3433952331543,53.90455315434124,52.71140861998109,53.690094576396916,34860000,-0.016087760632607195,GOOGL,1451,725,70.18000030517578,60.189998626708984,1.0
2018-11-12,51.97343826293945,53.19878166937508,51.52718794427889,53.1507387670384,34002000,-0.025681848038112465,GOOGL,1448,722,70.12000274658203,59.93000030517578,1.0
2018-11-13,51.90459442138672,52.830782545490095,51.52966403701406,52.24337359797783,25750000,-0.0013245966373139906,GOOGL,1447,721,65.47000122070312,55.689998626708984,1.0
2018-11-14,52.23197555541992,52.78719336026628,51.56482391849371,52.500421013686946,34666000,0.006307363301509827,GOOGL,1446,720,66.12000274658203,56.25,1.0
2018-11-15,53.0477180480957,53.4350313497898,51.573741122642325,52.07745095531345,41584000,0.015617684071900673,GOOGL,1445,719,66.62000274658203,56.459999084472656,1.0
2018-11-16,52.91002655029297,53.11656114046982,52.24782504415557,52.7594588777133,35366000,-0.002595615850579991,GOOGL,1444,718,66.76000213623047,56.459999084472656,1.0
2018-11-19,50.886775970458984,52.896653754575325,50.661423254561655,52.66832339157759,45684000,-0.038239455009738244,GOOGL,1441,715,66.79000091552734,56.7599983215332,1.0
2018-11-20,51.036842346191406,51.3785915474753,49.638153252785486,49.88975684431895,54458000,0.002949025024095331,GOOGL,1440,714,62.529998779296875,53.43000030517578,1.0
2018-11-21,51.67973709106445,52.238420059518155,51.48310656298204,51.772849029769944,29698000,0.012596679483267925,GOOGL,1439,713,63.47999954223633,54.630001068115234,1.0
2018-11-23,51.01951217651367,51.65843282550483,50.941254476800474,51.18790793363675,14178000,-0.01277531488574335,GOOGL,1437,711,58.79999923706055,50.41999816894531,1.0
2018-11-26,52.299339294433594,52.35183733122089,51.49845799386155,51.70796646227262,31558000,0.02508505203836653,GOOGL,1434,708,60.47999954223633,51.630001068115234,1.0
2018-11-27,52.11806106567383,52.83523948335219,51.7822595489403,52.0715069877795,33048000,-0.0034661667088987658,GOOGL,1433,707,60.209999084472656,51.560001373291016,1.0
2018-11-28,54.0749397277832,54.12793655522315,51.65595669272815,52.37462012399331,46042000,0.03754703498358314,GOOGL,1432,706,58.7599983215332,50.290000915527344,1.0
2018-11-29,54.2131233215332,54.48899778136068,53.590050687313294,53.66582953615492,31004000,0.0025554091127169,GOOGL,1431,705,59.5099983215332,51.45000076293945,-1.0
2018-11-30,54.95951843261719,54.95951843261719,53.64849599115852,54.265129647334916,59668000,0.013767793946443119,GOOGL,1430,704,58.709999084472656,50.93000030517578,-1.0
2018-12-03,55.29186248779297,56.215076706044705,55.06254208871045,56.07441688540029,57532000,0.006047070000863464,GOOGL,1427,701,61.689998626708984,52.95000076293945,-1.0
2018-12-04,52.62275695800781,55.186858639231,52.53905409261525,55.12494776628658,45630000,-0.04827302625905261,GOOGL,1426,700,62.08000183105469,53.25,1.0
2018-12-06,53.395896911621094,53.46226669561172,51.6326765104273,51.75748828252991,47436000,0.014692121779750877,GOOGL,1424,698,60.060001373291016,51.4900016784668,1.0
2018-12-07,51.835750579833984,53.740129888807274,51.47864828479398,53.10616307036286,42682000,-0.029218468497109518,GOOGL,1423,697,61.66999816894531,52.61000061035156,1.0
2018-12-10,52.16263198852539,52.48060536761739,51.16314403052314,51.65545711811883,33652000,0.006306099651975927,GOOGL,1420,694,59.970001220703125,51.0,1.0
2018-12-11,52.58214569091797,53.01552182319118,52.01008980091573,52.84415218578602,33852000,0.008042418229295967,GOOGL,1419,693,60.20000076293945,51.650001525878906,1.0
2018-12-12,53.180450439453125,54.071964752835314,53.093278689920794,53.34637112739864,28960000,0.011378477250662877,GOOGL,1418,692,60.150001525878906,51.150001525878906,1.0
2018-12-13,53.17103576660156,53.90802604602563,52.74756752148816,53.27653440075751,24986000,-0.00017703258949042233,GOOGL,1417,691,61.45000076293945,52.58000183105469,1.0
2018-12-14,52.08982467651367,53.08089363015127,51.97392695131295,52.50140878288737,36358000,-0.02033458770361274,GOOGL,1416,690,60.279998779296875,51.20000076293945,1.0
2018-12-17,50.79911422729492,52.618301721909674,50.35236512530061,51.85704430533333,49932000,-0.02477855238012938,GOOGL,1413,687,59.61000061035156,49.880001068115234,1.0
2018-12-18,51.67874526977539,52.485071731849246,51.038335729213074,51.21267924120859,43640000,0.01731587363009246,GOOGL,1412,686,56.2599983215332,46.2400016784668,1.0
2018-12-19,51.28498458862305,53.278515444177366,50.491041129525485,51.87090842246445,58264000,-0.0076193932166274125,GOOGL,1411,685,57.2400016784668,47.20000076293945,1.0
2018-12-20,50.69658279418945,51.87833825031847,49.91799239916836,50.81644063465961,53674000,-0.011473178731618905,GOOGL,1410,684,54.349998474121094,45.880001068115234,1.0
2018-12-21,49.0953254699707,51.39444695222503,48.597068364199366,51.115602387570746,104656000,-0.03158511355132754,GOOGL,1409,683,53.81999969482422,45.59000015258789,1.0
2018-12-24,48.7694206237793,50.12898085797179,48.422222483081136,48.752083767055204,36360000,-0.006638205227720628,GOOGL,1406,680,50.470001220703125,42.529998779296875,1.0
2018-12-26,51.898651123046875,51.928367134430836,49.16466471352241,49.42915006255567,46318000,0.06416378253511201,GOOGL,1404,678,54.470001220703125,46.220001220703125,1.0
2018-12-27,52.148765563964844,52.170557555832964,49.87539640501062,50.82635025996791,45996000,0.004819285964195341,GOOGL,1403,677,52.15999984741211,44.61000061035156,1.0
2018-12-28,51.8406982421875,52.709925548211785,51.60890278241842,52.47565501384212,34398000,-0.005907471029193867,GOOGL,1402,676,52.20000076293945,45.33000183105469,1.0
2018-12-31,51.75551223754883,52.64851540759331,51.165129459396006,52.39294410728488,33110000,-0.0016432264133616759,GOOGL,1399,673,53.79999923706055,45.40999984741211,1.0
2019-01-02,52.236934661865234,52.53955507341007,50.780789555670246,50.87588533236922,31868000,0.009301857976146799,GOOGL,1397,671,54.90999984741211,46.540000915527344,1.0
2019-01-03,50.79019546508789,52.81047235393287,50.63665770148199,52.03832084396553,41960000,-0.0276957138879268,GOOGL,1396,670,55.95000076293945,47.09000015258789,1.0
2019-01-04,53.39540481567383,53.49099559894608,51.35432601569991,51.63663945243364,46022000,0.05129354842465017,GOOGL,1395,669,57.060001373291016,47.959999084472656,1.0
2019-01-07,53.2889289855957,53.62473054272011,52.63118629165986,53.539047600899885,47446000,-0.001994100998872317,GOOGL,1392,666,57.33000183105469,48.52000045776367,1.0
2019-01-08,53.75696563720703,54.15220293457674,52.913985451885345,53.78816669236628,35414000,0.008782999781020928,GOOGL,1391,665,58.720001220703125,49.779998779296875,1.0
2019-01-09,53.572715759277344,54.06750771618479,53.21214463701567,53.88672902952126,26998000,-0.003427460529918047,GOOGL,1390,664,61.439998626708984,52.36000061035156,1.0
2019-01-10,53.433048248291016,53.481586161977674,52.73221670000579,53.240381638315014,26598000,-0.002607064230492062,GOOGL,1389,663,61.68000030517578,52.59000015258789,1.0
2019-01-11,52.72181701660156,53.16262216456006,52.32360582708245,52.99075750720199,30864000,-0.01331069918348149,GOOGL,1388,662,60.47999954223633,51.59000015258789,1.0
2019-01-14,52.07992172241211,52.42365100748316,51.93331795528554,52.170558574702184,28490000,-0.01217513603499909,GOOGL,1385,659,58.9900016784668,50.5099983215332,1.0
2019-01-15,53.81343078613281,53.90060254155327,52.22504494160213,52.40186352721006,37518000,0.0332855543247621,GOOGL,1384,658,60.63999938964844,52.11000061035156,1.0
2019-01-16,53.96200942993164,54.59845500660492,53.88771940667306,53.98628027527192,38280000,0.002760995566131408,GOOGL,1383,657,61.31999969482422,52.310001373291016,1.0
2019-01-17,54.437992095947266,54.516246029884265,53.65246377295928,53.886738117264954,24896000,0.008820699433620627,GOOGL,1382,656,61.18000030517578,52.06999969482422,1.0
2019-01-18,54.8431282043457,55.373085114513,54.44590708448727,54.907019135610604,44892000,0.0074421574492384845,GOOGL,1381,655,62.70000076293945,53.79999923706055,1.0
2019-01-22,53.42313766479492,54.430553442615526,53.0397845241094,54.28345088555543,39632000,-0.025891858944659285,GOOGL,1377,651,61.5,52.56999969482422,1.0
2019-01-23,53.70941925048828,54.13239251034095,52.87535686802543,53.83076214878094,25194000,0.005358756490299044,GOOGL,1376,650,61.13999938964844,52.619998931884766,1.0
2019-01-24,53.689117431640625,53.887233009070954,52.99670482997445,53.61531863274661,29114000,-0.0003779936393087935,GOOGL,1375,649,61.09000015258789,53.130001068115234,1.0
2019-01-25,54.55635452270508,54.6479814012899,54.07543055106336,54.19578340832691,23260000,0.016152939972773117,GOOGL,1374,648,61.63999938964844,53.689998626708984,1.0
2019-01-28,53.484066009521484,54.15319776871378,53.224039559339644,53.98975591834081,29334000,-0.019654695086661844,GOOGL,1371,645,59.93000030517578,51.9900016784668,1.0
2019-01-29,52.99867630004883,53.725263711611795,52.798580695109784,53.54250118581568,19704000,-0.009075407793159296,GOOGL,1370,644,61.31999969482422,53.310001373291016,1.0
2019-01-30,54.38201904296875,54.457797893434226,53.32458024096373,53.36024020964044,29452000,0.02610145836639788,GOOGL,1369,643,61.650001525878906,54.22999954223633,1.0
2019-01-31,55.76386642456055,55.85202820572741,54.74159635544075,55.08780072853778,40232000,0.02541000510665037,GOOGL,1368,642,61.88999938964844,53.790000915527344,1.0
2019-02-01,55.40379333496094,56.18535766046908,55.18735467248871,55.58556205909414,33116000,-0.006457104083461118,GOOGL,1367,641,61.869998931884766,55.2599983215332,1.0
2019-02-04,56.533050537109375,56.57861836403511,55.34881983939519,55.42311364859884,78408000,0.020382308397570492,GOOGL,1364,638,62.5099983215332,54.560001373291016,1.0
2019-02-05,57.050621032714844,57.09519882696969,55.6504467610193,55.94910324544131,82296000,0.009155184280489559,GOOGL,1363,637,61.97999954223633,53.65999984741211,1.0
2019-02-06,55.61528015136719,57.156117968858695,55.39091369948589,56.921847440071225,48256000,-0.02515907549059948,GOOGL,1362,636,62.689998626708984,54.0099983215332,1.0
2019-02-07,54.7742919921875,55.07542358712486,54.16409722637858,55.06700455368921,38298000,-0.015121530573806052,GOOGL,1361,635,61.630001068115234,52.63999938964844,1.0
2019-02-08,54.59944534301758,54.7341649729305,54.19628404057537,54.227980109679756,21766000,-0.0031921297895527445,GOOGL,1360,634,62.099998474121094,52.720001220703125,1.0
2019-02-11,54.58657455444336,55.14674634608183,54.48157469897458,54.66730733999382,18498000,-0.0002357311231525605,GOOGL,1357,631,61.5099983215332,52.40999984741211,1.0
2019-02-12,55.84757614135742,56.10908763091339,55.026882908369075,55.026882908369075,35036000,0.023100947388746018,GOOGL,1356,630,62.41999816894531,53.099998474121094,1.0
2019-02-13,55.89957809448242,56.603878560470164,55.769317367151736,56.118000606141024,28042000,0.0009311407355150347,GOOGL,1355,629,63.61000061035156,53.900001525878906,1.0
2019-02-14,55.92780303955078,56.27103729841721,55.328011251969706,55.719783421674045,21106000,0.0005049223273323467,GOOGL,1354,628,64.56999969482422,54.40999984741211,1.0
2019-02-15,55.453819274902344,56.42805026271867,55.30969057089957,56.42805026271867,27826000,-0.00847492193307231,GOOGL,1353,627,66.25,55.59000015258789,1.0
2019-02-19,55.79457473754883,55.94959753874557,55.30572672425889,55.30572672425889,21980000,0.006144851104975313,GOOGL,1349,623,66.44999694824219,56.09000015258789,1.0
2019-02-20,55.50136184692383,56.013490661731915,55.063530612388284,55.911955925595045,24090000,-0.005255222250626357,GOOGL,1348,622,67.08000183105469,56.91999816894531,1.0
2019-02-21,54.69007873535156,55.43003906576824,54.381514423572675,55.411712179092994,33272000,-0.01461735504454531,GOOGL,1347,621,67.06999969482422,56.959999084472656,1.0
2019-02-22,55.301761627197266,55.33593654940632,54.506333133176156,54.96199624347031,29436000,0.011184531198166203,GOOGL,1346,620,67.12000274658203,57.2599983215332,1.0
2019-02-25,55.339908599853516,55.739604854739426,55.1804268656303,55.56774018856385,26208000,0.0006897966996677329,GOOGL,1343,617,64.76000213623047,55.47999954223633,1.0
2019-02-26,55.57169723510742,55.79110977830247,54.81341368295909,55.193297981460496,35026000,0.004188453525102442,GOOGL,1342,616,65.20999908447266,55.5,1.0
2019-02-27,55.61528015136719,55.755939960125424,54.905534577548536,55.175465073433884,22092000,0.0007842646244071716,GOOGL,1341,615,66.38999938964844,56.939998626708984,1.0
2019-02-28,55.79655838012695,56.16505355374932,55.393397045151694,55.42261804207146,27422000,0.0032595040116023544,GOOGL,1340,614,66.02999877929688,57.220001220703125,1.0
2019-03-01,56.884700775146484,56.95800455045446,56.016958502133754,56.016958502133754,34086000,0.019501962605046552,GOOGL,1339,613,65.06999969482422,55.79999923706055,1.0
2019-03-04,57.12739562988281,57.72669245750234,56.376042304704,57.18385756294769,35490000,0.004266434584857093,GOOGL,1336,610,65.66999816894531,56.59000015258789,1.0
2019-03-05,57.9084587097168,58.27001987356844,57.10758125238154,57.255175051686344,40094000,0.013672303300755084,GOOGL,1335,609,65.86000061035156,56.560001373291016,1.0
2019-03-06,57.69796371459961,58.18334284423935,57.604352993084895,58.03574904568272,23602000,-0.0036349611059820486,GOOGL,1334,608,65.98999786376953,56.220001220703125,1.0
2019-03-07,57.00010299682617,57.630604637262714,56.54740996081109,57.47805690884928,30086000,-0.012095066668650123,GOOGL,1333,607,66.30000305175781,56.65999984741211,1.0
2019-03-08,56.956520080566406,57.12887974533633,55.977335200557874,56.16059275130759,23694000,-0.0007646111843375714,GOOGL,1332,606,65.73999786376953,56.06999969482422,1.0
2019-03-11,58.40721893310547,58.43941002017811,57.035766773103475,57.05706375241342,30032000,0.025470285938941073,GOOGL,1329,603,66.58000183105469,56.790000915527344,-1.0
2019-03-12,59.298240661621094,59.71725383390045,58.55778894830497,58.55778894830497,42220000,0.015255335638153289,GOOGL,1328,602,66.66999816894531,56.869998931884766,-1.0
2019-03-13,59.387882232666016,59.78708343433338,59.330925285629434,59.728146427571,25888000,0.0015117070935788401,GOOGL,1327,601,67.55000305175781,58.2599983215332,-1.0
2019-03-14,59.064453125,59.66721875673953,59.000067182617094,59.38589537951873,27302000,-0.0054460454811119385,GOOGL,1326,600,67.2300033569336,58.61000061035156,-1.0
2019-03-15,58.95401382446289,59.5196307590718,58.79106321470407,59.33538694879374,51886000,-0.001869809922786958,GOOGL,1325,599,67.16000366210938,58.52000045776367,-1.0
2019-03-18,58.86733627319336,59.18431964133926,58.51716801198953,58.923798203513506,24442000,-0.001470256996031094,GOOGL,1322,596,67.54000091552734,59.09000015258789,-1.0
2019-03-19,59.556278228759766,59.60333109562335,58.91240365468693,59.024337482363876,29788000,0.011703297604110041,GOOGL,1321,595,67.61000061035156,59.029998779296875,-1.0
2019-03-20,60.74348068237305,60.91980423989819,59.41413134958245,59.50377817309466,41508000,0.019934127667500467,GOOGL,1320,594,68.5,59.83000183105469,-1.0
2019-03-21,61.223907470703125,61.23926049004584,60.25562054121966,60.42501010510731,28150000,0.007909108647267349,GOOGL,1319,593,67.86000061035156,59.97999954223633,-1.0
2019-03-22,59.81332778930664,61.10008306465116,59.73160498968877,60.863337476189564,34422000,-0.023039687267126463,GOOGL,1318,592,67.02999877929688,59.040000915527344,-1.0
2019-03-25,59.30467987060547,59.90199668362058,58.93915854413122,59.412653595498995,27576000,-0.00850392274599554,GOOGL,1315,589,67.20999908447266,58.81999969482422,-1.0
2019-03-26,58.93122100830078,59.813326159274204,58.53102983150945,59.69148448548368,30752000,-0.006297291598563959,GOOGL,1314,588,67.97000122070312,59.939998626708984,-1.0
2019-03-27,58.34530258178711,59.03424619437144,57.66279416302155,59.03424619437144,29428000,-0.009942411110591798,GOOGL,1313,587,67.83000183105469,59.40999984741211,1.0
2019-03-28,58.06100082397461,58.30765426426912,57.62316961757383,58.220981317000145,22402000,-0.0048727445952306825,GOOGL,1312,586,67.81999969482422,59.29999923706055,1.0
2019-03-29,58.289833068847656,58.64049635460244,57.7692851938089,58.45277989164012,30890000,0.0039412383807644336,GOOGL,1311,585,68.38999938964844,60.13999938964844,1.0
2019-04-01,59.38391876220703,59.44434081035419,58.758866088650656,58.81730807718374,27706000,0.018769751700388637,GOOGL,1308,582,69.01000213623047,61.59000015258789,-1.0
2019-04-02,59.708831787109375,59.7222047482487,59.0005711978958,59.43691742976985,18288000,0.0054713975041527085,GOOGL,1307,581,69.37000274658203,62.58000183105469,-1.0
2019-04-03,59.969844818115234,60.45472893848953,59.686046339506525,60.06345176198101,22180000,0.004371430878709726,GOOGL,1306,580,69.30999755859375,62.459999084472656,-1.0
2019-04-04,60.397769927978516,60.452251797448994,59.88217600636881,59.99361481983488,21022000,0.007135671455564818,GOOGL,1305,579,69.4000015258789,62.099998474121094,-1.0
2019-04-05,60.00153350830078,60.444322412150456,59.931203610636096,60.39033556237959,20012000,-0.006560447846836515,GOOGL,1304,578,70.33999633789062,63.08000183105469,-1.0
2019-04-08,59.84454345703125,60.12536809285605,59.66722985164564,59.98470826746021,21750000,-0.002616433982438382,GOOGL,1301,575,71.0999984741211,64.4000015258789,-1.0
2019-04-09,59.56766891479492,59.78856648653898,59.354200345515004,59.52804882789943,19668000,-0.00462656286174401,GOOGL,1300,574,70.61000061035156,63.97999954223633,-1.0
2019-04-10,59.7538948059082,59.87722153345153,59.46712625018115,59.68653877078059,15510000,0.0031262914011231935,GOOGL,1299,573,71.7300033569336,64.61000061035156,-1.0
2019-04-11,59.9094123840332,60.065428978261984,59.65929384139134,59.87523746448745,16998000,0.0026026350019550115,GOOGL,1298,572,70.83000183105469,63.58000183105469,-1.0
2019-04-12,60.56022644042969,60.5760744751143,60.09267540857569,60.208074343061426,24312000,0.01086330228419885,GOOGL,1297,571,71.55000305175781,63.88999938964844,-1.0
2019-04-15,60.748435974121094,60.88563068388042,60.155578134082795,60.62758431445428,23796000,0.0031078076281061406,GOOGL,1294,568,71.18000030517578,63.400001525878906,-1.0
2019-04-16,61.0149040222168,61.21648468997316,60.67463981516365,60.92030326457273,22622000,0.004386418248022439,GOOGL,1293,567,71.72000122070312,64.05000305175781,-1.0
2019-04-17,61.422523498535156,61.66818694485466,61.063936185393956,61.267001895443855,30366000,0.006680654224579863,GOOGL,1292,566,71.62000274658203,63.7599983215332,-1.0
2019-04-18,61.488399505615234,61.709792109209396,61.386369744232624,61.66323425246353,24750000,0.0010725057084579603,GOOGL,1291,565,71.97000122070312,64.0,-1.0
2019-04-22,62.09709930419922,62.12582528359789,61.087208439930464,61.25065404804808,19084000,0.00989942498874763,GOOGL,1287,561,74.04000091552734,65.69999694824219,-1.0
2019-04-23,62.930667877197266,63.12085940891058,62.00844375608497,62.239744198104034,31868000,0.013423631414964943,GOOGL,1286,560,74.51000213623047,66.30000305175781,-1.0
2019-04-24,62.408634185791016,63.09956163490271,62.3967500492638,62.93066708284527,23396000,-0.008295378215672944,GOOGL,1285,559,74.56999969482422,65.88999938964844,-1.0
2019-04-25,62.76970291137695,63.04012843302719,62.30710579287008,62.91630668366039,31344000,0.005785557243746631,GOOGL,1284,558,74.3499984741211,65.20999908447266,-1.0
2019-04-26,63.26894760131836,63.34274638892736,62.65380277624632,63.06885199454624,27228000,0.00795359332266199,GOOGL,1283,557,72.1500015258789,63.29999923706055,-1.0
2019-04-29,64.1990966796875,64.2372392794385,62.98614009091481,63.421991278063544,72368000,0.014701510197867806,GOOGL,1280,554,72.04000091552734,63.5,-1.0
2019-04-30,59.38292694091797,59.48297285076681,58.59244862368012,58.970352814349525,133178000,-0.07501927578201206,GOOGL,1279,553,72.80000305175781,63.90999984741211,-1.0
2019-05-01,58.11302185058594,59.397302349525305,58.031794046998684,59.31062560228468,74340000,-0.02138502016910515,GOOGL,1278,552,72.18000030517578,63.599998474121094,-1.0
2019-05-02,57.77572250366211,58.4131581222717,57.37057735741476,58.07735285154446,45098000,-0.005804195620579766,GOOGL,1277,551,70.75,61.810001373291016,-1.0
2019-05-03,58.916866302490234,59.00849318877649,58.12440785406061,58.31558564430642,41588000,0.019751268342092843,GOOGL,1276,550,70.8499984741211,61.939998626708984,-1.0
2019-05-06,59.11051940917969,59.20809024756762,58.0060277968004,58.047631721150786,31774000,0.0032868874202371945,GOOGL,1273,547,71.23999786376953,62.25,-1.0
2019-05-07,58.38740921020508,59.175408810740414,57.700940581769316,58.731633554371605,36604000,-0.012233189730055272,GOOGL,1272,546,69.87999725341797,61.400001525878906,-1.0
2019-05-08,57.98721694946289,58.65535867616848,57.83120032420148,58.309645514268155,25520000,-0.00685408491583217,GOOGL,1271,545,70.37000274658203,62.119998931884766,-1.0
2019-05-09,57.8480339050293,58.15015927532852,57.187816247709954,57.58206729687322,29556000,-0.0024002366686246557,GOOGL,1270,544,70.38999938964844,61.70000076293945,-1.0
2019-05-10,57.831687927246094,58.25961508477187,56.77821308268988,57.891123724190116,31650000,-0.0002825675598593369,GOOGL,1269,543,70.62000274658203,61.65999984741211,-1.0
2019-05-13,56.293827056884766,57.0555795094131,55.744556942966774,56.722253060102986,45626000,-0.026592010807223954,GOOGL,1266,540,70.2300033569336,61.040000915527344,1.0
2019-05-14,55.71284866333008,56.70391759200433,55.64697389587768,56.57762077834279,40392000,-0.010320463609049146,GOOGL,1265,539,71.23999786376953,61.779998779296875,1.0
2019-05-15,57.98820495605469,58.35967021943757,55.54148587870929,55.59844282771411,59302000,0.040840781746316335,GOOGL,1264,538,71.7699966430664,62.02000045776367,-1.0
2019-05-16,58.666748046875,59.14519701770238,57.871814468235996,58.0397152321266,35308000,0.011701398436708477,GOOGL,1263,537,72.62000274658203,62.869998931884766,-1.0
2019-05-17,57.88815689086914,58.75540421154692,57.77126912112562,58.23733515521206,25362000,-0.0132714217495703,GOOGL,1262,536,72.20999908447266,62.7599983215332,-1.0
2019-05-20,56.69352722167969,57.106596425890835,56.37059986450055,57.106596425890835,30602000,-0.020636857923142626,GOOGL,1259,533,71.97000122070312,63.099998474121094,1.0
2019-05-21,57.177913665771484,57.35423723179189,56.62665973791251,57.17989372553306,20562000,0.008543946158046989,GOOGL,1258,532,72.18000030517578,62.9900016784668,-1.0
2019-05-22,57.24774932861328,57.6405115698009,57.00753482339587,57.01991775455204,18826000,0.0012213747995426516,GOOGL,1257,531,70.98999786376953,61.41999816894531,-1.0
2019-05-23,56.72719955444336,56.96048006392855,56.12394261855994,56.76335831681906,25214000,-0.009092929945278105,GOOGL,1256,530,67.76000213623047,57.90999984741211,1.0
2019-05-24,56.39387130737305,57.17394679556535,56.2997655712298,57.05705903712818,18554000,-0.005875986293848445,GOOGL,1255,529,68.69000244140625,58.630001068115234,1.0
2019-05-28,56.44091796875,57.279439133320295,56.39683519501404,56.53601372426509,20948000,0.0008342513164334431,GOOGL,1251,525,70.11000061035156,59.13999938964844,1.0
2019-05-29,55.46917724609375,56.21507788053336,55.07344112573063,56.101160201037274,36230000,-0.017216954607192636,GOOGL,1250,524,69.44999694824219,58.810001373291016,1.0
2019-05-30,55.54198455810547,55.80894500385442,55.26908015384158,55.47957866180913,18088000,0.0013125724163656205,GOOGL,1249,523,66.87000274658203,56.59000015258789,1.0
2019-05-31,54.80350875854492,55.14525422806117,54.64749214021227,54.760914800933854,31582000,-0.013295812265908258,GOOGL,1248,522,64.48999786376953,53.5,1.0
2019-06-03,51.447444915771484,52.84712427053818,50.86746498610896,52.84365916583414,96890000,-0.06123811994519712,GOOGL,1245,519,61.279998779296875,53.25,1.0
2019-06-04,52.22751998901367,52.423160478968796,51.31321981307492,51.73223296658159,60512000,0.015162561999323865,GOOGL,1244,518,61.970001220703125,53.47999954223633,1.0
2019-06-05,51.739662170410156,52.342427899855494,51.163151127283896,52.25278106936707,46988000,-0.00934101061482795,GOOGL,1243,517,60.630001068115234,51.68000030517578,1.0
2019-06-06,51.89419174194336,52.005135547432495,51.28746591630464,51.817422860733636,29020000,0.00298667530963459,GOOGL,1242,516,61.66999816894531,52.59000015258789,1.0
2019-06-07,52.91497802734375,53.16559540422133,52.06209372377589,52.217120313402106,43828000,0.019670530576456402,GOOGL,1241,515,63.290000915527344,53.9900016784668,1.0
2019-06-10,53.627689361572266,54.22599607759445,53.25721418519151,53.34240208809361,28510000,0.01346899045975647,GOOGL,1238,512,62.290000915527344,53.2599983215332,1.0
2019-06-11,53.542503356933594,54.68017990988899,53.46969837559754,54.33248671698533,33508000,-0.0015884705392456011,GOOGL,1237,511,62.290000915527344,53.27000045776367,1.0
2019-06-12,53.4464225769043,53.6158083748503,52.9758976544388,53.48852151892269,23670000,-0.001794476798904765,GOOGL,1236,510,59.970001220703125,51.13999938964844,1.0
2019-06-13,54.03630065917969,54.31267011301452,53.618281374252234,53.72427124013062,20814000,0.011036811330573437,GOOGL,1235,509,61.310001373291016,52.279998779296875,1.0
2019-06-14,53.80302429199219,54.22203741750554,53.56429862336168,53.97340389299385,24582000,-0.00431703066904654,GOOGL,1234,508,62.0099983215332,52.5099983215332,1.0
2019-06-17,54.178955078125,54.544971422069345,53.887232547423096,53.9417144252182,19770000,0.006987168306610725,GOOGL,1231,505,60.939998626708984,51.93000030517578,1.0
2019-06-18,54.7411003112793,55.411717051722846,54.520697751876064,55.051149694954006,34526000,0.010375711977901547,GOOGL,1230,504,62.13999938964844,53.900001525878906,1.0
2019-06-19,54.7049446105957,54.94862799986809,54.28494143117882,54.84015926631977,26714000,-0.0006604854575080754,GOOGL,1229,503,61.81999969482422,53.7599983215332,1.0
2019-06-20,55.13534927368164,55.6068642257885,54.82826997007802,55.55634247239921,24018000,0.007867746986121027,GOOGL,1228,502,64.44999694824219,56.650001525878906,1.0
2019-06-21,55.73811340332031,55.797545423876116,54.96298805282617,54.96992204047367,50774000,0.010932444204654779,GOOGL,1227,501,65.19999694824219,57.43000030517578,1.0
2019-06-24,55.30869674682617,55.648960931164254,55.14079600051931,55.472142358888306,24236000,-0.007704183551870303,GOOGL,1224,498,64.86000061035156,57.900001525878906,1.0
2019-06-25,53.86642837524414,55.25917374934614,53.71883078476726,55.22846770684191,31644000,-0.026076701430590044,GOOGL,1223,497,65.05000305175781,57.83000183105469,1.0
2019-06-26,53.5068473815918,54.23987385008098,53.1784748612079,54.03581432366244,34698000,-0.006675419263876825,GOOGL,1222,496,66.48999786376953,59.380001068115234,1.0
2019-06-27,53.3240852355957,53.910009091065085,53.28545139859072,53.82531619310023,24078000,-0.003415677711166576,GOOGL,1221,495,66.55000305175781,59.43000030517578,1.0
2019-06-28,53.629676818847656,53.629676818847656,53.18391775426052,53.35380234736618,33672000,0.005730835923425381,GOOGL,1220,494,66.55000305175781,58.470001220703125,1.0
2019-07-01,54.481563568115234,54.90701562525646,54.25026314561546,54.53307156600931,29196000,0.01588461463501112,GOOGL,1217,491,65.05999755859375,59.09000015258789,1.0
2019-07-02,55.10563659667969,55.11999958817194,54.46523082289865,54.72079835870391,20630000,0.011454756209120287,GOOGL,1216,490,62.400001525878906,56.25,1.0
2019-07-03,55.620235443115234,55.86787893797962,55.21707035221,55.39784904541384,20154000,0.0093384067078639,GOOGL,1215,489,63.81999969482422,57.34000015258789,1.0
2019-07-05,56.09967041015625,56.19773626639977,55.348320895974794,55.440937809373715,29794000,0.008619793915316087,GOOGL,1213,487,64.2300033569336,57.5099983215332,1.0
2019-07-08,55.31315612792969,55.829245080339426,55.06402758839945,55.762875293624795,29888000,-0.014019944796042405,GOOGL,1210,484,64.11000061035156,57.65999984741211,1.0
2019-07-09,55.68461990356445,55.8614384726801,54.83569578883825,54.99270242544533,29472000,0.006715649614634778,GOOGL,1209,483,64.16000366210938,57.83000183105469,1.0
2019-07-10,56.50779342651367,56.57861835228626,56.00012347225763,56.08234129944431,30710000,0.014782780673995966,GOOGL,1208,482,67.01000213623047,60.43000030517578,1.0
2019-07-11,56.664794921875,57.11847800523599,56.43944220375937,56.767814710831296,26004000,0.0027784042844549717,GOOGL,1207,481,66.5199966430664,60.20000076293945,1.0
2019-07-12,56.72719955444336,56.8341832392987,56.39139805195837,56.60783671758229,21878000,0.0011012945984256728,GOOGL,1206,480,66.72000122070312,60.209999084472656,1.0
2019-07-15,56.98326110839844,56.991680140256236,56.46271327552816,56.72719481852239,21164000,0.004513911421086814,GOOGL,1203,477,66.4800033569336,59.58000183105469,1.0
2019-07-16,57.12936782836914,57.3829552560664,56.79603766144622,56.79603766144622,25352000,0.0025640287538610806,GOOGL,1202,476,64.3499984741211,57.619998931884766,1.0
2019-07-17,56.796546936035156,57.37603185703564,56.79060297773779,57.00357655281577,19538000,-0.005825740857729467,GOOGL,1201,475,63.65999984741211,56.779998779296875,1.0
2019-07-18,56.82130813598633,56.86737097801879,56.109087419897726,56.56177670723543,25450000,0.0004359631225303584,GOOGL,1200,474,61.93000030517578,55.29999923706055,1.0
2019-07-19,56.0442008972168,57.036259960007996,56.02934289154562,56.92432612379443,23184000,-0.013676334886724817,GOOGL,1199,473,62.470001220703125,55.630001068115234,1.0
2019-07-22,56.423587799072266,56.46370667994142,55.73018903864181,56.2383501934316,28914000,0.006769422987246365,GOOGL,1196,470,63.2599983215332,56.220001220703125,1.0
2019-07-23,56.86142349243164,56.901542373770496,56.10858892426191,56.63359192866002,20648000,0.007759798879123592,GOOGL,1195,469,63.83000183105469,56.77000045776367,1.0
2019-07-24,56.449344635009766,56.733143116619324,55.89363180878285,56.097196306050485,27192000,-0.007247072480989214,GOOGL,1194,468,63.18000030517578,55.880001068115234,1.0
2019-07-25,56.26163101196289,56.64052525562124,55.65589523702844,56.410709856091835,54762000,-0.003325346366031212,GOOGL,1193,467,63.38999938964844,56.02000045776367,1.0
2019-07-26,61.67412567138672,62.82170246758765,60.82124144829522,60.82124144829522,121216000,0.09620223520133941,GOOGL,1192,466,63.459999084472656,56.20000076293945,1.0
2019-07-29,61.50672149658203,61.86085367588701,60.93020668782586,61.53941137657357,41382000,-0.002714333976887695,GOOGL,1189,463,63.709999084472656,56.869998931884766,1.0
2019-07-30,60.821250915527344,61.26255110027113,60.6885113266274,60.7717191878087,28616000,-0.011144645079038673,GOOGL,1188,462,64.72000122070312,58.04999923706055,1.0
2019-07-31,60.33586120605469,61.163484590606885,59.83958418427697,60.666217538983844,39960000,-0.007980593989209472,GOOGL,1187,461,65.16999816894531,58.58000183105469,1.0
2019-08-01,60.01789093017578,61.23233264202327,59.78114152891506,60.30763338210096,35426000,-0.0052700047620600765,GOOGL,1186,460,60.5,53.95000076293945,1.0
2019-08-02,59.25218200683594,59.90496695041743,58.939158718211765,59.58303339217574,34910000,-0.012758011177544715,GOOGL,1185,459,61.88999938964844,55.65999984741211,1.0
2019-08-05,57.193267822265625,58.28934050552652,56.59892491034866,58.09568007652619,47840000,-0.03474832680985107,GOOGL,1182,456,59.810001373291016,54.689998626708984,1.0
2019-08-06,58.00206756591797,58.51320257230716,57.529067600740014,57.72668813039375,36014000,0.014141520050327872,GOOGL,1181,455,58.939998626708984,53.630001068115234,1.0
2019-08-07,58.24129867553711,58.43743040415637,56.99961222052724,57.34433156922909,30686000,0.004124527273915879,GOOGL,1180,454,56.22999954223633,51.09000015258789,1.0
2019-08-08,59.741024017333984,59.74547915169052,58.14669429482071,58.762334158803085,30116000,0.0257502043378508,GOOGL,1179,453,57.380001068115234,52.540000915527344,1.0
2019-08-09,58.88467025756836,59.65533669726062,58.686059689824496,59.43394410682026,20418000,-0.01433443389783795,GOOGL,1178,452,58.529998779296875,54.5,1.0
2019-08-12,58.17145538330078,58.7217192586573,57.88518183118169,58.4438647389188,22064000,-0.012112063651675276,GOOGL,1175,449,58.56999969482422,54.93000030517578,1.0
2019-08-13,59.272483825683594,59.70338490800116,58.09667590711385,58.164031951349386,28434000,0.01892729750576061,GOOGL,1174,448,61.29999923706055,57.099998474121094,1.0
2019-08-14,57.663795471191406,58.58205580454452,57.506293798587365,58.249224362809336,35430000,-0.02714055917115321,GOOGL,1173,447,59.47999954223633,55.22999954223633,1.0
2019-08-15,57.91490173339844,58.266555065993956,57.60188223960174,57.87082273011321,28506000,0.004354660669752208,GOOGL,1172,446,58.22999954223633,54.470001220703125,1.0
2019-08-16,58.40473175048828,58.634052119378666,58.09716124237561,58.482989447189716,24916000,0.008457754436754339,GOOGL,1171,445,58.63999938964844,54.869998931884766,1.0
2019-08-19,59.45623016357422,59.899514131027765,58.95896311915331,59.02978803946685,24450000,0.018003651101045293,GOOGL,1168,442,59.7400016784668,56.209999084472656,1.0
2019-08-20,58.61870574951172,59.33538918322243,58.594933694585194,59.204138419302886,20206000,-0.0140864029178831,GOOGL,1167,441,60.029998779296875,56.34000015258789,1.0
2019-08-21,59.01740646362305,59.46217548603108,58.83613275315723,59.22740993354587,14152000,0.006801595310122366,GOOGL,1166,440,60.29999923706055,55.68000030517578,1.0
2019-08-22,59.01443862915039,59.37401597426125,58.389880917191206,59.12736249662652,17352000,-5.028744315438427e-05,GOOGL,1165,439,59.91999816894531,55.349998474121094,1.0
2019-08-23,57.135318756103516,59.219981563695576,56.95800516315785,58.6999287007099,36254000,-0.031841696993092805,GOOGL,1164,438,59.34000015258789,54.16999816894531,1.0
2019-08-26,58.00701904296875,58.040698950826204,57.198217575695054,57.42604913459214,21166000,0.01525676771991602,GOOGL,1161,435,58.70000076293945,53.63999938964844,1.0
2019-08-27,57.989192962646484,58.691509566685426,57.67914357236348,58.59245367806885,23460000,-0.00030730902253506276,GOOGL,1160,434,59.5099983215332,54.93000030517578,1.0
2019-08-28,58.13431167602539,58.3695722454839,57.4656749811865,57.6944965778,16810000,0.0025025130712266197,GOOGL,1159,433,60.4900016784668,55.779998779296875,1.0
2019-08-29,59.1491584777832,59.39432313270513,58.70537946670605,58.76184140064321,19636000,0.01745693330667475,GOOGL,1158,432,61.08000183105469,56.709999084472656,1.0
2019-08-30,58.96540069580078,59.45177362182627,58.72716627119563,59.45177362182627,18064000,-0.0031066846378117186,GOOGL,1157,431,60.43000030517578,55.099998474121094,1.0
2019-09-03,57.92628860473633,58.89358173147138,57.6370411950292,58.53548946301978,25908000,-0.01762240362658052,GOOGL,1153,427,58.2599983215332,53.939998626708984,1.0
2019-09-04,58.55629348754883,58.6855641775209,58.02435650134425,58.416623705533404,21312000,0.010875975278018979,GOOGL,1152,426,60.70000076293945,56.2599983215332,1.0
2019-09-05,60.03819274902344,60.12783957065317,59.07238087972799,59.120423776802696,26394000,0.0253072585919345,GOOGL,1151,425,60.95000076293945,56.29999923706055,1.0
2019-09-06,59.74746322631836,60.07583572599025,59.59590174657912,59.88713301150677,18972000,-0.004842409629490452,GOOGL,1150,424,61.540000915527344,56.52000045776367,1.0
2019-09-09,59.69545364379883,60.45225208362844,59.096156855526246,59.785100465649045,31854000,-0.0008704902218613642,GOOGL,1147,421,62.59000015258789,57.849998474121094,1.0
2019-09-10,59.71675491333008,59.92972847973825,59.23682092181226,59.24078482009586,27922000,0.0003568323587648248,GOOGL,1146,420,62.380001068115234,57.400001525878906,1.0
2019-09-11,60.42501449584961,60.547351202061336,59.54736435269177,59.62710710207204,23522000,0.011860315979116187,GOOGL,1145,419,60.810001373291016,55.75,1.0
2019-09-12,61.16646194458008,61.535448356203645,60.55180830394123,60.59688111565111,31644000,0.012270538202045378,GOOGL,1144,418,60.380001068115234,55.09000015258789,1.0
2019-09-13,61.417076110839844,61.46759786621537,60.775680320717825,61.02480887794694,23676000,0.004097248039077961,GOOGL,1143,417,60.220001220703125,54.849998474121094,1.0
2019-09-16,61.00102615356445,61.36704241483515,60.68205897727116,60.9420853755163,28218000,-0.006774173953259188,GOOGL,1140,414,69.0199966430664,62.900001525878906,1.0
2019-09-17,60.91436004638672,61.16794751680228,60.59093767989537,61.00103678715758,20806000,-0.0014207319555503695,GOOGL,1139,413,64.55000305175781,59.34000015258789,1.0
2019-09-18,61.051551818847656,61.22936042640877,60.2501793262344,60.932188981834784,17440000,0.0022522073999704517,GOOGL,1138,412,63.599998474121094,58.11000061035156,1.0
2019-09-19,61.35367965698242,61.63054416428074,61.03471620639554,61.035211221346685,16554000,0.004948733146558526,GOOGL,1137,411,64.4000015258789,58.130001068115234,1.0
2019-09-20,60.91237258911133,61.55426331584861,60.60232322154267,61.10058027519062,37692000,-0.0071928378271419735,GOOGL,1136,410,64.27999877929688,58.09000015258789,1.0
2019-09-23,61.152587890625,61.39973636118914,60.61222811246321,60.750412844824034,20798000,0.003943620832733918,GOOGL,1133,407,64.7699966430664,58.63999938964844,1.0
2019-09-24,60.3422966003418,61.767731662383596,59.96142231670884,61.41558335752098,35804000,-0.013250318886462442,GOOGL,1132,406,63.099998474121094,57.290000915527344,1.0
2019-09-25,61.70979309082031,61.81281288374729,59.89010675908413,60.227397105585325,26798000,0.022662320917874457,GOOGL,1131,405,62.38999938964844,56.4900016784668,1.0
2019-09-26,61.52900695800781,61.64688852899052,61.01044291937786,61.52157795529746,23166000,-0.0029296181976568025,GOOGL,1130,404,62.7400016784668,56.40999984741211,1.0
2019-09-27,60.71971130371094,61.66273743368935,60.187275503275984,61.55575374716802,34122000,-0.013153075180446172,GOOGL,1129,403,61.90999984741211,55.90999984741211,1.0
2019-09-30,60.48147201538086,60.79201640013217,60.09911268292569,60.45472609589399,24470000,-0.003923590597103455,GOOGL,1126,400,60.779998779296875,54.06999969482422,1.0
2019-10-01,59.73161315917969,61.06195637684846,59.7093261504374,60.5483424734457,24504000,-0.012398158166694095,GOOGL,1125,399,58.88999938964844,53.619998931884766,1.0
2019-10-02,58.340843200683594,59.37302107400408,58.0788367237423,59.26108724560142,33030000,-0.023283649728156663,GOOGL,1124,398,57.689998626708984,52.63999938964844,1.0
2019-10-03,58.910919189453125,58.98867809596157,57.608810817603015,58.60928884664899,28368000,0.009771473250884677,GOOGL,1123,397,57.709999084472656,52.45000076293945,1.0
2019-10-04,59.9772834777832,60.05157729417565,58.987204350860196,59.15164002117878,24282000,0.018101301134017866,GOOGL,1122,396,58.369998931884766,52.810001373291016,1.0
2019-10-07,59.84305191040039,60.37102880405795,59.650385292328075,59.781141033696585,17040000,-0.0022380401311862252,GOOGL,1119,393,58.349998474121094,52.75,1.0
2019-10-08,58.94559097290039,59.77469940166091,58.91339610924976,59.373518147663226,20086000,-0.014996911234469112,GOOGL,1118,392,58.2400016784668,52.630001068115234,1.0
2019-10-09,59.553306579589844,59.8534518859047,59.34132305272396,59.50031353192826,15948000,0.010309772056892985,GOOGL,1117,391,58.31999969482422,52.59000015258789,1.0
2019-10-10,59.90347671508789,60.208077165200315,59.32845073913721,59.36510073809068,12842000,0.0058799444667285705,GOOGL,1116,390,59.099998474121094,53.54999923706055,1.0
2019-10-11,60.2125358581543,60.858390533710576,60.11001108570673,60.62461500768076,22330000,0.005159285570958572,GOOGL,1115,389,60.5099983215332,54.70000076293945,1.0
2019-10-14,60.31456756591797,60.716243857337545,60.02284505325198,60.12239596057424,13296000,0.0016945260037550813,GOOGL,1112,386,59.349998474121094,53.59000015258789,1.0
2019-10-15,61.52653503417969,61.76872960391588,60.47058499923212,60.49931098168188,27584000,0.020094108557392243,GOOGL,1111,385,58.7400016784668,52.810001373291016,1.0
2019-10-16,61.56417465209961,62.11839865013848,61.342778283098,61.50523386760247,22986000,0.0006117623542267747,GOOGL,1110,384,59.41999816894531,53.36000061035156,1.0
2019-10-17,62.04954528808594,62.59188507493591,61.904426581986705,61.980205420964786,20958000,0.007883978608162368,GOOGL,1109,383,59.90999984741211,53.93000030517578,1.0
2019-10-18,61.63401412963867,62.31255494115907,61.422525600840814,62.143169135128964,31624000,-0.006696763957221963,GOOGL,1108,382,59.41999816894531,53.779998779296875,1.0
2019-10-21,61.62757110595703,62.084719280696554,61.41509256120461,61.84648862350437,18094000,-0.00010453681741529053,GOOGL,1105,379,58.959999084472656,53.310001373291016,1.0
2019-10-22,61.47502136230469,61.847971642306,61.4081565619093,61.6374731641582,22862000,-0.002475348953637324,GOOGL,1104,378,59.70000076293945,54.15999984741211,1.0
2019-10-23,62.28878402709961,62.30909097704538,61.42599560873949,61.42599560873949,21282000,0.013237289662723084,GOOGL,1103,377,61.16999816894531,55.970001220703125,1.0
2019-10-24,62.36207962036133,62.5497922949152,62.027264387072705,62.36207962036133,20224000,0.001176706118228843,GOOGL,1102,376,61.66999816894531,56.22999954223633,1.0
2019-10-25,62.619136810302734,62.80239436430481,61.86877729263344,62.00993212550449,27104000,0.004122011188630648,GOOGL,1101,375,62.02000045776367,56.65999984741211,1.0
2019-10-28,63.84149932861328,64.34966425902087,63.01585979385468,63.1490906022746,65428000,0.01952059035903919,GOOGL,1098,372,61.56999969482422,55.810001373291016,1.0
2019-10-29,62.4388542175293,63.43636224265712,62.18873185476839,63.19862281110795,52654000,-0.021970742006921062,GOOGL,1097,371,61.59000015258789,55.540000915527344,1.0
2019-10-30,62.440834045410156,62.803385260148524,61.94307195396358,62.16594959998681,29204000,3.1708267322905215e-05,GOOGL,1096,370,60.61000061035156,55.060001373291016,1.0
2019-10-31,62.34673309326172,62.729096271494996,61.885125951211286,62.40616890017984,31904000,-0.001507041883521354,GOOGL,1095,369,60.22999954223633,54.18000030517578,1.0
2019-11-01,63.01288986206055,63.05003865550883,62.39180103220263,62.69343139934963,28812000,0.010684710100244521,GOOGL,1094,368,61.689998626708984,56.20000076293945,1.0
2019-11-04,63.87270736694336,64.01584603834215,63.20407065923479,63.20407065923479,30632000,0.013645105100956512,GOOGL,1091,365,62.130001068115234,56.540000915527344,1.0
2019-11-05,63.96334457397461,64.25061194822214,63.86131859327582,63.951456657853186,25148000,0.001419028733361083,GOOGL,1090,364,62.959999084472656,57.22999954223633,1.0
2019-11-06,63.942047119140625,64.0401129795622,63.50916977995855,63.89648307224777,24626000,-0.000332963433601452,GOOGL,1089,363,61.7400016784668,56.349998474121094,1.0
2019-11-07,64.73104095458984,65.50913642827285,64.07775726396068,64.10400439218024,45140000,0.012339201996131255,GOOGL,1088,362,62.290000915527344,57.150001525878906,1.0
2019-11-08,64.83306121826172,65.23474124758921,64.46258602131604,64.46258602131604,30392000,0.0015760640052651098,GOOGL,1087,361,62.5099983215332,57.2400016784668,1.0
2019-11-11,64.30211639404297,64.6299976286706,64.18275356772722,64.58541605893294,17234000,-0.008189414694322661,GOOGL,1084,358,62.18000030517578,56.86000061035156,1.0
2019-11-12,64.2491226196289,64.85040328530087,64.10202382905766,64.31648243880079,28852000,-0.0008241373283783826,GOOGL,1083,357,62.060001373291016,56.79999923706055,1.0
2019-11-13,64.19810485839844,64.51211812874304,63.99850426915484,64.04951725531191,20538000,-0.0007940616019382896,GOOGL,1082,356,62.369998931884766,57.119998931884766,1.0
2019-11-14,64.84049987792969,65.16590987376797,64.0871702206033,64.13967203771251,28948000,0.01000644833594655,GOOGL,1081,355,62.279998779296875,56.77000045776367,1.0
2019-11-15,66.04849243164062,66.04849243164062,64.97619204091342,65.13270742010488,39286000,0.018630216546527745,GOOGL,1080,354,63.29999923706055,57.720001220703125,1.0
2019-11-18,65.36995697021484,66.0673234323265,65.18769322633246,65.98906572747507,27984000,-0.010273292189493355,GOOGL,1077,351,62.439998626708984,57.04999923706055,1.0
2019-11-19,65.01087188720703,65.70625066215686,64.97025799405635,65.70625066215686,21864000,-0.005493120993967038,GOOGL,1076,350,60.90999984741211,55.209999084472656,1.0
2019-11-20,64.47944641113281,65.04159452900137,63.85290855415396,64.9499676279482,28892000,-0.008174409304896435,GOOGL,1075,349,62.400001525878906,57.11000061035156,1.0
2019-11-21,64.39424133300781,64.93806241432635,63.92916162646703,64.350158557398,25546000,-0.0013214300504647003,GOOGL,1074,348,63.970001220703125,58.58000183105469,1.0
2019-11-22,64.07379913330078,64.72906290404325,63.86033054513424,64.53590126540597,27776000,-0.004976255532694318,GOOGL,1073,347,63.38999938964844,57.77000045776367,1.0
2019-11-25,64.6666488647461,64.90290324002098,64.16988060411563,64.20207546796104,23590000,0.0092526077658035,GOOGL,1070,344,63.650001525878906,58.0099983215332,1.0
2019-11-26,65.03117370605469,65.08119665684879,64.58739856318866,64.87812720710748,21910000,0.00563698363388232,GOOGL,1069,343,64.2699966430664,58.40999984741211,1.0
2019-11-27,64.98810577392578,65.26101398751631,64.856363756831,65.15106018951768,18808000,-0.0006622659514585738,GOOGL,1068,342,64.05999755859375,58.11000061035156,1.0
2019-11-29,64.58988952636719,64.88012702255516,64.54729556405817,64.71421008704556,12802000,-0.006127525072724405,GOOGL,1066,340,62.43000030517578,55.16999816894531,1.0
2019-12-02,63.8355712890625,64.65675962448145,63.41556427868224,64.51411216931407,26538000,-0.011678580701036112,GOOGL,1063,337,60.91999816894531,55.959999084472656,1.0
2019-12-03,64.12679290771484,64.25012342989662,63.250631535810925,63.33037051121015,25270000,0.004562058626116583,GOOGL,1062,336,60.81999969482422,56.099998474121094,1.0
2019-12-04,65.32537841796875,65.5893687316695,64.53836518336756,64.68943163954013,35506000,0.01869086938401554,GOOGL,1061,335,63.0,58.43000030517578,1.0
2019-12-05,65.72259521484375,65.77311696145986,65.0965563331027,65.7245752743222,24408000,0.006080589297676964,GOOGL,1060,334,63.38999938964844,58.43000030517578,1.0
2019-12-06,66.33824920654297,66.49079695130735,65.93409781953459,66.00937788322534,32968000,0.00936746319415227,GOOGL,1059,333,64.38999938964844,59.20000076293945,1.0
2019-12-09,66.51654815673828,67.2376904568224,66.17380888078105,66.31199740277347,30842000,0.002687724688666071,GOOGL,1056,330,64.25,59.02000045776367,1.0
2019-12-10,66.5115966796875,66.7646891227079,66.07128278810355,66.36548792156054,17606000,-7.443977758903042e-05,GOOGL,1055,329,64.33999633789062,59.2400016784668,1.0
2019-12-11,66.5789566040039,66.85829617502306,66.42293998953177,66.77954723475955,20480000,0.0010127545823446216,GOOGL,1054,328,63.720001220703125,58.7599983215332,1.0
2019-12-12,66.78895568847656,67.0905822648884,66.2793094804911,66.5274442148583,29114000,0.0031541360090949766,GOOGL,1053,327,64.19999694824219,59.18000030517578,1.0
2019-12-13,66.7087173461914,66.93060495127669,66.45067475804319,66.75973033441775,33170000,-0.001201371416247543,GOOGL,1052,326,65.22000122070312,60.06999969482422,1.0
2019-12-16,67.39370727539062,67.5338683000843,66.89396135072258,67.11139005127455,28128000,0.010268372057648634,GOOGL,1049,323,65.33999633789062,60.209999084472656,1.0
2019-12-17,67.10594940185547,67.57350051936761,66.90188985826212,67.47840473635829,32948000,-0.00426980329720239,GOOGL,1048,322,66.0999984741211,60.939998626708984,1.0
2019-12-18,66.95833587646484,67.33079112240108,66.8865247093913,67.21043826661847,23330000,-0.0021997084715493775,GOOGL,1047,321,66.16999816894531,60.93000030517578,1.0
2019-12-19,67.18272399902344,67.23671464763774,66.80184959837742,66.95835748501707,28922000,0.003351160383862961,GOOGL,1046,320,66.54000091552734,61.220001220703125,1.0
2019-12-20,66.9241714477539,67.55714821487466,66.89990437833447,67.51257419574173,50090000,-0.0038484975880598293,GOOGL,1045,319,66.13999938964844,60.439998626708984,1.0
2019-12-23,66.89494323730469,67.45065223396979,66.76468252731135,67.29612445854431,19936000,-0.0004367362317221346,GOOGL,1042,316,66.38999938964844,60.52000045776367,1.0
2019-12-24,66.5878677368164,66.9633006692763,66.57499734842783,66.87414507807253,13468000,-0.00459041424699258,GOOGL,1041,315,67.19999694824219,61.11000061035156,1.0
2019-12-26,67.48136138916016,67.51752392838698,66.64135510441135,66.69286688442598,23662000,0.013418264958944492,GOOGL,1039,313,67.91999816894531,61.68000030517578,1.0
2019-12-27,67.09356689453125,67.70821679086582,67.01233909315656,67.55715031136462,23212000,-0.005746690443788172,GOOGL,1038,312,68.16000366210938,61.720001220703125,1.0
2019-12-30,66.35408782958984,67.21044094340947,66.26147091867256,67.20103188146805,19994000,-0.011021609062815796,GOOGL,1035,309,68.44000244140625,61.68000030517578,1.0
2019-12-31,66.33824920654297,66.40115011710398,65.97867183977834,66.1599455680874,19514000,-0.000238698527324388,GOOGL,1034,308,66.0,61.060001373291016,1.0
2020-01-02,67.7889404296875,67.7889404296875,66.68990145950006,66.78499723022476,27278000,0.021868096316920216,GOOGL,1032,306,66.25,61.18000030517578,1.0
2020-01-03,67.43431091308594,68.0400504709422,66.73100429191261,66.76468797907017,23408000,-0.005231377188575359,GOOGL,1031,305,68.5999984741211,63.04999923706055,1.0
2020-01-06,69.23171997070312,69.2569770701854,66.91328147980676,66.94447875888001,46768000,0.026654221467967698,GOOGL,1028,302,68.91000366210938,63.27000045776367,-1.0
2020-01-07,69.09799194335938,69.51354001246602,68.92216715791305,69.36297232708252,34330000,-0.0019316005351353027,GOOGL,1027,301,68.2699966430664,62.70000076293945,-1.0
2020-01-08,69.58980560302734,69.92709593901122,68.97515574809637,69.08362070220888,35314000,0.007117625937250294,GOOGL,1026,300,65.44000244140625,59.61000061035156,-1.0
2020-01-09,70.32035827636719,70.76066463148995,69.84586943820742,70.42634437897857,33200000,0.01049798410858127,GOOGL,1025,299,65.37000274658203,59.560001373291016,-1.0
2020-01-10,70.77452850341797,71.07071369356099,70.31094513609989,70.79979315832976,26258000,0.00645858807012667,GOOGL,1024,298,64.9800033569336,59.040000915527344,-1.0
2020-01-13,71.32282257080078,71.3946337502019,70.59673007741598,71.08606938019891,30730000,0.007747053621930178,GOOGL,1021,295,64.19999694824219,58.08000183105469,-1.0
2020-01-14,70.85526275634766,71.45158567917265,70.71558541955466,71.3213249618821,26076000,-0.006555542778596379,GOOGL,1020,294,64.48999786376953,58.22999954223633,-1.0
2020-01-15,71.28169250488281,71.3599501960503,70.90824725608023,70.97560706306969,21550000,0.006018321461900955,GOOGL,1019,293,64.0,57.810001373291016,-1.0
2020-01-16,71.82455444335938,71.85130036891533,71.32133956538716,71.59127011726122,26080000,0.007615727396475203,GOOGL,1018,292,64.62000274658203,58.52000045776367,-1.0
2020-01-17,73.27869415283203,73.3297071376885,72.14102145826104,72.43769786322783,52424000,0.020245718483633324,GOOGL,1017,291,64.8499984741211,58.540000915527344,-1.0
2020-01-21,73.4139175415039,73.7918217589049,72.81758704437881,73.25294322283658,48930000,0.0018453302182193099,GOOGL,1013,287,64.58999633789062,58.34000015258789,-1.0
2020-01-22,73.49414825439453,74.32177542497652,73.43422499704555,73.78439326618513,28458000,0.0010928542649324413,GOOGL,1012,286,63.209999084472656,56.7400016784668,-1.0
2020-01-23,73.53475952148438,73.97111327468183,73.31832086517792,73.6764169178253,26650000,0.0005525782399609103,GOOGL,1011,285,62.040000915527344,55.59000015258789,-1.0
2020-01-24,72.61748504638672,74.00577120964037,72.46938869394155,73.93742137235144,29786000,-0.012474025631778352,GOOGL,1010,284,60.689998626708984,54.189998626708984,-1.0
2020-01-27,70.91173553466797,71.15195005848474,70.30599589966913,70.90232647120558,34132000,-0.02348951510272146,GOOGL,1007,281,59.31999969482422,53.13999938964844,-1.0
2020-01-28,71.84136962890625,72.05433937801753,70.84385801835984,71.40749477807309,29724000,0.013109735465207883,GOOGL,1006,280,59.5099983215332,53.47999954223633,-1.0
2020-01-29,72.1484603881836,72.51695556905503,71.58829239250339,72.2356283657092,21566000,0.004274567159056275,GOOGL,1005,279,59.810001373291016,53.33000183105469,-1.0
2020-01-30,72.02711486816406,72.07663903462614,71.07368586337883,71.2272236271273,27110000,-0.001681886479166006,GOOGL,1004,278,58.290000915527344,52.13999938964844,-1.0
2020-01-31,70.96372985839844,72.79084128159816,70.68042261440853,72.70119445661328,43822000,-0.014763676314288099,GOOGL,1003,277,58.15999984741211,51.560001373291016,-1.0
2020-02-03,73.43123626708984,73.61449756714579,72.14398604168143,72.39360956186155,71636000,0.03477137424449195,GOOGL,1000,274,54.45000076293945,50.11000061035156,-1.0
2020-02-04,71.58927154541016,72.67543244592652,70.43129192072453,72.0389944559795,95880000,-0.025084212323212784,GOOGL,999,273,53.959999084472656,49.61000061035156,-1.0
2020-02-05,71.6209716796875,72.5387368823494,70.81019015766002,72.49069398479408,36376000,0.0004428056549958814,GOOGL,998,272,55.279998779296875,50.75,-1.0
2020-02-06,73.10287475585938,73.37974302803424,71.84039019914903,71.91468022550302,37822000,0.020690909958600345,GOOGL,997,271,54.93000030517578,50.95000076293945,-1.0
2020-02-07,73.25840759277344,73.56251308445891,72.57986668804202,72.67793256592444,28360000,0.0021275885173257514,GOOGL,996,270,54.470001220703125,50.31999969482422,-1.0
2020-02-10,74.72196960449219,74.73286749079695,73.06474269563836,73.16528741089394,38302000,0.01997807568865473,GOOGL,993,267,53.27000045776367,49.56999969482422,-1.0
2020-02-11,74.79129791259766,75.77296152339323,74.56297135913168,74.95028459687092,34852000,0.0009278169254962609,GOOGL,992,266,54.0099983215332,49.939998626708984,-1.0
2020-02-12,75.21576690673828,75.29847595966785,74.72246000606891,75.07856842840461,31042000,0.005675379435675421,GOOGL,991,265,55.790000915527344,51.16999816894531,-1.0
2020-02-13,74.95624542236328,75.57832429425112,74.49116564520651,74.78834088363026,22914000,-0.0034503601445264875,GOOGL,990,264,56.34000015258789,51.41999816894531,-1.0
2020-02-14,75.2207260131836,75.28610577397488,74.56793355013087,75.01270637201145,23198000,0.0035284663650110293,GOOGL,989,263,57.31999969482422,52.04999923706055,-1.0
2020-02-18,75.25589752197266,75.80665649346167,74.83836937967816,75.00330384086945,25642000,0.0004675773640219205,GOOGL,985,259,57.75,52.04999923706055,-1.0
2020-02-19,75.52482604980469,75.81556229042059,75.33216322209424,75.640228763457,22746000,0.0035735209689513603,GOOGL,984,258,59.119998931884766,53.290000915527344,-1.0
2020-02-20,75.1345443725586,75.63379148682316,74.50403894947559,75.23459028988579,25962000,-0.005167594520359753,GOOGL,983,257,59.310001373291016,53.779998779296875,-1.0
2020-02-21,73.47383880615234,74.83538676344855,73.22768413990144,74.51988466489536,42520000,-0.022103089601123505,GOOGL,982,256,58.5,53.380001068115234,-1.0
2020-02-24,70.32382202148438,71.1420402031771,69.67648603093434,70.48181870840796,49560000,-0.042872631073200496,GOOGL,979,253,56.29999923706055,51.43000030517578,-1.0
2020-02-25,68.66263580322266,71.1653181693282,68.37041825916344,70.87557947889884,51580000,-0.02362195583957616,GOOGL,978,252,54.95000076293945,49.900001525878906,-1.0
2020-02-26,68.86814880371094,70.0172179170065,68.1787103587246,69.09152516701154,49776000,0.002993083473772362,GOOGL,977,251,53.43000030517578,48.72999954223633,-1.0
2020-02-27,65.12776184082031,67.82460319145274,65.09259688693432,67.31643824425866,62290000,-0.05431229135476745,GOOGL,976,250,52.18000030517578,47.09000015258789,-1.0
2020-02-28,66.3313217163086,66.48980964727754,62.81280047052396,63.114925882585645,80198000,0.018479982137723727,GOOGL,975,249,50.52000045776367,44.7599983215332,-1.0
2020-03-02,68.66263580322266,68.71958897686436,65.63544161250786,66.93260002156951,55430000,0.035146504345033636,GOOGL,972,246,51.900001525878906,46.75,-1.0
2020-03-03,66.25553894042969,69.74582523148922,65.83553196684268,69.22528109605555,56602000,-0.03505686658594587,GOOGL,971,245,51.86000061035156,47.18000030517578,-1.0
2020-03-04,68.42884826660156,68.48729025367727,66.21986509779941,67.30751483968164,47598000,0.03280192661516046,GOOGL,970,244,51.130001068115234,46.779998779296875,-1.0
2020-03-05,65.11835479736328,67.04353972444319,64.46853998461333,66.64334092241998,54380000,-0.048378623242940844,GOOGL,969,243,49.9900016784668,45.900001525878906,-1.0
2020-03-06,64.17631530761719,64.5235059054262,62.26797243761164,62.89896905456568,64640000,-0.014466573866578014,GOOGL,968,242,45.27000045776367,41.279998779296875,-1.0
2020-03-09,60.216495513916016,62.04608569622213,59.33736038920193,59.68009963641481,69252000,-0.06170219924158182,GOOGL,965,239,34.36000061035156,31.1299991607666,-1.0
2020-03-10,63.157508850097656,63.191188757656136,60.15309709857538,62.128304835514435,54872000,0.04884065920943503,GOOGL,964,238,37.220001220703125,34.36000061035156,-1.0
2020-03-11,59.974300384521484,62.254108628293366,58.99561431064682,61.82519142092742,54732000,-0.05040110864935188,GOOGL,963,237,35.790000915527344,32.97999954223633,-1.0
2020-03-12,55.053627014160156,58.877243337501,54.90107928007686,55.601910852958376,94326000,-0.08204636550677102,GOOGL,962,236,33.220001220703125,31.5,1.0
2020-03-13,60.141212463378906,60.1476514358914,55.09027308239977,58.19572453085053,79400000,0.09241144907510246,GOOGL,961,235,33.849998474121094,31.729999542236328,-1.0
2020-03-16,53.14429473876953,56.733636538754325,52.85108342429565,53.96696417976584,96520000,-0.11634148095816865,GOOGL,958,232,30.049999237060547,28.700000762939453,1.0
2020-03-17,55.37605667114258,55.7693139034493,51.960559548221276,54.01798135684941,83194000,0.04199438422023016,GOOGL,957,231,28.729999542236328,26.950000762939453,1.0
2020-03-18,54.045223236083984,54.72871792879037,51.36125986645297,52.497451376816,93044000,-0.024032650843340275,GOOGL,956,230,24.8799991607666,20.3700008392334,1.0
2020-03-19,55.0595703125,57.08727618463089,52.28001988640102,53.89812168289887,74064000,0.01876848712392354,GOOGL,955,229,28.469999313354492,25.219999313354492,1.0
2020-03-20,52.90705108642578,56.387432973532285,52.604430705586964,56.01200383327532,82878000,-0.03909437022223794,GOOGL,954,228,26.979999542236328,22.43000030517578,1.0
2020-03-23,52.20969009399414,52.84266682638915,49.968020624039184,52.3206338995169,83672000,-0.013180870566618319,GOOGL,951,225,27.030000686645508,23.360000610351562,1.0
2020-03-24,55.967926025390625,56.13236167218039,53.80946443254948,54.67869553610549,72468000,0.07198349434042717,GOOGL,950,224,27.149999618530273,24.010000228881836,1.0
2020-03-25,54.561805725097656,56.76830635581519,53.64007662230573,55.69898345564313,90324000,-0.025123680653363234,GOOGL,949,223,27.389999389648438,24.489999771118164,1.0
2020-03-26,57.59791564941406,58.02188271152003,54.08682765203497,55.21063246321199,76562000,0.05564533438672181,GOOGL,948,222,26.34000015258789,22.600000381469727,1.0
2020-03-27,54.9897346496582,57.01001149074951,54.679685261396536,55.842123904598736,62794000,-0.04528255875839826,GOOGL,947,221,24.93000030517578,21.510000228881836,1.0
2020-03-30,56.77524185180664,57.00753232896718,54.406780592106486,56.098186132299865,58736000,0.03246982756916306,GOOGL,944,218,22.760000228881836,20.09000015258789,1.0
2020-03-31,57.54986572265625,58.116967605133375,56.30025547574451,56.89509708462385,65228000,0.013643691256683965,GOOGL,943,217,22.739999771118164,20.479999542236328,1.0
2020-04-01,54.5855827331543,55.93870800796117,54.15914057313883,55.67026253030741,51970000,-0.05150807829487203,GOOGL,942,216,24.739999771118164,20.309999465942383,1.0
2020-04-02,55.325035095214844,55.60932854180181,54.14129968397372,54.48156003741786,56410000,0.013546660583902081,GOOGL,941,215,29.940000534057617,25.31999969482422,1.0
2020-04-03,54.12001419067383,55.41221867610039,53.247321675020885,55.210142980880796,51374000,-0.021780752646015755,GOOGL,940,214,34.11000061035156,28.34000015258789,1.0
2020-04-06,58.60186004638672,58.9762953691825,55.71978500169071,56.116016095420854,63320000,0.08281309461454689,GOOGL,937,211,33.04999923706055,26.079999923706055,1.0
2020-04-07,58.570655822753906,60.4636457550222,58.30765931147763,60.27691932785058,61620000,-0.0005324783822239221,GOOGL,936,210,31.8700008392334,23.6299991607666,1.0
2020-04-08,59.7811393737793,60.17241655713172,58.6395026879109,59.58797774612607,40334000,0.020667065000749663,GOOGL,935,209,32.84000015258789,25.09000015258789,1.0
2020-04-09,59.75983810424805,60.5235705125273,59.059006596297905,60.33486781153998,54028000,-0.0003563209024516345,GOOGL,934,208,31.479999542236328,22.760000228881836,1.0
2020-04-13,59.950035095214844,60.1535995978349,58.55926983766794,59.50873494414131,38702000,0.0031826891939534807,GOOGL,930,204,31.739999771118164,22.40999984741211,1.0
2020-04-14,62.66519546508789,63.18623455329524,60.8479844033107,61.41410007802168,63358000,0.04529038833022758,GOOGL,929,203,29.600000381469727,20.110000610351562,1.0
2020-04-15,62.272430419921875,63.15453560876538,61.118410909632544,61.73801461732432,42236000,-0.006267674460296413,GOOGL,928,202,27.690000534057617,19.8700008392334,1.0
2020-04-16,62.27886962890625,63.067862946627,61.32643447758855,62.75979362501559,57896000,0.00010340384887741472,GOOGL,927,201,27.81999969482422,19.8700008392334,1.0
2020-04-17,63.34720993041992,63.89202489079497,62.70333529986939,63.480935761731786,51050000,0.017154137637363398,GOOGL,926,200,28.079999923706055,18.270000457763672,1.0
2020-04-20,62.463111877441406,63.23922718365969,62.22983139431474,62.895992938517644,35292000,-0.013956385039682107,GOOGL,923,197,25.56999969482422,-37.630001068115234,1.0
2020-04-21,60.036712646484375,61.910877022844375,59.68208545002198,61.54981463207229,49648000,-0.03884531458691742,GOOGL,922,196,19.329999923706055,10.010000228881836,1.0
2020-04-22,62.32741165161133,63.39079060980057,61.276906860069985,61.470563498325916,46296000,0.038154970586336656,GOOGL,921,195,20.3700008392334,13.779999732971191,1.0
2020-04-23,62.95939636230469,63.800396504836506,62.43241328855193,62.69045588241704,34202000,0.010139755429375619,GOOGL,920,194,21.329999923706055,16.5,1.0
2020-04-24,63.228336334228516,63.28331321806777,61.613699755763,62.15851466641391,37402000,0.0042716415255348306,GOOGL,919,193,21.440000534057617,16.940000534057617,1.0
2020-04-27,62.94404602050781,64.09509560385249,62.65677863962646,63.991082003498114,44186000,-0.0044962485208835945,GOOGL,916,190,19.989999771118164,12.779999732971191,1.0
2020-04-28,61.048583984375,63.632494003689644,60.93912522068392,63.55523388415956,80700000,-0.03011344449505604,GOOGL,915,189,20.459999084472656,12.34000015258789,1.0
2020-04-29,66.47643280029297,67.36646210279096,65.7112152796946,66.61610258783683,108358000,0.08891031473075928,GOOGL,914,188,22.540000915527344,15.0600004196167,1.0
2020-04-30,66.70030212402344,66.8637477476375,65.45217671663976,65.9405335276777,55842000,0.0033676494706478266,GOOGL,913,187,25.270000457763672,18.84000015258789,1.0
2020-05-01,65.24514770507812,66.93457706750878,64.86576219710645,65.58045798829897,48872000,-0.021816309261082134,GOOGL,912,186,26.440000534057617,19.780000686645508,1.0
2020-05-04,65.52152252197266,65.59928899994327,64.18969790128754,64.7899886053892,30806000,0.00423594438231345,GOOGL,909,183,27.200000762939453,20.389999389648438,1.0
2020-05-05,66.8152084350586,67.90434717096521,66.12230839853984,66.24464133439702,39666000,0.01974444218160687,GOOGL,908,182,30.969999313354492,24.559999465942383,1.0
2020-05-06,66.63739776611328,67.78943731097657,66.62253976087045,67.25997539271505,31732000,-0.002661230475964671,GOOGL,907,181,29.719999313354492,23.989999771118164,1.0
2020-05-07,67.81865692138672,68.15149590002073,66.98954845815923,67.42391462370928,30652000,0.017726669931191985,GOOGL,906,180,29.459999084472656,23.549999237060547,1.0
2020-05-08,68.56455993652344,69.17376079965929,67.95387024993067,68.43974816296604,33326000,0.010998492877872135,GOOGL,905,179,30.969999313354492,24.739999771118164,1.0
2020-05-11,69.51797485351562,70.1093475675794,68.126718586014,68.1906095115692,32718000,0.013905360405942258,GOOGL,902,176,29.6299991607666,24.139999389648438,1.0
2020-05-12,68.11087036132812,70.0499153573466,68.07768547212498,69.74729879313068,33918000,-0.020240872884350725,GOOGL,901,175,29.979999542236328,25.780000686645508,1.0
2020-05-13,66.7810287475586,68.61359670354787,65.7746067068007,68.15941483401798,40368000,-0.019524660406110228,GOOGL,900,174,29.190000534057617,25.290000915527344,1.0
2020-05-14,67.20350646972656,67.22876356451577,65.54132209784005,66.04750692572512,36660000,0.00632631347691559,GOOGL,899,173,31.1299991607666,27.559999465942383,1.0
2020-05-15,68.00587463378906,68.08115468837015,66.31892426099792,66.77756502722245,41544000,0.011939379449254606,GOOGL,898,172,32.5,29.43000030517578,1.0
2020-05-18,68.60616302490234,68.98158837081048,67.07176042797272,67.43728547588707,47094000,0.008827007877566961,GOOGL,895,169,34.810001373291016,31.81999969482422,1.0
2020-05-19,68.07225799560547,68.96822761418582,68.04056191972168,68.62103693080456,31586000,-0.007782172996660397,GOOGL,894,168,34.650001525878906,32.5,1.0
2020-05-20,69.79386138916016,69.93601002438653,68.71710947231831,68.80328741306404,38262000,0.025290822491385923,GOOGL,893,167,35.75,33.4900016784668,1.0
2020-05-21,69.67449951171875,70.15541973750524,69.06232097711698,69.88449920235958,30894000,-0.0017102059560204497,GOOGL,892,166,36.060001373291016,33.91999816894531,1.0
2020-05-22,69.99595642089844,70.18218031905305,69.13960309320494,69.53335542946375,28544000,0.004613695274920726,GOOGL,891,165,35.130001068115234,33.25,1.0
2020-05-26,70.39859771728516,71.57441298355187,70.3010306624816,71.41839638561501,44590000,0.005752350806746076,GOOGL,887,161,36.16999816894531,34.349998474121094,1.0
2020-05-27,70.3446273803711,70.59573978291996,69.0727336523979,70.3307594037654,31684000,-0.0007666393744205635,GOOGL,886,160,34.7400016784668,32.810001373291016,1.0
2020-05-28,70.24358367919922,71.54222318725598,69.29461363754203,69.3401776820852,35170000,-0.0014364096439875018,GOOGL,885,159,35.290000915527344,33.709999084472656,1.0
2020-05-29,71.00038146972656,71.1593681667158,70.13164919711579,70.35204797281085,37044000,0.010773906325503235,GOOGL,884,158,35.33000183105469,35.4900016784668,1.0
2020-06-01,71.0672378540039,71.39957799489409,70.44367025821428,70.61306359347097,25162000,0.0009416341559496111,GOOGL,881,155,38.31999969482422,35.439998626708984,1.0
2020-06-02,71.43573760986328,71.46991253231057,70.41048993644438,71.0736814378857,23442000,0.00518522693419432,GOOGL,880,154,39.56999969482422,36.810001373291016,1.0
2020-06-03,71.28417205810547,71.76757106817956,70.90626789320162,71.45504665150752,27732000,-0.0021217048613058065,GOOGL,879,153,39.790000915527344,37.290000915527344,1.0
2020-06-04,70.04843139648438,71.38670226943195,69.63784110482716,71.16183703101473,26982000,-0.017335414383627956,GOOGL,878,152,39.9900016784668,37.40999984741211,1.0
2020-06-05,71.32232666015625,71.63336989632586,69.71759386528423,70.11481505470705,42642000,0.018185921344354483,GOOGL,877,151,42.29999923706055,39.54999923706055,1.0
2020-06-08,71.71954345703125,71.76708756566157,70.55264582472356,70.64180141994083,33878000,0.005569319110517723,GOOGL,874,148,40.79999923706055,38.189998626708984,1.0
2020-06-09,71.91961669921875,72.69821079176573,71.43819777053938,71.5808451744863,33624000,0.0027896614025069155,GOOGL,873,147,41.18000030517578,38.939998626708984,1.0
2020-06-10,72.54468536376953,72.94437778930063,72.03256031368748,72.38668869449063,31762000,0.008691212401269244,GOOGL,872,146,41.72999954223633,39.599998474121094,1.0
2020-06-11,69.43428039550781,71.8958572006623,69.26142572948949,71.37233549620176,47144000,-0.04287571105539767,GOOGL,871,145,38.54999923706055,36.34000015258789,1.0
2020-06-12,69.98008728027344,71.0494101101992,68.63686629354608,70.62098417865776,36676000,0.007860769660989142,GOOGL,870,144,38.72999954223633,36.2599983215332,1.0
2020-06-15,70.3674087524414,70.578398478052,68.70621419670628,68.8196368559929,30468000,0.005534738340875922,GOOGL,867,141,39.720001220703125,37.119998931884766,1.0
2020-06-16,71.64177703857422,72.17173017484788,70.77601485737686,71.76708004899045,30648000,0.018110206254946082,GOOGL,866,140,40.959999084472656,38.380001068115234,1.0
2020-06-17,71.94241333007812,72.42086224181243,71.08012003490119,71.96222904130842,30610000,0.004196382389314968,GOOGL,865,139,40.709999084472656,37.959999084472656,1.0
2020-06-18,71.03009796142578,71.96371120218673,70.63980704312232,71.80918341707451,34862000,-0.012681189390555514,GOOGL,864,138,41.5099983215332,38.84000015258789,1.0
2020-06-19,70.5605697631836,71.54420600166658,70.28122263375963,71.32132836203121,52784000,-0.0066102710219712035,GOOGL,863,137,42.189998626708984,39.75,1.0
2020-06-22,71.84929656982422,71.86366333812911,70.290634464632,70.57889184321455,29442000,0.01826412132109856,GOOGL,860,134,43.08000183105469,40.459999084472656,1.0
2020-06-23,72.509033203125,73.06474988454434,71.56898083338518,71.91568026710264,37752000,0.009182228146933147,GOOGL,859,133,42.630001068115234,40.369998931884766,1.0
2020-06-24,70.95976257324219,73.0939492987786,70.8260329822864,72.47434938272832,31592000,-0.02136658787799206,GOOGL,858,132,40.310001373291016,38.0099983215332,1.0
2020-06-25,71.37580871582031,71.43623076630921,70.30796705904994,70.88646190291774,23958000,0.005863127602050433,GOOGL,857,131,41.04999923706055,38.720001220703125,1.0
2020-06-26,67.48483276367188,71.17372931513458,67.11138745973759,70.95630062297872,97640000,-0.054513931570851826,GOOGL,856,130,41.02000045776367,38.4900016784668,1.0
2020-06-29,69.20000457763672,69.24111726400062,66.94545740923932,67.37586340209062,45074000,0.02541566369396331,GOOGL,853,127,41.709999084472656,39.70000076293945,1.0
2020-06-30,70.23417663574219,70.52887303567002,68.69284357495125,69.18565932975696,40286000,0.014944681931996273,GOOGL,852,126,41.150001525878906,39.27000045776367,1.0
2020-07-01,71.42037963867188,71.74133067420031,70.04249243539927,70.28964468450181,42182000,0.016889256196192415,GOOGL,851,125,42.029998779296875,39.81999969482422,1.0
2020-07-02,72.80372619628906,73.72446915928498,71.86961405030723,71.90775665433772,57218000,0.01936907314992964,GOOGL,850,124,43.13999938964844,40.650001525878906,1.0
2020-07-06,74.27571868896484,74.78834258604863,73.15290382253794,73.70614161941427,44712000,0.020218642225908745,GOOGL,846,120,43.099998474121094,40.630001068115234,1.0
2020-07-07,73.79380798339844,75.34900896864144,73.78291009668904,74.1013823199443,42364000,-0.006488132515882428,GOOGL,845,119,43.08000183105469,40.619998931884766,1.0
2020-07-08,74.47135162353516,74.84628574672716,73.91167491016297,74.33267187185562,31766000,0.009181578490828679,GOOGL,844,118,43.290000915527344,40.900001525878906,1.0
2020-07-09,75.21725463867188,75.7363174732516,74.07463169491743,74.78486854107993,41836000,0.010015972570329934,GOOGL,843,117,42.349998474121094,39.619998931884766,1.0
2020-07-10,76.22516632080078,76.34056904013117,74.32871496647132,74.94930499270149,35918000,0.013400006248176721,GOOGL,842,116,43.2400016784668,40.54999923706055,1.0
2020-07-13,74.89878845214844,78.07506115466981,74.61796006227452,76.76651376660473,42954000,-0.017400786809308566,GOOGL,839,113,42.720001220703125,40.099998474121094,1.0
2020-07-14,75.32623291015625,75.42231872815077,73.59619694996657,73.93596619689104,38108000,0.005706960911402437,GOOGL,838,112,42.900001525878906,40.290000915527344,1.0
2020-07-15,75.12910461425781,76.09243400713889,74.1855833783016,75.44360917374965,31026000,-0.0026169939512780127,GOOGL,837,111,43.790000915527344,41.20000076293945,1.0
2020-07-16,75.03202056884766,75.081053498292,73.71207647834652,74.3673402136335,26484000,-0.0012922295015842522,GOOGL,836,110,43.369998931884766,40.75,1.0
2020-07-17,75.12761688232422,75.45351812745355,74.19895363993636,75.13058697228401,34264000,0.0012740735588860908,GOOGL,835,109,43.13999938964844,40.59000015258789,1.0
2020-07-20,77.45496368408203,77.71102621712684,74.42677974635325,75.03598064140695,30166000,0.030978578828119163,GOOGL,832,106,43.279998779296875,40.810001373291016,1.0
2020-07-21,77.06269073486328,78.60452239445694,76.89924512180716,78.50447647844284,27486000,-0.005064529509286486,GOOGL,831,105,44.31999969482422,41.959999084472656,1.0
2020-07-22,77.5049819946289,77.61047684984354,76.43417029318135,77.05228897741014,24482000,0.0057393695385921095,GOOGL,830,104,44.290000915527344,41.900001525878906,1.0
2020-07-23,75.12265014648438,77.77738851823163,74.71849127676111,77.55847101983466,33910000,-0.030737789840524443,GOOGL,829,103,43.310001373291016,41.06999969482422,1.0
2020-07-24,74.69966888427734,75.05726610454921,73.6783889983708,74.25292364510472,29902000,-0.005630542338192823,GOOGL,828,102,43.34000015258789,41.290000915527344,1.0
2020-07-27,75.75068664550781,76.15335678507493,74.9037499915274,74.9498128375825,27124000,0.014069911914317501,GOOGL,825,99,43.40999984741211,41.599998474121094,1.0
2020-07-28,74.47382354736328,75.58128139808517,74.31879698161339,75.53125844489945,30910000,-0.016856125728864968,GOOGL,824,98,43.220001220703125,41.040000915527344,1.0
2020-07-29,75.45747375488281,75.9438429611725,74.44213382549296,74.54069848439703,22676000,0.013207999276335869,GOOGL,823,97,43.75,41.27000045776367,1.0
2020-07-30,76.19347381591797,76.31828560366807,74.05383021309267,74.19250997725946,36042000,0.009753839141580567,GOOGL,822,96,42.939998626708984,39.91999816894531,1.0
2020-07-31,73.69622802734375,74.54168329645547,72.01472655151453,74.14694100972764,91468000,-0.03277506147846099,GOOGL,821,95,43.29999923706055,40.27000045776367,1.0
2020-08-03,73.43919372558594,74.18063558408372,72.8923948086276,73.84731285309567,45482000,-0.0034877538326988367,GOOGL,818,92,44.150001525878906,41.0099983215332,1.0
2020-08-04,72.97062683105469,73.95179166394234,72.51149486368587,73.63480832006313,37212000,-0.006380338219426851,GOOGL,817,91,44.43000030517578,41.70000076293945,1.0
2020-08-05,73.25740814208984,73.79776798849193,72.86761597708453,73.14498306411674,29134000,0.003930092469934809,GOOGL,816,90,45.16999816894531,42.189998626708984,1.0
2020-08-06,74.53821563720703,74.60359539633092,72.90129570804297,73.11179419733642,33306000,0.017483658343917075,GOOGL,815,89,45.09000015258789,41.95000076293945,1.0
2020-08-07,74.21232604980469,75.28808803596695,73.61302541373514,74.74079797982189,27718000,-0.00437211415133032,GOOGL,814,88,44.400001525878906,41.220001220703125,1.0
2020-08-10,74.13555908203125,74.64718540153339,73.17816232869778,73.83739380117632,20546000,-0.001034423415349095,GOOGL,811,85,44.9900016784668,41.939998626708984,1.0
2020-08-11,73.3292007446289,74.81011116765256,73.21280803094253,73.99585340789683,31098000,-0.010876809285407907,GOOGL,810,84,44.5,41.61000061035156,1.0
2020-08-12,74.65164184570312,74.87105817178005,73.55012397437174,73.65512760591216,22512000,0.018034304037755078,GOOGL,809,83,45.43000030517578,42.66999816894531,1.0
2020-08-13,75.1176986694336,76.12412825065051,74.69967934829317,74.69967934829317,22388000,0.0062430887279580904,GOOGL,808,82,44.959999084472656,42.2400016784668,1.0
2020-08-14,74.5223617553711,75.27322000281566,74.24351343920587,74.96712697353622,21942000,-0.007925388085734175,GOOGL,807,81,44.79999923706055,42.0099983215332,1.0
2020-08-17,75.09738159179688,75.47083440434963,74.54068259193325,75.08401241188378,19990000,0.0077160710272892175,GOOGL,804,78,45.369998931884766,42.88999938964844,1.0
2020-08-18,77.0557632446289,77.13451218568095,75.36634150474427,75.58674029245068,28378000,0.02607789527838822,GOOGL,803,77,45.459999084472656,42.88999938964844,1.0
2020-08-19,76.50252532958984,77.70359782783095,76.27419874587514,76.89280870825378,30472000,-0.007179708457142886,GOOGL,802,76,45.369998931884766,42.93000030517578,1.0
2020-08-20,78.0696029663086,78.26375459798543,75.99979844604805,76.27269900735013,26382000,0.020483998795692404,GOOGL,801,75,44.900001525878906,42.58000183105469,-1.0
2020-08-21,78.03593444824219,78.84374588387767,77.379181914603,77.84920424259258,34838000,-0.0004312628319749212,GOOGL,800,74,44.349998474121094,42.34000015258789,-1.0
2020-08-24,78.51042175292969,79.68078824721263,78.00968578922196,78.87296919170576,25638000,0.0060803693585831375,GOOGL,797,71,45.130001068115234,42.619998931884766,-1.0
2020-08-25,79.53567504882812,79.68574394303413,78.15035104961208,78.2603048362769,25150000,0.013058817835992276,GOOGL,796,70,45.86000061035156,43.349998474121094,-1.0
2020-08-26,81.4316177368164,81.86054250084388,79.2944607066863,79.55795223867145,52188000,0.02383763873034761,GOOGL,795,69,45.63999938964844,43.38999938964844,-1.0
2020-08-27,80.6584701538086,81.62278933907385,80.17754243022719,81.55443950042795,31350000,-0.009494439684430644,GOOGL,794,68,45.09000015258789,43.040000915527344,-1.0
2020-08-28,81.19884490966797,81.29394069237523,80.51436386064968,80.70554545606777,22418000,0.006699541347969129,GOOGL,793,67,45.04999923706055,42.970001220703125,-1.0
2020-08-31,80.70848846435547,81.44992999845142,80.50046887119707,81.4038671675595,26422000,-0.0060389583849130846,GOOGL,790,64,45.279998779296875,42.61000061035156,-1.0
2020-09-01,81.97396087646484,82.17901042562862,80.70850618421295,80.83876691063882,22652000,0.015679545438002762,GOOGL,789,63,45.58000183105469,42.7599983215332,-1.0
2020-09-02,85.06009674072266,85.49149282341432,82.2270543817602,82.6143676826583,49522000,0.03764775827910327,GOOGL,788,62,44.43000030517578,41.5099983215332,-1.0
2020-09-03,80.70751953125,84.19879584128223,79.62778986645435,84.17502000799827,63726000,-0.05117061202904616,GOOGL,787,61,44.06999969482422,41.369998931884766,-1.0
2020-09-04,78.31526947021484,80.9789181114478,76.17364614376099,79.69166780285563,55850000,-0.029640981099770758,GOOGL,786,60,42.65999984741211,39.77000045776367,-1.0
2020-09-08,75.46192932128906,77.04436739202738,75.11027221808052,75.53126920055102,54032000,-0.0364340206990027,GOOGL,782,56,39.779998779296875,36.7599983215332,1.0
2020-09-09,76.63229370117188,77.20137193178421,75.53968617083565,76.71500276034612,39242000,0.015509335507442934,GOOGL,781,55,40.790000915527344,38.04999923706055,1.0
2020-09-10,75.58326721191406,77.94132930171978,75.28362070611884,76.77839946695076,33024000,-0.013689091616499116,GOOGL,780,54,40.060001373291016,37.29999923706055,1.0
2020-09-11,75.07363891601562,76.20982310154143,73.94735503103085,75.68729884245194,30706000,-0.006742607387817512,GOOGL,779,53,39.83000183105469,37.33000183105469,1.0
2020-09-14,74.73038482666016,77.11618292545499,74.54614102868774,75.86062859048022,42660000,-0.004572231935359716,GOOGL,776,50,39.61000061035156,37.2599983215332,1.0
2020-09-15,76.03248596191406,76.81850912194776,75.38762895197046,75.67439749231889,23042000,0.017423985414690035,GOOGL,775,49,40.529998779296875,38.279998779296875,1.0
2020-09-16,74.89185333251953,76.9859252393696,74.8670874705173,76.39703128180564,22128000,-0.015001911550884928,GOOGL,774,48,42.220001220703125,40.15999984741211,1.0
2020-09-17,73.65116882324219,74.22669369141383,72.43375684421095,73.59024796704044,40008000,-0.016566348061500258,GOOGL,773,47,43.29999923706055,40.970001220703125,1.0
2020-09-18,71.87061309814453,74.0553298321723,70.90629358164918,73.71358052155679,63056000,-0.024175525705109613,GOOGL,772,46,43.150001525878906,41.11000061035156,1.0
2020-09-21,70.83297729492188,71.32429660778882,69.47291813290063,70.90627729054565,56908000,-0.014437553243154988,GOOGL,769,43,41.439998626708984,39.310001373291016,1.0
2020-09-22,72.302978515625,72.50852683672834,70.80126959787968,71.83245741394207,33950000,0.020753062723632087,GOOGL,768,42,41.720001220703125,39.599998474121094,1.0
2020-09-23,69.80525970458984,71.96917047278085,69.47292704954707,71.920137538185,37726000,-0.034545171752438764,GOOGL,767,41,41.77000045776367,39.93000030517578,1.0
2020-09-24,70.472412109375,71.22178167009388,69.44667303530416,69.47292772341115,34552000,0.009557337192189985,GOOGL,766,40,41.939998626708984,40.310001373291016,1.0
2020-09-25,71.27476501464844,71.61551662390958,69.72055436108712,70.58086753070768,30326000,0.011385347560236347,GOOGL,765,39,41.91999816894531,40.25,1.0
2020-09-28,72.24552917480469,72.95527475090996,71.63236818722949,72.9057505874798,30784000,0.013620026105406913,GOOGL,762,36,42.43000030517578,40.599998474121094,1.0
2020-09-29,72.61006927490234,72.90624691880095,72.01472878247793,72.50556444051016,31816000,0.005045849954474324,GOOGL,761,35,41.029998779296875,39.290000915527344,1.0
2020-09-30,72.5892562866211,73.60954622399498,72.10189711806734,72.35845086835646,40924000,-0.00028664052367799453,GOOGL,760,34,40.95000076293945,40.220001220703125,1.0
2020-10-01,73.6937484741211,74.04887444818279,73.14397960876425,73.4837487839476,32884000,0.015215642699780263,GOOGL,759,33,40.93000030517578,38.720001220703125,1.0
2020-10-02,72.0939712524414,73.25442978973021,71.68536100740494,72.29357184396041,31222000,-0.02170845227450302,GOOGL,758,32,39.27000045776367,37.04999923706055,1.0
2020-10-05,73.442626953125,73.53524384656215,72.31634355760929,72.44313536676434,21602000,0.01870691373015365,GOOGL,755,29,41.290000915527344,39.220001220703125,1.0
2020-10-06,71.86712646484375,73.52633314283509,71.56946004827292,73.0795878999186,26096000,-0.021452126015138573,GOOGL,754,28,42.650001525878906,40.66999816894531,1.0
2020-10-07,72.26932525634766,72.75619333974576,70.98603464082295,72.27774429091512,36108000,0.005596422332269757,GOOGL,753,27,41.9900016784668,39.95000076293945,1.0
2020-10-08,73.47237396240234,73.70020179168044,72.58184571868328,72.58184571868328,26076000,0.016646740533239113,GOOGL,752,26,43.34000015258789,41.189998626708984,1.0
2020-10-09,74.81061553955078,74.87995540940231,73.64916705142821,73.9394044750553,32966000,0.018214214472411783,GOOGL,751,25,42.849998474121094,40.599998474121094,1.0
2020-10-12,77.49210357666016,78.67237024533334,75.74423241966193,76.17513722108433,55344000,0.035843683650640834,GOOGL,748,22,41.720001220703125,39.43000030517578,1.0
2020-10-13,77.61494445800781,78.51092153094577,77.19692510953374,78.10726139497713,39072000,0.0015852051457880822,GOOGL,747,21,42.45000076293945,40.20000076293945,1.0
2020-10-14,77.43514251708984,78.44602339616488,76.56641026692593,77.98788899855778,33174000,-0.002316589184899187,GOOGL,746,20,43.31999969482422,41.040000915527344,1.0
2020-10-15,77.0404052734375,77.82939861046535,76.33016843374361,76.49707537584324,31210000,-0.005097649863112563,GOOGL,745,19,43.15999984741211,40.959999084472656,1.0
2020-10-16,77.64613342285156,78.1419115844437,77.14886643795133,77.35539721644541,34194000,0.007862473558701621,GOOGL,744,18,42.93000030517578,40.880001068115234,1.0
2020-10-19,75.77644348144531,78.45000818599058,75.42826277480725,78.05377701522532,29734000,-0.024079627136410542,GOOGL,741,15,42.619998931884766,40.83000183105469,1.0
2020-10-20,76.82298278808594,77.95025657100902,75.30839568992401,75.4376663929067,41670000,0.013810879193570047,GOOGL,740,14,43.15999984741211,41.459999084472656,1.0
2020-10-21,78.5520248413086,79.99579072282901,77.61841153833419,77.75263238474066,60322000,0.022506833117794667,GOOGL,739,13,41.72999954223633,40.029998779296875,1.0
2020-10-22,79.57577514648438,79.91058659318215,78.13052815542754,78.50298340637796,30512000,0.013032767866187678,GOOGL,738,12,42.459999084472656,40.63999938964844,1.0
2020-10-23,80.87937927246094,80.9358412049653,79.83580465730036,79.99133003663475,30548000,0.016381921804429433,GOOGL,737,11,41.77000045776367,39.849998474121094,1.0
2020-10-26,78.46781921386719,80.71096977316282,77.65009994875733,79.98884506428563,35826000,-0.029816747856951875,GOOGL,734,8,40.459999084472656,38.560001373291016,1.0
2020-10-27,79.1904525756836,79.34498037508608,78.10627156885218,78.69764440121118,25902000,0.009209295849637922,GOOGL,733,7,41.20000076293945,39.56999969482422,1.0
2020-10-28,74.82797241210938,76.958199588469,74.71306847061375,76.76999563851732,45174000,-0.05508846106675458,GOOGL,732,6,39.119998931884766,37.38999938964844,1.0
2020-10-29,77.11023712158203,78.68821609853272,75.11274247625232,75.13601951207664,55406000,0.030500154366114085,GOOGL,731,5,37.650001525878906,36.16999816894531,1.0
2020-10-30,80.04383087158203,83.27360331441317,79.32368610800994,82.58614465419454,99878000,0.038044154181169354,GOOGL,730,4,37.459999084472656,35.790000915527344,1.0
2020-11-02,80.45045471191406,82.13046723044356,79.95120007630521,80.41182087807515,44228000,0.005080014735731497,GOOGL,727,1,38.970001220703125,36.810001373291016,1.0
2020-11-03,81.50739288330078,82.16810552168376,79.84570721056207,80.76942013279667,31432000,0.013137752610243414,GOOGL,726,0,39.709999084472656,37.65999984741211,1.0
2020-11-04,86.46968841552734,87.66729207687226,84.34738170376455,84.47516357940994,71342000,0.06088153916702255,GOOGL,725,1462,41.22999954223633,39.150001525878906,1.0
2020-11-05,87.29432678222656,88.74651153606514,86.23094410614924,87.68807900889995,39758000,0.009536733412712772,GOOGL,724,1461,40.93000030517578,38.790000915527344,1.0
2020-11-06,87.15715026855469,87.59151646054691,86.0155097060747,86.7416022030185,28622000,-0.001571425300227025,GOOGL,723,1460,39.45000076293945,37.13999938964844,1.0
2020-11-09,87.2408447265625,89.98820035330125,87.0491719162003,88.95256106744117,53440000,0.0009602707035500924,GOOGL,720,1457,42.400001525878906,40.290000915527344,1.0
2020-11-10,86.06700897216797,87.13980073118289,84.99718730255921,85.67325673768963,43022000,-0.013455116787024046,GOOGL,719,1456,43.61000061035156,41.36000061035156,1.0
2020-11-11,86.53803253173828,87.31414035453767,86.331494168355,86.59597572878391,31838000,0.00547275390646651,GOOGL,718,1455,43.79999923706055,41.45000076293945,1.0
2020-11-12,86.31961822509766,87.41717604271611,86.07940369874598,86.27900432342662,26474000,-0.002523911166578907,GOOGL,717,1454,43.529998779296875,41.119998931884766,1.0
2020-11-13,87.7777328491211,88.0189373763228,85.98083620776305,86.57616912622984,29744000,0.016892042087362835,GOOGL,716,1453,42.779998779296875,40.130001068115234,1.0
2020-11-16,87.86540222167969,88.87133305076017,87.23638559682094,87.37556415004508,25468000,0.0009987655150456298,GOOGL,713,1450,43.81999969482422,41.34000015258789,1.0
2020-11-17,87.25273132324219,88.0194376680563,87.14525640032842,87.55980685012722,21314000,-0.006972834391536287,GOOGL,712,1449,43.75,41.43000030517578,1.0
2020-11-18,86.21163177490234,87.41815317224925,86.10910700587331,87.00409397679279,20108000,-0.011931999520827796,GOOGL,711,1448,44.34000015258789,41.81999969482422,1.0
2020-11-19,87.09967803955078,87.343361405391,85.68563585602725,85.84462255020851,20106000,0.010300770863114206,GOOGL,710,1447,44.20000076293945,41.7400016784668,1.0
2020-11-20,86.00064086914062,87.58456766371387,85.932291024066,87.26956435847775,27694000,-0.012618154224532274,GOOGL,709,1446,44.959999084472656,42.150001525878906,1.0
2020-11-23,85.56379699707031,86.47661206181675,84.70299250728546,86.19083352627514,22530000,-0.005079542055215769,GOOGL,706,1443,46.060001373291016,43.060001373291016,1.0
2020-11-24,87.36365509033203,87.49143693266429,85.22550089996078,85.56081109516998,27984000,0.021035276091398103,GOOGL,705,1442,47.86000061035156,44.90999984741211,1.0
2020-11-25,87.37505340576172,87.68460774765728,86.59398794592515,87.55732468549407,19600000,0.00013046976363217944,GOOGL,704,1441,48.61000061035156,45.709999084472656,1.0
2020-11-27,88.50877380371094,89.00356955849365,87.39536810388411,87.39536810388411,14790000,0.012975332818216723,GOOGL,702,1439,48.18000030517578,45.529998779296875,1.0
2020-11-30,86.89314270019531,88.17791413138632,86.56823156272611,87.94562745662698,32418000,-0.018253909009051106,GOOGL,699,1436,47.59000015258789,45.34000015258789,1.0
2020-12-01,88.92184448242188,90.22742179874707,87.32058076701112,87.50037321261483,37350000,0.023347087229036445,GOOGL,698,1435,47.41999816894531,44.54999923706055,1.0
2020-12-02,90.38839721679688,90.77323924250796,88.41715688663899,88.92185299674881,29424000,0.016492603621879542,GOOGL,697,1434,48.25,45.279998779296875,1.0
2020-12-03,90.23336791992188,91.32249899387762,89.99364466340876,90.16897819276261,24728000,-0.0017151459882971398,GOOGL,696,1433,48.709999084472656,45.63999938964844,1.0
2020-12-04,90.32847595214844,90.61276570513371,89.82476230336675,90.15314239898743,20544000,0.0010540228567215149,GOOGL,695,1432,49.25,46.2599983215332,1.0
2020-12-07,89.9951400756836,90.60236094268264,89.30223249741923,89.92183251709534,22288000,-0.00369026348503243,GOOGL,692,1429,48.790000915527344,45.7599983215332,1.0
2020-12-08,89.71280670166016,89.94262207774571,88.71976153074809,89.5736357275862,19936000,-0.003137206895683531,GOOGL,691,1428,48.84000015258789,45.599998474121094,1.0
2020-12-09,88.05509185791016,90.55679149923866,87.26956740577334,89.66477459900621,31728000,-0.018478017851595308,GOOGL,690,1427,48.86000061035156,45.52000045776367,1.0
2020-12-10,87.5494155883789,87.91295308077262,85.85949489452057,87.29929320831398,28688000,-0.005742726046407798,GOOGL,689,1426,50.25,46.779998779296875,1.0
2020-12-11,87.90353393554688,88.02785447821572,86.81093396626306,87.1705112975482,18628000,0.004044782535532754,GOOGL,688,1425,49.970001220703125,46.56999969482422,1.0
2020-12-14,86.78715515136719,88.64646138219037,86.63212857361042,87.70145902583772,33050000,-0.012700044403200494,GOOGL,685,1422,50.290000915527344,46.9900016784668,1.0
2020-12-15,87.2239990234375,87.36861895001778,86.26264985116309,87.1635694178284,21352000,0.005033508372390028,GOOGL,684,1421,50.7599983215332,47.619998931884766,1.0
2020-12-16,87.03132629394531,87.62170901445369,86.62866380020262,87.62170901445369,24676000,-0.002208941709269885,GOOGL,683,1420,51.08000183105469,47.81999969482422,1.0
2020-12-17,86.2052001953125,87.50285735113397,85.74161679590512,87.36516761745172,34880000,-0.009492284374049365,GOOGL,682,1419,51.5,48.36000061035156,1.0
2020-12-18,85.49742889404297,86.59399654062504,84.94171984684814,86.48553159053134,85256000,-0.008210308654999388,GOOGL,681,1418,52.2599983215332,49.099998474121094,1.0
2020-12-21,85.91049194335938,86.03134359423083,83.90160815092943,84.65097756458779,33974000,0.004831292059417569,GOOGL,678,1415,50.90999984741211,47.7400016784668,1.0
2020-12-22,85.20027923583984,85.81393916782548,84.48508454128044,85.65148354770746,20370000,-0.008266891405857346,GOOGL,677,1414,50.08000183105469,47.02000045776367,1.0
2020-12-23,85.59697723388672,86.38349165591231,85.24878905032394,85.3840074688928,22974000,0.004656064529422466,GOOGL,676,1413,51.20000076293945,48.119998931884766,1.0
2020-12-24,85.89068603515625,86.29929627707045,85.40480812325238,85.63511475228846,9312000,0.00343129875330761,GOOGL,675,1412,51.290000915527344,48.22999954223633,1.0
2020-12-28,87.86193084716797,88.50778551934158,86.27008374728062,86.42312271463942,27650000,0.022950623670706882,GOOGL,671,1408,50.86000061035156,47.619998931884766,1.0
2020-12-29,87.0595703125,88.58059630326431,86.92831955660789,88.51918422044176,19726000,-0.009132061257151713,GOOGL,670,1407,51.09000015258789,48.0,1.0
2020-12-30,85.99420928955078,87.554859181272,85.58559900744636,87.41815947937056,21026000,-0.01223715002411696,GOOGL,669,1406,51.34000015258789,48.400001525878906,1.0
2020-12-31,86.80597686767578,87.0466825799562,85.98627000202208,86.0447195460967,21070000,0.009439793502742821,GOOGL,668,1405,51.79999923706055,48.52000045776367,1.0
2021-01-04,85.49297332763672,87.29382998558926,84.5524223403769,87.17050703628225,37324000,-0.015125727368295871,GOOGL,664,1401,51.09000015258789,47.619998931884766,1.0
2021-01-05,86.18241119384766,86.518212674344,85.03582065494678,85.44146080222832,20360000,0.008064263522205461,GOOGL,663,1400,53.599998474121094,49.93000030517578,1.0
2021-01-06,85.33199310302734,86.37655760727593,84.00561776791312,84.21165731528339,46588000,-0.009867652564367169,GOOGL,662,1399,54.29999923706055,50.630001068115234,1.0
2021-01-07,87.8807601928711,88.05311608596125,85.52417916422668,85.52417916422668,41936000,0.02986883344874469,GOOGL,661,1398,54.380001068115234,50.83000183105469,1.0
2021-01-08,89.044189453125,89.11996830738771,87.23093833658534,88.02043050877582,35484000,0.013238725492366488,GOOGL,660,1397,55.9900016784668,52.2400016784668,1.0
2021-01-11,86.98676300048828,88.37802708213147,86.78122221235388,88.01349202621859,34796000,-0.02310567893618476,GOOGL,657,1394,55.65999984741211,52.25,1.0
2021-01-12,86.05264282226562,87.56178078053122,85.01006585841895,86.44540502976464,29528000,-0.010738647421762448,GOOGL,656,1393,56.58000183105469,53.209999084472656,1.0
2021-01-13,86.53901672363281,86.99170972857497,85.55190413352405,85.55190413352405,23432000,0.005652050714720636,GOOGL,655,1392,56.060001373291016,52.90999984741211,1.0
2021-01-14,85.730224609375,87.54446586908304,85.4900100852796,86.61926396665082,29212000,-0.009345982250303808,GOOGL,654,1391,56.41999816894531,53.56999969482422,1.0
2021-01-15,85.56678009033203,86.55735421375228,84.77878423975633,85.63611997667222,31444000,-0.0019064982016283594,GOOGL,653,1390,55.099998474121094,52.36000061035156,1.0
2021-01-19,88.38248443603516,89.3418536240995,85.82482158279993,86.32852762712288,41660000,0.032906512816429645,GOOGL,649,1386,55.900001525878906,52.97999954223633,1.0
2021-01-20,93.11742401123047,94.09066114332114,90.11796608823943,90.45772770705165,64152000,0.0535732798801567,GOOGL,648,1385,56.08000183105469,53.2400016784668,1.0
2021-01-21,93.31948852539062,95.69339854365393,93.08472299183488,93.7900171797552,58634000,0.002169996821816955,GOOGL,647,1384,56.099998474121094,53.130001068115234,1.0
2021-01-22,93.73603820800781,94.32196208500488,92.9406058668475,93.6815563337508,32744000,0.004463694445816069,GOOGL,646,1383,55.40999984741211,52.27000045776367,1.0
2021-01-25,93.82122802734375,95.18525497123451,92.08178325038038,94.73553199201658,50586000,0.0009088267539842931,GOOGL,643,1380,55.880001068115234,52.77000045776367,1.0
2021-01-26,94.49827575683594,94.8845989856594,92.92227680298997,93.41062600288265,31462000,0.007216359705874531,GOOGL,642,1379,55.90999984741211,52.61000061035156,1.0
2021-01-27,90.08972930908203,93.1372300622554,89.01693751997792,92.86185061997337,82512000,-0.046652136374403574,GOOGL,641,1378,55.810001373291016,52.849998474121094,1.0
2021-01-28,91.78659057617188,93.50968842844524,90.68705283027275,90.68705283027275,55278000,0.018835235493584568,GOOGL,640,1377,55.529998779296875,52.34000015258789,1.0
2021-01-29,90.50676727294922,91.50625916311677,89.22893338179212,90.83662861742903,44530000,-0.01394346707061267,GOOGL,639,1376,55.880001068115234,52.20000076293945,1.0
2021-02-01,93.76129150390625,94.8741983355262,91.36013676541516,91.36013676541516,40252000,0.035958904831304705,GOOGL,636,1373,56.349998474121094,53.54999923706055,1.0
2021-02-02,95.05152893066406,96.54976922322557,94.42003341193407,94.75485247351087,66332000,0.013760875155010677,GOOGL,635,1372,57.459999084472656,54.7599983215332,1.0
2021-02-03,101.97364044189453,104.33814138381578,99.72850232555427,102.30697061696581,97882000,0.0728248307955135,GOOGL,634,1371,58.459999084472656,55.689998626708984,1.0
2021-02-04,101.71363067626953,102.48973853749719,100.79585785059689,102.05983128209827,48596000,-0.0025497742798851197,GOOGL,633,1370,58.84000015258789,56.22999954223633,1.0
2021-02-05,103.45702362060547,103.80917192273347,101.53382653647111,102.00731772509081,29866000,0.017140209554457275,GOOGL,632,1369,59.34000015258789,56.849998474121094,1.0
2021-02-08,103.24356079101562,104.75319758057728,102.19504362216297,104.0102671012824,28828000,-0.0020632995433219614,GOOGL,629,1366,60.560001373291016,57.970001220703125,1.0
2021-02-09,102.79136657714844,103.93646833616009,102.52440616600971,102.76214180334384,21892000,-0.00437987812898577,GOOGL,628,1365,61.09000015258789,58.36000061035156,1.0
2021-02-10,103.34063720703125,103.95479579411372,101.64477655178763,103.17521153407674,25102000,0.005343548278157861,GOOGL,627,1364,61.470001220703125,58.68000030517578,1.0
2021-02-11,103.45307159423828,103.71309424491231,102.46794654227034,103.56451419165847,20480000,0.0010879978123397027,GOOGL,626,1363,61.13999938964844,58.2400016784668,1.0
2021-02-12,103.76411437988281,103.98550319284138,102.70122286478392,103.00830594107755,18990000,0.0030066075453467622,GOOGL,625,1362,62.43000030517578,59.470001220703125,1.0
2021-02-16,104.54023742675781,106.24600608515004,103.60166638542798,103.60166638542798,31004000,0.007479686513138795,GOOGL,621,1358,63.349998474121094,60.04999923706055,1.0
2021-02-17,104.9324951171875,105.12169662718253,103.43326492153011,103.71210570094998,20294000,0.003752217328801377,GOOGL,620,1357,64.33999633789062,61.13999938964844,1.0
2021-02-18,104.29802703857422,105.09940707577803,103.67990832770771,104.25791193608758,22546000,-0.0060464404082331,GOOGL,619,1356,63.93000030517578,60.52000045776367,1.0
2021-02-19,103.45603942871094,104.93051126685963,103.18957781103883,104.39609920802339,37938000,-0.008072900646067582,GOOGL,618,1355,62.90999984741211,59.2400016784668,1.0
2021-02-22,101.74483489990234,103.03605313530579,101.43478925769867,101.71214879624529,29466000,-0.01654040245748767,GOOGL,615,1352,65.23999786376953,61.4900016784668,1.0
2021-02-23,102.0350570678711,102.6482256079866,98.5734971842508,99.7503025439711,34658000,0.002852451117093757,GOOGL,614,1351,65.37000274658203,61.66999816894531,1.0
2021-02-24,103.20838928222656,103.43176569398656,100.4209188959251,100.54523187075476,22608000,0.011499304729893023,GOOGL,613,1350,67.04000091552734,63.220001220703125,1.0
2021-02-25,99.84739685058594,103.16829754085796,99.3788557085443,101.82755508807736,41548000,-0.03256510885418318,GOOGL,612,1349,66.87999725341797,63.529998779296875,1.0
2021-02-26,100.14256286621094,101.85675030888427,99.10741493382858,100.54077400518413,40042000,0.002956171366857996,GOOGL,611,1348,66.12999725341797,61.5,1.0
2021-03-01,102.50757598876953,102.83297841507579,100.76218348689981,101.43478411249855,26060000,0.02361646291915065,GOOGL,608,1345,63.689998626708984,60.63999938964844,1.0
2021-03-02,102.25100708007812,103.74974598869453,101.86419259805125,102.26883517462322,25564000,-0.0025029263078030217,GOOGL,607,1344,62.70000076293945,59.75,1.0
2021-03-03,99.62252044677734,102.82108003698221,98.76021959763636,101.63041426269442,33892000,-0.025706217555806377,GOOGL,606,1343,64.06999969482422,61.279998779296875,1.0
2021-03-04,100.73790740966797,102.75174142926133,99.32633649330769,99.79388752346941,49216000,0.011196132740754372,GOOGL,605,1342,66.73999786376953,63.83000183105469,1.0
2021-03-05,103.86514282226562,104.31733703532676,100.43329905522936,102.08607442092764,53100000,0.031043283437288682,GOOGL,604,1341,69.36000061035156,66.08999633789062,1.0
2021-03-08,99.42887115478516,104.69079704860464,99.31445846041423,103.2207915540483,36868000,-0.04271184294303465,GOOGL,601,1338,68.23999786376953,65.05000305175781,1.0
2021-03-09,101.05638122558594,102.22327884740525,100.82062562943396,101.52146100220388,33920000,0.016368586426644294,GOOGL,600,1337,67.5199966430664,64.01000213623047,1.0
2021-03-10,100.84984588623047,102.09846248595427,100.01478970178172,102.09846248595427,27100000,-0.002043763460067183,GOOGL,599,1336,67.9000015258789,64.44000244140625,1.0
2021-03-11,104.03702545166016,104.56846748398614,101.85330656149335,101.94097333588161,27702000,0.03160321701458191,GOOGL,598,1335,69.62999725341797,66.0199966430664,1.0
2021-03-12,101.53382873535156,102.9013168439553,100.6631164196288,102.84188482601583,33818000,-0.024060633273984555,GOOGL,597,1334,69.22000122070312,65.61000061035156,1.0
2021-03-15,101.75374603271484,101.78098319105705,100.43380945781465,101.28520493789203,26168000,0.002165950994879706,GOOGL,594,1331,68.87999725341797,65.38999938964844,1.0
2021-03-16,103.21237182617188,104.68782625409712,101.99396241672522,102.3258038173008,31900000,0.014334860880582001,GOOGL,593,1330,68.38999938964844,64.80000305175781,1.0
2021-03-17,103.12965393066406,103.96074246670578,101.24261159381157,102.44863427821845,26382000,-0.0008014339177004892,GOOGL,592,1329,68.0,64.5999984741211,1.0
2021-03-18,100.11434173583984,102.46249602458781,100.00735805315745,101.44368730072172,31700000,-0.029238071494465334,GOOGL,591,1328,63.279998779296875,60.0,1.0
2021-03-19,100.3927001953125,100.89194734890518,99.2025255133683,100.5298986940458,46072000,0.002780405430893529,GOOGL,590,1327,64.52999877929688,61.41999816894531,1.0
2021-03-22,100.57743835449219,101.45161962831861,99.7508011876039,100.42588064974929,33536000,0.0018401552983462466,GOOGL,587,1324,64.62000274658203,61.54999923706055,1.0
2021-03-23,101.10443115234375,102.23269501355865,100.4442171900026,101.03608129628527,28510000,0.005239672102148152,GOOGL,586,1323,60.790000915527344,57.7599983215332,1.0
2021-03-24,100.66857147216797,102.40553729619415,100.49372917581998,101.62100287036363,25218000,-0.004310984941095497,GOOGL,585,1322,64.41000366210938,61.18000030517578,1.0
2021-03-25,100.66510772705078,101.31789263996187,98.8637445252711,100.49621315872466,35616000,-3.440741302407346e-05,GOOGL,584,1321,61.95000076293945,58.560001373291016,1.0
2021-03-26,100.2822494506836,101.00833433627938,99.24808389518084,100.63191893272102,27978000,-0.0038032868092218175,GOOGL,583,1320,64.56999969482422,60.970001220703125,1.0
2021-03-29,101.3253173828125,101.49471073771208,99.32733130172416,100.15495848510993,26492000,0.010401321648073614,GOOGL,580,1317,64.9800033569336,61.560001373291016,1.0
2021-03-30,101.3590087890625,102.16137137817783,100.84787371079375,101.6814411368699,27312000,0.0003325072856441569,GOOGL,579,1316,64.13999938964844,60.54999923706055,1.0
2021-03-31,102.15393829345703,103.32975373421876,101.38525186813577,101.75176698502271,42570000,0.00784271189992447,GOOGL,578,1315,63.540000915527344,59.15999984741211,1.0
2021-04-01,105.48523712158203,105.78092353227542,103.58581563660896,103.62642953491097,39880000,0.032610576584479745,GOOGL,577,1314,64.86000061035156,61.45000076293945,1.0
2021-04-05,109.90220642089844,110.39898226343156,106.24946465618592,106.34555045878076,48510000,0.041872866951281784,GOOGL,573,1310,62.150001525878906,58.650001525878906,1.0
2021-04-06,109.42176818847656,110.349940034583,109.05179177903032,109.50398600807345,35240000,-0.004371506706443262,GOOGL,572,1309,62.7400016784668,59.33000183105469,1.0
2021-04-07,110.89623260498047,111.16715311241757,109.61195240995359,109.61195240995359,24134000,0.013475055657702129,GOOGL,571,1308,63.15999984741211,59.77000045776367,1.0
2021-04-08,111.46087646484375,112.51881032540636,111.09337131949647,112.13297829066477,28664000,0.005091641497638522,GOOGL,570,1307,63.20000076293945,59.599998474121094,1.0
2021-04-09,112.46334075927734,112.62678638615232,110.80858509838885,111.21373406084967,26146000,0.008993866962366592,GOOGL,569,1306,62.95000076293945,59.31999969482422,1.0
2021-04-12,111.173095703125,111.7808076768969,110.3410097455035,111.64361676683521,25024000,-0.011472583398656533,GOOGL,566,1303,63.279998779296875,59.70000076293945,1.0
2021-04-13,111.65898132324219,112.10672420770086,111.09534448767921,111.48860550102535,25682000,0.004370532430028717,GOOGL,565,1302,63.66999816894531,60.18000030517578,1.0
2021-04-14,111.03889465332031,112.3028681548432,110.74717590536049,112.3028681548432,21002000,-0.005553397161369267,GOOGL,564,1301,66.58000183105469,63.150001525878906,1.0
2021-04-15,113.18546295166016,113.71790254287018,111.49752999108566,112.0314508484042,29174000,0.019331679273661306,GOOGL,563,1300,66.94000244140625,63.459999084472656,1.0
2021-04-16,113.06163787841797,113.6307236741499,112.47571401741611,113.38308017201123,26282000,-0.001094001561800173,GOOGL,562,1299,66.7699966430664,63.130001068115234,1.0
2021-04-19,113.4088363647461,114.11858197870201,112.43906809584607,112.43906809584607,30290000,0.00307087791087457,GOOGL,559,1296,67.05000305175781,63.380001068115234,1.0
2021-04-20,112.87640380859375,113.86647902139559,111.79222285597993,113.79169020022796,22288000,-0.004694806623709025,GOOGL,558,1295,66.56999969482422,62.439998626708984,1.0
2021-04-21,112.84371185302734,112.92543087903039,111.18300863181327,112.53167863878394,23204000,-0.00028962612612859484,GOOGL,557,1294,65.31999969482422,61.349998474121094,1.0
2021-04-22,111.56437683105469,113.36524098843967,110.96012614034065,112.69759060484722,24146000,-0.011337229172671326,GOOGL,556,1293,65.4000015258789,61.43000030517578,1.0
2021-04-23,113.91254425048828,114.21912854433809,111.99677595604035,112.28156447737894,29066000,0.021047645190449105,GOOGL,555,1292,66.11000061035156,62.13999938964844,1.0
2021-04-26,114.40782928466797,115.13095163734104,113.78327158531432,114.1398788335531,32038000,0.004347941110775189,GOOGL,552,1289,65.6500015258789,61.90999984741211,1.0
2021-04-27,113.46925354003906,114.82980383277608,113.23052033225761,114.78918994000907,44386000,-0.008203771983939623,GOOGL,551,1288,66.41999816894531,62.939998626708984,1.0
2021-04-28,116.84019470214844,120.4230978645423,116.55193728859348,118.4974216544994,81106000,0.029707969841538562,GOOGL,550,1287,67.2699966430664,63.86000061035156,1.0
2021-04-29,118.51028442382812,119.07491126211877,117.5736935678294,118.33544969698715,41234000,0.014293794408141158,GOOGL,549,1286,68.55999755859375,65.01000213623047,1.0
2021-04-30,116.5657958984375,117.96993028023607,116.22206660710967,117.28495055091922,44856000,-0.016407761865093073,GOOGL,548,1285,67.25,63.58000183105469,1.0
2021-05-03,116.04971313476562,117.9550824057856,115.67428774136816,117.13092405968729,28242000,-0.004427394500197357,GOOGL,545,1282,67.55999755859375,64.48999786376953,1.0
2021-05-04,114.2542953491211,115.15373373881623,111.77043123786963,114.58712677663047,44818000,-0.015471109209546752,GOOGL,544,1281,68.87999725341797,65.69000244140625,1.0
2021-05-05,114.64755249023438,115.64951562210264,114.32611019629827,115.33402106487281,26636000,0.0034419462297818892,GOOGL,543,1280,68.95999908447266,65.62999725341797,1.0
2021-05-06,115.76590728759766,115.76590728759766,113.57129071075337,114.22952453420945,25190000,0.009754720210521262,GOOGL,542,1279,68.08999633789062,64.70999908447266,1.0
2021-05-07,116.48802185058594,117.44491963692083,116.20224333213277,117.08039218520796,28898000,0.006237713502251774,GOOGL,541,1278,68.27999877929688,64.9000015258789,1.0
2021-05-10,113.50740051269531,115.45140351248499,113.15029447198425,115.30974610905047,30914000,-0.025587363323189893,GOOGL,538,1275,68.31999969482422,64.91999816894531,1.0
2021-05-11,112.4331283569336,112.93931328461193,110.64316177737274,111.09635365191599,34186000,-0.009464335813430647,GOOGL,537,1274,68.55000305175781,65.27999877929688,1.0
2021-05-12,108.97550964355469,111.33951936691393,108.6471371723588,110.2602886648613,46376000,-0.03075266839860802,GOOGL,536,1273,69.31999969482422,66.08000183105469,1.0
2021-05-13,110.40145874023438,110.91655390355615,109.2959732405026,110.2568312457659,33204000,0.013085041779972384,GOOGL,535,1272,67.05000305175781,63.81999969482422,1.0
2021-05-14,112.8451919555664,113.1592052262054,111.4395687974577,111.86254580663034,31996000,0.022134972157224153,GOOGL,534,1271,68.70999908447266,65.37000274658203,1.0
2021-05-17,113.36721801757812,113.40981196912315,111.71246264949934,112.1116638043097,21598000,0.004626037254801929,GOOGL,531,1268,69.45999908447266,66.2699966430664,1.0
2021-05-18,112.05719757080078,114.29639577340654,112.04332959493337,114.03240543824316,22204000,-0.011555549035120682,GOOGL,530,1267,68.70999908447266,65.48999786376953,1.0
2021-05-19,112.50443267822266,112.67728734778952,110.22314705186243,110.37123586133087,23684000,0.003991132360233296,GOOGL,529,1266,66.66000366210938,63.36000061035156,1.0
2021-05-20,114.26023864746094,114.51035344458924,113.09978005208858,113.47025527402623,32352000,0.015606549248242674,GOOGL,528,1265,65.11000061035156,62.04999923706055,1.0
2021-05-21,113.62527465820312,114.85161180966945,113.38605018885295,114.77830425445694,40632000,-0.005557173665783566,GOOGL,527,1264,66.44000244140625,63.58000183105469,1.0
2021-05-24,116.93923950195312,117.16260836847114,114.50836863700562,114.65348735993426,31832000,0.02916573670531286,GOOGL,524,1261,68.45999908447266,66.05000305175781,1.0
2021-05-25,117.02989196777344,118.07642920743525,116.64009979138287,117.48208626139566,22440000,0.0007752099826063841,GOOGL,523,1260,68.6500015258789,66.06999969482422,1.0
2021-05-26,117.89366912841797,118.32357639324336,117.20769175980286,117.21066184954667,21572000,0.0073808250705929,GOOGL,522,1259,68.87000274658203,66.20999908447266,1.0
2021-05-27,117.0204849243164,118.32655362746343,116.70251148048413,118.32655362746343,35224000,-0.007406540237121839,GOOGL,521,1258,69.45999908447266,66.8499984741211,1.0
2021-05-28,116.7317123413086,117.68365247944479,116.53360056946752,117.60193345186725,21482000,-0.0024677096765970408,GOOGL,520,1257,69.62999725341797,66.31999969482422,1.0
2021-06-01,117.93675231933594,118.16111878960501,116.60442903125066,117.60293086426131,23354000,0.010323158581825309,GOOGL,516,1253,70.25,67.72000122070312,1.0
2021-06-02,117.4122314453125,118.55386423284085,116.50931674900391,118.33147785388012,21158000,-0.00444747598783457,GOOGL,515,1252,71.3499984741211,68.83000183105469,1.0
2021-06-03,116.27259063720703,116.74014171535157,115.37810238021562,116.18096374567656,18696000,-0.009706321003159601,GOOGL,514,1251,71.30999755859375,68.80999755859375,1.0
2021-06-04,118.5504150390625,118.82084435735165,117.00710198292333,117.34687118314812,24458000,0.019590381442198268,GOOGL,513,1250,71.88999938964844,69.62000274658203,1.0
2021-06-07,118.98279571533203,119.09225825527676,117.92783952826873,118.34585886059564,24120000,0.003647230388245104,GOOGL,510,1247,71.48999786376953,69.2300033569336,1.0
2021-06-08,118.79161071777344,119.83567654607704,118.6103370083439,119.46372006492163,24240000,-0.001606828923536141,GOOGL,509,1246,72.22000122070312,70.05000305175781,1.0
2021-06-09,119.26213073730469,119.50679656914164,118.7153320017432,119.4349854017198,17942000,0.003960885930313074,GOOGL,508,1245,72.22000122070312,69.95999908447266,1.0
2021-06-10,120.60881805419922,120.65191080241577,119.05609609965173,119.21161391319085,25904000,0.011291826739711963,GOOGL,507,1244,72.5199966430664,70.29000091552734,1.0
2021-06-11,120.36465454101562,120.93522162483347,119.8079478759127,120.85003370784611,21958000,-0.002024425055503598,GOOGL,506,1243,72.69000244140625,70.91000366210938,1.0
2021-06-14,121.29133605957031,121.29182729577786,119.76040219746265,120.46667894424607,22098000,0.007698950510748981,GOOGL,503,1240,72.86000061035156,70.87999725341797,1.0
2021-06-15,120.2750015258789,121.61821508792153,119.91492539953478,121.2957827685943,21562000,-0.008379283852494201,GOOGL,502,1239,73.98999786376953,72.12000274658203,1.0
2021-06-16,119.63410186767578,120.73710853572372,118.34388130175334,120.42606532585692,26472000,-0.005328618998730383,GOOGL,501,1238,74.38999938964844,72.1500015258789,1.0
2021-06-17,120.59593963623047,121.36759607947798,119.36416116924035,119.55980164077796,25842000,0.008039829392613829,GOOGL,500,1237,73.08000183105469,71.04000091552734,1.0
2021-06-18,118.97883605957031,120.45676929158408,118.88374028868567,120.22299376263435,46116000,-0.013409270507266147,GOOGL,499,1236,73.51000213623047,71.63999938964844,1.0
2021-06-21,120.6642837524414,120.85001635955138,118.76832384802688,119.36465429629425,27414000,0.01416594537895155,GOOGL,496,1233,74.9000015258789,73.66000366210938,1.0
2021-06-22,121.17742156982422,121.24627021764076,119.92286468345308,120.60239554716594,22390000,0.004252607328574465,GOOGL,495,1232,74.80999755859375,73.05999755859375,1.0
2021-06-23,120.97582244873047,121.93519155602058,120.68608380354885,120.94263755669144,19148000,-0.001663669010959934,GOOGL,494,1231,75.19000244140625,73.08000183105469,1.0
2021-06-24,121.3453140258789,121.8955741299516,121.14720225046123,121.54342580129659,21362000,0.003054259683210825,GOOGL,493,1230,75.55999755859375,73.30000305175781,1.0
2021-06-25,121.3537368774414,121.47706739414184,120.41913355136293,120.85003083307085,34594000,6.941225238166204e-05,GOOGL,492,1229,76.18000030517578,74.05000305175781,1.0
2021-06-28,121.3809814453125,121.62763492093326,120.2611367274445,121.52213249976508,28526000,0.00022450538872664794,GOOGL,489,1226,74.68000030517578,72.91000366210938,1.0
2021-06-29,121.11995697021484,121.86140619474826,120.54394097768125,121.51420801698202,23108000,-0.0021504561257420507,GOOGL,488,1225,74.76000213623047,72.9800033569336,1.0
2021-06-30,120.93868255615234,121.10460702337018,120.21061007503955,120.84457681869863,24474000,-0.0014966519027667102,GOOGL,487,1224,75.12999725341797,73.47000122070312,1.0
2021-07-01,121.29033660888672,121.4314876540544,120.38594059110169,120.57761338692235,18110000,0.0029077053371331374,GOOGL,486,1223,75.83999633789062,75.2300033569336,1.0
2021-07-02,124.07682037353516,124.22193909928588,121.89954069361225,121.98918751815422,25982000,0.02297366667910028,GOOGL,485,1222,76.16999816894531,75.16000366210938,1.0
2021-07-06,125.00052642822266,125.23628199533644,123.40817309482604,124.46412677662887,26404000,0.007444630285549536,GOOGL,481,1218,74.52999877929688,73.37000274658203,1.0
2021-07-07,125.2818603515625,126.084222906747,124.96388693069338,125.96337879875401,24060000,0.002250661908223206,GOOGL,480,1217,73.43000030517578,72.19999694824219,1.0
2021-07-08,123.86534118652344,124.41164120732356,122.85297891324397,122.85693903291997,23790000,-0.011306658131225555,GOOGL,479,1216,74.12000274658203,72.94000244140625,1.0
2021-07-09,124.33537292480469,124.54933275262546,123.37748495557717,123.84652486211671,18632000,0.0037946994193756023,GOOGL,478,1215,75.55000305175781,74.55999755859375,1.0
2021-07-12,125.77863311767578,125.87174882862907,124.42699293647514,124.98864973435082,17668000,0.011607800410458724,GOOGL,475,1212,75.16000366210938,74.0999984741211,1.0
2021-07-13,126.14116668701172,126.8504134336726,125.48045407151172,125.84102140220094,19240000,0.0028823144309158,GOOGL,474,1211,76.48999786376953,75.25,1.0
2021-07-14,127.02823638916016,128.10747473295962,126.70877416099604,126.75186691075336,23742000,0.007032356885912527,GOOGL,473,1210,74.76000213623047,73.12999725341797,1.0
2021-07-15,125.8078384399414,127.48686093806171,125.33731733775039,127.43634674658666,24218000,-0.009607296644503327,GOOGL,472,1209,73.47000122070312,71.6500015258789,1.0
2021-07-16,125.77318572998047,126.60675311071445,124.96438421147906,126.45965431837553,20424000,-0.0002754415813087663,GOOGL,471,1208,73.58999633789062,71.80999755859375,1.0
2021-07-19,123.40373229980469,125.01539513075979,122.34084076103703,124.9009824416762,27968000,-0.018839098464617954,GOOGL,468,1205,68.62000274658203,66.41999816894531,1.0
2021-07-20,125.01984405517578,125.84548355965671,123.17836596330832,124.34426586075064,26312000,0.013096133522483733,GOOGL,467,1204,69.3499984741211,67.41999816894531,1.0
2021-07-21,126.34671783447266,126.3932719071363,124.8355922852569,124.94455602221541,20746000,0.010613305346239832,GOOGL,466,1203,72.2300033569336,70.30000305175781,1.0
2021-07-22,127.21097564697266,127.27190404150377,126.29717820614657,126.63892739998144,14302000,0.006840366155235422,GOOGL,465,1202,73.79000091552734,71.91000366210938,1.0
2021-07-23,131.76123046875,132.14161363292794,128.57703674382174,129.20108822993055,41506000,0.035769357153622616,GOOGL,464,1201,74.0999984741211,72.06999969482422,1.0
2021-07-26,132.7716064453125,132.97169830725278,131.0544410004229,132.07176860729342,30572000,0.007668234221614556,GOOGL,461,1198,74.5,71.91000366210938,1.0
2021-07-27,130.6566925048828,133.13214480421553,128.87763168036102,132.98504602981706,54710000,-0.015928962502241073,GOOGL,460,1197,74.4800033569336,71.6500015258789,1.0
2021-07-28,134.81117248535156,136.99340991482225,134.00237098890494,135.02711991535966,95130000,0.03179691679638608,GOOGL,459,1196,74.73999786376953,72.38999938964844,1.0
2021-07-29,134.49766540527344,135.37283673825075,134.2653786909646,134.8666518231357,31716000,-0.002325527434398622,GOOGL,458,1195,76.05000305175781,73.62000274658203,1.0
2021-07-30,133.45657348632812,134.0291281776654,132.98952121699546,133.7621677510973,25576000,-0.007740594721910243,GOOGL,457,1194,76.33000183105469,73.94999694824219,1.0
2021-08-02,133.5833740234375,134.06082538942997,132.53286916754786,133.84339668549805,21634000,0.0009501258259292378,GOOGL,454,1191,72.88999938964844,71.26000213623047,1.0
2021-08-03,134.35157775878906,134.4526061655546,132.06285508062547,133.8612332728703,20762000,0.005750743615869247,GOOGL,453,1190,72.41000366210938,70.55999755859375,1.0
2021-08-04,133.851806640625,134.37086945712394,133.21932116971857,134.07369424279747,19676000,-0.0037198753189288114,GOOGL,452,1189,70.37999725341797,68.1500015258789,1.0
2021-08-05,134.96719360351562,135.06477578694478,133.5749394991409,134.40157667568067,17870000,0.008332998940278058,GOOGL,451,1188,71.29000091552734,69.08999633789062,-1.0
2021-08-06,134.45899963378906,135.18608952521637,133.93549309816655,134.75965124343443,20488000,-0.0037653147861950176,GOOGL,450,1187,70.69999694824219,68.27999877929688,1.0
2021-08-09,135.62246704101562,135.89092386932936,134.06379711294062,134.6611252700337,17760000,0.00865295302207647,GOOGL,447,1184,69.04000091552734,66.4800033569336,-1.0
2021-08-10,135.5174560546875,136.47385507476878,135.0791222485657,136.04740162628875,19414000,-0.0007742890143442871,GOOGL,446,1183,70.62999725341797,68.29000091552734,-1.0
2021-08-11,134.99444580078125,136.38470472961833,134.98700924033824,135.88843523972923,15352000,-0.0038593570830844914,GOOGL,445,1182,71.44000244140625,69.25,-1.0
2021-08-12,135.9008026123047,136.0058062320599,134.14897887117468,134.69378245120308,16506000,0.006714030389524339,GOOGL,444,1181,71.30999755859375,69.08999633789062,-1.0
2021-08-13,136.4292755126953,136.55707249857926,135.7413332281866,135.9562830728058,15948000,0.00388866651434161,GOOGL,443,1180,70.58999633789062,68.44000244140625,-1.0
2021-08-16,137.0057830810547,137.0582924489466,134.02366211168172,136.22867768916447,22384000,0.004225688117105886,GOOGL,440,1177,69.51000213623047,67.29000091552734,-1.0
2021-08-17,135.37330627441406,136.96219058797556,134.7992704252851,136.45154686984998,21716000,-0.01191538612406473,GOOGL,439,1176,69.02999877929688,66.58999633789062,-1.0
2021-08-18,134.17227172851562,135.8121693920602,134.04597111672172,135.21335999313266,19258000,-0.008872019003981713,GOOGL,438,1175,68.2300033569336,65.45999908447266,1.0
2021-08-19,134.4010467529297,135.06720824211268,132.98453346542323,133.16828599472683,21782000,0.0017050842284087597,GOOGL,437,1174,66.44999694824219,63.689998626708984,1.0
2021-08-20,136.13409423828125,136.25741719492962,133.9751338465877,134.71806434850964,31194000,0.012894598124205459,GOOGL,436,1173,65.18000030517578,62.31999969482422,-1.0
2021-08-23,138.72146606445312,139.54660679094027,136.31040338039173,136.66899066758523,28454000,0.01900605311732617,GOOGL,433,1170,68.75,65.63999938964844,-1.0
2021-08-24,139.92996215820312,140.74074364271735,139.0156583234822,139.28608004454338,19268000,0.008711673312250756,GOOGL,432,1169,71.05000305175781,67.54000091552734,-1.0
2021-08-25,140.73976135253906,140.84922389330168,140.04340002756325,140.29004594584057,15848000,0.005787175111363174,GOOGL,431,1168,72.25,68.36000061035156,-1.0
2021-08-26,140.1072998046875,141.07508052854902,140.024575623053,140.41387655895255,20610000,-0.004493837006496748,GOOGL,430,1167,71.06999969482422,67.41999816894531,-1.0
2021-08-27,142.64662170410156,143.15032775638406,140.1632488403668,140.31728540087127,28780000,0.018124122747022575,GOOGL,429,1166,72.69999694824219,68.73999786376953,-1.0
2021-08-30,143.22760009765625,144.59459715247763,142.80412424090116,143.03888981205867,24434000,0.004072850703466635,GOOGL,426,1163,73.41000366210938,69.20999908447266,-1.0
2021-08-31,143.3335723876953,143.80310348475496,142.92100957240294,143.77884397500796,22448000,0.0007398873538815298,GOOGL,425,1162,72.98999786376953,68.5,-1.0
2021-09-01,143.84669494628906,144.87540396369636,143.51782366106966,143.63322637559537,21936000,0.0035799188567340323,GOOGL,424,1161,71.58999633789062,68.58999633789062,-1.0
2021-09-02,141.93638610839844,144.1478408560357,141.83534259782863,143.84720429279963,32342000,-0.013280171912214755,GOOGL,423,1160,73.02999877929688,69.98999786376953,-1.0
2021-09-03,142.3845977783203,142.79617808623,141.05821486388777,141.73181296972672,19850000,0.003157834873853682,GOOGL,422,1159,72.61000061035156,69.29000091552734,-1.0
2021-09-07,142.92050170898438,143.20232010806757,142.26523803308976,142.47870659035723,20124000,0.0037637773960523813,GOOGL,418,1155,71.69000244140625,68.3499984741211,-1.0
2021-09-08,142.3365478515625,143.038864380301,141.6520669733978,142.7417043037918,18344000,-0.004085864872003686,GOOGL,417,1154,72.5999984741211,69.30000305175781,-1.0
2021-09-09,142.18797302246094,142.95022038804444,141.8279044770925,142.48464943117943,15314000,-0.0010438276840639693,GOOGL,416,1153,71.44999694824219,68.13999938964844,-1.0
2021-09-10,139.54812622070312,143.35440605337484,139.41142650897547,142.85316370039908,36840000,-0.01856589376473361,GOOGL,415,1152,72.91999816894531,69.72000122070312,-1.0
2021-09-13,140.99087524414062,141.60254742162573,139.9185746785746,140.61147464793981,22094000,0.010338720142724966,GOOGL,412,1149,73.51000213623047,70.44999694824219,-1.0
2021-09-14,141.2008514404297,142.01164800170844,140.41384582258058,141.64760424535336,19674000,0.001489289260212523,GOOGL,411,1148,73.5999984741211,70.45999908447266,-1.0
2021-09-15,143.06813049316406,143.08892868043932,140.0151803025875,141.42575387169356,27408000,0.01322427615475208,GOOGL,410,1147,75.45999908447266,72.61000061035156,-1.0
2021-09-16,142.25634765625,142.9398462062895,141.05924272119626,142.5936380176859,26190000,-0.005674099704216395,GOOGL,409,1146,75.66999816894531,72.61000061035156,-1.0
2021-09-17,139.47280883789062,142.09782363998602,139.14591763546696,141.68228320733095,53384000,-0.019567062308428973,GOOGL,408,1145,75.33999633789062,71.97000122070312,-1.0
2021-09-20,137.41192626953125,137.68978457112166,135.03703359355418,136.85918731338376,46518000,-0.014776231908792625,GOOGL,405,1142,73.91999816894531,70.29000091552734,-1.0
2021-09-21,137.72250366210938,138.69178085280785,136.97461532496962,138.43224183427458,25332000,0.0022601924084006964,GOOGL,404,1141,74.36000061035156,70.55999755859375,-1.0
2021-09-22,138.96116638183594,139.55897809141058,137.24549771276565,137.9909069886217,25056000,0.008993902135017162,GOOGL,403,1140,76.19000244140625,72.2300033569336,-1.0
2021-09-23,139.88490295410156,140.36087304097438,139.0780815102405,139.6585564297789,20952000,0.0066474440040851235,GOOGL,402,1139,77.25,73.30000305175781,-1.0
2021-09-24,140.87448120117188,140.9889014490048,138.91908904507557,139.21378542182566,22984000,0.007074231930482178,GOOGL,401,1138,78.08999633789062,73.9800033569336,-1.0
2021-09-27,139.74224853515625,140.60058167299186,138.7472157143195,139.47726820093547,21882000,-0.008037173634015127,GOOGL,398,1135,79.52999877929688,75.44999694824219,-1.0
2021-09-28,134.54966735839844,137.7853721088004,134.08409637223073,137.34803586719997,45772000,-0.037158276979144644,GOOGL,397,1134,79.08999633789062,75.29000091552734,1.0
2021-09-29,133.0870819091797,135.85821322958458,132.60319159739623,135.68881987904555,30848000,-0.010870227165429402,GOOGL,396,1133,78.63999938964844,74.83000183105469,1.0
2021-09-30,132.4159393310547,134.26484619084297,132.29707531083466,132.9959304531151,37996000,-0.005042882964275908,GOOGL,395,1132,78.5199966430664,75.02999877929688,1.0
2021-10-01,135.25595092773438,135.61999474858516,132.80923183052033,133.18019830322703,35360000,0.021447656611635946,GOOGL,394,1131,79.27999877929688,75.87999725341797,-1.0
2021-10-04,132.39962768554688,134.67893341555128,129.8147276953452,134.67893341555128,51202000,-0.021117911800521028,GOOGL,391,1128,81.26000213623047,77.62000274658203,1.0
2021-10-05,134.74082946777344,135.93101151293692,132.77751730640625,132.77751730640625,32404000,0.017682842642027463,GOOGL,390,1127,82.55999755859375,78.93000030517578,1.0
2021-10-06,136.26832580566406,136.45157959216723,133.28174555748294,133.47985735059552,24364000,0.011336551392211458,GOOGL,389,1126,81.08000183105469,77.43000030517578,-1.0
2021-10-07,137.9126739501953,138.72197425447405,137.34407938421361,137.58280506274824,25110000,0.012066987209311542,GOOGL,388,1125,81.94999694824219,78.30000305175781,-1.0
2021-10-08,138.46788024902344,139.00822490974625,137.9052259091704,138.26133433756362,26526000,0.0040257815538304875,GOOGL,387,1124,82.38999938964844,79.3499984741211,-1.0
2021-10-11,137.60459899902344,139.3856551740966,137.55010956888324,137.9790418985693,17954000,-0.006234523475389775,GOOGL,384,1121,83.6500015258789,80.5199966430664,-1.0
2021-10-12,135.16285705566406,138.19203147139953,134.4803409473928,138.16527798869242,36332000,-0.01774462453378256,GOOGL,383,1120,83.41999816894531,80.63999938964844,-1.0
2021-10-13,136.28515625,136.69921546698336,135.23217255462345,136.1073438593819,19654000,0.008303310678567044,GOOGL,382,1119,83.18000030517578,80.44000244140625,-1.0
2021-10-14,139.8205108642578,140.00524590088978,137.51643176271415,138.1593163407756,31894000,0.02594086334518053,GOOGL,381,1118,84.0,81.30999755859375,-1.0
2021-10-15,140.0354766845703,140.3821836681898,139.42826334195342,140.27965888530153,30274000,0.0015374412450916974,GOOGL,380,1117,84.86000061035156,82.27999877929688,-1.0
2021-10-18,141.43215942382812,141.44999507439888,139.73976779407545,139.7467055598483,20396000,0.00997377787632936,GOOGL,377,1114,84.33000183105469,82.44000244140625,-1.0
2021-10-19,141.8868408203125,142.30833656697075,141.2558517419221,142.03591966092392,20164000,0.0032148374056981677,GOOGL,376,1113,85.08000183105469,82.95999908447266,-1.0
2021-10-20,140.43267822265625,142.19293614617558,140.04387612604899,141.98688902177523,23288000,-0.010248748856828915,GOOGL,375,1112,85.81999969482422,83.87000274658203,-1.0
2021-10-21,140.54859924316406,140.8160584841013,139.17566195963474,140.4326977195977,26292000,0.0008254561685707706,GOOGL,374,1111,84.61000061035156,82.5,-1.0
2021-10-22,136.26979064941406,139.25785180366452,134.77353061581803,137.83836064745896,50588000,-0.03044362317939009,GOOGL,373,1110,85.52999877929688,83.76000213623047,-1.0
2021-10-25,136.1514129638672,136.69919414742475,134.147471866324,136.25343892863123,34412000,-0.0008687008689359788,GOOGL,370,1107,85.98999786376953,83.76000213623047,-1.0
2021-10-26,137.99539184570312,138.76258192048442,137.000857642727,137.95081782575454,49236000,0.013543589755659058,GOOGL,369,1106,86.4000015258789,84.6500015258789,-1.0
2021-10-27,144.83926391601562,147.24883052188773,138.09097801545303,138.09097801545303,85782000,0.0495949319667488,GOOGL,368,1105,84.58000183105469,82.66000366210938,-1.0
2021-10-28,144.4742431640625,145.77091036411727,143.2637614743381,145.7476333234458,36206000,-0.0025201781760281206,GOOGL,367,1104,84.31999969482422,82.80999755859375,-1.0
2021-10-29,146.65052795410156,146.84467961742357,143.28604362604932,143.71050193740845,43320000,0.01506347942980879,GOOGL,366,1103,84.37999725341797,83.56999969482422,-1.0
2021-11-01,142.1444091796875,146.65054199542533,141.8754686677179,146.65054199542533,46924000,-0.030726918186236518,GOOGL,363,1100,84.70999908447266,84.05000305175781,-1.0
2021-11-02,144.06166076660156,145.22706960553992,142.97500087453776,143.2167042160869,33482000,0.013488054844917885,GOOGL,362,1099,84.72000122070312,83.91000366210938,-1.0
2021-11-03,145.2161865234375,145.28651643687795,143.22810059076318,144.5252514271149,27494000,0.008014108338695536,GOOGL,361,1098,81.98999786376953,80.86000061035156,-1.0
2021-11-04,146.8699188232422,148.32210355915961,144.92888610521643,145.73768752512296,38412000,0.011388071394766941,GOOGL,360,1097,80.54000091552734,78.80999755859375,-1.0
2021-11-05,147.4489288330078,148.91051523572824,146.80010405976353,147.7634258058656,38354000,0.003942332197122367,GOOGL,359,1096,82.73999786376953,81.2699966430664,-1.0
2021-11-08,147.62625122070312,149.1953201974763,147.03140193421632,148.41275821148804,23052000,0.00120260207448597,GOOGL,356,1093,83.43000030517578,81.93000030517578,-1.0
2021-11-09,147.51478576660156,148.42215184426283,145.8570526859016,147.82632017760048,19530000,-0.0007550517145823443,GOOGL,355,1092,84.77999877929688,84.1500015258789,-1.0
2021-11-10,144.51828002929688,146.67427756177884,143.17507421941508,146.10964321080158,29970000,-0.020313256882911856,GOOGL,354,1091,82.63999938964844,81.33999633789062,-1.0
2021-11-11,144.3925018310547,146.144839595857,144.22806618195017,145.10869397753137,16518000,-0.000870327256985659,GOOGL,353,1090,82.87000274658203,81.58999633789062,-1.0
2021-11-12,147.2765655517578,147.44695650484718,144.04036175488466,145.23350653045176,22360000,0.019973777614003874,GOOGL,352,1089,82.16999816894531,80.79000091552734,-1.0
2021-11-15,147.05270385742188,148.13986257214947,146.1839714501009,147.49697791828982,23508000,-0.0015200089267241035,GOOGL,349,1086,82.05000305175781,80.87999725341797,-1.0
2021-11-16,146.48211669921875,147.36025044711448,145.92392127932118,146.75303721658253,18904000,-0.003880154143621528,GOOGL,348,1085,82.43000030517578,80.76000213623047,-1.0
2021-11-17,146.65150451660156,147.15917066321168,145.85211965055908,146.63218759828888,19594000,0.0011563719940681505,GOOGL,347,1084,80.27999877929688,78.36000061035156,-1.0
2021-11-18,148.42613220214844,149.16114250750712,146.49055568916586,146.84418530798982,35608000,0.012100985198866265,GOOGL,346,1083,81.23999786376953,79.01000213623047,-1.0
2021-11-19,147.52272033691406,149.5434998037264,147.49548317893243,148.56182849438522,33682000,-0.006086609223259765,GOOGL,345,1082,78.88999938964844,76.0999984741211,-1.0
2021-11-22,144.92298889160156,148.41723576291287,144.76994989320195,147.92492630939446,30594000,-0.017622583418846927,GOOGL,342,1079,79.69999694824219,76.75,-1.0
2021-11-23,144.40785217285156,145.27758204342976,142.7565731039976,144.77535729221407,27218000,-0.0035545548893923806,GOOGL,341,1078,82.30999755859375,78.5,-1.0
2021-11-24,144.74264526367188,144.87092590659958,143.01211868308567,144.1022396362177,18040000,0.002318385640273757,GOOGL,340,1077,82.25,78.38999938964844,-1.0
2021-11-26,140.8427734375,143.19488775564477,140.50548313123517,142.9878581645666,30470000,-0.026943488693796036,GOOGL,338,1075,72.72000122070312,68.1500015258789,-1.0
2021-11-29,144.15872192382812,144.91849043687807,142.53714381167404,142.64264622326615,32596000,0.02354361821623452,GOOGL,335,1072,73.44000244140625,69.94999694824219,-1.0
2021-11-30,140.55996704101562,144.6237898271877,140.2667519662039,143.64163495599894,42068000,-0.02496383732310037,GOOGL,334,1071,70.56999969482422,66.18000030517578,-1.0
2021-12-01,139.72193908691406,144.57476289409172,139.5837581329981,142.64264793268592,34020000,-0.005962067093093659,GOOGL,333,1070,68.87000274658203,65.56999969482422,-1.0
2021-12-02,141.618408203125,142.50843750575342,138.89283327720514,139.91857980536682,29194000,0.013573166308773033,GOOGL,332,1069,69.66999816894531,66.5,-1.0
2021-12-03,140.66297912597656,143.0388692426679,138.9785076767276,142.32665239215453,41230000,-0.006746503433212259,GOOGL,331,1068,69.87999725341797,66.26000213623047,-1.0
2021-12-06,141.8056182861328,142.49653820256228,138.8289386103009,141.69219562959748,30618000,0.008123240153565359,GOOGL,328,1065,73.08000183105469,69.48999786376953,-1.0
2021-12-07,145.88133239746094,146.14037256639585,143.8585729968473,144.22409805259204,32240000,0.028741555945295705,GOOGL,327,1064,75.44000244140625,72.05000305175781,-1.0
2021-12-08,146.78970336914062,146.9942692567073,145.02599898340083,146.20526827170806,24270000,0.00622678005986943,GOOGL,326,1063,75.81999969482422,72.36000061035156,-1.0
2021-12-09,146.24685668945312,147.69458257877415,145.72829267560041,146.1998038220425,23270000,-0.003698125053924084,GOOGL,325,1062,74.41999816894531,70.94000244140625,-1.0
2021-12-10,146.60641479492188,147.57321284147923,145.32114458725633,147.29833221870211,24458000,0.002458569801826682,GOOGL,324,1061,75.1500015258789,71.66999816894531,-1.0
2021-12-13,144.45191955566406,146.57520823479044,144.14582656439873,146.388478057807,27070000,-0.01469577741377548,GOOGL,321,1058,74.38999938964844,71.29000091552734,-1.0
2021-12-14,142.55052185058594,143.11811878414613,139.88389547091273,142.61095145594314,38446000,-0.01316284138644086,GOOGL,320,1057,73.69999694824219,70.7300033569336,-1.0
2021-12-15,145.06060791015625,145.33796735682898,140.3425045553878,142.05719053407418,36370000,0.017608396146043148,GOOGL,319,1056,73.87999725341797,70.87000274658203,-1.0
2021-12-16,143.08346557617188,146.2849953541412,142.25335200656264,145.78326939220364,33650000,-0.013629767326005737,GOOGL,318,1055,75.0199966430664,72.37999725341797,-1.0
2021-12-17,140.38912963867188,142.47874293853084,139.96813259538033,141.1568185708795,50416000,-0.01883051914244871,GOOGL,317,1054,73.5199966430664,70.86000061035156,-1.0
2021-12-20,140.272216796875,140.43814883611964,138.0077689503243,138.68036958927007,27192000,-0.0008327770255274203,GOOGL,314,1051,71.5199966430664,68.2300033569336,-1.0
2021-12-21,142.12013244628906,142.5128946761984,139.17812644459522,140.71450164649497,28756000,0.013173782318489868,GOOGL,313,1050,73.9800033569336,71.12000274658203,-1.0
2021-12-22,145.0348663330078,145.11907176242747,141.71893179495092,141.71893179495092,26322000,0.020508944345519087,GOOGL,312,1049,75.29000091552734,72.76000213623047,-1.0
2021-12-23,145.5316925048828,146.8461803044553,145.07156282668,145.1191144976486,26384000,0.003425563689866573,GOOGL,311,1048,76.8499984741211,73.79000091552734,-1.0
2021-12-27,146.5123291015625,146.9457052312204,145.78227653939464,145.86796324695013,15976000,0.006738302700951548,GOOGL,307,1044,78.5999984741211,75.56999969482422,-1.0
2021-12-28,145.30433654785156,146.9011414809302,144.67780630211075,146.8387318072272,18200000,-0.008244989081250376,GOOGL,306,1043,78.94000244140625,75.9800033569336,-1.0
2021-12-29,145.27261352539062,146.02743941952565,144.27461818483408,145.26221443419607,17788000,-0.0002183212367545817,GOOGL,305,1042,79.2300033569336,76.55999755859375,-1.0
2021-12-30,144.8223876953125,145.91152614550924,144.6183357770026,145.31123563175535,15688000,-0.003099178979109052,GOOGL,304,1041,79.31999969482422,76.98999786376953,-1.0
2021-12-31,143.4866180419922,145.3157093947341,143.4866180419922,144.67332366033148,18136000,-0.009223502488652557,GOOGL,303,1040,77.77999877929688,75.20999908447266,-1.0
2022-01-03,143.6248321533203,144.47622772983613,142.35837972175685,143.6877255099792,28646000,0.0009632543662549953,GOOGL,300,1037,78.9800033569336,76.08000183105469,-1.0
2022-01-04,143.0383758544922,145.1042126846341,142.36181523730556,144.02547327559515,28400000,-0.004083251412973499,GOOGL,299,1036,80.0,76.98999786376953,-1.0
2022-01-05,136.47634887695312,143.1374673565992,136.39017847767096,143.05871840373825,54618000,-0.045875989141643925,GOOGL,298,1035,80.80000305175781,77.8499984741211,-1.0
2022-01-06,136.4490966796875,138.62093512341903,135.2713087279278,135.7071637287869,37348000,-0.00019968439579365338,GOOGL,297,1034,81.98999786376953,79.45999908447266,-1.0
2022-01-07,135.72547912597656,137.14348910378652,134.48676280437064,136.84333622696138,29760000,-0.005303205160893221,GOOGL,296,1033,81.75,78.9000015258789,-1.0
2022-01-10,137.3623809814453,137.51097613420416,131.90928198474367,133.80474307124737,44408000,0.012060387379067006,GOOGL,293,1030,80.87000274658203,78.2300033569336,-1.0
2022-01-11,138.41885375976562,138.89434020648147,135.40405384594243,136.7061624010073,28730000,0.007691136181332103,GOOGL,292,1029,83.72000122070312,81.22000122070312,-1.0
2022-01-12,140.0973663330078,141.26377260922706,139.36831139738393,139.8195080404844,26108000,0.012126329092100097,GOOGL,291,1028,84.66999816894531,82.63999938964844,-1.0
2022-01-13,137.28065490722656,141.50347144260846,137.10432382518144,140.20580708577498,31436000,-0.02010538455866473,GOOGL,290,1027,84.47000122070312,82.12000274658203,-1.0
2022-01-14,138.16575622558594,139.41537040651573,135.7071568754875,135.78688828807677,29662000,0.006447385605477418,GOOGL,289,1026,86.05999755859375,83.81999969482422,-1.0
2022-01-18,134.71607971191406,135.8388944592343,134.1618595013737,134.89141323912568,34872000,-0.024967666431322644,GOOGL,285,1022,87.51000213623047,85.43000030517578,-1.0
2022-01-19,133.8428955078125,136.659099745999,133.74284958736126,135.2366308573954,28648000,-0.006481662812403921,GOOGL,284,1021,88.44000244140625,86.95999908447266,-1.0
2022-01-20,132.05093383789062,136.3287393505402,131.71116467084525,134.96570256305773,29908000,-0.013388545302483235,GOOGL,283,1020,88.37999725341797,86.9000015258789,1.0
2022-01-21,129.12281799316406,133.59426174993882,128.86031646787782,131.34368942250475,55652000,-0.02217413962646564,GOOGL,282,1019,87.88999938964844,85.13999938964844,1.0
2022-01-24,129.57102966308594,129.9662707060436,123.32645093172006,124.79051601654032,76622000,0.0034712042138485,GOOGL,279,1016,86.2699966430664,83.30999755859375,1.0
2022-01-25,125.7385025024414,128.17928120048109,125.30810404425327,127.5264963501833,46960000,-0.029578580726030923,GOOGL,278,1015,88.19999694824219,85.5999984741211,1.0
2022-01-26,128.01486206054688,131.7463529353979,125.94356826887143,129.8830863515717,49130000,0.018103918153958176,GOOGL,277,1014,89.95999908447266,87.3499984741211,1.0
2022-01-27,127.78899383544922,131.40210375696927,127.71716755242338,130.06631929518292,31950000,-0.001764390645445757,GOOGL,276,1013,89.33999633789062,86.61000061035156,1.0
2022-01-28,132.093994140625,132.0994506395429,127.2738650771281,128.43679463459281,34362000,0.033688349645504045,GOOGL,275,1012,90.02999877929688,86.81999969482422,1.0
2022-01-31,134.02810668945312,134.19601875206703,130.96327699172193,132.89737183554337,39986000,0.014641941606891695,GOOGL,272,1009,91.20999908447266,88.1500015258789,-1.0
2022-02-01,136.34657287597656,136.49417046627246,133.1019500878879,136.2975399437779,68644000,0.017298358111522028,GOOGL,271,1008,89.16000366210938,88.19999694824219,-1.0
2022-02-02,146.60494995117188,150.1180141843333,144.15080955105117,149.82431540618072,123200000,0.07523751319020344,GOOGL,270,1007,89.47000122070312,88.26000213623047,-1.0
2022-02-03,141.7412567138672,148.26419438233108,141.32075845539106,144.33211244662755,71518000,-0.03317550491251886,GOOGL,269,1006,91.11000061035156,90.2699966430664,-1.0
2022-02-04,141.94232177734375,143.50941059648488,139.19050728126922,142.0923982148257,57998000,0.0014185359163454425,GOOGL,268,1005,93.2699966430664,92.30999755859375,-1.0
2022-02-07,137.88890075683594,142.89030508807886,137.5907279348419,142.89030508807886,54974000,-0.028556817795795775,GOOGL,265,1002,92.69000244140625,91.31999969482422,-1.0
2022-02-08,138.0850372314453,138.68037019357018,135.72252350917645,137.71605080771687,54284000,0.001422423948068685,GOOGL,264,1001,90.77999877929688,89.36000061035156,-1.0
2022-02-09,140.25735473632812,141.18107530667282,138.8655994195183,139.6347846354997,40144000,0.015731737112412603,GOOGL,263,1000,91.55000305175781,89.66000366210938,-1.0
2022-02-10,137.31336975097656,140.15087104730347,136.65662471919973,138.38666797793726,39330000,-0.020989879574486503,GOOGL,262,999,91.41000366210938,89.87999725341797,-1.0
2022-02-11,133.01675415039062,137.8448048052889,132.1425653416151,137.29356222530336,39958000,-0.03129058451029221,GOOGL,261,998,94.44000244140625,93.0999984741211,-1.0
2022-02-14,134.24851989746094,135.01522615488605,132.00041169653696,132.00041169653696,34302000,0.009260230073556475,GOOGL,258,995,96.4800033569336,95.45999908447266,-1.0
2022-02-15,135.32083129882812,136.8066922748942,134.54124703407226,136.27375391882413,26680000,0.007987510046190582,GOOGL,257,994,93.27999877929688,92.06999969482422,-1.0
2022-02-16,136.43968200683594,136.7843937626377,133.6521963761595,135.35846364202985,25022000,0.00826813357018974,GOOGL,256,993,94.80999755859375,93.66000366210938,-1.0
2022-02-17,131.2896728515625,135.82104653317217,131.2297420435824,134.9587533012791,38950000,-0.03774568424320579,GOOGL,255,992,92.97000122070312,91.76000213623047,-1.0
2022-02-18,129.17381286621094,132.80625486592996,128.96926212956205,132.20892681142413,45620000,-0.016115966620952604,GOOGL,254,991,93.54000091552734,91.06999969482422,-1.0
2022-02-22,128.58985900878906,130.93453643170673,127.01483517930994,128.61411851423819,44990000,-0.0045206829810520155,GOOGL,250,987,96.83999633789062,92.3499984741211,1.0
2022-02-23,126.38536071777344,130.80629021138148,126.32542989882369,130.40758777953872,32786000,-0.017143640315096298,GOOGL,249,986,96.83999633789062,92.0999984741211,1.0
2022-02-24,131.44027709960938,131.74637021438616,123.77571366767862,123.77571366767862,54456000,0.03999605929933514,GOOGL,248,985,99.08000183105469,92.80999755859375,-1.0
2022-02-25,133.1920928955078,133.9964355070235,130.50961066397696,132.29314574757424,36406000,0.013327846186529602,GOOGL,247,984,97.93000030517578,91.58999633789062,-1.0
2022-02-28,133.7839813232422,134.4719237120657,131.34270332112334,131.79589523227364,38864000,0.0044438706147422735,GOOGL,244,981,100.98999786376953,95.72000122070312,-1.0
2022-03-01,132.7978515625,134.97117152488107,131.96281035792023,133.6071519863644,26496000,-0.007371060055086476,GOOGL,243,980,104.97000122070312,103.41000366210938,-1.0
2022-03-02,133.30303955078125,133.98752054186207,131.81717846328633,133.35901024990838,23520000,0.0038041879619075125,GOOGL,242,979,112.93000030517578,110.5999984741211,-1.0
2022-03-03,132.6373748779297,135.15342630121359,131.7716050611301,134.7279703958508,24604000,-0.00499361961358713,GOOGL,241,978,110.45999908447266,107.66999816894531,-1.0
2022-03-04,130.66314697265625,132.58982070864644,129.1089360838298,131.67453429885822,30430000,-0.01488440122620327,GOOGL,240,977,118.11000061035156,115.68000030517578,-1.0
2022-03-07,125.18726348876953,130.4932720771041,125.10454686818073,130.2486062137015,45112000,-0.0419084004232092,GOOGL,237,974,123.20999908447266,119.4000015258789,1.0
2022-03-08,125.90641021728516,130.01283483137684,124.48988912406125,125.05996493303867,40428000,0.005744567845595183,GOOGL,236,973,127.9800033569336,123.69999694824219,1.0
2022-03-09,132.16236877441406,132.47490076693822,128.6760431854183,130.01282521138089,37026000,0.049687371328692276,GOOGL,235,972,111.13999938964844,108.69999694824219,-1.0
2022-03-10,131.18121337890625,132.01577069786407,129.6785144341432,130.02868267785485,27102000,-0.007423863574831491,GOOGL,234,971,109.33000183105469,106.0199966430664,-1.0
2022-03-11,128.6463165283203,132.53432181198187,128.40957095625032,132.23020887639814,31526000,-0.01932362710553759,GOOGL,233,970,112.66999816894531,109.33000183105469,1.0
2022-03-14,124.7637939453125,129.17977343063143,124.09417093747396,129.0222755356904,38812000,-0.030179819273357222,GOOGL,230,967,106.9000015258789,103.01000213623047,1.0
2022-03-15,127.9802017211914,128.63052298498053,124.53547908320327,125.77914575944271,30920000,0.025779977300856682,GOOGL,229,966,99.91000366210938,96.44000244140625,1.0
2022-03-16,132.02420043945312,132.07619590093205,127.52104583130303,129.50071256727477,35576000,0.03159862747420639,GOOGL,228,965,98.0199966430664,95.04000091552734,-1.0
2022-03-17,132.5774383544922,132.81666282246127,130.93902206243152,131.89393987458052,28264000,0.00419042806695713,GOOGL,227,964,106.63999938964844,102.9800033569336,-1.0
2022-03-18,134.84237670898438,134.9597594793248,131.01182292044092,132.16683250009095,44566000,0.01708388985791154,GOOGL,226,963,107.93000030517578,104.69999694824219,-1.0
2022-03-21,134.81861877441406,135.75817985549534,132.82855279964977,134.88003086032697,26832000,-0.00017619041691607773,GOOGL,223,960,115.62000274658203,112.12000274658203,-1.0
2022-03-22,138.54959106445312,139.72045622435598,134.8185995466438,134.8185995466438,35496000,0.027674013604025438,GOOGL,222,959,115.4800033569336,111.76000213623047,-1.0
2022-03-23,136.9720916748047,138.27271864480082,136.53575308435217,137.39506864290857,25154000,-0.011385810506756244,GOOGL,221,958,121.5999984741211,114.93000030517578,-1.0
2022-03-24,140.23753356933594,140.28408764030888,136.4520527709941,137.88788310151517,26396000,0.023840198792349332,GOOGL,220,957,119.02999877929688,112.33999633789062,-1.0
2022-03-25,140.33761596679688,140.69620332619124,138.42035860706088,140.5783217372553,24126000,0.0007136634174433887,GOOGL,219,956,120.6500015258789,113.9000015258789,-1.0
2022-03-28,140.1221466064453,140.66398768557863,138.49363060700367,139.5723701734137,35050000,-0.0015353642632959241,GOOGL,216,953,112.4800033569336,105.95999908447266,-1.0
2022-03-29,141.16226196289062,142.43813105872172,140.6996685369401,141.30293691846396,34318000,0.00742291908620718,GOOGL,215,952,110.2300033569336,104.23999786376953,-1.0
2022-03-30,140.60061645507812,141.37524314539394,140.2653061368677,141.1172005132046,19884000,-0.003978722783289923,GOOGL,214,951,113.44999694824219,107.81999969482422,-1.0
2022-03-31,137.7566680908203,140.7685054892629,137.71407413016144,140.71401605414036,37524000,-0.020227140079193462,GOOGL,213,950,107.91000366210938,100.27999877929688,-1.0
2022-04-01,138.82945251464844,139.1469271597936,137.00382215545176,138.18508660352754,25942000,0.007787531730375941,GOOGL,212,949,104.38999938964844,99.2699966430664,-1.0
2022-04-04,141.62384033203125,142.35736929122916,138.98792752091472,139.03547918185924,25942000,0.020128205987760106,GOOGL,209,946,107.52999877929688,103.27999877929688,-1.0
2022-04-05,139.2657928466797,141.64266561089818,139.05926203677285,141.52232030143693,21418000,-0.016650074449493957,GOOGL,208,945,106.63999938964844,101.95999908447266,-1.0
2022-04-06,135.26089477539062,138.0468839879228,134.23960723680352,137.44213448492033,32468000,-0.028757227381013273,GOOGL,207,944,101.06999969482422,96.2300033569336,-1.0
2022-04-07,134.60760498046875,135.87157824028196,132.96225109677235,134.72795027720932,26234000,-0.004829849721212476,GOOGL,206,943,100.58000183105469,96.02999877929688,-1.0
2022-04-08,132.0311279296875,134.39116244363444,131.71215695928404,134.30547574358152,25142000,-0.019140649974086488,GOOGL,205,942,102.77999877929688,98.26000213623047,-1.0
2022-04-11,127.60919952392578,130.84738285093687,127.4556617772444,130.58092125059764,36884000,-0.0334915597185278,GOOGL,202,939,98.4800033569336,94.29000091552734,-1.0
2022-04-12,126.51067352294922,130.35955472624002,125.59389824146888,130.35955472624002,32710000,-0.008608517294010576,GOOGL,201,938,104.63999938964844,100.5999984741211,-1.0
2022-04-13,128.6696014404297,129.10545636823446,126.53689598688813,126.79345728334249,27928000,0.017065183967176045,GOOGL,200,937,108.77999877929688,104.25,-1.0
2022-04-14,125.53544616699219,129.24960742552614,125.40765674024802,129.24960742552614,31598000,-0.02435816415339187,GOOGL,199,936,111.69999694824219,106.94999694824219,-1.0
2022-04-18,126.4730224609375,127.00396566233613,124.99261037205467,125.80290070747127,20808000,0.007468618008479533,GOOGL,195,932,113.16000366210938,108.20999908447266,-1.0
2022-04-19,128.78353881835938,129.10447476049856,125.80240017548964,126.4878787188869,26490000,0.018268847478010608,GOOGL,194,931,107.25,102.55999755859375,-1.0
2022-04-20,126.83309173583984,130.16043859794559,126.2981884119716,129.65821381786787,31696000,-0.015145158305290174,GOOGL,193,930,106.80000305175781,102.75,-1.0
2022-04-21,123.63800048828125,128.87219024780205,123.35271317406067,128.03169266207186,36446000,-0.025191306179093487,GOOGL,192,929,108.33000183105469,103.79000091552734,-1.0
2022-04-22,118.5078125,124.21995976423477,117.8040146386784,123.82174859752627,56884000,-0.041493618208161664,GOOGL,191,928,106.6500015258789,102.06999969482422,-1.0
2022-04-25,121.91390991210938,122.11549058545957,117.39392450746956,117.97835957782225,46128000,0.02874154319665112,GOOGL,188,925,102.31999969482422,98.54000091552734,-1.0
2022-04-26,117.53160095214844,121.35521701263318,117.39391123323827,121.14174844683173,73054000,-0.03594593072373975,GOOGL,187,924,104.98999786376953,101.69999694824219,-1.0
2022-04-27,113.21717071533203,116.13688235648152,111.67385763846296,113.39051664375937,91820000,-0.0367086826169668,GOOGL,186,923,105.31999969482422,102.0199966430664,-1.0
2022-04-28,117.40530395507812,118.52167974527936,113.03934791722725,115.31767110037897,48884000,0.0369920323329449,GOOGL,185,922,107.58999633789062,105.36000061035156,-1.0
2022-04-29,113.03390502929688,116.80848848076448,112.74168750254856,115.63416187311658,42676000,-0.03723340239767914,GOOGL,184,921,109.33999633789062,104.69000244140625,-1.0
2022-05-02,115.48409271240234,115.64505948132707,111.53863464466028,112.336047043813,35534000,0.02167657290500946,GOOGL,181,918,107.58000183105469,105.16999816894531,-1.0
2022-05-03,116.22801208496094,117.32556979563245,114.94076162538525,115.33302506917498,24968000,0.006441747560949507,GOOGL,180,917,104.97000122070312,102.41000366210938,-1.0
2022-05-04,121.10858154296875,121.69648551764787,114.0309253703171,115.92837447135338,49916000,0.04199133556926182,GOOGL,179,916,110.13999938964844,107.80999755859375,-1.0
2022-05-05,115.40733337402344,119.89810179071496,113.92147220109969,119.07097331135176,45840000,-0.047075509400814286,GOOGL,178,915,110.9000015258789,108.26000213623047,-1.0
2022-05-06,114.65547943115234,116.46328163885201,112.94080049661473,114.09878031188086,39710000,-0.006514784813842045,GOOGL,177,914,112.38999938964844,109.7699966430664,-1.0
2022-05-09,111.45046997070312,113.99228466247091,110.9447838916454,112.18250256559926,40802000,-0.027953391118771154,GOOGL,174,911,105.94000244140625,103.08999633789062,-1.0
2022-05-10,113.31670379638672,115.15422180073458,111.83629181263385,114.41872033983715,39900000,0.016744961471891306,GOOGL,173,910,102.45999908447266,99.76000213623047,-1.0
2022-05-11,112.53169250488281,115.26765913375326,112.16914505288369,112.16914505288369,37534000,-0.00692758671232141,GOOGL,172,909,107.51000213623047,105.70999908447266,-1.0
2022-05-12,111.78033447265625,113.21765378291165,108.7892955470922,110.32765836329241,53836000,-0.006676857119108592,GOOGL,171,908,107.44999694824219,106.12999725341797,-1.0
2022-05-13,114.95660400390625,116.76390724826179,112.53415970229025,113.45340618375492,35038000,0.028415280256895104,GOOGL,170,907,111.55000305175781,110.48999786376953,-1.0
2022-05-16,113.36622619628906,115.07496460973597,112.81596616027356,113.87191222197055,25990000,-0.0138345928135033,GOOGL,167,904,114.23999786376953,114.19999694824219,-1.0
2022-05-17,115.37512969970703,115.79810674936266,113.78724265802168,115.73916596158637,23054000,0.017720476113755712,GOOGL,166,903,111.93000030517578,112.4000015258789,-1.0
2022-05-18,110.84473419189453,114.31224201290831,110.50397497987214,113.91601089828785,35126000,-0.03926665581745392,GOOGL,165,902,109.11000061035156,109.58999633789062,-1.0
2022-05-19,109.3435287475586,111.94477566233903,108.96314565159634,110.38115567097562,34144000,-0.013543317644093444,GOOGL,164,901,112.04000091552734,112.20999908447266,1.0
2022-05-20,107.88143920898438,111.1260696305812,104.79927194524407,110.89575541298444,48962000,-0.013371523265448548,GOOGL,163,900,112.55000305175781,113.2300033569336,1.0
2022-05-23,110.4371109008789,111.09039456188339,107.71600254425863,108.55452759041016,37184000,0.023689632902873736,GOOGL,160,897,113.41999816894531,110.29000091552734,-1.0
2022-05-24,104.97113800048828,105.45503592449192,100.92414493774601,104.77500626449768,76780000,-0.049493986720609895,GOOGL,159,896,113.55999755859375,109.7699966430664,1.0
2022-05-25,104.80768585205078,105.49613450260898,102.87755077701198,103.99590668358864,40258000,-0.0015571151418473095,GOOGL,158,895,114.02999877929688,110.33000183105469,1.0
2022-05-26,106.77645874023438,107.62537539755519,104.23315497933007,104.68089790507406,37948000,0.01878462320943486,GOOGL,157,894,117.4000015258789,114.08999633789062,1.0
2022-05-27,111.25780487060547,111.25929369416936,108.1097592407956,108.45101725108991,37914000,0.041969420818434466,GOOGL,156,893,119.43000030517578,115.06999969482422,-1.0
2022-05-31,112.68968200683594,114.64408411321045,111.02204847773712,111.68375119356135,50012000,0.012869902816218248,GOOGL,152,889,122.83999633789062,114.66999816894531,-1.0
2022-06-01,112.81845092773438,115.99770128554901,112.18250412043044,113.77237869617002,36606000,0.0011426859904584141,GOOGL,151,888,116.29000091552734,115.26000213623047,-1.0
2022-06-02,116.51378631591797,116.78817573341432,111.88186743338352,112.92543446799303,37992000,0.03275470774324529,GOOGL,150,887,117.61000061035156,116.87000274658203,-1.0
2022-06-03,113.46133422851562,115.22505349151253,112.44847324423242,114.96849217131312,26136000,-0.02619820524178884,GOOGL,149,886,119.72000122070312,118.87000274658203,-1.0
2022-06-06,115.7193603515625,118.22204263439792,115.06904672687631,115.60444886318548,33542000,0.0199012830088805,GOOGL,146,883,119.51000213623047,118.5,-1.0
2022-06-07,116.04524230957031,116.58164197916135,113.96751735517762,114.39197563745488,31590000,0.0028161403331108392,GOOGL,145,882,120.56999969482422,119.41000366210938,-1.0
2022-06-08,116.08932495117188,117.45285297012651,115.50092226538834,115.6608989926276,26108000,0.0003798746137646525,GOOGL,144,881,123.58000183105469,122.11000061035156,-1.0
2022-06-09,113.75306701660156,117.1839211487703,113.69412622919633,115.23100027011895,25798000,-0.020124657762916276,GOOGL,143,880,123.06999969482422,121.51000213623047,-1.0
2022-06-10,110.11370086669922,112.21124180702164,109.32569748430883,111.38510337775645,41452000,-0.03199356505588724,GOOGL,142,879,122.01000213623047,120.66999816894531,-1.0
2022-06-13,105.38963317871094,107.76601441131122,105.11871267398587,105.77991650567512,47252000,-0.04290172476999132,GOOGL,139,876,122.2699966430664,120.93000030517578,1.0
2022-06-14,105.7095947265625,106.90719827486238,104.80272741507743,105.53079987627487,33706000,0.003035986920165046,GOOGL,138,875,121.16999816894531,118.93000030517578,1.0
2022-06-15,108.7298583984375,110.37321720506895,106.6546047522059,107.52184819954677,39698000,0.02857132959110742,GOOGL,137,874,118.51000213623047,115.30999755859375,1.0
2022-06-16,105.03402709960938,107.62437594926033,104.14696791638478,106.21033370451282,51684000,-0.033990951089854726,GOOGL,136,873,119.80999755859375,117.58999633789062,1.0
2022-06-17,106.13356018066406,107.67489298903801,104.05582771449916,105.03402250297012,51376000,0.010468351175490387,GOOGL,135,872,113.12000274658203,109.55999755859375,1.0
2022-06-21,110.49258422851562,111.42917514346335,107.57633415067775,107.90272658856365,47416000,0.0410711186963999,GOOGL,131,868,114.6500015258789,110.6500015258789,-1.0
2022-06-22,110.43661499023438,112.27808553314208,109.34202746291359,109.51439089534087,30774000,-0.0005065429383522835,GOOGL,130,867,111.73999786376953,106.19000244140625,-1.0
2022-06-23,111.18401336669922,111.67979920345891,109.45893530681374,111.17361427351027,28362000,0.0067676682822173095,GOOGL,129,866,110.05000305175781,104.2699966430664,-1.0
2022-06-24,116.86296844482422,116.9659920122871,111.88781133853583,111.92991405965786,41164000,0.051077082992094125,GOOGL,128,865,113.12000274658203,107.62000274658203,-1.0
2022-06-27,114.74165344238281,117.46176417834405,114.0938111747087,117.15815754971578,36420000,-0.018152157442782757,GOOGL,125,862,115.08999633789062,109.56999969482422,-1.0
2022-06-28,110.95171356201172,116.20373868185764,110.79371689299163,114.71093996164035,35792000,-0.033030201035704976,GOOGL,124,861,117.9800033569336,111.76000213623047,-1.0
2022-06-29,110.64859771728516,112.09384476980462,109.82740954217135,110.50050890465707,24716000,-0.002731961814696482,GOOGL,123,860,116.26000213623047,109.77999877929688,-1.0
2022-06-30,107.93590545654297,109.84276331000032,105.74376787127404,108.96313316946271,43170000,-0.02451628232716785,GOOGL,122,859,114.80999755859375,105.76000213623047,1.0
2022-07-01,107.71253967285156,108.22020580753811,105.72445397417482,106.91561856393403,35476000,-0.0020694298412249346,GOOGL,121,858,111.62999725341797,108.43000030517578,1.0
2022-07-05,112.19538116455078,112.30830502629904,104.73487148190064,106.09097052516007,39342000,0.041618566466956164,GOOGL,117,854,102.7699966430664,99.5,-1.0
2022-07-06,113.4920425415039,114.49995339678294,110.42522478314434,112.2340168911837,37432000,0.011557172527908,GOOGL,116,853,100.69000244140625,98.52999877929688,-1.0
2022-07-07,117.6633529663086,118.06602306558507,113.75108733780583,113.99526196361097,40936000,0.03675421052783712,GOOGL,115,852,104.6500015258789,102.7300033569336,-1.0
2022-07-08,118.22846984863281,118.55684233619526,115.7995790452909,116.14479715482749,38238000,0.004802828307009399,GOOGL,114,851,107.0199966430664,104.79000091552734,-1.0
2022-07-11,114.58613586425781,116.88575614827931,114.24339658286063,116.88575614827931,31196000,-0.030807587961159122,GOOGL,111,848,107.0999984741211,104.08999633789062,-1.0
2022-07-12,112.94574737548828,115.87140665042774,112.61836489266997,115.1195582947248,29960000,-0.014315767578660488,GOOGL,110,847,99.48999786376953,95.83999633789062,-1.0
2022-07-13,110.30388641357422,113.11959190510474,110.15331873670166,110.64810696160987,43722000,-0.023390530615829186,GOOGL,109,846,99.56999969482422,96.30000305175781,-1.0
2022-07-14,109.3271713256836,110.04583472550598,107.35147235760216,109.17165351215847,37004000,-0.008854765862269964,GOOGL,108,845,99.0999984741211,95.77999877929688,1.0
2022-07-15,110.723876953125,112.0740357874239,109.85465344414168,110.94478208000046,46770000,0.012775466615528197,GOOGL,107,844,101.16000366210938,97.58999633789062,-1.0
2022-07-18,108.00228881835938,112.60845972018963,107.34851386704042,111.57826178835704,43164600,-0.02457995700347282,GOOGL,104,841,106.2699966430664,102.5999984741211,1.0
2022-07-19,112.73722076416016,112.94524039032943,108.52728140447425,109.80512272878235,36530900,0.043841033348507086,GOOGL,103,840,107.3499984741211,104.22000122070312,-1.0
2022-07-20,112.82638549804688,114.31224656898476,111.41977216468759,112.10326311823246,35600400,0.0007909076814414107,GOOGL,102,839,106.91999816894531,102.26000213623047,-1.0
2022-07-21,113.26222229003906,113.47024947099275,110.06267265031975,113.20279027118345,32676200,0.0038628977616208537,GOOGL,101,838,103.86000061035156,96.3499984741211,-1.0
2022-07-22,106.88294219970703,111.28108587114552,105.49613700921657,109.95372026312712,48901200,-0.056323105456964506,GOOGL,100,837,103.19999694824219,94.69999694824219,1.0
2022-07-25,106.49662017822266,108.83437558355239,105.29802646271146,107.38813835101456,34690900,-0.0036144403731190877,GOOGL,97,834,105.1500015258789,96.69999694824219,1.0
2022-07-26,104.03008270263672,106.1895344193416,103.08904038448871,105.59519150485441,47991000,-0.023160711311384086,GOOGL,96,833,104.4000015258789,94.9800033569336,1.0
2022-07-27,111.9942855834961,112.83627946604071,106.99189179488495,108.23010920159255,59858500,0.07655672930323942,GOOGL,95,832,106.62000274658203,97.26000213623047,-1.0
2022-07-28,113.14336395263672,113.26222799633648,110.40937758534383,111.31080355662644,32816600,0.010260151785011828,GOOGL,94,831,107.13999938964844,96.41999816894531,-1.0
2022-07-29,115.22356414794922,115.60988739252207,111.99429088237237,112.01410659400565,37223400,0.018385525431109606,GOOGL,93,830,110.01000213623047,98.62000274658203,-1.0
2022-08-01,113.7773208618164,115.61978895447348,113.26221819210625,114.21317580426667,26034300,-0.012551627757980244,GOOGL,90,827,100.02999877929688,93.88999938964844,-1.0
2022-08-02,114.04480743408203,115.25330919386387,112.6481017112474,112.92546128415178,20236000,0.002350965642709202,GOOGL,89,826,100.54000091552734,94.41999816894531,-1.0
2022-08-03,116.96698760986328,117.50189851277953,114.39149654793644,114.6193243510887,28499000,0.025623088341573785,GOOGL,88,825,96.77999877929688,90.66000366210938,-1.0
2022-08-04,117.07595825195312,117.66039335811138,115.7882088664629,116.37265153010196,21602900,0.0009316358770674604,GOOGL,87,824,94.12000274658203,88.54000091552734,-1.0
2022-08-05,116.36272430419922,116.99669103407605,114.90657937362977,115.1344147097478,19159500,-0.006092061584659358,GOOGL,86,823,94.91999816894531,89.01000213623047,-1.0
2022-08-08,116.19434356689453,119.01747820672087,115.77829670617234,117.27406569542369,19138300,-0.0014470333030748295,GOOGL,83,820,96.6500015258789,90.76000213623047,-1.0
2022-08-09,115.5306396484375,116.21413810759837,114.6193134078761,116.03583449031639,19086500,-0.005712015732288411,GOOGL,82,819,96.30999755859375,90.5,-1.0
2022-08-10,118.57171630859375,119.78021791532227,117.29388237490143,117.66038995375868,30930400,0.026322685215024455,GOOGL,81,818,97.4000015258789,91.93000030517578,-1.0
2022-08-11,117.71981811523438,120.34484089581902,117.44245858656527,120.1368212493172,24293700,-0.007184666123430605,GOOGL,80,817,99.5999984741211,94.33999633789062,-1.0
2022-08-12,120.53303527832031,120.53303527832031,118.33395995960056,119.12642212115914,19096300,0.02389756634122664,GOOGL,79,816,98.1500015258789,92.08999633789062,-1.0
2022-08-15,120.92926788330078,121.14719535835013,119.47312298863412,119.988218109904,19494800,0.003287336156975851,GOOGL,76,813,95.0999984741211,89.41000366210938,-1.0
2022-08-16,120.5528564453125,121.27597881260755,119.50285039175542,120.37455281758771,19041200,-0.0031126578749449685,GOOGL,75,812,92.33999633789062,86.52999877929688,-1.0
2022-08-17,118.4231185913086,120.14671514597028,118.25471527634345,118.98774543977429,22847000,-0.017666423814437282,GOOGL,74,811,93.6500015258789,88.11000061035156,-1.0
2022-08-18,119.03726959228516,119.6811441703863,117.60094038977294,118.30424698639806,17987700,0.005186073532618796,GOOGL,73,810,96.58999633789062,90.5,-1.0
2022-08-19,116.10517883300781,118.02689483126161,115.65942355139303,117.9377392404507,21809500,-0.024631703745558453,GOOGL,72,809,96.72000122070312,90.7699966430664,-1.0
2022-08-22,113.16316986083984,114.54006709454625,112.77684661152537,114.11411997895853,21456600,-0.025339170928795673,GOOGL,69,806,96.4800033569336,90.2300033569336,-1.0
2022-08-23,112.7867660522461,113.92592776280064,112.36081889290763,112.41035062020673,15870400,-0.003326204179828318,GOOGL,68,805,100.22000122070312,93.73999786376953,-1.0
2022-08-24,112.61834716796875,113.69806907276549,111.80607688627062,112.43013571182001,17734600,-0.0014932504066951235,GOOGL,67,804,101.22000122070312,94.88999938964844,-1.0
2022-08-25,115.55045318603516,115.61979306048023,113.03439443727451,113.16316633053552,16956800,0.02603577562449222,GOOGL,66,803,99.33999633789062,92.5199966430664,-1.0
2022-08-26,109.2999267578125,114.03487661925666,109.15134671028687,113.63864552506944,37245700,-0.05409348259464952,GOOGL,65,802,100.98999786376953,93.05999755859375,-1.0
2022-08-29,108.38860321044922,109.90418019250721,107.77445217888464,108.95323007744102,21191200,-0.008337823952824786,GOOGL,62,799,105.08999633789062,97.01000213623047,-1.0
2022-08-30,107.91313934326172,109.45843244169193,106.7838855317196,109.13154119164547,27513300,-0.004386659234498436,GOOGL,61,798,99.30999755859375,91.63999938964844,-1.0
2022-08-31,107.19992065429688,109.80512758191875,107.11076506343836,109.60701580275753,28627000,-0.006609192293963062,GOOGL,60,797,96.48999786376953,89.55000305175781,-1.0
2022-09-01,108.70559692382812,109.40890361050023,106.34803334494922,107.25935968056825,28360900,0.014045497984898958,GOOGL,59,796,92.36000061035156,86.61000061035156,-1.0
2022-09-02,106.8333969116211,109.69615496666863,106.24896192011391,109.54756736557177,24160700,-0.01722266438147535,GOOGL,58,795,93.0199966430664,86.87000274658203,-1.0
2022-09-06,105.80321502685547,107.01171661320059,104.78292493403374,106.28860176725996,25068300,-0.009642882418293364,GOOGL,54,791,92.83000183105469,86.87999725341797,-1.0
2022-09-07,108.4183349609375,108.94334559548436,105.89237547661355,106.05086340672744,23167000,0.0247168286277335,GOOGL,53,790,88.0,81.94000244140625,-1.0
2022-09-08,107.35840606689453,108.56690754109273,106.14991215017609,107.02161453866474,24238300,-0.009776288248891207,GOOGL,52,789,89.1500015258789,83.54000091552734,-1.0
2022-09-09,109.60701751708984,109.94380905842759,107.99237701749992,108.0419087418049,23197700,0.0209449034553868,GOOGL,51,788,92.83999633789062,86.79000091552734,-1.0
2022-09-12,109.8150405883789,110.56787898796314,108.89380641286198,109.94381249512503,22966800,0.001897899203913811,GOOGL,48,785,94.0,87.77999877929688,-1.0
2022-09-13,103.33667755126953,107.2791653268789,103.10884221000528,106.78387833563288,38172900,-0.05899340383975549,GOOGL,47,784,93.16999816894531,87.30999755859375,-1.0
2022-09-14,104.0102767944336,104.28763632335523,102.68291117531426,103.58432964430956,26395100,0.006518491392660364,GOOGL,46,783,94.0999984741211,88.4800033569336,-1.0
2022-09-15,101.93998718261719,104.27773517279051,101.3852605316187,103.0494253696525,34188300,-0.01990466399688695,GOOGL,45,782,90.83999633789062,85.0999984741211,-1.0
2022-09-16,101.83100891113281,102.15789258323697,99.98854069027041,101.10788657515745,42797200,-0.0010690434097185841,GOOGL,44,781,91.3499984741211,85.11000061035156,-1.0
2022-09-19,102.09845733642578,102.35600868106442,100.59278824868812,100.7909000168843,23036800,0.0026263947313569513,GOOGL,41,778,92.0,85.7300033569336,-1.0
2022-09-20,100.18665313720703,101.40506247498007,99.57249454030391,101.11779510985505,26517100,-0.018725103680255817,GOOGL,40,777,90.62000274658203,84.44999694824219,-1.0
2022-09-21,98.34418487548828,101.91024974095512,98.33427701945793,100.71165611559576,31487300,-0.018390356439948796,GOOGL,39,776,89.83000183105469,82.94000244140625,-1.0
2022-09-22,99.19608306884766,100.28571299374859,97.8588096356747,97.88852564747053,34298600,0.008662415519920641,GOOGL,38,775,90.45999908447266,83.48999786376953,-1.0
2022-09-23,97.80928039550781,98.72061427278281,96.55125466682168,98.69089070275186,31625400,-0.01398041767815894,GOOGL,37,774,86.1500015258789,78.73999786376953,-1.0
2022-09-26,97.24464416503906,98.93852473541365,96.87813663539869,97.17530428990605,27072700,-0.005772828796874352,GOOGL,34,771,84.05999755859375,76.70999908447266,-1.0
2022-09-27,96.58096313476562,99.0573980869391,95.95690424751061,98.49277122014274,30072800,-0.006824859466265987,GOOGL,33,770,86.2699966430664,78.5,-1.0
2022-09-28,99.10693359375,99.75080065991985,96.19464356038361,96.72955443737825,32466300,0.026153916641519892,GOOGL,32,769,89.31999969482422,82.1500015258789,-1.0
2022-09-29,96.501708984375,97.71021036985752,95.05547197538944,97.71021036985752,31047200,-0.026287006518172507,GOOGL,31,768,88.48999786376953,81.2300033569336,-1.0
2022-09-30,94.74842071533203,97.96778676250888,94.65926511028924,96.13522606253521,32941500,-0.018168468594964016,GOOGL,30,767,87.95999908447266,79.48999786376953,-1.0
2022-10-03,97.71022033691406,98.35409495883162,95.61020070223094,95.84794390746448,27982000,0.0312596199411137,GOOGL,27,764,88.86000061035156,83.62999725341797,-1.0
2022-10-04,100.68195343017578,100.88006523212398,99.43382791695585,99.49326750352496,28850800,0.030413738532314216,GOOGL,26,763,91.80000305175781,86.5199966430664,-1.0
2022-10-05,100.47392272949219,100.96920973741486,97.86871578851174,98.88900581563564,22176900,-0.0020662163734026517,GOOGL,25,762,93.37000274658203,87.76000213623047,-1.0
2022-10-06,100.46401977539062,101.95978872839768,99.64184148832554,99.73099708399155,22324000,-9.856243125117015e-05,GOOGL,24,761,94.41999816894531,88.44999694824219,-1.0
2022-10-07,97.74983978271484,99.58240011798391,97.37342439434227,98.90880951525219,27502800,-0.027016438310391355,GOOGL,23,760,97.91999816894531,92.63999938964844,-1.0
2022-10-10,96.93756866455078,98.16587826309313,96.09558230714255,98.0668223782474,18225100,-0.008309692578214345,GOOGL,20,757,96.19000244140625,91.12999725341797,-1.0
2022-10-11,96.26398468017578,98.31447262301143,95.40218255210743,96.51162818804231,26507100,-0.006948637083171727,GOOGL,19,756,94.29000091552734,89.3499984741211,-1.0
2022-10-12,96.64038848876953,97.81917386308255,95.8281181827879,96.38284471289478,21876400,0.003910120797973482,GOOGL,18,755,92.44999694824219,87.2699966430664,-1.0
2022-10-13,98.12625885009766,98.83947334531618,93.49037218865715,94.25311840728581,34574500,0.015375252361498948,GOOGL,17,754,94.56999969482422,89.11000061035156,-1.0
2022-10-14,95.64983367919922,99.74090959182634,95.46162973731526,99.04750318007699,25410700,-0.02523713020264573,GOOGL,16,753,91.62999725341797,85.61000061035156,-1.0
2022-10-17,99.0276870727539,99.97863723546732,97.89843328218922,97.92814929391774,28419200,0.03531478585612291,GOOGL,13,750,91.62000274658203,85.45999908447266,-1.0
2022-10-18,99.82013702392578,102.49469131471892,99.0276823713602,102.15789223033175,24060700,0.008002306976933493,GOOGL,12,749,90.02999877929688,82.81999969482422,-1.0
2022-10-19,98.69088745117188,100.06778474217612,97.98758079988396,99.06731041769221,23811100,-0.01131284334425664,GOOGL,11,748,92.41000366210938,85.55000305175781,-1.0
2022-10-20,99.0276870727539,101.35553453374322,98.45315232106869,99.05740308448243,25323200,0.0034126719323368526,GOOGL,10,747,92.37999725341797,85.9800033569336,-1.0
2022-10-21,100.17674255371094,100.35504617005535,96.79888925641042,96.92766115141708,32458700,0.011603375933771254,GOOGL,9,746,93.5,85.05000305175781,-1.0
2022-10-24,101.55364227294922,101.78147761626212,99.0375909853776,100.84043534742486,27176400,0.013744704450736611,GOOGL,6,743,93.26000213623047,84.58000183105469,-1.0
2022-10-25,103.49517822265625,103.83196976605646,101.751765809669,101.93006943778678,40611400,0.019118329054990557,GOOGL,5,742,93.5199966430664,85.31999969482422,-1.0
2022-10-26,94.03518676757812,97.38332404744001,93.79745113215374,95.52104771456979,88114100,-0.0914051419354649,GOOGL,4,741,95.69000244140625,87.91000366210938,-1.0
2022-10-27,91.35073852539062,94.53048026417704,90.93469924535803,93.62905426662633,60710900,-0.028547273998854372,GOOGL,3,740,96.95999908447266,89.08000183105469,1.0
2022-10-28,95.38237762451172,95.63992899750288,91.26158588657455,91.40026565107432,43697300,0.0441336234846148,GOOGL,2,739,95.7699966430664,87.9000015258789,-1.0
2022-10-31,93.61915588378906,95.12482511935792,93.09415284479122,94.52057434230903,31675000,-0.01848582290183487,GOOGL,1455,736,94.83000183105469,86.52999877929688,-1.0
2022-11-01,89.61723327636719,95.12482243853582,89.5181773853351,94.55028769007764,47161400,-0.042746834978831916,GOOGL,1454,735,94.6500015258789,88.37000274658203,1.0
2022-11-02,86.15021514892578,90.32053045090788,86.06105956611515,90.0827948258783,57038300,-0.03868695786166043,GOOGL,1453,734,96.16000366210938,90.0,1.0
2022-11-03,82.64358520507812,85.70445509240571,82.55442961941449,85.50634332478795,61288000,-0.04070367018568477,GOOGL,1452,733,94.66999816894531,88.16999816894531,1.0
2022-11-04,85.76390075683594,85.82333277984429,82.9209505890823,84.59502310696469,51124900,0.03775629462365204,GOOGL,1451,732,98.56999969482422,92.61000061035156,1.0
2022-11-07,87.65589141845703,88.06203038731945,86.03135065796711,86.45729778160043,34078900,0.02206045486416719,GOOGL,1448,729,97.91999816894531,91.79000091552734,1.0
2022-11-08,88.06201934814453,89.46863244242654,86.76436242766391,88.06201934814453,30429000,0.0046332074560591074,GOOGL,1447,728,95.36000061035156,88.91000366210938,1.0
2022-11-09,86.4969253540039,88.59694505123552,86.4573014852848,87.616271304768,31769100,-0.017772633488600587,GOOGL,1446,727,92.6500015258789,85.83000183105469,1.0
2022-11-10,93.05451965332031,93.50027490961016,90.74648052680031,91.38044725273583,51620100,0.0758130334977607,GOOGL,1445,726,93.66999816894531,86.47000122070312,1.0
2022-11-11,95.50125122070312,96.01634641992595,93.03471630616241,93.79746258426681,33090500,0.02629352745571345,GOOGL,1444,725,95.98999786376953,88.95999908447266,-1.0
2022-11-14,94.79792785644531,95.87765743584981,93.61914994697848,94.19367711771467,30179500,-0.00736454606895609,GOOGL,1441,722,93.13999938964844,85.87000274658203,-1.0
2022-11-15,97.5121078491211,99.19608064116606,95.79841148852762,97.33380422522976,41640800,0.02863121646272604,GOOGL,1440,721,93.86000061035156,86.91999816894531,-1.0
2022-11-16,97.91825103759766,98.70080550558573,96.71965724966073,96.97720863902562,29105200,0.004165053934686469,GOOGL,1439,720,92.86000061035156,85.58999633789062,-1.0
2022-11-17,97.43287658691406,98.3442030153281,95.8776754323992,96.0559790864351,26052600,-0.004956935459327405,GOOGL,1438,719,89.77999877929688,81.63999938964844,-1.0
2022-11-18,96.51163482666016,97.96777996227408,95.46162869947433,97.83900049253803,28342300,-0.00945514278675863,GOOGL,1437,718,87.62000274658203,80.08000183105469,-1.0
2022-11-21,94.6988754272461,97.47248572459458,94.4611397769671,96.37294795051915,21647400,-0.01878280688820444,GOOGL,1434,715,87.44999694824219,79.7300033569336,-1.0
2022-11-22,96.1352310180664,96.30362682157288,93.1635083597952,95.04559333071508,23438500,0.015167609798321324,GOOGL,1433,714,88.36000061035156,80.94999694824219,-1.0
2022-11-23,97.53191375732422,97.82908897612423,96.17482467577447,96.17482467577447,18868100,0.014528313132105897,GOOGL,1432,713,85.41000366210938,77.94000244140625,-1.0
2022-11-25,96.54134368896484,97.71022134220922,96.48191166578498,97.31399022022332,9701400,-0.010156368620265921,GOOGL,1430,711,83.62999725341797,76.27999877929688,-1.0
2022-11-28,95.14463806152344,96.66021510957758,94.70878307241713,96.12530422953257,26237500,-0.014467435132675233,GOOGL,1427,708,83.19000244140625,77.23999786376953,-1.0
2022-11-29,94.29273223876953,95.21396627079818,93.22291060980481,94.82764305325189,20061700,-0.008953797503575944,GOOGL,1426,707,83.02999877929688,78.19999694824219,1.0
2022-11-30,100.03805541992188,100.08758713760406,93.52998523987996,93.92621630890034,43647500,0.06093071061515065,GOOGL,1425,706,85.43000030517578,80.55000305175781,-1.0
2022-12-01,100.03805541992188,101.2861806422184,99.30503285459555,100.06777142753957,28687100,0.0,GOOGL,1424,705,86.87999725341797,81.22000122070312,-1.0
2022-12-02,99.49324798583984,99.82013163918121,97.96776322615591,98.11635082720889,21480700,-0.005446001841950432,GOOGL,1423,704,85.56999969482422,79.9800033569336,-1.0
2022-12-05,98.54230499267578,100.42438954950684,98.0668261466735,98.46305725876209,24405100,-0.00955786460302721,GOOGL,1420,701,82.68000030517578,76.93000030517578,-1.0
2022-12-06,96.06587982177734,98.83948277532939,95.51115318508242,98.36401143814018,24910700,-0.02513057890296455,GOOGL,1419,700,79.3499984741211,74.25,-1.0
2022-12-07,94.04509735107422,95.96680575916933,93.82716986333111,95.50124233055791,31045400,-0.021035381911372775,GOOGL,1418,699,77.16999816894531,72.01000213623047,1.0
2022-12-08,92.8266830444336,94.67905903360328,92.56913170384522,94.48093971104322,32213300,-0.012955638740978048,GOOGL,1417,698,76.1500015258789,71.45999908447266,1.0
2022-12-09,91.9549789428711,93.3714999528572,91.87573121535932,92.88611328995704,28225400,-0.009390663039691272,GOOGL,1416,697,76.0999984741211,71.0199966430664,1.0
2022-12-12,92.43043518066406,92.67807862080728,90.74646281068135,91.83609243581593,29420000,0.005170532833119967,GOOGL,1413,694,77.98999786376953,73.16999816894531,1.0
2022-12-13,94.72859191894531,98.59183215358877,94.13424901149557,96.83851944299002,40593700,0.024863636461186056,GOOGL,1412,693,80.68000030517578,75.38999938964844,-1.0
2022-12-14,94.17385864257812,95.95689465285044,92.71771382710223,94.30263052652263,28733600,-0.0058560278911550245,GOOGL,1411,692,82.69999694824219,77.27999877929688,1.0
2022-12-15,90.00355529785156,92.75734984088065,89.16156889949431,92.25215497887433,40107000,-0.044283025086125916,GOOGL,1410,691,81.20999908447266,76.11000061035156,1.0
2022-12-16,89.40921783447266,90.46913178897229,88.67618757997353,89.90450487035997,58011800,-0.006603488733439966,GOOGL,1409,690,79.04000091552734,74.29000091552734,1.0
2022-12-19,87.60636138916016,89.70637329839354,87.37852605840477,89.40920565184058,29493000,-0.02016410040237926,GOOGL,1406,687,79.80000305175781,75.19000244140625,1.0
2022-12-20,88.18089294433594,88.33938840975075,86.61579178950325,87.27947454659835,23453800,0.006558103156728778,GOOGL,1405,686,79.98999786376953,76.08999633789062,1.0
2022-12-21,88.7356185913086,89.36958533140333,87.48749326534973,88.24033160326711,24745600,0.0062907692182572195,GOOGL,1404,685,82.19999694824219,78.29000091552734,1.0
2022-12-22,86.93277740478516,87.705423924909,85.50634840918426,87.32900852106096,27658300,-0.020316995758228984,GOOGL,1403,684,80.9800033569336,77.48999786376953,1.0
2022-12-23,88.38892364501953,88.70590703096771,86.24928012175934,86.28890398968787,23003000,0.01675025558488863,GOOGL,1402,683,83.91999816894531,79.55999755859375,1.0
2022-12-27,86.56625366210938,88.101646250422,86.18983829581997,87.96296650718489,20097300,-0.020621022496327912,GOOGL,1398,679,84.33000183105469,79.52999877929688,1.0
2022-12-28,85.20916748046875,87.21013108289247,85.12992730850024,86.16012511888523,19523200,-0.015676850091465022,GOOGL,1397,678,83.26000213623047,78.95999908447266,1.0
2022-12-29,87.61626434326172,88.01249544149027,85.79361187188182,85.80351972764441,23333500,0.028249270987710462,GOOGL,1396,677,82.26000213623047,78.4000015258789,1.0
2022-12-30,87.39834594726562,87.46768582385727,85.75398950597845,86.16012846707217,23986300,-0.0024871911354532594,GOOGL,1395,676,85.91000366210938,80.26000213623047,1.0
2023-01-03,88.27995300292969,90.19176102565882,87.68560258790053,88.74551641039932,28131200,0.010087228151846261,GOOGL,1391,672,82.0999984741211,76.93000030517578,1.0
2023-01-04,87.24976348876953,89.79553847603304,86.44739337515158,89.49836324025155,34854800,-0.011669574791526749,GOOGL,1390,671,77.83999633789062,72.83999633789062,1.0
2023-01-05,85.3874740600586,86.74456313346334,85.09030640052188,86.64550724695111,27194400,-0.02134434930532103,GOOGL,1389,670,78.69000244140625,73.66999816894531,1.0
2023-01-06,86.51673126220703,86.8634382151229,84.06011192527862,85.97192008580211,41381500,0.013225092024084839,GOOGL,1388,669,78.56999969482422,73.7699966430664,1.0
2023-01-09,87.19032287597656,89.20119450702028,87.03183496091958,87.52712197637781,29003900,0.00778568034115934,GOOGL,1385,666,79.6500015258789,74.62999725341797,1.0
2023-01-10,87.5865478515625,87.8341913419079,85.02096491917445,85.1695525248776,30467800,0.004544368715660552,GOOGL,1384,665,80.0999984741211,75.12000274658203,1.0
2023-01-11,90.65733337402344,90.7365811115069,88.17099795969153,88.33939373373373,26862000,0.03506001318450358,GOOGL,1383,664,82.66999816894531,77.41000366210938,1.0
2023-01-12,90.27100372314453,91.00403390685888,88.9040143567913,90.61771066077036,30258100,-0.004261427470903301,GOOGL,1382,663,84.02999877929688,78.38999938964844,1.0
2023-01-13,91.2516860961914,91.32102597882799,89.28043825448809,89.99365279445307,26329200,0.010863758378654609,GOOGL,1381,662,85.27999877929688,79.86000061035156,1.0
2023-01-17,90.42949676513672,91.38044684984735,89.20118718373709,91.19223538103147,32602400,-0.009010127551922653,GOOGL,1377,658,85.91999816894531,80.18000030517578,1.0
2023-01-18,90.26111602783203,91.92528084237877,89.78563712761265,91.27149829926222,29116700,-0.0018620112167825331,GOOGL,1376,657,84.9800033569336,79.4800033569336,1.0
2023-01-19,92.17292022705078,92.72763928780023,89.77572523421122,89.8648808303919,37000400,0.02118081720404663,GOOGL,1375,656,86.16000366210938,80.33000183105469,1.0
2023-01-20,97.0960464477539,97.37341347688135,94.12432486726897,94.20357258987681,63191100,0.053411850341466005,GOOGL,1374,655,87.62999725341797,81.30999755859375,1.0
2023-01-23,98.84937286376953,99.09701634497223,96.58095766905522,97.02671291222839,40005100,0.018057649926653374,GOOGL,1371,652,88.19000244140625,81.62000274658203,-1.0
2023-01-24,96.77906799316406,98.67106778903306,96.28378103811721,97.17529906869738,33078500,-0.020944036473136585,GOOGL,1370,651,86.12999725341797,80.12999725341797,1.0
2023-01-25,94.32245635986328,95.25359832710816,92.87621924407682,94.66915574421624,42330000,-0.025383708318768905,GOOGL,1369,650,86.12000274658203,80.1500015258789,1.0
2023-01-26,96.60076904296875,96.65030076385241,94.48094137779603,95.59038693126605,30114000,0.024154509657945633,GOOGL,1368,649,87.47000122070312,81.01000213623047,1.0
2023-01-27,98.43334197998047,99.37438426539468,96.39275438266596,96.39275438266596,33879800,0.018970583310745415,GOOGL,1367,648,86.66000366210938,79.68000030517578,-1.0
2023-01-30,96.0262451171875,97.36351849369827,95.49133425508724,96.56115597928776,27226200,-0.024454080440370785,GOOGL,1364,645,84.9000015258789,77.9000015258789,1.0
2023-01-31,97.9083251953125,97.94794906005014,95.90736914967809,95.95690086997,29870700,0.019599642533436157,GOOGL,1363,644,84.48999786376953,78.87000274658203,1.0
2023-02-01,99.48334503173828,100.23618337201236,96.66021070256011,97.77955657834522,35531100,0.016086679383840563,GOOGL,1362,643,82.83999633789062,76.41000366210938,-1.0
2023-02-02,106.72444152832031,106.83340527382167,104.61452161152837,104.80273309148161,69883800,0.07278702273503068,GOOGL,1361,642,82.16999816894531,75.87999725341797,-1.0
2023-02-03,103.79235076904297,106.79378901865567,101.61309081864206,101.95979023473124,65309300,-0.02747347015631174,GOOGL,1360,641,79.94000244140625,73.38999938964844,-1.0
2023-02-06,101.9300765991211,103.37631388102743,100.91968678297297,101.43478954816082,31999600,-0.01794230650065709,GOOGL,1357,638,80.98999786376953,74.11000061035156,-1.0
2023-02-07,106.62538146972656,107.1602923201408,102.14799045298909,102.2470463384407,49010200,0.04606397863381928,GOOGL,1356,637,83.69000244140625,77.13999938964844,-1.0
2023-02-08,98.43334197998047,102.16780266804861,97.11587673441662,101.08808062599397,94743500,-0.07683010721112404,GOOGL,1355,636,85.08999633789062,78.47000122070312,-1.0
2023-02-09,94.11444091796875,99.08711923445635,92.7474439167084,99.05740322268637,119455000,-0.04387640381945079,GOOGL,1354,635,84.5,78.05999755859375,1.0
2023-02-10,93.67858123779297,95.83803282228948,93.36159786564117,94.55028362184048,54980700,-0.004631166863708902,GOOGL,1353,634,86.38999938964844,79.72000122070312,1.0
2023-02-13,93.71820831298828,94.30264335517856,92.95546208803488,93.84698021445055,50076100,0.0004230110519578556,GOOGL,1350,631,86.61000061035156,80.13999938964844,1.0
2023-02-14,93.78755187988281,93.95594765552765,91.3903644792954,93.5399083660003,54726100,0.0007399156273126817,GOOGL,1349,630,85.58000183105469,79.05999755859375,1.0
2023-02-15,96.0262451171875,96.20454873788759,93.26254277507603,93.5993343044652,50169000,0.023869833388676875,GOOGL,1348,629,85.37999725341797,78.58999633789062,1.0
2023-02-16,94.60973358154297,96.759277545991,93.84698729900944,94.47105381335152,42462600,-0.014751295689171884,GOOGL,1347,628,85.13999938964844,78.48999786376953,1.0
2023-02-17,93.46063995361328,94.6592333887697,92.33138638470628,93.95592687181735,34284100,-0.012145617416196353,GOOGL,1346,627,83.0,76.33999633789062,1.0
2023-02-21,90.92477416992188,92.22242348891362,90.85543430304779,92.12336761587615,33629300,-0.027132981166724468,GOOGL,1342,623,83.05000305175781,76.16000366210938,1.0
2023-02-22,90.78610229492188,91.24176539632087,89.75590449970178,90.83562645698825,30884000,-0.0015251275163009614,GOOGL,1341,622,80.5999984741211,73.94999694824219,1.0
2023-02-23,90.03327178955078,91.07337753026592,88.9139258711701,91.05356181773953,41206400,-0.00829235407557749,GOOGL,1340,621,82.20999908447266,75.38999938964844,1.0
2023-02-24,88.28984832763672,89.04268660211446,87.74503722118865,88.59693137343157,36585100,-0.01936421310989611,GOOGL,1339,620,83.16000366210938,76.31999969482422,1.0
2023-02-27,89.02288818359375,89.31015555075885,88.49787761482176,89.02288818359375,27502300,0.008302651662021043,GOOGL,1336,617,82.44999694824219,75.68000030517578,1.0
2023-02-28,89.21109771728516,90.37007511496472,88.47807502657972,88.48798288330664,30142000,0.0021141701592881645,GOOGL,1335,616,83.88999938964844,77.05000305175781,1.0
2023-03-01,89.50827026367188,90.17195305226244,88.82477176222423,89.13185485166831,31111200,0.0033311163520088893,GOOGL,1334,615,84.30999755859375,77.69000244140625,1.0
2023-03-02,91.1328125,91.41017202449882,88.74552541452906,88.81487285313399,32204400,0.01814963278301085,GOOGL,1333,614,84.75,78.16000366210938,1.0
2023-03-03,92.76725769042969,92.84650542514655,91.57856434211662,91.6082879107454,35160100,0.017934760769395597,GOOGL,1332,613,85.83000183105469,79.68000030517578,1.0
2023-03-06,94.23329162597656,95.06537762515192,93.1139458487006,93.13375400124997,32639300,0.01580335532218835,GOOGL,1329,610,86.18000030517578,80.45999908447266,1.0
2023-03-07,92.97527313232422,94.76820959391353,92.64838190947148,94.08471869587915,27835500,-0.013350042983169552,GOOGL,1328,609,83.29000091552734,77.58000183105469,1.0
2023-03-08,93.36160278320312,95.05548347587344,93.11395927449436,93.23283087936741,34103300,0.004155187049884379,GOOGL,1327,608,82.66000366210938,76.66000366210938,1.0
2023-03-09,91.44979858398438,94.62954046765182,91.03375928499547,93.16349506431554,28813500,-0.020477414078442835,GOOGL,1326,607,81.58999633789062,75.72000122070312,1.0
2023-03-10,89.77571868896484,91.91536215154204,89.54789090168737,91.30120355228826,35941000,-0.01830599871121763,GOOGL,1325,606,82.77999877929688,76.68000030517578,1.0
2023-03-13,90.25120544433594,91.69744270082337,88.57713282311968,89.2408156459463,37335600,0.005296384838961332,GOOGL,1322,603,80.7699966430664,74.80000305175781,1.0
2023-03-14,93.08423614501953,93.47055938446682,91.56865919680635,91.68752323511042,36050200,0.031390502616952976,GOOGL,1321,602,77.44999694824219,71.33000183105469,1.0
2023-03-15,95.20406341552734,96.01633375629301,91.7667705826294,92.34130529029962,50622100,0.022773214437783462,GOOGL,1320,601,73.69000244140625,67.61000061035156,1.0
2023-03-16,99.3743896484375,100.2361918035118,94.59982296945131,95.29322179021432,65492000,0.04380407813801357,GOOGL,1319,600,74.69999694824219,68.3499984741211,1.0
2023-03-17,100.66212463378906,101.87061846985974,99.15644804076712,99.31494349581332,61028500,0.012958419064582394,GOOGL,1318,599,72.97000122070312,66.73999786376953,1.0
2023-03-20,100.26590728759766,100.79091032876192,98.9286338217588,99.17627733608008,32960400,-0.003936111498071937,GOOGL,1315,596,73.79000091552734,67.63999938964844,1.0
2023-03-21,103.93102264404297,104.10932626699038,100.26590185371047,100.29561786462173,42110300,0.036553953937029426,GOOGL,1314,595,75.31999969482422,69.33000183105469,1.0
2023-03-22,102.3956298828125,105.58527158969119,102.35600601870802,103.28714037398593,43427400,-0.0147731901617969,GOOGL,1313,594,76.69000244140625,70.9000015258789,1.0
2023-03-23,104.6046142578125,105.29802060137733,103.47536048762859,104.06970338391277,40797800,0.02157303370786523,GOOGL,1312,593,75.91000366210938,69.95999908447266,1.0
2023-03-24,104.44612121582031,104.49564537954834,102.86119682693183,104.00035839739058,30393300,-0.0015151630080252332,GOOGL,1311,592,74.98999786376953,69.26000213623047,1.0
2023-03-27,101.49420166015625,103.77252467050126,100.96919869835409,103.63384492804329,31120900,-0.028262605842149124,GOOGL,1308,589,78.12000274658203,72.80999755859375,1.0
2023-03-28,100.07769012451172,101.48430339231476,98.79984875616225,101.474403093689,32057900,-0.013956575966650675,GOOGL,1307,588,78.6500015258789,73.19999694824219,1.0
2023-03-29,100.43429565429688,101.52392552543023,99.70127302207695,101.31590589564402,28779600,0.003563286975763358,GOOGL,1306,587,78.27999877929688,72.97000122070312,1.0
2023-03-30,99.93901062011719,100.20646983328197,98.83947287150617,99.95882633237822,33086200,-0.0049314333411019096,GOOGL,1305,586,79.2699966430664,74.37000274658203,1.0
2023-03-31,102.75224304199219,102.91073095009241,100.08759659739673,100.34514795022433,36863400,0.02814949241961684,GOOGL,1304,585,79.7699966430664,75.66999816894531,1.0
2023-04-03,103.37630462646484,103.54470039492068,100.96920947198919,101.42487261118261,25035400,0.0060734594788127705,GOOGL,1301,582,84.93000030517578,80.41999816894531,1.0
2023-04-04,103.73291778564453,104.58481209016414,103.05932711596579,103.34659450306941,24420100,0.003449660543276778,GOOGL,1300,581,84.94000244140625,80.70999908447266,1.0
2023-04-05,103.48527526855469,105.09990829704094,102.68291268275507,104.78292489397982,28290500,-0.0023873088926466,GOOGL,1299,580,84.98999786376953,80.61000061035156,1.0
2023-04-06,107.39804077148438,108.14097133723756,103.34659638050103,104.26783058433419,48711500,0.03780987674599756,GOOGL,1298,579,85.12000274658203,80.69999694824219,1.0
2023-04-10,105.43669128417969,106.57584525506634,104.12913400189751,105.97160211204229,27067400,-0.018262432659064465,GOOGL,1294,575,84.18000030517578,79.73999786376953,1.0
2023-04-11,104.35697937011719,105.72397645765584,103.69329654043193,105.54567281830212,26311800,-0.010240381226990447,GOOGL,1293,574,85.61000061035156,81.52999877929688,1.0
2023-04-12,103.65365600585938,105.74376761435744,103.35648080221837,105.57537185911791,24370300,-0.0067395910508618595,GOOGL,1292,573,87.33000183105469,83.26000213623047,1.0
2023-04-13,106.4173583984375,106.4767904162888,104.84234190806362,104.84234190806362,24843600,0.026662854925463497,GOOGL,1291,572,86.08999633789062,82.16000366210938,1.0
2023-04-14,107.84378051757812,107.91312038654546,105.83290920256783,105.88244091932117,26578000,0.01340403615169583,GOOGL,1290,571,86.30999755859375,82.5199966430664,1.0
2023-04-17,104.97113800048828,105.15934949683192,103.53480102901426,103.67348835512259,37571200,-0.02663707172822649,GOOGL,1287,568,84.76000213623047,80.83000183105469,1.0
2023-04-18,103.51497650146484,105.53574824150101,103.08902940590605,105.4862165216186,26596400,-0.013872017839957729,GOOGL,1286,567,84.7699966430664,80.86000061035156,1.0
2023-04-19,103.19800567626953,103.9904679457502,102.09846786716825,102.60366275289918,20905700,-0.0030620769661366953,GOOGL,1285,566,83.12000274658203,79.16000366210938,1.0
2023-04-20,104.29753112792969,105.24848120414728,102.89091794586696,102.93054181039429,27820800,0.010654522289019308,GOOGL,1284,565,81.0999984741211,77.29000091552734,1.0
2023-04-21,104.41641998291016,105.0008550769743,103.7923534602877,104.47585201078634,25800100,0.001139900951582895,GOOGL,1283,564,81.66000366210938,77.87000274658203,1.0
2023-04-24,104.97113800048828,105.62491297295048,103.71310466831859,104.49565910984984,23542800,0.0053125554167525735,GOOGL,1280,561,82.7300033569336,78.76000213623047,1.0
2023-04-25,102.87110900878906,105.68434311564164,102.86120115263496,104.83244886590656,46664100,-0.020005775222608824,GOOGL,1279,560,80.7699966430664,77.06999969482422,1.0
2023-04-26,102.732421875,105.34753645837012,101.66260021158149,103.9310154292547,53347600,-0.001348164077605296,GOOGL,1278,559,77.69000244140625,74.30000305175781,1.0
2023-04-27,106.57585144042969,107.34850549717122,102.56403133484429,103.4654497314898,50089200,0.03741204086579586,GOOGL,1277,558,78.37000274658203,74.76000213623047,1.0
2023-04-28,106.32819366455078,106.33810151916654,104.09940249716382,106.03102604338643,36139800,-0.002323770089862509,GOOGL,1276,557,79.54000091552734,76.77999877929688,1.0
2023-05-01,106.18951416015625,106.97206841196683,105.81309881620685,105.8329069680026,26681700,-0.0013042590080298844,GOOGL,1273,554,79.30999755859375,75.66000366210938,1.0
2023-05-02,104.32725524902344,106.18953168173442,102.7324304758186,106.13009965906194,30997200,-0.01753712620178427,GOOGL,1272,553,75.31999969482422,71.66000366210938,1.0
2023-05-03,104.41641998291016,106.47680837658436,103.97065710139688,104.53528403866251,21795400,0.0008546638524504768,GOOGL,1271,552,72.33000183105469,68.5999984741211,1.0
2023-05-04,103.70320129394531,104.60461976329854,102.98998675787486,104.49565601153888,23419500,-0.006830522336253031,GOOGL,1270,551,72.5,68.55999755859375,1.0
2023-05-05,104.57489013671875,104.88196563853086,103.12865309684194,103.83195968460865,26639300,0.008405611706264082,GOOGL,1269,550,75.30000305175781,71.33999633789062,1.0
2023-05-08,106.75415802001953,106.94236950082018,104.16876679983567,104.18857495479786,26511400,0.02083930358857322,GOOGL,1266,547,77.01000213623047,73.16000366210938,1.0
2023-05-09,106.33811950683594,109.1117297850802,106.17963159356827,107.36831739425581,36360100,-0.003897164484268356,GOOGL,1265,546,77.44000244140625,73.70999908447266,1.0
2023-05-10,110.69662475585938,111.8754100240017,106.91263305308127,106.95225691291144,63153400,0.04098723269921334,GOOGL,1264,545,76.41000366210938,72.55999755859375,1.0
2023-05-11,115.4712142944336,116.80848772250684,113.33157832101242,114.31224449393545,78900000,0.04313220524207084,GOOGL,1263,544,74.9800033569336,70.87000274658203,1.0
2023-05-12,116.40235137939453,116.91744652756881,115.01554628549181,115.58017315602966,41102300,0.008063802659827202,GOOGL,1262,543,74.16999816894531,70.04000091552734,1.0
2023-05-15,115.41177368164062,117.3632055833455,114.91648670384667,115.01554258790955,36266800,-0.00850994577012687,GOOGL,1259,540,75.2300033569336,71.11000061035156,1.0
2023-05-16,118.38349151611328,119.61180106311025,115.33252202302734,115.39195403994484,45035600,0.02574882734815276,GOOGL,1258,539,74.91000366210938,70.86000061035156,1.0
2023-05-17,119.7009506225586,120.52312880202415,117.76933447319193,118.48254891525943,33323600,0.011128740076617794,GOOGL,1257,538,76.95999908447266,72.83000183105469,1.0
2023-05-18,121.67220306396484,122.14767433938904,119.69105511557814,119.80991915569436,35234200,0.01646814357909321,GOOGL,1256,537,75.86000061035156,71.86000061035156,1.0
2023-05-19,121.60287475585938,124.78261660860367,120.99862396952213,122.38542917681221,41353400,-0.0005697957821065858,GOOGL,1255,536,75.58000183105469,71.55000305175781,1.0
2023-05-22,123.87129974365234,125.23828934182774,121.58306833167666,121.78118769498676,35253000,0.0186543697453474,GOOGL,1252,533,75.98999786376953,71.98999786376953,1.0
2023-05-23,121.40475463867188,123.45524264502252,121.05805522841555,122.98967918409565,34046300,-0.019912159718069478,GOOGL,1251,532,76.83999633789062,72.91000366210938,1.0
2023-05-24,119.7603988647461,120.76088072713313,118.73020099136893,119.97832635531356,34182600,-0.01354441000947415,GOOGL,1250,531,78.36000061035156,74.33999633789062,1.0
2023-05-25,122.31607818603516,124.1387306788188,120.81040150658113,123.34626847305567,42317000,0.021339936619410915,GOOGL,1249,530,76.26000213623047,71.83000183105469,1.0
2023-05-26,123.43543243408203,124.07930707525598,121.29578886786955,122.00900338994037,35635900,0.009151325521935094,GOOGL,1248,529,76.94999694824219,72.66999816894531,1.0
2023-05-30,122.5042724609375,124.47551996431581,120.85001586089886,124.45570425411752,35076700,-0.007543700822223776,GOOGL,1244,525,73.54000091552734,69.45999908447266,1.0
2023-05-31,121.71183013916016,122.89060806044641,121.34531503835157,121.59295853842984,37325800,-0.006468691302419893,GOOGL,1243,524,72.66000366210938,68.08999633789062,1.0
2023-06-01,122.55382537841797,123.24722420572046,121.46419541087958,121.66230720225732,30772700,0.006917940830362346,GOOGL,1242,523,74.27999877929688,70.0999984741211,1.0
2023-06-02,123.49486541748047,124.96091834173134,122.59344695882075,122.82127475890255,26980100,0.007678585602340693,GOOGL,1241,522,76.12999725341797,71.73999786376953,1.0
2023-06-05,124.82223510742188,126.2288484102657,122.67268372774639,122.8410870558176,32305500,0.010748379582051104,GOOGL,1238,519,76.70999908447266,72.1500015258789,1.0
2023-06-06,126.10997009277344,127.08072835419054,124.17835386828453,124.82222846227405,26638300,0.01031655124780717,GOOGL,1237,518,76.29000091552734,71.73999786376953,1.0
2023-06-07,121.3453140258789,127.82366128329055,120.9688986295934,125.7731809795302,52539000,-0.03778175558514041,GOOGL,1236,517,76.94999694824219,72.52999877929688,1.0
2023-06-08,120.98870849609375,122.06843809259337,120.0971903791399,121.07786408652909,29389200,-0.0029387663845766854,GOOGL,1235,516,75.95999908447266,71.29000091552734,1.0
2023-06-09,121.0778579711914,122.59343491472501,120.76087460756005,121.09766612502108,23778300,0.0007368412821806558,GOOGL,1234,515,74.79000091552734,70.16999816894531,1.0
2023-06-12,122.47456359863281,122.88070254912273,120.51323139340306,121.63257724558046,28306400,0.011535599083473569,GOOGL,1231,512,71.83999633789062,67.12000274658203,1.0
2023-06-13,122.66276550292969,123.98023057850732,122.01889096875816,123.80192697762102,22278300,0.0015366611545042375,GOOGL,1230,511,74.29000091552734,69.41999816894531,1.0
2023-06-14,122.5042724609375,122.8806953799138,120.30519719263269,121.93964563995213,30592300,-0.0012921039350641816,GOOGL,1229,510,73.19999694824219,68.2699966430664,1.0
2023-06-15,123.91089630126953,124.27741139684176,121.2462574175831,121.97928005124778,35246300,0.01148224312568824,GOOGL,1228,509,75.66999816894531,70.62000274658203,1.0
2023-06-16,122.36560821533203,124.9212910160558,122.1179647088467,124.74298738908716,45535600,-0.012470962054703993,GOOGL,1227,508,76.61000061035156,71.77999877929688,1.0
2023-06-20,121.93965148925781,123.39579640203785,120.9887014060601,121.77125573189018,26097500,-0.003481016703031803,GOOGL,1223,504,75.9000015258789,70.5,1.0
2023-06-21,119.41368103027344,121.50379246519412,118.96791826183117,121.24624114725941,30306300,-0.02071492273542297,GOOGL,1222,503,77.12000274658203,72.52999877929688,1.0
2023-06-22,121.98918914794922,122.07833718002013,117.70990978650924,118.8688795483101,26952200,0.021567948458291353,GOOGL,1221,502,74.13999938964844,69.51000213623047,1.0
2023-06-23,121.18681335449219,121.6325761662558,119.91887990832626,120.23586326986775,34913600,-0.006577433615727268,GOOGL,1220,501,73.8499984741211,69.16000366210938,1.0
2023-06-26,117.22453308105469,120.85003784396424,117.15519319770573,119.62172810000537,33969900,-0.03269563877257131,GOOGL,1217,498,74.18000030517578,69.37000274658203,1.0
2023-06-27,117.21463775634766,117.95756834839459,115.00565413736987,115.97642010293609,39535900,-8.441342820442177e-05,GOOGL,1216,497,72.26000213623047,67.69999694824219,1.0
2023-06-28,119.04718780517578,119.25520744558725,115.74857445547958,115.98631010773838,27091400,0.015634139932569013,GOOGL,1215,496,74.02999877929688,69.55999755859375,1.0
2023-06-29,117.97736358642578,118.9283137332142,117.18490890950874,118.11604334382326,24090900,-0.008986555990728617,GOOGL,1214,495,74.33999633789062,69.86000061035156,1.0
2023-06-30,118.57171630859375,119.93871339832693,118.5618160090164,119.03728734306921,29532200,0.0050378539077333695,GOOGL,1213,494,74.9000015258789,70.63999938964844,1.0
2023-07-03,118.76982879638672,119.05709617461561,117.7000070203923,118.11604630300786,14467900,0.001670824155714845,GOOGL,1210,491,74.6500015258789,69.79000091552734,1.0
2023-07-05,120.60238647460938,121.45428073315573,118.1061432790298,118.1160435778064,27584800,0.01542948825298307,GOOGL,1208,489,76.6500015258789,71.79000091552734,1.0
2023-07-06,118.97784423828125,119.16605571745576,117.2839635981503,118.67076871540064,24745200,-0.013470232918401992,GOOGL,1207,488,76.5199966430664,71.80000305175781,1.0
2023-07-07,118.35379028320312,119.90899123235957,118.27454254576682,118.96794135463395,21709500,-0.005245127435897334,GOOGL,1206,487,78.47000122070312,73.86000061035156,1.0
2023-07-10,115.35234832763672,117.19481671679651,115.0452727819369,117.18491641740523,35315200,-0.02535991410485794,GOOGL,1203,484,77.69000244140625,72.98999786376953,1.0
2023-07-11,116.03583526611328,116.60046213170129,114.2627069372542,115.19384889567219,23078800,0.0059252104390215,GOOGL,1202,483,79.4000015258789,74.83000183105469,1.0
2023-07-12,117.8089599609375,119.19576499990413,117.2938648331679,117.68018806836497,30404400,0.015280837085869026,GOOGL,1201,482,80.11000061035156,75.75,1.0
2023-07-13,123.36608123779297,123.65334859158274,119.31462983276822,119.7901086563636,44297900,0.047170616553257716,GOOGL,1200,481,81.36000061035156,76.88999938964844,1.0
2023-07-14,124.23777770996094,125.58495882924838,122.32596976549266,123.62362672387462,33283100,0.007065933062165852,GOOGL,1199,480,79.87000274658203,75.41999816894531,1.0
2023-07-17,123.47503662109375,125.90193962312031,123.02927383711321,124.75287784320489,25716200,-0.006139365198948088,GOOGL,1196,477,78.5,74.1500015258789,1.0
2023-07-18,122.59343719482422,123.50476343752902,121.80097499226719,123.4255157057774,26193600,-0.0071399000996038575,GOOGL,1195,476,79.62999725341797,75.75,1.0
2023-07-19,120.8797607421875,124.00007078557634,120.65193292284178,123.42553597225783,37224000,-0.013978533368905866,GOOGL,1194,475,79.45999908447266,75.3499984741211,1.0
2023-07-20,118.07642364501953,122.92033014114742,117.10566530896473,120.27549924350316,37906800,-0.023191120498219142,GOOGL,1193,474,79.63999938964844,75.62999725341797,1.0
2023-07-21,118.8886947631836,119.84955280579004,117.61086088273697,119.48304524220468,72937900,0.00687919817597149,GOOGL,1192,473,81.06999969482422,77.06999969482422,1.0
2023-07-24,120.38446044921875,121.84060548000588,119.83964926814579,120.51323990968405,29686100,0.012581227248012139,GOOGL,1189,470,82.73999786376953,78.73999786376953,1.0
2023-07-25,121.05805206298828,121.98919407545517,119.87926654145934,120.21606564367339,52509600,0.005595336900261039,GOOGL,1188,469,83.63999938964844,79.62999725341797,1.0
2023-07-26,128.05149841308594,129.74537139876955,127.11045618604405,128.8439605940008,61682100,0.057769361318145585,GOOGL,1187,468,82.91999816894531,78.77999877929688,1.0
2023-07-27,128.1802520751953,131.98406720387166,127.5760014129933,130.42885898076116,44952100,0.0010054834477142283,GOOGL,1186,467,84.23999786376953,80.08999633789062,1.0
2023-07-28,131.33030700683594,132.47937651181306,129.3392586434395,129.54727072583006,36591200,0.024575196885965545,GOOGL,1185,466,84.98999786376953,80.58000183105469,1.0
2023-07-31,131.46896362304688,132.27132602951215,130.5378217782747,131.47886392024066,28055500,0.0010557853657018335,GOOGL,1182,463,85.55999755859375,81.80000305175781,1.0
2023-08-01,130.30999755859375,131.37981916789192,129.44818800071138,129.5472514351671,23166800,-0.008815510767820167,GOOGL,1181,462,84.91000366210938,81.37000274658203,1.0
2023-08-02,127.1698989868164,128.863772116118,126.35762102589456,128.22980534062592,26273300,-0.024097142434258756,GOOGL,1180,461,83.19999694824219,79.48999786376953,1.0
2023-08-03,127.23921966552734,128.17036158821978,126.21892971575811,126.76374840615887,20089500,0.0005451028841199079,GOOGL,1179,460,85.13999938964844,81.55000305175781,1.0
2023-08-04,126.90245056152344,130.27039650877546,126.70433876138416,128.0614204630477,26147200,-0.0026467397779487145,GOOGL,1178,459,86.23999786376953,82.81999969482422,1.0
2023-08-07,130.29017639160156,130.36942411285528,127.80384148646446,127.94252121991917,22746300,0.026695511513670223,GOOGL,1175,456,85.33999633789062,81.94000244140625,1.0
2023-08-08,130.16143798828125,130.27040174998604,128.3189694544306,129.38879135617893,23535200,-0.0009880898689811346,GOOGL,1174,455,86.16999816894531,82.91999816894531,1.0
2023-08-09,128.43780517578125,130.79536059007307,127.78402282675239,130.4189528165061,24912900,-0.013242269286047548,GOOGL,1173,454,87.55000305175781,84.4000015258789,1.0
2023-08-10,128.46754455566406,130.80529980166855,128.22980135413556,130.08218501342233,20857800,0.00023154693310201147,GOOGL,1172,453,86.4000015258789,82.81999969482422,1.0
2023-08-11,128.3387451171875,128.7052526035577,126.96184807533274,127.44723470143826,19591100,-0.0010025834845839299,GOOGL,1171,452,86.80999755859375,83.19000244140625,1.0
2023-08-14,130.0920867919922,130.13170310188443,127.7444312206599,128.170370790581,24695600,0.013661826545083411,GOOGL,1168,449,86.20999908447266,82.51000213623047,1.0
2023-08-15,128.5566864013672,130.18122707956528,128.06139942490483,129.86425127440808,19770700,-0.011802411879824781,GOOGL,1167,448,84.88999938964844,80.98999786376953,1.0
2023-08-16,127.48690032958984,129.05200942619103,126.66472946268813,127.48690032958984,25216100,-0.00832151249167512,GOOGL,1166,447,83.44999694824219,79.37999725341797,1.0
2023-08-17,128.69534301757812,130.74583798674223,128.07127670262275,128.5764790013795,33446300,0.009478955758310148,GOOGL,1165,446,84.12000274658203,80.38999938964844,1.0
2023-08-18,126.25856018066406,128.03168853418597,125.18873845493916,127.29865833833011,30504800,-0.018934506717785626,GOOGL,1164,445,84.80000305175781,81.25,1.0
2023-08-21,127.15998077392578,127.51658802197558,125.36704423496647,125.98120284160333,25248700,0.007139481013975324,GOOGL,1161,442,84.45999908447266,80.72000122070312,1.0
2023-08-22,127.86328887939453,129.05197461127347,127.11045810936166,127.29865446565053,22054900,0.005530891882715272,GOOGL,1160,441,84.02999877929688,80.3499984741211,1.0
2023-08-23,131.12228393554688,132.15248942586146,128.64584877704544,128.95292431830592,27819700,0.025488121607964764,GOOGL,1159,440,83.20999908447266,78.88999938964844,1.0
2023-08-24,128.5566864013672,132.9845531801372,128.34867433563005,132.68737797126798,28500700,-0.019566449402611097,GOOGL,1158,439,83.36000061035156,79.05000305175781,1.0
2023-08-25,128.65574645996094,129.5274412374435,126.05053219547979,128.3189398374532,26762900,0.0007705554753059118,GOOGL,1157,438,84.4800033569336,79.83000183105469,1.0
2023-08-28,129.77513122558594,131.2907086676404,128.91333643715294,130.07230653313786,20543300,0.008700620037779272,GOOGL,1154,435,84.41999816894531,80.0999984741211,1.0
2023-08-29,133.30154418945312,135.28269209662818,130.99350506379912,130.99350506379912,43075600,0.027173256775500976,GOOGL,1153,434,85.48999786376953,81.16000366210938,1.0
2023-08-30,134.5991973876953,134.9954209341487,132.8062609003106,133.50955996250931,28315800,0.00973471992490893,GOOGL,1152,433,85.86000061035156,81.62999725341797,-1.0
2023-08-31,134.88644409179688,136.69919611494214,134.5100211787518,134.72794864262443,30053800,0.0021340892789589727,GOOGL,1151,432,86.86000061035156,83.62999725341797,-1.0
2023-09-01,134.38124084472656,136.16427664813094,133.57887851193362,136.16427664813094,21543700,-0.003745396733318085,GOOGL,1150,431,88.55000305175781,85.55000305175781,1.0
2023-09-05,134.49024963378906,135.1341167520606,133.31146403775733,134.16335836737144,19403100,0.0008111905231509287,GOOGL,1146,427,90.04000091552734,86.69000244140625,-1.0
2023-09-06,133.19259643554688,135.24307690579013,132.4100344539137,134.73788957021387,18684500,-0.009648678634887164,GOOGL,1145,426,90.5999984741211,87.54000091552734,1.0
2023-09-07,133.98501586914062,134.30200676190253,131.69679265373736,132.33075932430347,18844300,0.005949425529647945,GOOGL,1144,425,89.91999816894531,86.87000274658203,1.0
2023-09-08,135.09449768066406,135.37185721348425,133.5789205495535,133.63835257587766,23558300,0.00828064096814396,GOOGL,1143,424,90.6500015258789,87.51000213623047,-1.0
2023-09-11,135.62937927246094,136.18409824910339,134.51002590640553,135.2529563461856,20763400,0.003959314413094939,GOOGL,1140,421,90.63999938964844,87.29000091552734,-1.0
2023-09-12,134.0642852783203,135.5798623314705,133.91570522015272,134.97561156998864,18405500,-0.011539490946106623,GOOGL,1139,420,92.05999755859375,88.83999633789062,1.0
2023-09-13,135.42137145996094,135.60956781404116,132.88548944943147,133.81663138154605,20749500,0.010122652567932544,GOOGL,1138,419,91.87999725341797,88.5199966430664,-1.0
2023-09-14,136.79827880859375,137.39261415422715,134.95581051870604,136.3029917964192,24751000,0.010167577936839312,GOOGL,1137,418,93.69999694824219,90.16000366210938,-1.0
2023-09-15,136.10487365722656,137.21432691405798,135.19354730998145,136.6794084421126,38919600,-0.005068814881343586,GOOGL,1136,417,93.93000030517578,90.7699966430664,-1.0
2023-09-18,136.9072265625,137.84826875270798,135.32230226270676,135.32230226270676,21861300,0.00589510782173841,GOOGL,1133,414,94.43000030517578,91.4800033569336,-1.0
2023-09-19,136.7388153076172,137.10533793093902,135.33220217516006,136.12466432280078,20353700,-0.0012301122381288554,GOOGL,1132,413,94.33999633789062,91.19999694824219,-1.0
2023-09-20,132.4793701171875,136.77845758196287,132.36049096088513,136.77845758196287,29927500,-0.03115022739408224,GOOGL,1131,412,93.52999877929688,90.27999877929688,1.0
2023-09-21,129.21047973632812,130.98360061103773,128.84397217961927,130.20105377280416,31503900,-0.024674712583308667,GOOGL,1130,411,93.30000305175781,89.62999725341797,1.0
2023-09-22,129.02224731445312,130.78546760406437,128.37838034120864,129.52743454969303,26397300,-0.0014567891262311505,GOOGL,1129,410,93.2699966430664,90.02999877929688,1.0
2023-09-25,129.8741455078125,129.93357752381922,127.74441765446007,128.60621211647438,20094600,0.006602723259680365,GOOGL,1126,407,93.29000091552734,89.68000030517578,1.0
2023-09-26,127.35810089111328,129.13122162334471,126.02082000334302,128.54678661637627,25718700,-0.019372944529193248,GOOGL,1125,406,93.95999908447266,90.38999938964844,1.0
2023-09-27,129.3095245361328,129.6661317841142,127.35810764338333,127.35810764338333,22746500,0.015322336242183265,GOOGL,1124,405,96.55000305175781,93.68000030517578,1.0
2023-09-28,131.06285095214844,132.04352470913275,128.56660009843606,128.61613182423616,22513100,0.01355914363079802,GOOGL,1123,404,95.37999725341797,91.70999908447266,1.0
2023-09-29,129.62652587890625,132.78645964091183,129.13123883445297,132.0237133602647,30859800,-0.010959055619556124,GOOGL,1122,403,95.30999755859375,90.79000091552734,1.0
2023-10-02,132.90530395507812,133.15294744052358,129.9335821297325,129.97321355178073,22288000,0.02529403649400286,GOOGL,1119,400,90.70999908447266,88.81999969482422,1.0
2023-10-03,131.18170166015625,132.99445381235702,130.5972666540528,132.6774780064036,22989400,-0.012968649434069612,GOOGL,1118,399,90.91999816894531,89.2300033569336,1.0
2023-10-04,133.96522521972656,134.29211643404554,131.28076318908475,131.53830697235477,26752300,0.021218840160965424,GOOGL,1117,398,85.80999755859375,84.22000122070312,1.0
2023-10-05,133.7968292236328,134.21286846430397,132.19208916394834,133.7968292236328,19832600,-0.0012570127495217243,GOOGL,1116,397,84.06999969482422,82.30999755859375,1.0
2023-10-06,136.28317260742188,136.85770734068427,132.74681617552042,132.74681617552042,27597600,0.018582976877824953,GOOGL,1115,396,84.58000183105469,82.79000091552734,-1.0
2023-10-09,137.11524963378906,137.63035233984527,134.3317391453215,135.6492043634317,19278100,0.006105500851261159,GOOGL,1112,393,88.1500015258789,86.37999725341797,-1.0
2023-10-10,136.75865173339844,138.4030082937137,136.03553690481087,137.19450673636976,27786600,-0.002600716560288041,GOOGL,1111,392,87.6500015258789,85.97000122070312,-1.0
2023-10-11,139.22518920898438,139.77990827237048,137.27375707281203,137.27375707281203,25884300,0.018035696055225037,GOOGL,1110,391,85.81999969482422,83.48999786376953,-1.0
2023-10-12,137.66004943847656,139.8888406057492,136.95673535288924,139.72044486468351,24765500,-0.01124178591101399,GOOGL,1109,390,86.0,82.91000366210938,-1.0
2023-10-13,136.06527709960938,138.6803924672504,135.33224672660998,138.06624128025513,23420500,-0.011584859553460558,GOOGL,1108,389,90.88999938964844,87.69000244140625,-1.0
2023-10-16,137.78883361816406,138.31383656866015,136.6892959998697,136.86759204420815,28501900,0.012667129743122674,GOOGL,1105,386,89.6500015258789,86.66000366210938,-1.0
2023-10-17,138.40298461914062,138.58128066351554,135.88691848326934,137.32326271053788,23515800,0.004457189924972349,GOOGL,1104,385,89.9000015258789,86.66000366210938,-1.0
2023-10-18,136.6596221923828,139.39360152118593,136.08508734717063,138.1355680650323,23375000,-0.012596277685450352,GOOGL,1103,384,91.5,88.31999969482422,-1.0
2023-10-19,136.45159912109375,138.34359951326775,136.08509149563292,137.19452978781476,26066000,-0.0015221984954431056,GOOGL,1102,383,92.37999725341797,89.37000274658203,-1.0
2023-10-20,134.32183837890625,136.5704304415317,133.80673567464444,136.03552714034558,26335700,-0.015608177228450426,GOOGL,1101,382,92.16000366210938,88.75,1.0
2023-10-23,135.2133331298828,136.36240244560938,132.6873667407286,133.76708863043964,26317900,0.0066370052832493975,GOOGL,1098,379,89.83000183105469,85.48999786376953,-1.0
2023-10-24,137.50157165527344,138.04639036690818,136.12467442857437,136.5308133876984,44814300,0.01692317223770079,GOOGL,1097,378,88.06999969482422,83.73999786376953,-1.0
2023-10-25,124.42601013183594,127.10055711062341,123.89109922458236,126.95197704539778,84366200,-0.09509390595344536,GOOGL,1096,377,90.12999725341797,85.38999938964844,1.0
2023-10-26,121.12737274169922,123.15805221708969,120.12689100759395,122.10803876603191,57061100,-0.026510834725325005,GOOGL,1095,376,87.93000030517578,83.20999908447266,1.0
2023-10-27,121.01842498779297,122.14767875459353,119.07690083509236,121.72173162799473,44566500,-0.0008994478410637718,GOOGL,1094,375,90.4800033569336,85.54000091552734,1.0
2023-10-30,123.28682708740234,124.21796897481899,121.59294661979997,122.04860970838199,28940100,0.018744270550853592,GOOGL,1091,372,87.44999694824219,82.30999755859375,1.0
2023-10-31,122.9104232788086,124.1882646409759,121.53352602850394,123.88118156302635,26292300,-0.003053074018418034,GOOGL,1090,371,87.41000366210938,81.0199966430664,1.0
2023-11-01,125.2580795288086,125.29770339578583,122.55381673556106,122.90051612476204,30082400,0.01910054645792414,GOOGL,1089,370,84.62999725341797,80.44000244140625,1.0
2023-11-02,126.28828430175781,127.76423752931852,125.73356524871063,127.20951847627134,27124600,0.00822465725823518,GOOGL,1088,369,86.8499984741211,82.45999908447266,1.0
2023-11-03,127.88310241699219,128.3090419584001,126.65478528312015,126.81328074199891,26393100,0.012628393235778468,GOOGL,1087,368,84.88999938964844,80.51000213623047,1.0
2023-11-06,129.02224731445312,129.11139533567936,127.45713877699725,127.83356168656297,19052700,0.008907704582787668,GOOGL,1084,365,85.18000030517578,80.81999969482422,1.0
2023-11-07,129.7354736328125,130.66661557993928,128.6557516366588,129.47792984284607,29757300,0.00552793284262898,GOOGL,1083,364,81.61000061035156,77.37000274658203,1.0
2023-11-08,130.5972900390625,130.96381274636772,129.54728387670204,129.73549538032546,26425800,0.006642874012154687,GOOGL,1082,363,79.54000091552734,75.33000183105469,1.0
2023-11-09,129.0123748779297,131.30059860663678,128.84397909648382,130.71616352133154,23747800,-0.012135896239950705,GOOGL,1081,362,80.01000213623047,75.73999786376953,1.0
2023-11-10,131.34017944335938,131.54820659657943,128.19016194429167,128.87366029992708,26913300,0.01804326575363202,GOOGL,1080,361,81.43000030517578,77.16999816894531,1.0
2023-11-13,130.84490966796875,131.34019664387745,130.0128311760323,130.5378341612988,18324800,-0.0037708930921950268,GOOGL,1077,358,82.5199966430664,78.26000213623047,1.0
2023-11-14,132.36048889160156,134.42088456077047,132.06332879289005,132.92512330907195,32395200,0.011583020137953648,GOOGL,1076,357,82.47000122070312,78.26000213623047,1.0
2023-11-15,133.35105895996094,133.7571979029326,132.31096841497518,133.59870244494968,23861500,0.007483880398557741,GOOGL,1075,356,81.18000030517578,76.66000366210938,1.0
2023-11-16,135.63929748535156,135.92657242438622,133.0539137238025,133.91570831098554,28013200,0.017159507717727784,GOOGL,1074,355,77.41999816894531,72.9000015258789,1.0
2023-11-17,134.03457641601562,134.77750697640147,132.39021981477103,134.71807494996435,37240600,-0.011830797557096151,GOOGL,1073,354,80.61000061035156,75.88999938964844,1.0
2023-11-20,134.96571350097656,135.37185248662504,132.36049892835388,132.42984636661794,27815500,0.006946991663336677,GOOGL,1070,351,82.31999969482422,77.5999984741211,1.0
2023-11-21,135.6789093017578,135.886921357929,134.67843509669842,135.00531118496744,22635300,0.005284273926178251,GOOGL,1069,350,82.44999694824219,77.7699966430664,1.0
2023-11-22,137.1846160888672,138.1058427704475,136.1742262486165,136.1742262486165,17813900,0.011097574375104946,GOOGL,1068,349,81.95999908447266,77.0999984741211,1.0
2023-11-24,135.40155029296875,136.82797914299124,134.70815157836293,136.72891570592253,12514300,-0.012997563770148823,GOOGL,1066,347,80.58000183105469,75.54000091552734,1.0
2023-11-27,135.12420654296875,137.1152548942663,134.718067564632,134.7477835762215,23436500,-0.0020483055725721844,GOOGL,1063,344,79.9800033569336,74.86000061035156,1.0
2023-11-28,135.90675354003906,135.95628526440245,134.14353298041522,134.7973154661077,18730000,0.005791316131217972,GOOGL,1062,343,81.68000030517578,76.41000366210938,1.0
2023-11-29,133.71759033203125,136.98647245548034,133.5689951623546,136.27327307787965,23967200,-0.016107832399681832,GOOGL,1061,342,83.0999984741211,77.86000061035156,1.0
2023-11-30,131.28076171875,134.2722992191977,130.04254430639105,133.7770122542541,38988300,-0.01822369523134848,GOOGL,1060,341,82.83000183105469,75.95999908447266,1.0
2023-12-01,130.61709594726562,130.8647394618695,129.43831039935748,130.61709594726562,31442300,-0.005055316276319166,GOOGL,1059,340,78.87999725341797,74.06999969482422,1.0
2023-12-04,128.05149841308594,128.80432917172766,126.69440938445004,128.65574912560064,36669900,-0.01964212659585929,GOOGL,1056,337,78.02999877929688,73.04000091552734,1.0
2023-12-05,129.75526428222656,130.89441807796456,127.04108669622127,127.7344853160164,27384800,0.013305317706196584,GOOGL,1055,336,77.19999694824219,72.31999969482422,1.0
2023-12-06,128.79443359375,130.59727038431748,128.65575384062942,130.20104683681856,23576200,-0.007404945716781741,GOOGL,1054,335,74.30000305175781,69.37999725341797,1.0
2023-12-07,135.63929748535156,137.25393802452018,133.43032158483481,133.76711313442814,56767100,0.053145650014595924,GOOGL,1053,334,74.05000305175781,69.33999633789062,1.0
2023-12-08,133.71759033203125,135.11428819124905,132.76663263696403,132.93502840396306,32260100,-0.01416777577698558,GOOGL,1052,333,75.83999633789062,71.2300033569336,1.0
2023-12-11,132.0336151123047,132.08314684028716,130.1218143548642,131.13220416885352,31138000,-0.012593520534920799,GOOGL,1049,330,76.02999877929688,71.31999969482422,1.0
2023-12-12,131.27088928222656,131.74636063729966,130.0227561920871,130.56757499215098,29032800,-0.0057767548773800526,GOOGL,1048,329,73.23999786376953,68.61000061035156,1.0
2023-12-13,131.32040405273438,132.24163062890102,130.32983004053287,132.122766584224,30104800,0.0003771953612758949,GOOGL,1047,328,74.26000213623047,69.47000122070312,1.0
2023-12-14,130.69635009765625,132.45957079894205,128.46755835687756,132.12277923014844,38722400,-0.004752147692353437,GOOGL,1046,327,76.61000061035156,71.58000183105469,1.0
2023-12-15,131.35012817382812,132.2515390932176,129.9434996884881,130.37935469916124,50847100,0.005002267283542139,GOOGL,1045,326,76.55000305175781,71.43000030517578,1.0
2023-12-18,134.51992797851562,135.8571935685249,131.18168392199348,131.37981077825293,32258000,0.024132445462806018,GOOGL,1042,323,77.94999694824219,72.47000122070312,1.0
2023-12-19,135.3619384765625,136.17421645628426,134.79731912538074,135.5501499652766,25476800,0.006259373690575831,GOOGL,1041,322,79.2300033569336,73.44000244140625,1.0
2023-12-20,137.03599548339844,140.3643245325025,136.76855140187814,137.66006190353008,49107200,0.012367265316060694,GOOGL,1040,321,79.69999694824219,74.22000122070312,1.0
2023-12-21,139.0963897705078,139.3638489644379,137.86807265297588,138.17516326857788,27488300,0.015035423939828929,GOOGL,1039,320,79.38999938964844,73.88999938964844,1.0
2023-12-22,140.1563262939453,140.6516133137084,139.3836797523117,139.44311177628964,26532200,0.007620158403724764,GOOGL,1038,319,79.06999969482422,73.55999755859375,1.0
2023-12-26,140.18601989746094,141.3350741122673,139.859128702875,140.25535220936578,16780300,0.00021186060095024217,GOOGL,1034,315,81.06999969482422,75.56999969482422,1.0
2023-12-27,139.046875,140.7407632814219,138.57140368669022,140.25537655400615,19628600,-0.00812595220475032,GOOGL,1033,314,79.6500015258789,74.11000061035156,1.0
2023-12-28,138.90817260742188,139.80959847650112,138.43270137157182,139.45299127087407,16045700,-0.0009975225446678948,GOOGL,1032,313,78.38999938964844,71.7699966430664,1.0
2023-12-29,138.37327575683594,139.03695848120938,137.47184984606176,138.31384373897544,18733000,-0.0038507226792022786,GOOGL,1031,312,77.04000091552734,71.6500015258789,1.0
2024-01-02,136.86761474609375,138.13554832155825,135.1935421823269,137.24403772207745,23711200,-0.010881154634136858,GOOGL,1027,308,75.88999938964844,70.37999725341797,1.0
2024-01-03,137.61053466796875,138.31384884016077,135.78788218321773,135.95627794501937,24212100,0.005428018331825379,GOOGL,1026,307,78.25,72.69999694824219,1.0
2024-01-04,135.10438537597656,137.84827954999523,135.06476906710992,137.11524935880684,27137700,-0.018211899968553324,GOOGL,1025,306,77.58999633789062,72.19000244140625,1.0
2024-01-05,134.4506072998047,135.8671360060493,133.87607255527527,135.4609970308709,22513900,-0.004839058882896374,GOOGL,1024,305,78.76000213623047,73.80999755859375,1.0
2024-01-08,137.53128051757812,137.69967627152062,134.97559796988412,135.00531397852347,21404000,0.022913047993186053,GOOGL,1021,302,76.12000274658203,70.7699966430664,1.0
2024-01-09,139.6213836669922,140.15630202007083,136.84777381369236,137.19448071346397,24759600,0.01519729287437932,GOOGL,1020,301,77.58999633789062,72.23999786376953,1.0
2024-01-10,140.93885803222656,141.65207247345745,139.58177658028163,139.67092460669582,21320200,0.009436050056462975,GOOGL,1019,300,76.80000305175781,71.37000274658203,1.0
2024-01-11,140.74073791503906,143.85113927664221,139.3143091172413,142.13745070579583,24008700,-0.0014057167764350842,GOOGL,1018,299,77.41000366210938,72.0199966430664,1.0
2024-01-12,141.3053741455078,141.8501928649969,140.48321103195838,141.32518985756914,18785500,0.004011889086510179,GOOGL,1017,298,78.29000091552734,72.68000030517578,1.0
2024-01-16,141.14691162109375,142.98938008655443,140.11670607322245,140.66152486152347,22670500,-0.0011214189507816608,GOOGL,1013,294,78.29000091552734,72.4000015258789,1.0
2024-01-17,140.13648986816406,140.50299737183,137.59070770767883,140.01762583777685,20968600,-0.007158652933492049,GOOGL,1012,293,77.87999725341797,72.55999755859375,1.0
2024-01-18,142.1275634765625,142.85069343117277,140.65161778433006,140.711049810197,25746400,0.014208102474035034,GOOGL,1011,292,79.0999984741211,74.08000183105469,1.0
2024-01-19,145.00021362304688,145.06954593689224,143.0190658052267,143.37567301703265,34271900,0.020211773678636913,GOOGL,1010,291,78.55999755859375,73.41000366210938,-1.0
2024-01-22,144.61392211914062,146.99129397593433,144.46532693124,145.7134600037741,32200400,-0.0026640754124023225,GOOGL,1007,288,80.05999755859375,75.19000244140625,1.0
2024-01-23,145.6540069580078,145.79268672545237,144.12852951611768,144.5148528050676,21636100,0.0071921487476862556,GOOGL,1006,287,79.55000305175781,74.37000274658203,-1.0
2024-01-24,147.29835510253906,148.43752430496747,146.70401975406176,147.13985963029438,25233500,0.011289412346927818,GOOGL,1005,286,80.04000091552734,75.08999633789062,-1.0
2024-01-25,150.43846130371094,151.6073464272401,148.1304221809848,148.65544028148244,29149100,0.02131799909772214,GOOGL,1004,285,82.43000030517578,77.36000061035156,-1.0
2024-01-26,150.7554473876953,151.10213919091456,149.5865623016617,149.67572544188013,26115500,0.002107081402171751,GOOGL,1003,284,83.55000305175781,78.01000213623047,-1.0
2024-01-29,152.0630340576172,152.3304933133538,150.002637988347,150.62670454674503,27784300,0.00867356166944444,GOOGL,1000,281,82.4000015258789,76.77999877929688,-1.0
2024-01-30,150.0323486328125,152.1719770416637,149.76488941359605,151.35971420009986,36331800,-0.013354234560618128,GOOGL,999,280,82.87000274658203,77.81999969482422,-1.0
2024-01-31,138.77943420410156,142.6426670575937,138.55159128366827,142.26624407162646,71910000,-0.07500325450647438,GOOGL,998,279,81.70999908447266,75.8499984741211,1.0
2024-02-01,139.8294219970703,141.71150645053427,139.46289935847955,140.78036452188786,40466500,0.007565874576376697,GOOGL,997,278,78.69999694824219,73.81999969482422,1.0
2024-02-02,141.03790283203125,141.27563087105102,135.2133240367394,137.9473022901638,62499600,0.008642536153701919,GOOGL,996,277,77.33000183105469,72.27999877929688,1.0
2024-02-05,142.32566833496094,144.0988043000788,141.43415776046106,141.4737891857491,38505400,0.009130634227193068,GOOGL,993,274,77.98999786376953,72.77999877929688,1.0
2024-02-06,142.74171447753906,143.98983223271003,141.8402885413249,143.28651806660818,29128200,0.0029231982357460495,GOOGL,992,273,78.58999633789062,73.30999755859375,1.0
2024-02-07,144.16815185546875,144.24739959945848,142.5733269057092,143.39550524527087,25208900,0.009993136086046794,GOOGL,991,272,79.20999908447266,73.86000061035156,1.0
2024-02-08,144.53465270996094,144.95069196678878,143.73229020643873,144.45540497795193,22563800,0.00254217626969111,GOOGL,990,271,81.62999725341797,76.22000122070312,1.0
2024-02-09,147.59552001953125,148.03137498026427,144.80209419753828,145.2973811774696,26829500,0.021177394155521778,GOOGL,989,270,82.19000244140625,76.83999633789062,-1.0
2024-02-12,146.139404296875,147.9323411041707,145.98090880402975,147.02101469275374,21564100,-0.009865582115660132,GOOGL,986,267,82.0,76.91999816894531,-1.0
2024-02-13,143.77188110351562,145.28745781228392,142.33555211274947,143.553953657749,27837700,-0.01620044371160745,GOOGL,985,266,82.7699966430664,77.87000274658203,1.0
2024-02-14,144.5644073486328,145.13894222299808,142.73183895427866,144.70308713796487,22704200,0.00551238697744072,GOOGL,984,265,81.5999984741211,76.63999938964844,1.0
2024-02-15,141.42425537109375,142.1671858771817,139.13603183073639,141.79076291731,37590700,-0.021721473737074448,GOOGL,983,264,82.86000061035156,78.02999877929688,1.0
2024-02-16,139.1954345703125,141.84026480179804,138.81901168962878,141.64215306484326,31468900,-0.015759819946959408,GOOGL,982,263,83.47000122070312,79.19000244140625,1.0
2024-02-20,139.78977966308594,140.74073722863244,138.175154533556,138.34355027761947,25144700,0.004269860535355496,GOOGL,978,259,82.33999633789062,78.18000030517578,1.0
2024-02-21,141.20632934570312,141.34500910368052,139.35394565312507,140.11669187948075,23223300,0.010133428109202924,GOOGL,977,258,83.02999877929688,77.91000366210938,1.0
2024-02-22,142.7318115234375,143.6332375383376,141.4539776469549,143.56389009951735,27191900,0.010803213884270413,GOOGL,976,257,83.66999816894531,78.61000061035156,1.0
2024-02-23,142.60304260253906,143.31624199133967,142.07802446605524,142.31576767229546,19493800,-0.0009021739409318386,GOOGL,975,256,81.62000274658203,76.48999786376953,1.0
2024-02-26,136.2732696533203,141.097360098055,136.09495847718128,140.80018488112955,53641800,-0.04438736252536346,GOOGL,972,253,82.52999877929688,77.58000183105469,1.0
2024-02-27,137.5709228515625,137.9374303971592,135.7977869156524,136.7190286014233,33099200,0.009522433867943603,GOOGL,971,252,83.6500015258789,78.87000274658203,1.0
2024-02-28,135.09449768066406,136.70912315066133,134.13363961519383,136.60015939741334,37328600,-0.01800107987623567,GOOGL,970,251,83.68000030517578,78.54000091552734,1.0
2024-02-29,137.15484619140625,137.55106963998074,135.1142515978761,135.98596132268682,42133000,0.01525116526664494,GOOGL,969,250,83.62000274658203,78.26000213623047,1.0
2024-03-01,135.84730529785156,137.56099392851314,135.6293778286393,137.12513899008863,31151100,-0.009533318944705438,GOOGL,968,249,83.55000305175781,79.97000122070312,1.0
2024-03-04,132.09304809570312,134.3812716025803,130.66661912649147,134.3812716025803,55999400,-0.027635860673990154,GOOGL,965,246,82.80000305175781,78.73999786376953,1.0
2024-03-05,131.41944885253906,131.98408327949778,129.43830088138756,130.6369020545164,40194800,-0.005099429931210597,GOOGL,964,245,82.04000091552734,78.1500015258789,1.0
2024-03-06,130.16143798828125,132.32089750707752,129.61663429471935,131.8652267449587,35318600,-0.009572486228194288,GOOGL,963,244,82.95999908447266,79.12999725341797,1.0
2024-03-07,133.1133270263672,133.66804599825636,130.3694330601028,131.53830302016095,37738200,0.022678675679287608,GOOGL,962,243,82.95999908447266,78.93000030517578,1.0
2024-03-08,134.1336212158203,136.788352127219,132.73690832894798,132.94493550750806,39370400,0.007664853792220372,GOOGL,961,242,82.08000183105469,78.01000213623047,1.0
2024-03-11,136.372314453125,137.78884306732874,134.84683721432617,134.84683721432617,32437800,0.016690023105412566,GOOGL,958,239,82.20999908447266,77.93000030517578,1.0
2024-03-12,137.19448852539062,138.0661984156239,135.73834364736848,135.73834364736848,27563400,0.006028892855288737,GOOGL,957,238,81.91999816894531,77.55999755859375,1.0
2024-03-13,138.4723358154297,139.7600850663766,137.6798886901947,137.68978898902412,23347200,0.009314129917125324,GOOGL,956,237,84.02999877929688,79.72000122070312,1.0
2024-03-14,141.7511444091797,142.23651599205533,139.1360296729057,139.85914445542792,42753400,0.023678437822557852,GOOGL,955,236,85.41999816894531,81.26000213623047,1.0
2024-03-15,139.8492431640625,141.83039134963047,138.71008900334536,141.1568082217187,49475400,-0.013417184411768424,GOOGL,954,235,85.33999633789062,81.04000091552734,1.0
2024-03-18,146.2879638671875,150.7158309412068,145.78277655889536,147.20920556461434,69273700,0.046040440101427604,GOOGL,951,232,86.88999938964844,82.72000122070312,1.0
2024-03-19,145.6440887451172,147.3874934806998,144.70304650213203,146.76344216143465,24070400,-0.004401422407210975,GOOGL,950,231,87.37999725341797,83.47000122070312,1.0
2024-03-20,147.33795166015625,147.45681567873018,145.35680407082222,146.6049216107183,21311500,0.011630152171870023,GOOGL,949,230,85.94999694824219,81.68000030517578,1.0
2024-03-21,146.208740234375,148.95261955283513,145.51532628649926,148.06110892693906,24755600,-0.007664090704789017,GOOGL,948,229,85.77999877929688,81.06999969482422,1.0
2024-03-22,149.34884643554688,150.1512089583533,147.57571050851763,147.71439026412665,29211800,0.0214768706449302,GOOGL,947,228,85.43000030517578,80.62999725341797,1.0
2024-03-25,148.6554412841797,148.9625167930801,146.42664987640165,148.52666183272117,19229300,-0.0046428557562808725,GOOGL,944,225,86.75,81.94999694824219,1.0
2024-03-26,149.249755859375,150.82476460784122,148.56625750420292,148.80400066272796,22149100,0.0039979335439137564,GOOGL,943,224,86.25,81.62000274658203,1.0
2024-03-27,149.4478759765625,150.21062209399147,147.49644422980177,149.75495146001944,22879200,0.0013274401425096283,GOOGL,942,223,86.08999633789062,81.3499984741211,1.0
2024-03-28,149.50730895996094,150.00259590163967,148.75447824999412,149.42807635045534,24485400,0.00039768369413129,GOOGL,941,222,87.4800033569336,83.16999816894531,1.0
2024-04-01,154.0243377685547,154.2719812381141,149.19033240596852,149.26958013002246,31730800,0.030212762439617125,GOOGL,937,218,87.41999816894531,83.70999908447266,1.0
2024-04-02,153.10313415527344,153.2418139280062,150.71584688933808,152.0531280024452,24586000,-0.005980896439012784,GOOGL,936,217,88.91999816894531,85.1500015258789,1.0
2024-04-03,153.45973205566406,153.6182275333651,151.29037243888334,152.15218215203225,24705000,0.0023291352091392437,GOOGL,935,216,89.3499984741211,85.43000030517578,1.0
2024-04-04,149.11111450195312,153.3111540270119,149.03186676205078,152.05312071787367,34724700,-0.028337189798647522,GOOGL,934,215,90.6500015258789,86.58999633789062,1.0
2024-04-05,151.06253051757812,151.97385675674153,148.18987204880133,148.6158116009819,23459200,0.013086992355619831,GOOGL,933,214,91.16999816894531,86.91000366210938,1.0
2024-04-08,153.390380859375,153.8064201009343,151.1714897894332,151.3398855456625,20702000,0.01540984606719542,GOOGL,930,211,90.37999725341797,86.43000030517578,1.0
2024-04-09,155.12388610839844,157.06540257966853,153.7271732158785,154.6186837219778,31079500,0.011301264390318533,GOOGL,929,210,89.41999816894531,85.2300033569336,1.0
2024-04-10,154.668212890625,155.13378384711743,153.22196830163517,154.7375603209343,22838600,-0.0029374793863468085,GOOGL,928,209,90.4800033569336,86.20999908447266,1.0
2024-04-11,157.9073944091797,158.17483848852615,154.98520432756263,155.43095957476544,27166400,0.020942774588371904,GOOGL,927,208,89.73999786376953,85.0199966430664,1.0
2024-04-12,156.24322509765625,158.70975967764107,155.65879009401198,156.47106798921303,25353700,-0.010538894126839504,GOOGL,926,207,90.44999694824219,85.66000366210938,1.0
