Date,Close,High,Low,Open,Volume,Retorno_Diario,Ticker,DiasParaEleicaoBR,DiasParaEleicaoUSA,Petroleo_Brent,Petroleo_WTI,Alvo
2015-01-02,8.424699783325195,8.668749815424734,8.347500363111076,8.529292514687462,23517344,,ITUB4.SA,1395,676,56.41999816894531,52.689998626708984,1.0
2015-01-05,8.467040061950684,8.554200554444696,8.22797041740536,8.292718100199398,26662189,0.0050257314461568114,ITUB4.SA,1392,673,53.11000061035156,50.040000915527344,1.0
2015-01-06,8.604009628295898,8.604009628295898,8.374900937198122,8.467042953773985,31413078,0.016176794410213136,ITUB4.SA,1391,672,51.099998474121094,47.93000030517578,1.0
2015-01-07,8.915294647216797,9.049771510617456,8.716071075281322,8.716071075281322,26740949,0.03617906445585306,ITUB4.SA,1390,671,51.150001525878906,48.650001525878906,1.0
2015-01-08,9.054754257202148,9.08961885484195,8.770859889106314,8.965103969613931,24249626,0.015642737060730605,ITUB4.SA,1389,670,50.959999084472656,48.790000915527344,1.0
2015-01-09,8.658795356750488,9.002457867653563,8.63389179494652,8.977554305849594,19333403,-0.043729392229139186,ITUB4.SA,1388,669,50.11000061035156,48.36000061035156,1.0
2015-01-12,8.44961166381836,8.698642454877128,8.437159880074493,8.616462440342291,23066377,-0.024158521400906796,ITUB4.SA,1385,666,47.43000030517578,46.06999969482422,1.0
2015-01-13,8.43964672088623,8.663774843413426,8.43964672088623,8.519336937065537,28972137,-0.0011793373859770862,ITUB4.SA,1384,665,46.59000015258789,45.88999938964844,1.0
2015-01-14,8.496930122375488,8.623935822533484,8.342531074213378,8.367434650633877,25515543,0.006787416983639272,ITUB4.SA,1383,664,48.689998626708984,48.47999954223633,1.0
2015-01-15,8.422215461730957,8.755915924542856,8.41972471512366,8.516847227830862,27801637,-0.008793135822993348,ITUB4.SA,1382,663,47.66999816894531,46.25,1.0
2015-01-16,8.551715850830078,8.59654150190409,8.367433703930189,8.444633219276778,29126984,0.01537604798731973,ITUB4.SA,1381,662,47.689998626708984,48.689998626708984,1.0
2015-01-19,8.242916107177734,8.599030495025913,8.205561731160888,8.494437656120494,17386819,-0.03610968243552781,ITUB4.SA,1378,659,47.689998626708984,48.689998626708984,1.0
2015-01-20,8.270303726196289,8.409761073866726,8.20804680148385,8.37987700766482,18983816,0.0033225643282608353,ITUB4.SA,1377,658,47.9900016784668,46.38999938964844,1.0
2015-01-21,8.514358520507812,8.574125709000723,8.26034723684024,8.392333396318135,29473281,0.029509774053215976,ITUB4.SA,1376,657,49.029998779296875,47.779998779296875,1.0
2015-01-22,8.556693077087402,8.716072547616436,8.509376701558862,8.613969509617398,28294761,0.004972136946972849,ITUB4.SA,1375,656,48.52000045776367,46.310001373291016,1.0
2015-01-23,8.474515914916992,8.716076464468303,8.39482663222324,8.613973380585932,23406093,-0.009603845951943635,ITUB4.SA,1374,655,48.790000915527344,45.59000015258789,1.0
2015-01-26,8.574129104614258,8.591561411654162,8.36992389327996,8.434672601823028,20255902,0.01175444009986748,ITUB4.SA,1371,652,48.15999984741211,45.150001525878906,1.0
2015-01-27,8.541752815246582,8.608991276138932,8.357469734663516,8.541752815246582,26231374,-0.003776044070791018,ITUB4.SA,1370,651,49.599998474121094,46.22999954223633,1.0
2015-01-28,8.367432594299316,8.621442955427051,8.364941846563756,8.442141351672682,23732443,-0.020408015160086723,ITUB4.SA,1369,650,48.470001220703125,44.45000076293945,1.0
2015-01-29,8.310151100158691,8.477001813932755,8.170693714260716,8.442137223267427,24349156,-0.006845767025317917,ITUB4.SA,1368,649,49.130001068115234,44.529998779296875,1.0
2015-01-30,8.19311237335205,8.237938028553218,8.086029731939519,8.148286718150885,38279998,-0.014083826562961699,ITUB4.SA,1367,648,52.9900016784668,48.2400016784668,1.0
2015-02-02,8.301480293273926,8.316429627640149,8.134554040053168,8.276566364677581,24041519,0.013226709824503358,ITUB4.SA,1364,645,54.75,49.56999969482422,1.0
2015-02-03,8.533187866210938,8.637828365363411,8.490833680928146,8.59298327476278,37346806,0.02791159705874957,ITUB4.SA,1363,644,57.90999984741211,53.04999923706055,1.0
2015-02-04,8.847108840942383,8.899428593043936,8.470901093397366,8.525712727603121,51065223,0.03678824135285774,ITUB4.SA,1362,643,54.15999984741211,48.45000076293945,1.0
2015-02-05,8.772368431091309,8.914380357829987,8.720048659012443,8.807248930616579,39529875,-0.008448003884070299,ITUB4.SA,1361,642,56.56999969482422,50.47999954223633,1.0
2015-02-06,8.752443313598633,8.797288444657159,8.620396873568678,8.720054674784837,35371227,-0.002271349824074509,ITUB4.SA,1360,641,57.79999923706055,51.689998626708984,1.0
2015-02-09,8.807251930236816,8.834657767138113,8.672713652425339,8.672713652425339,25662164,0.006262093300624771,ITUB4.SA,1357,638,58.34000015258789,52.86000061035156,1.0
2015-02-10,8.695136070251465,8.881994124455243,8.695136070251465,8.819707780650882,25279469,-0.012729948101114053,ITUB4.SA,1356,637,56.43000030517578,50.02000045776367,1.0
2015-02-11,8.54814624786377,8.808573646101324,8.453677799933942,8.765169413540349,25409022,-0.016904832908893663,ITUB4.SA,1355,636,54.65999984741211,48.84000015258789,1.0
2015-02-12,8.772829055786133,8.816233286662152,8.604316450605506,8.640061700406822,23944457,0.026284389785506068,ITUB4.SA,1354,635,57.04999923706055,51.209999084472656,1.0
2015-02-13,9.063895225524902,9.06900154720134,8.795808831050334,8.829000422665134,25714602,0.03317814218057702,ITUB4.SA,1353,634,57.38999938964844,52.779998779296875,1.0
2015-02-18,9.117514610290527,9.280920954601289,9.066451379488639,9.245175691603787,23875979,0.005915711008510627,ITUB4.SA,1348,629,60.529998779296875,52.13999938964844,-1.0
2015-02-19,9.114962577819824,9.209431063469891,9.025600415601959,9.081770974792404,16111032,-0.00027990440155944984,ITUB4.SA,1347,628,60.209999084472656,51.15999984741211,-1.0
2015-02-20,9.163467407226562,9.196659990884195,9.005169477181441,9.191553670652779,12624825,0.005321451294245438,ITUB4.SA,1346,627,60.220001220703125,50.34000015258789,-1.0
2015-02-23,9.252832412719727,9.316661929422343,9.023042947995663,9.023042947995663,19466246,0.009752313346221841,ITUB4.SA,1343,624,58.900001525878906,49.45000076293945,-1.0
2015-02-24,9.349855422973633,9.349855422973633,9.140492202154201,9.314111166741263,21014506,0.010485763269691306,ITUB4.SA,1342,623,58.65999984741211,49.279998779296875,-1.0
2015-02-25,9.372833251953125,9.372833251953125,9.17879002275851,9.229854241269917,17344046,0.0024575598167040358,ITUB4.SA,1341,622,61.630001068115234,50.9900016784668,-1.0
2015-02-26,9.418792724609375,9.418792724609377,9.237515770072255,9.383048466676179,15596522,0.004903477040592019,ITUB4.SA,1340,621,60.04999923706055,48.16999816894531,-1.0
2015-02-27,9.319217681884766,9.592411439497289,9.26049447328424,9.421346133248173,38676677,-0.010571953926158728,ITUB4.SA,1339,620,62.58000183105469,49.7599983215332,-1.0
2015-03-02,9.277070045471191,9.381795171340304,9.197888024193581,9.29750372766637,24007794,-0.004522658215775244,ITUB4.SA,1336,617,59.540000915527344,49.59000015258789,-1.0
2015-03-03,9.348586082458496,9.348586082458494,9.192775813493963,9.269403091980239,16892256,0.007708903418511603,ITUB4.SA,1335,616,61.02000045776367,50.52000045776367,-1.0
2015-03-04,9.266854286193848,9.307721655355095,9.17745541338215,9.22853962483371,33867180,-0.008742690663993358,ITUB4.SA,1334,615,60.54999923706055,51.529998779296875,-1.0
2015-03-05,9.185118675231934,9.323049068678836,9.098273501374873,9.251529160144397,43472807,-0.008820211091879027,ITUB4.SA,1333,614,60.47999954223633,50.7599983215332,-1.0
2015-03-06,8.939912796020508,9.236206346822508,8.85306759910804,9.123819034258158,37001949,-0.026695994671536938,ITUB4.SA,1332,613,59.72999954223633,49.61000061035156,1.0
2015-03-09,8.707477569580078,8.868395449642103,8.546558687669727,8.735574405898738,41212212,-0.025999719655419362,ITUB4.SA,1329,610,58.529998779296875,50.0,1.0
2015-03-10,8.365202903747559,8.697256387790896,8.365202903747559,8.569543817573594,62420430,-0.039308130638001315,ITUB4.SA,1328,609,56.38999938964844,48.290000915527344,1.0
2015-03-11,8.648721694946289,8.66149324635476,8.42905561921887,8.436718750433446,52994327,0.0338926376874511,ITUB4.SA,1327,608,57.540000915527344,48.16999816894531,1.0
2015-03-12,8.684478759765625,8.784094423301175,8.630838862736933,8.735563946620372,32578643,0.004134375700888926,ITUB4.SA,1326,607,57.08000183105469,47.04999923706055,1.0
2015-03-13,8.641058921813965,8.658938894157274,8.462261202075872,8.48524959482477,39470856,-0.004999705699416324,ITUB4.SA,1325,606,54.66999816894531,44.84000015258789,1.0
2015-03-16,8.641058921813965,8.75344717627941,8.536334800728154,8.697252548122936,22660650,0.0,ITUB4.SA,1322,603,53.439998626708984,43.880001068115234,1.0
2015-03-17,8.888824462890625,8.888824462890625,8.6231825154214,8.68192986847794,36760528,0.02867305307352863,ITUB4.SA,1321,602,53.43000030517578,43.459999084472656,1.0
2015-03-18,9.157018661499023,9.195333314216917,8.773880149099433,8.847953741767643,35552807,0.030172066028310685,ITUB4.SA,1320,601,55.90999984741211,44.65999984741211,-1.0
2015-03-19,9.100828170776367,9.151913390128154,8.960344068020897,9.131479703126546,21622993,-0.006136330262043743,ITUB4.SA,1319,600,54.43000030517578,43.959999084472656,-1.0
2015-03-20,9.177456855773926,9.31283254201624,9.157022166134,9.195336833515933,34604192,0.008419968332510797,ITUB4.SA,1318,599,55.31999969482422,45.720001220703125,-1.0
2015-03-23,9.118707656860352,9.220878090062898,8.9807772714826,9.167238161800093,20674995,-0.006401468275670785,ITUB4.SA,1315,596,55.91999816894531,47.45000076293945,-1.0
2015-03-24,9.06251335144043,9.218323701432256,8.962897637234896,9.118706985379086,23885644,-0.0061625295529289525,ITUB4.SA,1314,595,55.11000061035156,47.5099983215332,1.0
2015-03-25,9.054854393005371,9.264304763863224,8.952683920227535,9.118711188953544,34219440,-0.0008451252029152423,ITUB4.SA,1313,594,56.47999954223633,49.209999084472656,1.0
2015-03-26,8.79942512512207,9.008874396831837,8.7662188853244,8.960342893791296,26597824,-0.028209097219786705,ITUB4.SA,1312,593,59.189998626708984,51.43000030517578,1.0
2015-03-27,8.64616870880127,8.804531751749973,8.5823119482664,8.804531751749973,30030975,-0.017416639626065877,ITUB4.SA,1311,592,56.40999984741211,48.869998931884766,1.0
2015-03-30,8.937355995178223,8.937355995178223,8.6666046232934,8.684484600995798,23875568,0.03367818697321301,ITUB4.SA,1308,589,56.290000915527344,48.68000030517578,1.0
2015-03-31,9.01909351348877,9.09061343829829,8.807090455148542,8.850512551034324,27448966,0.00914560395206876,ITUB4.SA,1307,588,55.11000061035156,47.599998474121094,1.0
2015-04-01,9.327009201049805,9.39089310030996,9.117470933567951,9.148134483576035,31621391,0.03414042521019689,ITUB4.SA,1306,587,57.099998474121094,50.09000015258789,-1.0
2015-04-02,9.416447639465332,9.544214457161571,9.314233784398946,9.314233784398946,25937927,0.009589187325499848,ITUB4.SA,1305,586,54.95000076293945,49.13999938964844,-1.0
2015-04-06,9.531436920166016,9.574877450678148,9.419000896138936,9.54932449222199,20217447,0.012211535082375491,ITUB4.SA,1301,582,58.119998931884766,52.13999938964844,-1.0
2015-04-07,9.536551475524902,9.58254782213673,9.431782798899757,9.480333941282385,23252892,0.0005365985634406822,ITUB4.SA,1300,581,59.099998474121094,53.97999954223633,-1.0
2015-04-08,9.582541465759277,9.700087050088259,9.55187692093416,9.620871395085869,27753518,0.0048224969321883915,ITUB4.SA,1299,580,55.54999923706055,50.41999816894531,-1.0
2015-04-09,9.390893936157227,9.439445062461369,9.250349144820872,9.378116954713303,41967526,-0.01999965565365447,ITUB4.SA,1298,579,56.56999969482422,50.790000915527344,-1.0
2015-04-10,9.45988655090332,9.505882878003703,9.275902244775112,9.327009163522945,19706227,0.007346756891849715,ITUB4.SA,1297,578,57.869998931884766,51.63999938964844,-1.0
2015-04-13,9.385787010192871,9.523775055956827,9.329569472608702,9.429227561342326,20093035,-0.007833026359430617,ITUB4.SA,1294,575,57.93000030517578,51.90999984741211,-1.0
2015-04-14,9.385787010192871,9.462446924253536,9.252908556274235,9.43433815546145,19925644,0.0,ITUB4.SA,1293,574,58.43000030517578,53.290000915527344,-1.0
2015-04-15,9.521221160888672,9.53910874313495,9.355123328343408,9.472669008752506,21237625,0.014429706379307516,ITUB4.SA,1292,573,60.31999969482422,56.38999938964844,-1.0
2015-04-16,9.44966983795166,9.495666186811475,9.396007096857277,9.47522381055102,21487065,-0.007514931302187389,ITUB4.SA,1291,572,60.400001525878906,56.709999084472656,-1.0
2015-04-17,9.32956600189209,9.403670090188633,9.321899612428496,9.35767375795393,22986588,-0.012709844695018901,ITUB4.SA,1290,571,63.45000076293945,55.7400016784668,-1.0
2015-04-20,9.173688888549805,9.396003144833616,9.13791374286749,9.373005982350266,35941466,-0.0167078632929627,ITUB4.SA,1287,568,63.45000076293945,56.380001068115234,-1.0
2015-04-22,9.429222106933594,9.493105999879202,9.173687537424383,9.199241495511915,28036066,0.02785501246970945,ITUB4.SA,1285,566,62.72999954223633,56.15999984741211,-1.0
2015-04-23,9.684761047363281,9.697537029899873,9.268240162556909,9.334677877658743,28430483,0.02710074463531642,ITUB4.SA,1284,565,64.8499984741211,57.7400016784668,-1.0
2015-04-24,9.999066352844238,10.078282041519385,9.6745372081103,9.687315193014893,49218786,0.032453594254297835,ITUB4.SA,1283,564,65.27999877929688,57.150001525878906,-1.0
2015-04-27,9.812520980834961,10.093608435139089,9.769080465789678,9.960731093930944,23542021,-0.018656279039113932,ITUB4.SA,1280,561,64.83000183105469,56.9900016784668,-1.0
2015-04-28,9.912185668945312,9.94284922574604,9.712868540646408,9.868744126733965,26261397,0.010156889173027928,ITUB4.SA,1279,560,64.63999938964844,57.060001373291016,-1.0
2015-04-29,9.776748657226562,9.904516447529444,9.717976355687705,9.820190187020705,19955051,-0.01366368793343642,ITUB4.SA,1278,559,65.83999633789062,58.58000183105469,-1.0
2015-04-30,9.845746040344238,9.886631785360711,9.684759860110107,9.73586679081231,23106271,0.00705729333306282,ITUB4.SA,1277,558,66.77999877929688,59.630001068115234,-1.0
2015-05-04,9.956949234008789,10.07454168447067,9.895597217882322,9.90582338945685,21871405,0.011294542151390141,ITUB4.SA,1273,554,66.44999694824219,58.93000030517578,-1.0
2015-05-05,9.859809875488281,10.031084977069064,9.739661625006349,9.8930421783029,30226333,-0.009755935903411062,ITUB4.SA,1272,553,67.5199966430664,60.400001525878906,-1.0
2015-05-06,9.611837387084961,9.94671798139429,9.50958375519412,9.872584048140252,36908383,-0.025149824543755694,ITUB4.SA,1271,552,67.7699966430664,60.93000030517578,-1.0
2015-05-07,9.650187492370605,9.650187492370605,9.484025016852467,9.537707645724133,25370773,0.0039898828643496476,ITUB4.SA,1270,551,65.54000091552734,58.939998626708984,-1.0
2015-05-08,9.77800464630127,9.790786607302296,9.535152400601868,9.78822981403648,29531682,0.013245043584045879,ITUB4.SA,1269,550,65.38999938964844,59.38999938964844,-1.0
2015-05-11,9.731986999511719,9.841910021042896,9.657853055253701,9.808677736145109,15267499,-0.0047062410434585145,ITUB4.SA,1266,547,64.91000366210938,59.25,-1.0
2015-05-12,9.6885347366333,9.775450683966225,9.616956543771758,9.637407885731147,25742363,-0.004464891175933405,ITUB4.SA,1265,546,66.86000061035156,60.75,-1.0
2015-05-13,9.622062683105469,9.739654048357156,9.588830406142824,9.64506979833552,22934356,-0.006860898508883384,ITUB4.SA,1264,545,66.80999755859375,60.5,-1.0
2015-05-14,9.716651916503906,9.752441003586558,9.573496570837253,9.629735991873448,25448710,0.009830452836741443,ITUB4.SA,1263,544,66.58999633789062,59.880001068115234,-1.0
2015-05-15,9.898150444030762,9.903263026643321,9.68853054626076,9.68853054626076,16564673,0.018679122097455814,ITUB4.SA,1262,543,66.56999969482422,59.689998626708984,-1.0
2015-05-18,9.63485336303711,9.913494816266171,9.568388741997069,9.913494816266171,48516115,-0.026600634379369104,ITUB4.SA,1259,540,66.2699966430664,59.43000030517578,-1.0
2015-05-19,9.499366760253906,9.724324542770852,9.351098766262506,9.611845651512379,23700363,-0.014062134386287672,ITUB4.SA,1258,539,64.0199966430664,57.2599983215332,-1.0
2015-05-20,9.330641746520996,9.44056476759062,9.264177177004498,9.402218898103097,40678372,-0.017761711700496563,ITUB4.SA,1257,538,65.02999877929688,58.97999954223633,-1.0
2015-05-21,9.218159675598145,9.24883615980619,9.10056832435005,9.233497416370508,37908407,-0.01205512696538702,ITUB4.SA,1256,537,66.54000091552734,60.720001220703125,-1.0
2015-05-22,9.023877143859863,9.151693648947228,9.013651983878995,9.151693648947228,49639935,-0.021076064917011195,ITUB4.SA,1255,536,65.37000274658203,59.720001220703125,-1.0
2015-05-25,9.05711555480957,9.118467558947623,8.957418673418228,9.049446178293335,15987648,0.0036833846937205372,ITUB4.SA,1252,533,65.37000274658203,59.720001220703125,-1.0
2015-05-26,8.924182891845703,9.023879734273232,8.883281237517657,9.003429408440985,25817627,-0.014677152141807093,ITUB4.SA,1251,532,63.720001220703125,58.029998779296875,-1.0
2015-05-27,9.105681419372559,9.131245327583281,8.85260414246922,8.993203632301226,30259029,0.020337831454876998,ITUB4.SA,1250,531,62.060001373291016,57.5099983215332,-1.0
2015-05-28,8.998312950134277,9.06222170194204,8.890947771145349,9.028989431747707,30574275,-0.011791371155359331,ITUB4.SA,1249,530,62.58000183105469,57.68000030517578,-1.0
2015-05-29,8.77591609954834,8.972754019184448,8.768246725087415,8.972754019184448,42566965,-0.02471539407646617,ITUB4.SA,1248,529,65.55999755859375,60.29999923706055,-1.0
2015-06-01,8.715816497802734,8.85391857586922,8.705586862849968,8.807885218581774,25629467,-0.006848242515524849,ITUB4.SA,1245,526,64.87999725341797,60.20000076293945,-1.0
2015-06-02,8.910178184509277,8.938310165163267,8.731155668719055,8.789977538768973,29108888,0.022299882834332374,ITUB4.SA,1244,525,65.48999786376953,61.2599983215332,-1.0
2015-06-03,8.6851224899292,8.892277013892334,8.672335953825312,8.892277013892334,47446173,-0.0252582709256417,ITUB4.SA,1243,524,63.79999923706055,59.63999938964844,-1.0
2015-06-05,8.477971076965332,8.687682559049657,8.47285626063175,8.659550567664024,24763314,-0.02385129434893618,ITUB4.SA,1241,522,63.310001373291016,59.130001068115234,-1.0
2015-06-08,8.44216537475586,8.559808142909036,8.439608468438255,8.557251236591432,42822369,-0.004223381028835682,ITUB4.SA,1238,519,62.689998626708984,58.13999938964844,-1.0
2015-06-09,8.38846206665039,8.53679478110861,8.380789338970805,8.465185331037986,25544333,-0.006361319130996246,ITUB4.SA,1237,518,64.87999725341797,60.13999938964844,-1.0
2015-06-10,8.633978843688965,8.703029384598997,8.506105391125242,8.513778119271745,50328211,0.02926838973435464,ITUB4.SA,1236,517,65.69999694824219,61.43000030517578,-1.0
2015-06-11,8.58027172088623,8.756736442781067,8.516334994842682,8.7311613511228,31798447,-0.006220437155922798,ITUB4.SA,1235,516,65.11000061035156,60.77000045776367,-1.0
2015-06-12,8.490761756896973,8.58794530935049,8.444727389782033,8.503548300904951,55623839,-0.01043206636118188,ITUB4.SA,1234,515,63.869998931884766,59.959999084472656,-1.0
2015-06-15,8.534238815307617,8.534238815307617,8.286165098452424,8.439613166842651,29468757,0.005120513289084805,ITUB4.SA,1231,512,62.61000061035156,59.52000045776367,-1.0
2015-06-16,8.836014747619629,8.838571654092426,8.585383745788569,8.628860183742278,45188663,0.03536061491163389,ITUB4.SA,1230,511,62.630001068115234,59.970001220703125,-1.0
2015-06-17,8.680007934570312,8.846242939910544,8.644203224964322,8.779749339015103,32555200,-0.017655789120467835,ITUB4.SA,1229,510,63.869998931884766,59.91999816894531,-1.0
2015-06-18,8.894837379455566,8.945985544199871,8.633976723750228,8.736274056340713,18201152,0.024749913422272618,ITUB4.SA,1228,509,64.26000213623047,60.45000076293945,-1.0
2015-06-19,8.795097351074219,8.853918251448372,8.68768418180181,8.700471726575248,31543454,-0.01121324922833522,ITUB4.SA,1227,508,63.02000045776367,59.61000061035156,-1.0
2015-06-22,8.8206787109375,8.907631669763859,8.754184032708062,8.836023173712254,24406324,0.002908593144811178,ITUB4.SA,1224,505,63.34000015258789,59.68000030517578,-1.0
2015-06-23,8.907625198364258,8.99969391433026,8.833458844180758,8.892280746737265,22797194,0.009857119874340903,ITUB4.SA,1223,504,64.44999694824219,61.0099983215332,-1.0
2015-06-24,8.938316345214844,9.025269252937491,8.876936523984295,8.925528798866631,24592016,0.003445491493762276,ITUB4.SA,1222,503,63.4900016784668,60.27000045776367,-1.0
2015-06-25,8.784866333007812,8.940870743508016,8.692797630101788,8.928084203850307,24002036,-0.017167664052210596,ITUB4.SA,1221,502,63.20000076293945,59.70000076293945,-1.0
2015-06-26,8.861592292785645,8.945988295219543,8.754179107587754,8.754179107587754,20214157,0.008733879022102542,ITUB4.SA,1220,501,63.2599983215332,59.630001068115234,-1.0
2015-06-29,8.749062538146973,8.838573340709848,8.669781369630945,8.713257815881029,14919145,-0.012698593088093624,ITUB4.SA,1217,498,62.0099983215332,58.33000183105469,-1.0
2015-06-30,8.751619338989258,8.843688039945626,8.713256711522865,8.807883322217736,21171614,0.00029223712039283534,ITUB4.SA,1216,497,63.59000015258789,59.470001220703125,-1.0
2015-07-01,8.801507949829102,8.819417148191995,8.706839883127023,8.814301094552299,21807246,0.005700500548234011,ITUB4.SA,1215,496,62.0099983215332,56.959999084472656,-1.0
2015-07-02,8.919206619262695,8.972936247621632,8.829656569636594,8.888503257670582,20776581,0.013372557305464827,ITUB4.SA,1214,495,62.06999969482422,56.93000030517578,-1.0
2015-07-03,8.8296537399292,8.916644730068196,8.801509418965143,8.865473146175233,8856481,-0.010040453501782287,ITUB4.SA,1213,494,62.06999969482422,56.93000030517578,-1.0
2015-07-06,8.67869758605957,8.850122553902187,8.624967971387438,8.72219408753014,19288985,-0.017096497588232618,ITUB4.SA,1210,491,56.540000915527344,52.529998779296875,-1.0
2015-07-07,8.711960792541504,8.72987100236521,8.514950491564269,8.624969778457451,21225903,0.0038327417394246055,ITUB4.SA,1209,490,56.849998474121094,52.33000183105469,-1.0
2015-07-08,8.612176895141602,8.724754213476766,8.571239414781052,8.642880256297461,17462906,-0.011453666950077324,ITUB4.SA,1208,489,57.04999923706055,51.650001525878906,-1.0
2015-07-10,8.873151779174805,8.9038541361889,8.714519923976663,8.801511942600143,26209988,0.030303010169290268,ITUB4.SA,1206,487,58.72999954223633,52.7400016784668,-1.0
2015-07-13,8.955029487609863,9.036903468325631,8.888505686572081,8.926884146393288,15387386,0.009227578933928005,ITUB4.SA,1203,484,57.849998474121094,52.20000076293945,-1.0
2015-07-14,8.961162567138672,9.000563602949024,8.848584308307208,8.933017249774883,14408411,0.0006848754141228763,ITUB4.SA,1202,483,58.5099983215332,53.040000915527344,-1.0
2015-07-15,8.806370735168457,8.972421730126078,8.778226413689072,8.927391819300565,19775789,-0.017273632836195763,ITUB4.SA,1201,482,57.04999923706055,51.40999984741211,-1.0
2015-07-16,8.83170223236084,8.935836748479964,8.752898113394595,8.907692420277733,16734942,0.002876496794669503,ITUB4.SA,1200,481,57.5099983215332,50.90999984741211,-1.0
2015-07-17,8.778225898742676,8.893617108268348,8.727566123051574,8.83732846861157,12613739,-0.0060550426419742065,ITUB4.SA,1199,480,57.52000045776367,50.88999938964844,-1.0
2015-07-20,8.724745750427246,8.814807517734987,8.676900938315418,8.786663215451318,16666707,-0.006092364098660319,ITUB4.SA,1196,477,56.650001525878906,50.150001525878906,-1.0
2015-07-21,8.651580810546875,8.772601955462266,8.598106071107422,8.727571018478308,17118740,-0.00838591083032858,ITUB4.SA,1195,476,57.040000915527344,50.36000061035156,-1.0
2015-07-22,8.516489028930664,8.62906638499709,8.426427144077524,8.586850378243245,24808349,-0.015614693380835654,ITUB4.SA,1194,475,56.130001068115234,49.189998626708984,-1.0
2015-07-23,8.161870002746582,8.56996445624901,8.133726163263265,8.56996445624901,45777222,-0.041639110316403216,ITUB4.SA,1193,474,55.27000045776367,48.45000076293945,-1.0
2015-07-24,8.125280380249023,8.147796349540027,7.925455606008841,8.133724182340012,48809470,-0.004482995010364754,ITUB4.SA,1192,473,54.619998931884766,48.13999938964844,-1.0
2015-07-27,8.108390808105469,8.223783038628458,8.052102159933668,8.091504213653927,29706121,-0.0020786448409350067,ITUB4.SA,1189,470,53.470001220703125,47.38999938964844,-1.0
2015-07-28,8.257560729980469,8.387025193137125,8.021147776983545,8.246302492436737,40084373,0.018396982262606665,ITUB4.SA,1188,469,53.29999923706055,47.97999954223633,-1.0
2015-07-29,8.339177131652832,8.387022997934627,8.19001217170723,8.22941373482758,26270633,0.009883839107115655,ITUB4.SA,1187,468,53.380001068115234,48.790000915527344,-1.0
2015-07-30,8.235041618347168,8.38702148587036,8.16749523356835,8.381392118701275,14642654,-0.012487504661628956,ITUB4.SA,1186,467,53.310001373291016,48.52000045776367,-1.0
2015-07-31,8.465826988220215,8.465826988220215,8.282888331039821,8.305403796320986,25064276,0.02802479702821059,ITUB4.SA,1185,466,52.209999084472656,47.119998931884766,-1.0
2015-08-03,8.424995422363281,8.47568048276749,8.31517728946633,8.419363246963874,24487551,-0.004823104218140584,ITUB4.SA,1182,463,49.52000045776367,45.16999816894531,-1.0
2015-08-04,8.222261428833008,8.430634016913801,8.140602097809799,8.430634016913801,51715343,-0.024063395095994533,ITUB4.SA,1181,462,49.9900016784668,45.7400016784668,-1.0
2015-08-05,8.208185195922852,8.382767276974034,8.168763435685488,8.30673959651626,22973857,-0.0017119661095662542,ITUB4.SA,1180,461,49.59000015258789,45.150001525878906,-1.0
2015-08-06,8.177207946777344,8.26449895518255,8.08146891940813,8.16312824985171,32462251,-0.0037739461776392647,ITUB4.SA,1179,460,49.52000045776367,44.65999984741211,-1.0
2015-08-07,7.937852382659912,8.177198934254108,7.89843068037727,8.109618371177135,28416200,-0.029271062406057813,ITUB4.SA,1178,459,48.61000061035156,43.869998931884766,-1.0
2015-08-10,8.042045593261719,8.101178702259581,7.920964540881487,7.99980851887148,27854618,0.013126120968111499,ITUB4.SA,1175,456,50.40999984741211,44.959999084472656,-1.0
2015-08-11,8.025152206420898,8.06457395247958,7.8956231102065075,8.025152206420898,22108489,-0.0021006330596999856,ITUB4.SA,1174,455,49.18000030517578,43.08000183105469,-1.0
2015-08-12,7.794248104095459,7.935040469585815,7.732300186190323,7.932224632316434,48904998,-0.028772551147465353,ITUB4.SA,1173,454,49.65999984741211,43.29999923706055,-1.0
2015-08-13,7.613464832305908,7.870098118477031,7.556435213156769,7.850138260150828,51867516,-0.02319444664515602,ITUB4.SA,1172,453,49.220001220703125,42.22999954223633,1.0
2015-08-14,7.604910373687744,7.679048878428122,7.5051085403833895,7.661939992718804,42607382,-0.0011235959982195398,ITUB4.SA,1171,452,49.029998779296875,42.5,1.0
2015-08-17,7.525065898895264,7.775996630698232,7.525065898895264,7.59064993456373,25276085,-0.010499068479325468,ITUB4.SA,1168,449,49.029998779296875,41.869998931884766,1.0
2015-08-18,7.650533199310303,7.892909052642516,7.385345500958586,7.5364739742127895,57027011,0.016673249390873668,ITUB4.SA,1167,448,48.810001373291016,42.619998931884766,1.0
2015-08-19,7.493704319000244,7.607764099088372,7.385348519250003,7.559288908610779,32216979,-0.020499078459550568,ITUB4.SA,1166,447,47.15999984741211,40.79999923706055,1.0
2015-08-20,7.510808944702148,7.613462224002512,7.362531477336914,7.405303677045398,32701728,0.0022825327733488887,ITUB4.SA,1165,446,46.619998931884766,41.13999938964844,1.0
2015-08-21,7.527925491333008,7.624875909410514,7.376796390071145,7.4281230819945305,40586881,0.0022789218520773424,ITUB4.SA,1164,445,45.459999084472656,40.45000076293945,1.0
2015-08-24,7.37393856048584,7.584948112334107,7.048869283046393,7.125859763042608,54082814,-0.02045542706612269,ITUB4.SA,1161,442,42.689998626708984,38.2400016784668,1.0
2015-08-25,7.359682083129883,7.664791035895748,7.314058390510832,7.639127708797532,48867423,-0.0019333599322826078,ITUB4.SA,1160,441,43.209999084472656,39.310001373291016,1.0
2015-08-26,7.804511547088623,7.804511547088622,7.3824925010758236,7.4566309821321255,51607475,0.060441396643802436,ITUB4.SA,1159,440,43.13999938964844,38.599998474121094,-1.0
2015-08-27,8.081108093261719,8.198018810717114,7.870097997283311,7.875800959110404,45958558,0.03544059669900501,ITUB4.SA,1158,439,47.560001373291016,42.560001373291016,-1.0
2015-08-28,7.85014009475708,8.155249136886058,7.761744164417465,7.984159731078431,31927588,-0.02858122869278623,ITUB4.SA,1157,438,50.04999923706055,45.220001220703125,-1.0
2015-08-31,7.5706915855407715,7.676196366579157,7.47659221840088,7.653384522030317,45626731,-0.035597900909175584,ITUB4.SA,1154,435,54.150001525878906,49.20000076293945,1.0
2015-09-01,7.395227909088135,7.529323801078549,7.3495784168917195,7.395227909088135,31331608,-0.023176703801770726,ITUB4.SA,1153,434,49.560001373291016,45.40999984741211,1.0
2015-09-02,7.569263935089111,7.569263935089111,7.372400569252005,7.49223095277264,23641438,0.023533558145936384,ITUB4.SA,1152,433,50.5,46.25,1.0
2015-09-03,7.857425689697266,7.857425689697266,7.492229930439975,7.612059788946273,48608130,0.03806998369713499,ITUB4.SA,1151,432,50.68000030517578,46.75,-1.0
2015-09-04,7.537882328033447,7.754717917606085,7.537882328033447,7.669125122510344,44093969,-0.04066769121123304,ITUB4.SA,1150,431,49.61000061035156,46.04999923706055,1.0
2015-09-08,7.620626449584961,7.717631667143933,7.592095503244086,7.717631667143933,19535939,0.010977104437381202,ITUB4.SA,1146,427,49.52000045776367,45.939998626708984,1.0
2015-09-09,7.706214427947998,7.917343806365263,7.680536592437388,7.731892263458606,31927962,0.011231094835739919,ITUB4.SA,1145,426,47.58000183105469,44.150001525878906,1.0
2015-09-10,7.552145004272461,7.686240842386915,7.4180496748212486,7.4180496748212486,50126497,-0.01999288043644054,ITUB4.SA,1144,425,48.88999938964844,45.91999816894531,1.0
2015-09-11,7.566411018371582,7.566411018371583,7.460846609454385,7.532173912776816,35387566,0.0018890016135879595,ITUB4.SA,1143,424,48.13999938964844,44.630001068115234,1.0
2015-09-14,7.871698379516602,7.877404059464001,7.503648196777865,7.614919383356593,36130112,0.040347710480407084,ITUB4.SA,1140,421,46.369998931884766,44.0,-1.0
2015-09-15,8.065705299377441,8.119914067706718,7.811779507487418,7.811779507487418,40947124,0.024646132322050818,ITUB4.SA,1139,420,46.630001068115234,44.59000015258789,-1.0
2015-09-16,8.199795722961426,8.302507520130249,8.10279061715047,8.13132153062428,46124192,0.016624761084977235,ITUB4.SA,1138,419,46.61000061035156,47.150001525878906,-1.0
2015-09-17,8.27112865447998,8.41949001451355,8.122768311773314,8.139886871546787,37024831,0.008699354706947826,ITUB4.SA,1137,418,49.08000183105469,46.900001525878906,-1.0
2015-09-18,7.945878028869629,8.273983840862861,7.877403263790072,8.159860588833142,53019471,-0.0393236085663089,ITUB4.SA,1136,417,47.470001220703125,44.68000030517578,-1.0
2015-09-21,7.768983364105225,8.000083910288122,7.709068407687435,7.931609674382079,28947872,-0.02226244401458166,ITUB4.SA,1133,414,48.91999816894531,46.68000030517578,-1.0
2015-09-22,7.843167781829834,7.905936372049589,7.543592847130414,7.680541388707292,35517119,0.009548793484017715,ITUB4.SA,1132,413,49.08000183105469,45.83000183105469,-1.0
2015-09-23,7.532170295715332,7.9002195127795485,7.532170295715332,7.828891735046546,29995325,-0.039652025146648784,ITUB4.SA,1131,412,47.75,44.47999954223633,1.0
2015-09-24,7.617769241333008,7.663418730827547,7.189804768658284,7.306781585488041,55260194,0.01136444640217027,ITUB4.SA,1130,411,48.16999816894531,44.90999984741211,1.0
2015-09-25,7.432320594787598,7.786104785703764,7.3923772758236,7.717630524622625,24482878,-0.024344219504469966,ITUB4.SA,1129,410,48.599998474121094,45.70000076293945,1.0
2015-09-28,7.4266133308410645,7.489381903072236,7.286811734713157,7.369551963534031,29816792,-0.000767897976647558,ITUB4.SA,1126,407,47.34000015258789,44.43000030517578,1.0
2015-09-29,7.395227909088135,7.520764012628276,7.380962442776755,7.438024816685719,23217447,-0.004226074571917371,ITUB4.SA,1125,406,48.22999954223633,45.22999954223633,1.0
2015-09-30,7.56356143951416,7.617770215219192,7.35243252361035,7.580680000263118,43870570,0.022762453367956015,ITUB4.SA,1124,405,48.369998931884766,45.09000015258789,1.0
2015-10-01,7.673462390899658,7.724847112124613,7.502179477865376,7.564983534980311,23413926,0.014530317795971692,ITUB4.SA,1123,404,47.689998626708984,44.7400016784668,1.0
2015-10-02,7.9846296310424805,7.98462963104248,7.579260578063951,7.610661857734438,37244117,0.04055108688769371,ITUB4.SA,1122,403,48.130001068115234,45.540000915527344,-1.0
2015-10-05,8.153056144714355,8.27866327976429,8.061705501041676,8.093107793755419,30185074,0.021093841725240425,ITUB4.SA,1119,400,49.25,46.2599983215332,-1.0
2015-10-06,8.227279663085938,8.264391376083081,8.073125430895631,8.07883484690268,29904469,0.009103766373508959,ITUB4.SA,1118,399,51.91999816894531,48.529998779296875,-1.0
2015-10-07,8.461362838745117,8.646918784641372,8.238695194718485,8.36430229655595,47310171,0.028452074713038122,ITUB4.SA,1117,398,51.33000183105469,47.810001373291016,-1.0
2015-10-08,8.492767333984375,8.527023827274208,8.330048481906374,8.409980808533941,33494187,0.0037115173805637447,ITUB4.SA,1116,397,53.04999923706055,49.43000030517578,-1.0
2015-10-09,8.43567180633545,8.624082986365973,8.272952990543017,8.618372554188491,47039287,-0.006722841378269506,ITUB4.SA,1115,396,52.650001525878906,49.630001068115234,-1.0
2015-10-13,7.9846296310424805,8.247263281194533,7.896133681290065,8.193023319169134,49843836,-0.0534684356679479,ITUB4.SA,1111,392,49.2400016784668,46.65999984741211,-1.0
2015-10-14,7.910407066345215,8.070270714373832,7.853312906334995,7.930390022348792,60220592,-0.009295680341728674,ITUB4.SA,1110,391,49.150001525878906,46.63999938964844,-1.0
2015-10-15,7.779092311859131,7.98177714935936,7.667758666599958,7.944665934272969,44898019,-0.01660025247559782,ITUB4.SA,1109,390,48.709999084472656,46.380001068115234,-1.0
2015-10-16,7.662046432495117,7.8675853943450775,7.622080523246514,7.736268835385381,37614268,-0.015046212934840542,ITUB4.SA,1108,389,48.72999954223633,47.2599983215332,-1.0
2015-10-19,7.844749927520752,7.8647328877379215,7.650629742553954,7.693450371590747,27550084,0.023845260745325225,ITUB4.SA,1105,386,48.61000061035156,45.88999938964844,-1.0
2015-10-20,7.684882164001465,7.94751572488223,7.624933315191447,7.893276290244595,34232059,-0.02037894961551845,ITUB4.SA,1104,385,48.709999084472656,45.54999923706055,-1.0
2015-10-21,7.627792835235596,7.753400543615645,7.564989744472852,7.719144034680592,27988283,-0.0074287838834139475,ITUB4.SA,1103,384,47.849998474121094,45.20000076293945,-1.0
2015-10-22,7.78765869140625,7.810495858391522,7.636358579372922,7.656341545817679,34393206,0.020958337440966535,ITUB4.SA,1102,383,48.08000183105469,45.380001068115234,-1.0
2015-10-23,7.736268997192383,8.021740292461583,7.730559581466024,7.950372595882109,32669386,-0.006598863182149528,ITUB4.SA,1101,382,47.9900016784668,44.599998474121094,-1.0
2015-10-26,7.6220831871032715,7.841896273744789,7.593535590140107,7.779092171167591,22573982,-0.014759803482861211,ITUB4.SA,1098,379,47.540000915527344,43.97999954223633,-1.0
2015-10-27,7.5792646408081055,7.6706153475841425,7.5107516107260786,7.622085284609373,22777378,-0.005617696008305972,ITUB4.SA,1097,378,46.810001373291016,43.20000076293945,1.0
2015-10-28,7.630640983581543,7.830470433896795,7.522161630173644,7.587820387085419,2946627,0.006778539239389758,ITUB4.SA,1096,377,49.04999923706055,45.939998626708984,-1.0
2015-10-29,7.422250747680664,7.744833250577342,7.422250747680664,7.530730157250772,30671318,-0.027309663283761054,ITUB4.SA,1095,376,48.79999923706055,46.060001373291016,1.0
2015-10-30,7.556420803070068,7.570694849278657,7.427959476705074,7.499327162991865,22522572,0.01807673439641344,ITUB4.SA,1094,375,49.560001373291016,46.59000015258789,1.0
2015-11-03,8.043428421020508,8.043428421020508,7.617835168370232,7.626404149781177,46729333,0.06444950997866283,ITUB4.SA,1090,371,50.540000915527344,47.900001525878906,-1.0
2015-11-04,8.063419342041016,8.22622940130393,7.989154362957944,8.166247069516384,34194857,0.002485373148626957,ITUB4.SA,1089,370,48.58000183105469,46.31999969482422,-1.0
2015-11-05,8.160538673400879,8.169108164933668,7.977733717822417,8.06342404998987,18359681,0.012044435150917021,ITUB4.SA,1088,369,47.97999954223633,45.20000076293945,-1.0
2015-11-06,8.037715911865234,8.140543690653104,7.940600278214465,8.140543690653104,24708707,-0.015050815448737875,ITUB4.SA,1087,368,47.41999816894531,44.290000915527344,-1.0
2015-11-09,7.832059860229492,8.020577964279306,7.809209751916793,7.994871019532515,20503005,-0.025586379749022226,ITUB4.SA,1084,365,47.189998626708984,43.869998931884766,-1.0
2015-11-10,7.880625247955322,7.880625247955322,7.683537979352078,7.814929152260588,19571458,0.0062008448087125245,ITUB4.SA,1083,364,47.439998626708984,44.209999084472656,-1.0
2015-11-11,8.094837188720703,8.137682068671909,7.9348829702362,7.952020922216682,26833337,0.02718209964633944,ITUB4.SA,1082,363,45.810001373291016,42.93000030517578,-1.0
2015-11-12,8.117693901062012,8.140544520900944,7.977733854548551,8.091986953743213,21848822,0.002823616066442547,ITUB4.SA,1081,362,44.060001373291016,41.75,-1.0
2015-11-13,7.892040729522705,8.069132959210457,7.892040729522704,8.046282348928166,24285090,-0.027797694060598288,ITUB4.SA,1080,361,43.61000061035156,40.7400016784668,-1.0
2015-11-16,8.11484146118164,8.11484146118164,7.91204161644171,7.929179588455765,31608099,0.02823106713393897,ITUB4.SA,1077,358,43.58000183105469,41.7400016784668,-1.0
2015-11-17,8.171957969665527,8.331912697331623,8.126256764400836,8.169102153576159,26678547,0.007038524259175061,ITUB4.SA,1076,357,43.56999969482422,40.66999816894531,-1.0
2015-11-18,8.15196704864502,8.306208670281649,8.120546949812523,8.166248680278041,30508302,-0.002446282897527685,ITUB4.SA,1075,356,44.13999938964844,40.75,-1.0
2015-11-19,8.374765396118164,8.394759692088547,8.111982711267267,8.283362391013407,35998690,0.02733062414796894,ITUB4.SA,1074,355,44.18000030517578,40.540000915527344,-1.0
2015-11-23,8.371902465820312,8.491868656274272,8.326201253929185,8.460448563859375,25417789,-0.0003418519997203662,ITUB4.SA,1070,351,44.83000183105469,41.75,-1.0
2015-11-24,8.383329391479492,8.386185717775561,8.174817062626596,8.29763909335757,18257048,0.0013649138539097994,ITUB4.SA,1069,350,46.119998931884766,42.869998931884766,-1.0
2015-11-25,7.972018241882324,8.234800781774892,7.940598142020939,8.211949661173918,42484559,-0.049062983259993254,ITUB4.SA,1068,349,46.16999816894531,43.040000915527344,-1.0
2015-11-26,8.089129447937012,8.171962932786965,7.969163711257771,7.997726981895686,19602678,0.014690283250911929,ITUB4.SA,1067,348,46.16999816894531,43.040000915527344,-1.0
2015-11-27,7.874902725219727,8.060563932664888,7.854907932101176,8.032000669981016,27937060,-0.02648328526525434,ITUB4.SA,1066,347,44.86000061035156,41.709999084472656,-1.0
2015-11-30,7.937741279602051,8.012006270750737,7.743511096148126,7.826345065978604,51838726,0.00797959753598998,ITUB4.SA,1063,344,44.61000061035156,41.650001525878906,-1.0
2015-12-01,7.999189853668213,8.027768555505784,7.836290743678962,7.959179671095614,24656362,0.007741317322103924,ITUB4.SA,1062,343,44.439998626708984,41.849998474121094,-1.0
2015-12-02,7.74483585357666,8.016333923832356,7.704825686730648,7.964892280744626,39471567,-0.031797470086912916,ITUB4.SA,1061,342,42.4900016784668,39.939998626708984,-1.0
2015-12-03,8.236388206481934,8.407860825583608,8.030621674977679,8.087779044839971,60684590,0.0634684016806204,ITUB4.SA,1060,341,43.84000015258789,41.08000183105469,-1.0
2015-12-04,8.05349063873291,8.19924204075539,7.916312848594105,8.164947593220688,32865117,-0.022206040216157574,ITUB4.SA,1059,340,43.0,39.970001220703125,-1.0
2015-12-07,7.99347448348999,8.20209901656596,7.9591800396966805,8.147799480559886,29501603,-0.0074521915943224215,ITUB4.SA,1056,337,40.72999954223633,37.650001525878906,-1.0
2015-12-08,7.90201997756958,7.990613927593255,7.804851909964148,7.990613927593255,36752265,-0.011441145663166119,ITUB4.SA,1055,336,40.2599983215332,37.5099983215332,-1.0
2015-12-09,8.33069896697998,8.353561916546056,8.007759294844329,8.016332900931607,54195355,0.054249292032573226,ITUB4.SA,1054,335,40.11000061035156,37.15999984741211,-1.0
2015-12-10,8.290116310119629,8.373593575250126,8.235424645058199,8.313144379619178,27124223,-0.004871458808103246,ITUB4.SA,1053,334,39.72999954223633,36.7599983215332,-1.0
2015-12-11,8.290116310119629,8.36207902730572,8.166340436559551,8.206639558183763,25445831,0.0,ITUB4.SA,1052,333,37.93000030517578,35.619998931884766,-1.0
2015-12-14,8.094377517700195,8.226788914023544,8.033928836769972,8.209517862329195,22611932,-0.023611103282169643,ITUB4.SA,1049,330,37.91999816894531,36.310001373291016,-1.0
2015-12-15,8.146190643310547,8.292994582181388,8.120284065862752,8.120284065862752,37852623,0.0064011254104532345,ITUB4.SA,1048,329,38.45000076293945,37.349998474121094,-1.0
2015-12-16,8.0914945602417,8.137550672770857,7.887120560893564,8.074223518043265,33312103,-0.0067143141455647815,ITUB4.SA,1047,328,37.189998626708984,35.52000045776367,-1.0
2015-12-17,8.229663848876953,8.367832193815573,8.192242742261714,8.261326914731024,22705404,0.017075867456447513,ITUB4.SA,1046,327,37.18000030517578,34.95000076293945,-1.0
2015-12-18,7.751831531524658,8.051196826918094,7.751831531524657,8.02241175170665,63477174,-0.058062191375836236,ITUB4.SA,1045,326,36.880001068115234,34.72999954223633,-1.0
2015-12-21,7.60791540145874,7.82956074995512,7.570494245011058,7.8007756397607855,36453340,-0.018565435727111557,ITUB4.SA,1042,323,36.349998474121094,34.7400016784668,-1.0
2015-12-22,7.65684175491333,7.760468558963801,7.570486512533372,7.700019889297831,31740830,0.006430980218997906,ITUB4.SA,1041,322,36.11000061035156,36.13999938964844,-1.0
2015-12-23,7.628057479858398,7.797889976246754,7.57336582425361,7.797889976246754,22195979,-0.003759288225652746,ITUB4.SA,1040,321,37.36000061035156,37.5,-1.0
2015-12-28,7.599269866943359,7.691381585141249,7.599269866943359,7.642447475408482,31954882,-0.003773911377969008,ITUB4.SA,1035,316,36.619998931884766,36.810001373291016,-1.0
2015-12-29,7.605032444000244,7.674116672737,7.564733310570469,7.656845615552811,13609782,0.0007583066739018651,ITUB4.SA,1034,315,37.790000915527344,37.869998931884766,-1.0
2015-12-30,7.579123497009277,7.6366931525949635,7.504282277594922,7.6366931525949635,23936624,-0.003406816102593635,ITUB4.SA,1033,314,36.459999084472656,36.599998474121094,-1.0
2016-01-04,7.237825393676758,7.514319723918577,7.237825393676758,7.465357186271588,43135315,-0.04503134214229332,ITUB4.SA,1028,309,37.220001220703125,36.7599983215332,1.0
2016-01-05,7.29831075668335,7.425037885805501,7.2234273609319,7.315591658815373,23898487,0.008356841967952722,ITUB4.SA,1027,308,36.41999816894531,35.970001220703125,1.0
2016-01-06,7.269504547119141,7.439433809562281,7.142777508986897,7.200380988221706,37978811,-0.003946969446022797,ITUB4.SA,1026,307,34.22999954223633,33.970001220703125,1.0
2016-01-07,7.131262302398682,7.283910265940925,7.131262302398682,7.17158389248858,32592365,-0.01901673543560045,ITUB4.SA,1025,306,33.75,33.27000045776367,1.0
2016-01-08,7.134138584136963,7.272386244874071,7.134138584136963,7.185981777842789,20493097,0.00040333416670335076,ITUB4.SA,1024,305,33.54999923706055,33.15999984741211,1.0
2016-01-11,7.050612926483154,7.209021085945042,7.036212184713891,7.174459305698812,21775914,-0.01170788269231704,ITUB4.SA,1021,302,31.549999237060547,31.40999984741211,1.0
2016-01-12,7.0822978019714355,7.211904537252918,7.0304551078588435,7.142780945102794,20601339,0.004493917879007103,ITUB4.SA,1020,301,30.860000610351562,30.440000534057617,1.0
2016-01-13,6.972847938537598,7.200380670164923,6.929646229621964,7.16005808243561,22142513,-0.015454004688050693,ITUB4.SA,1019,300,30.309999465942383,30.479999542236328,1.0
2016-01-14,7.073651313781738,7.079411608209696,6.814437551036837,6.998767486218274,26560210,0.014456557224920896,ITUB4.SA,1018,299,31.030000686645508,31.200000762939453,1.0
2016-01-15,6.8893280029296875,6.9699716829654,6.828844344300283,6.941170698765853,34372455,-0.02605773209274964,ITUB4.SA,1017,298,31.010000228881836,29.420000076293945,1.0
2016-01-18,6.808681488037109,6.9325284086927965,6.808681488037109,6.912367365665348,12392397,-0.011706005993368795,ITUB4.SA,1014,295,31.010000228881836,29.420000076293945,1.0
2016-01-19,6.739559650421143,6.961331694416537,6.6934772544713885,6.921009084473296,18904626,-0.010152015149689997,ITUB4.SA,1013,294,28.760000228881836,28.459999084472656,1.0
2016-01-20,6.644512176513672,6.6877149230776665,6.5696288193340235,6.624351647898151,41764447,-0.014102920492963023,ITUB4.SA,1012,293,27.8799991607666,26.549999237060547,1.0
2016-01-21,6.658905506134033,6.759710596626348,6.609942520122753,6.624343760822382,33511012,0.0021661980952096815,ITUB4.SA,1011,292,29.25,29.530000686645508,1.0
2016-01-22,6.722274303436279,6.81155888650434,6.6848323815045125,6.725154451277184,17895123,0.009516398339617815,ITUB4.SA,1010,291,32.18000030517578,32.189998626708984,1.0
2016-01-26,6.794278144836426,6.794278144836426,6.601308235366792,6.638750158099707,20848480,0.010711232263066028,ITUB4.SA,1006,287,31.799999237060547,31.450000762939453,1.0
2016-01-27,6.820201396942139,6.918125932350188,6.690594201094079,6.759717765019985,26364292,0.003815453467328922,ITUB4.SA,1005,286,33.099998474121094,32.29999923706055,1.0
2016-01-28,6.866286754608154,6.932530717244841,6.797163155495694,6.895088767725592,18712633,0.006757184280024031,ITUB4.SA,1004,285,33.88999938964844,33.220001220703125,1.0
2016-01-29,7.185983657836914,7.185983657836914,6.912368927167822,6.941170423713285,34634926,0.046560377487031346,ITUB4.SA,1003,284,34.7400016784668,33.619998931884766,1.0
2016-02-01,7.3401618003845215,7.340161800384522,7.046209399860868,7.121138312164019,21820220,0.021455398437966622,ITUB4.SA,1000,281,34.689998626708984,31.6200008392334,1.0
2016-02-02,6.812777996063232,7.060620350935902,6.700384603016845,7.0490928234439645,84694310,-0.07184907072398072,ITUB4.SA,999,280,32.720001220703125,29.8799991607666,1.0
2016-02-03,6.977043151855469,7.014508118664917,6.8444771396032635,6.85600414981158,43207476,0.024111332541168595,ITUB4.SA,998,279,35.040000915527344,32.279998779296875,1.0
2016-02-04,7.077906131744385,7.279638219592909,6.861765159544844,7.089433650261693,42762547,0.014456407634814816,ITUB4.SA,997,278,34.459999084472656,31.719999313354492,1.0
2016-02-05,7.147075176239014,7.247941018776953,7.008744877901267,7.060618739777922,26927931,0.009772529220810844,ITUB4.SA,996,277,34.060001373291016,30.889999389648438,1.0
2016-02-10,7.181655406951904,7.190301561572077,7.017388231287587,7.05485267486015,13666988,0.004838375119916805,ITUB4.SA,991,272,30.84000015258789,27.450000762939453,1.0
2016-02-11,6.968400478363037,7.080793877012041,6.890589150117683,7.040447528779065,19976755,-0.029694397253094973,ITUB4.SA,990,271,30.059999465942383,26.209999084472656,1.0
2016-02-12,7.023153781890869,7.037563186937585,6.893469136470424,7.020271900881526,19052873,0.007857370381889162,ITUB4.SA,989,270,33.36000061035156,29.440000534057617,1.0
2016-02-15,7.000100612640381,7.158604110696535,7.000100612640381,7.1441947017823395,12260413,-0.0032824525799122206,ITUB4.SA,986,267,33.36000061035156,29.440000534057617,1.0
2016-02-16,7.170126438140869,7.288283497084353,6.962630601322571,7.017386311564673,35682192,0.02428905453065422,ITUB4.SA,985,266,32.18000030517578,29.040000915527344,1.0
2016-02-17,7.2479400634765625,7.452554116594964,7.103846021700107,7.2623499814500425,47510576,0.010852476034700187,ITUB4.SA,984,265,34.5,30.65999984741211,1.0
2016-02-18,7.100964069366455,7.175892451118437,7.017389018228914,7.170129203718246,34862625,-0.020278312571973545,ITUB4.SA,983,264,34.279998779296875,30.770000457763672,1.0
2016-02-19,7.1851582527160645,7.232526881078929,7.034172960028736,7.06673852915638,23205856,0.011856725724443962,ITUB4.SA,982,263,33.0099983215332,29.639999389648438,1.0
2016-02-22,7.475292205810547,7.519699291756362,7.327266298798046,7.3864769782913235,48021496,0.04037961905498855,ITUB4.SA,979,260,34.689998626708984,31.479999542236328,1.0
2016-02-23,7.368717670440674,7.5493087246647494,7.31838848817072,7.410164269825579,22705965,-0.014256905607921588,ITUB4.SA,978,259,33.27000045776367,31.8700008392334,1.0
2016-02-24,7.306545257568359,7.3568739037979975,7.149637773861979,7.265098137143951,19827199,-0.008437344956465975,ITUB4.SA,977,258,34.40999984741211,32.150001525878906,1.0
2016-02-25,7.312465190887451,7.442727540653787,7.185162293442628,7.235491456393482,19905716,0.0008102233149052118,ITUB4.SA,976,257,35.290000915527344,33.06999969482422,1.0
2016-02-26,7.312465190887451,7.454569572450727,7.2591755199873615,7.362793298210583,17601619,0.0,ITUB4.SA,975,256,35.099998474121094,32.779998779296875,1.0
2016-02-29,7.519698143005371,7.546343235004482,7.342067715102739,7.4308829290540555,39383703,0.028339683910723723,ITUB4.SA,972,253,35.970001220703125,33.75,1.0
2016-03-01,7.873691558837891,7.873691558837891,7.553767219363268,7.595238824538117,41830626,0.047075482167032945,ITUB4.SA,971,252,35.959999084472656,34.400001525878906,1.0
2016-03-02,8.05734920501709,8.084009514954374,7.770009780900744,7.8796132773095735,45651221,0.023325481422122873,ITUB4.SA,970,251,36.93000030517578,34.65999984741211,1.0
2016-03-03,8.854198455810547,8.877896512174331,8.143255708645574,8.146217965691047,78392020,0.09889719689662702,ITUB4.SA,969,250,37.06999969482422,34.56999969482422,1.0
2016-03-04,9.286689758300781,9.609576329333105,8.85419913999094,8.85419913999094,94016883,0.04884590114494358,ITUB4.SA,968,249,38.720001220703125,35.91999816894531,-1.0
2016-03-07,9.24521255493164,9.301494880918405,8.975646778163654,9.286684131645881,34232994,-0.00446630655794944,ITUB4.SA,965,246,40.84000015258789,37.900001525878906,-1.0
2016-03-08,9.45257568359375,9.591802296514572,9.129689129028316,9.206707814234122,36110670,0.02242924404712543,ITUB4.SA,964,245,39.650001525878906,36.5,-1.0
2016-03-09,9.138581275939941,9.683637994993827,9.138581275939941,9.56514763351518,42538586,-0.033217867612399976,ITUB4.SA,963,244,41.06999969482422,38.290000915527344,1.0
2016-03-10,9.497001647949219,9.627341916554613,9.097097774531427,9.357776199241,49916558,0.03922057058822981,ITUB4.SA,962,243,40.04999923706055,37.84000015258789,-1.0
2016-03-11,9.57699203491211,9.772501036735997,9.417030124328928,9.425916369013306,29720516,0.008422699071571005,ITUB4.SA,961,242,40.38999938964844,38.5,-1.0
2016-03-14,9.532556533813477,9.834707830461834,9.491084932190375,9.633274336863913,29833991,-0.004639818111641603,ITUB4.SA,958,239,39.529998779296875,37.18000030517578,-1.0
2016-03-15,9.108957290649414,9.348899679950373,8.91048546045436,9.18301321851945,41867828,-0.044437107890363925,ITUB4.SA,957,238,38.7400016784668,36.34000015258789,1.0
2016-03-16,8.839386940002441,8.99046204538069,8.48391557569264,8.975651288665372,50943260,-0.029593985573265758,ITUB4.SA,956,237,40.33000183105469,38.459999084472656,1.0
2016-03-17,9.80508041381836,9.917646134041057,9.268911586737405,9.656967624051653,69766752,0.10924891967854622,ITUB4.SA,955,236,41.540000915527344,40.20000076293945,-1.0
2016-03-18,9.831745147705078,9.864330506017676,9.574029291625681,9.787311816485106,32010218,0.002719481407734259,ITUB4.SA,954,235,41.20000076293945,39.439998626708984,-1.0
2016-03-21,9.834709167480469,9.941350443294787,9.645124677143901,9.83174638169315,26401307,0.00030147443112715777,ITUB4.SA,951,232,41.540000915527344,39.90999984741211,-1.0
2016-03-22,9.582918167114258,9.805088052982812,9.529597521256017,9.805088052982812,26038634,-0.025602282292066625,ITUB4.SA,950,231,41.790000915527344,41.45000076293945,-1.0
2016-03-23,9.277800559997559,9.479234013439067,9.135612239921201,9.428876178204321,21814051,-0.03183973835483356,ITUB4.SA,949,230,40.470001220703125,39.790000915527344,-1.0
2016-03-24,9.180049896240234,9.19486065674477,9.005276162276212,9.005276162276212,18014020,-0.010535973814611688,ITUB4.SA,948,229,40.439998626708984,39.459999084472656,1.0
2016-03-28,9.408133506774902,9.574020824542778,9.369624724190798,9.553284513727837,28095403,0.024845574164916284,ITUB4.SA,944,225,40.27000045776367,39.38999938964844,-1.0
2016-03-29,9.464427947998047,9.624389887347636,9.200786445758942,9.4199935478306,24704407,0.0059835929393015075,ITUB4.SA,943,224,39.13999938964844,38.279998779296875,-1.0
2016-03-30,9.517748832702637,9.654012710374447,9.446654635656474,9.53848516830034,23434116,0.005633820131291545,ITUB4.SA,942,223,39.2599983215332,38.31999969482422,-1.0
2016-03-31,9.24521255493164,9.24521255493164,9.24521255493164,9.24521255493164,136282,-0.028634531396181773,ITUB4.SA,941,222,39.599998474121094,38.34000015258789,-1.0
2016-04-01,9.308935165405273,9.308935165405273,9.308935165405273,9.308935165405273,563452,0.0068924981545872566,ITUB4.SA,940,221,39.65999984741211,36.790000915527344,-1.0
2016-04-04,8.982932090759277,9.267446613058317,8.944404754013862,9.20817297440424,74030,-0.03502044743608468,ITUB4.SA,937,218,37.689998626708984,35.70000076293945,1.0
2016-04-05,9.000715255737305,9.140008851565602,8.728056485412582,8.935515302201857,167689,0.0019796615179046295,ITUB4.SA,936,217,37.869998931884766,35.88999938964844,1.0
2016-04-06,8.74286937713623,8.96810961705978,8.689523129665263,8.876234995813649,83564,-0.028647265386683163,ITUB4.SA,935,216,39.84000015258789,37.75,1.0
2016-04-07,8.837712287902832,8.965150619831814,8.757693398559752,8.861421745005897,50475,0.010848030168977285,ITUB4.SA,934,215,39.43000030517578,37.2599983215332,1.0
2016-04-08,9.394883155822754,9.477866238880138,9.068878186668751,9.098515002046389,31598565,0.06304469412096436,ITUB4.SA,933,214,41.939998626708984,39.720001220703125,-1.0
2016-04-11,9.442299842834473,9.711995327810692,9.415627243638518,9.543066048212093,24115,0.005047075756586805,ITUB4.SA,930,211,42.83000183105469,40.36000061035156,-1.0
2016-04-12,9.86907958984375,9.940207992380424,9.519363887278423,9.551964933487737,69730,0.04519870731844522,ITUB4.SA,929,210,44.689998626708984,42.16999816894531,-1.0
2016-04-13,9.990589141845703,10.192119575408448,9.957988102154184,10.120991187092185,308459,0.012312146324870987,ITUB4.SA,928,209,44.18000030517578,41.7599983215332,-1.0
2016-04-14,9.700150489807129,10.07653777089561,9.643838917423745,10.023191467191413,38703784,-0.029071223720137596,ITUB4.SA,927,208,43.84000015258789,41.5,-1.0
2016-04-15,9.762381553649902,9.8453646437658,9.688288980523854,9.789055218138293,32538525,0.006415474059723758,ITUB4.SA,926,207,43.099998474121094,40.36000061035156,-1.0
2016-04-18,9.691255569458008,9.815730235184752,9.430450451175629,9.637909284146547,31506214,-0.007285720579657373,ITUB4.SA,923,204,42.90999984741211,39.779998779296875,-1.0
2016-04-19,9.744601249694824,9.863148543025966,9.643834993603742,9.780165437694167,35332,0.005504516917801183,ITUB4.SA,922,203,44.029998779296875,41.08000183105469,-1.0
2016-04-20,9.563817977905273,9.676437928695323,9.468980124608391,9.676437928695323,19869449,-0.018552146686885984,ITUB4.SA,921,202,45.79999923706055,42.630001068115234,-1.0
2016-04-22,9.388961791992188,9.569747009691381,9.353397590814641,9.424525993169734,24075711,-0.01828309429529562,ITUB4.SA,919,200,45.11000061035156,43.72999954223633,-1.0
2016-04-25,9.305974006652832,9.460085468094881,9.237809850163972,9.365247645669005,13965913,-0.008838867084338897,ITUB4.SA,916,197,44.47999954223633,42.63999938964844,-1.0
2016-04-26,9.62901782989502,9.63198204082962,9.228920156623253,9.365249554141982,16548932,0.03471359612773939,ITUB4.SA,915,196,45.7400016784668,44.040000915527344,-1.0
2016-04-27,9.95798397064209,9.97873027034004,9.661615808952494,9.688288415124878,26734256,0.03416403900777243,ITUB4.SA,914,195,47.18000030517578,45.33000183105469,-1.0
2016-04-28,9.889817237854004,10.135803302450029,9.768306838705003,9.809798374934282,23876428,-0.006845435078932982,ITUB4.SA,913,194,48.13999938964844,46.029998779296875,-1.0
2016-04-29,9.741633415222168,10.029111022992103,9.617158803527388,9.952055310990572,36798814,-0.014983474321916823,ITUB4.SA,912,193,48.130001068115234,45.91999816894531,-1.0
2016-05-02,9.473299026489258,9.775733621358178,9.431788540932597,9.734222078559698,24306775,-0.02754511253868508,ITUB4.SA,909,190,48.099998474121094,44.779998779296875,-1.0
2016-05-03,8.927730560302734,9.218304983003838,8.918835985899316,9.215339420041568,41092380,-0.05759012405931696,ITUB4.SA,908,189,46.75,43.650001525878906,1.0
2016-05-04,9.14714241027832,9.173828245955207,8.915869749125653,9.031506608322797,25735222,0.024576441738867416,ITUB4.SA,907,188,44.619998931884766,43.779998779296875,1.0
2016-05-05,9.010759353637695,9.301332937558207,8.877332179338662,9.242032206145858,19834303,-0.014909908529179172,ITUB4.SA,906,187,45.0099983215332,44.31999969482422,1.0
2016-05-06,9.013716697692871,9.096737655687019,8.880289629438595,8.895115329129805,16213552,0.00032820142444278666,ITUB4.SA,905,186,45.369998931884766,44.65999984741211,1.0
2016-05-09,9.070046424865723,9.135278196021446,8.71424253078554,8.945515061937659,30498768,0.006249334105127735,ITUB4.SA,902,183,43.630001068115234,43.439998626708984,1.0
2016-05-10,9.639338493347168,9.639338493347168,9.150107367728058,9.188653337324459,27755350,0.06276616919189282,ITUB4.SA,901,182,45.52000045776367,44.65999984741211,-1.0
2016-05-11,9.58004379272461,9.858757155230496,9.53260322038318,9.76387601054764,27002148,-0.006151324664392943,ITUB4.SA,900,181,47.599998474121094,46.22999954223633,-1.0
2016-05-12,9.674927711486816,9.796494741589584,9.505920095440045,9.725333862673576,25497428,0.009904330378350146,ITUB4.SA,899,180,48.08000183105469,46.70000076293945,-1.0
2016-05-13,9.310222625732422,9.674922460874406,9.212376998945313,9.61265619699375,25352733,-0.037695897750366525,ITUB4.SA,898,179,47.83000183105469,46.209999084472656,-1.0
2016-05-16,9.1679048538208,9.411037828493116,9.1679048538208,9.236101216801302,16270197,-0.015286183546059373,ITUB4.SA,895,176,48.970001220703125,47.720001220703125,1.0
2016-05-17,8.972208023071289,9.348767972608762,8.96924245963999,9.22423651057337,20128928,-0.021345861881185813,ITUB4.SA,894,175,49.279998779296875,48.310001373291016,1.0
2016-05-18,9.111563682556152,9.286501256387682,8.835815987370486,8.880290978718381,27510826,0.015531924708669376,ITUB4.SA,893,174,48.93000030517578,48.189998626708984,1.0
2016-05-19,9.03447437286377,9.09081057003647,8.921803035760366,9.01668416174218,20002367,-0.008460601536481427,ITUB4.SA,892,173,48.810001373291016,48.15999984741211,1.0
2016-05-20,8.918839454650879,9.176798071301809,8.912909383661686,9.135287574377461,15740955,-0.012799296720594544,ITUB4.SA,891,172,48.720001220703125,47.75,1.0
2016-05-23,8.948487281799316,9.034472758232098,8.73203922321568,8.773549708414011,23141173,0.003324179933856364,ITUB4.SA,888,169,48.349998474121094,48.08000183105469,1.0
2016-05-24,8.939595222473145,9.182727075536057,8.838782958519198,9.049301007038503,12885558,-0.0009936941346787576,ITUB4.SA,887,168,48.61000061035156,48.619998931884766,1.0
2016-05-25,8.898082733154297,9.108600759547992,8.880292522074914,9.028545338311767,16382177,-0.004643665432914723,ITUB4.SA,886,167,49.7400016784668,49.560001373291016,1.0
2016-05-27,8.809126853942871,9.031504899283538,8.80319678683034,8.895113355695297,12697491,-0.009997196236440464,ITUB4.SA,884,165,49.31999969482422,49.33000183105469,1.0
2016-05-30,8.806166648864746,8.892152669143154,8.746865945224465,8.791341472954675,4769527,-0.0003360384209701861,ITUB4.SA,881,162,49.31999969482422,49.33000183105469,1.0
2016-05-31,8.613434791564941,8.84767298964895,8.530414374046817,8.770582111091423,60103191,-0.02188601067692164,ITUB4.SA,880,161,49.689998626708984,49.099998474121094,1.0
2016-06-01,8.742483139038086,8.792914766647893,8.53779006226887,8.623820485838541,20483563,0.014982216803860915,ITUB4.SA,879,160,49.709999084472656,49.0099983215332,1.0
2016-06-02,8.87301254272461,8.899711639562932,8.614920744393515,8.763249060161973,21470446,0.014930472453949184,ITUB4.SA,878,159,50.040000915527344,49.16999816894531,1.0
2016-06-03,8.864113807678223,8.98277700917088,8.781049936859208,8.9501442453122,14172113,-0.0010028989594613735,ITUB4.SA,877,158,49.63999938964844,48.619998931884766,1.0
2016-06-06,8.778080940246582,8.926409239937126,8.692049997532147,8.899710674886748,12747966,-0.009705749418189802,ITUB4.SA,874,155,50.54999923706055,49.689998626708984,1.0
2016-06-07,8.92048168182373,8.950147360298145,8.671289982638662,8.751387314519578,16699236,0.016222309015659242,ITUB4.SA,873,154,51.439998626708984,50.36000061035156,1.0
2016-06-08,9.056934356689453,9.151864428798296,8.956071155073806,8.970904507734511,20900824,0.015296559057315973,ITUB4.SA,872,153,52.5099983215332,51.22999954223633,1.0
2016-06-09,9.036172866821289,9.083637923542849,8.911577092927192,9.021339507701873,15030751,-0.002292330831881295,ITUB4.SA,871,152,51.95000076293945,50.560001373291016,1.0
2016-06-10,8.573390007019043,8.97387651523065,8.573390007019043,8.9293785432123,26684342,-0.05121447615300456,ITUB4.SA,870,151,50.540000915527344,49.06999969482422,1.0
2016-06-13,8.611953735351562,8.656451698900554,8.457691765988747,8.543722184711768,15548589,0.004498072326226454,ITUB4.SA,867,148,50.349998474121094,48.880001068115234,1.0
2016-06-14,8.487360954284668,8.760285683567648,8.416163336791934,8.620856487083543,30247514,-0.014467423408865754,ITUB4.SA,866,147,49.83000183105469,48.4900016784668,1.0
2016-06-15,8.445826530456543,8.647553041478973,8.333096480697087,8.50812389467243,39239007,-0.00489367944309671,ITUB4.SA,865,146,48.970001220703125,48.0099983215332,1.0
2016-06-16,8.600090026855469,8.665355034744453,8.309366438605702,8.368697783146471,26521887,0.018265056219499032,ITUB4.SA,864,145,47.189998626708984,46.209999084472656,1.0
2016-06-17,8.57931900024414,8.781045440364025,8.546686253095658,8.689081916191725,29313536,-0.0024152103694805582,ITUB4.SA,863,144,49.16999816894531,47.97999954223633,1.0
2016-06-20,8.721717834472656,8.834447363539523,8.65941993683044,8.715784701363873,28725407,0.016597918112668752,ITUB4.SA,860,141,50.650001525878906,49.369998931884766,1.0
2016-06-21,8.718748092651367,8.718748092651367,8.49328858773335,8.558553557055232,26254929,-0.0003404996444107411,ITUB4.SA,859,140,50.619998931884766,48.849998474121094,1.0
2016-06-22,8.567461967468262,8.822587931259159,8.534830240943787,8.706891224061483,23824831,-0.017351817437026074,ITUB4.SA,858,139,49.880001068115234,49.130001068115234,1.0
2016-06-23,8.899711608886719,8.929377271938156,8.59712131686808,8.659419209276098,20487115,0.038780404591237216,ITUB4.SA,857,138,50.90999984741211,50.11000061035156,1.0
2016-06-24,8.58821964263916,8.745447620648925,8.511088407551837,8.603051941859436,33130019,-0.03500023146104214,ITUB4.SA,856,137,48.40999984741211,47.63999938964844,1.0
2016-06-27,8.30046558380127,8.638654751144571,8.261900741644144,8.620855349120928,26590869,-0.03350567065253396,ITUB4.SA,853,134,47.15999984741211,46.33000183105469,1.0
2016-06-28,8.591184616088867,8.611950571600168,8.428023537071503,8.463622317948019,23885027,0.03502442475696177,ITUB4.SA,852,133,48.58000183105469,47.849998474121094,1.0
2016-06-29,8.784016609191895,8.825548013705584,8.650520580058721,8.718751613514277,25256643,0.02244533224695311,ITUB4.SA,851,132,50.61000061035156,49.880001068115234,1.0
2016-06-30,8.98870849609375,9.053972954066703,8.733583267850966,8.76918206310894,39268918,0.023302766377702344,ITUB4.SA,850,131,49.68000030517578,48.33000183105469,1.0
2016-07-01,9.174214363098145,9.197959716958863,8.90412353039146,9.025812515920753,37093439,0.02063765524101835,ITUB4.SA,849,130,49.84000015258789,48.9900016784668,1.0
2016-07-04,9.168275833129883,9.266220485566542,9.114851188624815,9.224667984284823,6881819,-0.0006473066502727942,ITUB4.SA,846,127,49.84000015258789,48.9900016784668,1.0
2016-07-05,9.10297679901123,9.153433930280995,9.022840371868629,9.082201080237887,13175322,-0.007122280710915363,ITUB4.SA,845,126,47.959999084472656,46.599998474121094,1.0
2016-07-06,9.138598442077637,9.165311305252466,8.918963695702224,9.022845523819766,14127620,0.003913186186553341,ITUB4.SA,844,125,48.79999923706055,47.43000030517578,1.0
2016-07-07,9.230607986450195,9.364170183741939,9.082206132966245,9.186087959561199,17326436,0.01006823365264764,ITUB4.SA,843,124,46.400001525878906,45.13999938964844,1.0
2016-07-08,9.479914665222168,9.50365999896375,9.295896530638554,9.334481507368256,22359369,0.027008695325154708,ITUB4.SA,842,123,46.7599983215332,45.40999984741211,1.0
2016-07-11,9.571928977966309,9.640193274307551,9.456175049054172,9.52147289697217,17390558,0.009706238504625153,ITUB4.SA,839,120,46.25,44.7599983215332,1.0
2016-07-12,9.491791725158691,9.720331023844684,9.447271714795853,9.660970304486243,28032402,-0.008372111096110912,ITUB4.SA,838,119,48.470001220703125,46.79999923706055,1.0
2016-07-13,9.687684059143066,9.693620131631477,9.447272594206398,9.47695295664845,21054493,0.02063807757866698,ITUB4.SA,837,118,46.2599983215332,44.75,1.0
2016-07-14,9.963712692260742,9.981520911036519,9.800470157660051,9.868734467144442,37093626,0.028492736905180616,ITUB4.SA,836,117,47.369998931884766,45.68000030517578,1.0
2016-07-15,9.931061744689941,9.996358533603857,9.827179960443647,9.942933888128834,22014643,-0.003276986057231701,ITUB4.SA,835,116,47.61000061035156,45.95000076293945,1.0
2016-07-18,10.100240707397461,10.141793211036191,9.9013817679704,9.96964712453288,18419316,0.017035334897396837,ITUB4.SA,832,113,46.959999084472656,45.2400016784668,1.0
2016-07-19,10.040874481201172,10.150691222863646,10.008225574234658,10.031970907317564,16590247,-0.005877704097963621,ITUB4.SA,831,112,46.65999984741211,44.650001525878906,1.0
2016-07-20,10.198184967041016,10.239736406432742,10.005262127118538,10.085399616131335,24738244,0.0156670104914034,ITUB4.SA,830,111,47.16999816894531,44.939998626708984,1.0
2016-07-21,10.061654090881348,10.257544433644364,9.874668383763467,10.198184782027996,29257453,-0.013387762293086025,ITUB4.SA,829,110,46.20000076293945,44.75,1.0
2016-07-22,10.123987197875977,10.204123657458608,9.990425020821963,10.034946099277375,14197724,0.006195115279417074,ITUB4.SA,828,109,45.689998626708984,44.189998626708984,1.0
2016-07-25,10.0468168258667,10.201154708292103,9.975582898742903,10.121018260034948,9988097,-0.007622527616932162,ITUB4.SA,825,106,44.720001220703125,43.130001068115234,1.0
2016-07-26,9.919187545776367,10.13882321219449,9.919187545776367,10.061653237521055,13956565,-0.01270345446746235,ITUB4.SA,824,105,44.869998931884766,42.91999816894531,1.0
2016-07-27,9.957776069641113,10.1180511051217,9.928096761811041,9.972616781868368,19285620,0.0038902907810405285,ITUB4.SA,823,104,43.470001220703125,41.91999816894531,1.0
2016-07-28,9.847951889038086,9.951833622107191,9.752974788317271,9.951833622107191,25702320,-0.011028986777263938,ITUB4.SA,822,103,42.70000076293945,41.13999938964844,1.0
2016-07-29,10.02901554107666,10.079471662206,9.767828174891653,9.767828174891653,22194110,0.01838591963879499,ITUB4.SA,821,102,42.459999084472656,41.599998474121094,1.0
2016-08-01,9.926565170288086,10.12551350679488,9.8909329168552,10.021585571557901,17309237,-0.0102153965530275,ITUB4.SA,818,99,42.45000076293945,40.060001373291016,1.0
2016-08-02,10.045332908630371,10.190830638813765,9.902804001292518,9.93249752365457,38310078,0.011964635934469836,ITUB4.SA,817,98,41.79999923706055,39.5099983215332,1.0
2016-08-03,10.46401596069336,10.46401596069336,9.977040955659971,9.982979662321576,41499546,0.04167936054197674,ITUB4.SA,816,97,43.099998474121094,40.83000183105469,1.0
2016-08-04,10.523401260375977,10.707501135974434,10.50855396682404,10.541217377369376,31799905,0.005675192001396878,ITUB4.SA,815,96,44.290000915527344,41.93000030517578,1.0
2016-08-05,10.461050987243652,10.639212270701224,10.333369263490168,10.630304735919452,22224208,-0.005924916440000594,ITUB4.SA,814,95,44.27000045776367,41.79999923706055,1.0
2016-08-08,10.392753601074219,10.517466466411744,10.357121353834925,10.366028886253781,17160616,-0.006528730837151664,ITUB4.SA,811,92,45.38999938964844,43.02000045776367,1.0
2016-08-09,10.413543701171875,10.547165223817279,10.410574875157456,10.466992098473545,15040659,0.0020004419324930467,ITUB4.SA,810,91,44.97999954223633,42.77000045776367,1.0
2016-08-10,10.327425003051758,10.526371133254747,10.217558407915096,10.452137834438924,19489950,-0.008269874366631402,ITUB4.SA,809,90,44.04999923706055,41.709999084472656,1.0
2016-08-11,10.59169864654541,10.600606177116042,10.330394495560016,10.42244497788626,22349648,0.02558950013343697,ITUB4.SA,808,89,46.040000915527344,43.4900016784668,1.0
2016-08-12,10.67187786102295,10.737203678173065,10.556073532738958,10.600613333222823,20185386,0.007570005261024804,ITUB4.SA,807,88,46.970001220703125,44.4900016784668,1.0
2016-08-15,10.905781745910645,10.932806483009356,10.704601041884562,10.74663975974217,17211839,0.02191778128777,ITUB4.SA,804,85,48.349998474121094,45.7400016784668,1.0
2016-08-16,10.86074161529541,10.965835194744612,10.815700745054173,10.839722257004643,26356066,-0.004129931412951926,ITUB4.SA,803,84,49.22999954223633,46.58000183105469,1.0
2016-08-17,11.004878997802734,11.004878997802733,10.752652931843507,10.83973044309016,27314907,0.013271412543719219,ITUB4.SA,802,83,49.849998474121094,46.790000915527344,1.0
2016-08-18,10.983855247497559,11.043909048799568,10.848733659233746,10.935812206455953,19306370,-0.0019104026777008176,ITUB4.SA,801,82,50.88999938964844,48.220001220703125,1.0
2016-08-19,10.911785125732422,10.974842120302542,10.788675431129304,10.899774371592212,16847296,-0.006561459536855829,ITUB4.SA,800,81,50.880001068115234,48.52000045776367,1.0
2016-08-22,10.701601028442383,10.89077101396244,10.674577356607207,10.860744117107545,12684779,-0.019262118422253227,ITUB4.SA,797,78,49.15999984741211,47.04999923706055,1.0
2016-08-23,10.683588027954102,10.875760224263782,10.638548204778406,10.77066658974131,14814082,-0.001683206133400672,ITUB4.SA,796,77,49.959999084472656,48.099998474121094,1.0
2016-08-24,10.63254165649414,10.740638515937453,10.506428653810277,10.58449860785267,22487800,-0.004778017584204486,ITUB4.SA,795,76,49.04999923706055,46.77000045776367,1.0
2016-08-25,10.599507331848145,10.731625649998197,10.545458928968577,10.623528844239063,16346283,-0.0031069076156234887,ITUB4.SA,794,75,49.66999816894531,47.33000183105469,1.0
2016-08-26,10.728629112243652,10.866752880793086,10.608520416749268,10.668574229162065,18366785,0.012181866227644278,ITUB4.SA,793,74,49.91999816894531,47.63999938964844,1.0
2016-08-29,10.917793273925781,10.989857817058251,10.66856952692516,10.689588887339623,12148620,0.017631717874024844,ITUB4.SA,790,71,49.2599983215332,46.97999954223633,1.0
2016-08-30,10.989859580993652,11.013882169895224,10.857741230711705,10.929805785410949,8184639,0.006600812568963166,ITUB4.SA,789,70,48.369998931884766,46.349998474121094,1.0
2016-08-31,10.764662742614746,11.076942606119124,10.659568022447079,11.01989094187521,31667735,-0.020491329913657097,ITUB4.SA,788,69,47.040000915527344,44.70000076293945,1.0
2016-09-01,10.871302604675293,10.970432346382518,10.688061253564909,10.739128901654285,24332574,0.009906474973747637,ITUB4.SA,787,68,47.04999923706055,43.15999984741211,1.0
2016-09-02,11.030509948730469,11.111617064826387,10.9223678413472,10.9223678413472,22673624,0.014644734844075469,ITUB4.SA,786,67,46.83000183105469,44.439998626708984,1.0
2016-09-05,11.03350830078125,11.114615371808801,10.967421494102492,11.03350830078125,5983174,0.000271823520826997,ITUB4.SA,783,64,46.83000183105469,44.439998626708984,1.0
2016-09-06,11.138646125793457,11.138646125793457,10.913350724252842,11.084575100889747,13571272,0.0095289568962178,ITUB4.SA,782,63,47.2599983215332,44.83000183105469,1.0
2016-09-08,11.00648021697998,11.096599726044747,10.979445221154238,11.036520767412975,22690262,-0.011865527221250338,ITUB4.SA,780,61,49.9900016784668,47.619998931884766,1.0
2016-09-09,10.5889310836792,10.880314573135353,10.540867916025988,10.850275093352096,25391243,-0.03793666322650702,ITUB4.SA,779,60,48.0099983215332,45.880001068115234,1.0
2016-09-12,10.727112770080566,10.763160146087284,10.456757450030178,10.56790406160946,21451190,0.013049635067919896,ITUB4.SA,776,57,48.31999969482422,46.290000915527344,1.0
2016-09-13,10.513832092285156,10.679049753648123,10.405689973576791,10.615966315509722,32136219,-0.019882393554235822,ITUB4.SA,775,56,47.099998474121094,44.900001525878906,1.0
2016-09-14,10.52284049987793,10.64299944755536,10.486793136909725,10.519837088522285,19043339,0.000856814861955435,ITUB4.SA,774,55,45.849998474121094,43.58000183105469,1.0
2016-09-15,10.751137733459473,10.805208758785234,10.534852561040061,10.57390439266685,21254337,0.02169539998104031,ITUB4.SA,773,54,46.59000015258789,43.90999984741211,1.0
2016-09-16,10.507820129394531,10.72109980095374,10.441733304653892,10.697069299437405,27323881,-0.022631800475189978,ITUB4.SA,772,53,45.77000045776367,43.029998779296875,1.0
2016-09-19,10.582923889160156,10.715098680084173,10.528852821966456,10.630987059999,13582488,0.007147415814201974,ITUB4.SA,769,50,45.95000076293945,43.29999923706055,1.0
2016-09-20,10.606950759887695,10.74513122955841,10.579914705479695,10.652009422412213,9553824,0.0022703433360367065,ITUB4.SA,768,49,45.880001068115234,43.439998626708984,1.0
2016-09-21,10.709084510803223,10.7661600340092,10.435725894996551,10.724104779953045,27795730,0.009628945512009546,ITUB4.SA,767,48,46.83000183105469,45.34000015258789,1.0
2016-09-22,10.880311012268066,10.985449692658637,10.76616102645027,10.811220766936735,16918522,0.015988901879718354,ITUB4.SA,766,47,47.650001525878906,46.31999969482422,1.0
2016-09-23,10.853273391723633,10.907345500971912,10.745131315460313,10.874301553222033,11186788,-0.002485004382130951,ITUB4.SA,765,46,45.88999938964844,44.47999954223633,1.0
2016-09-26,10.76916790008545,10.79319948138283,10.685056294427604,10.72711156169802,14829599,-0.007749320283622407,ITUB4.SA,762,43,47.349998474121094,45.93000030517578,1.0
2016-09-27,10.892327308654785,10.90434309719645,10.649007055127658,10.805213377286128,23673780,0.011436297559104691,ITUB4.SA,761,42,45.970001220703125,44.66999816894531,1.0
2016-09-28,10.970430374145508,11.027505907565848,10.814225116839241,10.904343534515933,20488985,0.007170466262858666,ITUB4.SA,760,41,48.689998626708984,47.04999923706055,1.0
2016-09-29,10.691059112548828,11.060546106201542,10.685051220077643,10.99445821790199,24189187,-0.025465843368833174,ITUB4.SA,759,40,49.2400016784668,47.83000183105469,1.0
2016-09-30,10.670028686523438,10.814218060724748,10.612953190344,10.739119963886317,29053309,-0.0019671040823922015,ITUB4.SA,758,39,49.060001373291016,48.2400016784668,1.0
2016-10-03,10.92397403717041,10.954026192602097,10.668530180216514,10.668530180216514,26738182,0.023799875155697814,ITUB4.SA,755,36,49.099998474121094,48.810001373291016,1.0
2016-10-04,11.02014446258545,11.071232607390334,10.89392536936407,10.957034380190038,49947217,0.008803611679028656,ITUB4.SA,754,35,50.869998931884766,48.689998626708984,1.0
2016-10-05,11.236515045166016,11.28459848782947,11.035165093228317,11.05920788612901,24211807,0.019634096750289265,ITUB4.SA,753,34,51.86000061035156,49.83000183105469,1.0
2016-10-06,11.329673767089844,11.377757194967023,11.200449018885607,11.218480304339549,18793954,0.008290713050209009,ITUB4.SA,752,33,52.5099983215332,50.439998626708984,1.0
2016-10-07,11.434864044189453,11.473932393530962,11.272582357107355,11.41983849783693,21320142,0.009284493027960306,ITUB4.SA,751,32,51.93000030517578,49.810001373291016,1.0
2016-10-10,11.449884414672852,11.594134724482494,11.419832266795844,11.543045537307163,14760429,0.0013135591665411894,ITUB4.SA,748,29,51.93000030517578,49.810001373291016,1.0
2016-10-11,11.41081714630127,11.470921447636806,11.32967687528276,11.413822897152512,28362547,-0.0034120229477179187,ITUB4.SA,747,28,52.40999984741211,50.790000915527344,1.0
2016-10-13,11.540044784545898,11.615174644015259,11.272580041657209,11.374757379202592,34143073,0.011325011748743785,ITUB4.SA,745,26,52.029998779296875,50.439998626708984,-1.0
2016-10-14,11.759422302246094,11.813516169476536,11.61216623900102,11.648228817154648,23805576,0.01901010973492756,ITUB4.SA,744,25,51.95000076293945,50.349998474121094,-1.0
2016-10-17,12.017878532409668,12.017878532409666,11.702330234203394,11.783471623182265,28465741,0.021978650270447986,ITUB4.SA,741,22,51.52000045776367,49.939998626708984,-1.0
2016-10-18,12.184964179992676,12.23124525266022,11.87091940188022,11.999843104030026,24643089,0.013903090061395895,ITUB4.SA,740,21,51.68000030517578,50.290000915527344,-1.0
2016-10-19,11.986625671386719,12.19488845482571,11.950263025617327,12.115550506746496,15662931,-0.01627731568810209,ITUB4.SA,739,20,52.66999816894531,51.599998474121094,-1.0
2016-10-20,12.022977828979492,12.148595679506272,11.804798949426775,11.877525242611014,17454034,0.0030327265228236033,ITUB4.SA,738,19,51.380001068115234,50.43000030517578,-1.0
2016-10-21,12.003149032592773,12.089098525534746,11.910589029334513,11.973396914108141,11124587,-0.0016492416994169368,ITUB4.SA,737,18,51.779998779296875,50.849998474121094,-1.0
2016-10-24,11.900670051574707,12.095709565316563,11.87091900599264,12.092403774521983,15957625,-0.008537674633531611,ITUB4.SA,734,15,51.459999084472656,50.52000045776367,-1.0
2016-10-25,11.837858200073242,11.940335537203573,11.679182438279875,11.85769186662083,14272570,-0.005278009660737881,ITUB4.SA,733,14,50.790000915527344,49.959999084472656,-1.0
2016-10-26,11.910587310791016,11.976700976968035,11.718853606915337,11.761828882970141,17106827,0.006143772757585708,ITUB4.SA,732,13,49.97999954223633,49.18000030517578,-1.0
2016-10-27,12.165130615234375,12.284136945737002,11.91719950985652,11.930422673594409,19029301,0.021371179926009454,ITUB4.SA,731,12,50.470001220703125,49.720001220703125,-1.0
2016-10-28,12.267606735229492,12.340331978852111,12.056038298700306,12.132070404199206,16462546,0.008423758300365902,ITUB4.SA,730,11,49.709999084472656,48.70000076293945,-1.0
2016-10-31,12.694046974182129,12.839500685189833,12.555206987338739,12.614710145005635,35586680,0.034761485932542024,ITUB4.SA,727,8,48.29999923706055,46.86000061035156,-1.0
2016-11-01,12.318702697753906,12.808143508062226,12.245947939249099,12.808143508062226,30131455,-0.0295685274516172,ITUB4.SA,726,7,48.33000183105469,46.66999816894531,-1.0
2016-11-03,12.054137229919434,12.517122368709677,12.054137229919434,12.236024631582705,27774928,-0.021476731302453755,ITUB4.SA,724,5,46.349998474121094,44.65999984741211,-1.0
2016-11-04,12.153345108032227,12.378223446826576,11.991300249314778,12.083897464580117,23391408,0.008230193187659385,ITUB4.SA,723,4,45.58000183105469,44.06999969482422,-1.0
2016-11-07,12.589871406555176,12.665933200983417,12.322002121475782,12.407985159349542,19227293,0.03591820150276526,ITUB4.SA,720,1,46.150001525878906,44.88999938964844,-1.0
2016-11-08,12.619644165039062,12.81145179291021,12.447677966266188,12.58988041340939,16246880,0.0023648183148545776,ITUB4.SA,719,0,46.040000915527344,44.97999954223633,-1.0
2016-11-09,12.216180801391602,12.546884742117426,12.070671324749304,12.103742147616996,33063942,-0.0319710570576307,ITUB4.SA,718,1455,46.36000061035156,45.27000045776367,-1.0
2016-11-10,11.607695579528809,12.331936396508153,11.432422237415334,12.196348070113293,49992152,-0.049809775391788325,ITUB4.SA,717,1454,45.84000015258789,44.65999984741211,-1.0
2016-11-11,11.458873748779297,11.79288378722635,11.323285483509066,11.458873748779297,45103030,-0.01282096258726595,ITUB4.SA,716,1453,45.84000015258789,44.65999984741211,-1.0
2016-11-14,11.389421463012695,11.653983720127698,11.214148270882053,11.362964808506147,29660863,-0.0060610045358079345,ITUB4.SA,713,1450,44.43000030517578,43.31999969482422,1.0
2016-11-16,11.951619148254395,11.951619148254395,11.448950117584412,11.660600179340834,32550693,0.04936139092467906,ITUB4.SA,711,1448,46.630001068115234,45.56999969482422,-1.0
2016-11-17,11.594456672668457,12.054133515162908,11.531623193708246,12.054133515162908,26527155,-0.02988402417743563,ITUB4.SA,710,1447,46.4900016784668,45.41999816894531,-1.0
2016-11-18,11.703593254089355,11.865638179593757,11.548162494686196,11.548162494686196,15649845,0.009412824119491958,ITUB4.SA,709,1446,46.86000061035156,45.689998626708984,-1.0
2016-11-21,11.799491882324219,11.859018276450271,11.700280510789128,11.78957063797196,20891273,0.008193947461507589,ITUB4.SA,706,1443,48.900001525878906,47.4900016784668,-1.0
2016-11-22,11.8391752243042,12.014447301020033,11.680437480570621,11.971456320086395,21853190,0.0033631399026110564,ITUB4.SA,705,1442,49.119998931884766,48.029998779296875,-1.0
2016-11-23,11.730045318603516,11.87224769004009,11.617606682950798,11.769730299648662,11968728,-0.00921769495198066,ITUB4.SA,704,1441,48.95000076293945,47.959999084472656,-1.0
2016-11-24,11.607695579528809,11.77304659572409,11.568010563810192,11.766433498426194,6520301,-0.010430457491981238,ITUB4.SA,703,1440,48.95000076293945,47.959999084472656,-1.0
2016-11-25,11.528324127197266,11.574622230202285,11.415884345630353,11.465490604551775,13619283,-0.006837830281448909,ITUB4.SA,702,1439,47.2400016784668,46.060001373291016,-1.0
2016-11-28,11.773039817810059,11.816031893420716,11.43902982108226,11.531627065794213,12495063,0.021227343012976796,ITUB4.SA,699,1436,48.2400016784668,47.08000183105469,-1.0
2016-11-29,11.488635063171387,11.749891385270613,11.488635063171387,11.690364967573299,12408049,-0.024157291493096755,ITUB4.SA,698,1435,46.380001068115234,45.22999954223633,-1.0
2016-11-30,11.713518142700195,11.905325803267933,11.627535028656602,11.64076336496921,21543201,0.019574394894803948,ITUB4.SA,697,1434,50.470001220703125,49.439998626708984,-1.0
2016-12-01,11.182504653930664,11.182504653930664,11.182504653930664,11.182504653930664,40584060,-0.04533339021636773,ITUB4.SA,696,1433,50.459999084472656,51.060001373291016,1.0
2016-12-02,11.22883129119873,11.450496557614795,10.931071946089318,11.063409194484077,22441557,0.004142778268532377,ITUB4.SA,695,1432,54.459999084472656,51.68000030517578,1.0
2016-12-05,11.189125061035156,11.338005747324523,11.116339495875149,11.268527593249893,11847554,-0.0035360964230263248,ITUB4.SA,692,1429,54.939998626708984,51.790000915527344,1.0
2016-12-06,11.33799934387207,11.430634685435871,11.053474210980294,11.11964169927365,20553073,0.01330526578484248,ITUB4.SA,691,1428,53.93000030517578,50.93000030517578,1.0
2016-12-07,11.248675346374512,11.480264853736685,11.185815245309772,11.480264853736685,23717882,-0.007878285647091365,ITUB4.SA,690,1427,53.0,49.77000045776367,1.0
2016-12-08,11.182504653930664,11.38101036814322,11.146111349815508,11.38101036814322,15535639,-0.005882531978769867,ITUB4.SA,689,1426,53.88999938964844,50.84000015258789,1.0
2016-12-09,11.215587615966797,11.347924749483793,11.1494190492083,11.344616267523794,30086758,0.002958457256219793,ITUB4.SA,688,1425,54.33000183105469,51.5,1.0
2016-12-12,10.752411842346191,11.146114914490466,10.689550660588901,11.066712388923156,38592585,-0.0412975039275888,ITUB4.SA,685,1422,55.689998626708984,52.83000183105469,1.0
2016-12-13,10.802038192749023,10.957534763139291,10.676317972092091,10.689550832864994,35170812,0.004615369196275365,ITUB4.SA,684,1421,55.720001220703125,52.97999954223633,1.0
2016-12-14,10.7788724899292,10.997229042624657,10.755713120381696,10.755713120381696,25901569,-0.0021445677571640953,ITUB4.SA,683,1420,53.900001525878906,51.040000915527344,1.0
2016-12-15,10.735865592956543,10.84835183842366,10.540668368202892,10.752408003302152,29999743,-0.003989925385316284,ITUB4.SA,682,1419,54.02000045776367,50.900001525878906,1.0
2016-12-16,10.543992042541504,10.858292929759715,10.543992042541504,10.82190064700521,23767337,-0.017872201244855446,ITUB4.SA,681,1418,55.209999084472656,51.900001525878906,1.0
2016-12-19,10.259456634521484,10.666393690810379,10.259456634521484,10.586991155263906,23142431,-0.02698554844047807,ITUB4.SA,678,1415,54.91999816894531,52.119998931884766,1.0
2016-12-20,10.520820617675781,10.633306896735263,10.32231377913036,10.388483440273388,24209037,0.02547542160028704,ITUB4.SA,677,1414,55.349998474121094,52.22999954223633,1.0
2016-12-21,10.517512321472168,10.629998602530074,10.448035248479494,10.620074225624139,16264045,-0.00031445229643545236,ITUB4.SA,676,1413,54.459999084472656,52.4900016784668,1.0
2016-12-22,10.603532791137695,10.633309144947706,10.451344683215092,10.520822842105119,25601777,0.008178784776882164,ITUB4.SA,675,1412,55.04999923706055,52.95000076293945,1.0
2016-12-23,10.902854919433594,10.996873207047534,10.677880644693492,10.69467001335733,20938689,0.028228528566070832,ITUB4.SA,674,1411,55.15999984741211,53.02000045776367,1.0
2016-12-26,10.990150451660156,11.047234268717437,10.916278365095932,10.916278365095932,4838136,0.008006667324442107,ITUB4.SA,671,1408,55.15999984741211,53.02000045776367,1.0
2016-12-27,10.983439445495605,11.080815577097168,10.872630734614397,11.080815577097168,13612825,-0.0006106382432222723,ITUB4.SA,670,1407,56.09000015258789,53.900001525878906,1.0
2016-12-28,11.241983413696289,11.299066121271013,10.970000268789727,10.970000268789727,11636306,0.023539435846456458,ITUB4.SA,669,1406,56.220001220703125,54.060001373291016,1.0
2016-12-29,11.36623477935791,11.379666275357197,11.13454582717766,11.245353492268054,13063036,0.011052441645683642,ITUB4.SA,668,1405,56.13999938964844,53.77000045776367,1.0
2017-01-02,11.263762474060059,11.334307913816883,11.189857675794192,11.23688760598772,3518134,-0.009015501376405721,ITUB4.SA,664,1401,56.130001068115234,53.720001220703125,1.0
2017-01-03,11.740789413452148,11.747507044148918,11.347749759749465,11.367904829706752,28568595,0.042350585826952614,ITUB4.SA,663,1400,55.470001220703125,52.33000183105469,1.0
2017-01-04,11.791179656982422,11.834850249109419,11.660166791667857,11.690399943468524,15430610,0.004291895694214398,ITUB4.SA,662,1399,56.459999084472656,53.2599983215332,1.0
2017-01-05,11.952428817749023,12.086801066244831,11.693761313800893,11.787822323321464,24913310,0.013675405299342858,ITUB4.SA,661,1398,56.88999938964844,53.7599983215332,1.0
2017-01-06,11.992738723754883,12.049846759678092,11.82813224762301,11.93898895918373,15881997,0.003372528430874322,ITUB4.SA,660,1397,57.099998474121094,53.9900016784668,1.0
2017-01-09,12.049843788146973,12.093514372158081,11.818051252395602,11.875160363169158,18244302,0.004761636662606428,ITUB4.SA,657,1394,54.939998626708984,51.959999084472656,1.0
2017-01-10,12.009542465209961,12.204382207572678,11.949075034058376,12.127117965286136,13312693,-0.003344551485111813,ITUB4.SA,656,1393,53.63999938964844,50.81999969482422,1.0
2017-01-11,12.033048629760742,12.143905319050509,11.908753413094326,12.090156654211029,13097536,0.001957290597778938,ITUB4.SA,655,1392,55.099998474121094,52.25,1.0
2017-01-12,12.338763236999512,12.37907452327194,12.194312737042827,12.29509258612646,24436430,0.02540624713197448,ITUB4.SA,654,1391,56.0099983215332,53.0099983215332,1.0
2017-01-13,12.086795806884766,12.402570126766056,12.002812915885148,12.295072810318512,11838547,-0.020420801118801513,ITUB4.SA,653,1390,55.45000076293945,52.369998931884766,1.0
2017-01-16,12.096881866455078,12.133834845334947,11.992743831116385,12.086804870240128,6335566,0.0008344692614536964,ITUB4.SA,650,1387,55.45000076293945,52.369998931884766,1.0
2017-01-17,12.422734260559082,12.449609151398244,12.022976792930463,12.059928678900322,17689925,0.02693689148172962,ITUB4.SA,649,1386,55.470001220703125,52.47999954223633,1.0
2017-01-18,12.325315475463867,12.479843940047036,12.268207413926817,12.479843940047036,13666699,-0.00784197609414461,ITUB4.SA,648,1385,53.91999816894531,51.08000183105469,1.0
2017-01-19,12.258127212524414,12.466405429832895,12.15734855401664,12.332032070265956,14702204,-0.005451240828131754,ITUB4.SA,647,1384,54.15999984741211,51.369998931884766,1.0
2017-01-20,12.295079231262207,12.409295325752241,12.19765885259681,12.325312390893636,18337605,0.0030144913735303813,ITUB4.SA,646,1383,55.4900016784668,52.41999816894531,1.0
2017-01-23,12.708268165588379,12.708268165588379,12.244683104145922,12.278276697989586,22194280,0.03360604080334628,ITUB4.SA,643,1380,55.22999954223633,52.75,1.0
2017-01-24,12.678033828735352,12.748579280244694,12.506708694098416,12.6477995971171,19308529,-0.002379107558880156,ITUB4.SA,642,1379,55.439998626708984,53.18000030517578,1.0
2017-01-26,12.849364280700684,12.94342529258655,12.745226275517927,12.765381351045493,23296406,0.013513960782862267,ITUB4.SA,640,1377,56.2400016784668,53.779998779296875,1.0
2017-01-27,12.782170295715332,12.960214127787108,12.748577797867696,12.899745671581744,15538358,-0.005229362598605292,ITUB4.SA,639,1376,55.52000045776367,53.16999816894531,1.0
2017-01-30,12.510071754455566,12.762020492350665,12.43280756194909,12.714989451474114,11864379,-0.02128735065836007,ITUB4.SA,636,1373,55.22999954223633,52.630001068115234,1.0
2017-01-31,12.510071754455566,12.587335946962044,12.375699529818277,12.51679047458079,19136200,0.0,ITUB4.SA,635,1372,55.70000076293945,52.810001373291016,1.0
2017-02-01,12.642818450927734,12.720113782057343,12.572244547667868,12.619293453383637,23350960,0.010611185857098526,ITUB4.SA,634,1371,55.65999984741211,53.880001068115234,1.0
2017-02-02,12.605854988098145,12.713395683430731,12.303395012244584,12.528559636727286,24467701,-0.0029236726741794783,ITUB4.SA,633,1370,56.560001373291016,53.540000915527344,1.0
2017-02-03,12.867981910705566,12.978884371654077,12.57896489463149,12.599129176508008,23920122,0.020794061398842878,ITUB4.SA,632,1369,56.810001373291016,53.83000183105469,1.0
2017-02-06,12.773884773254395,13.002410064473045,12.757082292087457,12.871344393010542,14699315,-0.007312501533195959,ITUB4.SA,629,1366,55.720001220703125,53.0099983215332,1.0
2017-02-07,13.022568702697754,13.291421357267385,12.982240150889101,13.214126055672814,38537182,0.019468151925406962,ITUB4.SA,628,1365,55.04999923706055,52.16999816894531,1.0
2017-02-08,13.358640670776367,13.358640670776367,12.95199973285625,13.032655777655508,32613914,0.025806887700196457,ITUB4.SA,627,1364,55.119998931884766,52.34000015258789,-1.0
2017-02-09,13.4191312789917,13.607327974437524,13.237654921443644,13.338475241122822,33721139,0.004528200863106013,ITUB4.SA,626,1363,55.630001068115234,53.0,-1.0
2017-02-10,13.462831497192383,13.526684023944298,13.308240710583194,13.422502897534349,35535695,0.0032565608974328697,ITUB4.SA,625,1362,56.70000076293945,53.86000061035156,-1.0
2017-02-13,13.398974418640137,13.600614080310862,13.264547977526318,13.509875851278508,15126399,-0.0047432130874967005,ITUB4.SA,622,1359,55.59000015258789,52.93000030517578,-1.0
2017-02-14,13.442656517028809,13.509869707017296,13.301508709115742,13.398968324816645,21526206,0.003260107604049489,ITUB4.SA,621,1358,55.970001220703125,53.20000076293945,-1.0
2017-02-15,14.007248878479004,14.007248878479004,13.506509032029587,13.556919741695769,43222533,0.04200005859965139,ITUB4.SA,620,1357,55.75,53.11000061035156,-1.0
2017-02-16,13.735036849975586,14.114792152703895,13.694709364170368,13.896348971941745,28074720,-0.019433654021929314,ITUB4.SA,619,1356,55.650001525878906,53.36000061035156,-1.0
2017-02-17,13.728318214416504,13.778727850274155,13.54348106731716,13.63085856834379,15904430,-0.0004891603591943294,ITUB4.SA,618,1355,55.810001373291016,53.400001525878906,-1.0
2017-02-20,13.792167663574219,13.89634872489225,13.735036605793903,13.798890182023658,7429024,0.004650930154770583,ITUB4.SA,615,1352,55.810001373291016,53.400001525878906,-1.0
2017-02-21,13.992688179016113,14.037217700526979,13.838544794460349,13.978985335784376,15926864,0.014538723740393555,ITUB4.SA,614,1351,56.65999984741211,54.060001373291016,-1.0
2017-02-22,14.033791542053223,14.050918707268872,13.865947543641996,13.958433125455434,16952682,0.002937488673459443,ITUB4.SA,613,1350,55.84000015258789,53.59000015258789,-1.0
2017-02-23,13.821412086486816,14.21875548667707,13.725501112835456,14.115994760233304,27570648,-0.01513343382150123,ITUB4.SA,612,1349,56.58000183105469,54.45000076293945,-1.0
2017-02-24,13.711803436279297,13.831692466339923,13.602191814319152,13.667273923048786,10750527,-0.007930351075682296,ITUB4.SA,611,1348,55.9900016784668,53.9900016784668,-1.0
2017-03-01,13.689536094665527,13.850589630367235,13.644989868325075,13.785483094592268,14542791,-0.0016239542608125213,ITUB4.SA,606,1343,55.599998474121094,53.83000183105469,-1.0
2017-03-02,13.549036026000977,13.706662763860535,13.46337033482118,13.638129544456437,14514749,-0.010263318471346872,ITUB4.SA,605,1342,55.08000183105469,52.61000061035156,-1.0
2017-03-03,13.795758247375488,13.795758247375488,13.562744823904419,13.638131487063669,10726224,0.01820957748588503,ITUB4.SA,604,1341,55.900001525878906,53.33000183105469,-1.0
2017-03-06,13.740928649902344,13.864288211193651,13.593582075283894,13.710088204196017,14110098,-0.003974380856055948,ITUB4.SA,601,1338,56.0099983215332,53.20000076293945,-1.0
2017-03-07,13.511347770690918,13.802614328191929,13.42568094011401,13.802614328191929,13099406,-0.016707813937528737,ITUB4.SA,600,1337,55.91999816894531,53.13999938964844,-1.0
2017-03-08,13.35714340209961,13.538757157807103,13.27833003217692,13.535330441255374,14638473,-0.011412952372213514,ITUB4.SA,599,1336,53.11000061035156,50.279998779296875,-1.0
2017-03-09,13.398271560668945,13.48393841913456,13.226938954505552,13.312605812971167,15190640,0.0030791133501546497,ITUB4.SA,598,1335,52.189998626708984,49.279998779296875,-1.0
2017-03-10,13.405119895935059,13.658693656047017,13.316026352610995,13.466800810306077,15942329,0.0005111357263587468,ITUB4.SA,597,1334,51.369998931884766,48.4900016784668,-1.0
2017-03-13,13.648420333862305,13.696393291613257,13.456527392090534,13.48736675394187,11098924,0.018149814385548524,ITUB4.SA,594,1331,51.349998474121094,48.400001525878906,-1.0
2017-03-14,13.514784812927246,13.77521111049623,13.514784812927248,13.586744827862711,14875383,-0.009791281164128862,ITUB4.SA,593,1330,50.91999816894531,47.720001220703125,-1.0
2017-03-15,13.644993782043457,13.716953774936485,13.364007248915254,13.603874262148006,24308288,0.00963455733247498,ITUB4.SA,592,1329,51.810001373291016,48.86000061035156,-1.0
2017-03-16,13.47022533416748,13.699812034636233,13.363998220817042,13.655264714844952,23336684,-0.012808246794950406,ITUB4.SA,591,1328,51.7400016784668,48.75,-1.0
2017-03-17,13.083013534545898,13.60729351235253,13.0830135345459,13.603866795011497,33753599,-0.02874575517600375,ITUB4.SA,590,1327,51.7599983215332,48.779998779296875,1.0
2017-03-20,13.226926803588867,13.285179858385607,12.956219601799853,13.038459665946291,20169326,0.011000009184654935,ITUB4.SA,587,1324,51.619998931884766,48.220001220703125,-1.0
2017-03-21,12.942524909973145,13.261205319369695,12.75063198702718,13.185818615575235,27096828,-0.02150173640777653,ITUB4.SA,586,1323,50.959999084472656,47.34000015258789,1.0
2017-03-22,13.048750877380371,13.220084582196879,12.856857972169374,12.884270609617943,14593436,0.008207515005466348,ITUB4.SA,585,1322,50.63999938964844,48.040000915527344,1.0
2017-03-23,12.976791381835938,13.079590719935926,12.853431731808834,12.870564214313635,14751660,-0.005514665443507982,ITUB4.SA,584,1321,50.560001373291016,47.70000076293945,1.0
2017-03-24,13.117280960083008,13.15840046168039,12.92196138365234,13.021333975332468,11084139,0.010826218447475222,ITUB4.SA,583,1320,50.79999923706055,47.970001220703125,1.0
2017-03-27,13.213231086730957,13.226937960778526,12.911684300755475,13.007631308320697,10561542,0.007314787793288424,ITUB4.SA,580,1317,50.75,47.72999954223633,1.0
2017-03-28,13.168681144714355,13.257773579373707,13.01790779422823,13.144694121892833,16415980,-0.0033716160509248416,ITUB4.SA,579,1316,51.33000183105469,48.369998931884766,1.0
2017-03-29,13.36400318145752,13.429109716090867,13.124136241230485,13.130989677588483,13415683,0.014832315749520708,ITUB4.SA,578,1315,52.41999816894531,49.5099983215332,-1.0
2017-03-30,13.206377983093262,13.449671671276118,13.134418003294702,13.449671671276118,17325382,-0.011794759117010778,ITUB4.SA,577,1314,52.959999084472656,50.349998474121094,1.0
2017-03-31,12.987069129943848,13.230362777003696,12.987069129943848,13.113855475118765,16325906,-0.01660628322392199,ITUB4.SA,576,1313,52.83000183105469,50.599998474121094,1.0
2017-04-03,13.204745292663574,13.221885662426187,12.957927301703316,13.02306070680124,19260773,0.016760992071555014,ITUB4.SA,573,1310,53.119998931884766,50.2400016784668,1.0
2017-04-04,13.273310661315918,13.314447564244789,13.105337196771423,13.156758325432515,16438243,0.0051924794558846354,ITUB4.SA,572,1309,54.16999816894531,51.029998779296875,-1.0
2017-04-05,13.029922485351562,13.362441385967394,12.937366663158098,13.341872931609872,15706439,-0.018336659344054373,ITUB4.SA,571,1308,54.36000061035156,51.150001525878906,1.0
2017-04-06,12.92707347869873,13.1019029971814,12.827660462729202,12.992205761159136,17476298,-0.007893293821851666,ITUB4.SA,570,1307,54.88999938964844,51.70000076293945,1.0
2017-04-07,13.02649974822998,13.184189073847525,12.8550992252959,12.927087733842333,15351243,0.007691320831051618,ITUB4.SA,569,1306,55.2400016784668,52.2400016784668,1.0
2017-04-10,13.002498626708984,13.112194824462474,12.855093597022467,13.026494044913251,22004616,-0.001842484319262927,ITUB4.SA,566,1303,55.97999954223633,53.08000183105469,1.0
2017-04-11,12.978499412536621,13.139616711415167,12.779674400733006,13.060772099436463,19661345,-0.0018457386431147693,ITUB4.SA,565,1302,56.22999954223633,53.400001525878906,1.0
2017-04-12,12.961360931396484,13.098482837066015,12.879088232477804,12.978501308506125,21652479,-0.0013205287140962696,ITUB4.SA,564,1301,55.86000061035156,53.11000061035156,1.0
2017-04-13,12.72482681274414,12.985356072148447,12.724826812744142,12.889371081795952,15123510,-0.018249173053994983,ITUB4.SA,563,1300,55.88999938964844,53.18000030517578,1.0
2017-04-17,13.293878555297852,13.317875081000059,12.762534693201376,12.803671594405161,18165445,0.044719802550380994,ITUB4.SA,559,1296,55.36000061035156,52.650001525878906,-1.0
2017-04-18,13.245881080627441,13.352150262042711,13.10533227086368,13.228741822056755,19971504,-0.003610494444548862,ITUB4.SA,558,1295,54.88999938964844,52.40999984741211,-1.0
2017-04-19,13.129326820373535,13.335009004459735,13.07790682995546,13.317868637251394,14120975,-0.008799283305084948,ITUB4.SA,557,1294,52.93000030517578,50.439998626708984,1.0
2017-04-20,12.937355041503906,13.283584822798096,12.88936202444859,13.197884117834578,16887421,-0.014621601053584454,ITUB4.SA,556,1293,52.9900016784668,50.27000045776367,1.0
2017-04-24,13.187607765197754,13.283592745348699,13.081339672180059,13.197891989271858,21389907,0.019343422429934032,ITUB4.SA,552,1289,51.599998474121094,49.22999954223633,1.0
2017-04-25,13.273310661315918,13.300735263268498,13.040204878341576,13.129333723479933,13224999,0.0064987447036706225,ITUB4.SA,551,1288,52.099998474121094,49.560001373291016,-1.0
2017-04-26,13.297307014465332,13.465280476817403,13.177326604903866,13.177326604903866,14693027,0.001807864952588556,ITUB4.SA,550,1287,51.81999969482422,49.619998931884766,-1.0
2017-04-27,13.372725486755371,13.544127049032685,13.345300881204544,13.424145510955494,41058730,0.005671710234861571,ITUB4.SA,549,1286,51.439998626708984,48.970001220703125,-1.0
2017-04-28,13.458419799804688,13.49612750310715,13.263021801578283,13.369290985807305,18621761,0.006408141192622896,ITUB4.SA,548,1285,51.72999954223633,49.33000183105469,-1.0
2017-05-02,13.734480857849121,13.768774701261064,13.545868053979074,13.580160785759139,37004233,0.020512144973248603,ITUB4.SA,544,1281,50.459999084472656,47.65999984741211,-1.0
2017-05-03,13.508152961730957,13.803075746168195,13.388126660765122,13.799646359761597,32877507,-0.016478809680587236,ITUB4.SA,543,1280,50.790000915527344,47.81999969482422,-1.0
2017-05-04,13.065763473510742,13.56301651889364,13.02118257998078,13.494429930276416,22975370,-0.03274981335150107,ITUB4.SA,542,1279,48.380001068115234,45.52000045776367,1.0
2017-05-05,13.27151870727539,13.305812545689058,13.010889981858385,13.130916193042788,19536772,0.015747662521351513,ITUB4.SA,541,1278,49.099998474121094,46.220001220703125,-1.0
2017-05-08,13.30238151550293,13.401832522962476,13.172066057290964,13.172066057290964,13822373,0.0023254918226216503,ITUB4.SA,538,1275,49.34000015258789,46.43000030517578,-1.0
2017-05-09,13.336676597595215,13.4086925504605,13.274948796800937,13.36754105380824,9159625,0.0025781159600870573,ITUB4.SA,537,1274,48.72999954223633,45.880001068115234,-1.0
2017-05-10,13.401834487915039,13.504713782243918,13.336676193439878,13.477279822517696,13648004,0.004885616730900821,ITUB4.SA,536,1273,50.220001220703125,47.33000183105469,-1.0
2017-05-11,13.631608009338379,13.683047687195801,13.384695554684434,13.456711548337784,14431984,0.01714493054145194,ITUB4.SA,535,1272,50.77000045776367,47.83000183105469,-1.0
2017-05-12,13.761921882629395,13.785926471764407,13.60760174381816,13.713911592727012,31983570,0.009559684609603103,ITUB4.SA,534,1271,50.84000015258789,47.84000015258789,-1.0
2017-05-15,13.820215225219727,13.868225497388517,13.672753912524213,13.768775568493739,16124516,0.004235843153848284,ITUB4.SA,531,1268,51.81999969482422,48.849998474121094,-1.0
2017-05-16,13.80307388305664,13.868231104354662,13.66933005451689,13.837367742493702,18406604,-0.0012403093500169549,ITUB4.SA,530,1267,51.650001525878906,48.65999984741211,-1.0
2017-05-17,13.521867752075195,13.761921416724899,13.42241667818104,13.659040957122935,23234714,-0.020372717944125984,ITUB4.SA,529,1266,52.209999084472656,49.06999969482422,-1.0
2017-05-18,11.89293384552002,12.325030921435024,10.87099238492168,10.87099238492168,118871187,-0.12046663496654775,ITUB4.SA,528,1265,52.5099983215332,49.349998474121094,1.0
2017-05-19,12.201569557189941,12.489633398995915,12.050677755885216,12.259867980101742,49512213,0.025951183759941765,ITUB4.SA,527,1264,53.61000061035156,50.33000183105469,1.0
2017-05-22,11.961517333984375,12.091831732042603,11.779762164351569,12.06782715027315,40695037,-0.019673880649568765,ITUB4.SA,524,1261,53.869998931884766,50.72999954223633,1.0
2017-05-23,12.15013599395752,12.273592793367447,12.012962760508753,12.05754367230821,32435297,0.015768790422370005,ITUB4.SA,523,1260,54.150001525878906,51.470001220703125,1.0
2017-05-24,12.249584197998047,12.472490927662765,12.180997597457543,12.180997597457543,32488831,0.008184945756161577,ITUB4.SA,522,1259,53.959999084472656,51.36000061035156,1.0
2017-05-25,12.019819259643555,12.383328593010157,11.940944498585791,12.338747689643743,36872182,-0.018756958166142756,ITUB4.SA,521,1258,51.459999084472656,48.900001525878906,1.0
2017-05-26,12.345597267150879,12.407326170582714,12.143266974130258,12.146696357654248,30849493,0.027103403176878205,ITUB4.SA,520,1257,52.150001525878906,49.79999923706055,1.0
2017-05-29,12.345597267150879,12.345597267150879,12.345597267150879,12.345597267150879,0,0.0,ITUB4.SA,517,1254,52.150001525878906,49.79999923706055,1.0
2017-05-30,12.32160758972168,12.373047293135452,12.253020947958998,12.273597273977689,9089095,-0.001943176738239405,ITUB4.SA,516,1253,51.84000015258789,49.65999984741211,1.0
2017-05-31,12.19128704071045,12.42105145420494,12.18099888279892,12.301025168501932,22167088,-0.010576586542160316,ITUB4.SA,515,1252,50.310001373291016,48.31999969482422,1.0
2017-06-01,12.052337646484375,12.289061772522013,11.994014601197204,12.241030113496139,15306716,-0.011397434394094685,ITUB4.SA,514,1251,50.33000183105469,48.36000061035156,1.0
2017-06-02,12.172414779663086,12.241030324495675,12.052337854231407,12.172414779663086,15952186,0.009962974544920566,ITUB4.SA,513,1250,49.95000076293945,47.65999984741211,1.0
2017-06-05,12.158689498901367,12.313074728047814,12.076350635883179,12.103797294256319,14381338,-0.0011275725490926813,ITUB4.SA,510,1247,49.470001220703125,47.400001525878906,1.0
2017-06-06,12.354248046875,12.409141383364394,12.110663314609841,12.148401371344669,21311050,0.016083850812318445,ITUB4.SA,509,1246,50.119998931884766,48.189998626708984,1.0
2017-06-07,12.556663513183594,12.61498656419146,12.446877965314522,12.470893797183084,17655255,0.01638428057625041,ITUB4.SA,508,1245,48.060001373291016,45.720001220703125,1.0
2017-06-08,12.426288604736328,12.518919954469856,12.319935039424706,12.515489122550054,15610247,-0.010382926030500172,ITUB4.SA,507,1244,47.86000061035156,45.63999938964844,1.0
2017-06-09,12.230738639831543,12.51892416972557,12.213584474456546,12.488047784152057,18519111,-0.015736795685740823,ITUB4.SA,506,1243,48.150001525878906,45.83000183105469,1.0
2017-06-12,12.230738639831543,12.24789280520654,12.066060876434532,12.19643142118303,16405953,0.0,ITUB4.SA,503,1240,48.290000915527344,46.08000183105469,1.0
2017-06-13,12.381694793701172,12.395418127910617,12.247894509362363,12.254756176467085,17368210,0.012342357915981816,ITUB4.SA,502,1239,48.720001220703125,46.459999084472656,1.0
2017-06-14,12.491480827331543,12.628711950408714,12.412572764746917,12.44687998946537,35138352,0.008866801795681667,ITUB4.SA,501,1238,47.0,44.72999954223633,1.0
2017-06-15,12.491480827331543,12.491480827331543,12.491480827331543,12.491480827331543,0,0.0,ITUB4.SA,500,1237,46.91999816894531,44.459999084472656,1.0
2017-06-16,12.402274131774902,12.453735499459919,12.289058900447639,12.446873835488432,28458807,-0.007141402751982384,ITUB4.SA,499,1236,47.369998931884766,44.7400016784668,1.0
2017-06-19,12.467459678649902,12.553229372048492,12.319936117392668,12.402274978571265,10294211,0.0052559350150140904,ITUB4.SA,496,1233,46.90999984741211,44.20000076293945,1.0
2017-06-20,12.192994117736816,12.470888138385469,12.15868691416477,12.4194267769769,19120734,-0.022014553725254737,ITUB4.SA,495,1232,46.02000045776367,43.22999954223633,1.0
2017-06-21,12.206719398498535,12.295918801202149,12.096933892869448,12.265042427066613,12724326,0.0011256694319037308,ITUB4.SA,494,1231,44.81999969482422,42.529998779296875,1.0
2017-06-22,12.217013359069824,12.31993722280325,12.175844480837238,12.251321684348069,15328640,0.0008433027937511106,ITUB4.SA,493,1230,45.220001220703125,42.7400016784668,1.0
2017-06-23,12.175847053527832,12.28220177226126,12.148400387505905,12.220446773711924,11222988,-0.003369588321799677,ITUB4.SA,492,1229,45.540000915527344,43.0099983215332,1.0
2017-06-26,12.518919944763184,12.553228263934596,12.21358035254205,12.282196990884874,16999928,0.028176511229742296,ITUB4.SA,489,1226,45.83000183105469,43.380001068115234,1.0
2017-06-27,12.405710220336914,12.563525222247444,12.313078829572992,12.51206383275709,17320624,-0.009043090372474749,ITUB4.SA,488,1225,46.650001525878906,44.2400016784668,1.0
2017-06-28,12.402274131774902,12.48804381931735,12.261612244561695,12.48804381931735,12994207,-0.00027697636821943927,ITUB4.SA,487,1224,47.310001373291016,44.7400016784668,1.0
2017-06-29,12.525778770446777,12.525778770446776,12.3576702687999,12.488040740010193,13009672,0.009958225189963699,ITUB4.SA,486,1223,47.41999816894531,44.93000030517578,1.0
2017-06-30,12.608124732971191,12.683601948611871,12.529216684251322,12.570386681201594,14216317,0.006574119185204008,ITUB4.SA,485,1222,47.91999816894531,46.040000915527344,1.0
2017-07-03,12.726534843444824,12.73339931160982,12.623570046081143,12.675052444762983,8302737,0.009391571941224752,ITUB4.SA,482,1219,49.68000030517578,47.06999969482422,1.0
2017-07-04,12.675053596496582,12.757426109405772,12.664758005869187,12.69907923725718,4127235,-0.004045189643649083,ITUB4.SA,481,1218,49.68000030517578,47.06999969482422,1.0
2017-07-05,12.709378242492676,12.781454065273863,12.572091066962408,12.705946007476623,11523289,0.0027080474046738967,ITUB4.SA,480,1217,47.790000915527344,45.130001068115234,1.0
2017-07-06,12.53089427947998,12.699071436383708,12.489708604603067,12.67161357809574,17977990,-0.014043485023991997,ITUB4.SA,479,1216,48.11000061035156,45.52000045776367,1.0
2017-07-07,12.41077709197998,12.651029070533893,12.338701275902643,12.651029070533893,27025958,-0.009585683577005177,ITUB4.SA,478,1215,46.709999084472656,44.22999954223633,1.0
2017-07-10,12.510307312011719,12.561790822747513,12.417639217798502,12.421071451847554,11898709,0.008019660597728073,ITUB4.SA,475,1212,46.880001068115234,44.400001525878906,1.0
2017-07-11,12.699081420898438,12.740268240713077,12.469125014601095,12.527471896782592,14048746,0.015089486147591868,ITUB4.SA,474,1211,47.52000045776367,45.040000915527344,1.0
2017-07-12,12.8363618850708,12.911869902703895,12.52060088177689,12.767718333818472,37422480,0.010810267264405926,ITUB4.SA,473,1210,47.7400016784668,45.4900016784668,1.0
2017-07-13,12.870684623718262,12.939328177139888,12.798608836997788,12.884412444358295,15281564,0.0026738681064593095,ITUB4.SA,472,1209,48.41999816894531,46.08000183105469,1.0
2017-07-14,12.898146629333496,12.94963014977895,12.736834936271864,12.939333445689858,15371467,0.0021336864679775136,ITUB4.SA,471,1208,48.90999984741211,46.540000915527344,1.0
2017-07-17,12.774582862854004,12.880980979722391,12.716236010886654,12.85009088085744,13381183,-0.00957996292261698,ITUB4.SA,468,1205,48.41999816894531,46.02000045776367,1.0
2017-07-18,12.788312911987305,12.815769667486432,12.68191478583132,12.767719510946385,13155149,0.0010747943225000167,ITUB4.SA,467,1204,48.84000015258789,46.400001525878906,1.0
2017-07-19,12.60297679901123,12.884415547069015,12.59611233076049,12.884415547069015,14027163,-0.014492616363988575,ITUB4.SA,466,1203,49.70000076293945,47.119998931884766,1.0
2017-07-20,12.61670207977295,12.723100194274497,12.572084161626995,12.602973147249482,16220028,0.001089050704496719,ITUB4.SA,465,1202,49.29999923706055,46.790000915527344,1.0
2017-07-21,12.620136260986328,12.681915354323023,12.544628233006929,12.596110625361593,13100595,0.00027219325554850293,ITUB4.SA,464,1201,48.060001373291016,45.77000045776367,1.0
2017-07-24,12.699081420898438,12.743700475697631,12.5995477189023,12.661327948624262,9780452,0.006255491880555963,ITUB4.SA,461,1198,48.599998474121094,46.34000015258789,1.0
2017-07-25,12.729964256286621,12.856955776639282,12.647591769117863,12.750557656217653,18718632,0.002431895218606872,ITUB4.SA,460,1197,50.20000076293945,47.88999938964844,1.0
2017-07-26,12.671612739562988,12.78830751700964,12.63385929947037,12.733391804067704,13775637,-0.004583792660283081,ITUB4.SA,459,1196,50.970001220703125,48.75,1.0
2017-07-27,12.685357093811035,12.82950879046918,12.6167134817146,12.774594123303295,14378109,0.001084657062248695,ITUB4.SA,458,1195,51.4900016784668,49.040000915527344,1.0
2017-07-28,12.733403205871582,12.77802226258991,12.572091492327038,12.616709436489408,12302680,0.0037875253889374516,ITUB4.SA,457,1194,52.52000045776367,49.709999084472656,1.0
2017-07-31,12.808897972106934,12.850084750946094,12.675043165989276,12.802034621521878,15820815,0.005928875809142697,ITUB4.SA,454,1191,52.650001525878906,50.16999816894531,1.0
2017-08-01,13.21921443939209,13.305053653193712,13.01320099406977,13.054403237933188,28473083,0.032033705645768684,ITUB4.SA,453,1190,52.630001068115234,49.15999984741211,1.0
2017-08-02,13.356559753417969,13.40462923027862,13.099042075300796,13.174580460654834,23083968,0.010389824195347286,ITUB4.SA,452,1189,52.36000061035156,49.59000015258789,1.0
2017-08-03,13.325657844543457,13.41493068825208,13.270720025028718,13.342824800138986,15013552,-0.002313612894712991,ITUB4.SA,451,1188,52.0099983215332,49.029998779296875,1.0
2017-08-04,13.291321754455566,13.40119628087165,13.243252275212624,13.390895439676127,7430214,-0.0025766900582661068,ITUB4.SA,450,1187,52.41999816894531,49.58000183105469,1.0
2017-08-07,13.500767707824707,13.507634934705845,13.246684765233548,13.301621467279915,15552804,0.0157580981965868,ITUB4.SA,447,1184,52.369998931884766,49.38999938964844,1.0
2017-08-08,13.665576934814453,13.761716984132462,13.43552820684078,13.493899626821134,31811750,0.012207396687095473,ITUB4.SA,446,1183,52.13999938964844,49.16999816894531,1.0
2017-08-09,13.579739570617676,13.600341251058804,13.46299894079006,13.562572616586126,11740146,-0.006281283593530418,ITUB4.SA,445,1182,52.70000076293945,49.560001373291016,1.0
2017-08-10,13.408068656921387,13.579746070427635,13.356565544169838,13.579746070427635,11501196,-0.012641694106397372,ITUB4.SA,444,1181,51.900001525878906,48.59000015258789,1.0
2017-08-11,13.476730346679688,13.538534261023509,13.298184715906453,13.377156693402021,12700023,0.005120923192980298,ITUB4.SA,443,1180,52.099998474121094,48.81999969482422,1.0
2017-08-14,13.720520973205566,13.792625770539859,13.493906849871935,13.493906849871935,16585250,0.01808974582517653,ITUB4.SA,440,1177,50.72999954223633,47.59000015258789,1.0
2017-08-15,13.779135704040527,13.931736268017362,13.737517879423555,13.858904231766088,15274426,0.004272048484851965,ITUB4.SA,439,1176,50.79999923706055,47.54999923706055,1.0
2017-08-16,13.806873321533203,13.893578288306403,13.650804606187059,13.89011004466635,20010252,0.0020130157717035413,ITUB4.SA,438,1175,50.27000045776367,46.779998779296875,1.0
2017-08-17,13.69589614868164,13.796474130400776,13.616128761387113,13.768729294367885,17032049,-0.008037820748198143,ITUB4.SA,437,1174,51.029998779296875,47.09000015258789,1.0
2017-08-18,13.82768440246582,13.90398464725291,13.67855215693779,13.695892252940327,10935602,0.009622462988438052,ITUB4.SA,436,1173,52.720001220703125,48.5099983215332,1.0
2017-08-21,13.727102279663086,13.900512180839833,13.661206787030611,13.827680202222059,15204576,-0.00727396720052409,ITUB4.SA,433,1170,51.65999984741211,47.369998931884766,1.0
2017-08-22,14.018441200256348,14.1120827103496,13.810349830004819,13.8311593042986,17253833,0.021223628604041478,ITUB4.SA,432,1169,51.869998931884766,47.63999938964844,1.0
2017-08-23,14.171040534973145,14.198786498293229,14.004568127738626,14.112081487146629,11947315,0.010885613638270009,ITUB4.SA,431,1168,52.56999969482422,48.40999984741211,1.0
2017-08-24,14.288957595825195,14.340980144961199,14.16063478331642,14.191847863106627,16785281,0.008320988184391975,ITUB4.SA,430,1167,52.040000915527344,47.43000030517578,1.0
2017-08-25,14.247323036193848,14.347899771365011,14.153680534197692,14.323623209889472,11163845,-0.0029137576588170733,ITUB4.SA,429,1166,52.40999984741211,47.869998931884766,1.0
2017-08-28,14.122478485107422,14.278547194809134,14.077392443645435,14.264674220750662,14980242,-0.008762667258212065,ITUB4.SA,426,1163,51.88999938964844,46.56999969482422,1.0
2017-08-29,14.250800132751465,14.250800132751467,13.952535710720914,14.011494721632731,11918253,0.009086340459244502,ITUB4.SA,425,1162,52.0,46.439998626708984,1.0
2017-08-30,14.1745023727417,14.288953295470337,14.094733888484816,14.288953295470337,11595008,-0.005353928151333509,ITUB4.SA,424,1161,50.86000061035156,45.959999084472656,1.0
2017-08-31,13.994153022766113,14.216117192180258,13.952534108622809,14.198775977953881,13738927,-0.012723504870436053,ITUB4.SA,423,1160,52.380001068115234,47.22999954223633,1.0
2017-09-01,14.28731632232666,14.380992528764986,14.093025972533567,14.103433440230884,17304818,0.020948984842714014,ITUB4.SA,422,1159,52.31999969482422,47.290000915527344,1.0
2017-09-04,14.214468955993652,14.301206171992032,14.19018222061316,14.19018222061316,6714384,-0.005098743857106958,ITUB4.SA,419,1156,52.31999969482422,47.290000915527344,1.0
2017-09-05,14.221406936645508,14.467740431316171,14.051402051263912,14.405288830823723,26047216,0.0004880928491479697,ITUB4.SA,418,1155,53.380001068115234,48.65999984741211,1.0
2017-09-06,14.603050231933594,14.710604643301664,14.322021398867152,14.328961590352947,24403970,0.026835832557795092,ITUB4.SA,417,1154,54.20000076293945,49.15999984741211,1.0
2017-09-07,14.603050231933594,14.603050231933594,14.603050231933594,14.603050231933594,0,0.0,ITUB4.SA,416,1153,54.4900016784668,49.09000015258789,1.0
2017-09-08,14.585700988769531,14.686316322425936,14.5059028533826,14.568353323544972,13413303,-0.0011880561176269566,ITUB4.SA,415,1152,53.779998779296875,47.47999954223633,1.0
2017-09-11,14.83203125,14.96387122787223,14.651617820014778,14.662026416896133,16305512,0.016888476009492726,ITUB4.SA,412,1149,53.84000015258789,48.06999969482422,1.0
2017-09-12,14.790403366088867,14.932650867929173,14.724482228532777,14.759177564088613,12668073,-0.002806620563932105,ITUB4.SA,411,1148,54.27000045776367,48.22999954223633,1.0
2017-09-13,14.894485473632812,14.984692211439768,14.682847324123548,14.82162640168221,15291251,0.007037137863500131,ITUB4.SA,410,1147,55.15999984741211,49.29999923706055,1.0
2017-09-14,14.859795570373535,15.002045357715026,14.773058334051745,14.807753678439058,11418430,-0.0023290434114483505,ITUB4.SA,409,1146,55.470001220703125,49.88999938964844,1.0
2017-09-15,15.137357711791992,15.199808218430357,14.814695448739293,14.915310841162976,34544376,0.01867873216047755,ITUB4.SA,408,1145,55.619998931884766,49.88999938964844,1.0
2017-09-18,15.244911193847656,15.29695309192465,15.09919185486814,15.116539529109346,16519309,0.0071051688216285935,ITUB4.SA,405,1142,55.47999954223633,49.90999984741211,1.0
2017-09-19,15.189386367797852,15.244898880532222,14.998565479210617,15.237958691794706,15645766,-0.003642187569594557,ITUB4.SA,404,1141,55.13999938964844,49.47999954223633,1.0
2017-09-20,15.029792785644531,15.272656697622645,14.863257467451202,15.18938903852598,14446089,-0.010506914386723687,ITUB4.SA,403,1140,56.290000915527344,50.40999984741211,1.0
2017-09-21,15.050620079040527,15.255319269135967,14.93959608421034,15.099192444164979,14253536,0.0013857339015270753,ITUB4.SA,402,1139,56.43000030517578,50.54999923706055,1.0
2017-09-22,15.102642059326172,15.199787786090155,14.939576379465441,15.074886940711599,10077525,0.003456467574920019,ITUB4.SA,401,1138,56.86000061035156,50.65999984741211,1.0
2017-09-25,14.953471183776855,15.123476114116725,14.884081622858908,14.98816652655905,10064948,-0.009877137719568774,ITUB4.SA,398,1135,59.02000045776367,52.220001220703125,1.0
2017-09-26,14.981217384338379,15.175507799334659,14.939583000995519,15.057545962487932,17545638,0.0018555023258830516,ITUB4.SA,397,1134,58.439998626708984,51.880001068115234,1.0
2017-09-27,14.991631507873535,15.120001987888612,14.83550476206229,15.07489918061594,21683070,0.0006951453455339429,ITUB4.SA,396,1133,57.900001525878906,52.13999938964844,1.0
2017-09-28,14.911834716796875,15.026327074267135,14.859791713722936,14.981224262915925,13869109,-0.005322755634351806,ITUB4.SA,395,1132,57.40999984741211,51.560001373291016,1.0
2017-09-29,15.040199279785156,15.133875523746187,14.963870696677237,15.071423944674994,16981404,0.008608234025266448,ITUB4.SA,394,1131,57.540000915527344,51.66999816894531,1.0
2017-10-02,15.06623649597168,15.14606226861391,14.941291172468095,14.975998519284522,7954849,0.0017311749466988324,ITUB4.SA,391,1128,56.119998931884766,50.58000183105469,1.0
2017-10-03,15.583368301391602,15.583368301391602,15.017646415796404,15.107884393717576,21437662,0.034323887425913524,ITUB4.SA,390,1127,56.0,50.41999816894531,1.0
2017-10-04,15.444536209106445,15.645835383729523,15.423711807410374,15.618069514801425,12656856,-0.008908991278397616,ITUB4.SA,389,1126,55.79999923706055,49.97999954223633,1.0
2017-10-05,15.690954208374023,15.892254513326499,15.555597843860102,15.597246648347609,24145816,0.015955027456394877,ITUB4.SA,388,1125,57.0,50.790000915527344,1.0
2017-10-06,15.507012367248535,15.614602887569031,15.41677439453633,15.548661181593634,10067838,-0.011722795101098527,ITUB4.SA,387,1124,55.619998931884766,49.290000915527344,1.0
2017-10-09,15.323067665100098,15.50701436879595,15.274478500461406,15.47924848898204,10252063,-0.011862033626602098,ITUB4.SA,384,1121,55.790000915527344,49.58000183105469,1.0
2017-10-10,15.656249046325684,15.70483932148649,15.444537651088103,15.496597535153656,14556047,0.02174377797628879,ITUB4.SA,383,1120,56.61000061035156,50.91999816894531,1.0
2017-10-11,15.618062973022461,15.739537473666887,15.541709115522172,15.680536151943173,21192085,-0.002439030778715434,ITUB4.SA,382,1119,56.939998626708984,51.29999923706055,1.0
2017-10-12,15.618062973022461,15.61806297302246,15.61806297302246,15.61806297302246,0,0.0,ITUB4.SA,381,1118,56.25,50.599998474121094,1.0
2017-10-13,15.489657402038574,15.857549606209897,15.458421918921763,15.749959094867513,14975484,-0.008221606687441652,ITUB4.SA,380,1117,57.16999816894531,51.45000076293945,1.0
2017-10-16,15.409822463989258,15.611121554891884,15.333467481228295,15.611121554891884,12531093,-0.0051540802986908,ITUB4.SA,377,1114,57.81999969482422,51.869998931884766,1.0
2017-10-17,15.385538101196289,15.444539460052576,15.291829398874274,15.416773585279996,14158874,-0.001575901529671575,ITUB4.SA,376,1113,57.880001068115234,51.880001068115234,1.0
2017-10-18,15.413309097290039,15.52090078060066,15.309189274768428,15.409838361536924,14397144,0.001805006487981764,ITUB4.SA,375,1112,58.150001525878906,52.040000915527344,1.0
2017-10-19,15.302245140075684,15.385541658617672,15.146064308438914,15.343892836828825,8573467,-0.007205717897001307,ITUB4.SA,374,1111,57.22999954223633,51.290000915527344,1.0
2017-10-20,15.271012306213379,15.437605384560822,15.271012306213377,15.413310232499658,6787293,-0.0020410621824706876,ITUB4.SA,373,1110,57.75,51.470001220703125,1.0
2017-10-23,15.128705024719238,15.371653019990045,15.066232940229096,15.31265054432714,11032984,-0.009318785070734248,ITUB4.SA,370,1107,57.369998931884766,51.900001525878906,1.0
2017-10-24,15.239766120910645,15.371652881462717,15.000289986695776,15.312650406331533,13409564,0.007341084118563934,ITUB4.SA,369,1106,58.33000183105469,52.470001220703125,1.0
2017-10-25,15.343892097473145,15.413305672074111,15.055825594123778,15.305715137708654,13335636,0.006832518014802558,ITUB4.SA,368,1105,58.439998626708984,52.18000030517578,1.0
2017-10-26,15.250187873840332,15.493134876125367,15.17730242311174,15.437604229177579,12236739,-0.006106939688936164,ITUB4.SA,367,1104,59.29999923706055,52.63999938964844,1.0
2017-10-27,15.156477928161621,15.427191940037348,15.1495375817364,15.250187792886646,14400883,-0.006144838768803451,ITUB4.SA,366,1103,60.439998626708984,53.900001525878906,1.0
2017-10-30,14.962127685546875,15.20160519722092,14.816358961055974,15.156485609855924,18275573,-0.012822915952896419,ITUB4.SA,363,1100,60.900001525878906,54.150001525878906,1.0
2017-10-31,14.594225883483887,15.114828301587306,14.514400096872073,15.114828301587306,28508942,-0.024588869296869764,ITUB4.SA,362,1099,61.369998931884766,54.380001068115234,1.0
2017-11-01,14.349443435668945,14.766074328491213,14.349443435668947,14.73829856049096,21630896,-0.016772554417700092,ITUB4.SA,361,1098,61.290000915527344,54.29999923706055,1.0
2017-11-02,14.349443435668945,14.349443435668947,14.349443435668947,14.349443435668947,0,0.0,ITUB4.SA,360,1097,60.619998931884766,54.540000915527344,1.0
2017-11-03,14.55082893371582,14.602907421350231,14.387648396965673,14.429310961985735,23377302,0.0140343769394069,ITUB4.SA,359,1096,62.06999969482422,55.63999938964844,1.0
2017-11-06,14.55082893371582,14.55082893371582,14.55082893371582,14.55082893371582,0,0.0,ITUB4.SA,356,1093,64.2699966430664,57.349998474121094,1.0
2017-11-07,14.269598960876465,14.575128115524295,14.217520485791471,14.547353454016266,21042359,-0.019327419360124276,ITUB4.SA,355,1092,63.689998626708984,57.20000076293945,1.0
2017-11-08,14.79039478302002,14.81122663406701,14.321686012526337,14.321686012526337,21689528,0.03649687868393792,ITUB4.SA,354,1091,63.4900016784668,56.810001373291016,1.0
2017-11-09,14.39111328125,14.852878870368906,14.363337501295735,14.825103090414643,21561726,-0.02699600028448268,ITUB4.SA,353,1090,63.93000030517578,57.16999816894531,1.0
2017-11-10,14.411946296691895,14.516104362748898,14.234879047463048,14.39111558383007,17389453,0.0014476305644148812,ITUB4.SA,352,1089,63.52000045776367,56.7400016784668,1.0
2017-11-13,14.484861373901367,14.484861373901369,14.484861373901369,14.484861373901369,16525598,0.005059349771946442,ITUB4.SA,349,1086,63.15999984741211,56.7599983215332,1.0
2017-11-14,14.20710563659668,14.547354550573324,14.19668971570713,14.484859025236029,22280105,-0.019175588232079654,ITUB4.SA,348,1085,62.209999084472656,55.70000076293945,1.0
2017-11-15,14.20710563659668,14.20710563659668,14.20710563659668,14.20710563659668,0,0.0,ITUB4.SA,347,1084,61.869998931884766,55.33000183105469,1.0
2017-11-16,14.564716339111328,14.651514572571973,14.220996505062061,14.220996505062061,14936395,0.025171256669864084,ITUB4.SA,346,1083,61.36000061035156,55.13999938964844,1.0
2017-11-17,14.766087532043457,14.828581940489022,14.488332979987051,14.564715284851033,12693565,0.013825960509191493,ITUB4.SA,345,1082,62.720001220703125,56.54999923706055,1.0
2017-11-20,14.766087532043457,14.766087532043457,14.766087532043457,14.766087532043457,0,0.0,ITUB4.SA,342,1079,62.220001220703125,56.09000015258789,1.0
2017-11-21,15.061201095581055,15.207021759679018,14.898020560653016,14.92232437981512,14412099,0.0199859009976191,ITUB4.SA,341,1078,62.56999969482422,56.83000183105469,1.0
2017-11-22,14.915376663208008,15.113275764360914,14.814690563268611,15.099387871205543,18450791,-0.009682125047505763,ITUB4.SA,340,1077,63.31999969482422,58.02000045776367,1.0
2017-11-23,14.870230674743652,14.901478412624172,14.710523390774238,14.901478412624172,4818762,-0.0030268084731455147,ITUB4.SA,339,1076,63.31999969482422,58.02000045776367,1.0
2017-11-24,14.731358528137207,14.891066985652065,14.616785705601584,14.838988532266473,7006358,-0.009338936943480869,ITUB4.SA,338,1075,63.86000061035156,58.95000076293945,1.0
2017-11-27,14.821632385253906,14.82857633083622,14.564709775018992,14.616789366886337,10545057,0.006128006249001006,ITUB4.SA,335,1072,63.84000015258789,58.11000061035156,1.0
2017-11-28,14.845941543579102,15.04384068766468,14.783446010822013,14.925795821109203,12036538,0.0016401134297043818,ITUB4.SA,334,1071,63.61000061035156,57.9900016784668,1.0
2017-11-29,14.5404052734375,14.967451120749756,14.540405273437498,14.946619286606696,18591850,-0.02058045757789928,ITUB4.SA,333,1070,63.11000061035156,57.29999923706055,1.0
2017-11-30,14.32862377166748,14.56124377524262,14.276545287899593,14.457085682269584,30698918,-0.01456503431557743,ITUB4.SA,332,1069,63.56999969482422,57.400001525878906,1.0
2017-12-01,14.319944381713867,14.448451898032376,14.135865073822668,14.267846952961138,11699018,-0.0006057378637280841,ITUB4.SA,331,1068,63.4900016784668,58.36000061035156,1.0
2017-12-04,14.531804084777832,14.736721626972155,14.368564247869376,14.431081368721346,17496862,0.014794729463789125,ITUB4.SA,328,1065,62.45000076293945,57.470001220703125,1.0
2017-12-05,14.444967269897461,14.816597703742314,14.378976945290894,14.531796999910036,13293998,-0.005975638975984632,ITUB4.SA,327,1064,62.86000061035156,57.619998931884766,1.0
2017-12-06,14.597796440124512,14.663786805938827,14.233112247020935,14.361619742246365,13028536,0.010580098062633825,ITUB4.SA,326,1063,61.220001220703125,55.959999084472656,1.0
2017-12-07,14.549173355102539,14.594324305907524,14.16017647779891,14.333834933534414,24504070,-0.003330851010384217,ITUB4.SA,325,1062,62.20000076293945,56.689998626708984,1.0
2017-12-08,14.674200057983398,14.81312720128559,14.656833883609126,14.656833883609126,16975625,0.008593388767136556,ITUB4.SA,324,1061,63.400001525878906,57.36000061035156,1.0
2017-12-11,14.712407112121582,14.858281876762609,14.639471418570349,14.778398586389606,11017008,0.0026036890588387873,ITUB4.SA,321,1058,64.69000244140625,57.9900016784668,1.0
2017-12-12,14.830500602722168,14.893017735088826,14.472762865512678,14.660314262612653,18443993,0.008026796002898129,ITUB4.SA,320,1057,63.34000015258789,57.13999938964844,1.0
2017-12-13,14.500542640686035,14.96942266080329,14.451918471326865,14.931218197559545,47602825,-0.022248605820869516,ITUB4.SA,319,1056,62.439998626708984,56.599998474121094,1.0
2017-12-14,14.271312713623047,14.44497223331916,14.198375895486068,14.44497223331916,47046408,-0.015808368882679447,ITUB4.SA,318,1055,63.310001373291016,57.040000915527344,1.0
2017-12-15,14.321678161621094,14.468066606251474,14.210144646578632,14.286824361852613,42895040,0.0035291391204657074,ITUB4.SA,317,1054,63.22999954223633,57.29999923706055,1.0
2017-12-18,14.318190574645996,14.551714031027938,14.318190574645996,14.49246179388895,39527650,-0.00024351803858035925,ITUB4.SA,314,1051,63.40999984741211,57.15999984741211,1.0
2017-12-19,14.238029479980469,14.33213553610964,14.17529060280168,14.290310747809952,20140944,-0.005598549219443472,ITUB4.SA,313,1050,63.79999923706055,57.459999084472656,1.0
2017-12-20,14.290301322937012,14.387892807878337,14.227563616955088,14.297272304692644,13060997,0.003671283517852064,ITUB4.SA,312,1049,64.55999755859375,58.09000015258789,1.0
2017-12-21,14.893291473388672,14.928145274035355,14.307736550293669,14.307736550293669,35246780,0.04219576178451989,ITUB4.SA,311,1048,64.9000015258789,58.36000061035156,1.0
2017-12-22,14.823583602905273,14.851467548897078,14.715534442006552,14.767816840741188,8436827,-0.004680487896711938,ITUB4.SA,310,1047,65.25,58.470001220703125,1.0
2017-12-25,14.823583602905273,14.823583602905272,14.823583602905272,14.823583602905272,0,0.0,ITUB4.SA,307,1044,65.25,58.470001220703125,1.0
2017-12-26,14.882838249206543,14.98391643984525,14.774790200769722,14.827071478083676,7491735,0.003997322637264045,ITUB4.SA,306,1043,67.0199966430664,59.970001220703125,1.0
2017-12-27,14.802664756774902,14.959509630966608,14.79569377304913,14.900257399116628,7005508,-0.005386975998070476,ITUB4.SA,305,1042,66.44000244140625,59.63999938964844,1.0
2017-12-28,14.841014862060547,14.917695738972883,14.81661753104471,14.81661753104471,18065345,0.002590756861401866,ITUB4.SA,304,1041,66.72000122070312,59.84000015258789,1.0
2017-12-29,14.841014862060547,14.841014862060547,14.841014862060547,14.841014862060547,0,0.0,ITUB4.SA,303,1040,66.5999984741211,60.41999816894531,1.0
2018-01-02,15.299497604370117,15.299497604370117,14.922937586822664,14.922937586822664,18865469,0.0308929508238438,ITUB4.SA,299,1036,66.56999969482422,60.369998931884766,1.0
2018-01-03,15.404106140136719,15.459893679997608,15.19141953506982,15.306479075597741,25261028,0.006837383714921597,ITUB4.SA,298,1035,67.83999633789062,61.630001068115234,1.0
2018-01-04,15.724891662597656,15.794625009042615,15.42852465765197,15.42852465765197,26311149,0.02082467619624495,ITUB4.SA,297,1034,68.06999969482422,62.0099983215332,1.0
2018-01-05,15.770207405090332,15.801587898621467,15.550547341025382,15.731854598769944,17807870,0.0028817840825232643,ITUB4.SA,296,1033,67.62000274658203,61.439998626708984,1.0
2018-01-08,15.717907905578613,15.801588092470539,15.613308519626969,15.710934462486147,14398333,-0.0033163482361581176,ITUB4.SA,293,1030,67.77999877929688,61.72999954223633,1.0
2018-01-09,15.5470609664917,15.690014290888548,15.484301108246457,15.676068534781145,24255264,-0.010869572471936761,ITUB4.SA,292,1029,68.81999969482422,62.959999084472656,1.0
2018-01-10,15.494762420654297,15.55054883986897,15.397135339365287,15.473842089617127,15410556,-0.003363886328748622,ITUB4.SA,291,1028,69.19999694824219,63.56999969482422,1.0
2018-01-11,15.819024085998535,15.819024085998535,15.550549877100796,15.585417097821743,17614127,0.020927178909952326,ITUB4.SA,290,1027,69.26000213623047,63.79999923706055,1.0
2018-01-12,15.805071830749512,15.836452318742428,15.679552139212783,15.74579870586925,11649902,-0.0008819921616639581,ITUB4.SA,289,1026,69.87000274658203,64.30000305175781,1.0
2018-01-15,15.902704238891602,15.906190960953474,15.832970927871983,15.86086470436697,12365222,0.0061772834181077485,ITUB4.SA,286,1023,69.87000274658203,64.30000305175781,1.0
2018-01-16,16.04913902282715,16.11887231089556,15.846911470233024,15.864345074804497,14882011,0.009208168732549593,ITUB4.SA,285,1022,69.1500015258789,63.72999954223633,1.0
2018-01-17,16.314130783081055,16.369918336488883,15.972437669547377,16.04217098108931,16336613,0.01651127576856304,ITUB4.SA,284,1021,69.37999725341797,63.970001220703125,1.0
2018-01-18,16.275768280029297,16.429181700125508,16.206035010005312,16.282741720053416,14718689,-0.002351489243395233,ITUB4.SA,283,1020,69.30999755859375,63.95000076293945,1.0
2018-01-19,16.40826416015625,16.450104807390144,16.25833743466955,16.352477760728434,12557095,0.008140683613045097,ITUB4.SA,282,1019,68.61000061035156,63.369998931884766,1.0
2018-01-22,16.816213607788086,16.816213607788086,16.37689336354678,16.40827273515375,20246313,0.024862437833153006,ITUB4.SA,279,1016,69.02999877929688,63.4900016784668,1.0
2018-01-23,16.75345230102539,16.90686581416395,16.70463819125175,16.736018690391948,28151367,-0.003732190148537873,ITUB4.SA,278,1015,69.95999908447266,64.47000122070312,1.0
2018-01-24,17.562349319458008,17.583269640207764,16.87547562679606,16.889422507295897,25047400,0.048282407941860894,ITUB4.SA,277,1014,70.52999877929688,65.61000061035156,-1.0
2018-01-25,17.562349319458008,17.562349319458008,17.562349319458008,17.562349319458008,0,0.0,ITUB4.SA,276,1013,70.41999816894531,65.51000213623047,-1.0
2018-01-26,18.444480895996094,18.521186494185923,17.78549969773231,17.851746263599857,53745667,0.050228563416668814,ITUB4.SA,275,1012,70.5199966430664,66.13999938964844,-1.0
2018-01-29,18.022600173950195,18.43054101694636,18.022600173950195,18.35383425938747,37536686,-0.0228730059915907,ITUB4.SA,272,1009,69.45999908447266,65.55999755859375,-1.0
2018-01-30,17.95286750793457,18.036547712853476,17.71228706006997,17.92148700725826,28829468,-0.003869178994294953,ITUB4.SA,271,1008,69.0199966430664,64.5,-1.0
2018-01-31,18.221338272094727,18.50027262953391,18.16903857454516,18.182985461949784,23769037,0.014954199603016027,ITUB4.SA,270,1007,69.05000305175781,64.7300033569336,-1.0
2018-02-01,18.313766479492188,18.470711790571762,17.978950644920317,18.08009350532834,29175316,0.005072525739726386,ITUB4.SA,269,1006,69.08000183105469,65.80000305175781,-1.0
2018-02-02,18.083574295043945,18.125426967522742,17.86385115615688,18.01730869416139,20632269,-0.01256935238887158,ITUB4.SA,268,1005,68.58000183105469,65.44999694824219,-1.0
2018-02-05,17.448820114135742,18.240520785957,17.448820114135742,17.881290975664026,26256595,-0.03510114596549452,ITUB4.SA,265,1002,67.62000274658203,64.1500015258789,1.0
2018-02-06,18.07659912109375,18.226567798722314,17.42440405029865,17.43137949538028,100527804,0.03597830700595206,ITUB4.SA,264,1001,66.86000061035156,63.38999938964844,-1.0
2018-02-07,17.647615432739258,18.174253638466805,17.63366454215587,18.11147576138375,31090653,-0.023731437837436364,ITUB4.SA,263,1000,65.51000213623047,61.790000915527344,-1.0
2018-02-08,17.5604248046875,17.978945900641325,17.438356764078033,17.769684787393278,25519692,-0.004940646422405881,ITUB4.SA,262,999,64.80999755859375,61.150001525878906,-1.0
2018-02-09,17.605758666992188,17.713876913329713,17.28140618906345,17.508104716701045,29580137,0.0025815925758576608,ITUB4.SA,261,998,62.790000915527344,59.20000076293945,-1.0
2018-02-14,18.366065979003906,18.41838179301702,17.85686663640102,17.96498485481982,24843291,0.043185149040874116,ITUB4.SA,256,993,64.36000061035156,60.599998474121094,-1.0
2018-02-15,18.369565963745117,18.585801401095168,18.348639625457018,18.48814628629303,46063587,0.00019056801523054112,ITUB4.SA,255,992,64.33000183105469,61.34000015258789,-1.0
2018-02-16,18.516372680664062,18.520015538549764,18.323303574380123,18.469015528149935,61335974,0.007991844619992028,ITUB4.SA,254,991,64.83999633789062,61.68000030517578,-1.0
2018-02-19,18.37066078186035,18.62201443423845,18.297804804757455,18.51637273606614,9363395,-0.007869354398762574,ITUB4.SA,251,988,64.83999633789062,61.68000030517578,-1.0
2018-02-20,18.822364807128906,18.920720772426243,18.28687305513285,18.323300446943275,29321473,0.024588338472537608,ITUB4.SA,250,987,65.25,61.900001525878906,-1.0
2018-02-21,19.070079803466797,19.397932306883156,18.931653558282303,18.931653558282303,32430368,0.013160673426330982,ITUB4.SA,249,986,65.41999816894531,61.68000030517578,-1.0
2018-02-22,19.175716400146484,19.376069998417684,19.037289010997217,19.21578664746917,19437861,0.005539389334935141,ITUB4.SA,248,985,66.38999938964844,62.77000045776367,-1.0
2018-02-23,19.306854248046875,19.390638769142257,18.895217355780762,19.390638769142257,25192538,0.006838745690846304,ITUB4.SA,247,984,67.30999755859375,63.54999923706055,-1.0
2018-02-26,19.284996032714844,19.430707927145555,19.16114127669734,19.379709118343403,19625486,-0.0011321479434819315,ITUB4.SA,244,981,67.5,63.90999984741211,-1.0
2018-02-27,18.997217178344727,19.335998137493707,18.94257550716317,19.201213616696982,13102975,-0.01492242227490903,ITUB4.SA,243,980,66.62999725341797,63.0099983215332,-1.0
2018-02-28,18.35243797302246,19.033641456004382,18.35243797302246,18.95349980031071,48212095,-0.03394071875207394,ITUB4.SA,242,979,65.77999877929688,61.63999938964844,-1.0
2018-03-01,18.62391471862793,18.766026112364262,18.36155440475883,18.438076015323063,25169934,0.014792407744656622,ITUB4.SA,241,978,65.70999908447266,60.9900016784668,-1.0
2018-03-02,18.722288131713867,18.722288131713867,18.303240919532737,18.518229845269165,17669191,0.005282101780005544,ITUB4.SA,240,977,64.37000274658203,61.25,-1.0
2018-03-05,18.988296508789062,19.039310504506826,18.554674592237323,18.72229352539893,14720729,0.014208112555676333,ITUB4.SA,237,974,65.54000091552734,62.56999969482422,-1.0
2018-03-06,18.919065475463867,19.290741625099653,18.919065475463867,19.14863026034307,15367218,-0.0036459844248351025,ITUB4.SA,236,973,65.79000091552734,62.599998474121094,-1.0
2018-03-07,18.893558502197266,18.91542215323909,18.59111605417404,18.875338792995745,16519140,-0.0013482152857751117,ITUB4.SA,235,972,64.33999633789062,61.150001525878906,-1.0
2018-03-08,18.762380599975586,19.192359868851216,18.605693449493728,19.130412852145817,15698791,-0.006942996059023154,ITUB4.SA,234,971,63.61000061035156,60.119998931884766,-1.0
2018-03-09,19.021102905273438,19.0356786784737,18.69679667629145,18.780606191011994,15455253,0.013789417815039284,ITUB4.SA,233,970,65.48999786376953,62.040000915527344,-1.0
2018-03-12,19.236083984375,19.257947635046193,18.995587370533325,19.072108966702018,11425568,0.011302240473235692,ITUB4.SA,230,967,64.94999694824219,61.36000061035156,-1.0
2018-03-13,19.079402923583984,19.27981742283791,18.96644187367239,19.236090107576317,10807290,-0.008145164105037406,ITUB4.SA,229,966,64.63999938964844,60.709999084472656,-1.0
2018-03-14,18.653057098388672,19.130406269910083,18.60204310689378,19.093968042036646,19133310,-0.022345868311649753,ITUB4.SA,228,965,64.88999938964844,60.959999084472656,-1.0
2018-03-15,18.74051284790039,18.83525414213465,18.441714380929554,18.583825731690773,22182553,0.004688547783369801,ITUB4.SA,227,964,65.12000274658203,61.189998626708984,-1.0
2018-03-16,18.663986206054688,18.97371759441335,18.55102641678108,18.795165697204695,33808833,-0.004083487067125691,ITUB4.SA,226,963,66.20999908447266,62.34000015258789,-1.0
2018-03-19,18.263166427612305,18.656706249391018,18.204864538025223,18.518238818679006,19347787,-0.021475571939308158,ITUB4.SA,223,960,66.05000305175781,62.060001373291016,-1.0
2018-03-20,18.32146644592285,18.401630792511437,18.066394097352607,18.346972853953645,10246285,0.0031922185313058016,ITUB4.SA,222,959,67.41999816894531,63.400001525878906,-1.0
2018-03-21,18.248580932617188,18.37247371077748,18.168415434224023,18.332390370990947,28283588,-0.003978148447930763,ITUB4.SA,221,958,69.47000122070312,65.16999816894531,-1.0
2018-03-22,18.190288543701172,18.365195391463782,18.022669579693716,18.219440078721778,21239501,-0.003194351885840385,ITUB4.SA,220,957,68.91000366210938,64.30000305175781,-1.0
2018-03-23,18.277734756469727,18.569245266944122,18.0445261118542,18.073677635373656,26938604,0.004807302124893109,ITUB4.SA,219,956,70.44999694824219,65.87999725341797,-1.0
2018-03-26,18.50365447998047,18.58017604373717,18.212143985893995,18.49272384045521,11812884,0.012360378707803266,ITUB4.SA,216,953,70.12000274658203,65.55000305175781,-1.0
2018-03-27,18.281383514404297,18.656703572721113,18.15020398635851,18.58382592589786,11396337,-0.012012273889822844,ITUB4.SA,215,952,70.11000061035156,65.25,-1.0
2018-03-28,18.448997497558594,18.45992931882078,18.084608180205915,18.084608180205915,13470916,0.009168561177124834,ITUB4.SA,214,951,69.52999877929688,64.37999725341797,-1.0
2018-03-29,18.696788787841797,18.89720204124522,18.4963743532579,18.551033479697402,31548158,0.013431152035008553,ITUB4.SA,213,950,70.2699966430664,64.94000244140625,-1.0
2018-04-02,18.607481002807617,18.86627289352508,18.46897313288438,18.676734937769236,14533954,-0.004776637638023384,ITUB4.SA,209,946,67.63999938964844,63.0099983215332,-1.0
2018-04-03,18.432518005371094,18.807948807564177,18.392424130476538,18.73504870498287,15904770,-0.009402830904952864,ITUB4.SA,208,945,68.12000274658203,63.5099983215332,-1.0
2018-04-04,18.55280876159668,18.629352715706887,18.046159952970424,18.170087809520055,16844254,0.00652600779722734,ITUB4.SA,207,944,68.0199966430664,63.369998931884766,-1.0
2018-04-05,18.589258193969727,19.052166938768707,18.55645431639634,19.01936306119532,23487090,0.0019646314928063457,ITUB4.SA,206,943,68.33000183105469,63.540000915527344,-1.0
2018-04-06,18.680377960205078,18.7058930004119,18.363267186593127,18.603834021109964,12277357,0.004901743000423231,ITUB4.SA,205,942,67.11000061035156,62.060001373291016,-1.0
2018-04-09,18.26485824584961,18.731412020465132,18.21018432615229,18.731412020465132,17979180,-0.022243645992637506,ITUB4.SA,202,939,68.6500015258789,63.41999816894531,-1.0
2018-04-10,18.35597801208496,18.476262025590664,18.1846650973642,18.421586936940155,15008624,0.004988802267658299,ITUB4.SA,201,938,71.04000091552734,65.51000213623047,-1.0
2018-04-11,18.65851593017578,18.665805944790836,18.319534976679275,18.33776001321691,11704456,0.01648171063898851,ITUB4.SA,200,937,72.05999755859375,66.81999969482422,-1.0
2018-04-12,18.822540283203125,18.844410328660132,18.549169441094392,18.72048243412235,10224361,0.008790857410158281,ITUB4.SA,199,936,72.0199966430664,67.06999969482422,-1.0
2018-04-13,18.38514518737793,18.815248962362816,18.319535055559943,18.78973509262614,16709314,-0.023237835554827724,ITUB4.SA,198,935,72.58000183105469,67.38999938964844,-1.0
2018-04-16,18.115419387817383,18.51271930468837,18.086259327303566,18.34869632735006,21396874,-0.014670855019721207,ITUB4.SA,195,932,71.41999816894531,66.22000122070312,-1.0
2018-04-17,18.414295196533203,18.51999798816856,18.097183277051442,18.159148367729333,13476865,0.016498420617124365,ITUB4.SA,194,931,71.58000183105469,66.5199966430664,-1.0
2018-04-18,18.76422119140625,18.953759220778636,18.600198214860207,18.625712086160608,25815914,0.019002953473827633,ITUB4.SA,193,930,73.4800033569336,68.47000122070312,-1.0
2018-04-19,18.589258193969727,18.786086185512552,18.465330333758043,18.698607209440812,14877423,-0.009324287730985259,ITUB4.SA,192,929,73.77999877929688,68.29000091552734,-1.0
2018-04-20,18.549169540405273,18.607488480410233,18.374211538864436,18.494494426470037,9806454,-0.002156549397837604,ITUB4.SA,191,928,74.05999755859375,68.37999725341797,-1.0
2018-04-23,18.581968307495117,18.581968307495117,18.27943748651128,18.458040446438716,11508334,0.0017682067662596612,ITUB4.SA,188,925,74.70999908447266,68.63999938964844,-1.0
2018-04-24,18.490842819213867,18.804309815983586,18.399718843371286,18.735054696383813,13736378,-0.004903973937168682,ITUB4.SA,187,924,73.86000061035156,67.69999694824219,-1.0
2018-04-25,18.381484985351562,18.494477755916364,18.20288213720409,18.304941076363345,16098343,-0.005914161670806606,ITUB4.SA,186,923,74.0,68.05000305175781,-1.0
2018-04-26,18.807958602905273,18.869922540845558,18.49813773167808,18.545521641508703,16463226,0.023201260284115843,ITUB4.SA,185,922,74.73999786376953,68.19000244140625,-1.0
2018-04-27,18.771507263183594,18.99020412546152,18.698608309090954,18.924595184930713,15432479,-0.0019380806014773766,ITUB4.SA,184,921,74.63999938964844,68.0999984741211,-1.0
2018-04-30,18.592899322509766,18.855336195987043,18.468971488146412,18.775147249773877,10751886,-0.009514842797100798,ITUB4.SA,181,918,75.16999816894531,68.56999969482422,-1.0
2018-05-02,17.75613784790039,18.33950210556819,17.67957256698171,18.292104269315427,37979916,-0.04500435677594061,ITUB4.SA,179,916,73.36000061035156,67.93000030517578,-1.0
2018-05-03,17.406129837036133,17.891051429407643,17.3696702156306,17.774379222661512,25331217,-0.0197119448982902,ITUB4.SA,178,915,73.62000274658203,68.43000030517578,-1.0
2018-05-04,17.20195198059082,17.47540326332449,17.20195198059082,17.336854581889465,25772237,-0.011730227130149928,ITUB4.SA,177,914,74.87000274658203,69.72000122070312,-1.0
2018-05-07,17.227468490600586,17.449875770438727,17.13631769482715,17.282159677188623,17740060,0.0014833496825568115,ITUB4.SA,174,911,76.16999816894531,70.7300033569336,-1.0
2018-05-08,17.28215789794922,17.446227895202057,17.09985632517073,17.245697110644254,17655595,0.003174546938133904,ITUB4.SA,173,910,74.8499984741211,69.05999755859375,-1.0
2018-05-09,17.33684539794922,17.482686162399983,17.150897773244346,17.358720685305734,16909345,0.00316439071572705,ITUB4.SA,172,909,77.20999908447266,71.13999938964844,-1.0
2018-05-10,17.81082534790039,17.85457827868164,17.395178414842494,17.46809878427178,19715389,0.027339457615930485,ITUB4.SA,171,908,77.47000122070312,71.36000061035156,-1.0
2018-05-11,17.526443481445312,17.901984928247536,17.471753472887272,17.7634362762347,13283801,-0.01596679889338215,ITUB4.SA,170,907,77.12000274658203,70.69999694824219,-1.0
2018-05-14,17.26392936706543,17.734266482809595,17.129025621354184,17.646761765709133,18411023,-0.014978173675554762,ITUB4.SA,167,904,78.2300033569336,70.95999908447266,-1.0
2018-05-15,17.19829750061035,17.355076506154607,16.808173025927516,16.844632627610363,19242248,-0.0038016760298084096,ITUB4.SA,166,903,78.43000030517578,71.30999755859375,-1.0
2018-05-16,17.497268676757812,17.595711596299143,17.223816385114752,17.252985007756,14177398,0.01738376581384582,ITUB4.SA,165,902,79.27999877929688,71.48999786376953,-1.0
2018-05-17,16.58211898803711,17.44622533803084,16.54201212788029,17.44622533803084,38453906,-0.052302431060930465,ITUB4.SA,164,901,79.30000305175781,71.48999786376953,-1.0
2018-05-18,16.465457916259766,16.465457916259766,16.01334979298909,16.228466202836202,67811749,-0.007035353675938993,ITUB4.SA,163,900,78.51000213623047,71.27999877929688,-1.0
2018-05-21,16.239391326904297,16.76077220249981,16.086257234332113,16.684205747150177,29325382,-0.013729748088707971,ITUB4.SA,160,897,79.22000122070312,72.23999786376953,-1.0
2018-05-22,16.63316535949707,16.870156931653224,16.305023000838833,16.40711084167278,37297736,0.024248078309462073,ITUB4.SA,159,896,79.56999969482422,72.12999725341797,-1.0
2018-05-23,16.319610595703125,16.57847871104413,16.294089219453657,16.407115327394077,34838390,-0.01885117817426818,ITUB4.SA,158,895,79.80000305175781,71.83999633789062,-1.0
2018-05-24,16.53472900390625,16.5456672444697,16.027930949041536,16.166480814304943,27927373,0.013181589532520244,ITUB4.SA,157,894,78.79000091552734,70.70999908447266,-1.0
2018-05-25,16.38888931274414,16.662340618567224,16.268569839957955,16.658694538122983,19195002,-0.00882020449973242,ITUB4.SA,156,893,76.44000244140625,67.87999725341797,-1.0
2018-05-28,15.69614028930664,16.2357529940055,15.630512036538803,16.22116867519632,22406717,-0.04226943084537227,ITUB4.SA,153,890,76.44000244140625,67.87999725341797,-1.0
2018-05-29,15.641448974609375,15.995113948820709,15.553944250906298,15.852919216005727,34432039,-0.003484379834100104,ITUB4.SA,152,889,75.38999938964844,66.7300033569336,-1.0
2018-05-30,15.670624732971191,15.823757773590707,15.484676962844382,15.641456084520264,41881288,0.0018652848856379745,ITUB4.SA,151,888,77.5,68.20999908447266,-1.0
2018-06-01,15.982460975646973,16.102821234371188,15.570316086093019,15.869394239078979,26340210,0.01989941358366365,ITUB4.SA,149,886,77.58999633789062,65.80999755859375,-1.0
2018-06-04,16.328956604003906,16.409195997615324,16.157533394274715,16.161180746919428,26154795,0.02167974186734445,ITUB4.SA,146,883,75.29000091552734,64.75,-1.0
2018-06-05,15.821980476379395,16.394606522031193,15.756329316055409,16.194004506405992,32517553,-0.03104767438111755,ITUB4.SA,145,882,75.37999725341797,65.5199966430664,-1.0
2018-06-06,15.420777320861816,15.785506638903431,15.260296184466306,15.687030491518092,25763400,-0.02535732844042715,ITUB4.SA,144,881,75.36000061035156,64.7300033569336,-1.0
2018-06-07,14.972163200378418,15.209238803056325,14.388596123898452,15.158175856263892,45800335,-0.029091537420522617,ITUB4.SA,143,880,77.31999969482422,65.94999694824219,1.0
2018-06-08,15.008627891540527,15.190993086644106,14.560010788454216,14.972154379605557,34032997,0.002435499177646294,ITUB4.SA,142,879,76.45999908447266,65.73999786376953,1.0
2018-06-11,14.57459831237793,15.271232898660873,14.534478633458047,15.066984788471622,24579358,-0.028918671466779067,ITUB4.SA,139,876,76.45999908447266,66.0999984741211,1.0
2018-06-12,14.545432090759277,14.797094779220155,14.465191487721842,14.570962385621295,15770680,-0.0020011681278298,ITUB4.SA,138,875,75.87999725341797,66.36000061035156,1.0
2018-06-13,14.40317153930664,14.687661300014616,14.19162996282339,14.625657530651372,24389864,-0.009780428011005204,ITUB4.SA,137,874,76.73999786376953,66.63999938964844,1.0
2018-06-14,13.892556190490723,14.581896167923258,13.892556190490723,14.498008265439028,31758386,-0.03545159115979668,ITUB4.SA,136,873,75.94000244140625,66.88999938964844,1.0
2018-06-15,14.027505874633789,14.096804371282412,13.695601615196384,13.932677099610883,46156720,0.009713812367765584,ITUB4.SA,135,872,73.44000244140625,65.05999755859375,1.0
2018-06-18,13.74301815032959,13.972797765552784,13.637246131022724,13.936325430048027,22857085,-0.02028070612457511,ITUB4.SA,132,869,75.33999633789062,65.8499984741211,1.0
2018-06-19,14.363064765930176,14.574607714625584,13.589837674008425,13.681020326012789,48287043,0.0451172085213114,ITUB4.SA,131,868,75.08000183105469,65.06999969482422,1.0
2018-06-20,14.629313468933105,14.797088125030616,14.242700043117841,14.589192594313324,33294904,0.018537039785163634,ITUB4.SA,130,867,74.73999786376953,66.22000122070312,1.0
2018-06-21,14.239054679870605,14.640257570680783,14.115045868736836,14.585548461752259,17269809,-0.026676493732344708,ITUB4.SA,129,866,73.05000305175781,65.54000091552734,1.0
2018-06-22,14.34847354888916,14.454245601084846,14.151520038436654,14.417773254239359,13811496,0.007684419470151971,ITUB4.SA,128,865,75.55000305175781,68.58000183105469,1.0
2018-06-25,14.377652168273926,14.549075388189124,14.133283073416157,14.479776866107992,24706991,0.0020335695839244217,ITUB4.SA,125,862,74.7300033569336,68.08000183105469,1.0
2018-06-26,14.330241203308105,14.618377419383483,14.158817942243083,14.40683444949817,22118652,-0.0032975456918090673,ITUB4.SA,124,861,76.30999755859375,70.52999877929688,1.0
2018-06-27,14.07127571105957,14.498009976878695,13.987387798672662,14.275523872970455,19643330,-0.018071258436930804,ITUB4.SA,123,860,77.62000274658203,72.76000213623047,1.0
2018-06-28,14.461540222167969,14.589195208808423,14.074926727068616,14.074926727068616,19751079,0.02773483507267671,ITUB4.SA,122,859,77.8499984741211,73.44999694824219,1.0
2018-06-29,14.71320629119873,14.851803357863435,14.56001981071956,14.629318344051912,28425157,0.017402438824945188,ITUB4.SA,121,858,79.44000244140625,74.1500015258789,1.0
2018-07-02,14.72232723236084,14.72232723236084,14.488813340476279,14.558137647768842,12965655,0.0006199152639874139,ITUB4.SA,118,855,77.30000305175781,73.94000244140625,1.0
2018-07-03,15.068948745727539,15.233137134455035,14.766109388057624,14.871920786892943,16566556,0.023543934861385063,ITUB4.SA,117,854,77.76000213623047,74.13999938964844,1.0
2018-07-04,15.313400268554688,15.317048976525104,15.036103193704772,15.14191335939598,13271395,0.016222201492088528,ITUB4.SA,116,853,77.76000213623047,74.13999938964844,1.0
2018-07-05,15.214895248413086,15.397327191438334,14.959489108906494,15.360841275923699,16605134,-0.00643260271488344,ITUB4.SA,115,852,77.38999938964844,72.94000244140625,1.0
2018-07-06,15.35354232788086,15.422866624911093,15.14921696352509,15.251379645702976,12935744,0.009112588499893493,ITUB4.SA,114,851,77.11000061035156,73.80000305175781,1.0
2018-07-10,15.393674850463867,15.60894631385226,15.13462124496633,15.444756775951303,25709866,0.0026138933756107985,ITUB4.SA,110,847,78.86000061035156,74.11000061035156,1.0
2018-07-11,15.455706596374512,15.550573059352873,15.23678753767976,15.23678753767976,26562335,0.0040296905393435445,ITUB4.SA,109,846,73.4000015258789,70.37999725341797,1.0
2018-07-12,15.747588157653809,15.784074048965927,15.503128309779193,15.528669261605351,23021596,0.018885035081331436,ITUB4.SA,108,845,74.44999694824219,70.33000183105469,1.0
2018-07-13,16.148944854736328,16.152593563223746,15.663673722263471,15.663673722263471,22360491,0.0254868677707607,ITUB4.SA,107,844,75.33000183105469,71.01000213623047,1.0
2018-07-16,16.090560913085938,16.221912005928207,15.94826369871928,16.123398094933915,16164964,-0.0036153409511003876,ITUB4.SA,104,841,71.83999633789062,68.05999755859375,1.0
2018-07-17,16.39339828491211,16.470019950087007,15.95555935339472,15.981100302694733,18700958,0.018820808886773177,ITUB4.SA,103,840,72.16000366210938,68.08000183105469,1.0
2018-07-18,16.18543243408203,16.418946253297523,16.167190072480206,16.335028314842233,16660878,-0.01268595121131666,ITUB4.SA,102,839,72.9000015258789,68.76000213623047,1.0
2018-07-19,16.418947219848633,16.418947219848633,15.860704192368672,16.010298899209495,17703351,0.014427466594892024,ITUB4.SA,101,838,72.58000183105469,69.45999908447266,1.0
2018-07-20,16.885982513427734,16.984495330744036,16.7400364599635,16.8786850924819,28881982,0.028444898891843096,ITUB4.SA,100,837,73.06999969482422,70.45999908447266,1.0
2018-07-23,16.56124496459961,16.864083074073978,16.510164222442427,16.834893402712307,13753203,-0.019231190638145823,ITUB4.SA,97,834,73.05999755859375,67.88999938964844,1.0
2018-07-24,16.55030059814453,16.77651702708085,16.46273275747146,16.740031116723827,19517567,-0.0006608420126912318,ITUB4.SA,96,833,73.44000244140625,68.5199966430664,1.0
2018-07-25,17.072050094604492,17.17786143437049,16.703536533347553,16.714482656363895,20243764,0.03152507674201721,ITUB4.SA,95,832,73.93000030517578,69.30000305175781,-1.0
2018-07-26,16.802051544189453,17.075701089116247,16.67799665804149,16.93705137133612,23964139,-0.01581523887985603,ITUB4.SA,94,831,74.54000091552734,69.61000061035156,1.0
2018-07-27,16.893272399902344,17.035570872116743,16.725435329432337,16.896921109003376,21688339,0.005429149855479265,ITUB4.SA,93,830,74.29000091552734,68.69000244140625,1.0
2018-07-30,17.137727737426758,17.258132731512227,16.940699878181846,16.991781788288144,17641659,0.014470573358293048,ITUB4.SA,90,827,74.97000122070312,70.12999725341797,-1.0
2018-07-31,16.418947219848633,16.809353177812053,16.3824613117714,16.707191689015165,40266083,-0.0419414130385789,ITUB4.SA,89,826,74.25,68.76000213623047,1.0
2018-08-01,16.625164031982422,16.67261187884533,16.387922431427768,16.41712065137415,21425086,0.012559685427607548,ITUB4.SA,88,825,74.25,67.66000366210938,1.0
2018-08-02,16.683557510375977,16.782104288123634,16.35506903996363,16.49741491143014,21424406,0.003512355022857072,ITUB4.SA,87,824,73.44999694824219,68.95999908447266,1.0
2018-08-03,17.081403732299805,17.12885159289314,16.80766279869714,16.80766279869714,20476085,0.02384660595777577,ITUB4.SA,86,823,73.20999908447266,68.48999786376953,-1.0
2018-08-06,16.957305908203125,17.212797186883435,16.86240901233669,17.150748442930574,14914812,-0.007265083481518442,ITUB4.SA,83,820,73.75,69.01000213623047,1.0
2018-08-07,16.8551025390625,17.0996439433371,16.614211059469007,17.063144696526038,23634776,-0.00602709945164015,ITUB4.SA,82,819,74.6500015258789,69.16999816894531,1.0
2018-08-08,16.460927963256836,17.04490803391289,16.44997818164745,16.855114185591493,24458694,-0.023386068099683466,ITUB4.SA,81,818,72.27999877929688,66.94000244140625,1.0
2018-08-09,16.37331771850586,16.661658186174286,16.249221476575737,16.60690932218172,17557024,-0.0053223150569965405,ITUB4.SA,80,817,72.06999969482422,66.80999755859375,1.0
2018-08-10,15.778390884399414,16.125127803892944,15.614146644542554,16.121479062432822,25223809,-0.036335142598132864,ITUB4.SA,79,816,72.80999755859375,67.62999725341797,1.0
2018-08-13,15.902473449707031,16.0630676387082,15.493688133784154,15.657932244495301,28346130,0.007864082352675217,ITUB4.SA,76,813,72.61000061035156,67.19999694824219,1.0
2018-08-14,16.23097801208496,16.25287756439275,15.968186933751658,16.154330762127753,17940431,0.020657450768074126,ITUB4.SA,75,812,72.45999908447266,67.04000091552734,1.0
2018-08-15,16.121484756469727,16.187181055872355,15.876942089483212,15.96088920135135,26565394,-0.0067459431916986334,ITUB4.SA,74,811,70.76000213623047,65.01000213623047,1.0
2018-08-16,16.099576950073242,16.241921619773144,16.011979957230313,16.172574246922412,16968827,-0.0013589198964873983,ITUB4.SA,73,810,71.43000030517578,65.45999908447266,1.0
2018-08-17,15.687152862548828,16.01199160217498,15.67255315593723,15.876945499138177,23012929,-0.025617076076184575,ITUB4.SA,72,809,71.83000183105469,65.91000366210938,1.0
2018-08-20,15.798283576965332,15.88743459768084,15.579121303265369,15.608837507431256,29124501,0.0070841863651252,ITUB4.SA,69,806,72.20999908447266,66.43000030517578,1.0
2018-08-21,15.593976974487305,15.801996399797355,15.45282170995399,15.6831279847475,25410244,-0.01293220250685434,ITUB4.SA,68,805,72.62999725341797,67.3499984741211,1.0
2018-08-22,15.965456008911133,15.991457560525017,15.415690683980213,15.53084454093318,14992649,0.02382195606878157,ITUB4.SA,67,804,74.77999877929688,67.86000061035156,1.0
2018-08-23,15.345099449157715,16.05830637004573,15.345099449157717,15.95801132695444,23189167,-0.038856175445735164,ITUB4.SA,66,803,74.7300033569336,67.83000183105469,1.0
2018-08-24,15.460260391235352,15.668278737973225,15.300531652314099,15.638562519358963,11644974,0.007504737421819563,ITUB4.SA,65,802,75.81999969482422,68.72000122070312,1.0
2018-08-27,15.972877502441406,16.00630839637175,15.549410281151482,15.638561338481436,18281691,0.033157081331997906,ITUB4.SA,62,799,76.20999908447266,68.87000274658203,1.0
2018-08-28,15.861440658569336,15.998881339815673,15.723999977323,15.880014049037651,15209675,-0.006976629217561925,ITUB4.SA,61,798,75.94999694824219,68.52999877929688,1.0
2018-08-29,16.125171661376953,16.16974657357743,15.880006634001743,15.894865339438248,11660099,0.01662717835565175,ITUB4.SA,60,797,77.13999938964844,69.51000213623047,1.0
2018-08-30,15.489984512329102,16.047178000581727,15.478840473988646,15.995172488326261,21014487,-0.039391031759944184,ITUB4.SA,59,796,77.7699966430664,70.25,1.0
2018-08-31,15.701704978942871,15.835432127185761,15.482542680471022,15.482542680471022,20846067,0.013668216804558542,ITUB4.SA,58,795,77.41999816894531,69.80000305175781,1.0
2018-09-03,15.484329223632812,15.618102694348554,15.484329223632812,15.547499962329857,7336061,-0.013844086078650397,ITUB4.SA,55,792,77.41999816894531,69.80000305175781,1.0
2018-09-04,15.350550651550293,15.562358777217318,15.224208011605976,15.454596114402548,19958758,-0.008639610418405552,ITUB4.SA,54,791,78.16999816894531,69.87000274658203,1.0
2018-09-05,15.43973445892334,15.551213133959932,15.164754369586037,15.235358293315842,13287540,0.005809811608552318,ITUB4.SA,53,790,77.2699966430664,68.72000122070312,1.0
2018-09-06,15.829909324645996,15.95625199408036,15.369133011501583,15.558646413384684,22281974,0.02527082747185183,ITUB4.SA,52,789,76.5,67.7699966430664,1.0
2018-09-10,15.974827766418457,16.034282486908495,15.792746405097617,16.011986515023516,16120437,0.009154723428948186,ITUB4.SA,48,785,77.37000274658203,67.54000091552734,1.0
2018-09-11,15.424875259399414,15.677559451198501,15.335692532615198,15.673843454060112,24332251,-0.0344261931997244,ITUB4.SA,47,784,79.05999755859375,69.25,1.0
2018-09-12,15.469463348388672,15.66640873829424,15.361700662917997,15.562362049030721,22141765,0.002890661236439218,ITUB4.SA,46,783,79.73999786376953,70.37000274658203,1.0
2018-09-13,15.383997917175293,15.603238097985907,15.3133951879155,15.558647344335442,20057329,-0.005524783199559513,ITUB4.SA,45,782,78.18000030517578,68.58999633789062,1.0
2018-09-14,15.655259132385254,15.748157823430281,15.354267084310555,15.357983080133826,21237971,0.017632686683291432,ITUB4.SA,44,781,78.08999633789062,68.98999786376953,1.0
2018-09-17,16.026857376098633,16.04543736064524,15.540069008200003,15.540069008200003,17493123,0.02373632020850236,ITUB4.SA,41,778,78.05000305175781,68.91000366210938,1.0
2018-09-18,16.011993408203125,16.1792108602546,15.893083916032394,15.941390671376048,25197466,-0.0009274412036432977,ITUB4.SA,40,777,79.02999877929688,69.8499984741211,1.0
2018-09-19,16.12346839904785,16.264673840192895,15.763021599531665,15.800181560115524,20664560,0.0069619683197981175,ITUB4.SA,39,776,79.4000015258789,71.12000274658203,1.0
2018-09-20,16.019412994384766,16.387291585776847,16.000833024206145,16.220074263241564,14726167,-0.006453661339344996,ITUB4.SA,38,775,78.69999694824219,70.80000305175781,1.0
2018-09-21,16.290685653686523,16.480197837205086,16.09002427756475,16.201502953692046,28743983,0.016933994984513312,ITUB4.SA,37,774,78.80000305175781,70.77999877929688,1.0
2018-09-24,15.885655403137207,16.350147891934174,15.837348637208366,16.298125128277164,12200710,-0.02486268897206667,ITUB4.SA,34,771,81.19999694824219,72.08000183105469,1.0
2018-09-25,15.92280387878418,16.019417340854357,15.580937152885152,15.710994570351032,23247800,0.0023384918471565097,ITUB4.SA,33,770,81.87000274658203,72.27999877929688,1.0
2018-09-26,16.097457885742188,16.298119282009722,15.971116417378868,16.05286713353658,20750555,0.010968797222373539,ITUB4.SA,32,769,81.33999633789062,71.56999969482422,1.0
2018-09-27,16.539663314819336,16.539663314819336,16.15692152643045,16.201512299882435,24503560,0.027470513183874612,ITUB4.SA,31,768,81.72000122070312,72.12000274658203,1.0
2018-09-28,16.398452758789062,16.443044726362974,16.164348542637665,16.26467926514175,16223087,-0.008537692294120047,ITUB4.SA,30,767,82.72000122070312,73.25,1.0
2018-10-01,16.214445114135742,16.54527636861968,16.073191672093195,16.44862883276826,14104830,-0.011221036969765175,ITUB4.SA,27,764,84.9800033569336,75.30000305175781,1.0
2018-10-02,16.83893394470215,16.943015992365183,16.593598464104694,16.608467500191725,35923351,0.03851435101050593,ITUB4.SA,26,763,84.80000305175781,75.2300033569336,1.0
2018-10-03,17.600954055786133,18.1399479605513,17.429962620079507,17.764510976466752,62555535,0.04525346518885365,ITUB4.SA,25,762,86.29000091552734,76.41000366210938,1.0
2018-10-04,17.619544982910156,17.664150879866032,17.154893696162127,17.47085584818317,30873117,0.0010562454208504768,ITUB4.SA,24,761,84.58000183105469,74.33000183105469,1.0
2018-10-05,17.560073852539062,17.894622392382274,17.441123956786043,17.838864704057197,25641886,-0.0033752932001805958,ITUB4.SA,23,760,84.16000366210938,74.33999633789062,1.0
2018-10-08,18.604610443115234,19.366636647404125,18.39644630564136,18.920572704154008,74232290,0.059483610339437165,ITUB4.SA,20,757,83.91000366210938,74.29000091552734,1.0
2018-10-09,18.507951736450195,18.727266316087547,18.35182932993605,18.69752825581982,26109758,-0.005195416854364088,ITUB4.SA,19,756,85.0,74.95999908447266,1.0
2018-10-10,17.868602752685547,18.288648289883774,17.868602752685547,18.251475691920586,23876275,-0.03454455646247945,ITUB4.SA,18,755,83.08999633789062,73.16999816894531,1.0
2018-10-11,17.656719207763672,18.084197978469568,17.508031254025852,18.013571260691414,38571172,-0.011857868679185368,ITUB4.SA,17,754,80.26000213623047,70.97000122070312,1.0
2018-10-15,17.861169815063477,18.01729111496502,17.790541877442564,17.916927508238775,30577234,0.011579195709807033,ITUB4.SA,13,750,80.77999877929688,71.77999877929688,1.0
2018-10-16,18.574859619140625,18.574859619140625,17.946652787903222,17.99869318408916,26245548,0.0399576182000827,ITUB4.SA,12,749,81.41000366210938,71.91999816894531,1.0
2018-10-17,18.381576538085938,18.59345672199101,18.25519212065759,18.400162836221398,27909358,-0.010405628091827768,ITUB4.SA,11,748,80.05000305175781,69.75,1.0
2018-10-18,17.83514976501465,18.266345904351056,17.83514976501465,18.266345904351056,16734636,-0.029726872008998373,ITUB4.SA,10,747,79.29000091552734,68.6500015258789,1.0
2018-10-19,17.816566467285156,18.09164014139673,17.74593971966319,17.97268900517513,11907886,-0.0010419479496575068,ITUB4.SA,9,746,79.77999877929688,69.12000274658203,1.0
2018-10-22,18.076763153076172,18.210582068176734,18.013570954553472,18.017287008634856,9730657,0.014604199202399082,ITUB4.SA,6,743,79.83000183105469,69.16999816894531,1.0
2018-10-23,18.139957427978516,18.16597824415005,17.731064912871823,17.731064912871823,15978529,0.0034958844328050187,ITUB4.SA,5,742,76.44000244140625,66.43000030517578,1.0
2018-10-24,17.667875289916992,18.177132679756856,17.582379514944268,18.13996007979197,15444546,-0.026024434728462942,ITUB4.SA,4,741,76.16999816894531,66.81999969482422,1.0
2018-10-25,17.8723201751709,18.15854556725356,17.66415723952152,17.786824404023758,26278008,0.011571560354548316,ITUB4.SA,3,740,76.88999938964844,67.33000183105469,1.0
2018-10-26,18.206871032714844,18.206871032714844,17.760805851180663,18.03587948020562,39293629,0.018718938238848182,ITUB4.SA,2,739,77.62000274658203,67.58999633789062,1.0
2018-10-29,17.8723201751709,18.333254369377993,17.656722719861204,18.188282440948353,43873102,-0.018374978157576383,ITUB4.SA,1462,736,77.33999633789062,67.04000091552734,1.0
2018-10-30,18.396438598632812,18.51167239841689,17.36677373679404,17.563784807462387,48975171,0.029325706921367933,ITUB4.SA,1461,735,75.91000366210938,66.18000030517578,1.0
2018-10-31,18.307231903076172,18.6863875518456,17.924360199757466,18.58602275040979,27467488,-0.0048491285461779166,ITUB4.SA,1460,734,75.47000122070312,65.30999755859375,1.0
2018-11-01,18.569374084472656,18.606558002966707,18.156638615755718,18.405767253725642,25710036,0.014319050678133216,ITUB4.SA,1459,733,75.5,63.689998626708984,1.0
2018-11-05,18.770160675048828,18.788752631370542,18.502441325269018,18.591681510300027,29338638,0.010812781823597684,ITUB4.SA,1455,729,73.16999816894531,63.099998474121094,1.0
2018-11-06,18.889156341552734,18.889156341552734,18.480139148204614,18.49129432692962,27441316,0.006339618960325977,ITUB4.SA,1454,728,72.12999725341797,62.209999084472656,1.0
2018-11-07,18.90774917602539,19.086228427895925,18.595407773295904,18.94865029458516,26374030,0.0009843125937687436,ITUB4.SA,1453,727,72.06999969482422,61.66999816894531,1.0
2018-11-08,18.647459030151367,19.14199791217732,18.628867070981954,18.963517514777767,23944935,-0.013766321070308285,ITUB4.SA,1452,726,70.6500015258789,60.66999816894531,1.0
2018-11-09,18.881710052490234,18.96723184102471,18.446665533057292,18.591680372868275,26534803,0.012562088055005471,ITUB4.SA,1451,725,70.18000030517578,60.189998626708984,1.0
2018-11-12,18.933765411376953,19.03787793814918,18.740411509691945,18.83708846053445,14860088,0.0027569197250676414,ITUB4.SA,1448,722,70.12000274658203,59.93000030517578,1.0
2018-11-13,18.86311912536621,19.09365697158937,18.67348478809086,18.933768558916885,21769235,-0.003731232772552051,ITUB4.SA,1447,721,65.47000122070312,55.689998626708984,1.0
2018-11-14,19.0267333984375,19.093664467023213,18.70695644756048,18.848254164816638,30922232,0.008673765562518643,ITUB4.SA,1446,720,66.12000274658203,56.25,1.0
2018-11-16,19.614227294921875,19.670003174852106,19.08622286346309,19.149435527384014,32743586,0.030877286404434656,ITUB4.SA,1444,718,66.76000213623047,56.459999084472656,1.0
2018-11-19,19.603071212768555,19.696029803041736,19.45433795045683,19.536141365259617,22212804,-0.0005687750012057791,ITUB4.SA,1441,715,66.79000091552734,56.7599983215332,1.0
2018-11-21,19.348360061645508,19.660700064295217,19.27027506098308,19.515685235252572,18112477,-0.01299343089449878,ITUB4.SA,1439,713,63.47999954223633,54.630001068115234,1.0
2018-11-22,19.303747177124023,19.543580464874804,19.214506968099098,19.52127011129019,7492302,-0.0023057708446267977,ITUB4.SA,1438,712,63.47999954223633,54.630001068115234,1.0
2018-11-23,19.281442642211914,19.36510468020125,19.11969434799318,19.303751795820776,13481340,-0.001155451048309497,ITUB4.SA,1437,711,58.79999923706055,50.41999816894531,1.0
2018-11-26,18.963520050048828,19.56589117047617,18.80734998277388,19.38183376337549,24417622,-0.016488527236394268,ITUB4.SA,1434,708,60.47999954223633,51.630001068115234,1.0
2018-11-27,19.60492706298828,19.649546550570268,18.974668815693096,19.102951499796887,19697544,0.03382320430208319,ITUB4.SA,1433,707,60.209999084472656,51.560001373291016,1.0
2018-11-28,20.09575843811035,20.129222770761512,19.42088033431751,19.57704922887927,21896131,0.025036123498194396,ITUB4.SA,1432,706,58.7599983215332,50.290000915527344,1.0
2018-11-29,20.274232864379883,20.346739700426774,19.805722704150305,19.86707436419457,16461470,0.008881198827065173,ITUB4.SA,1431,705,59.5099983215332,51.45000076293945,0.0
2018-11-30,20.090177536010742,20.541955608375638,20.090177536010742,20.112487891644815,24726931,-0.009078288170030313,ITUB4.SA,1430,704,58.709999084472656,50.93000030517578,1.0
2018-12-03,19.8362979888916,20.53377689575263,19.680062829513062,20.53377689575263,27033719,-0.012636998685754408,ITUB4.SA,1427,701,61.689998626708984,52.95000076293945,1.0
2018-12-04,19.81398582458496,20.098556064417483,19.501514200929336,19.89210222322847,26509707,-0.001124814938711638,ITUB4.SA,1426,700,62.08000183105469,53.25,1.0
2018-12-05,19.82513427734375,19.992529230419358,19.719117755086195,19.864193059534202,15862453,0.0005626557350695283,ITUB4.SA,1425,699,62.08000183105469,53.25,1.0
2018-12-06,20.003692626953125,20.003692626953125,19.41781078947072,19.5349871569672,21087849,0.009006665332573993,ITUB4.SA,1424,698,60.060001373291016,51.4900016784668,1.0
2018-12-07,19.841873168945312,20.282680797794367,19.752596987154984,19.880931950659463,19238340,-0.008089479328920235,ITUB4.SA,1423,697,61.66999816894531,52.61000061035156,1.0
2018-12-10,19.311790466308594,19.942311524907478,19.267152372852344,19.780497079585853,17070004,-0.02671535585996765,ITUB4.SA,1420,694,59.970001220703125,51.0,1.0
2018-12-11,19.48476791381836,19.61868341355302,19.166717094678702,19.585203935711416,22381961,0.008957090116089583,ITUB4.SA,1419,693,60.20000076293945,51.650001525878906,1.0
2018-12-12,19.618677139282227,19.74143397962656,19.378745178505877,19.58519767214773,36444757,0.006872508107674147,ITUB4.SA,1418,692,60.150001525878906,51.150001525878906,1.0
2018-12-13,19.964618682861328,19.964618682861328,19.490333056839194,19.607509335388425,18595362,0.01763327573633533,ITUB4.SA,1417,691,61.45000076293945,52.58000183105469,1.0
2018-12-14,19.819561004638672,19.94789721461184,19.64658668963035,19.80282066016143,13770368,-0.007265737479232759,ITUB4.SA,1416,690,60.279998779296875,51.20000076293945,1.0
2018-12-17,19.28947639465332,19.830720183202615,19.283897083887588,19.808400528507626,16461810,-0.026745527303116745,ITUB4.SA,1413,687,59.61000061035156,49.880001068115234,1.0
2018-12-18,19.60237693786621,19.76424104263271,19.300972815303805,19.37911435681573,16439490,0.016221308282873936,ITUB4.SA,1412,686,56.2599983215332,46.2400016784668,1.0
2018-12-19,19.34004020690918,19.954010388244555,19.34004020690918,19.73074905238878,16972226,-0.013382904113545147,ITUB4.SA,1411,685,57.2400016784668,47.20000076293945,1.0
2018-12-20,19.33446502685547,19.658194483806152,19.300975273576725,19.524237883063098,30856688,-0.0002882713786561686,ITUB4.SA,1410,684,54.349998474121094,45.880001068115234,1.0
2018-12-21,19.245149612426758,19.552134626557983,19.100028634425257,19.479574137557233,31905846,-0.004619492409262516,ITUB4.SA,1409,683,53.81999969482422,45.59000015258789,1.0
2018-12-26,18.8265380859375,19.07212712390362,18.564205985635876,19.027474132933197,21713151,-0.021751534018678464,ITUB4.SA,1404,678,54.470001220703125,46.220001220703125,1.0
2018-12-27,19.14469337463379,19.233998182807415,18.78747414193929,18.78747414193929,15463863,0.016899298598818557,ITUB4.SA,1403,677,52.15999984741211,44.61000061035156,1.0
2018-12-28,19.81446647644043,19.89260798408965,19.22282294356186,19.328873166387478,15502839,0.03498479127871912,ITUB4.SA,1402,676,52.20000076293945,45.33000183105469,1.0
2019-01-02,20.660423278808594,20.738597806413793,19.739081493957997,19.7893355131085,28984066,0.04269389758104336,ITUB4.SA,1397,671,54.90999984741211,46.540000915527344,-1.0
2019-01-03,21.001049041748047,21.001049041748047,20.353316676477327,20.520832544020596,24856433,0.016486872429609667,ITUB4.SA,1396,670,55.95000076293945,47.09000015258789,-1.0
2019-01-04,20.649269104003906,21.05689333009133,20.52083806561178,20.783282316775935,28181675,-0.01675058884176861,ITUB4.SA,1395,669,57.060001373291016,47.959999084472656,-1.0
2019-01-07,20.688350677490234,20.93962568370947,20.520832397750233,20.548752915503822,19148946,0.0018926371335221681,ITUB4.SA,1392,666,57.33000183105469,48.52000045776367,-1.0
2019-01-08,20.950788497924805,20.978706593814916,20.41473354418832,20.760934344277906,22157287,0.01268529446961253,ITUB4.SA,1391,665,58.720001220703125,49.779998779296875,-1.0
2019-01-09,21.26907730102539,21.26907730102539,20.984299576666604,21.162984632758604,23008397,0.01519221117296432,ITUB4.SA,1390,664,61.439998626708984,52.36000061035156,-1.0
2019-01-10,21.12389373779297,21.43659192910259,21.017798674288382,21.174147769943193,28032459,-0.006826039568036291,ITUB4.SA,1389,663,61.68000030517578,52.59000015258789,-1.0
2019-01-11,20.995460510253906,21.179730101977384,20.827944674188284,20.995460510253906,15442903,-0.006079997804063986,ITUB4.SA,1388,662,60.47999954223633,51.59000015258789,-1.0
2019-01-14,21.151805877685547,21.151805877685547,20.91170012946277,20.97870548677521,19711367,0.007446627205689671,ITUB4.SA,1385,659,58.9900016784668,50.5099983215332,-1.0
2019-01-15,20.822362899780273,21.073637894493487,20.593423835569002,21.0401352054359,46588733,-0.015575170262545956,ITUB4.SA,1384,658,60.63999938964844,52.11000061035156,-1.0
2019-01-16,20.760944366455078,20.878206217936825,20.492917966894286,20.855870282408226,19605771,-0.002949642824918941,ITUB4.SA,1383,657,61.31999969482422,52.310001373291016,-1.0
2019-01-17,20.760944366455078,20.855870282408226,20.515253902422884,20.68276979880058,29196956,0.0,ITUB4.SA,1382,656,61.18000030517578,52.06999969482422,-1.0
2019-01-18,21.028968811035156,21.0959766113915,20.772111609813265,20.772111609813265,24162697,0.012910031444096637,ITUB4.SA,1381,655,62.70000076293945,53.79999923706055,-1.0
2019-01-21,20.855871200561523,21.012220342753594,20.688355296809153,20.93963035913336,8808508,-0.008231388425608333,ITUB4.SA,1378,652,62.70000076293945,53.79999923706055,-1.0
2019-01-22,20.822362899780273,20.98429658587637,20.643677869155383,20.85586558883786,13807871,-0.0016066603240408872,ITUB4.SA,1377,651,61.5,52.56999969482422,-1.0
2019-01-23,20.961957931518555,21.04571705666928,20.638093014800937,20.911703904462325,30874136,0.0067040917695153635,ITUB4.SA,1376,650,61.13999938964844,52.619998931884766,-1.0
2019-01-24,20.93404769897461,21.06806091699285,20.794449892966416,20.855873120681345,24113752,-0.001331470687763292,ITUB4.SA,1375,649,61.09000015258789,53.130001068115234,-1.0
2019-01-28,21.308156967163086,21.414252010907834,20.69951204195195,20.69951204195195,25555494,0.01787085199995997,ITUB4.SA,1371,645,59.93000030517578,51.9900016784668,-1.0
2019-01-29,21.151805877685547,21.525927167313014,21.151805877685547,21.442170470672465,17930858,-0.007337616750171527,ITUB4.SA,1370,644,61.31999969482422,53.310001373291016,-1.0
2019-01-30,21.28583526611328,21.447769025637292,20.883795574947726,21.341676324384267,21965357,0.006336545881840294,ITUB4.SA,1369,643,61.650001525878906,54.22999954223633,-1.0
2019-01-31,21.65437126159668,21.994987665820734,21.425429716180155,21.47568617804362,30523926,0.01731367319515531,ITUB4.SA,1368,642,61.88999938964844,53.790000915527344,-1.0
2019-02-01,21.679502487182617,21.841498838426904,21.41695675979789,21.562195284072875,15342292,0.0011605613149574534,ITUB4.SA,1367,641,61.869998931884766,55.2599983215332,-1.0
2019-02-04,22.171072006225586,22.226932224487367,21.450471086297547,21.60129391703677,20038804,0.02267439113667824,ITUB4.SA,1364,638,62.5099983215332,54.560001373291016,-1.0
2019-02-05,21.227033615112305,21.67391789797656,21.01476376182615,21.539852854549764,80658836,-0.04257973592112274,ITUB4.SA,1363,637,61.97999954223633,53.65999984741211,-1.0
2019-02-06,20.33325958251953,21.16558345639826,20.33325958251953,21.11530997803235,44387767,-0.04210546083822386,ITUB4.SA,1362,636,62.689998626708984,54.0099983215332,0.0
2019-02-07,20.4058837890625,20.71311629104586,20.143338026821784,20.56787774748878,34838503,0.0035716952438558103,ITUB4.SA,1361,635,61.630001068115234,52.63999938964844,0.0
2019-02-08,20.841583251953125,20.975650641214692,20.305323352201242,20.377941377308563,34947045,0.021351658540962548,ITUB4.SA,1360,634,62.099998474121094,52.720001220703125,-1.0
2019-02-11,20.606977462768555,20.897454511950972,20.444983525496145,20.841591869498867,20785904,-0.011256620303190523,ITUB4.SA,1357,631,61.5099983215332,52.40999984741211,-1.0
2019-02-12,21.098560333251953,21.22145433896287,20.791327733300328,20.91422173901125,25112491,0.023855166114077564,ITUB4.SA,1356,630,62.41999816894531,53.099998474121094,-1.0
2019-02-13,20.618152618408203,21.210275430057614,20.58463454737112,21.182344106580842,35669785,-0.02276969173515664,ITUB4.SA,1355,629,63.61000061035156,53.900001525878906,-1.0
2019-02-14,21.16558074951172,21.16558074951172,20.350017220382632,20.780143555026953,37265389,0.02655078470099026,ITUB4.SA,1354,628,64.56999969482422,54.40999984741211,-1.0
2019-02-15,20.947731018066406,21.13207197040033,20.774563561566328,21.053867156863202,30422409,-0.01029264134178498,ITUB4.SA,1353,627,66.25,55.59000015258789,-1.0
2019-02-18,20.61256217956543,20.947725929641862,20.61256217956543,20.863934388541665,19942839,-0.01600024547822909,ITUB4.SA,1350,624,66.25,55.59000015258789,-1.0
2019-02-19,21.087379455566406,21.22703123096216,20.774560251263768,20.836007225583863,25550736,0.023035335047852268,ITUB4.SA,1349,623,66.44999694824219,56.09000015258789,-1.0
2019-02-20,20.81924819946289,21.43929982532122,20.81924819946289,21.243787833895222,32575109,-0.0127152478414162,ITUB4.SA,1348,622,67.08000183105469,56.91999816894531,-1.0
2019-02-21,21.199094772338867,21.199094772338867,20.813657607401858,21.03151413107355,28676909,0.018244970675059147,ITUB4.SA,1347,621,67.06999969482422,56.959999084472656,-1.0
2019-02-22,21.49823570251465,21.49823570251465,21.246074886228584,21.422001597083902,19781160,0.01411102376720863,ITUB4.SA,1346,620,67.12000274658203,57.2599983215332,-1.0
2019-02-25,21.16983985900879,21.627249568152084,21.158111242457224,21.551012926930156,14109588,-0.015275478790450103,ITUB4.SA,1343,617,64.76000213623047,55.47999954223633,-1.0
2019-02-26,21.24607276916504,21.357492712573823,21.163972462824827,21.222615538782122,9124162,0.0036010149658174395,ITUB4.SA,1342,616,65.20999908447266,55.5,-1.0
2019-02-27,21.05841636657715,21.328169432872382,21.05841636657715,21.240206724416545,11480349,-0.008832521879537203,ITUB4.SA,1341,615,66.38999938964844,56.939998626708984,-1.0
2019-02-28,20.659645080566406,21.12291830898462,20.624460509984807,21.07014145311222,20408162,-0.018936432781510137,ITUB4.SA,1340,614,66.02999877929688,57.220001220703125,-1.0
2019-03-01,20.439645767211914,20.879650440379795,20.439645767211914,20.820982389936226,18300555,-0.010648746021364897,ITUB4.SA,1339,613,65.06999969482422,55.79999923706055,0.0
2019-03-06,20.445514678955078,20.662583311700104,20.339913448362758,20.615648867964328,10921100,0.0002871337306920019,ITUB4.SA,1334,608,65.98999786376953,56.220001220703125,0.0
2019-03-07,20.727123260498047,20.850325582948795,20.33992030815661,20.41618817104258,21485645,0.013773611765950378,ITUB4.SA,1333,607,66.30000305175781,56.65999984741211,-1.0
2019-03-08,20.973512649536133,21.055646631182555,20.445507938460793,20.60390973212722,15369145,0.011887293086525696,ITUB4.SA,1332,606,65.73999786376953,56.06999969482422,-1.0
2019-03-11,21.659921646118164,21.71858842038264,21.02044822825856,21.032181836674038,22654901,0.0327274218702327,ITUB4.SA,1329,603,66.58000183105469,56.790000915527344,-1.0
2019-03-12,21.706857681274414,21.706857681274414,21.46632310025871,21.65992577429354,14852836,0.0021669531369086226,ITUB4.SA,1328,602,66.66999816894531,56.869998931884766,-1.0
2019-03-13,21.94152069091797,22.09992121704826,21.53085078196869,21.601249888859698,25155772,0.010810547205365006,ITUB4.SA,1327,601,67.55000305175781,58.2599983215332,-1.0
2019-03-14,21.59539794921875,21.941533860861718,21.37832798955359,21.941533860861718,20177710,-0.015774783643072054,ITUB4.SA,1326,600,67.2300033569336,58.61000061035156,-1.0
2019-03-15,21.589527130126953,21.806594520200466,21.40179186906591,21.548460121008183,21647098,-0.00027185510105454114,ITUB4.SA,1325,599,67.16000366210938,58.52000045776367,-1.0
2019-03-18,21.62472915649414,21.742065292757303,21.554330010363174,21.62472915649414,12806412,0.0016305140059351686,ITUB4.SA,1322,596,67.54000091552734,59.09000015258789,-1.0
2019-03-19,21.120195388793945,21.706866003811207,21.120195388793945,21.706866003811207,39681965,-0.023331333495507756,ITUB4.SA,1321,595,67.61000061035156,59.029998779296875,-1.0
2019-03-20,20.64497947692871,21.24925081281928,20.64497947692871,21.1553832115856,29664772,-0.02250054524199041,ITUB4.SA,1320,594,68.5,59.83000183105469,-1.0
2019-03-21,20.281248092651367,20.774052179772657,20.00551265359254,20.71538538877629,35755214,-0.01761839408384125,ITUB4.SA,1319,593,67.86000061035156,59.97999954223633,1.0
2019-03-22,19.682851791381836,20.017254174748764,19.571384330259523,19.97618714866087,34705489,-0.02950490514863091,ITUB4.SA,1318,592,67.02999877929688,59.040000915527344,1.0
2019-03-25,19.712175369262695,20.01724419153594,19.53617373554714,19.647641141077244,22557916,0.0014898033166972358,ITUB4.SA,1315,589,67.20999908447266,58.81999969482422,1.0
2019-03-26,19.917509078979492,20.011376695269018,19.653506011973597,19.946842471355005,18209236,0.01041659308880627,ITUB4.SA,1314,588,67.97000122070312,59.939998626708984,1.0
2019-03-27,19.24283790588379,19.735641957317828,19.236970466521093,19.612439676646147,32088032,-0.0338732705189394,ITUB4.SA,1313,587,67.83000183105469,59.40999984741211,1.0
2019-03-28,20.005510330200195,20.146311119364505,19.154835620481936,19.30150384875241,35287058,0.039634092852967706,ITUB4.SA,1312,586,67.81999969482422,59.29999923706055,1.0
2019-03-29,20.199115753173828,20.269516161770177,19.89991306577931,20.25191637657443,22320553,0.009677604808779439,ITUB4.SA,1311,585,68.38999938964844,60.13999938964844,1.0
2019-04-01,20.04944610595703,20.425080243801634,19.95553757149588,20.3663866170348,19521136,-0.007409712833259974,ITUB4.SA,1308,582,69.01000213623047,61.59000015258789,1.0
2019-04-02,19.732505798339844,20.1492248450351,19.679682167887922,20.102269943137482,18533727,-0.015807933343506164,ITUB4.SA,1307,581,69.37000274658203,62.58000183105469,1.0
2019-04-03,19.55642318725586,20.067049389635596,19.4683833995842,19.97901087032946,22057470,-0.008923479505517196,ITUB4.SA,1306,580,69.30999755859375,62.459999084472656,1.0
2019-04-04,19.849882125854492,20.00835295022501,19.515334298892633,19.773582345071297,20454728,0.01500575722813502,ITUB4.SA,1305,579,69.4000015258789,62.099998474121094,1.0
2019-04-05,20.278352737426758,20.34878383735939,19.838156143207158,19.955542155338936,18345649,0.021585549418159156,ITUB4.SA,1304,578,70.33999633789062,63.08000183105469,1.0
2019-04-08,20.15509796142578,20.34878380300505,20.043581947690207,20.307698889083202,10412949,-0.006078145379801558,ITUB4.SA,1301,575,71.0999984741211,64.4000015258789,1.0
2019-04-09,20.043577194213867,20.084660830026362,19.726635417667968,20.072923373146093,15165318,-0.005533129505267076,ITUB4.SA,1300,574,70.61000061035156,63.97999954223633,1.0
2019-04-10,20.00836181640625,20.213786345489904,19.844022193139327,20.190310162427362,29815914,-0.0017569407629384193,ITUB4.SA,1299,573,71.7300033569336,64.61000061035156,1.0
2019-04-11,19.544687271118164,19.979013739478503,19.433171289969582,19.84988903724752,13699556,-0.023174038411674758,ITUB4.SA,1298,572,70.83000183105469,63.58000183105469,1.0
2019-04-12,19.33926773071289,19.849894137626862,19.16318935320593,19.368613915569714,33375347,-0.010510249540233274,ITUB4.SA,1297,571,71.55000305175781,63.88999938964844,1.0
2019-04-15,19.327526092529297,19.562296804395352,19.157317738645308,19.509473172261465,18725884,-0.0006071397504335829,ITUB4.SA,1294,568,71.18000030517578,63.400001525878906,1.0
2019-04-16,19.30991554260254,19.638594740201622,19.20426829526979,19.20426829526979,19252729,-0.0009111642039673074,ITUB4.SA,1293,567,71.72000122070312,64.05000305175781,1.0
2019-04-17,19.010583877563477,19.48599655621108,18.78168316788756,19.36861056870189,40764433,-0.015501448692443076,ITUB4.SA,1292,566,71.62000274658203,63.7599983215332,1.0
2019-04-18,19.26883316040039,19.48599641123896,18.8521141127906,19.086884817696518,19844834,0.013584500323617243,ITUB4.SA,1291,565,71.97000122070312,64.0,1.0
2019-04-22,19.216012954711914,19.456652431074307,19.01058712439456,19.23362041191745,11401605,-0.0027412249225878815,ITUB4.SA,1287,561,74.04000091552734,65.69999694824219,1.0
2019-04-23,19.4625244140625,19.63273407896267,19.368615852111745,19.368615852111745,15183786,0.012828439485941256,ITUB4.SA,1286,560,74.51000213623047,66.30000305175781,1.0
2019-04-24,19.49186134338379,19.509468794021743,19.180789617497013,19.47425389274584,16595051,0.0015073547859028036,ITUB4.SA,1285,559,74.56999969482422,65.88999938964844,1.0
2019-04-25,19.791202545166016,19.83815618910772,19.15732137593959,19.380353404303317,22194223,0.015357240466100208,ITUB4.SA,1284,558,74.3499984741211,65.20999908447266,1.0
2019-04-26,19.83814239501953,19.908574714507388,19.609241795962202,19.844012389159452,11411236,0.002371753295252965,ITUB4.SA,1283,557,72.1500015258789,63.29999923706055,1.0
2019-04-29,19.679683685302734,20.020101676845414,19.597513869011948,19.9261931341751,12525541,-0.007987577998057827,ITUB4.SA,1280,554,72.04000091552734,63.5,1.0
2019-04-30,19.855754852294922,19.973139536840392,19.62098294647311,19.77358506576692,15296746,0.008946849441674898,ITUB4.SA,1279,553,72.80000305175781,63.90999984741211,1.0
2019-05-02,19.98787498474121,20.093567826323724,19.72363970846428,19.770615432659408,16575223,0.006653996961038189,ITUB4.SA,1277,551,70.75,61.810001373291016,1.0
2019-05-03,19.79410743713379,20.128803831889883,19.7530043043254,20.08182936679252,35157216,-0.00969425452957573,ITUB4.SA,1276,550,70.8499984741211,61.939998626708984,1.0
2019-05-06,19.35958480834961,19.664921949648065,19.336096945502558,19.576843098435774,16586780,-0.021952120355223204,ITUB4.SA,1273,547,71.23999786376953,62.25,1.0
2019-05-07,19.14232063293457,19.21278293555459,18.76064866389213,19.201039006963253,32977891,-0.01122256378769726,ITUB4.SA,1272,546,69.87999725341797,61.400001525878906,1.0
2019-05-08,19.35958480834961,19.600330961282825,19.22453150037152,19.22453150037152,20450083,0.01134993920440519,ITUB4.SA,1271,545,70.37000274658203,62.119998931884766,1.0
2019-05-09,19.11884117126465,19.300868972042863,18.930940769147977,19.124713772603105,24543499,-0.012435371908447679,ITUB4.SA,1270,544,70.38999938964844,61.70000076293945,1.0
2019-05-10,19.0307674407959,19.25977102312755,18.807635192067885,19.077741916411433,16418076,-0.0046066458568170265,ITUB4.SA,1269,543,70.62000274658203,61.65999984741211,1.0
2019-05-13,18.73130226135254,18.819381157405896,18.590377550381902,18.625609362589035,21598945,-0.015735843568841168,ITUB4.SA,1266,540,70.2300033569336,61.040000915527344,1.0
2019-05-14,18.64322280883789,18.89571426594476,18.572760460251665,18.83112325102038,15113880,-0.004702259954257326,ITUB4.SA,1265,539,71.23999786376953,61.779998779296875,1.0
2019-05-15,18.701942443847656,18.701942443847656,18.28503841809438,18.502296796977593,23968388,0.0031496504446606455,ITUB4.SA,1264,538,71.7699966430664,62.02000045776367,1.0
2019-05-16,18.461198806762695,18.596250929417675,18.29678620290889,18.496429353914746,20413714,-0.012872654153855412,ITUB4.SA,1263,537,72.62000274658203,62.869998931884766,1.0
2019-05-17,18.49641990661621,18.790014417214373,18.267416391378198,18.420086247489166,26983074,0.001907844675862247,ITUB4.SA,1262,536,72.20999908447266,62.7599983215332,1.0
2019-05-20,18.977909088134766,19.013139606684252,18.431824630265254,18.613852359912404,27380871,0.026031479818768855,ITUB4.SA,1259,533,71.97000122070312,63.099998474121094,1.0
2019-05-21,19.711898803710938,19.72364273656272,19.00140165206986,19.024889517773428,26574515,0.03867600546337702,ITUB4.SA,1258,532,72.18000030517578,62.9900016784668,1.0
2019-05-22,19.72951316833496,19.846949946084564,19.359585034352737,19.788231557209762,14927841,0.0008935904551572449,ITUB4.SA,1257,531,70.98999786376953,61.41999816894531,1.0
2019-05-23,19.688419342041016,19.799984841171742,19.453544406671757,19.606213051215327,17894262,-0.0020828606333732624,ITUB4.SA,1256,530,67.76000213623047,57.90999984741211,1.0
2019-05-24,19.394821166992188,19.876316155532482,19.383077232036488,19.84695568367889,13072667,-0.014912226824725483,ITUB4.SA,1255,529,68.69000244140625,58.630001068115234,1.0
2019-05-27,19.465288162231445,19.71777965183168,19.39482580457735,19.570982333177078,12018297,0.0036332892493582403,ITUB4.SA,1252,526,68.69000244140625,58.630001068115234,1.0
2019-05-28,20.011363983154297,20.011363983154297,19.447662874373425,19.54161305917024,36895918,0.02805382670791401,ITUB4.SA,1251,525,70.11000061035156,59.13999938964844,1.0
2019-05-29,20.387163162231445,20.486985945924516,19.87631038793144,19.87631038793144,31874349,0.018779288577905007,ITUB4.SA,1250,524,69.44999694824219,58.810001373291016,1.0
2019-05-30,20.598548889160156,20.68075513107774,20.363672824600073,20.440007735921323,18068630,0.010368569930333305,ITUB4.SA,1249,523,66.87000274658203,56.59000015258789,1.0
2019-05-31,20.55158042907715,20.786456576613567,20.404784423027646,20.48699069398681,20639521,-0.0022801829553985575,ITUB4.SA,1248,522,64.48999786376953,53.5,1.0
2019-06-03,20.60738182067871,20.74836687462372,20.40177808806212,20.677874347651215,21458113,0.0027151873693671558,ITUB4.SA,1245,519,61.279998779296875,53.25,1.0
2019-06-04,20.572132110595703,20.736615074206952,20.419398111452704,20.677871521337828,18756361,-0.0017105380193245256,ITUB4.SA,1244,518,61.970001220703125,53.47999954223633,1.0
2019-06-05,20.172677993774414,20.654378023481268,20.131557244049777,20.61325727375663,13815348,-0.019417244390315225,ITUB4.SA,1243,517,60.630001068115234,51.68000030517578,1.0
2019-06-06,20.384159088134766,20.495773658940163,20.196178123009755,20.37828523836888,12972736,0.010483540877696873,ITUB4.SA,1242,516,61.66999816894531,52.59000015258789,1.0
2019-06-07,20.601505279541016,20.724868780060042,20.36652978270977,20.43114845691683,15132234,0.010662504666810735,ITUB4.SA,1241,515,63.290000915527344,53.9900016784668,1.0
2019-06-10,20.343040466308594,20.48402556141416,20.037571067616312,20.472276591909917,20715092,-0.012545918840653814,ITUB4.SA,1238,512,62.290000915527344,53.2599983215332,1.0
2019-06-11,20.442899703979492,20.548639133671273,20.113933717802706,20.472271485677798,33011654,0.004908766604297954,ITUB4.SA,1237,511,62.290000915527344,53.27000045776367,1.0
2019-06-12,20.325416564941406,20.630885966453494,20.24905016666789,20.442904991595697,19982721,-0.005746892111162527,ITUB4.SA,1236,510,59.970001220703125,51.13999938964844,1.0
2019-06-13,19.961191177368164,20.313654968774046,19.80258335986584,20.296032160045318,41781867,-0.017919701001429034,ITUB4.SA,1235,509,61.310001373291016,52.279998779296875,1.0
2019-06-14,19.96707534790039,20.014069948978676,19.667481116293008,19.914205628267034,21272188,0.00029478053087816924,ITUB4.SA,1234,508,62.0099983215332,52.5099983215332,1.0
2019-06-17,19.94357681274414,20.16092953382245,19.861335311226533,19.914205029269628,17717967,-0.001176864149947776,ITUB4.SA,1231,505,60.939998626708984,51.93000030517578,1.0
2019-06-18,20.46053123474121,20.46053123474121,20.0786953710667,20.178559725274948,25822203,0.02592084794271865,ITUB4.SA,1230,504,62.13999938964844,53.900001525878906,1.0
2019-06-19,20.783620834350586,20.848238265504488,20.249050947920402,20.348915289272295,26374993,0.015790870525433043,ITUB4.SA,1229,503,61.81999969482422,53.7599983215332,1.0
2019-06-21,21.253572463989258,21.253572463989258,20.854113820767125,20.901108432539772,31106515,0.022611634102848388,ITUB4.SA,1227,501,65.19999694824219,57.43000030517578,-1.0
2019-06-24,21.20656967163086,21.44154644826838,21.024462606263167,21.288811162612312,25737001,-0.0022115243184662736,ITUB4.SA,1224,498,64.86000061035156,57.900001525878906,-1.0
2019-06-25,20.942228317260742,21.282944633609397,20.842363978003675,21.147833384893698,26954749,-0.01246506900754163,ITUB4.SA,1223,497,65.05000305175781,57.83000183105469,-1.0
2019-06-26,21.441556930541992,21.441556930541992,20.989227239538373,21.05971979920288,37241370,0.023843146283994088,ITUB4.SA,1222,496,66.48999786376953,59.380001068115234,-1.0
2019-06-27,21.294696807861328,21.400437558452797,20.97160578257129,21.265325011877955,23374129,-0.0068493217706346865,ITUB4.SA,1221,495,66.55000305175781,59.43000030517578,-1.0
2019-06-28,21.30055809020996,21.494414114360744,21.23006556755159,21.412172626347278,19957908,0.00027524610477058786,ITUB4.SA,1220,494,66.55000305175781,58.470001220703125,-1.0
2019-07-01,21.203594207763672,21.609095600564082,21.121318673282232,21.609095600564082,18040532,-0.004552175677070891,ITUB4.SA,1217,491,65.05999755859375,59.09000015258789,-1.0
2019-07-02,21.127201080322266,21.344645078799296,20.986157628875777,21.185968973425283,21334503,-0.003602838589197077,ITUB4.SA,1216,490,62.400001525878906,56.25,-1.0
2019-07-03,21.49155616760254,21.53856893640044,20.93913263927279,20.980271669465406,19999036,0.01724578120381648,ITUB4.SA,1215,489,63.81999969482422,57.34000015258789,-1.0
2019-07-04,21.738378524780273,22.03809534538422,21.57382751582252,21.609087720600726,26215807,0.011484620064404982,ITUB4.SA,1214,488,63.81999969482422,57.34000015258789,-1.0
2019-07-05,21.979345321655273,22.008730542805807,21.550337348836024,21.650243036753203,16253791,0.011084856057700598,ITUB4.SA,1213,487,64.2300033569336,57.5099983215332,-1.0
2019-07-08,21.92057228088379,22.03810805794072,21.779528840416265,22.020477945381785,11237547,-0.002674012347109289,ITUB4.SA,1210,484,64.11000061035156,57.65999984741211,-1.0
2019-07-10,21.86180877685547,22.167403382489706,21.714887756070507,22.055742593894237,25793198,-0.0026807468014676816,ITUB4.SA,1208,482,67.01000213623047,60.43000030517578,-1.0
2019-07-11,21.83241081237793,21.83241081237793,21.4974311821271,21.72662763756214,17322437,-0.0013447178491773348,ITUB4.SA,1207,481,66.5199966430664,60.20000076293945,-1.0
2019-07-12,21.42690658569336,22.014587671327178,21.42690658569336,22.00871266386699,21213498,-0.018573497456115473,ITUB4.SA,1206,480,66.72000122070312,60.209999084472656,-1.0
2019-07-15,21.36814308166504,21.56795689960932,21.2271009472285,21.556201800909154,18855725,-0.002742509927567305,ITUB4.SA,1203,477,66.4800033569336,59.58000183105469,-1.0
2019-07-16,21.450420379638672,21.538570916736546,21.27999050459296,21.39164996824635,20218045,0.0038504655111670782,ITUB4.SA,1202,476,64.3499984741211,57.619998931884766,-1.0
2019-07-17,21.39164924621582,21.697246231158005,21.379896688331225,21.50330997609799,26198019,-0.0027398592839997793,ITUB4.SA,1201,475,63.65999984741211,56.779998779296875,-1.0
2019-07-18,21.961711883544922,21.961711883544922,21.426920751459146,21.432795762803423,18365476,0.026648839964031446,ITUB4.SA,1200,474,61.93000030517578,55.29999923706055,-1.0
2019-07-19,21.39164924621582,21.908810053047308,21.39164924621582,21.79127431422045,19425851,-0.025957113013408972,ITUB4.SA,1199,473,62.470001220703125,55.630001068115234,-1.0
2019-07-22,21.756011962890625,21.891177795261,21.520937968339357,21.562075726886206,21145292,0.017032941802711088,ITUB4.SA,1196,470,63.2599983215332,56.220001220703125,-1.0
2019-07-23,21.96759033203125,22.067496008919115,21.585595199228766,21.891189781472935,23938590,0.009725052987721972,ITUB4.SA,1195,469,63.83000183105469,56.77000045776367,-1.0
2019-07-24,21.949947357177734,22.185021369916786,21.820659063166662,22.038100429454275,16643203,-0.0008031365564838966,ITUB4.SA,1194,468,63.18000030517578,55.880001068115234,-1.0
2019-07-25,21.274118423461914,22.12625907685934,21.1448275568784,22.12625907685934,25357333,-0.03078954690498703,ITUB4.SA,1193,467,63.38999938964844,56.02000045776367,-1.0
2019-07-26,21.656108856201172,21.791277260120786,21.16245690839632,21.43866745597668,26994858,0.017955640987594723,ITUB4.SA,1192,466,63.459999084472656,56.20000076293945,-1.0
2019-07-29,21.7442626953125,21.902938763669944,21.421038088650874,21.603219276769167,22919117,0.004070622275528679,ITUB4.SA,1189,463,63.709999084472656,56.869998931884766,-1.0
2019-07-30,21.02140998840332,21.626722580220356,20.956764572093494,21.626722580220356,50086077,-0.03324337628909391,ITUB4.SA,1188,462,64.72000122070312,58.04999923706055,-1.0
2019-07-31,20.463117599487305,21.02729259992783,20.39259461318403,21.003784937826737,40269086,-0.026558275074031856,ITUB4.SA,1187,461,65.16999816894531,58.58000183105469,1.0
2019-08-01,20.50720977783203,21.236251123312353,20.50720977783203,20.701229644794708,37163986,0.002154714604476027,ITUB4.SA,1186,460,60.5,53.95000076293945,1.0
2019-08-02,20.53660774230957,20.695350933835865,20.33083023693024,20.577763243385437,31506464,0.0014335428757019653,ITUB4.SA,1185,459,61.88999938964844,55.65999984741211,1.0
2019-08-05,20.25439453125,20.413137695217365,20.013341649965678,20.107411531885784,24126781,-0.01374195848704618,ITUB4.SA,1182,456,59.810001373291016,54.689998626708984,1.0
2019-08-06,20.865856170654297,20.865856170654297,20.46018115728927,20.542492176875854,20106444,0.030189085063040855,ITUB4.SA,1181,455,58.939998626708984,53.630001068115234,-1.0
2019-08-07,21.636043548583984,21.636043548583984,20.554241879372757,20.618913886866498,36330551,0.03691137193847238,ITUB4.SA,1180,454,56.22999954223633,51.09000015258789,-1.0
2019-08-08,21.753625869750977,21.95940328814157,21.55960861303378,21.753625869750977,34212974,0.005434557427422382,ITUB4.SA,1179,453,57.380001068115234,52.540000915527344,-1.0
2019-08-09,21.589006423950195,21.753628377641288,21.371471359896827,21.747750837216376,13465478,-0.007567448607714189,ITUB4.SA,1178,452,58.529998779296875,54.5,-1.0
2019-08-12,20.695350646972656,21.189216653037455,20.689471834276976,21.16570013170952,22939624,-0.04139402061533248,ITUB4.SA,1175,449,58.56999969482422,54.93000030517578,1.0
2019-08-13,21.101032257080078,21.236257689252362,20.64832163528596,20.683597061607532,15448455,0.019602548274134435,ITUB4.SA,1174,448,61.29999923706055,57.099998474121094,-1.0
2019-08-14,20.63655662536621,20.912887509646456,20.589522311121094,20.81293879778481,23531503,-0.022011986241005865,ITUB4.SA,1173,447,59.47999954223633,55.22999954223633,1.0
2019-08-15,20.577762603759766,20.85997228974164,20.466055000103978,20.85997228974164,21625004,-0.0028490228614097557,ITUB4.SA,1172,446,58.22999954223633,54.470001220703125,1.0
2019-08-16,20.66010284423828,20.966846724721233,20.52778259175922,20.93075997393954,16250619,0.004001418524649081,ITUB4.SA,1171,445,58.63999938964844,54.869998931884766,1.0
2019-08-19,20.569881439208984,20.97285875814467,20.395457838579727,20.84053722666489,25638203,-0.004366938814849952,ITUB4.SA,1168,442,59.7400016784668,56.209999084472656,1.0
2019-08-20,20.34133529663086,20.720254084309037,20.178942273207685,20.6721379699013,19603279,-0.011110717543684312,ITUB4.SA,1167,441,60.029998779296875,56.34000015258789,1.0
2019-08-21,20.497718811035156,20.654097832121586,20.30525172365111,20.563878316261693,22148790,0.007687966995470585,ITUB4.SA,1166,440,60.29999923706055,55.68000030517578,1.0
2019-08-22,20.172914505004883,20.648067827986186,20.148855812755055,20.539805012629248,15354416,-0.01584587577888963,ITUB4.SA,1165,439,59.91999816894531,55.349998474121094,1.0
2019-08-23,19.938343048095703,20.389437623241292,19.8060228565613,19.90225631393501,29781924,-0.011628040006365081,ITUB4.SA,1164,438,59.34000015258789,54.16999816894531,1.0
2019-08-26,19.932331085205078,20.106753351127555,19.661675351965382,20.094725305009245,20180429,-0.000301527708502336,ITUB4.SA,1161,435,58.70000076293945,53.63999938964844,1.0
2019-08-27,20.166902542114258,20.40748558988909,19.896245476071087,19.938347541925868,32389410,0.011768390556350594,ITUB4.SA,1160,434,59.5099983215332,54.93000030517578,1.0
2019-08-28,20.395456314086914,20.503719140883994,19.944362935455644,19.980450977643805,16420455,0.011333112335688122,ITUB4.SA,1159,433,60.4900016784668,55.779998779296875,1.0
2019-08-29,20.503719329833984,20.73227433293042,20.172916822579953,20.479660634820164,19169793,0.00530819286805051,ITUB4.SA,1158,432,61.08000183105469,56.709999084472656,1.0
2019-08-30,20.413503646850586,20.786408265682923,20.317270154901355,20.768363592352227,28678156,-0.004399966734431882,ITUB4.SA,1157,431,60.43000030517578,55.099998474121094,1.0
2019-09-02,20.157772064208984,20.572962304866497,20.157772064208984,20.39846285030584,9478791,-0.012527569351430623,ITUB4.SA,1154,428,60.43000030517578,55.099998474121094,1.0
2019-09-03,19.77266502380371,20.344303245978644,19.718509673242256,20.163785844221184,21658767,-0.01910464307159465,ITUB4.SA,1153,427,58.2599983215332,53.939998626708984,1.0
2019-09-04,19.91106605529785,20.0434448184156,19.742583283870285,20.02539346443192,17459076,0.006999614433740975,ITUB4.SA,1152,426,60.70000076293945,56.2599983215332,1.0
2019-09-05,20.4766845703125,20.855772072189737,20.091581684772972,20.109633037129203,47627014,0.028407244164817103,ITUB4.SA,1151,425,60.95000076293945,56.29999923706055,1.0
2019-09-06,21.162641525268555,21.198744212855384,20.609054845747764,20.609054845747764,24245520,0.03349941503472542,ITUB4.SA,1150,424,61.540000915527344,56.52000045776367,-1.0
2019-09-09,21.68012809753418,21.84259282143902,21.276972678372907,21.28298936060044,39482670,0.024452834569244963,ITUB4.SA,1147,421,62.59000015258789,57.849998474121094,-1.0
2019-09-10,21.25893211364746,21.836587249824337,21.114518654688915,21.728277805776777,25237235,-0.01942774424541449,ITUB4.SA,1146,420,62.380001068115234,57.400001525878906,-1.0
2019-09-11,21.162641525268555,21.469520871465217,21.054330861824624,21.367228189513572,18544604,-0.004529417934266422,ITUB4.SA,1145,419,60.810001373291016,55.75,-1.0
2019-09-12,21.29503059387207,21.42139266270433,21.150617172447305,21.361220620501072,15460578,0.006255791293607649,ITUB4.SA,1144,418,60.380001068115234,55.09000015258789,-1.0
2019-09-13,21.5838565826416,21.908787398585087,21.367236472126688,21.367236472126688,28419039,0.013563069914191317,ITUB4.SA,1143,417,60.220001220703125,54.849998474121094,-1.0
2019-09-16,21.198759078979492,21.43343191423057,21.00620694234565,21.37927654453089,22842752,-0.01784192283652475,ITUB4.SA,1140,414,69.0199966430664,62.900001525878906,-1.0
2019-09-17,21.2769775390625,21.331132892849798,20.98213273537563,21.000184086523976,13879363,0.003689765980715798,ITUB4.SA,1139,413,64.55000305175781,59.34000015258789,-1.0
2019-09-18,21.21078872680664,21.445461506481223,20.958064594954728,21.282995435858282,15087367,-0.0031108183544558132,ITUB4.SA,1138,412,63.599998474121094,58.11000061035156,-1.0
2019-09-19,20.855770111083984,21.559787090542756,20.771528740886488,21.38528766670889,20381537,-0.016737643295365867,ITUB4.SA,1137,411,64.4000015258789,58.130001068115234,1.0
2019-09-20,20.909921646118164,21.120523732822484,20.831696973640117,20.98814501825423,37275926,0.002596477365532479,ITUB4.SA,1136,410,64.27999877929688,58.09000015258789,-1.0
2019-09-23,20.843732833862305,20.89187019637228,20.5789740892023,20.87983553065927,14969309,-0.003165426125264603,ITUB4.SA,1133,407,64.7699966430664,58.63999938964844,1.0
2019-09-24,20.62712287902832,20.994175835423242,20.52483011431119,20.952055132264096,11893780,-0.010392090349675032,ITUB4.SA,1132,406,63.099998474121094,57.290000915527344,1.0
2019-09-25,20.86781120300293,21.01222596276103,20.488724896780482,20.572966298163248,16169836,0.011668535907124467,ITUB4.SA,1131,405,62.38999938964844,56.4900016784668,-1.0
2019-09-26,21.46953582763672,21.4815704986632,20.819672694605266,20.98815548829071,21152430,0.028835061750376534,ITUB4.SA,1130,404,62.7400016784668,56.40999984741211,-1.0
2019-09-27,21.379262924194336,21.445452922808027,21.042297549930893,21.415366914440476,18327294,-0.00420469749169794,ITUB4.SA,1129,403,61.90999984741211,55.90999984741211,-1.0
2019-09-30,21.07840919494629,21.535718768755043,21.07840919494629,21.39130535600936,18111458,-0.014072221774660831,ITUB4.SA,1126,400,60.779998779296875,54.06999969482422,-1.0
2019-10-01,20.599836349487305,21.25599840346965,20.587797824518475,21.20181983751149,19370107,-0.022704410045029655,ITUB4.SA,1125,399,58.88999938964844,53.619998931884766,1.0
2019-10-02,20.033964157104492,20.43127301910255,19.937646896647355,20.37709447878923,26887449,-0.027469742127193997,ITUB4.SA,1124,398,57.689998626708984,52.63999938964844,1.0
2019-10-03,20.039989471435547,20.226603476083305,19.775115966672068,20.009889263422025,24835586,0.0003007549720965841,ITUB4.SA,1123,397,57.709999084472656,52.45000076293945,1.0
2019-10-04,20.136301040649414,20.16639863832352,19.726952377539085,20.003864325849328,28530639,0.004805969052585901,ITUB4.SA,1122,396,58.369998931884766,52.810001373291016,1.0
2019-10-07,19.763084411621094,20.250690261105248,19.732984192996348,20.039996536130584,17645455,-0.01853451774856285,ITUB4.SA,1119,393,58.349998474121094,52.75,1.0
2019-10-08,19.678802490234375,20.027950897940585,19.60054428105228,19.937654165099215,16865951,-0.004264613743042989,ITUB4.SA,1118,392,58.2400016784668,52.630001068115234,1.0
2019-10-09,19.991840362548828,20.130296446518873,19.642690520559146,19.859404843607898,14097805,0.01590736389929215,ITUB4.SA,1117,391,58.31999969482422,52.59000015258789,1.0
2019-10-10,20.136301040649414,20.202518097150527,19.871427611049242,19.92560614884028,12342562,0.007225981974686491,ITUB4.SA,1116,390,59.099998474121094,53.54999923706055,1.0
2019-10-11,20.395156860351562,20.63594940002664,20.22058139098017,20.226601952489087,22626576,0.012855182249192243,ITUB4.SA,1115,389,60.5099983215332,54.70000076293945,1.0
2019-10-14,20.738298416137695,20.792476997824384,20.298851799312335,20.35303038099902,11634550,0.016824658821487315,ITUB4.SA,1112,386,59.349998474121094,53.59000015258789,1.0
2019-10-15,20.690126419067383,20.852662054300563,20.58176932891193,20.756344785373393,18101714,-0.0023228519574598483,ITUB4.SA,1111,385,58.7400016784668,52.810001373291016,1.0
2019-10-16,20.9851016998291,21.057340641704414,20.36506053881127,20.75032969188213,20011385,0.014256813843818605,ITUB4.SA,1110,384,59.41999816894531,53.36000061035156,-1.0
2019-10-17,20.858686447143555,21.147638325027195,20.66003260024205,20.97908338815326,19322521,-0.006024047655035947,ITUB4.SA,1109,383,59.90999984741211,53.93000030517578,1.0
2019-10-18,20.61187171936035,20.840624444271196,20.557693168534257,20.840624444271196,12936707,-0.01183270712701101,ITUB4.SA,1108,382,59.41999816894531,53.779998779296875,1.0
2019-10-21,20.94898796081543,20.99112670203932,20.461382154967673,20.623916556317162,18556274,0.016355440497838547,ITUB4.SA,1105,379,58.959999084472656,53.310001373291016,-1.0
2019-10-22,21.599119186401367,21.60513974744389,20.870721062294226,20.930918867324834,40264667,0.03103401590577981,ITUB4.SA,1104,378,59.70000076293945,54.15999984741211,-1.0
2019-10-23,21.906129837036133,22.122841399578,21.37638554742642,21.42454352789139,38952766,0.014214035673642433,ITUB4.SA,1103,377,61.16999816894531,55.970001220703125,-1.0
2019-10-24,22.008466720581055,22.171001045610325,21.749613831239582,21.948268918784958,30875043,0.004671609467588489,ITUB4.SA,1102,376,61.66999816894531,56.22999954223633,-1.0
2019-10-25,22.152944564819336,22.351599675676173,21.876032562624218,22.00244874176992,21476581,0.006564648327053835,ITUB4.SA,1101,375,62.02000045776367,56.65999984741211,-1.0
2019-10-28,22.453947067260742,22.59240183440113,21.99042085294781,22.062657217786402,23766261,0.01358747147859618,ITUB4.SA,1098,372,61.56999969482422,55.810001373291016,-1.0
2019-10-29,22.05662727355957,22.411796145878718,22.014488549694615,22.32751869814881,18759987,-0.017694875315729663,ITUB4.SA,1097,371,61.59000015258789,55.540000915527344,-1.0
2019-10-30,22.195091247558594,22.273348166949926,21.617188693000937,21.95429732400156,26711381,0.006277658514228346,ITUB4.SA,1096,370,60.61000061035156,55.060001373291016,-1.0
2019-10-31,21.8098201751709,22.07469241227452,21.47872955356651,21.851957609699298,29501393,-0.017358391010448004,ITUB4.SA,1095,369,60.22999954223633,54.18000030517578,-1.0
2019-11-01,21.891122817993164,22.228372354639674,21.626140853279708,22.07781415394009,21479867,0.0037277997786897554,ITUB4.SA,1094,368,61.689998626708984,56.20000076293945,-1.0
2019-11-04,21.963382720947266,22.132007440383482,21.824870674071523,21.951339213648684,11404098,0.0033008769607152377,ITUB4.SA,1091,365,62.130001068115234,56.540000915527344,-1.0
2019-11-05,22.34278678894043,22.878773582608495,22.16211857474521,22.66799269794282,53231512,0.0172743913273119,ITUB4.SA,1090,364,62.959999084472656,57.22999954223633,-1.0
2019-11-06,22.04168128967285,22.49937635135522,22.023614721827073,22.34279509189715,21562009,-0.013476631277555051,ITUB4.SA,1089,363,61.7400016784668,56.349998474121094,-1.0
2019-11-07,22.17416763305664,22.252459554731793,22.023612051636576,22.150078011224014,17776203,0.006010718585512942,ITUB4.SA,1088,362,62.290000915527344,57.150001525878906,-1.0
2019-11-08,21.84294891357422,22.150085844079843,21.692390676036297,21.897148629706717,17094704,-0.014937143299514455,ITUB4.SA,1087,361,62.5099983215332,57.2400016784668,-1.0
2019-11-11,21.939300537109375,22.162124992766383,21.62011628890444,21.800785856858422,19804840,0.004411108770907779,ITUB4.SA,1084,358,62.18000030517578,56.86000061035156,-1.0
2019-11-12,21.565914154052734,21.854984406423984,21.337066654019125,21.69238271482471,22256652,-0.017019065052920612,ITUB4.SA,1083,357,62.060001373291016,56.79999923706055,-1.0
2019-11-13,21.34911346435547,21.583984042484012,21.1865104560884,21.48160379219511,20040504,-0.01005293298251042,ITUB4.SA,1082,356,62.369998931884766,57.119998931884766,-1.0
2019-11-14,21.487625122070312,21.553869629947428,21.174463942585692,21.37922312527032,15875935,0.006487934871211465,ITUB4.SA,1081,355,62.279998779296875,56.77000045776367,-1.0
2019-11-18,21.391265869140625,21.800782893499875,21.367176249637694,21.68033739886145,15120338,-0.004484406833341281,ITUB4.SA,1077,351,62.439998626708984,57.04999923706055,-1.0
2019-11-19,21.156400680541992,21.439449226217636,20.98777590427238,21.379226463675188,20266650,-0.010979489948626742,ITUB4.SA,1076,350,60.90999984741211,55.209999084472656,-1.0
2019-11-21,21.373199462890625,21.379222518896597,21.09617402544753,21.156396776878,29530285,0.010247432236808907,ITUB4.SA,1074,348,63.970001220703125,58.58000183105469,-1.0
2019-11-22,21.517730712890625,21.57795344983632,21.204570919047548,21.234680986082502,18618589,0.006762265530293909,ITUB4.SA,1073,347,63.38999938964844,57.77000045776367,-1.0
2019-11-25,21.210594177246094,21.62011116012387,21.08412563982334,21.553865363920146,17224432,-0.014273649008003209,ITUB4.SA,1070,344,63.650001525878906,58.0099983215332,-1.0
2019-11-26,20.776994705200195,21.13231082230277,20.686659260942587,21.07810981603589,29657861,-0.020442589605106254,ITUB4.SA,1069,343,64.2699966430664,58.40999984741211,1.0
2019-11-27,20.897436141967773,21.03594950835167,20.632454219507903,20.897436141967773,21942357,0.005796865161516118,ITUB4.SA,1068,342,64.05999755859375,58.11000061035156,-1.0
2019-11-28,20.83721351623535,20.897436266696257,20.48791922097337,20.746878089105813,17958276,-0.0028818188663574107,ITUB4.SA,1067,341,64.05999755859375,58.11000061035156,1.0
2019-11-29,20.957660675048828,20.975727240206744,20.656544314746466,20.879370056967517,18729509,0.005780387033018197,ITUB4.SA,1066,340,62.43000030517578,55.16999816894531,-1.0
2019-12-02,21.255895614624023,21.40049307454682,20.990798101433075,21.038998122740338,18635470,0.014230354436946202,ITUB4.SA,1063,337,60.91999816894531,55.959999084472656,-1.0
2019-12-03,21.261917114257812,21.514963286179356,21.032969647757852,21.442664565915962,18127093,0.00028328609356020884,ITUB4.SA,1062,336,60.81999969482422,56.099998474121094,-1.0
2019-12-04,22.027082443237305,22.033108096409617,21.267942585482785,21.322166954036636,38590319,0.03598759814872898,ITUB4.SA,1061,335,63.0,58.43000030517578,-1.0
2019-12-05,21.996973037719727,22.334368200732627,21.87044985158989,21.9126242469665,32944354,-0.0013669266274899394,ITUB4.SA,1060,334,63.38999938964844,58.43000030517578,-1.0
2019-12-06,21.599313735961914,22.09938046690599,21.599313735961914,21.990934330844915,32623828,-0.01807791013226767,ITUB4.SA,1059,333,64.38999938964844,59.20000076293945,-1.0
2019-12-09,22.021055221557617,22.21987832609317,21.551112897562767,21.689685984663623,30252119,0.019525689137684044,ITUB4.SA,1056,330,64.25,59.02000045776367,-1.0
2019-12-10,21.701732635498047,22.153601864563132,21.557135211316755,22.02105314073097,24390430,-0.014500784946352985,ITUB4.SA,1055,329,64.33999633789062,59.2400016784668,-1.0
2019-12-11,21.44869613647461,22.093363088985303,21.42459612094156,21.99093997596947,41970398,-0.011659737186584751,ITUB4.SA,1054,328,63.720001220703125,58.7599983215332,-1.0
2019-12-12,21.442663192749023,21.74390805822163,21.298065761482107,21.659559339649395,26461781,-0.00028127321526671967,ITUB4.SA,1053,327,64.19999694824219,59.18000030517578,-1.0
2019-12-13,21.899572372436523,21.93575927549688,21.32057019309597,21.59197717954858,30880481,0.021308415637569134,ITUB4.SA,1052,326,65.22000122070312,60.06999969482422,-1.0
2019-12-16,21.39896583557129,22.09859503676552,21.39896583557129,21.97796773938366,24544972,-0.022859192332691958,ITUB4.SA,1049,323,65.33999633789062,60.209999084472656,-1.0
2019-12-17,21.724658966064453,21.881473182786873,21.43515860399921,21.561815338246415,21811156,0.015220040678403546,ITUB4.SA,1048,322,66.0999984741211,60.939998626708984,-1.0
2019-12-18,22.002105712890625,22.164949398540035,21.549760258989334,21.66435430161765,45832002,0.012771051884384654,ITUB4.SA,1047,321,66.16999816894531,60.93000030517578,-1.0
2019-12-19,22.110666275024414,22.140823764439837,21.778945621829234,21.809103111244657,24986388,0.004934098742657378,ITUB4.SA,1046,320,66.54000091552734,61.220001220703125,-1.0
2019-12-20,22.014163970947266,22.134788698506032,21.893536636638974,22.09256978318551,28170345,-0.0043645136187575595,ITUB4.SA,1045,319,66.13999938964844,60.439998626708984,-1.0
2019-12-23,22.219221115112305,22.219221115112305,21.899563318896252,22.014158606878947,13246469,0.009314782266347299,ITUB4.SA,1042,316,66.38999938964844,60.52000045776367,-1.0
2019-12-26,22.556976318359375,22.556976318359375,22.104629710638804,22.19509955353279,18505402,0.015201037043433896,ITUB4.SA,1039,313,67.91999816894531,61.68000030517578,-1.0
2019-12-27,22.496673583984375,22.73189371209913,22.26145345586962,22.617298354953313,15244854,-0.0026733518501732556,ITUB4.SA,1038,312,68.16000366210938,61.720001220703125,-1.0
2019-12-30,22.376039505004883,22.67157453684663,22.2312893018424,22.520792314917053,10452831,-0.005362307388652066,ITUB4.SA,1035,309,68.44000244140625,61.68000030517578,-1.0
2020-01-02,22.946226119995117,22.946226119995117,22.31872068431852,22.493696506621983,23414691,0.025482016818154873,ITUB4.SA,1032,306,66.25,61.18000030517578,-1.0
2020-01-03,22.704885482788086,23.072943256370003,22.596280835965548,22.62644792414792,28201956,-0.010517661420442859,ITUB4.SA,1031,305,68.5999984741211,63.04999923706055,-1.0
2020-01-06,22.36699104309082,22.674711944974373,22.270452737439744,22.65661117565256,25259895,-0.014882014707954139,ITUB4.SA,1028,302,68.91000366210938,63.27000045776367,-1.0
2020-01-07,21.84809112548828,22.469563467170193,21.84809112548828,22.366990704031984,22661019,-0.02319936180073845,ITUB4.SA,1027,301,68.2699966430664,62.70000076293945,-1.0
2020-01-08,21.492101669311523,22.210114899239866,21.492101669311523,21.992900462245863,29436359,-0.016293847097765712,ITUB4.SA,1026,300,65.44000244140625,59.61000061035156,-1.0
2020-01-09,21.063709259033203,21.679149787796508,20.828395335093987,21.594676484556608,54864165,-0.019932550891010314,ITUB4.SA,1025,299,65.37000274658203,59.560001373291016,-1.0
2020-01-10,20.876667022705078,21.389533540271856,20.858566250337557,21.166285900097154,28915972,-0.008879833747606036,ITUB4.SA,1024,298,64.9800033569336,59.040000915527344,-1.0
2020-01-13,21.15420913696289,21.35935591606614,20.961129968854163,21.130073914973856,33084393,0.013294368969719361,ITUB4.SA,1021,295,64.19999694824219,58.08000183105469,-1.0
2020-01-14,21.15420913696289,21.15420913696289,20.894760064236984,21.069737163903046,20884928,0.0,ITUB4.SA,1020,294,64.48999786376953,58.22999954223633,-1.0
2020-01-15,20.894758224487305,21.0818029186789,20.75598266612198,21.05163454579977,37114247,-0.012264741772938459,ITUB4.SA,1019,293,64.0,57.810001373291016,-1.0
2020-01-16,20.937000274658203,21.160247877244235,20.768056283933866,21.05767511256221,25897547,0.002021657763016993,ITUB4.SA,1018,292,64.62000274658203,58.52000045776367,-1.0
2020-01-17,21.081809997558594,21.29902313756545,20.955102006579068,21.057674769590463,22346045,0.0069164503510881215,ITUB4.SA,1017,291,64.8499984741211,58.540000915527344,-1.0
2020-01-20,20.653417587280273,21.118013599613274,20.61118158615909,20.9973400557826,20759052,-0.020320475819103345,ITUB4.SA,1014,288,64.8499984741211,58.540000915527344,-1.0
2020-01-21,20.212942123413086,20.80424705165602,20.176740605784794,20.520662846661793,30452887,-0.021327001306479243,ITUB4.SA,1013,287,64.58999633789062,58.34000015258789,-1.0
2020-01-22,20.33363151550293,20.556879149078505,20.212956660847752,20.424137982469887,19763485,0.005970896831988037,ITUB4.SA,1012,286,63.209999084472656,56.7400016784668,-1.0
2020-01-23,20.81632423400879,21.003368971529543,20.152614661312114,20.21295142104746,37476920,0.023738638036095105,ITUB4.SA,1011,285,62.040000915527344,55.59000015258789,-1.0
2020-01-24,20.659448623657227,20.888729362066748,20.48447018863258,20.88269490353375,16718661,-0.0075361821130393025,ITUB4.SA,1010,284,60.689998626708984,54.189998626708984,-1.0
2020-01-27,20.212942123413086,20.56893197146664,20.158639846970647,20.357752105630365,16300584,-0.021612701692960146,ITUB4.SA,1007,281,59.31999969482422,53.13999938964844,-1.0
2020-01-28,20.20692253112793,20.496541386002644,20.09228214187614,20.37586653716262,19471058,-0.0002978088122156386,ITUB4.SA,1006,280,59.5099983215332,53.47999954223633,-1.0
2020-01-29,19.893163681030273,20.387927932928122,19.862995303998947,20.327591178865465,22740896,-0.015527295144242004,ITUB4.SA,1005,279,59.810001373291016,53.33000183105469,-1.0
2020-01-30,20.182785034179688,20.182785034179688,19.657851034073133,19.700087028110328,47347843,0.014558838292050513,ITUB4.SA,1004,278,58.290000915527344,52.13999938964844,-1.0
2020-01-31,19.802658081054688,20.146580462298093,19.633714119433897,19.905232131968667,28845953,-0.018834217006287846,ITUB4.SA,1003,277,58.15999984741211,51.560001373291016,-1.0
2020-02-03,19.860017776489258,20.107512530754764,19.7936161721502,19.920382159798073,19924938,0.0028965654610502156,ITUB4.SA,1000,274,54.45000076293945,50.11000061035156,-1.0
2020-02-04,20.01695442199707,20.198048772075655,19.860006333128478,20.13768442354885,17822429,0.00790214023340896,ITUB4.SA,999,273,53.959999084472656,49.61000061035156,-1.0
2020-02-05,20.137683868408203,20.596454991761927,20.137683868408203,20.348960386925874,39419222,0.006031359409923942,ITUB4.SA,998,272,55.279998779296875,50.75,-1.0
2020-02-06,20.08939552307129,20.367073663554606,19.98677585117466,20.342927397991254,30010677,-0.002397909593400027,ITUB4.SA,997,271,54.93000030517578,50.95000076293945,-1.0
2020-02-07,20.34896469116211,20.614569699836565,19.920374346085687,19.95055652590122,42053561,0.01292070574212767,ITUB4.SA,996,270,54.470001220703125,50.31999969482422,-1.0
2020-02-10,20.693038940429688,20.868097374413896,20.330851551062302,20.361032420303253,52133635,0.01690868574837201,ITUB4.SA,993,267,53.27000045776367,49.56999969482422,-1.0
2020-02-11,21.169923782348633,21.399310687335305,20.91035600332221,21.224252225516572,108217248,0.023045664935526622,ITUB4.SA,992,266,54.0099983215332,49.939998626708984,-1.0
2020-02-12,21.08541488647461,21.417421486565118,20.98279521014599,21.230291181613296,75093200,-0.003991931985342645,ITUB4.SA,991,265,55.790000915527344,51.16999816894531,-1.0
2020-02-13,20.75943946838379,21.00089945523156,20.644746692105045,20.95260693606277,22982338,-0.015459758313786875,ITUB4.SA,990,264,56.34000015258789,51.41999816894531,-1.0
2020-02-14,20.409332275390625,20.7654851842809,20.32482163675541,20.68701046076308,35695618,-0.016864963696460622,ITUB4.SA,989,263,57.31999969482422,52.04999923706055,-1.0
2020-02-17,20.222196578979492,20.51798505924598,20.13768726182981,20.51798505924598,36522255,-0.009169123903028376,ITUB4.SA,986,260,57.31999969482422,52.04999923706055,-1.0
2020-02-18,20.306713104248047,20.367077474954325,19.90226895061896,20.149763653213885,27135350,0.004179393911955431,ITUB4.SA,985,259,57.75,52.04999923706055,-1.0
2020-02-19,20.596450805664062,20.777545113944104,20.23426349360185,20.342919034971576,22404168,0.014268074795196872,ITUB4.SA,984,258,59.119998931884766,53.290000915527344,-1.0
2020-02-20,20.524019241333008,20.687004556972244,20.421399582133258,20.66285829439645,54393857,-0.0035167012518066976,ITUB4.SA,983,257,59.310001373291016,53.779998779296875,-1.0
2020-02-21,20.329130172729492,20.465985465061472,20.186054796337753,20.391336390534,22094859,-0.009495658053712552,ITUB4.SA,982,256,58.5,53.380001068115234,-1.0
2020-02-26,19.315166473388672,19.657303432604138,19.140987951090327,19.346269588898803,39916949,-0.04987737747387744,ITUB4.SA,977,251,53.43000030517578,48.72999954223633,-1.0
2020-02-27,19.327594757080078,20.11139757084332,19.016561126303564,19.097430246709763,69123763,0.000643446884526222,ITUB4.SA,976,250,52.18000030517578,47.09000015258789,-1.0
2020-02-28,19.9061279296875,19.955893985517,19.159647846660068,19.346267867416923,63523344,0.029933014422060644,ITUB4.SA,975,249,50.52000045776367,44.7599983215332,-1.0
2020-03-02,19.84077262878418,20.095938466937124,19.461133353843824,19.871890315515138,58095028,-0.0032831749667322496,ITUB4.SA,972,246,51.900001525878906,46.75,-1.0
2020-03-03,19.47980499267578,19.89678360773666,19.268202840534673,19.697630144174667,49501903,-0.01819322477314822,ITUB4.SA,971,245,51.86000061035156,47.18000030517578,-1.0
2020-03-04,19.666513442993164,19.809654539780716,19.249533462106022,19.797208540441506,35383476,0.009584718655427205,ITUB4.SA,970,244,51.130001068115234,46.779998779296875,-1.0
2020-03-05,18.994365692138672,19.59805312896134,18.78276353579713,19.45491069157321,34451470,-0.034177270557022243,ITUB4.SA,969,243,49.9900016784668,45.900001525878906,-1.0
2020-03-06,18.589834213256836,18.888566450335208,18.247536942329447,18.42179707772552,36741263,-0.021297446065769998,ITUB4.SA,968,242,45.27000045776367,41.279998779296875,-1.0
2020-03-09,17.301549911499023,17.706082475908513,17.03393541976844,17.426020642128645,53794386,-0.06930047288098495,ITUB4.SA,965,239,34.36000061035156,31.1299991607666,-1.0
2020-03-10,17.730976104736328,18.484028821980903,17.16462947232425,18.35955675382771,50493617,0.02482009966933063,ITUB4.SA,964,238,37.220001220703125,34.36000061035156,-1.0
2020-03-11,16.287111282348633,17.513156741141337,15.577623299912686,17.301555888004696,54658299,-0.081431773065331,ITUB4.SA,963,237,35.790000915527344,32.97999954223633,-1.0
2020-03-12,14.687647819519043,15.28511225291688,13.94704229460968,14.438704978069179,66265997,-0.09820424476150225,ITUB4.SA,962,236,33.220001220703125,31.5,1.0
2020-03-13,16.31199836730957,16.915685641624076,14.718762986483435,16.766318900031255,101625228,0.11059296680792263,ITUB4.SA,961,235,33.849998474121094,31.729999542236328,-1.0
2020-03-16,14.81212329864502,15.969709053687122,14.139975993657805,14.6254157886448,70717328,-0.09194919193165252,ITUB4.SA,958,232,30.049999237060547,28.700000762939453,-1.0
2020-03-17,15.683429718017578,16.6231906045963,14.625421013347365,15.25400350205018,79869022,0.05882387027201319,ITUB4.SA,957,231,28.729999542236328,26.950000762939453,-1.0
2020-03-18,14.594295501708984,15.092181209969334,13.405590918736738,14.917921077585024,94874360,-0.06944490050268559,ITUB4.SA,956,230,24.8799991607666,20.3700008392334,-1.0
2020-03-19,14.220884323120117,14.76855955455135,13.150428555758769,14.171096277050108,83448395,-0.025586105101485734,ITUB4.SA,955,229,28.469999313354492,25.219999313354492,-1.0
2020-03-20,13.722990989685059,14.91791835427717,13.442930498030924,14.5569508109579,83160613,-0.03501141856738055,ITUB4.SA,954,228,26.979999542236328,22.43000030517578,1.0
2020-03-23,12.770788192749023,13.996832223007027,12.44716124453923,13.853689767152462,60567800,-0.0693874096144027,ITUB4.SA,951,225,27.030000686645508,23.360000610351562,1.0
2020-03-24,14.003061294555664,14.488499863318276,13.380703224009348,13.505174031159148,58312904,0.09649154642673485,ITUB4.SA,950,224,27.149999618530273,24.010000228881836,1.0
2020-03-25,14.687647819519043,15.390912657923419,13.698098108228015,13.83501754523111,49727030,0.04888834738083614,ITUB4.SA,949,223,27.389999389648438,24.489999771118164,-1.0
2020-03-26,15.092181205749512,15.446925815108022,14.762332630208489,15.079733861306703,57531134,0.02754242144156449,ITUB4.SA,948,222,26.34000015258789,22.600000381469727,-1.0
2020-03-27,14.295561790466309,14.949038564216528,14.009276932622477,14.32667947589599,47564812,-0.0527835840574008,ITUB4.SA,947,221,24.93000030517578,21.510000228881836,1.0
2020-03-30,15.00505256652832,15.179312715435652,14.208434550818803,14.382694699726134,34245491,0.04963014300950164,ITUB4.SA,944,218,22.760000228881836,20.09000015258789,-1.0
2020-03-31,14.37025260925293,15.092188160144719,14.19599239661922,14.905481942265022,46028351,-0.04230574697828349,ITUB4.SA,943,217,22.739999771118164,20.479999542236328,-1.0
2020-04-01,13.32712173461914,13.937428755932608,13.196340312817066,13.837786601011137,50241525,-0.07258959901387696,ITUB4.SA,942,216,24.739999771118164,20.309999465942383,1.0
2020-04-02,13.389402389526367,13.700783057999761,13.171435517852945,13.31466973711821,44364087,0.004673226233496752,ITUB4.SA,941,215,29.940000534057617,25.31999969482422,1.0
2020-04-03,12.866281509399414,13.376947943165648,12.461485668188427,13.339581614180222,42366382,-0.03906977062218664,ITUB4.SA,940,214,34.11000061035156,28.34000015258789,1.0
2020-04-06,13.812871932983398,14.124253749837145,13.632271502020757,13.787961064641669,44533358,0.07357140622894476,ITUB4.SA,937,211,33.04999923706055,26.079999923706055,1.0
2020-04-07,14.3235445022583,14.871575779532924,14.273722742975204,14.634925114551361,43110310,0.036970774199062806,ITUB4.SA,936,210,31.8700008392334,23.6299991607666,1.0
2020-04-08,15.058393478393555,15.189172134666462,14.286167550668237,14.329760884694396,46392951,0.05130357056658674,ITUB4.SA,935,209,32.84000015258789,25.09000015258789,-1.0
2020-04-09,14.634923934936523,15.382239497494712,14.634923934936523,15.232775577499195,42268831,-0.028121827475463657,ITUB4.SA,934,208,31.479999542236328,22.760000228881836,-1.0
2020-04-13,14.946295738220215,14.946295738220215,14.335989015516878,14.603777428183829,24475859,0.02127594271538258,ITUB4.SA,930,204,31.739999771118164,22.40999984741211,-1.0
2020-04-14,15.133138656616211,15.662487587822849,15.133138656616211,15.232780855871823,38256991,0.012500951517920633,ITUB4.SA,929,203,29.600000381469727,20.110000610351562,-1.0
2020-04-15,14.572648048400879,15.245230976292328,14.55396421732145,14.85289071072124,39479498,-0.03703730078295986,ITUB4.SA,928,202,27.690000534057617,19.8700008392334,-1.0
2020-04-16,14.205211639404297,14.83420229897012,14.198984595403255,14.759471041928004,35203782,-0.025214113987807596,ITUB4.SA,927,201,27.81999969482422,19.8700008392334,1.0
2020-04-17,14.460555076599121,14.703432846162814,14.080670128142025,14.597562255492525,28510925,0.01797533494583914,ITUB4.SA,926,200,28.079999923706055,18.270000457763672,-1.0
2020-04-20,14.09935188293457,14.304863313443459,14.012165133881902,14.149172305618887,32385445,-0.024978515122774936,ITUB4.SA,923,197,25.56999969482422,-37.630001068115234,1.0
2020-04-22,13.931198120117188,14.404497943300758,13.83155598124664,13.949880600591005,54442009,-0.011926346984850511,ITUB4.SA,921,195,20.3700008392334,13.779999732971191,1.0
2020-04-23,13.731914520263672,14.161621013017085,13.601134458878658,14.111800614025443,46968628,-0.014304842852370547,ITUB4.SA,920,194,21.329999923706055,16.5,1.0
2020-04-24,13.00327205657959,13.588667647261271,12.685663409693344,13.53884728997551,77972720,-0.05306197199296947,ITUB4.SA,919,193,21.440000534057617,16.940000534057617,1.0
2020-04-27,13.432987213134766,13.787961029985366,13.140287875370042,13.41430338902245,43526121,0.03304669430012752,ITUB4.SA,916,190,19.989999771118164,12.779999732971191,1.0
2020-04-28,14.541505813598633,14.703425138971367,14.06820731114352,14.311084953396435,66017077,0.08252212131788217,ITUB4.SA,915,189,20.459999084472656,12.34000015258789,1.0
2020-04-29,14.734559059143066,15.021029977628206,14.423177274927266,14.946297380436224,35725869,0.013276014741465003,ITUB4.SA,914,188,22.540000915527344,15.0600004196167,1.0
2020-04-30,14.180309295654297,14.529056235590177,13.987251992613647,14.068211680444449,52450082,-0.03761563283054925,ITUB4.SA,913,187,25.270000457763672,18.84000015258789,1.0
2020-05-04,13.64125919342041,13.765892959824331,13.572709813882307,13.678648784664288,36303925,-0.03801398763559294,ITUB4.SA,909,183,27.200000762939453,20.389999389648438,1.0
2020-05-05,14.146028518676758,14.563554611151494,13.653721894818677,13.834442746797272,58831591,0.03700313278262568,ITUB4.SA,908,182,30.969999313354492,24.559999465942383,1.0
2020-05-06,13.859371185302734,14.19588565708738,13.709810095638575,14.083714166492499,33059693,-0.020264156331620153,ITUB4.SA,907,181,29.719999313354492,23.989999771118164,1.0
2020-05-07,13.360832214355469,14.008932460328941,13.16764904399623,13.946615569250493,59143166,-0.03597125470424989,ITUB4.SA,906,180,29.459999084472656,23.549999237060547,1.0
2020-05-08,13.909224510192871,14.189653211086048,13.647491953821508,13.722272491828553,40499198,0.04104477079265956,ITUB4.SA,905,179,30.969999313354492,24.739999771118164,1.0
2020-05-11,13.946612358093262,14.351674750225849,13.815744762250848,13.815744762250848,43299294,0.0026879893895588314,ITUB4.SA,902,176,29.6299991607666,24.139999389648438,1.0
2020-05-12,13.46677017211914,14.121102865344671,13.454307872208032,14.027626189158175,49000210,-0.034405644442800254,ITUB4.SA,901,175,29.979999542236328,25.780000686645508,1.0
2020-05-13,13.460531234741211,13.672409064357142,13.211262486944067,13.547775363804837,39327676,-0.0004632838682319118,ITUB4.SA,900,174,29.190000534057617,25.290000915527344,1.0
2020-05-14,14.052550315856934,14.077477603448822,12.918374890742141,13.279816520745488,69987336,0.043981851146241535,ITUB4.SA,899,173,31.1299991607666,27.559999465942383,1.0
2020-05-15,13.479233741760254,14.189652167302693,13.479233741760254,14.021394959143699,42790577,-0.04079804456915892,ITUB4.SA,898,172,32.5,29.43000030517578,1.0
2020-05-18,14.127336502075195,14.295593740812505,13.716041478504064,13.990239058680517,56197819,0.04808157293890103,ITUB4.SA,895,169,34.810001373291016,31.81999969482422,1.0
2020-05-19,13.516622543334961,14.158490138068855,13.466767965087808,14.102404410887354,46319079,-0.04322923564895087,ITUB4.SA,894,168,34.650001525878906,32.5,1.0
2020-05-20,13.460531234741211,13.678641557400278,13.31097025540143,13.66617791800654,46901668,-0.004149802098410205,ITUB4.SA,893,167,35.75,33.4900016784668,1.0
2020-05-21,14.233281135559082,14.233281135559084,13.529094866306997,13.535326019238397,68890818,0.05740857380304787,ITUB4.SA,892,166,36.060001373291016,33.91999816894531,1.0
2020-05-22,14.30805778503418,14.551094229891104,13.84067700230055,14.083714793851064,58072141,0.005253648035397962,ITUB4.SA,891,165,35.130001068115234,33.25,1.0
2020-05-25,14.931227684020996,15.074557599064356,14.576018471371516,14.900069241045188,31903240,0.04355377287046136,ITUB4.SA,888,162,35.130001068115234,33.25,1.0
2020-05-26,14.339213371276855,15.217887666800241,14.245736694718204,15.161801930203714,60124797,-0.039649406282759925,ITUB4.SA,887,161,36.16999816894531,34.349998474121094,1.0
2020-05-27,14.787897109985352,14.787897109985353,14.43268791316504,14.731811376450922,41286633,0.03129068011549796,ITUB4.SA,886,160,34.7400016784668,32.810001373291016,1.0
2020-05-28,14.526162147521973,14.98731023770953,14.526162147521974,14.638333595771492,27099660,-0.017699268565146142,ITUB4.SA,885,159,35.290000915527344,33.709999084472656,1.0
2020-05-29,14.35790729522705,14.519933345188207,14.15226050466803,14.445151469809257,61146310,-0.011582884080887479,ITUB4.SA,884,158,35.33000183105469,35.4900016784668,1.0
2020-06-01,14.753887176513672,14.872366982789128,14.155250238114752,14.236316077972269,44437732,0.027579219808603783,ITUB4.SA,881,155,38.31999969482422,35.439998626708984,1.0
2020-06-02,15.745365142822266,15.776543870222703,14.859882277285756,14.965890219961247,65499523,0.0672011351616475,ITUB4.SA,880,154,39.56999969482422,36.810001373291016,1.0
2020-06-03,16.16316795349121,16.693210566849004,16.08833870929764,16.40012879893647,66527720,0.026534971204488444,ITUB4.SA,879,153,39.790000915527344,37.290000915527344,-1.0
2020-06-04,16.630857467651367,16.73063026870793,15.88879869158724,16.069635967047276,50233367,0.028935510384221264,ITUB4.SA,878,152,39.9900016784668,37.40999984741211,-1.0
2020-06-05,16.998767852783203,17.896721676483594,16.948882128164662,17.559989329488655,73266011,0.022122153704188685,ITUB4.SA,877,151,42.29999923706055,39.54999923706055,-1.0
2020-06-08,17.68470573425293,17.759534995270226,17.154663001726593,17.217021842216706,35987818,0.04035221184324955,ITUB4.SA,874,148,40.79999923706055,38.189998626708984,-1.0
2020-06-09,17.335487365722656,17.60986064802458,16.998753946628085,17.192064171864537,58505854,-0.019746914298601204,ITUB4.SA,873,147,41.18000030517578,38.939998626708984,-1.0
2020-06-10,16.580968856811523,17.566225007496964,16.512374809772073,17.528809705228873,55794358,-0.043524505137538694,ITUB4.SA,872,146,41.72999954223633,39.599998474121094,-1.0
2020-06-12,16.250473022460938,16.443783411452692,15.976099507734267,16.1569367807456,61413132,-0.019932239014779696,ITUB4.SA,870,144,38.72999954223633,36.2599983215332,-1.0
2020-06-15,15.870084762573242,16.20681700503617,15.608181757594252,15.651832258424085,42389042,-0.02340782692060306,ITUB4.SA,867,141,39.720001220703125,37.119998931884766,1.0
2020-06-16,16.32530403137207,16.568500152366884,16.02598562494992,16.524849635653503,43066689,0.02868411074100763,ITUB4.SA,866,140,40.959999084472656,38.380001068115234,-1.0
2020-06-17,16.531082153320312,16.799220420492546,16.306593048180133,16.32530137198894,40552449,0.0126048569480115,ITUB4.SA,865,139,40.709999084472656,37.959999084472656,-1.0
2020-06-18,17.179601669311523,17.40408938874474,16.412599602999737,16.524844136501574,61149709,0.039230312327795946,ITUB4.SA,864,138,41.5099983215332,38.84000015258789,-1.0
2020-06-19,17.51633071899414,17.609866914760183,17.19830549727726,17.522567273920668,70349896,0.019600515551191577,ITUB4.SA,863,137,42.189998626708984,39.75,-1.0
2020-06-22,16.973817825317383,17.609866921421535,16.780507531215434,17.4851519936863,33178998,-0.03097183436303097,ITUB4.SA,860,134,43.08000183105469,40.459999084472656,-1.0
2020-06-23,16.749326705932617,17.304311299160332,16.56225299014023,17.273132571123277,67533031,-0.013225729278767528,ITUB4.SA,859,133,42.630001068115234,40.369998931884766,-1.0
2020-06-24,16.1132755279541,16.78674114030742,15.963615754336713,16.705675373449253,64993751,-0.03797473111281702,ITUB4.SA,858,132,40.310001373291016,38.0099983215332,-1.0
2020-06-25,16.306598663330078,16.418843254551405,15.907508729923688,16.231769385039577,52542988,0.011997755207536098,ITUB4.SA,857,131,41.04999923706055,38.720001220703125,-1.0
2020-06-26,16.032222747802734,16.350246797141363,15.926213383785573,16.032222747802734,44938632,-0.016826066624449076,ITUB4.SA,856,130,41.02000045776367,38.4900016784668,1.0
2020-06-29,16.512367248535156,16.537310771958573,16.05715535769361,16.15069289674635,34859350,0.02994871692374823,ITUB4.SA,853,127,41.709999084472656,39.70000076293945,-1.0
2020-06-30,15.870084762573242,16.406362536706947,15.870084762573242,16.35024027170139,51811183,-0.03889705675113864,ITUB4.SA,852,126,41.150001525878906,39.27000045776367,1.0
2020-07-01,16.285003662109375,16.353638120192645,15.935593836761319,15.973029833268804,44340408,0.02614471855340339,ITUB4.SA,851,125,42.029998779296875,39.81999969482422,-1.0
2020-07-02,16.565792083740234,17.002556057973738,16.478439558566677,16.534596294310507,47130873,0.017242146667990843,ITUB4.SA,850,124,43.13999938964844,40.650001525878906,-1.0
2020-07-03,16.53459358215332,16.65314322567672,16.34740943771856,16.465959081241955,11603506,-0.0018833087744434263,ITUB4.SA,849,123,43.13999938964844,40.650001525878906,-1.0
2020-07-06,17.302051544189453,17.376924946892576,16.75297812654554,16.92144294553612,33275416,0.04641529035612302,ITUB4.SA,846,120,43.099998474121094,40.630001068115234,-1.0
2020-07-07,16.4534854888916,17.289574858504654,16.422288345727317,17.114868429725934,73551300,-0.049044245020922084,ITUB4.SA,845,119,43.08000183105469,40.619998931884766,-1.0
2020-07-08,16.809131622314453,16.890245259159673,16.534596270759224,16.62818768401227,38509083,0.021615245819067486,ITUB4.SA,844,118,43.290000915527344,40.900001525878906,-1.0
2020-07-09,16.815364837646484,16.95263245610815,16.584504496645586,16.85904108193408,49262840,0.00037082316160552686,ITUB4.SA,843,117,42.349998474121094,39.619998931884766,-1.0
2020-07-10,16.971351623535156,17.039987460014185,16.609463873253123,16.815365989229196,27255901,0.009276443740277696,ITUB4.SA,842,116,43.2400016784668,40.54999923706055,-1.0
2020-07-13,16.72176742553711,17.18972821026472,16.72176742553711,17.12733397831362,28077666,-0.01470620629013042,ITUB4.SA,839,113,42.720001220703125,40.099998474121094,-1.0
2020-07-14,17.002553939819336,17.1086244647829,16.497156864743786,16.690579903998653,32228524,0.016791676808841194,ITUB4.SA,838,112,42.900001525878906,40.290000915527344,-1.0
2020-07-15,17.12110137939453,17.3457228719477,16.89024100021061,17.183496987528958,36201842,0.006972331332974813,ITUB4.SA,837,111,43.790000915527344,41.20000076293945,-1.0
2020-07-16,16.83407974243164,17.046222039199954,16.796643739002764,16.952629333897935,22066534,-0.016764204042873376,ITUB4.SA,836,110,43.369998931884766,40.75,-1.0
2020-07-17,16.98381805419922,17.096127348396262,16.84654919143241,16.915183622815814,36778199,0.008894950841307425,ITUB4.SA,835,109,43.13999938964844,40.59000015258789,-1.0
2020-07-20,17.033754348754883,17.17726227102035,16.821611909674235,17.00255720884775,32553016,0.002940227833123643,ITUB4.SA,832,106,43.279998779296875,40.810001373291016,-1.0
2020-07-21,17.333229064941406,17.495454811916247,17.071170429533755,17.220918413818733,42023423,0.017581251323400382,ITUB4.SA,831,105,44.31999969482422,41.959999084472656,-1.0
2020-07-22,16.890243530273438,17.376922604796817,16.7030593745618,17.376922604796817,51680208,-0.025557011507103544,ITUB4.SA,830,104,44.290000915527344,41.900001525878906,-1.0
2020-07-23,16.53459358215332,16.933918768146107,16.50963533666455,16.908960522657335,33214348,-0.021056531688407154,ITUB4.SA,829,103,43.310001373291016,41.06999969482422,-1.0
2020-07-24,16.515869140625,16.771687707235678,16.29124904545582,16.44099577556861,34212861,-0.001132440385382738,ITUB4.SA,828,102,43.34000015258789,41.290000915527344,-1.0
2020-07-27,17.345718383789062,17.420591745811706,16.559544711638708,16.61570007024695,56040672,0.05024556904019284,ITUB4.SA,825,99,43.40999984741211,41.599998474121094,-1.0
2020-07-28,17.245891571044922,17.63273895527889,17.171016839878032,17.295806710124108,26941380,-0.005755127031085494,ITUB4.SA,824,98,43.220001220703125,41.040000915527344,-1.0
2020-07-29,17.651447296142578,17.776237098040944,17.395628809015033,17.564094839323126,30774772,0.023516077636633437,ITUB4.SA,823,97,43.75,41.27000045776367,-1.0
2020-07-30,17.35196304321289,17.614020571682484,17.108623524386697,17.389400410865182,32962255,-0.016966555087816193,ITUB4.SA,822,96,42.939998626708984,39.91999816894531,-1.0
2020-07-31,16.777931213378906,17.458031865173336,16.71553560669084,17.433074970863462,34987266,-0.033081665077572486,ITUB4.SA,821,95,43.29999923706055,40.27000045776367,-1.0
2020-08-03,17.030763626098633,17.29921101729902,16.54381452100025,16.918390236799983,37612314,0.015069343741147101,ITUB4.SA,818,92,44.150001525878906,41.0099983215332,-1.0
2020-08-04,16.038135528564453,16.66243158519478,15.86333306442558,16.3877404568422,90419518,-0.058284415151710345,ITUB4.SA,817,91,44.43000030517578,41.70000076293945,-1.0
2020-08-05,16.025653839111328,16.418959458141593,15.832121539107519,16.32531449220992,56571143,-0.0007782506533190459,ITUB4.SA,816,90,45.16999816894531,42.189998626708984,-1.0
2020-08-06,16.250398635864258,16.418958757881576,15.8633354014825,16.044381608366038,33894374,0.014024064104294354,ITUB4.SA,815,89,45.09000015258789,41.95000076293945,-1.0
2020-08-07,15.907038688659668,16.512603736371165,15.85709434506416,16.000682309224437,75467317,-0.021129324572186303,ITUB4.SA,814,88,44.400001525878906,41.220001220703125,-1.0
2020-08-10,16.113054275512695,16.281613047104017,15.86333527836198,15.932008070034314,34110211,0.012951221838663152,ITUB4.SA,811,85,44.9900016784668,41.939998626708984,-1.0
2020-08-11,15.92576789855957,16.412717177012233,15.925767898559569,16.30658746551318,29715757,-0.011623269788009538,ITUB4.SA,810,84,44.5,41.61000061035156,-1.0
2020-08-12,15.74472713470459,16.144276644678264,15.551196099690195,16.038145547212405,56153519,-0.01136778866853605,ITUB4.SA,809,83,45.43000030517578,42.66999816894531,-1.0
2020-08-13,15.295225143432617,15.950735736819171,15.295225143432617,15.894549037436462,46391704,-0.028549366872238635,ITUB4.SA,808,82,44.959999084472656,42.2400016784668,1.0
2020-08-14,15.438817977905273,15.738480020063404,15.214072458125173,15.33893063051923,34715799,0.009388082432661093,ITUB4.SA,807,81,44.79999923706055,42.0099983215332,1.0
2020-08-17,15.07048225402832,15.451301782155795,14.889436042039945,15.432571979769476,42819015,-0.023857767116892248,ITUB4.SA,804,78,45.369998931884766,42.88999938964844,1.0
2020-08-18,15.166147232055664,15.416413335507459,15.047270934322123,15.403899827522745,47555975,0.0063478378737198415,ITUB4.SA,803,77,45.459999084472656,42.88999938964844,1.0
2020-08-19,15.091073989868164,15.278773985746398,15.028507775269219,15.216206419066054,31101529,-0.004950053631869178,ITUB4.SA,802,76,45.369998931884766,42.93000030517578,1.0
2020-08-20,15.091073989868164,15.166153717803178,14.728187511447764,14.828294266054916,37688678,0.0,ITUB4.SA,801,75,44.900001525878906,42.58000183105469,1.0
2020-08-21,15.066039085388184,15.166145787651029,14.897108771804502,14.959676305769213,26907617,-0.0016589213263938918,ITUB4.SA,800,74,44.349998474121094,42.34000015258789,1.0
2020-08-24,15.31631088256836,15.535295305070473,15.159894017387364,15.172407528851586,37897717,0.01661165192534919,ITUB4.SA,797,71,45.130001068115234,42.619998931884766,1.0
2020-08-25,15.203683853149414,15.453951266693718,15.09106500434313,15.416410749037894,36263931,-0.007353404503373406,ITUB4.SA,796,70,45.86000061035156,43.349998474121094,1.0
2020-08-26,14.884592056274414,15.241220806234818,14.70940436693353,15.203680297358856,34718858,-0.02098779479743662,ITUB4.SA,795,69,45.63999938964844,43.38999938964844,1.0
2020-08-27,15.128609657287598,15.32882174993664,14.890855684640357,14.94716580047573,39986969,0.01639397304881607,ITUB4.SA,794,68,45.09000015258789,43.040000915527344,1.0
2020-08-28,15.285040855407715,15.366378073463805,15.109854249209077,15.203703637351625,63602201,0.010340090838734994,ITUB4.SA,793,67,45.04999923706055,42.970001220703125,1.0
2020-08-31,14.734439849853516,15.197432965291062,14.734439849853516,15.122353256424633,51036438,-0.03602221353300483,ITUB4.SA,790,64,45.279998779296875,42.61000061035156,1.0
2020-09-01,15.238415718078613,15.238415718078615,14.856516653802098,14.94416566373252,63655112,0.034203938077096874,ITUB4.SA,789,63,45.58000183105469,42.7599983215332,1.0
2020-09-02,15.207111358642578,15.307281840190408,14.962945894428623,15.244675796576308,28518629,-0.0020543053828684377,ITUB4.SA,788,62,44.43000030517578,41.5099983215332,1.0
2020-09-03,15.576496124267578,15.964656750922472,15.12572942500287,15.150772395223894,91774926,0.02429026505517551,ITUB4.SA,787,61,44.06999969482422,41.369998931884766,1.0
2020-09-04,15.626578330993652,15.833179403596281,15.36989132991619,15.751791799238312,47223326,0.0032152421396007824,ITUB4.SA,786,60,42.65999984741211,39.77000045776367,-1.0
2020-09-08,15.275979995727539,15.507623998483421,15.194591050402739,15.376150484995668,33126654,-0.022436027122504365,ITUB4.SA,782,56,39.779998779296875,36.7599983215332,1.0
2020-09-09,15.294770240783691,15.532674442549036,15.125732190302216,15.401202207209655,33617016,0.0012300516930112693,ITUB4.SA,781,55,40.790000915527344,38.04999923706055,1.0
2020-09-10,14.96921443939209,15.438762695996536,14.962953020283512,15.275986093314986,41152259,-0.02128543261954363,ITUB4.SA,780,54,40.060001373291016,37.29999923706055,1.0
2020-09-11,14.793915748596191,15.069384354579373,14.668702253897397,14.99425679893718,26452944,-0.011710613907339962,ITUB4.SA,779,53,39.83000183105469,37.33000183105469,1.0
2020-09-14,15.056859970092773,15.163290540677076,14.599831952460125,14.894083405392529,49272923,0.0177738082306933,ITUB4.SA,776,50,39.61000061035156,37.2599983215332,1.0
2020-09-15,14.856517791748047,15.169549414215483,14.77512883931765,15.131986323049407,33112604,-0.013305707746679163,ITUB4.SA,775,49,40.529998779296875,38.279998779296875,1.0
2020-09-16,14.81269645690918,15.163292598597009,14.800174972857096,14.875302524226969,29033351,-0.002949637018117901,ITUB4.SA,774,48,42.220001220703125,40.15999984741211,1.0
2020-09-17,14.8314847946167,14.919133870154043,14.64366515375907,14.712532671093625,28402837,0.0012683941618716332,ITUB4.SA,773,47,43.29999923706055,40.970001220703125,1.0
2020-09-18,14.4620943069458,14.787647345278485,14.418269807441705,14.712519825120332,44287157,-0.024905833285482903,ITUB4.SA,772,46,43.150001525878906,41.11000061035156,1.0
2020-09-21,14.336885452270508,14.41201299643321,14.055156823424745,14.242976360302753,41436302,-0.008657726330491333,ITUB4.SA,769,43,41.439998626708984,39.310001373291016,1.0
2020-09-22,14.4620943069458,14.593567805458084,14.24923187237931,14.30557785073344,30894983,0.008733337173693068,ITUB4.SA,768,42,41.720001220703125,39.599998474121094,1.0
2020-09-23,14.073936462402344,14.480878511621324,14.067675045354887,14.34940498893253,27895932,-0.026839670403548288,ITUB4.SA,767,41,41.77000045776367,39.93000030517578,1.0
2020-09-24,14.418270111083984,14.612349654991613,14.03636973341245,14.086455649867384,45360901,0.024466051101019737,ITUB4.SA,766,40,41.939998626708984,40.310001373291016,1.0
2020-09-25,14.34315299987793,14.386977532113631,14.16159345036255,14.280545558867585,24666882,-0.005209856010972458,ITUB4.SA,765,39,41.91999816894531,40.25,1.0
2020-09-28,14.336885452270508,14.96295012421637,14.136544432541632,14.556008019804434,66094801,-0.0004369713972566247,ITUB4.SA,762,36,42.43000030517578,40.599998474121094,1.0
2020-09-29,14.023853302001953,14.343147751972793,13.961247236841144,14.336886333691162,30706679,-0.02183404138302436,ITUB4.SA,761,35,41.029998779296875,39.290000915527344,1.0
2020-09-30,14.086459159851074,14.205411211658193,14.005070201802818,14.136543735843702,25282781,0.004464240783250695,ITUB4.SA,760,34,40.95000076293945,40.220001220703125,1.0
2020-10-01,14.108391761779785,14.158509769404917,13.89538718322053,14.127185845408517,23197155,0.001556998936341758,ITUB4.SA,759,33,40.93000030517578,38.720001220703125,1.0
2020-10-02,14.15224552154541,14.60957724866619,13.995624547768776,14.00815438813237,40201106,0.0031083457637195444,ITUB4.SA,758,32,39.27000045776367,37.04999923706055,1.0
2020-10-05,14.302595138549805,14.415362302565187,13.995618911720696,14.233681721224297,25874887,0.010623728706197433,ITUB4.SA,755,29,41.290000915527344,39.220001220703125,1.0
2020-10-06,14.327652931213379,14.647158951481615,14.227415615654246,14.465478393954184,23946974,0.001751975247906934,ITUB4.SA,754,28,42.650001525878906,40.66999816894531,1.0
2020-10-07,14.221155166625977,14.409101385906128,14.139713249039561,14.36524627525421,25827981,-0.0074330223588395805,ITUB4.SA,753,27,41.9900016784668,39.95000076293945,1.0
2020-10-08,15.079429626464844,15.21099082752675,14.158499865186924,14.233677500958786,71616250,0.060351951004167015,ITUB4.SA,752,26,43.34000015258789,41.189998626708984,1.0
2020-10-09,15.035582542419434,15.41773787126944,14.778725596293548,14.972934704902675,55458763,-0.0029077415480263102,ITUB4.SA,751,25,42.849998474121094,40.599998474121094,1.0
2020-10-13,14.891490936279297,15.117025309968353,14.797519183139029,15.023053556828085,35136596,-0.009583373689287744,ITUB4.SA,747,21,42.45000076293945,40.20000076293945,1.0
2020-10-14,14.847646713256836,15.016796232852947,14.822587023744077,14.966678207673434,24984802,-0.0029442466983373716,ITUB4.SA,746,20,43.31999969482422,41.040000915527344,1.0
2020-10-15,14.71607494354248,14.866430266357343,14.571983861742801,14.697280866651882,24705404,-0.008861456111888821,ITUB4.SA,745,19,43.15999984741211,40.959999084472656,1.0
2020-10-16,14.478005409240723,14.691009832569563,14.465475578004375,14.665950170096865,24088939,-0.016177515758454608,ITUB4.SA,744,18,42.93000030517578,40.880001068115234,1.0
2020-10-19,14.63463020324707,15.004255585632146,14.371507738080528,14.565716789843002,43371919,0.01081811959445611,ITUB4.SA,741,15,42.619998931884766,40.83000183105469,1.0
2020-10-20,15.217259407043457,15.286172823593406,14.722338363706953,14.73486819888376,51806311,0.039811679263827005,ITUB4.SA,740,14,43.15999984741211,41.459999084472656,1.0
2020-10-21,15.355090141296387,15.62447692758141,15.079437758908622,15.198469192562252,43210807,0.009057526757356493,ITUB4.SA,739,13,41.72999954223633,40.029998779296875,1.0
2020-10-22,16.144454956054688,16.238426696589233,15.380145780224417,15.392675616398039,75295554,0.051407370943096,ITUB4.SA,738,12,42.459999084472656,40.63999938964844,1.0
2020-10-23,15.937715530395508,16.476490345435014,15.918920099818001,16.22589769157025,57271110,-0.012805599583381788,ITUB4.SA,737,11,41.77000045776367,39.849998474121094,1.0
2020-10-26,16.05048370361328,16.200839034578866,15.762301524391644,15.850009026429088,36406802,0.007075554398163764,ITUB4.SA,734,8,40.459999084472656,38.560001373291016,1.0
2020-10-27,15.593153953552246,16.39505147259037,15.467856916202848,16.351197712594892,53568353,-0.028493206716136643,ITUB4.SA,733,7,41.20000076293945,39.56999969482422,1.0
2020-10-28,14.897754669189453,15.298704015011829,14.866430755393035,15.192201083489898,43793395,-0.04459644831534393,ITUB4.SA,732,6,39.119998931884766,37.38999938964844,1.0
2020-10-29,14.972933769226074,15.060641277806708,14.434158880252864,14.772459077085992,48676512,0.0050463376331535414,ITUB4.SA,731,5,37.650001525878906,36.16999816894531,1.0
2020-10-30,14.70981216430664,14.991728787007798,14.553192570497831,14.816315112710994,44402270,-0.017573149589443116,ITUB4.SA,730,4,37.459999084472656,35.790000915527344,1.0
2020-11-03,15.07026481628418,15.245791921180361,14.863393779043726,14.98250126383609,42419859,0.024504232137795512,ITUB4.SA,726,0,39.709999084472656,37.65999984741211,1.0
2020-11-04,15.672076225280762,16.135969764999246,15.59058090165595,15.985516964054248,109894315,0.03993369833463678,ITUB4.SA,725,1462,41.22999954223633,39.150001525878906,1.0
2020-11-05,16.04193878173828,16.261349089911167,15.929099504326112,15.991788744394402,50004728,0.023600099383187745,ITUB4.SA,724,1461,40.93000030517578,38.790000915527344,1.0
2020-11-06,16.023128509521484,16.186117781782954,15.835063547770435,15.89148317176679,36059991,-0.001172568507630145,ITUB4.SA,723,1460,39.45000076293945,37.13999938964844,1.0
2020-11-09,17.320781707763672,17.565266376937803,16.76285623185441,16.76285623185441,113427009,0.08098625667709514,ITUB4.SA,720,1457,42.400001525878906,40.290000915527344,1.0
2020-11-10,18.10438346862793,18.27364237698305,17.333317366194635,17.333317366194635,96471437,0.045240554039949865,ITUB4.SA,719,1456,43.61000061035156,41.36000061035156,1.0
2020-11-11,17.953922271728516,18.179599339098534,17.68436208476743,18.029147960851855,69702386,-0.008310760604476775,ITUB4.SA,718,1455,43.79999923706055,41.45000076293945,1.0
2020-11-12,17.515111923217773,18.085575104441325,17.29570165265204,17.816016159838004,52200255,-0.024440918361428143,ITUB4.SA,717,1454,43.529998779296875,41.119998931884766,1.0
2020-11-13,17.84735870361328,17.928854024201033,17.54645582235808,17.659295080184037,41748557,0.01896914971779795,ITUB4.SA,716,1453,42.779998779296875,40.130001068115234,1.0
2020-11-16,18.474241256713867,18.549466970469812,18.116917422985136,18.19214313674108,61190157,0.035124668221840016,ITUB4.SA,713,1450,43.81999969482422,41.34000015258789,1.0
2020-11-17,18.486774444580078,18.56200149960912,18.116914186882997,18.41155009897135,45997873,0.000678414214259293,ITUB4.SA,712,1449,43.75,41.43000030517578,1.0
2020-11-18,18.03541374206543,18.53692052561759,17.997801579992625,18.449157007834682,46844791,-0.024415330206345343,ITUB4.SA,711,1448,44.34000015258789,41.81999969482422,1.0
2020-11-19,18.060497283935547,18.430358951860836,17.97273372793808,18.116916906321112,30181873,0.0013907938142618814,ITUB4.SA,710,1447,44.20000076293945,41.7400016784668,1.0
2020-11-23,18.11690902709961,18.311243498512,18.01033942822524,18.08556510711949,31243381,0.003123487813053716,ITUB4.SA,706,1443,46.060001373291016,43.060001373291016,1.0
2020-11-24,18.62469482421875,18.919329468079294,18.242296611773764,18.242296611773764,53998780,0.02802827989915868,ITUB4.SA,705,1442,47.86000061035156,44.90999984741211,1.0
2020-11-25,18.405282974243164,18.674843237553798,18.135722710932527,18.568272239293382,47849082,-0.011780695042061695,ITUB4.SA,704,1441,48.61000061035156,45.709999084472656,1.0
2020-11-26,18.016616821289062,18.392746761512978,17.94139110418637,18.36140282561273,34762819,-0.021117097384376615,ITUB4.SA,703,1440,48.61000061035156,45.709999084472656,1.0
2020-11-27,18.15453338623047,18.674847955368538,18.116921198868656,18.210954376694545,50016285,0.007654964653432517,ITUB4.SA,702,1439,48.18000030517578,45.529998779296875,1.0
2020-11-30,17.903778076171875,18.304983718381525,17.903778076171875,18.160800525381838,67854576,-0.013812269625656293,ITUB4.SA,699,1436,47.59000015258789,45.34000015258789,1.0
2020-12-01,18.659564971923828,19.11115770325808,18.15152297974504,18.220516671379695,58196205,0.04221382171608967,ITUB4.SA,698,1435,47.41999816894531,44.54999923706055,1.0
2020-12-02,18.8038330078125,18.96690797628869,18.46513727856655,18.766199697199834,36436713,0.007731586245753652,ITUB4.SA,697,1434,48.25,45.279998779296875,-1.0
2020-12-03,18.791284561157227,19.368320401551035,18.753651258574955,18.90418175805926,45192877,-0.0006673345083452187,ITUB4.SA,696,1433,48.709999084472656,45.63999938964844,-1.0
2020-12-04,18.979442596435547,19.07352379117164,18.596842213744964,18.954353735670466,39764447,0.010013048052460283,ITUB4.SA,695,1432,49.25,46.2599983215332,-1.0
2020-12-07,19.092342376708984,19.481212967167288,18.835184925420375,18.973172313329115,34741292,0.005948529821136139,ITUB4.SA,692,1429,48.790000915527344,45.7599983215332,-1.0
2020-12-08,19.042173385620117,19.52512675396481,18.935547704547904,19.09235113348188,31536148,-0.0026277022535521333,ITUB4.SA,691,1428,48.84000015258789,45.599998474121094,-1.0
2020-12-09,19.155073165893555,19.280516188003546,18.998269727111758,19.06099056045537,35784218,0.005928933530176428,ITUB4.SA,690,1427,48.86000061035156,45.52000045776367,-1.0
2020-12-10,19.788555145263672,19.89518217788595,19.293057357949696,19.293057357949696,57185795,0.033071237780394336,ITUB4.SA,689,1426,50.25,46.779998779296875,-1.0
2020-12-11,19.671628952026367,19.784755485780117,19.36367074702162,19.589925172704884,27197665,-0.005908778704608486,ITUB4.SA,688,1425,49.970001220703125,46.56999969482422,-1.0
2020-12-14,19.407665252685547,19.879029669727537,19.407665252685547,19.778471692008107,30308089,-0.01341849726753963,ITUB4.SA,685,1422,50.290000915527344,46.9900016784668,-1.0
2020-12-15,19.583648681640625,19.73448502541531,19.40767249451139,19.40767249451139,28385955,0.009067727965409222,ITUB4.SA,684,1421,50.7599983215332,47.619998931884766,-1.0
2020-12-16,19.954448699951172,20.22469853173597,19.495652821338243,19.633920556160938,46688550,0.018934164125307573,ITUB4.SA,683,1420,51.08000183105469,47.81999969482422,-1.0
2020-12-17,19.929317474365234,20.2058517052981,19.841329371712796,20.04244542296878,20237079,-0.001259429712332727,ITUB4.SA,682,1419,51.5,48.36000061035156,-1.0
2020-12-18,19.89788818359375,20.186992262495373,19.80361446482422,19.93559794273678,35932075,-0.0015770379899818776,ITUB4.SA,681,1418,52.2599983215332,49.099998474121094,-1.0
2020-12-21,19.545934677124023,19.79732898161354,19.426522484354702,19.514510558834836,26583352,-0.017687982926747003,ITUB4.SA,678,1415,50.90999984741211,47.7400016784668,-1.0
2020-12-22,19.64020347595215,19.891599093100183,19.57735525075302,19.589925167428,22273647,0.0048229363489307175,ITUB4.SA,677,1414,50.08000183105469,47.02000045776367,-1.0
2020-12-23,20.073863983154297,20.142997861255004,19.652777792069713,19.684201911703834,22613773,0.022080245132548137,ITUB4.SA,676,1413,51.20000076293945,48.119998931884766,-1.0
2020-12-28,20.218420028686523,20.381826298087905,20.11786201101421,20.249844154551056,17498731,0.007201206785775627,ITUB4.SA,671,1408,50.86000061035156,47.619998931884766,-1.0
2020-12-29,20.174427032470703,20.356687515256205,20.067584727326665,20.281270695791147,18563298,-0.0021758869463291974,ITUB4.SA,670,1407,51.09000015258789,48.0,-1.0
2020-12-30,19.8790283203125,20.318968594111396,19.8790283203125,20.237264818330583,29055105,-0.014642235523356306,ITUB4.SA,669,1406,51.34000015258789,48.400001525878906,-1.0
2021-01-04,19.429445266723633,20.114820491005812,19.39171898799691,20.108533230824694,35517057,-0.022615947135076087,ITUB4.SA,664,1401,51.09000015258789,47.619998931884766,-1.0
2021-01-05,19.303693771362305,19.530055573875494,18.9704376498548,19.322556915199986,32007023,-0.006472212337255923,ITUB4.SA,663,1400,53.599998474121094,49.93000030517578,-1.0
2021-01-06,19.869598388671875,20.158838215136775,19.360281325071433,19.479751514643254,48789132,0.029315872081907335,ITUB4.SA,662,1399,54.29999923706055,50.630001068115234,-1.0
2021-01-07,20.643009185791016,20.787629818149014,19.806724423230314,19.90104287681276,52265063,0.03892432962107972,ITUB4.SA,661,1398,54.380001068115234,50.83000183105469,-1.0
2021-01-08,20.636722564697266,21.02656958357656,20.391496192195437,20.70588925618664,59519322,-0.0003045399552540351,ITUB4.SA,660,1397,55.9900016784668,52.2400016784668,-1.0
2021-01-11,20.171417236328125,20.561262785965507,19.945054076959035,20.41664218055088,35762351,-0.022547443127676092,ITUB4.SA,657,1394,55.65999984741211,52.25,-1.0
2021-01-12,20.234296798706055,20.404067822089548,20.133691093565265,20.234296798706055,37490176,0.003117260509821085,ITUB4.SA,656,1393,56.58000183105469,53.209999084472656,-1.0
2021-01-13,19.90104103088379,20.454371740193313,19.65581470490018,20.234297180674805,48404705,-0.016469846772415475,ITUB4.SA,655,1392,56.060001373291016,52.90999984741211,-1.0
2021-01-14,20.49209976196289,20.71217434007029,19.913617237325973,20.133693174253935,31976092,0.029699890079210256,ITUB4.SA,654,1391,56.41999816894531,53.56999969482422,-1.0
2021-01-15,19.71869659423828,20.3663445154207,19.712409330810406,20.15255853538299,42778794,-0.0377415285260414,ITUB4.SA,653,1390,55.099998474121094,52.36000061035156,-1.0
2021-01-18,19.618087768554688,20.07710001792803,19.58036012009834,19.907327638105073,21439532,-0.0051022046615896155,ITUB4.SA,650,1387,55.099998474121094,52.36000061035156,-1.0
2021-01-19,19.38543128967285,19.87588380697347,19.209371690399824,19.80042988711647,30824398,-0.01185928422925886,ITUB4.SA,649,1386,55.900001525878906,52.97999954223633,-1.0
2021-01-20,19.064762115478516,19.55521352209463,18.932715990397178,19.523774486149836,32848502,-0.01654176115055872,ITUB4.SA,648,1385,56.08000183105469,53.2400016784668,-1.0
2021-01-21,18.806941986083984,19.15277379567614,18.643458327323543,19.064745387561658,39282922,-0.013523385596571846,ITUB4.SA,647,1384,56.099998474121094,53.130001068115234,-1.0
2021-01-22,18.404525756835938,18.5302831831218,18.222178915482377,18.39194987832536,41696212,-0.02139721755646462,ITUB4.SA,646,1383,55.40999984741211,52.27000045776367,-1.0
2021-01-26,17.793659210205078,18.801441623337915,17.72437382050684,18.25975869537987,57774842,-0.03319110498698763,ITUB4.SA,642,1379,55.90999984741211,52.61000061035156,-1.0
2021-01-27,17.793659210205078,18.25975869537987,17.54801200029504,17.705478300099177,48685803,0.0,ITUB4.SA,641,1378,55.810001373291016,52.849998474121094,-1.0
2021-01-28,18.51170539855957,18.662873657039366,17.781063126224137,17.818855531132265,58947950,0.04035404858954905,ITUB4.SA,640,1377,55.529998779296875,52.34000015258789,-1.0
2021-01-29,17.850353240966797,18.61248870499215,17.818860242459593,18.404633825922154,52468890,-0.03572616046732435,ITUB4.SA,639,1376,55.880001068115234,52.20000076293945,-1.0
2021-02-01,18.326147079467773,18.540413356687047,18.111879440375027,18.275730523505494,52534944,0.02665458952425781,ITUB4.SA,636,1373,56.349998474121094,53.54999923706055,-1.0
2021-02-02,17.935422897338867,18.464788524715043,17.64553180752619,18.326145729776538,113671397,-0.02132058530549863,ITUB4.SA,635,1372,57.459999084472656,54.7599983215332,-1.0
2021-02-03,17.847196578979492,18.212711161634303,17.77787449557768,18.12448355071326,46949933,-0.004919110012870931,ITUB4.SA,634,1371,58.459999084472656,55.689998626708984,-1.0
2021-02-04,17.77157211303711,17.99844251619908,17.56990862453309,17.979536989737266,74160061,-0.004237330250032256,ITUB4.SA,633,1370,58.84000015258789,56.22999954223633,-1.0
2021-02-05,17.695953369140625,17.92912796443505,17.57621605724874,17.840898966233073,44519988,-0.004255039645086334,ITUB4.SA,632,1369,59.34000015258789,56.849998474121094,-1.0
2021-02-08,17.368255615234375,17.771582835591474,17.336745931495393,17.645542738761325,32786187,-0.01851823109331374,ITUB4.SA,629,1366,60.560001373291016,57.970001220703125,1.0
2021-02-09,17.576213836669922,17.9039174172536,17.1602839927785,17.324135102133493,42778341,0.011973466192721105,ITUB4.SA,628,1365,61.09000015258789,58.36000061035156,-1.0
2021-02-10,17.450166702270508,17.765265989298758,17.254806015911733,17.582508075972846,32474159,-0.00717146113325251,ITUB4.SA,627,1364,61.470001220703125,58.68000030517578,1.0
2021-02-11,17.450166702270508,17.727453584581077,17.330429463474065,17.639226002112853,25381012,0.0,ITUB4.SA,626,1363,61.13999938964844,58.2400016784668,1.0
2021-02-12,17.49428367614746,17.708551284782168,17.267411930313852,17.34933814117005,28173404,0.0025281691934331274,ITUB4.SA,625,1362,62.43000030517578,59.470001220703125,-1.0
2021-02-17,17.714859008789062,17.821992170489732,17.41866644522772,17.519498217011666,27915647,0.012608423226973642,ITUB4.SA,620,1357,64.33999633789062,61.13999938964844,-1.0
2021-02-18,17.588815689086914,17.960633033881827,17.52579635412107,17.59511843970761,55882732,-0.0071151184234440334,ITUB4.SA,619,1356,63.93000030517578,60.52000045776367,-1.0
2021-02-19,17.40606117248535,17.77157581074857,17.22960592379784,17.57621366979192,30505118,-0.010390382151480138,ITUB4.SA,618,1355,62.90999984741211,59.2400016784668,1.0
2021-02-22,16.139362335205078,16.76955980498023,16.088945774973855,16.731747384806813,97990677,-0.07277343361763022,ITUB4.SA,615,1352,65.23999786376953,61.4900016784668,1.0
2021-02-23,17.172883987426758,17.286318505361706,16.290606586762895,16.328419000656787,86633938,0.06403732878387891,ITUB4.SA,614,1351,65.37000274658203,61.66999816894531,1.0
2021-02-24,16.920808792114258,17.34304001042269,16.769560467320392,17.286322058859195,40386578,-0.014678675724884571,ITUB4.SA,613,1350,67.04000091552734,63.220001220703125,1.0
2021-02-25,16.391443252563477,17.053151842305656,16.37253772087403,16.952320070172313,46423088,-0.031284883958826226,ITUB4.SA,612,1349,66.87999725341797,63.529998779296875,1.0
2021-02-26,16.193052291870117,16.725426253567694,16.167700759518965,16.605008529318876,54721294,-0.012103324743068744,ITUB4.SA,611,1348,66.12999725341797,61.5,1.0
2021-03-01,15.707927703857422,16.468909553902492,15.707927703857422,16.424518991663778,51129457,-0.02995881068427453,ITUB4.SA,608,1345,63.689998626708984,60.63999938964844,1.0
2021-03-02,16.342086791992188,16.690870539142843,15.168906093698617,15.428908672892902,75324899,0.040371912838574664,ITUB4.SA,607,1344,62.70000076293945,59.75,1.0
2021-03-03,16.380136489868164,16.67184645836523,15.739644114636913,16.342088197710087,69736603,0.0023283255290640348,ITUB4.SA,606,1343,64.06999969482422,61.279998779296875,1.0
2021-03-04,16.893800735473633,17.18551072707649,16.443553896624316,16.500627709800384,74479227,0.03135897224807582,ITUB4.SA,605,1342,66.73999786376953,63.83000183105469,1.0
2021-03-05,17.521608352661133,17.642096884399496,16.81769993618779,16.950873058066968,87989913,0.03716201149864573,ITUB4.SA,604,1341,69.36000061035156,66.08999633789062,1.0
2021-03-08,16.963558197021484,17.74356471267523,16.843069641917435,17.05868167817937,64742225,-0.031849254041504294,ITUB4.SA,601,1338,68.23999786376953,65.05000305175781,1.0
2021-03-09,17.19819450378418,17.477221282525548,16.709897983591386,16.881119428643498,42477076,0.013831785998994706,ITUB4.SA,600,1337,67.5199966430664,64.01000213623047,1.0
2021-03-10,17.32501983642578,17.4328251357688,16.874771756079117,17.19184810061924,42320722,0.007374339940956931,ITUB4.SA,599,1336,67.9000015258789,64.44000244140625,1.0
2021-03-11,17.350385665893555,17.68014524317496,17.10940862014093,17.502582920953444,39134159,0.001464115464643978,ITUB4.SA,598,1335,69.62999725341797,66.0199966430664,1.0
2021-03-12,17.236234664916992,17.445504290957416,17.160136743667532,17.217210527209037,27834637,-0.006579162168190544,ITUB4.SA,597,1334,69.22000122070312,65.61000061035156,1.0
2021-03-15,17.439172744750977,17.49624518856001,17.109413081483524,17.217219784099026,31826649,0.011773921844255852,ITUB4.SA,594,1331,68.87999725341797,65.38999938964844,1.0
2021-03-16,17.084033966064453,17.464526235508945,16.874764382724738,17.445500731265437,24795138,-0.020364428054273187,ITUB4.SA,593,1330,68.38999938964844,64.80000305175781,1.0
2021-03-17,17.749897003173828,17.78794527785406,16.976231849525128,17.033305631963096,40771231,0.0389757500150163,ITUB4.SA,592,1329,68.0,64.5999984741211,1.0
2021-03-18,17.851362228393555,18.212827707669028,17.65477444137435,17.711848226611043,51899784,0.0057163838867111405,ITUB4.SA,591,1328,63.279998779296875,60.0,1.0
2021-03-19,17.889419555664062,18.124055737937844,17.597709559278456,17.90844370356188,53595885,0.002131900455752067,ITUB4.SA,590,1327,64.52999877929688,61.41999816894531,1.0
2021-03-22,17.99087905883789,17.99722135335431,17.439167956809708,17.749902016410086,40546557,0.0056714810035132235,ITUB4.SA,587,1324,64.62000274658203,61.54999923706055,1.0
2021-03-23,17.534292221069336,18.086004762117394,17.52795129618247,17.7562451483823,35929469,-0.025378795348205085,ITUB4.SA,586,1323,60.790000915527344,57.7599983215332,1.0
2021-03-24,17.229900360107422,17.62941703011983,17.229900360107422,17.527952631274264,45459132,-0.017359803128874196,ITUB4.SA,585,1322,64.41000366210938,61.18000030517578,1.0
2021-03-25,17.534292221069336,17.553316366148113,17.03965348567578,17.1220937317141,58976162,0.017666489915790562,ITUB4.SA,584,1321,61.95000076293945,58.560001373291016,1.0
2021-03-26,17.83329963684082,17.858712624267138,17.464816810890696,17.483875864994,37105863,0.017052722288510402,ITUB4.SA,583,1320,64.56999969482422,60.970001220703125,1.0
2021-03-29,17.82694435119629,17.922240980077415,17.53469915926858,17.865062453575675,25971872,-0.000356371831010005,ITUB4.SA,580,1317,64.9800033569336,61.560001373291016,1.0
2021-03-30,18.119182586669922,18.138241630542325,17.680814967079783,17.687167524059873,27019104,0.016393063764403415,ITUB4.SA,579,1316,64.13999938964844,60.54999923706055,1.0
2021-03-31,17.76976203918457,18.09377270504834,17.585520007157932,17.98576823447217,33286180,-0.01928456462171846,ITUB4.SA,578,1315,63.540000915527344,59.15999984741211,1.0
2021-04-01,17.226285934448242,17.881012713348902,17.226285934448242,17.881012713348902,36071207,-0.030584320912001806,ITUB4.SA,577,1314,64.86000061035156,61.45000076293945,1.0
2021-04-05,17.448755264282227,17.537745660689648,17.238987771671635,17.391544699325735,27186335,0.01291452671112947,ITUB4.SA,573,1310,62.150001525878906,58.650001525878906,1.0
2021-04-06,17.245349884033203,17.563177133544855,17.1309314697945,17.480542680559722,26249344,-0.011657300315593089,ITUB4.SA,572,1309,62.7400016784668,59.33000183105469,1.0
2021-04-07,17.09278678894043,17.38518731413488,16.94022850006849,17.175421212313417,35444885,-0.008846622197791754,ITUB4.SA,571,1308,63.15999984741211,59.77000045776367,1.0
2021-04-08,16.959299087524414,17.226274396688318,16.952943121259587,17.169065205629057,30197509,-0.007809592611450977,ITUB4.SA,570,1307,63.20000076293945,59.599998474121094,1.0
2021-04-09,16.933876037597656,17.156356882374357,16.84488562282392,16.86395489929906,23231598,-0.0014990625376410938,ITUB4.SA,569,1306,62.95000076293945,59.31999969482422,1.0
2021-04-12,17.353412628173828,17.353412628173828,17.016514694723444,17.035583974377023,28113582,0.024774988882916738,ITUB4.SA,566,1303,63.279998779296875,59.70000076293945,1.0
2021-04-13,17.3470516204834,17.442399364723826,17.086432255022373,17.270771776688164,30517241,-0.00036655658611506325,ITUB4.SA,565,1302,63.66999816894531,60.18000030517578,1.0
2021-04-14,17.56953239440918,17.8555770224588,17.194494608526576,17.391547452412386,45978612,0.012825278830846054,ITUB4.SA,564,1301,66.58000183105469,63.150001525878906,1.0
2021-04-15,17.56953239440918,17.84921968149328,17.41061810163976,17.582244329001856,33895961,0.0,ITUB4.SA,563,1300,66.94000244140625,63.459999084472656,1.0
2021-04-16,17.76658821105957,17.86193735214303,17.474186193118758,17.474186193118758,22814088,0.011215768992981046,ITUB4.SA,562,1299,66.7699966430664,63.130001068115234,1.0
2021-04-19,17.49960708618164,17.77293973591028,17.44875523493878,17.72208651099846,30561428,-0.015027146557701876,ITUB4.SA,559,1296,67.05000305175781,63.380001068115234,1.0
2021-04-20,17.410619735717773,17.65852583591829,17.334341252656685,17.42333304517284,22424902,-0.0050851056269791695,ITUB4.SA,558,1295,66.56999969482422,62.439998626708984,1.0
2021-04-22,17.416975021362305,17.620385217336874,17.308913955731114,17.499610842748616,27442166,0.00036502351673872724,ITUB4.SA,556,1293,65.4000015258789,61.43000030517578,1.0
2021-04-23,17.49960708618164,17.734799817226413,17.41697128253441,17.44875523493878,19459161,0.004744340777774969,ITUB4.SA,555,1292,66.11000061035156,62.13999938964844,1.0
2021-04-26,17.486894607543945,17.703018076309597,17.340693639506746,17.588599688511955,23160786,-0.0007264436609970559,ITUB4.SA,552,1289,65.6500015258789,61.90999984741211,1.0
2021-04-27,17.219924926757812,17.639457321238567,17.17542902511078,17.46147371465043,33665508,-0.01526684335770856,ITUB4.SA,551,1288,66.41999816894531,62.939998626708984,1.0
2021-04-28,17.96932029724121,18.026649024043632,17.478842872590572,17.52980097611541,42502908,0.043519084645887274,ITUB4.SA,550,1287,67.2699966430664,63.86000061035156,1.0
2021-04-29,17.402406692504883,18.058499737000197,17.370557702690064,17.950212896321954,37968076,-0.031548973214271525,ITUB4.SA,549,1286,68.55999755859375,65.01000213623047,1.0
2021-04-30,17.536169052124023,17.574387280081357,17.16671838148232,17.313224800576354,48196913,0.007686428778655774,ITUB4.SA,548,1285,67.25,63.58000183105469,1.0
2021-05-03,17.78154182434082,17.966368554719224,17.577595562298928,17.654075066242285,46978032,0.013992381773205942,ITUB4.SA,545,1282,67.55999755859375,64.48999786376953,1.0
2021-05-04,17.02311897277832,18.068342669350063,16.984879904454843,17.909010922519585,89509379,-0.042652254740042195,ITUB4.SA,544,1281,68.87999725341797,65.69000244140625,1.0
2021-05-05,17.507492065429688,17.62221203154067,16.902027260975782,17.144214009131147,56856659,0.028453839359633637,ITUB4.SA,543,1280,68.95999908447266,65.62999725341797,1.0
2021-05-06,17.399150848388672,17.603097203278203,17.265311311234303,17.437389929124183,27016611,-0.00618827737497285,ITUB4.SA,542,1279,68.08999633789062,64.70999908447266,1.0
2021-05-07,17.60947036743164,17.65408354760575,17.36091082723586,17.46925810572304,30255405,0.012087918593018276,ITUB4.SA,541,1278,68.27999877929688,64.9000015258789,1.0
2021-05-10,17.87077522277832,17.9982406540932,17.539362071321726,17.634962522097844,32535114,0.014838882140939313,ITUB4.SA,538,1275,68.31999969482422,64.91999816894531,1.0
2021-05-11,17.83252716064453,17.947247101726735,17.66682134424211,17.679568157394506,28633629,-0.00214025758015457,ITUB4.SA,537,1274,68.55000305175781,65.27999877929688,1.0
2021-05-12,17.571216583251953,17.71780282078281,17.450123963714876,17.654068775798358,26098428,-0.01465359200289218,ITUB4.SA,536,1273,69.31999969482422,66.08000183105469,1.0
2021-05-13,18.081092834472656,18.208559632842647,17.57122839557239,17.59672203070436,48363464,0.02901769771062379,ITUB4.SA,535,1272,67.05000305175781,63.81999969482422,1.0
2021-05-14,18.48261070251465,18.597330679051513,18.061972624932544,18.26591894382257,50573834,0.02220650442524552,ITUB4.SA,534,1271,68.70999908447266,65.37000274658203,1.0
2021-05-17,18.469871520996094,18.501736508588074,18.081098288478003,18.399764691880993,42125619,-0.000689252277375596,ITUB4.SA,531,1268,69.45999908447266,66.2699966430664,1.0
2021-05-18,18.431617736816406,18.641936694880588,18.278658745004144,18.355138240910275,29956293,-0.0020711451152327642,ITUB4.SA,530,1267,68.70999908447266,65.48999786376953,1.0
2021-05-19,18.56546401977539,18.635570823983212,17.972745987131482,18.183065022465172,29980879,0.007261776197302172,ITUB4.SA,529,1266,66.66000366210938,63.36000061035156,1.0
2021-05-20,18.667448043823242,18.9414999458037,18.520861630283715,18.6037139223122,36382216,0.00549321169345518,ITUB4.SA,528,1265,65.11000061035156,62.04999923706055,1.0
2021-05-21,18.756668090820312,18.788534452149396,18.444375821589148,18.69293536816215,31633020,0.004779445309697428,ITUB4.SA,527,1264,66.44000244140625,63.58000183105469,1.0
2021-05-24,18.705671310424805,18.865004413436523,18.61007227499142,18.81401853666327,28429122,-0.002718861374983006,ITUB4.SA,524,1261,68.45999908447266,66.05000305175781,1.0
2021-05-25,18.51335334777832,18.755942953997888,18.37290789540336,18.71763889630616,38124430,-0.010281264941253587,ITUB4.SA,523,1260,68.6500015258789,66.06999969482422,1.0
2021-05-26,18.768709182739258,18.877235266474997,18.56442365369976,18.56442365369976,23792660,0.013793062238051101,ITUB4.SA,522,1259,68.87000274658203,66.20999908447266,1.0
2021-05-27,18.60910415649414,18.832540940269574,18.430354729473798,18.768702253356604,67821833,-0.008503782795670323,ITUB4.SA,521,1258,69.45999908447266,66.8499984741211,1.0
2021-05-28,18.915546417236328,18.985768473280327,18.513358527480708,18.55166259588922,29988923,0.01646733008559398,ITUB4.SA,520,1257,69.62999725341797,66.31999969482422,1.0
2021-05-31,18.85807991027832,19.1070527595112,18.762320485382478,18.94106994030244,17563652,-0.0030380569342497443,ITUB4.SA,517,1254,69.62999725341797,66.31999969482422,1.0
2021-06-01,19.544700622558594,19.544700622558594,19.033728760935773,19.059276387819992,48906171,0.03640989515088644,ITUB4.SA,516,1253,70.25,67.72000122070312,-1.0
2021-06-02,20.196191787719727,20.304772996483155,19.563862839586264,19.576637343019836,64182184,0.03333339188675932,ITUB4.SA,515,1252,71.3499984741211,68.83000183105469,-1.0
2021-06-04,20.617748260498047,20.681619412133205,20.081227274086828,20.16425949515621,41730769,0.020873067418316404,ITUB4.SA,513,1250,71.88999938964844,69.62000274658203,-1.0
2021-06-07,21.10317039489746,21.192590549948658,20.355872201728328,20.6177461044989,67509805,0.023543896659629082,ITUB4.SA,510,1247,71.48999786376953,69.2300033569336,-1.0
2021-06-08,20.95627784729004,21.173440418574412,20.60498358512459,20.962664413388055,81765550,-0.00696068623143653,ITUB4.SA,509,1246,72.22000122070312,70.05000305175781,-1.0
2021-06-09,21.243694305419922,21.837700017262087,20.70717319540531,20.86685249156164,101547730,0.013715052845944653,ITUB4.SA,508,1245,72.22000122070312,69.95999908447266,-1.0
2021-06-10,21.167034149169922,21.639683769490574,21.02651740327294,21.460843521832054,56582926,-0.0036086075777527205,ITUB4.SA,507,1244,72.5199966430664,70.29000091552734,-1.0
2021-06-11,20.917945861816406,21.173431867353692,20.668846419797827,21.1031741475211,26202324,-0.011767746279338076,ITUB4.SA,506,1243,72.69000244140625,70.91000366210938,-1.0
2021-06-14,20.84769058227539,21.115951126532586,20.66884883915538,21.03930407364606,26905690,-0.0033586127435800694,ITUB4.SA,503,1240,72.86000061035156,70.87999725341797,-1.0
2021-06-15,20.84769058227539,20.969046345589568,20.624138748445848,20.924336254880036,19955642,0.0,ITUB4.SA,502,1239,73.98999786376953,72.12000274658203,-1.0
2021-06-16,21.262853622436523,21.467241600656806,20.7263312112983,20.873235976454016,75863980,0.019914102165066838,ITUB4.SA,501,1238,74.38999938964844,72.1500015258789,-1.0
2021-06-17,21.01375389099121,21.933504611405155,20.988204876457015,21.499176885450666,56128933,-0.011715254023216493,ITUB4.SA,500,1237,73.08000183105469,71.04000091552734,-1.0
2021-06-18,20.63052749633789,21.058467347016318,20.49001065447136,20.91794912486785,46601083,-0.01823693170869456,ITUB4.SA,499,1236,73.51000213623047,71.63999938964844,-1.0
2021-06-21,20.726322174072266,20.91155038078835,20.477222838279456,20.579417472970896,31004431,0.004643346019697292,ITUB4.SA,496,1233,74.9000015258789,73.66000366210938,-1.0
2021-06-22,20.458072662353516,20.732721148043357,20.31755582755262,20.585816368766768,46060415,-0.012942455948808829,ITUB4.SA,495,1232,74.80999755859375,73.05999755859375,-1.0
2021-06-23,20.311166763305664,20.834913308189876,20.215360023989028,20.470846042448514,32356327,-0.007180827904584852,ITUB4.SA,494,1231,75.19000244140625,73.08000183105469,-1.0
2021-06-24,20.317554473876953,20.566652545349516,20.10677716529604,20.547491473762804,26939907,0.0003144925471652016,ITUB4.SA,493,1230,75.55999755859375,73.30000305175781,-1.0
2021-06-25,19.67243766784668,20.521928757985453,19.55108199500983,20.426122083729265,44105310,-0.031751695651153544,ITUB4.SA,492,1229,76.18000030517578,74.05000305175781,-1.0
2021-06-28,19.448894500732422,19.736316008999818,19.19340856224125,19.697993877380892,40825275,-0.011363267272140098,ITUB4.SA,489,1226,74.68000030517578,72.91000366210938,-1.0
2021-06-29,19.257274627685547,19.4425028159757,19.052885378634684,19.327533690849467,34621647,-0.009852481488840326,ITUB4.SA,488,1225,74.76000213623047,72.9800033569336,-1.0
2021-06-30,19.03373146057129,19.333927506359817,19.014570392620097,19.16147375395457,25504056,-0.011608245270225193,ITUB4.SA,487,1224,75.12999725341797,73.47000122070312,-1.0
2021-07-01,18.973020553588867,19.158342074541387,18.73657666398049,19.036925240629298,22975087,-0.0031896481837092594,ITUB4.SA,486,1223,75.83999633789062,75.2300033569336,-1.0
2021-07-02,19.177509307861328,19.23502282526601,18.896332878869668,19.09443392028206,28580038,0.010777870276105439,ITUB4.SA,485,1222,76.16999816894531,75.16000366210938,-1.0
2021-07-05,18.91551399230957,19.081664858831438,18.883562327509825,18.992198264024356,13798920,-0.013661592407328893,ITUB4.SA,482,1219,76.16999816894531,75.16000366210938,-1.0
2021-07-06,18.883554458618164,18.998581508746373,18.679062231940552,18.838821870343462,27612682,-0.001689593722084437,ITUB4.SA,481,1218,74.52999877929688,73.37000274658203,-1.0
2021-07-07,18.966629028320312,19.132779830442058,18.627940407937274,18.90272572348977,44403516,0.004399307867816837,ITUB4.SA,480,1217,73.43000030517578,72.19999694824219,-1.0
2021-07-08,18.717409133911133,18.96024284306368,18.506525702251754,18.627943937804748,55591098,-0.0131399150601329,ITUB4.SA,479,1216,74.12000274658203,72.94000244140625,-1.0
2021-07-12,18.973020553588867,19.171121630972983,18.73657666398049,18.787700413612836,30539448,0.013656346230880523,ITUB4.SA,475,1212,75.16000366210938,74.0999984741211,-1.0
2021-07-13,19.088043212890625,19.19028930762931,18.63432625379871,18.851599377740442,35688706,0.006062432651505301,ITUB4.SA,474,1211,76.48999786376953,75.25,-1.0
2021-07-14,19.113595962524414,19.71429135329501,19.05608385218338,19.298917365764225,48257302,0.0013386783207056663,ITUB4.SA,473,1210,74.76000213623047,73.12999725341797,-1.0
2021-07-15,18.883554458618164,19.215853291236964,18.77491856737287,19.081656907389284,25655652,-0.012035490566886908,ITUB4.SA,472,1209,73.47000122070312,71.6500015258789,-1.0
2021-07-16,18.576818466186523,19.03692672484404,18.54486681066344,19.024145786439487,21614354,-0.016243551663106093,ITUB4.SA,471,1208,73.58999633789062,71.80999755859375,-1.0
2021-07-19,18.468185424804688,18.589602287009384,18.28286524164527,18.34037740191843,39053943,-0.005847774288130658,ITUB4.SA,468,1205,68.62000274658203,66.41999816894531,-1.0
2021-07-20,18.711015701293945,18.83243392210145,18.289251651149268,18.385106614917948,29845712,0.01314857258055846,ITUB4.SA,467,1204,69.3499984741211,67.41999816894531,-1.0
2021-07-21,18.787704467773438,18.95385392797864,18.679067166850324,18.69823788661102,15188431,0.004098589178896939,ITUB4.SA,466,1203,72.2300033569336,70.30000305175781,-1.0
2021-07-22,18.59598731994629,18.86438283668668,18.500130989123946,18.800478155813,19526235,-0.010204394483424029,ITUB4.SA,465,1202,73.79000091552734,71.91000366210938,-1.0
2021-07-23,18.54486656188965,18.742969033037838,18.404279003278702,18.666284784615815,18986587,-0.002749020913872524,ITUB4.SA,464,1201,74.0999984741211,72.06999969482422,-1.0
2021-07-26,18.870771408081055,19.004969157873436,18.583205195947745,18.583205195947745,27382004,0.017573857709019647,ITUB4.SA,461,1198,74.5,71.91000366210938,-1.0
2021-07-27,19.056106567382812,19.18391463165534,18.742978259941232,18.851614216937666,41281308,0.009821281562575113,ITUB4.SA,460,1197,74.4800033569336,71.6500015258789,-1.0
2021-07-28,19.675952911376953,19.950739499364147,19.235018348850033,19.26696998864428,78928065,0.032527439002419056,ITUB4.SA,459,1196,74.73999786376953,72.38999938964844,-1.0
2021-07-29,19.573720932006836,19.797383936839605,19.362837486612953,19.733480615737903,26288092,-0.005195782884345301,ITUB4.SA,458,1195,76.05000305175781,73.62000274658203,-1.0
2021-07-30,19.362834930419922,19.867674414821117,19.209466427632123,19.42673962406203,48144908,-0.010773935232829213,ITUB4.SA,457,1194,76.33000183105469,73.94999694824219,-1.0
2021-08-02,19.481117248535156,20.14604421749383,19.481117248535156,19.692103743749378,42392667,0.006108729353954567,ITUB4.SA,454,1191,72.88999938964844,71.26000213623047,-1.0
2021-08-03,19.67291831970215,20.094891198370703,19.28291153422267,20.07571098979313,62356921,0.009845486206979004,ITUB4.SA,453,1190,72.41000366210938,70.55999755859375,-1.0
2021-08-04,19.123064041137695,19.647334810445642,19.07191638107969,19.551432429714495,57249470,-0.027949807427085305,ITUB4.SA,452,1189,70.37999725341797,68.1500015258789,-1.0
2021-08-05,19.180614471435547,19.545046718400183,18.98880962548187,19.308485750398294,55969180,0.0030094774652247303,ITUB4.SA,451,1188,71.29000091552734,69.08999633789062,-1.0
2021-08-06,19.717674255371094,19.845545544175774,19.14864847093368,19.2573395499988,37719836,0.028000134444876812,ITUB4.SA,450,1187,70.69999694824219,68.27999877929688,-1.0
2021-08-09,19.947837829589844,20.094887913527227,19.67291510383714,19.67291510383714,38432832,0.011672957532304018,ITUB4.SA,447,1184,69.04000091552734,66.4800033569336,-1.0
2021-08-10,19.57062339782715,19.928661360214658,19.545048862896483,19.922268417312218,35944764,-0.018910041027261126,ITUB4.SA,446,1183,70.62999725341797,68.29000091552734,-1.0
2021-08-11,19.788002014160156,20.005382789119754,19.2701253015067,19.436358390296014,39474399,0.011107393561982315,ITUB4.SA,445,1182,71.44000244140625,69.25,-1.0
2021-08-12,19.41717529296875,19.877509959437806,19.41717529296875,19.717672589015436,30945175,-0.018739977938452057,ITUB4.SA,444,1181,71.30999755859375,69.08999633789062,-1.0
2021-08-13,19.679311752319336,19.78160850338233,19.257338863137296,19.449145098672865,34220225,0.013500236537778543,ITUB4.SA,443,1180,70.58999633789062,68.44000244140625,-1.0
2021-08-16,19.463668823242188,19.989714788350753,19.418762561806435,19.66895498590221,40491380,-0.010957849125578956,ITUB4.SA,440,1177,69.51000213623047,67.29000091552734,-1.0
2021-08-17,19.39308738708496,19.61761991784096,19.078743784898403,19.44440958371617,44072680,-0.0036263171552191054,ITUB4.SA,439,1176,69.02999877929688,66.58999633789062,-1.0
2021-08-18,19.431583404541016,19.96404368948153,19.251958448609855,19.32252579167919,53791214,0.0019850381059847155,ITUB4.SA,438,1175,68.2300033569336,65.45999908447266,-1.0
2021-08-19,19.181392669677734,19.778004377147692,19.021012835564722,19.181392669677734,45082749,-0.012875468234092247,ITUB4.SA,437,1174,66.44999694824219,63.689998626708984,-1.0
2021-08-20,19.110824584960938,19.200637060276684,18.73232816303223,18.988935037314747,39317932,-0.0036789865017649026,ITUB4.SA,436,1173,65.18000030517578,62.31999969482422,-1.0
2021-08-23,19.316110610961914,19.393092540026583,19.104409959449733,19.155732169717773,24393150,0.010741871711936746,ITUB4.SA,433,1170,68.75,65.63999938964844,-1.0
2021-08-24,19.85498809814453,19.89347976088097,19.39951104728668,19.405927017578204,34165275,0.027897825708080415,ITUB4.SA,432,1169,71.05000305175781,67.54000091552734,-1.0
2021-08-25,19.880657196044922,19.919148874249952,19.579143902288983,19.726693255901065,19855031,0.0012928286722462268,ITUB4.SA,431,1168,72.25,68.36000061035156,-1.0
2021-08-26,19.39950942993164,19.84857185939679,19.354603186985127,19.822910753045225,39789600,-0.02420180386234927,ITUB4.SA,430,1167,71.06999969482422,67.41999816894531,-1.0
2021-08-27,19.733104705810547,19.797257492621696,19.30970324454651,19.51498938966637,25233269,0.01719606761623571,ITUB4.SA,429,1166,72.69999694824219,68.73999786376953,-1.0
2021-08-30,19.591970443725586,19.75876490906454,19.46366626235986,19.688197539996494,21302552,-0.007152156955990918,ITUB4.SA,426,1163,73.41000366210938,69.20999908447266,-1.0
2021-08-31,19.848569869995117,20.060270510333375,19.5855470220977,19.649699781546655,49407297,0.013097172997813988,ITUB4.SA,425,1162,72.98999786376953,68.5,-1.0
2021-09-01,19.935224533081055,20.301067920038143,19.896715578881558,19.935224533081055,32612838,0.004365788752213051,ITUB4.SA,424,1161,71.58999633789062,68.58999633789062,-1.0
2021-09-02,19.21636962890625,19.832525177261765,19.113676806345357,19.82610748266852,36876544,-0.036059533865892335,ITUB4.SA,423,1160,73.02999877929688,69.98999786376953,-1.0
2021-09-03,19.107257843017578,19.35757010769089,18.786342620447535,19.33831563817981,56222519,-0.005678064483342404,ITUB4.SA,422,1159,72.61000061035156,69.29000091552734,-1.0
2021-09-06,19.351152420043945,19.428171685123974,19.010982727848205,19.04307397271407,30840146,0.012764499177755795,ITUB4.SA,419,1156,72.61000061035156,69.29000091552734,-1.0
2021-09-08,18.4333438873291,19.31906927461018,18.33707011236916,19.280558932419996,54336867,-0.04742914079701921,ITUB4.SA,417,1154,72.5999984741211,69.30000305175781,-1.0
2021-09-09,18.677230834960938,18.940379857006235,18.20227711472011,18.587373413690017,63103001,0.0132307490774628,ITUB4.SA,416,1153,71.44999694824219,68.13999938964844,-1.0
2021-09-10,18.491100311279297,19.03665561604219,18.34989856138156,18.933962803839417,40810093,-0.009965638125178256,ITUB4.SA,415,1152,72.91999816894531,69.72000122070312,-1.0
2021-09-13,18.7221736907959,18.882630031286155,18.58097044675155,18.824866580916122,35205595,0.012496464549254016,ITUB4.SA,412,1149,73.51000213623047,70.44999694824219,-1.0
2021-09-14,18.606637954711914,18.84411492568961,18.548873136148657,18.677239553734818,27397073,-0.006171064214663513,ITUB4.SA,411,1148,73.5999984741211,70.45999908447266,-1.0
2021-09-15,18.30497932434082,18.65798456194035,18.30497932434082,18.645149167890867,29908367,-0.016212420057042154,ITUB4.SA,410,1147,75.45999908447266,72.61000061035156,-1.0
2021-09-16,18.29214096069336,18.39483381327717,18.073918475576477,18.176611328160288,52599525,-0.0007013590903317546,ITUB4.SA,409,1146,75.66999816894531,72.61000061035156,-1.0
2021-09-17,17.855688095092773,18.292132872340886,17.855688095092773,18.272877017426357,49421346,-0.023860130235080046,ITUB4.SA,408,1145,75.33999633789062,71.97000122070312,-1.0
2021-09-20,17.45134925842285,17.733754346813484,17.239545788882552,17.521950877273184,49865822,-0.022644819651674197,ITUB4.SA,405,1142,73.91999816894531,70.29000091552734,-1.0
2021-09-21,17.406410217285156,17.68239743289033,17.374318970891263,17.534776589870557,38037755,-0.0025751041064062674,ITUB4.SA,404,1141,74.36000061035156,70.55999755859375,-1.0
2021-09-22,17.81076431274414,17.96480425363163,17.521941677471307,17.541196149953503,43868060,0.023230183042419972,ITUB4.SA,403,1140,76.19000244140625,72.2300033569336,-1.0
2021-09-23,18.426925659179688,18.58096424947845,17.849278865043882,17.926298160193262,56944126,0.0345948851838247,ITUB4.SA,402,1139,77.25,73.30000305175781,-1.0
2021-09-24,18.17019271850586,18.4076710732445,18.144520544948147,18.292141437698756,46899175,-0.013932489088104183,ITUB4.SA,401,1138,78.08999633789062,73.9800033569336,-1.0
2021-09-27,18.64513397216797,18.824845986520593,17.990468380737912,18.24719963166891,66204022,0.026138481909352196,ITUB4.SA,398,1135,79.52999877929688,75.44999694824219,-1.0
2021-09-28,18.221538543701172,19.00457098925274,18.208701764330137,18.561708342497916,69369851,-0.02271881924254915,ITUB4.SA,397,1134,79.08999633789062,75.29000091552734,-1.0
2021-09-29,18.548866271972656,18.593794293450244,18.221533345920253,18.388408656121324,59439332,0.017963781021369085,ITUB4.SA,396,1133,78.63999938964844,74.83000183105469,-1.0
2021-09-30,18.568117141723633,18.760665966008567,18.420496330204863,18.670809940476232,47356794,0.0010378461663753669,ITUB4.SA,395,1132,78.5199966430664,75.02999877929688,-1.0
2021-10-01,19.052963256835938,19.181396285417996,18.584185269812025,18.699773469032817,48506222,0.026111754434316126,ITUB4.SA,394,1131,79.27999877929688,75.87999725341797,-1.0
2021-10-04,15.630229949951172,15.932045840612213,15.309149599045446,15.89351692012284,66781965,-0.17964309597126504,ITUB4.SA,391,1128,81.26000213623047,77.62000274658203,-1.0
2021-10-05,16.009109497070312,16.298082006532315,15.630232918025552,15.79719623094953,55746545,0.024240177421082976,ITUB4.SA,390,1127,82.55999755859375,78.93000030517578,-1.0
2021-10-06,16.060483932495117,16.13754318576405,15.643078371869334,15.765088971855967,44244216,0.003209075147759144,ITUB4.SA,389,1126,81.08000183105469,77.43000030517578,-1.0
2021-10-07,15.720132827758789,16.214598878485102,15.668760470500319,16.13753826100319,43538924,-0.0211918337060627,ITUB4.SA,388,1125,81.94999694824219,78.30000305175781,-1.0
2021-10-08,15.83571720123291,16.278809362451174,15.816452747010514,15.83571720123291,55105154,0.007352633386787932,ITUB4.SA,387,1124,82.38999938964844,79.3499984741211,-1.0
2021-10-11,15.559591293334961,15.932045377710898,15.553170269349776,15.78434933648697,48452065,-0.017436905723250185,ITUB4.SA,384,1121,83.6500015258789,80.5199966430664,-1.0
2021-10-13,15.578858375549316,15.700868942773809,15.270620057511502,15.604543861255328,47860412,0.0012382768834429125,ITUB4.SA,382,1119,83.18000030517578,80.44000244140625,-1.0
2021-10-14,15.501790046691895,15.803605775403907,15.309141384428573,15.688016300500172,41792857,-0.004946981800564965,ITUB4.SA,381,1118,84.0,81.30999755859375,-1.0
2021-10-15,15.899942398071289,15.970580622394408,15.463272387921702,15.55317507788573,59503573,0.02568428227837871,ITUB4.SA,380,1117,84.86000061035156,82.27999877929688,-1.0
2021-10-18,16.009109497070312,16.086168740411534,15.649498769658143,15.784352792437707,32581454,0.0068658801564127625,ITUB4.SA,377,1114,84.33000183105469,82.44000244140625,-1.0
2021-10-19,15.630229949951172,15.919203792268723,15.521062824925348,15.861409023805212,47718221,-0.02366649732694226,ITUB4.SA,376,1113,85.08000183105469,82.95999908447266,-1.0
2021-10-20,16.047632217407227,16.086162518038588,15.610962415564375,15.765080842631457,42786725,0.026704806569871176,ITUB4.SA,375,1112,85.81999969482422,83.87000274658203,-1.0
2021-10-21,15.720132827758789,16.150381697250175,15.488955138501469,15.655917034253335,80104912,-0.02040795708747556,ITUB4.SA,374,1111,84.61000061035156,82.5,-1.0
2021-10-22,15.116504669189453,15.58528257229117,14.711942575017607,15.488958858896362,105874771,-0.038398413371128925,ITUB4.SA,373,1110,85.52999877929688,83.76000213623047,1.0
2021-10-25,15.411893844604492,15.604542604395137,15.199980625153607,15.199980625153607,45016582,0.019540838433179886,ITUB4.SA,370,1107,85.98999786376953,83.76000213623047,-1.0
2021-10-26,15.244935035705566,15.40547593258244,15.07797311355468,15.21282713387613,32568991,-0.01083311438440615,ITUB4.SA,369,1106,86.4000015258789,84.6500015258789,-1.0
2021-10-27,15.36052417755127,15.694449400562624,15.270621499765454,15.33483868941936,33442194,0.007582134103882865,ITUB4.SA,368,1105,84.58000183105469,82.66000366210938,-1.0
2021-10-28,15.328413963317871,15.399052167412052,15.013754638553994,15.199980991122038,41697345,-0.002090437400588563,ITUB4.SA,367,1104,84.31999969482422,82.80999755859375,-1.0
2021-10-29,14.968805313110352,15.501800345739756,14.96238428811803,15.373367356326646,39933604,-0.02346026477808416,ITUB4.SA,366,1103,84.37999725341797,83.56999969482422,1.0
2021-11-01,15.564957618713379,15.661355694903211,15.19864854002297,15.237206659473994,40188416,0.03982631166168549,ITUB4.SA,363,1100,84.70999908447266,84.05000305175781,-1.0
2021-11-03,15.71276569366455,15.982678062785045,15.430000156188651,15.430000156188651,70258916,0.009496207993105354,ITUB4.SA,361,1098,81.98999786376953,80.86000061035156,-1.0
2021-11-04,14.883746147155762,15.89270514580304,14.793775369491728,15.732042646037025,81180809,-0.05276089280979046,ITUB4.SA,360,1097,80.54000091552734,78.80999755859375,1.0
2021-11-05,14.70380687713623,15.134381776815559,14.485307176724191,15.102249549624439,126468405,-0.012089649221403653,ITUB4.SA,359,1096,82.73999786376953,81.2699966430664,1.0
2021-11-08,14.626688957214355,14.89660132667808,14.543144057188478,14.65239529395786,37621718,-0.005244758759841317,ITUB4.SA,356,1093,83.43000030517578,81.93000030517578,1.0
2021-11-09,14.4788818359375,14.903030902461088,14.382485141461961,14.690955674808675,49238027,-0.010105302827537854,ITUB4.SA,355,1092,84.77999877929688,84.1500015258789,1.0
2021-11-10,14.845193862915039,15.121532193299709,14.408191580921352,14.478883330770534,54292566,0.025299745596951473,ITUB4.SA,354,1091,82.63999938964844,81.33999633789062,1.0
2021-11-11,14.813058853149414,15.082972655608197,14.665250864614695,15.05726631465379,44943164,-0.0021646743088954423,ITUB4.SA,353,1090,82.87000274658203,81.58999633789062,1.0
2021-11-12,14.780928611755371,15.037987865418765,14.62669194853229,14.800207673865266,41650213,-0.002169048385790462,ITUB4.SA,352,1089,82.16999816894531,80.79000091552734,1.0
2021-11-16,14.626688957214355,15.044410679781697,14.498158662277856,14.832336873600344,28013991,-0.010435044955047545,ITUB4.SA,348,1085,82.43000030517578,80.76000213623047,1.0
2021-11-17,14.684528350830078,14.896602169003097,14.56242532756568,14.735939638443105,33810419,0.003954373664806443,ITUB4.SA,347,1084,80.27999877929688,78.36000061035156,1.0
2021-11-18,14.440320014953613,14.761645056034252,14.260379825139394,14.658821098439688,37668284,-0.016630315257122996,ITUB4.SA,346,1083,81.23999786376953,79.01000213623047,1.0
2021-11-19,14.318219184875488,14.44674949868316,14.196116150587876,14.3953368176476,32752424,-0.008455548765656462,ITUB4.SA,345,1082,78.88999938964844,76.0999984741211,1.0
2021-11-22,14.353694915771484,14.620347596760334,14.230124641083274,14.31467205801602,31671315,0.0024776636282721753,ITUB4.SA,342,1079,79.69999694824219,76.75,1.0
2021-11-23,14.594331741333008,14.594331741333008,14.249634764873468,14.470761471868293,43766770,0.016764800072287755,ITUB4.SA,341,1078,82.30999755859375,78.5,1.0
2021-11-24,14.984554290771484,15.069103107400538,14.399219897223189,14.444745858761301,52266989,0.026737952539020116,ITUB4.SA,340,1077,82.25,78.38999938964844,1.0
2021-11-25,15.121136665344238,15.277226726586925,14.991061848553619,15.023581606853561,20130804,0.00911487735453509,ITUB4.SA,339,1076,82.25,78.38999938964844,1.0
2021-11-26,14.834972381591797,14.93252884021772,14.620350140272262,14.802454030539703,36577772,-0.018924786547845573,ITUB4.SA,338,1075,72.72000122070312,68.1500015258789,1.0
2021-11-29,14.737421035766602,15.082118173475829,14.698398161405748,15.004073830224117,38197962,-0.006575768617287259,ITUB4.SA,335,1072,73.44000244140625,69.94999694824219,1.0
2021-11-30,14.55531120300293,14.795948650398858,14.340687589172115,14.750422684823127,69161379,-0.012356967499381644,ITUB4.SA,334,1071,70.56999969482422,66.18000030517578,1.0
2021-12-01,14.462658882141113,14.918277901339053,14.44964099493848,14.683958744849344,27021256,-0.006365533485996555,ITUB4.SA,333,1070,68.87000274658203,65.56999969482422,1.0
2021-12-02,15.009394645690918,15.074482644511884,14.540757959707957,14.605845958528924,35524082,0.03780326757377428,ITUB4.SA,332,1069,69.66999816894531,66.5,1.0
2021-12-03,14.957335472106934,15.360883047963128,14.853193753846856,14.950825823514872,40226598,-0.00346843925507212,ITUB4.SA,331,1068,69.87999725341797,66.26000213623047,1.0
2021-12-06,15.133071899414062,15.471531393500511,14.9703518002835,15.035439839935727,42204929,0.011749180035097062,ITUB4.SA,328,1065,73.08000183105469,69.48999786376953,1.0
2021-12-07,14.944314002990723,15.386915144677985,14.840172309668036,15.37389725719029,34780267,-0.012473204229648038,ITUB4.SA,327,1064,75.44000244140625,72.05000305175781,1.0
2021-12-08,14.801114082336426,15.061468938635537,14.612358288426934,15.028923526664318,42979561,-0.009582234462260253,ITUB4.SA,326,1063,75.81999969482422,72.36000061035156,1.0
2021-12-09,14.404077529907227,14.8336607280821,14.286917964376375,14.82715248847647,31683098,-0.026824774825769393,ITUB4.SA,325,1062,74.41999816894531,70.94000244140625,1.0
2021-12-10,14.423605918884277,14.599345294760374,14.234850061754171,14.501711839302905,23448341,0.001355754225600636,ITUB4.SA,324,1061,75.1500015258789,71.66999816894531,1.0
2021-12-13,14.039584159851074,14.592835234320649,14.039584159851072,14.449641285371223,54986869,-0.026624532117202282,ITUB4.SA,321,1058,74.38999938964844,71.29000091552734,1.0
2021-12-14,14.176265716552734,14.423601286200388,14.111176298294042,14.163247832900996,35664007,0.009735441957926971,ITUB4.SA,320,1057,73.69999694824219,70.7300033569336,1.0
2021-12-15,14.130707740783691,14.299937461970218,13.915914710907373,14.260883800198474,35939779,-0.003213679588119467,ITUB4.SA,319,1056,73.87999725341797,70.87000274658203,1.0
2021-12-16,14.273908615112305,14.293436158765042,14.039590750495249,14.2543824780391,28503900,0.01013401996244756,ITUB4.SA,318,1055,75.0199966430664,72.37999725341797,1.0
2021-12-17,13.961470603942871,14.22182542387233,13.876856483057304,14.078630132253302,39972240,-0.02188874957757847,ITUB4.SA,317,1054,73.5199966430664,70.86000061035156,1.0
2021-12-20,13.746682167053223,13.987509515415034,13.609996488786672,13.9810012764122,25313939,-0.015384370528201408,ITUB4.SA,314,1051,71.5199966430664,68.2300033569336,1.0
2021-12-21,13.766210556030273,13.870352232622462,13.688103243652145,13.792244920244334,28202409,0.0014205892549006283,ITUB4.SA,313,1050,73.9800033569336,71.12000274658203,1.0
2021-12-22,13.818278312683105,13.870349845306153,13.649048644815014,13.818278312683105,20497442,0.0037822868131291987,ITUB4.SA,312,1049,75.29000091552734,72.76000213623047,1.0
2021-12-23,13.889877319335938,14.039580880337605,13.77922741160457,13.883367673834949,25353141,0.005181470877389627,ITUB4.SA,311,1048,76.8499984741211,73.79000091552734,1.0
2021-12-27,14.033071517944336,14.124195304168186,13.870351475815012,13.981001385778667,15891231,0.010309248621588551,ITUB4.SA,307,1044,78.5999984741211,75.56999969482422,1.0
2021-12-28,13.981002807617188,14.124196740569229,13.928932670156096,14.078634842823755,17328328,-0.003710428630009255,ITUB4.SA,306,1043,78.94000244140625,75.9800033569336,1.0
2021-12-29,13.863837242126465,14.046084754261726,13.81827536409265,14.013540756605872,14565961,-0.00838034060238424,ITUB4.SA,305,1042,79.2300033569336,76.55999755859375,1.0
2021-12-30,13.636035919189453,13.954969254110704,13.636035919189453,13.954969254110704,45316940,-0.016431332751427385,ITUB4.SA,304,1041,79.31999969482422,76.98999786376953,1.0
2022-01-03,14.012330055236816,14.207760122559975,13.738728242537258,13.790843677964409,37222335,0.027595566503152202,ITUB4.SA,300,1037,78.9800033569336,76.08000183105469,1.0
2022-01-04,14.409708976745605,14.448794155461608,13.960219567158795,14.08399164603394,49793763,0.028359232186389693,ITUB4.SA,299,1036,80.0,76.98999786376953,1.0
2022-01-05,14.136109352111816,14.474855632813634,14.025366106683459,14.390168710696917,35851405,-0.01898717212646861,ITUB4.SA,298,1035,80.80000305175781,77.8499984741211,1.0
2022-01-06,14.422741889953613,14.487884817645789,14.01885264117865,14.097025843727522,40624734,0.02027662143112785,ITUB4.SA,297,1034,81.98999786376953,79.45999908447266,1.0
2022-01-07,14.741939544677734,14.7549684076491,14.253364925957783,14.390165875509961,48590177,0.02213155148720114,ITUB4.SA,296,1033,81.75,78.9000015258789,1.0
2022-01-10,14.878745079040527,14.904801402782269,14.533485063752972,14.702857503017128,47125888,0.009280022750614458,ITUB4.SA,293,1030,80.87000274658203,78.2300033569336,1.0
2022-01-11,15.21097469329834,15.21097469329834,14.787542894804973,14.846172086321292,63361665,0.022329142175157024,ITUB4.SA,292,1029,83.72000122070312,81.22000122070312,1.0
2022-01-12,15.145833015441895,15.308691737707976,14.937373963562527,15.152348152681038,47231371,-0.004282544621229678,ITUB4.SA,291,1028,84.66999816894531,82.63999938964844,1.0
2022-01-13,15.425945281982422,15.517145912544619,15.015541036687804,15.041598761924071,49188741,0.01849434535921124,ITUB4.SA,290,1027,84.47000122070312,82.12000274658203,1.0
2022-01-14,15.30868148803711,15.536682983448975,15.250052330964882,15.354281787119483,33902872,-0.007601725003023141,ITUB4.SA,289,1026,86.05999755859375,83.81999969482422,1.0
2022-01-17,15.30868148803711,15.471540101263937,15.080679992625244,15.282625179821636,19948957,0.0,ITUB4.SA,286,1023,86.05999755859375,83.81999969482422,1.0
2022-01-18,15.399888038635254,15.608347031518953,15.15885759206937,15.237029362459563,49389056,0.005957831879212838,ITUB4.SA,285,1022,87.51000213623047,85.43000030517578,1.0
2022-01-19,15.295653343200684,15.686513470063066,15.243539316575706,15.517141123826514,35038364,-0.006768535925265606,ITUB4.SA,284,1021,88.44000244140625,86.95999908447266,1.0
2022-01-20,15.171884536743164,15.41942867963978,15.100226503044027,15.334743192326801,29391946,-0.008091763305588917,ITUB4.SA,283,1020,88.37999725341797,86.9000015258789,1.0
2022-01-21,15.178400993347168,15.406402567917265,15.061141230727904,15.100227818267658,42676371,0.0004295087131873654,ITUB4.SA,282,1019,87.88999938964844,85.13999938964844,1.0
2022-01-24,15.158854484558105,15.341255713998544,14.898281500752404,15.21096851821345,44921297,-0.0012877844509200376,ITUB4.SA,279,1016,86.2699966430664,83.30999755859375,1.0
2022-01-25,15.706061363220215,15.732119089223184,14.98297143263837,15.022056613878052,44585362,0.036098168184115265,ITUB4.SA,278,1015,88.19999694824219,85.5999984741211,1.0
2022-01-26,15.875435829162598,15.960121330517437,15.510631873371166,15.84937810208503,63314645,0.010784019113730059,ITUB4.SA,277,1014,89.95999908447266,87.3499984741211,1.0
2022-01-27,15.953601837158203,16.233718807316343,15.764686886859826,15.953601837158205,47070145,0.004923707848827563,ITUB4.SA,276,1013,89.33999633789062,86.61000061035156,1.0
2022-01-28,16.149038314819336,16.162065771056845,15.719091433799875,15.738634025921023,33360845,0.012250304329767925,ITUB4.SA,275,1012,90.02999877929688,86.81999969482422,1.0
2022-01-31,16.500804901123047,16.618063218849514,15.973143879118227,16.07085961314504,50129358,0.021782509858863097,ITUB4.SA,272,1009,91.20999908447266,88.1500015258789,1.0
2022-02-01,16.616622924804688,16.746999618893085,16.414536794972875,16.486244821969542,32598902,0.007018931765792713,ITUB4.SA,271,1008,89.16000366210938,88.19999694824219,-1.0
2022-02-02,16.35585594177246,16.629648485862074,16.245034143870214,16.603572602973816,39095411,-0.01569313958752494,ITUB4.SA,270,1007,89.47000122070312,88.26000213623047,1.0
2022-02-03,16.54490852355957,16.642691006453262,16.10814366739277,16.42756841709018,47261735,0.011558709153476565,ITUB4.SA,269,1006,91.11000061035156,90.2699966430664,-1.0
2022-02-04,16.597061157226562,16.792626133019294,16.427569257545482,16.45364515114969,39194888,0.0031521862809169576,ITUB4.SA,268,1005,93.2699966430664,92.30999755859375,-1.0
2022-02-07,16.505794525146484,16.655728778330296,16.447124477487943,16.590539053850765,26166974,-0.005498963413793301,ITUB4.SA,265,1002,92.69000244140625,91.31999969482422,1.0
2022-02-08,16.688323974609375,16.766551655456034,16.316748829945986,16.47972105192378,42299308,0.011058507312980748,ITUB4.SA,264,1001,90.77999877929688,89.36000061035156,-1.0
2022-02-09,16.023399353027344,16.564464968291865,16.016879675496217,16.264596429261992,100922428,-0.03984370285438421,ITUB4.SA,263,1000,91.55000305175781,89.66000366210938,1.0
2022-02-10,16.329782485961914,16.499272932435375,15.945168086805237,16.003838127651033,68333609,0.01912098214519542,ITUB4.SA,262,999,91.41000366210938,89.87999725341797,1.0
2022-02-11,17.29457664489746,17.600963391488865,17.05989647559617,17.177236560246815,182038996,0.05908187446862456,ITUB4.SA,261,998,94.44000244140625,93.0999984741211,-1.0
2022-02-14,17.25545883178711,17.398874770763655,17.125082242258195,17.3402047419774,43043123,-0.002261854332346047,ITUB4.SA,258,995,96.4800033569336,95.45999908447266,-1.0
2022-02-15,17.418441772460938,17.535781902754582,17.275027153349313,17.470592158843395,33336032,0.009445297413569254,ITUB4.SA,257,994,93.27999877929688,92.06999969482422,-1.0
2022-02-16,17.23590660095215,17.51621746009574,17.196792769823627,17.45754741777593,44408048,-0.010479420254306704,ITUB4.SA,256,993,94.80999755859375,93.66000366210938,-1.0
2022-02-17,16.994712829589844,17.26198581839587,16.923004823875203,17.209835437987433,38194109,-0.013993680573146094,ITUB4.SA,255,992,92.97000122070312,91.76000213623047,-1.0
2022-02-18,17.059906005859375,17.307622848508792,16.988197979764696,17.092500178971484,29924682,0.003836085782868981,ITUB4.SA,254,991,93.54000091552734,91.06999969482422,-1.0
2022-02-21,16.64268684387207,17.131603362293916,16.44712192699836,17.09900920948163,25401293,-0.024456123137138408,ITUB4.SA,251,988,93.54000091552734,91.06999969482422,-1.0
2022-02-22,16.795089721679688,17.049462198488442,16.62550854030721,16.795089721679688,34318570,0.009157348163630896,ITUB4.SA,250,987,96.83999633789062,92.3499984741211,-1.0
2022-02-23,16.560285568237305,17.01032766948768,16.521150798367668,16.80813488224476,25506096,-0.013980523911062526,ITUB4.SA,249,986,96.83999633789062,92.0999984741211,-1.0
2022-02-24,16.279821395874023,16.390701117019226,15.87543445772693,16.142851831106448,49889615,-0.016935950241172892,ITUB4.SA,248,985,99.08000183105469,92.80999755859375,1.0
2022-02-25,16.612468719482422,16.632035405400394,16.18199176278356,16.22112654412,44070414,0.020433106452427463,ITUB4.SA,247,984,97.93000030517578,91.58999633789062,-1.0
2022-03-02,16.336811065673828,16.584832408582752,16.258488610569874,16.428187498374843,36789303,-0.01659341898325528,ITUB4.SA,242,979,112.93000030517578,110.5999984741211,1.0
2022-03-03,16.349855422973633,16.872005756750987,16.121414475636342,16.343327732776814,50467105,0.0007984641095111211,ITUB4.SA,241,978,110.45999908447266,107.66999816894531,1.0
2022-03-04,16.101839065551758,16.402074821949597,15.847290101875378,16.36291431090892,34369894,-0.01516933030939105,ITUB4.SA,240,977,118.11000061035156,115.68000030517578,1.0
2022-03-07,15.7559175491333,15.958250666939042,15.677595097417477,15.840766284126136,59892079,-0.021483354479583716,ITUB4.SA,237,974,123.20999908447266,119.4000015258789,1.0
2022-03-08,15.605788230895996,15.96476600604688,15.527465832871755,15.814647488801514,49265672,-0.009528440204712996,ITUB4.SA,236,973,127.9800033569336,123.69999694824219,1.0
2022-03-09,16.382490158081055,16.51955473079684,15.768962015583519,15.801597646639518,58459174,0.049770118349252046,ITUB4.SA,235,972,111.13999938964844,108.69999694824219,1.0
2022-03-10,16.395545959472656,16.395545959472656,15.977824504271657,16.14752472699567,33553115,0.0007969363183264466,ITUB4.SA,234,971,109.33000183105469,106.0199966430664,1.0
2022-03-11,16.21278953552246,16.702305609922117,16.173627628960407,16.467338401982165,48649207,-0.011146711698527212,ITUB4.SA,233,970,112.66999816894531,109.33000183105469,1.0
2022-03-14,16.44123649597168,16.669677508530132,16.323752143662198,16.33027983572271,36267443,0.014090540060899936,ITUB4.SA,230,967,106.9000015258789,103.01000213623047,1.0
2022-03-15,16.382490158081055,16.604404832682736,16.121414982976358,16.389016438005687,41720798,-0.0035731094741577873,ITUB4.SA,229,966,99.91000366210938,96.44000244140625,1.0
2022-03-16,16.702316284179688,16.748004499128832,16.408606733929002,16.545671378776436,45741022,0.019522436638905738,ITUB4.SA,228,965,98.0199966430664,95.04000091552734,-1.0
2022-03-17,17.06781768798828,17.09392563577993,16.61746334621137,16.734946290317783,49108185,0.021883276402494767,ITUB4.SA,227,964,106.63999938964844,102.9800033569336,-1.0
2022-03-18,17.191823959350586,17.361522742031806,17.015597486675365,17.028651456185845,73408542,0.0072655024578551775,ITUB4.SA,226,963,107.93000030517578,104.69999694824219,-1.0
2022-03-21,17.61607551574707,17.68134396725111,17.204880321933686,17.257096211519187,40745625,0.024677518650703334,ITUB4.SA,223,960,115.62000274658203,112.12000274658203,-1.0
2022-03-22,17.85757064819336,17.968528718139634,17.6878718129836,17.75314027026167,41741192,0.01370879298459049,ITUB4.SA,222,959,115.4800033569336,111.76000213623047,-1.0
2022-03-23,17.77924156188965,18.040318114226555,17.733553376802305,17.877145621635346,30594059,-0.0043863237529252475,ITUB4.SA,221,958,121.5999984741211,114.93000030517578,-1.0
2022-03-24,17.896724700927734,18.099059086302425,17.772714122426866,17.83798255101104,53835967,0.006607882492013273,ITUB4.SA,220,957,119.02999877929688,112.33999633789062,-1.0
2022-03-25,17.929363250732422,17.961997472915815,17.707449975694278,17.961997472915815,36342901,0.001823716369900641,ITUB4.SA,219,956,120.6500015258789,113.9000015258789,-1.0
2022-03-28,17.916316986083984,18.08601584735688,17.70092850512566,17.97505917084733,24411278,-0.0007276479630644594,ITUB4.SA,216,953,112.4800033569336,105.95999908447266,-1.0
2022-03-29,18.12517547607422,18.327507134868018,17.87715279290962,18.086013554370965,33838857,0.011657445564981828,ITUB4.SA,215,952,110.2300033569336,104.23999786376953,-1.0
2022-03-30,18.164335250854492,18.249185372532423,17.962000779308028,18.170861532301437,37371325,0.0021605183812960504,ITUB4.SA,214,951,113.44999694824219,107.81999969482422,-1.0
2022-03-31,17.935884475708008,18.275281956638345,17.81187391192489,18.19695956953728,46340719,-0.012576886078764615,ITUB4.SA,213,950,107.91000366210938,100.27999877929688,-1.0
2022-04-01,17.986602783203125,18.20865864933996,17.84944872106968,18.09109883115929,45495048,0.002827756142375293,ITUB4.SA,212,949,104.38999938964844,99.2699966430664,-1.0
2022-04-04,17.823326110839844,17.96700924092892,17.64698637668211,17.927823574261012,28469684,-0.009077682669223042,ITUB4.SA,209,946,107.52999877929688,103.27999877929688,-1.0
2022-04-05,17.464113235473633,17.810260760286873,17.385740503916335,17.784136045973167,41644661,-0.020154087577836766,ITUB4.SA,208,945,106.63999938964844,101.95999908447266,-1.0
2022-04-06,17.45758628845215,17.575144703839175,17.281246548295467,17.353088821476053,38196035,-0.0003737348088322934,ITUB4.SA,207,944,101.06999969482422,96.2300033569336,-1.0
2022-04-07,17.444530487060547,17.477187107159807,17.24859782338869,17.31390965220247,26732002,-0.0007478583336710809,ITUB4.SA,206,943,100.58000183105469,96.02999877929688,-1.0
2022-04-08,17.411865234375,17.56861069763494,17.248586475454857,17.34655344853018,29650496,-0.0018725211727410596,ITUB4.SA,205,942,102.77999877929688,98.26000213623047,-1.0
2022-04-11,17.346569061279297,17.457598491455425,17.26819625911002,17.372693799130747,30882294,-0.0037500963978743806,ITUB4.SA,202,939,98.4800033569336,94.29000091552734,-1.0
2022-04-12,17.03959846496582,17.56861633752355,16.987349019516817,17.503304530712295,33798183,-0.017696329183543913,ITUB4.SA,201,938,104.63999938964844,100.5999984741211,-1.0
2022-04-13,17.08531951904297,17.33350020154121,16.96122917779385,17.16369229186428,38370517,0.0026832236787242003,ITUB4.SA,200,937,108.77999877929688,104.25,-1.0
2022-04-14,17.19634246826172,17.287777578382855,16.987347527589375,17.026534608234492,26768711,0.006498148840295759,ITUB4.SA,199,936,111.69999694824219,106.94999694824219,-1.0
2022-04-18,17.294309616088867,17.346559061672025,17.117971265706373,17.137564102107927,23802743,0.005696975854485364,ITUB4.SA,195,932,113.16000366210938,108.20999908447266,-1.0
2022-04-19,16.987346649169922,17.379211789821102,16.817538797923493,17.32043187758502,39035022,-0.017749362289280257,ITUB4.SA,194,931,107.25,102.55999755859375,-1.0
2022-04-20,17.098379135131836,17.144095284827877,16.88938416694035,16.99388165103609,28485092,0.00653618768457509,ITUB4.SA,193,930,106.80000305175781,102.75,-1.0
2022-04-22,16.76529312133789,16.993880916864246,16.62814044402208,16.91550816002439,34773809,-0.019480560769035593,ITUB4.SA,191,928,106.6500015258789,102.06999969482422,-1.0
2022-04-25,16.699987411499023,16.752236876057577,16.38649626968682,16.654269835702678,42282427,-0.003895291860763872,ITUB4.SA,188,925,102.31999969482422,98.54000091552734,-1.0
2022-04-26,16.13178062438965,16.65426670339827,16.099124009490158,16.49752116197259,47838319,-0.034024384157207654,ITUB4.SA,187,924,104.98999786376953,101.69999694824219,-1.0
2022-04-27,16.001155853271484,16.393021055877153,15.93584545663197,16.321178772743114,27688480,-0.008097356030286718,ITUB4.SA,186,923,105.31999969482422,102.0199966430664,1.0
2022-04-28,15.870528221130371,16.05993028255036,15.713782758246369,16.007682265383632,41170160,-0.00816363726089242,ITUB4.SA,185,922,107.58999633789062,105.36000061035156,1.0
2022-04-29,15.589690208435059,16.295046099906095,15.589690208435059,15.975023336559325,50954295,-0.017695568085843494,ITUB4.SA,184,921,109.33999633789062,104.69000244140625,1.0
2022-05-02,15.522793769836426,15.738478562366362,15.320179584490749,15.601224475081144,44535284,-0.004291069142761894,ITUB4.SA,181,918,107.58000183105469,105.16999816894531,1.0
2022-05-03,15.60123062133789,15.790771449315097,15.477048504742012,15.555479240885283,29699668,0.005053011246846761,ITUB4.SA,180,917,104.97000122070312,102.41000366210938,1.0
2022-05-04,15.581631660461426,15.581631660461426,15.294051198503,15.529343533325813,53745441,-0.0012562445458410565,ITUB4.SA,179,916,110.13999938964844,107.80999755859375,1.0
2022-05-05,15.222155570983887,15.41823322083705,14.967254484931862,15.41823322083705,45795293,-0.023070503610332027,ITUB4.SA,178,915,110.9000015258789,108.26000213623047,1.0
2022-05-06,15.548941612243652,15.829985159147874,15.209073256482883,15.21560856167351,68490643,0.021467790138912868,ITUB4.SA,177,914,112.38999938964844,109.7699966430664,1.0
2022-05-09,15.3267183303833,15.620833867110656,15.039138098113613,15.516259108791859,63819963,-0.014291859047523059,ITUB4.SA,174,911,105.94000244140625,103.08999633789062,1.0
2022-05-10,15.248292922973633,15.516264510300317,15.143718128250347,15.418226434738276,40331174,-0.0051169079850706956,ITUB4.SA,173,910,102.45999908447266,99.76000213623047,1.0
2022-05-11,15.758092880249023,15.82998831381445,15.274435002055457,15.280971720976929,64249824,0.033433247895396034,ITUB4.SA,172,909,107.51000213623047,105.70999908447266,1.0
2022-05-12,16.006460189819336,16.12410844107009,15.640449057865258,15.640449057865258,61754278,0.015761254325490803,ITUB4.SA,171,908,107.44999694824219,106.12999725341797,1.0
2022-05-13,16.19600486755371,16.287507664054,16.01299927455313,16.137181439456533,29721422,0.011841761106864412,ITUB4.SA,170,907,111.55000305175781,110.48999786376953,-1.0
2022-05-16,16.365936279296875,16.542406540390225,16.09142792588194,16.241754130718036,30939624,0.010492180826865205,ITUB4.SA,167,904,114.23999786376953,114.19999694824219,-1.0
2022-05-17,16.509723663330078,16.7450172947219,16.477044306176424,16.575082377637383,30953220,0.008785771958253141,ITUB4.SA,166,903,111.93000030517578,112.4000015258789,-1.0
2022-05-18,16.274429321289062,16.581615520945164,16.235213250363532,16.457433414990057,43092975,-0.014251864346078058,ITUB4.SA,165,902,109.11000061035156,109.58999633789062,-1.0
2022-05-19,16.22214126586914,16.424754101735985,16.13717381820625,16.28749997180781,25636391,-0.0032128964025498474,ITUB4.SA,164,901,112.04000091552734,112.20999908447266,-1.0
2022-05-20,16.424755096435547,16.490115218760764,16.24174957878165,16.39861245993382,43072014,0.012489955995679702,ITUB4.SA,163,900,112.55000305175781,113.2300033569336,-1.0
2022-05-23,16.849597930908203,16.99338743475662,16.522801421135252,16.529336729861978,43627637,0.02586600725418764,ITUB4.SA,160,897,113.41999816894531,110.29000091552734,-1.0
2022-05-24,17.10449981689453,17.189467316076605,16.699273899456212,16.784239986209155,44474328,0.015128069348096851,ITUB4.SA,159,896,113.55999755859375,109.7699966430664,-1.0
2022-05-25,16.79730796813965,17.078353048698446,16.77116391124376,17.026064934906675,32876147,-0.01795970955265591,ITUB4.SA,158,895,114.02999877929688,110.33000183105469,-1.0
2022-05-26,17.006450653076172,17.10448870775417,16.81037313129196,16.81690843663254,39868230,0.012450964483905036,ITUB4.SA,157,894,117.4000015258789,114.08999633789062,-1.0
2022-05-27,17.09796142578125,17.267894981089515,16.908419120393237,17.03260127956355,27475589,0.005380944829221246,ITUB4.SA,156,893,119.43000030517578,115.06999969482422,-1.0
2022-05-30,16.941089630126953,17.280957975481986,16.941089630126953,17.169847903645913,20339502,-0.009174883002002643,ITUB4.SA,153,890,119.43000030517578,115.06999969482422,-1.0
2022-05-31,17.09796142578125,17.254822951845973,17.006458633505346,17.124105484268327,75013550,0.00925984095942245,ITUB4.SA,152,889,122.83999633789062,114.66999816894531,-1.0
2022-06-01,16.860973358154297,17.214150790011267,16.860973358154297,17.194528800798523,32284608,-0.013860603713236164,ITUB4.SA,151,888,116.29000091552734,115.26000213623047,-1.0
2022-06-02,16.932907104492188,17.0571730422084,16.671294380871466,17.017931911025258,20319901,0.004266286697090393,ITUB4.SA,150,887,117.61000061035156,116.87000274658203,-1.0
2022-06-03,16.775941848754883,16.978691487547927,16.730159581067294,16.84134468448517,22647423,-0.009269835047737485,ITUB4.SA,149,886,119.72000122070312,118.87000274658203,-1.0
2022-06-06,16.71708106994629,16.991774714501148,16.71708106994629,16.906749885451347,15100624,-0.0035086422770929104,ITUB4.SA,146,883,119.51000213623047,118.5,-1.0
2022-06-07,16.71708106994629,16.802104485613953,16.592813685939163,16.65821794420137,23796625,0.0,ITUB4.SA,145,882,120.56999969482422,119.41000366210938,-1.0
2022-06-08,16.396610260009766,16.730167134236247,16.305045683295933,16.645142278695154,33085526,-0.019170261159566993,ITUB4.SA,144,881,123.58000183105469,122.11000061035156,-1.0
2022-06-09,16.115373611450195,16.429309874025257,16.036889899152033,16.390068724567385,43419279,-0.01715212132872901,ITUB4.SA,143,880,123.06999969482422,121.51000213623047,-1.0
2022-06-10,15.762195587158203,16.049970129994897,15.605228168659048,16.049970129994897,40198953,-0.021915596424091244,ITUB4.SA,142,879,122.01000213623047,120.66999816894531,1.0
2022-06-13,15.572529792785645,15.78182068638457,15.32399774000115,15.696795819177892,38005578,-0.012032955264625889,ITUB4.SA,139,876,122.2699966430664,120.93000030517578,1.0
2022-06-14,15.467874526977539,15.657543289868103,15.34360859082417,15.57905961510712,22637566,-0.006720505094592211,ITUB4.SA,138,875,121.16999816894531,118.93000030517578,1.0
2022-06-15,15.533275604248047,15.794888295113912,15.441711091775913,15.644460679855182,48238381,0.004228187729118371,ITUB4.SA,137,874,118.51000213623047,115.30999755859375,1.0
2022-06-17,15.337065696716309,15.422089079022607,14.990428210777266,15.265121747548225,51504593,-0.012631586056329192,ITUB4.SA,135,872,113.12000274658203,109.55999755859375,1.0
2022-06-20,16.004188537597656,16.030350246268114,15.42209829328326,15.42209829328326,50406830,0.04349742343636054,ITUB4.SA,132,869,113.12000274658203,109.55999755859375,1.0
2022-06-21,15.834142684936523,16.121915870889477,15.755657546895565,16.063054137432722,37577078,-0.010625084318499178,ITUB4.SA,131,868,114.6500015258789,110.6500015258789,1.0
2022-06-22,15.716415405273438,15.906084276850097,15.579068542392307,15.873382844742572,41717966,-0.007435027080757828,ITUB4.SA,130,867,111.73999786376953,106.19000244140625,1.0
2022-06-23,15.35668659210205,15.781807752977302,15.278202924666584,15.736025495858145,30701240,-0.02288873155202331,ITUB4.SA,129,866,110.05000305175781,104.2699966430664,1.0
2022-06-24,15.330534934997559,15.520205217738596,15.238971774196843,15.494043507005514,30073785,-0.001702949197253445,ITUB4.SA,128,865,113.12000274658203,107.62000274658203,1.0
2022-06-27,15.422087669372559,15.48095076664049,15.323983449513644,15.389386262752922,26288885,0.005971920403507802,ITUB4.SA,125,862,115.08999633789062,109.56999969482422,1.0
2022-06-28,15.252047538757324,15.592145456138715,15.055837582332495,15.520201475660434,39383080,-0.011025753079651146,ITUB4.SA,124,861,117.9800033569336,111.76000213623047,1.0
2022-06-29,15.095074653625488,15.487494423875136,15.04275267717032,15.350147645625928,34774375,-0.010291922099832762,ITUB4.SA,123,860,116.26000213623047,109.77999877929688,1.0
2022-06-30,14.82692813873291,14.964274984832059,14.735363574666811,14.925033836450805,41362317,-0.01776384158710842,ITUB4.SA,122,859,114.80999755859375,105.76000213623047,1.0
2022-07-01,14.95629596710205,15.034840814327648,14.557024087439919,14.609388261912567,39467601,0.008725194265370995,ITUB4.SA,121,858,111.62999725341797,108.43000030517578,1.0
2022-07-04,14.812297821044922,14.923570998975501,14.73375296364211,14.838479911673712,9918395,-0.009627928356985449,ITUB4.SA,118,855,111.62999725341797,108.43000030517578,1.0
2022-07-05,14.917027473449707,14.917027473449707,14.537392748440837,14.727210818187178,32430425,0.0070704527866019,ITUB4.SA,117,854,102.7699966430664,99.5,1.0
2022-07-06,14.779570579528809,14.969388610553645,14.629027098039247,14.799207854296446,31863245,-0.009214764413724708,ITUB4.SA,116,853,100.69000244140625,98.52999877929688,1.0
2022-07-07,14.989025115966797,15.087205836096592,14.871207120224176,14.917025072514797,45776032,0.0141718959499475,ITUB4.SA,115,852,104.6500015258789,102.7300033569336,1.0
2022-07-08,14.995570182800293,15.224659926483026,14.910479100368075,15.205024066876929,25028649,0.0004366572730953866,ITUB4.SA,114,851,107.0199966430664,104.79000091552734,1.0
2022-07-11,14.753389358520508,14.864661115327943,14.615934098163095,14.786116262611902,18746051,-0.016150157768429763,ITUB4.SA,111,848,107.0999984741211,104.08999633789062,1.0
2022-07-12,14.720663070678711,14.864663165925997,14.471937433685335,14.746845163357065,22335508,-0.002218221660563513,ITUB4.SA,110,847,99.48999786376953,95.83999633789062,1.0
2022-07-13,14.661751747131348,14.884296670681326,14.589753125395175,14.648662117349094,38407906,-0.004001947688396235,ITUB4.SA,109,846,99.56999969482422,96.30000305175781,1.0
2022-07-14,14.498115539550781,14.596296238370565,14.164298900390273,14.54393348189667,54813633,-0.011160754212918844,ITUB4.SA,108,845,99.0999984741211,95.77999877929688,1.0
2022-07-15,14.75993537902832,14.858116099321181,14.413027621256417,14.530845617194721,35260546,0.01805888763703778,ITUB4.SA,107,844,101.16000366210938,97.58999633789062,1.0
2022-07-18,14.95629596710205,15.054478086996578,14.714115196374488,14.845024218072734,23331189,0.01330362112240202,ITUB4.SA,104,841,106.2699966430664,102.5999984741211,1.0
2022-07-19,15.460289001464844,15.55846967915427,14.943200704208067,14.943200704208067,39625655,0.03369771736741356,ITUB4.SA,103,840,107.3499984741211,104.22000122070312,1.0
2022-07-20,15.263932228088379,15.486477165221409,15.211569462313065,15.38175021918725,33584725,-0.012700718166255509,ITUB4.SA,102,839,106.91999816894531,102.26000213623047,1.0
2022-07-21,15.388293266296387,15.466839527659348,15.021749704536036,15.237748387075762,24553356,0.008147378824125084,ITUB4.SA,101,838,103.86000061035156,96.3499984741211,1.0
2022-07-22,15.22465705871582,15.512655741451931,15.113383908112937,15.447200530955174,25588351,-0.010633811349239353,ITUB4.SA,100,837,103.19999694824219,94.69999694824219,1.0
2022-07-25,15.447208404541016,15.551935380232933,15.178846855409159,15.316300745789064,36454048,0.014617823243367578,ITUB4.SA,97,834,105.1500015258789,96.69999694824219,1.0
2022-07-26,15.36210823059082,15.643560636512966,15.263926139013982,15.466835134847399,24585080,-0.005509097289396192,ITUB4.SA,96,833,104.4000015258789,94.9800033569336,1.0
2022-07-27,15.414474487304688,15.578110400891386,15.316293787842639,15.4602924299503,27262812,0.003408793632217133,ITUB4.SA,95,832,106.62000274658203,97.26000213623047,1.0
2022-07-28,15.512657165527344,15.532293023237356,15.244294314062714,15.414475048010608,26772676,0.0063695118703863685,ITUB4.SA,94,831,107.13999938964844,96.41999816894531,1.0
2022-07-29,15.460289001464844,15.695924891092224,15.362108323775418,15.53883382651298,33518445,-0.0033758345526305744,ITUB4.SA,93,830,110.01000213623047,98.62000274658203,1.0
2022-08-01,15.373602867126465,15.622514488562706,15.22294538608621,15.622514488562706,28369526,-0.005607019010457459,ITUB4.SA,90,827,100.02999877929688,93.88999938964844,1.0
2022-08-02,15.537354469299316,15.615958030758069,15.314643198882244,15.47840144432007,24247559,0.010651478614879695,ITUB4.SA,89,826,100.54000091552734,94.41999816894531,1.0
2022-08-03,15.648712158203125,15.681463529962047,15.419451140349686,15.524256379302829,22712684,0.00716709457352227,ITUB4.SA,88,825,96.77999877929688,90.66000366210938,1.0
2022-08-04,16.028636932373047,16.09413970169289,15.701120254690737,15.753523602579847,38418670,0.024278341267256476,ITUB4.SA,87,824,94.12000274658203,88.54000091552734,1.0
2022-08-05,16.329946517944336,16.460952013117282,15.871423038215806,16.04173103126528,64015406,0.018798203917310907,ITUB4.SA,86,823,94.91999816894531,89.01000213623047,1.0
2022-08-08,16.533004760742188,16.565756132308724,16.23168987746447,16.42819952240468,46382867,0.012434715727618562,ITUB4.SA,83,820,96.6500015258789,90.76000213623047,1.0
2022-08-09,16.96532440185547,17.214235926738063,16.565754038832363,17.05702879686914,117640069,0.026148885055657267,ITUB4.SA,82,819,96.30999755859375,90.5,1.0
2022-08-10,17.27974510192871,17.35835011170085,16.965330725005455,17.135638748429106,55029810,0.018533138101317626,ITUB4.SA,81,818,97.4000015258789,91.93000030517578,1.0
2022-08-11,17.305953979492188,17.541764860395904,17.24700090538078,17.443510680571503,45877889,0.0015167398250885977,ITUB4.SA,80,817,99.5999984741211,94.33999633789062,1.0
2022-08-12,17.51555061340332,17.54830198053451,17.27318879798356,17.417295096468962,43155063,0.012111244150972977,ITUB4.SA,79,816,98.1500015258789,92.08999633789062,1.0
2022-08-15,17.666210174560547,17.757914579852418,17.253540350747123,17.253540350747123,41430750,0.008601474454473568,ITUB4.SA,76,813,95.0999984741211,89.41000366210938,1.0
2022-08-16,17.8692684173584,17.91512061716293,17.443497788381915,17.64655712593316,29105976,0.011494159799494419,ITUB4.SA,75,812,92.33999633789062,86.52999877929688,1.0
2022-08-17,17.915119171142578,18.000273856280955,17.685858190624742,17.73826150933782,28593294,0.0025658998853943515,ITUB4.SA,74,811,93.6500015258789,88.11000061035156,1.0
2022-08-18,17.862720489501953,18.0264773511619,17.757915248714983,17.934774357956936,37051026,-0.002924830202917561,ITUB4.SA,73,810,96.58999633789062,90.5,1.0
2022-08-19,17.648408889770508,17.820654245990912,17.469540804542042,17.754405481432347,26106699,-0.011997702133748178,ITUB4.SA,72,809,96.72000122070312,90.7699966430664,1.0
2022-08-22,17.449674606323242,17.51592196854106,17.277429173944924,17.489422451000934,24991487,-0.01126074790586118,ITUB4.SA,69,806,96.4800033569336,90.2300033569336,1.0
2022-08-23,17.496042251586914,17.5887891082166,17.409920988506286,17.456294416821127,16685011,0.002657221198088644,ITUB4.SA,68,805,100.22000122070312,93.73999786376953,1.0
2022-08-24,17.568918228149414,17.655040937751085,17.456297434666947,17.456297434666947,22899063,0.004165283526100794,ITUB4.SA,67,804,101.22000122070312,94.88999938964844,1.0
2022-08-25,17.78753089904785,17.80077922056568,17.575537711916102,17.628535292883093,31242248,0.012443149205861204,ITUB4.SA,66,803,99.33999633789062,92.5199966430664,1.0
2022-08-26,17.68153953552246,17.97965405885915,17.5954168303909,17.820659837297224,28445551,-0.0059587451528230195,ITUB4.SA,65,802,100.98999786376953,93.05999755859375,1.0
2022-08-29,17.621912002563477,17.741156923537318,17.43641831256866,17.58216274115089,21271281,-0.0033723043651935347,ITUB4.SA,62,799,105.08999633789062,97.01000213623047,1.0
2022-08-30,17.542415618896484,17.820657619450074,17.482793866955145,17.69478565877711,34434249,-0.004511223507155604,ITUB4.SA,61,798,99.30999755859375,91.63999938964844,1.0
2022-08-31,17.098546981811523,17.661653393582334,17.098546981811523,17.661653393582334,56502823,-0.02530259496342291,ITUB4.SA,60,797,96.48999786376953,89.55000305175781,1.0
2022-09-01,17.362173080444336,17.37543190460188,16.931267742078294,17.275991439726326,54988228,0.01541804101326516,ITUB4.SA,59,796,92.36000061035156,86.61000061035156,1.0
2022-09-02,17.600826263427734,17.740043190066075,17.454982074138467,17.46824089727602,52927981,0.013745582530345857,ITUB4.SA,58,795,93.0199966430664,86.87000274658203,1.0
2022-09-05,17.88588523864746,18.051618359112904,17.633971927020433,17.66048813750999,28039710,0.016195772343486015,ITUB4.SA,55,792,93.0199966430664,86.87000274658203,1.0
2022-09-06,17.72015380859375,17.91240314234567,17.60082441290191,17.70026485967257,60187679,-0.00926604570265288,ITUB4.SA,54,791,92.83000183105469,86.87999725341797,1.0
2022-09-08,17.59419822692871,17.89914687267461,17.561051884149713,17.832854187116617,32229771,-0.00710804110537433,ITUB4.SA,52,789,89.1500015258789,83.54000091552734,1.0
2022-09-09,17.73341178894043,17.92566256171356,17.647231593651895,17.700265449782396,27710574,0.007912469793516674,ITUB4.SA,51,788,92.83999633789062,86.79000091552734,1.0
2022-09-12,17.952178955078125,18.111281944994246,17.812962048136896,17.89914367003162,30293474,0.012336439752339778,ITUB4.SA,48,785,94.0,87.77999877929688,1.0
2022-09-13,17.76655387878418,18.011838449021887,17.70026121632365,17.81958915484177,36812756,-0.010339974704933419,ITUB4.SA,47,784,93.16999816894531,87.30999755859375,1.0
2022-09-14,17.700265884399414,17.82622398194928,17.547791574439117,17.726783529421684,32836152,-0.0037310552646859785,ITUB4.SA,46,783,94.0999984741211,88.4800033569336,1.0
2022-09-15,17.74666976928711,17.972066870526238,17.640600629445856,17.65385945100248,24907645,0.0026216490300632334,ITUB4.SA,45,782,90.83999633789062,85.0999984741211,1.0
2022-09-16,17.68700408935547,17.812960733124836,17.541159931467675,17.633970240835797,49605006,-0.003362077545100872,ITUB4.SA,44,781,91.3499984741211,85.11000061035156,1.0
2022-09-19,18.34994125366211,18.42949420214458,17.620717353469402,17.640604874283984,46524605,0.03748159727659095,ITUB4.SA,41,778,92.0,85.7300033569336,1.0
2022-09-20,18.9598388671875,18.999615341996922,18.40960694430244,18.442751857725483,71309887,0.03323703357380903,ITUB4.SA,40,777,90.62000274658203,84.44999694824219,-1.0
2022-09-21,18.760955810546875,19.012870571476988,18.681404308583826,18.959835281760405,54495600,-0.010489701839440091,ITUB4.SA,39,776,89.83000183105469,82.94000244140625,-1.0
2022-09-22,19.138822555541992,19.22500273133971,18.767579916142864,18.953201952148166,49376706,0.02014112440810134,ITUB4.SA,38,775,90.45999908447266,83.48999786376953,-1.0
2022-09-23,18.760955810546875,18.926688941993454,18.548817516904197,18.827248490080777,38830402,-0.019743468747804416,ITUB4.SA,37,774,86.1500015258789,78.73999786376953,-1.0
2022-09-26,18.3565673828125,18.681403504198357,18.323421044472767,18.648257165858624,16535115,-0.021554788136489256,ITUB4.SA,34,771,84.05999755859375,76.70999908447266,1.0
2022-09-27,18.250499725341797,18.343310053288413,18.177576915494637,18.263758548278727,43896612,-0.005778185826289972,ITUB4.SA,33,770,86.2699966430664,78.5,1.0
2022-09-28,18.243871688842773,18.56207917796918,18.10465761357677,18.28364816221309,47539207,-0.00036317013773712326,ITUB4.SA,32,769,89.31999969482422,82.1500015258789,1.0
2022-09-29,18.51566505432129,18.634992984112056,18.13779375418765,18.20408784441105,58853685,0.01489778979561307,ITUB4.SA,31,768,88.48999786376953,81.2300033569336,1.0
2022-09-30,18.601850509643555,18.654884360199635,18.369824727313873,18.43611739866188,38351030,0.004654731821374769,ITUB4.SA,30,767,87.95999908447266,79.48999786376953,1.0
2022-10-03,19.7346134185791,19.754513446500045,18.90542790854571,19.097798189978576,80831732,0.06089517321668092,ITUB4.SA,27,764,88.86000061035156,83.62999725341797,-1.0
2022-10-04,19.767791748046875,20.039765161436666,19.50245263671094,19.880560547824032,49601833,0.0016812252038611586,ITUB4.SA,26,763,91.80000305175781,86.5199966430664,-1.0
2022-10-05,19.767791748046875,19.953529269333412,19.67492298740361,19.81422612836851,34375446,0.0,ITUB4.SA,25,762,93.37000274658203,87.76000213623047,-1.0
2022-10-06,19.409570693969727,19.860648487069323,19.329970585616,19.834114161942765,55358719,-0.018121450217753465,ITUB4.SA,24,761,94.41999816894531,88.44999694824219,-1.0
2022-10-07,19.449378967285156,19.449378967285156,19.0049353171633,19.369777397646544,63511108,0.0020509610409773504,ITUB4.SA,23,760,97.91999816894531,92.63999938964844,-1.0
2022-10-10,19.24374771118164,19.595322738686722,19.09781025817322,19.555521224180627,54805929,-0.010572638666221601,ITUB4.SA,20,757,96.19000244140625,91.12999725341797,-1.0
2022-10-11,19.11107063293457,19.336609601229632,19.051369099164894,19.170772166704246,36485999,-0.006894555064758889,ITUB4.SA,19,756,94.29000091552734,89.3499984741211,-1.0
2022-10-13,18.998302459716797,19.217207134709582,18.805930685607688,18.905433722840254,42127432,-0.0059006727243965384,ITUB4.SA,17,754,94.56999969482422,89.11000061035156,-1.0
2022-10-14,19.00493621826172,19.34987828106873,18.878900274231935,19.071272057367032,45494368,0.0003491763834684303,ITUB4.SA,16,753,91.62999725341797,85.61000061035156,-1.0
2022-10-17,19.157503128051758,19.303440514898934,19.038100072179212,19.197304624513702,23093825,0.008027751739752675,ITUB4.SA,13,750,91.62000274658203,85.45999908447266,-1.0
2022-10-18,19.62848472595215,19.62848472595215,19.270276924801184,19.436112940649323,52346412,0.024584706824906988,ITUB4.SA,12,749,90.02999877929688,82.81999969482422,-1.0
2022-10-19,19.635112762451172,19.74124864659003,19.44274245798982,19.60857986655136,32142870,0.00033767438452647625,ITUB4.SA,11,748,92.41000366210938,85.55000305175781,-1.0
2022-10-20,19.940256118774414,20.066293484861422,19.648382753781835,19.767785819804576,77600529,0.015540697933081216,ITUB4.SA,10,747,92.37999725341797,85.9800033569336,-1.0
2022-10-21,20.603601455688477,20.749538833980818,19.781050145312427,19.8540188344586,55808067,0.03326664075741248,ITUB4.SA,9,746,93.5,85.05000305175781,-1.0
2022-10-24,19.66828155517578,20.490834365692127,19.528978464711237,20.437767136068484,57756261,-0.04539594218633369,ITUB4.SA,6,743,93.26000213623047,84.58000183105469,-1.0
2022-10-25,19.509075164794922,19.747881241881817,19.509075164794922,19.6682782605108,29513856,-0.008094575519179692,ITUB4.SA,5,742,93.5199966430664,85.31999969482422,-1.0
2022-10-26,19.09117317199707,19.45601529041167,19.024838762653914,19.23710915925474,55085780,-0.021420902286130694,ITUB4.SA,4,741,95.69000244140625,87.91000366210938,-1.0
2022-10-27,19.442737579345703,19.655009294359413,19.17739865233499,19.310067399083927,44860228,0.018415023748478143,ITUB4.SA,3,740,96.95999908447266,89.08000183105469,-1.0
2022-10-28,19.595317840576172,19.668285115327304,19.303444441030912,19.376413149295622,32422834,0.007847673744902917,ITUB4.SA,2,739,95.7699966430664,87.9000015258789,-1.0
2022-10-31,20.165790557861328,20.278559298508117,19.203934812536772,19.237102004873293,94899400,0.029112705490485835,ITUB4.SA,1455,736,94.83000183105469,86.52999877929688,-1.0
2022-11-01,20.21733856201172,20.768238086847184,19.96512019369985,20.575755949840033,47491734,0.0025562104298606503,ITUB4.SA,1454,735,94.6500015258789,88.37000274658203,-1.0
2022-11-03,20.07131004333496,20.13768297060588,19.573508785765046,19.912013009800344,36849352,-0.007222934820468652,ITUB4.SA,1452,733,94.66999816894531,88.16999816894531,-1.0
2022-11-04,20.144325256347656,20.529290895313654,20.077952315460994,20.369993829100835,35511052,0.003637790102143379,ITUB4.SA,1451,732,98.56999969482422,92.61000061035156,-1.0
2022-11-07,19.686344146728516,20.124409188525824,19.513773678167265,19.958474004493798,52676342,-0.02273499379061239,ITUB4.SA,1448,729,97.91999816894531,91.79000091552734,-1.0
2022-11-08,19.626604080200195,19.686340275714812,19.381022580571525,19.546956297629272,31659758,-0.0030345942386792446,ITUB4.SA,1447,728,95.36000061035156,88.91000366210938,-1.0
2022-11-09,18.68411636352539,19.2947507663398,18.484996044205307,19.02262076293486,147203325,-0.048020926739211545,ITUB4.SA,1446,727,92.6500015258789,85.83000183105469,-1.0
2022-11-10,18.33233070373535,18.551362548442075,17.894265579975652,18.15975876853975,99105549,-0.01882805977791835,ITUB4.SA,1445,726,93.66999816894531,86.47000122070312,-1.0
2022-11-11,17.741609573364258,18.71729787494652,17.66196031930555,18.58455055252838,111377525,-0.032222914801047664,ITUB4.SA,1444,725,95.98999786376953,88.95999908447266,-1.0
2022-11-14,17.688507080078125,18.119934012063148,17.52257331369632,17.95400024568134,59148831,-0.0029931046034209485,ITUB4.SA,1441,722,93.13999938964844,85.87000274658203,-1.0
2022-11-16,17.436290740966797,17.715058811227237,17.263718801365894,17.688509061389208,50719991,-0.014258769152733608,ITUB4.SA,1439,720,92.86000061035156,85.58999633789062,1.0
2022-11-17,17.542484283447266,17.549121002211816,17.124330839593704,17.19070519896901,77606874,0.006090374613389793,ITUB4.SA,1438,719,89.77999877929688,81.63999938964844,-1.0
2022-11-18,17.681869506835938,18.02037520460469,17.515937169351282,17.715057408679044,56028889,0.00794558063365014,ITUB4.SA,1437,718,87.62000274658203,80.08000183105469,-1.0
2022-11-21,17.734966278076172,18.013734283444823,17.49602145384821,17.920811614988608,43986685,0.0030028935130250733,ITUB4.SA,1434,715,87.44999694824219,79.7300033569336,-1.0
2022-11-22,17.442928314208984,17.887630191183508,17.316819147831065,17.788069341595534,64036253,-0.016466789915930202,ITUB4.SA,1433,714,88.36000061035156,80.94999694824219,1.0
2022-11-23,17.263715744018555,17.403099754464325,17.157518197819964,17.316815234290868,55607979,-0.010274225001798754,ITUB4.SA,1432,713,85.41000366210938,77.94000244140625,1.0
2022-11-24,17.880990982055664,18.013738295564746,17.33009300170672,17.389829221068496,30856235,0.03575564190177194,ITUB4.SA,1431,712,85.41000366210938,77.94000244140625,-1.0
2022-11-25,17.250442504882812,17.801341879719146,17.18406957010365,17.774792132069013,46086134,-0.03526362033321495,ITUB4.SA,1430,711,83.62999725341797,76.27999877929688,1.0
2022-11-28,16.93848419189453,17.39646078160422,16.918572602795024,17.323449709111546,45835061,-0.018084075982397585,ITUB4.SA,1427,708,83.19000244140625,77.23999786376953,1.0
2022-11-29,17.084510803222656,17.330092392252922,16.540248127887356,16.95176349438195,77138265,0.008620996405215742,ITUB4.SA,1426,707,83.02999877929688,78.19999694824219,1.0
2022-11-30,17.25708770751953,17.28363746601375,16.878758669190564,17.124340349395194,60017162,0.010101366453192373,ITUB4.SA,1425,706,85.43000030517578,80.55000305175781,1.0
2022-12-01,17.255516052246094,17.335217949670653,16.9964838091261,17.0097676979169,50130944,-9.107303040201131e-05,ITUB4.SA,1424,705,86.87999725341797,81.22000122070312,1.0
2022-12-02,17.48798179626465,17.700521161814912,16.989843824454,17.315294100000187,63158518,0.013471967069237367,ITUB4.SA,1423,704,85.56999969482422,79.9800033569336,-1.0
2022-12-05,16.976566314697266,17.361793521285176,16.89686438149302,17.361793521285176,37424462,-0.029243825132332812,ITUB4.SA,1420,701,82.68000030517578,76.93000030517578,1.0
2022-12-06,17.36842918395996,17.36842918395996,16.97656087325958,17.082830561909944,53504452,0.02308257523922519,ITUB4.SA,1419,700,79.3499984741211,74.25,1.0
2022-12-07,17.242231369018555,17.48797971202488,17.195738478053038,17.414919044701875,25238368,-0.007265931397984593,ITUB4.SA,1418,699,77.16999816894531,72.01000213623047,1.0
2022-12-08,16.63783073425293,17.169177871366713,16.538203684289385,17.135968854712196,69736150,-0.03505350449313849,ITUB4.SA,1417,698,76.1500015258789,71.45999908447266,1.0
2022-12-09,16.479459762573242,16.81135166796355,16.43204663323177,16.716525409280607,22514069,-0.009518727183204456,ITUB4.SA,1416,697,76.0999984741211,71.0199966430664,1.0
2022-12-12,16.32366943359375,16.59460132371588,16.04596340457426,16.47268146085569,101446780,-0.009453606563809225,ITUB4.SA,1413,694,77.98999786376953,73.16999816894531,1.0
2022-12-13,15.707298278808594,16.47945493978444,15.659883699613612,16.425267685692564,63557901,-0.03775935045074352,ITUB4.SA,1412,693,80.68000030517578,75.38999938964844,1.0
2022-12-14,15.775023460388184,15.964675833018068,15.321212007672823,15.517638515741481,76898069,0.004311701501903853,ITUB4.SA,1411,692,82.69999694824219,77.27999877929688,1.0
2022-12-15,15.863080024719238,16.2017444136411,15.477001069795817,15.605693566860701,55898707,0.005582024302668742,ITUB4.SA,1410,691,81.20999908447266,76.11000061035156,1.0
2022-12-16,16.0391902923584,16.15433601318365,15.842763689354998,15.930817246516728,64978909,0.01110189618691515,ITUB4.SA,1409,690,79.04000091552734,74.29000091552734,1.0
2022-12-19,16.520092010498047,16.581051932453125,16.018868750355526,16.11369497034587,54924554,0.02998291742749415,ITUB4.SA,1406,687,79.80000305175781,75.19000244140625,1.0
2022-12-20,16.696205139160156,17.055190694317663,16.45236680552636,16.520099432025248,44636914,0.010660541633193965,ITUB4.SA,1405,686,79.98999786376953,76.08999633789062,1.0
2022-12-21,16.763933181762695,16.933266150652337,16.547187098682286,16.75716050704793,69855681,0.004056493199384947,ITUB4.SA,1404,685,82.19999694824219,78.29000091552734,1.0
2022-12-22,16.797805786132812,17.001005132304645,16.574286944462706,16.791033108876615,25305328,0.0020205642675172886,ITUB4.SA,1403,684,80.9800033569336,77.48999786376953,1.0
2022-12-23,17.06195640563965,17.278702459826953,16.845210351452344,16.953583378545996,28695830,0.01572530501125935,ITUB4.SA,1402,683,83.91999816894531,79.55999755859375,1.0
2022-12-26,16.723291397094727,17.055183169733322,16.628465176340843,16.89939702653351,17822996,-0.019849131042966484,ITUB4.SA,1399,680,83.91999816894531,79.55999755859375,1.0
2022-12-27,16.628467559814453,16.75038742218193,16.438815091122482,16.702974305008937,19491678,-0.005670165939747118,ITUB4.SA,1398,679,84.33000183105469,79.52999877929688,1.0
2022-12-28,16.967132568359375,17.068731472154326,16.608147140238085,16.763933297040325,25715021,0.020366579621766467,ITUB4.SA,1397,678,83.26000213623047,78.95999908447266,1.0
2022-12-29,16.933259963989258,17.25837896982579,16.90616634757073,17.095818735043224,28098060,-0.0019963658699339026,ITUB4.SA,1396,677,82.26000213623047,78.4000015258789,1.0
2023-01-02,16.599546432495117,16.626659202189064,16.294532900109928,16.558878742717546,26445013,-0.019707577407057197,ITUB4.SA,1392,673,85.91000366210938,80.26000213623047,1.0
2023-01-03,16.253864288330078,16.707995098744654,16.15219214012681,16.59954549088403,33847015,-0.0208247945551292,ITUB4.SA,1391,672,82.0999984741211,76.93000030517578,1.0
2023-01-04,16.301315307617188,16.619885292910382,16.186088208945186,16.30809276910697,33855739,0.0029193684926469565,ITUB4.SA,1390,671,77.83999633789062,72.83999633789062,1.0
2023-01-05,16.80967140197754,16.884230800454493,16.280981080833524,16.335205165785357,41153732,0.03118497402002962,ITUB4.SA,1389,670,78.69000244140625,73.66999816894531,1.0
2023-01-06,17.101131439208984,17.155355528502962,16.809672748058073,16.897788541020006,42632750,0.017338830144957962,ITUB4.SA,1388,669,78.56999969482422,73.7699966430664,1.0
2023-01-09,17.22313690185547,17.392589569951202,16.87067664120851,16.94523604953285,29083430,0.007134350325309624,ITUB4.SA,1385,666,79.6500015258789,74.62999725341797,1.0
2023-01-10,17.555261611938477,17.623042081055566,16.891007448489454,17.033347312493483,35564190,0.019283636423236494,ITUB4.SA,1384,665,80.0999984741211,75.12000274658203,-1.0
2023-01-11,17.860273361206055,17.948387669094345,17.46036511888023,17.54170343121876,38743614,0.0173743778936426,ITUB4.SA,1383,664,82.66999816894531,77.41000366210938,-1.0
2023-01-12,17.60948944091797,17.83316620840524,17.21635999982124,17.284140483359472,57811778,-0.014041437956532565,ITUB4.SA,1382,663,84.02999877929688,78.38999938964844,-1.0
2023-01-13,17.5213623046875,17.548475066467162,17.040118839294585,17.358688663535375,23525385,-0.005004525345618127,ITUB4.SA,1381,662,85.27999877929688,79.86000061035156,-1.0
2023-01-16,17.33157730102539,17.521363719279634,17.141790882771147,17.453583274121133,27737426,-0.010831635141254736,ITUB4.SA,1378,659,85.27999877929688,79.86000061035156,1.0
2023-01-17,17.69082260131836,17.724712835974884,17.277359394887053,17.39258648567195,36595560,0.020727790324756912,ITUB4.SA,1377,658,85.91999816894531,80.18000030517578,-1.0
2023-01-18,18.00939178466797,18.05683693546213,17.758602321754744,17.873829398176387,45007971,0.01800759583253453,ITUB4.SA,1376,657,84.9800033569336,79.4800033569336,-1.0
2023-01-19,18.00939178466797,18.070394785351013,17.650152705514156,17.778936167061296,40213569,0.0,ITUB4.SA,1375,656,86.16000366210938,80.33000183105469,-1.0
2023-01-20,17.69082260131836,18.083951959908465,17.64337597984651,18.07039703785671,37996401,-0.01768905841788715,ITUB4.SA,1374,655,87.62999725341797,81.30999755859375,-1.0
2023-01-23,17.148574829101562,17.73826809718518,17.080792899326138,17.65015378562234,52002547,-0.03065135999817148,ITUB4.SA,1371,652,88.19000244140625,81.62000274658203,1.0
2023-01-24,17.304475784301758,17.643381159895846,17.17569226889104,17.277364467474868,34378279,0.009091190186581999,ITUB4.SA,1370,651,86.12999725341797,80.12999725341797,1.0
2023-01-25,17.365478515625,17.45359284972079,16.958792692027032,17.30447403084507,43609396,0.003525257400665227,ITUB4.SA,1369,650,86.12000274658203,80.1500015258789,1.0
2023-01-26,17.2637939453125,17.446802874102094,17.107897775920506,17.385799897838897,33862197,-0.005855558211137479,ITUB4.SA,1368,649,87.47000122070312,81.01000213623047,1.0
2023-01-27,16.897783279418945,17.25702233651906,16.82322389818761,17.22313064340424,34365362,-0.021201056213540737,ITUB4.SA,1367,648,86.66000366210938,79.68000030517578,1.0
2023-01-30,16.90456199645996,16.985900308269112,16.6266597596872,16.93845222733207,39913324,0.0004011601361506578,ITUB4.SA,1364,645,84.9000015258789,77.9000015258789,1.0
2023-01-31,17.168909072875977,17.34513916484243,17.00623536717825,17.01979028868347,32928039,0.015637617613007304,ITUB4.SA,1363,644,84.48999786376953,78.87000274658203,1.0
2023-02-01,16.943479537963867,17.296185432123604,16.807822635556857,17.085918625888144,31850216,-0.013130102440128244,ITUB4.SA,1362,643,82.83999633789062,76.41000366210938,1.0
2023-02-02,17.09947967529297,17.614974001172897,16.753556063500206,16.821383762821384,52480220,0.009207089782211852,ITUB4.SA,1361,642,82.16999816894531,75.87999725341797,1.0
2023-02-03,17.03844451904297,17.201231682702826,16.841743485102732,16.889223196652285,41535326,-0.0035694159944638093,ITUB4.SA,1360,641,79.94000244140625,73.38999938964844,1.0
2023-02-06,17.04521369934082,17.11982503649175,16.767117830004434,17.11982503649175,31860299,0.00039728863102994616,ITUB4.SA,1357,638,80.98999786376953,74.11000061035156,1.0
2023-02-07,16.651817321777344,17.146963758077895,16.45511635695657,17.09270041206899,34547549,-0.02307958025652035,ITUB4.SA,1356,637,83.69000244140625,77.13999938964844,1.0
2023-02-08,18.028732299804688,18.049080324330617,17.174097680298125,17.26227343043368,120349072,0.08268857094814552,ITUB4.SA,1355,636,85.08999633789062,78.47000122070312,-1.0
2023-02-09,17.581056594848633,18.22542405911917,17.492880889374508,18.076202845202314,40856546,-0.02483123591340386,ITUB4.SA,1354,635,84.5,78.05999755859375,-1.0
2023-02-10,17.499666213989258,17.62175725279434,17.302965287722692,17.44540434440051,59102038,-0.004629436258297592,ITUB4.SA,1353,634,86.38999938964844,79.72000122070312,-1.0
2023-02-13,18.116901397705078,18.19829639749145,17.486101142742637,17.486101142742637,49663922,0.0352712546724121,ITUB4.SA,1350,631,86.61000061035156,80.13999938964844,-1.0
2023-02-14,17.893068313598633,18.2322097392282,17.84558863127323,18.144032558144932,39640950,-0.012354931960649629,ITUB4.SA,1349,630,85.58000183105469,79.05999755859375,-1.0
2023-02-15,18.15760612487793,18.36109077376842,17.716722963246003,17.82524820703992,41791724,0.014784373850417198,ITUB4.SA,1348,629,85.37999725341797,78.58999633789062,-1.0
2023-02-16,18.293256759643555,18.374650298072137,17.920201453912853,18.035508844537983,34692120,0.0074707334123613744,ITUB4.SA,1347,628,85.13999938964844,78.48999786376953,-1.0
2023-02-17,18.232213973999023,18.415350562269975,18.110122915151724,18.286475852495293,21326685,-0.003336900938229692,ITUB4.SA,1346,627,83.0,76.33999633789062,-1.0
2023-02-22,17.893068313598633,17.9812454946819,17.811674781867115,17.838806447705693,20794515,-0.018601452400901275,ITUB4.SA,1341,622,80.5999984741211,73.94999694824219,-1.0
2023-02-23,17.960899353027344,18.354304183504937,17.87950580615713,17.91341966187101,43189053,0.0037909115552394734,ITUB4.SA,1340,621,82.20999908447266,75.38999938964844,-1.0
2023-02-24,17.4114933013916,17.845592725480586,17.330099750986452,17.804895217385734,35419959,-0.030589005641476374,ITUB4.SA,1339,620,83.16000366210938,76.31999969482422,1.0
2023-02-27,17.18766212463379,17.499672008997894,17.14696607541183,17.492889822722503,20098513,-0.012855369317456677,ITUB4.SA,1336,617,82.44999694824219,75.68000030517578,1.0
2023-02-28,17.248706817626953,17.52001917366737,17.079136045432417,17.22835879401472,29465137,0.003551657726950097,ITUB4.SA,1335,616,83.88999938964844,77.05000305175781,1.0
2023-03-01,16.96881866455078,17.206381970373442,16.554778502857854,17.186019820389312,49786059,-0.016226616640625302,ITUB4.SA,1334,615,84.30999755859375,77.69000244140625,1.0
2023-03-02,16.412242889404297,17.104569228187575,16.317216095043158,16.90094478353523,52237191,-0.032799912955002286,ITUB4.SA,1333,614,84.75,78.16000366210938,1.0
2023-03-03,16.432605743408203,16.690531224442445,16.351154201900307,16.520842713171376,29015336,0.0012407112264376519,ITUB4.SA,1332,613,85.83000183105469,79.68000030517578,1.0
2023-03-06,16.8059139251709,16.995964534330344,16.364724801507602,16.58871427670443,35169906,0.022717528041007462,ITUB4.SA,1329,610,86.18000030517578,80.45999908447266,1.0
2023-03-07,16.853439331054688,16.887375286214947,16.493698551195187,16.867013126397577,31883639,0.002827897732631479,ITUB4.SA,1328,609,83.29000091552734,77.58000183105469,1.0
2023-03-08,17.0638484954834,17.192811257461287,16.805921504724896,16.962034785056886,40035234,0.012484642469445584,ITUB4.SA,1327,608,82.66000366210938,76.66000366210938,1.0
2023-03-09,16.738048553466797,17.023124627759067,16.70411113511813,16.968825051761776,47884998,-0.01909299312536894,ITUB4.SA,1326,607,81.58999633789062,75.72000122070312,1.0
2023-03-10,16.337583541870117,16.704109681667763,16.215407673003316,16.663383903111242,37246581,-0.02392543015498272,ITUB4.SA,1325,606,82.77999877929688,76.68000030517578,1.0
2023-03-13,16.140745162963867,16.337584234123337,15.930332298513168,16.133956799515435,38429660,-0.012048194177663452,ITUB4.SA,1322,603,80.7699966430664,74.80000305175781,1.0
2023-03-14,16.08644676208496,16.256135325426552,15.930333459827047,15.991421401302137,43849139,-0.0033640578753141304,ITUB4.SA,1321,602,77.44999694824219,71.33000183105469,1.0
2023-03-15,16.045719146728516,16.127169237127664,15.624891968396371,15.862455343228367,57389962,-0.0025317968572424743,ITUB4.SA,1320,601,73.69000244140625,67.61000061035156,1.0
2023-03-16,16.3104305267334,16.391880604578805,15.964266595788516,16.059291931075247,45421743,0.016497321035240375,ITUB4.SA,1319,600,74.69999694824219,68.3499984741211,1.0
2023-03-17,15.842090606689453,16.23576720182529,15.814941558847426,16.222191944503017,68565874,-0.028714135980427935,ITUB4.SA,1318,599,72.97000122070312,66.73999786376953,1.0
2023-03-20,15.88281536102295,16.1950418590229,15.733489006848007,15.882815361022951,36932854,0.002570667934211901,ITUB4.SA,1315,596,73.79000091552734,67.63999938964844,1.0
2023-03-21,16.208616256713867,16.391878542106827,15.950689331386876,15.950689331386876,43704795,0.0205127924920947,ITUB4.SA,1314,595,75.31999969482422,69.33000183105469,1.0
2023-03-22,16.113595962524414,16.45975998946458,16.072871645709654,16.256135471784898,41241539,-0.0058623322734348005,ITUB4.SA,1313,594,76.69000244140625,70.9000015258789,1.0
2023-03-23,15.71312427520752,16.459751523066032,15.536647437108105,16.120376034694775,59823759,-0.02485303021425367,ITUB4.SA,1312,593,75.91000366210938,69.95999908447266,1.0
2023-03-24,15.941057205200195,16.078362294359184,15.611525881374682,15.899865233374467,34011300,0.014505894944922826,ITUB4.SA,1311,592,74.98999786376953,69.26000213623047,1.0
2023-03-27,16.215656280517578,16.325499989964896,16.05089145814288,16.133273869330228,44616067,0.017225901129556576,ITUB4.SA,1308,589,78.12000274658203,72.80999755859375,1.0
2023-03-28,16.291181564331055,16.421620565370365,16.133281252464553,16.229394356766488,32135279,0.0046575533242041445,ITUB4.SA,1307,588,78.6500015258789,73.19999694824219,1.0
2023-03-29,16.44907569885254,16.53145811680269,16.188196311152264,16.304906096541604,25802715,0.00969200017187144,ITUB4.SA,1306,587,78.27999877929688,72.97000122070312,1.0
2023-03-30,16.90218162536621,17.025756007876545,16.627573040359906,16.696224815713272,43270629,0.027545980990608454,ITUB4.SA,1305,586,79.2699966430664,74.37000274658203,1.0
2023-03-31,16.98456382751465,17.224846500672687,16.812931439211155,16.98456382751465,65512439,0.0048740573243397645,ITUB4.SA,1304,585,79.7699966430664,75.66999816894531,1.0
2023-04-03,16.508909225463867,16.9692076969219,16.35776573470366,16.955467244611718,38304803,-0.028005111398870963,ITUB4.SA,1301,582,84.93000030517578,80.41999816894531,1.0
2023-04-04,16.83868408203125,16.976085704821905,16.57074883907593,16.5844892982855,25918394,0.019975569073862776,ITUB4.SA,1300,581,84.94000244140625,80.70999908447266,1.0
2023-04-05,16.824941635131836,17.044786006606948,16.61196972003484,16.87990347032686,36165246,-0.0008161235659785993,ITUB4.SA,1299,580,84.98999786376953,80.61000061035156,1.0
2023-04-06,16.76997947692871,16.948603937405856,16.646316845722176,16.873032164484936,24650907,-0.0032667072133171215,ITUB4.SA,1298,579,85.12000274658203,80.69999694824219,1.0
2023-04-10,16.948604583740234,17.003564930454424,16.838682405659473,16.927993154651574,16023452,0.010651480346607789,ITUB4.SA,1294,575,84.18000030517578,79.73999786376953,1.0
2023-04-11,17.498218536376953,17.60127125464118,17.182192377857398,17.31272453429301,54871529,0.032428271597296776,ITUB4.SA,1293,574,85.61000061035156,81.52999877929688,1.0
2023-04-12,17.61500358581543,17.87606928484758,17.429509653712497,17.61500358581543,47390217,0.006674110807091127,ITUB4.SA,1292,573,87.33000183105469,83.26000213623047,1.0
2023-04-13,17.61500358581543,17.800497517918362,17.48447147862546,17.69744483853266,40614537,0.0,ITUB4.SA,1291,572,86.08999633789062,82.16000366210938,1.0
2023-04-14,17.86920738220215,17.951650161407485,17.47761086191515,17.553182667193557,38988116,0.01443109535279441,ITUB4.SA,1290,571,86.30999755859375,82.5199966430664,1.0
2023-04-17,17.83485221862793,18.02721568292448,17.669969673417334,17.896683544245043,24167003,-0.0019225902324261357,ITUB4.SA,1287,568,84.76000213623047,80.83000183105469,1.0
2023-04-18,17.821107864379883,18.027210241354187,17.64248342889209,17.869197231285522,27411575,-0.0007706458163803109,ITUB4.SA,1286,567,84.7699966430664,80.86000061035156,1.0
2023-04-19,17.539432525634766,17.759276864840785,17.511953096723218,17.690576065583507,31036155,-0.015805714262474013,ITUB4.SA,1285,566,83.12000274658203,79.16000366210938,1.0
2023-04-20,17.587526321411133,17.64248815772443,17.319592565667637,17.443255212720032,24745399,0.0027420383017566774,ITUB4.SA,1284,565,81.0999984741211,77.29000091552734,1.0
2023-04-24,17.429506301879883,17.711183373411764,17.29897421979227,17.580649806672223,28674303,-0.008984777997965265,ITUB4.SA,1280,561,82.7300033569336,78.76000213623047,1.0
2023-04-25,17.587526321411133,17.669969075881077,17.312721593802213,17.312721593802213,25980256,0.009066236116751503,ITUB4.SA,1279,560,80.7699966430664,77.06999969482422,1.0
2023-04-26,17.408906936645508,17.628751358231565,17.381427497436874,17.53943909800822,19299068,-0.010156026578233113,ITUB4.SA,1278,559,77.69000244140625,74.30000305175781,1.0
2023-04-27,17.718061447143555,17.724930934940666,17.402035315423543,17.402035315423543,23660439,0.017758410199050445,ITUB4.SA,1277,558,78.37000274658203,74.76000213623047,1.0
2023-04-28,17.807373046875,17.81424401964698,17.525698794888903,17.81424401964698,23245081,0.005040709447694303,ITUB4.SA,1276,557,79.54000091552734,76.77999877929688,1.0
2023-05-02,17.11827278137207,17.853876985010547,17.090773142264858,17.688880636031207,49467233,-0.038697468946654046,ITUB4.SA,1272,553,75.31999969482422,71.66000366210938,1.0
2023-05-03,17.090774536132812,17.276393401085155,16.96702763572189,17.152646500674233,26517638,-0.0016063679782682971,ITUB4.SA,1271,552,72.33000183105469,68.5999984741211,1.0
2023-05-04,17.228271484375,17.379516542466053,16.857030778247395,17.180146368545962,45003213,0.008045097543794455,ITUB4.SA,1270,551,72.5,68.55999755859375,1.0
2023-05-05,17.867626190185547,17.867626190185547,17.200771051797002,17.427639371334546,49402765,0.03711078655745603,ITUB4.SA,1269,550,75.30000305175781,71.33999633789062,1.0
2023-05-08,18.115123748779297,18.266370317022428,17.743884468209167,18.183871378527467,59838715,0.013851731391699706,ITUB4.SA,1266,547,77.01000213623047,73.16000366210938,1.0
2023-05-09,18.225120544433594,18.417615093056,18.032625995811188,18.06699981011315,43258053,0.0060720973910934894,ITUB4.SA,1265,546,77.44000244140625,73.70999908447266,1.0
2023-05-10,18.49323272705078,18.58947997196269,18.073868457937046,18.190741173661376,35088896,0.014711133567732348,ITUB4.SA,1264,545,76.41000366210938,72.55999755859375,1.0
2023-05-11,18.671979904174805,18.79572680300205,18.293865040275552,18.39698795118627,35897745,0.009665545216578808,ITUB4.SA,1263,544,74.9800033569336,70.87000274658203,1.0
2023-05-12,18.50011444091797,18.59636172509526,18.33511952108959,18.431366805266883,20136809,-0.009204458452657716,ITUB4.SA,1262,543,74.16999816894531,70.04000091552734,1.0
2023-05-15,18.56885528564453,18.630728729368183,18.36261096845366,18.527607313604687,20327832,0.0037156983512773856,ITUB4.SA,1259,540,75.2300033569336,71.11000061035156,1.0
2023-05-16,18.506982803344727,18.78197472325501,18.445109361373742,18.582604578496962,29875057,-0.00333205689570093,ITUB4.SA,1258,539,74.91000366210938,70.86000061035156,1.0
2023-05-17,18.69260597229004,18.85072669712925,18.527611079268336,18.630732515990854,27183049,0.010029899034204925,ITUB4.SA,1257,538,76.95999908447266,72.83000183105469,1.0
2023-05-18,18.623851776123047,18.658225576234614,18.396983506855783,18.630725941879895,26807799,-0.0036781493318220893,ITUB4.SA,1256,537,75.86000061035156,71.86000061035156,1.0
2023-05-19,18.472612380981445,18.561985484192654,18.26636950095108,18.500112025917854,55195001,-0.008120736620955027,ITUB4.SA,1255,536,75.58000183105469,71.55000305175781,1.0
2023-05-22,18.12199592590332,18.65823153886744,18.08074794685324,18.472611176149673,29853077,-0.018980339534385715,ITUB4.SA,1252,533,75.98999786376953,71.98999786376953,1.0
2023-05-23,18.266366958618164,18.54135891271587,18.053246968519623,18.211367676400208,31465336,0.007966618760159916,ITUB4.SA,1251,532,76.83999633789062,72.91000366210938,1.0
2023-05-24,18.163240432739258,18.35573491086694,18.046367724116216,18.149490614921035,32566612,-0.005645705361801645,ITUB4.SA,1250,531,78.36000061035156,74.33999633789062,1.0
2023-05-25,18.73384666442871,18.80946842167563,18.341982119950682,18.472603139555527,51557618,0.031415442294147944,ITUB4.SA,1249,530,76.26000213623047,71.83000183105469,1.0
2023-05-26,18.5894832611084,19.084469391902402,18.417612726023126,18.83697558367336,33629706,-0.007706020333476227,ITUB4.SA,1248,529,76.94999694824219,72.66999816894531,1.0
2023-05-29,18.506982803344727,18.596354397342054,18.355736281712577,18.534480955371066,11247177,-0.004438017808503281,ITUB4.SA,1245,526,76.94999694824219,72.66999816894531,1.0
2023-05-30,18.24574089050293,18.692603358476802,18.01887257290536,18.61698157638693,48896654,-0.014115856464435805,ITUB4.SA,1244,525,73.54000091552734,69.45999908447266,1.0
2023-05-31,18.101375579833984,18.259496331235578,18.01200395012728,18.211372688881372,38429660,-0.007912274515752271,ITUB4.SA,1243,524,72.66000366210938,68.08999633789062,1.0
2023-06-01,18.368053436279297,18.51252118209309,18.09975576929347,18.209826645150752,28928095,0.014732463578204902,ITUB4.SA,1242,523,74.27999877929688,70.0999984741211,1.0
2023-06-02,18.6363468170166,18.725779847663066,18.478120062279263,18.57443187067065,28470477,0.014606522224472007,ITUB4.SA,1241,522,76.12999725341797,71.73999786376953,1.0
2023-06-05,18.677629470825195,18.767061041277145,18.45748770459433,18.677629470825195,27870213,0.0022151687889226945,ITUB4.SA,1238,519,76.70999908447266,72.1500015258789,1.0
2023-06-06,18.808332443237305,18.88400643104685,18.677623773986536,18.8014521788944,29698762,0.0069978351704786945,ITUB4.SA,1237,518,76.29000091552734,71.73999786376953,1.0
2023-06-07,18.863372802734375,19.00096177774365,18.698267222051925,18.918408987402426,31760369,0.002926381680203649,ITUB4.SA,1236,517,76.94999694824219,72.52999877929688,1.0
2023-06-09,19.124792098999023,19.124792098999023,18.80145822409201,18.96656529482307,33168008,0.013858565962644454,ITUB4.SA,1234,515,74.79000091552734,70.16999816894531,1.0
2023-06-12,18.918399810791016,19.289887930461898,18.863363652818958,19.214213956580384,33613277,-0.010791870946341486,ITUB4.SA,1231,512,71.83999633789062,67.12000274658203,1.0
2023-06-13,19.13166618347168,19.193581133967633,18.945922818644327,19.01471654734627,37732299,0.011272960441348623,ITUB4.SA,1230,511,74.29000091552734,69.41999816894531,1.0
2023-06-14,19.39307975769043,19.413717573359765,19.104144391679277,19.241731811688336,56524690,0.01366392094195068,ITUB4.SA,1229,510,73.19999694824219,68.2699966430664,1.0
2023-06-15,19.647615432739258,19.67513350951531,19.31740297140666,19.331163496454696,30322705,0.01312507751368841,ITUB4.SA,1228,509,75.66999816894531,70.62000274658203,1.0
2023-06-16,19.709537506103516,19.84024618817661,19.434361098582176,19.599468132423418,47145602,0.003151633009931265,ITUB4.SA,1227,508,76.61000061035156,71.77999877929688,1.0
2023-06-19,19.97783851623535,20.019115653346372,19.633866833625902,19.66138492503325,18433003,0.01361275017482022,ITUB4.SA,1224,505,76.61000061035156,71.77999877929688,1.0
2023-06-20,19.96833038330078,20.003045603129085,19.69060712425426,20.003045603129085,28148931,-0.00047593401692802573,ITUB4.SA,1223,504,75.9000015258789,70.5,1.0
2023-06-21,20.16273307800293,20.25299383316496,19.919725083820335,19.95444029721502,29839027,0.009735550793206205,ITUB4.SA,1222,503,77.12000274658203,72.52999877929688,1.0
2023-06-22,19.96833038330078,20.134964038644675,19.82946800356747,20.04470476717511,27091956,-0.009641683691891778,ITUB4.SA,1221,502,74.13999938964844,69.51000213623047,1.0
2023-06-23,19.905834197998047,20.030810138299763,19.773915816754894,20.030810138299763,18796809,-0.0031297651883304134,ITUB4.SA,1220,501,73.8499984741211,69.16000366210938,1.0
2023-06-26,19.87806510925293,20.093301824111872,19.73920426139014,19.87806510925293,15397130,-0.0013950226083924155,ITUB4.SA,1217,498,74.18000030517578,69.37000274658203,1.0
2023-06-27,19.6558837890625,20.01692525469705,19.42676221496764,19.982210046551717,29488704,-0.011177210607233978,ITUB4.SA,1216,497,72.26000213623047,67.69999694824219,1.0
2023-06-28,19.544803619384766,19.69755089701897,19.44065645245309,19.648949285896244,21198769,-0.005651242695052239,ITUB4.SA,1215,496,74.02999877929688,69.55999755859375,1.0
2023-06-29,19.78086280822754,19.822520461138527,19.58645492643731,19.600341310880875,70141424,0.01207784910198062,ITUB4.SA,1214,495,74.33999633789062,69.86000061035156,1.0
2023-06-30,19.732263565063477,20.079417215856157,19.683660463507415,19.975270070324427,31561301,-0.0024568818678550874,ITUB4.SA,1213,494,74.9000015258789,70.63999938964844,1.0
2023-07-03,20.119678497314453,20.154416777801085,19.70283564634587,19.82788775096049,19990991,0.01963357781906505,ITUB4.SA,1210,491,74.6500015258789,69.79000091552734,1.0
2023-07-04,19.994625091552734,20.161362221089774,19.9598883146785,20.05715189046708,9245166,-0.006215477338686659,ITUB4.SA,1209,490,74.6500015258789,69.79000091552734,1.0
2023-07-05,20.168310165405273,20.286417015365515,19.911257701105217,19.95294123527197,19998696,0.008686588173434595,ITUB4.SA,1208,489,76.6500015258789,71.79000091552734,1.0
2023-07-06,19.86957359313965,20.08494403467879,19.86957359313965,20.029363984725993,32074550,-0.014812176618448136,ITUB4.SA,1207,488,76.5199966430664,71.80000305175781,1.0
2023-07-07,20.244731903076172,20.46704757112329,19.904307892923725,19.987676456110368,31476099,0.018881044838629846,ITUB4.SA,1206,487,78.47000122070312,73.86000061035156,1.0
2023-07-10,20.112728118896484,20.40452031403855,20.04325457314209,20.40452031403855,15000240,-0.006520401693224209,ITUB4.SA,1203,484,77.69000244140625,72.98999786376953,1.0
2023-07-11,19.75841522216797,20.050205983725167,19.522204511203753,20.015469202780547,31780310,-0.017616351925705653,ITUB4.SA,1202,483,79.4000015258789,74.83000183105469,1.0
2023-07-12,19.640308380126953,19.90430909640566,19.591676590214988,19.800098761459395,20884135,-0.005977546311938253,ITUB4.SA,1201,482,80.11000061035156,75.75,1.0
2023-07-13,19.85567855834961,20.001573937283883,19.563887800481062,19.60557283789884,24777803,0.010965722841733916,ITUB4.SA,1200,481,81.36000061035156,76.88999938964844,1.0
2023-07-14,19.647254943847656,20.001572481376236,19.563886376432436,19.904308902499835,27914740,-0.010496927309205817,ITUB4.SA,1199,480,79.87000274658203,75.41999816894531,1.0
2023-07-17,20.02936553955078,20.02936553955078,19.563889341146307,19.612521137954175,18054808,0.019448548756312523,ITUB4.SA,1196,477,78.5,74.1500015258789,1.0
2023-07-18,19.640308380126953,20.105784512527734,19.57083482349611,20.02936269942268,44289196,-0.01942433766339635,ITUB4.SA,1195,476,79.62999725341797,75.75,1.0
2023-07-19,19.431888580322266,19.73757436869606,19.37630852715318,19.64031077700222,44539023,-0.010611839476796447,ITUB4.SA,1194,475,79.45999908447266,75.3499984741211,1.0
2023-07-20,19.79315948486328,19.79315948486328,19.24431307551047,19.529157167483678,42807912,0.01859165170938959,ITUB4.SA,1193,474,79.63999938964844,75.62999725341797,1.0
2023-07-21,20.147472381591797,20.147472381591797,19.751471221956443,19.80010302233371,36214305,0.017900775113719236,ITUB4.SA,1192,473,81.06999969482422,77.06999969482422,1.0
2023-07-24,19.82788848876953,20.321154674352325,19.688941367060323,20.14746927086385,37238424,-0.01586223258031416,ITUB4.SA,1189,470,82.73999786376953,78.73999786376953,1.0
2023-07-25,19.86957359313965,20.11273255830322,19.67504642100879,20.11273255830322,39541700,0.0021023471255512405,ITUB4.SA,1188,469,83.63999938964844,79.62999725341797,1.0
2023-07-26,19.980724334716797,20.00851434876539,19.68198693842425,19.862619027037343,38028465,0.005594017458710132,ITUB4.SA,1187,468,82.91999816894531,78.77999877929688,1.0
2023-07-27,19.536102294921875,19.952946760122543,19.515260522067535,19.952946760122543,22188332,-0.022252548623694524,ITUB4.SA,1186,467,84.23999786376953,80.08999633789062,1.0
2023-07-28,19.82788848876953,19.85567851365216,19.49441419558586,19.584731025778417,18444673,0.014935742526466012,ITUB4.SA,1185,466,84.98999786376953,80.58000183105469,1.0
2023-07-31,19.89735984802246,20.064096963584056,19.793149526134385,20.001570169910536,17263407,0.0035037194854246057,ITUB4.SA,1182,463,85.55999755859375,81.80000305175781,1.0
2023-08-01,19.95829200744629,19.972195586133147,19.659368821372716,19.69412851922863,16807601,0.003062323840410608,ITUB4.SA,1181,462,84.91000366210938,81.37000274658203,1.0
2023-08-02,19.895729064941406,19.9861015862162,19.680225822602353,19.944390845102205,20784091,-0.003134684194496251,ITUB4.SA,1180,461,83.19999694824219,79.48999786376953,1.0
2023-08-03,19.74278450012207,20.250258251643995,19.659364548409798,20.04865865791855,24826182,-0.0076873063721421,ITUB4.SA,1179,460,85.13999938964844,81.55000305175781,1.0
2023-08-04,19.381305694580078,19.84011637313231,19.256174963237523,19.694132522936467,50087777,-0.01830941352471116,ITUB4.SA,1178,459,86.23999786376953,82.81999969482422,1.0
2023-08-07,19.22836685180664,19.659371848351434,19.2005611924292,19.416062939562707,37391152,-0.007891049508403691,ITUB4.SA,1175,456,85.33999633789062,81.94000244140625,1.0
2023-08-08,19.186660766601562,19.47168046474095,18.8460282382847,19.01981927151308,50438327,-0.0021689873886070465,ITUB4.SA,1174,455,86.16999816894531,82.91999816894531,1.0
2023-08-09,19.11713981628418,19.18665621307737,18.71394201078388,19.11713981628418,39723999,-0.003623400192617088,ITUB4.SA,1173,454,87.55000305175781,84.4000015258789,1.0
2023-08-10,19.17970848083496,19.423018935170106,19.131046690423542,19.22141923073534,34693139,0.003272909292502346,ITUB4.SA,1172,453,86.4000015258789,82.81999969482422,1.0
2023-08-11,19.214468002319336,19.325695165354574,19.08933725611994,19.20751545959824,22008185,0.0018123070806372876,ITUB4.SA,1171,452,86.80999755859375,83.19000244140625,1.0
2023-08-14,18.9363956451416,19.200560669110715,18.88773386471015,19.103237108247814,28513531,-0.014472029990326485,ITUB4.SA,1168,449,86.20999908447266,82.51000213623047,1.0
2023-08-15,18.83211898803711,19.0198135478966,18.679181122085968,18.978104313384524,28083444,-0.0055066792571608625,ITUB4.SA,1167,448,84.88999938964844,80.98999786376953,1.0
2023-08-16,18.818218231201172,19.131043546065218,18.762605409419177,18.804314650186225,38445182,-0.0007381408775490872,ITUB4.SA,1166,447,83.44999694824219,79.37999725341797,1.0
2023-08-17,18.595766067504883,19.00591649640871,18.588815027340875,18.99201291380272,43034739,-0.011821106598044251,ITUB4.SA,1165,446,84.12000274658203,80.38999938964844,1.0
2023-08-18,18.741744995117188,18.89468284898284,18.449774367494527,18.561001487866605,23685478,0.007850116369628735,ITUB4.SA,1164,445,84.80000305175781,81.25,1.0
2023-08-21,18.665279388427734,18.82516829564316,18.57490687486159,18.672230426881622,37088868,-0.004079961962419998,ITUB4.SA,1161,442,84.45999908447266,80.72000122070312,1.0
2023-08-22,18.957256317138672,19.01286915000397,18.72089839733545,18.76956018944687,24097210,0.01564278372880712,ITUB4.SA,1160,441,84.02999877929688,80.3499984741211,1.0
2023-08-23,19.1936092376709,19.270076675158794,18.846024240392854,18.95725137943072,27395600,0.012467675521090404,ITUB4.SA,1159,440,83.20999908447266,78.88999938964844,1.0
2023-08-24,18.97115707397461,19.186658834847435,18.866880962258296,19.186658834847435,21142233,-0.011589907918917453,ITUB4.SA,1158,439,83.36000061035156,79.05000305175781,1.0
2023-08-25,18.67222785949707,18.97810205268561,18.540146128813305,18.943343860640134,25293885,-0.015757036500826938,ITUB4.SA,1157,438,84.4800033569336,79.83000183105469,1.0
2023-08-28,19.30483627319336,19.457772649626794,18.574908083278988,18.686135221720438,38836520,0.03387964298938928,ITUB4.SA,1154,435,84.41999816894531,80.0999984741211,1.0
2023-08-29,19.610708236694336,19.874873243213806,19.388253968765614,19.46472290504317,40091091,0.01584431793009866,ITUB4.SA,1153,434,85.48999786376953,81.16000366210938,1.0
2023-08-30,19.235321044921875,19.70803532225941,19.1727556769646,19.68022815821664,19884943,-0.019141949757329968,ITUB4.SA,1152,433,85.86000061035156,81.62999725341797,1.0
2023-08-31,19.068471908569336,19.2144587100536,18.89468095875912,19.151893367211002,41890409,-0.008674101979524118,ITUB4.SA,1151,432,86.86000061035156,83.62999725341797,1.0
2023-09-01,19.233787536621094,19.421604433595014,19.011190066854528,19.101620758711167,33312919,0.008669579232380098,ITUB4.SA,1150,431,88.55000305175781,85.55000305175781,1.0
2023-09-04,19.05988883972168,19.275530860381004,19.00424020734695,19.150319558481417,11195852,-0.009041313187447386,ITUB4.SA,1147,428,88.55000305175781,85.55000305175781,1.0
2023-09-05,18.77468490600586,19.108579666729472,18.74685984153057,19.059886555520198,23401321,-0.014963567527290222,ITUB4.SA,1146,427,90.04000091552734,86.69000244140625,1.0
2023-09-06,18.593820571899414,18.899890195366083,18.503389885481116,18.823373541121725,21773767,-0.009633415155137381,ITUB4.SA,1145,426,90.5999984741211,87.54000091552734,1.0
2023-09-08,18.621644973754883,18.858154969824817,18.45469762549651,18.5381712996257,25732129,0.0014964327394617616,ITUB4.SA,1143,424,90.6500015258789,87.51000213623047,1.0
2023-09-11,19.094669342041016,19.1224929042976,18.705124437998506,18.78164111326041,31296405,0.02540185729847222,ITUB4.SA,1140,421,90.63999938964844,87.29000091552734,1.0
2023-09-12,19.205968856811523,19.268573001786915,19.004239378851626,19.11553814199414,18673652,0.005828826505283269,ITUB4.SA,1139,420,92.05999755859375,88.83999633789062,1.0
2023-09-13,19.303346633911133,19.505076039245367,19.122486772633767,19.24074100822963,26195186,0.0050701830157906524,ITUB4.SA,1138,419,91.87999725341797,88.5199966430664,1.0
2023-09-14,19.226839065551758,19.456392132657093,19.108583270849714,19.338137841200307,34267698,-0.003963435450357156,ITUB4.SA,1137,418,93.69999694824219,90.16000366210938,1.0
2023-09-15,19.18509292602539,19.477251518412224,19.087706728563113,19.421602906967177,40731689,-0.002171242989242206,ITUB4.SA,1136,417,93.93000030517578,90.7699966430664,1.0
2023-09-18,19.136404037475586,19.338133492740937,19.032060801098357,19.233790256363708,16235663,-0.0025378500243674607,ITUB4.SA,1133,414,94.43000030517578,91.4800033569336,1.0
2023-09-19,19.079713821411133,19.26236170600816,19.00946498535981,19.178062799125378,21474768,-0.0029624278392865744,ITUB4.SA,1132,413,94.33999633789062,91.19999694824219,1.0
2023-09-20,19.402864456176758,19.55741222746667,19.128891819960824,19.156991966779447,27867381,0.016936870111908364,ITUB4.SA,1131,412,93.52999877929688,90.27999877929688,1.0
2023-09-21,18.960289001464844,19.2483101174281,18.939213137826517,19.17806128691597,25385884,-0.022809799847414935,ITUB4.SA,1130,411,93.30000305175781,89.62999725341797,1.0
2023-09-22,18.911113739013672,19.12186173999168,18.89003939434761,19.051611394261812,18539052,-0.0025935924524870257,ITUB4.SA,1129,410,93.2699966430664,90.02999877929688,1.0
2023-09-25,18.967313766479492,19.10078715513744,18.918139280231518,18.92516355622156,16063674,0.0029717989242421528,ITUB4.SA,1126,407,93.29000091552734,89.68000030517578,1.0
2023-09-26,18.686321258544922,18.967318171201846,18.672271185196138,18.946243820231796,27469811,-0.01481456527761782,ITUB4.SA,1125,406,93.95999908447266,90.38999938964844,1.0
2023-09-27,18.651199340820312,18.911123476701885,18.517725892364304,18.83384881566177,26052315,-0.0018795522799089914,ITUB4.SA,1124,405,96.55000305175781,93.68000030517578,1.0
2023-09-28,19.14293670654297,19.23426139990571,18.580941512975812,18.63714179138545,32463735,0.026364919313603075,ITUB4.SA,1123,404,95.37999725341797,91.70999908447266,1.0
2023-09-29,19.114839553833008,19.367737809977413,18.981366148915054,19.3185633177389,19969351,-0.0014677556082791643,ITUB4.SA,1122,403,95.30999755859375,90.79000091552734,1.0
2023-10-02,18.937450408935547,19.11318802859881,18.81092072034218,19.078040808484456,14289396,-0.009280179642517039,ITUB4.SA,1119,400,90.70999908447266,88.81999969482422,1.0
2023-10-03,18.698450088500977,18.930422973698544,18.66330134669356,18.860128528266944,24198953,-0.012620512015799057,ITUB4.SA,1118,399,90.91999816894531,89.2300033569336,1.0
2023-10-04,19.127239227294922,19.211592824136762,18.712500076534674,18.768735301398948,26973104,0.02293180112600024,ITUB4.SA,1117,398,85.80999755859375,84.22000122070312,1.0
2023-10-05,19.429513931274414,19.563073960796313,19.028832323617387,19.09209792056804,32443908,0.01580336296249918,ITUB4.SA,1116,397,84.06999969482422,82.30999755859375,1.0
2023-10-06,19.612281799316406,19.88643223308798,19.14130572470195,19.253777736482377,50011299,0.009406713347975382,ITUB4.SA,1115,396,84.58000183105469,82.79000091552734,1.0
2023-10-09,19.443571090698242,19.50683668598354,19.26080465936921,19.436542255262676,16544632,-0.008602298821957843,ITUB4.SA,1112,393,88.1500015258789,86.37999725341797,1.0
2023-10-10,19.422483444213867,19.71772188191088,19.324070631648198,19.485749040733417,27848800,-0.001084556246689905,ITUB4.SA,1111,392,87.6500015258789,85.97000122070312,1.0
2023-10-11,19.668514251708984,19.69663263043268,19.38733502174572,19.471688638825576,17994759,0.012667319717469594,ITUB4.SA,1110,391,85.81999969482422,83.48999786376953,1.0
2023-10-13,19.464658737182617,19.74583795173951,19.39436279422503,19.640396315939856,25238141,-0.010364560938234235,ITUB4.SA,1108,389,90.88999938964844,87.69000244140625,1.0
2023-10-16,19.492780685424805,19.61228153170842,19.38030867517905,19.598222340541273,12962992,0.0014447696526251885,ITUB4.SA,1105,386,89.6500015258789,86.66000366210938,1.0
2023-10-17,19.204570770263672,19.436543623242247,19.120215624552003,19.401396405408086,30382867,-0.014785469544457253,ITUB4.SA,1104,385,89.9000015258789,86.66000366210938,1.0
2023-10-18,18.80388069152832,19.183474119307554,18.70546791819831,19.02882460745141,63292779,-0.020864307957133787,ITUB4.SA,1103,384,91.5,88.31999969482422,1.0
2023-10-19,19.021808624267578,19.260810367181616,18.684392522452075,18.754686974004233,26245718,0.011589519010160476,ITUB4.SA,1102,383,92.37999725341797,89.37000274658203,1.0
2023-10-20,18.95150375366211,19.14130050663112,18.79685572905446,18.923386897700468,27017857,-0.00369601398027819,ITUB4.SA,1101,382,92.16000366210938,88.75,1.0
2023-10-23,18.972597122192383,19.197541129813864,18.853094763654592,18.90933152510563,18187709,0.001113018196574389,ITUB4.SA,1098,379,89.83000183105469,85.48999786376953,1.0
2023-10-24,18.972597122192383,19.246747536537853,18.853094763654592,19.155363558725583,17958163,0.0,ITUB4.SA,1097,378,88.06999969482422,83.73999786376953,1.0
2023-10-25,19.00774574279785,19.563075448150855,18.958539332438615,19.01477457895283,28965258,0.0018525993241249594,ITUB4.SA,1096,377,90.12999725341797,85.38999938964844,1.0
2023-10-26,19.478723526000977,19.556046806848414,19.042894630725637,19.120217911573075,32592557,0.024778203032391755,ITUB4.SA,1095,376,87.93000030517578,83.20999908447266,1.0
2023-10-27,19.190513610839844,19.61228330768155,19.113188811964164,19.57010573036075,34189408,-0.014796139735564262,ITUB4.SA,1094,375,90.4800033569336,85.54000091552734,1.0
2023-10-30,19.035863876342773,19.324071979477917,18.97259827541053,19.324071979477917,17119856,-0.0080586553144526,ITUB4.SA,1091,372,87.44999694824219,82.30999755859375,1.0
2023-10-31,18.853097915649414,19.106160346305188,18.740627412126397,19.035865901830405,28770042,-0.0096011382451886,ITUB4.SA,1090,371,87.41000366210938,81.0199966430664,1.0
2023-11-01,19.118736267089844,19.23128232023813,18.893644160793272,18.921781054103214,29703861,0.0140899046209233,ITUB4.SA,1089,370,84.62999725341797,80.44000244140625,1.0
2023-11-03,19.64629554748535,19.772910053033012,19.37899960918834,19.519681041937694,40014727,0.027593836382566073,ITUB4.SA,1087,368,84.88999938964844,80.51000213623047,1.0
2023-11-06,19.82918930053711,19.850291217239874,19.61113058760466,19.73071014237628,20420512,0.009309325140187452,ITUB4.SA,1084,365,85.18000030517578,80.81999969482422,1.0
2023-11-07,20.38488006591797,20.525561504989792,19.66036487834992,19.829184733364375,68857281,0.02802387717211441,ITUB4.SA,1083,364,81.61000061035156,77.37000274658203,1.0
2023-11-08,20.476322174072266,20.560731339376808,20.244196589461882,20.441151815203003,26848927,0.004485781022925073,ITUB4.SA,1082,363,79.54000091552734,75.33000183105469,1.0
2023-11-09,20.567766189575195,20.701414160446696,20.24419645793373,20.4833555047275,29266749,0.004465841801352344,ITUB4.SA,1081,362,80.01000213623047,75.73999786376953,1.0
2023-11-10,20.813961029052734,21.010916261168568,20.588868900894173,20.69437998091696,27757367,0.011969935733824322,ITUB4.SA,1080,361,81.43000030517578,77.16999816894531,1.0
2023-11-13,20.673280715942383,20.764724879743966,20.518530808076427,20.73658798009858,17013694,-0.006758939968898092,ITUB4.SA,1077,358,82.5199966430664,78.26000213623047,1.0
2023-11-14,20.98278045654297,21.151598801397142,20.70141604175544,20.74361986792313,47389424,0.014971002660545851,ITUB4.SA,1076,357,82.47000122070312,78.26000213623047,1.0
2023-11-16,21.320415496826172,21.49626879996022,20.940573517326158,21.102356853707022,46722314,0.01609105337505068,ITUB4.SA,1074,355,77.41999816894531,72.9000015258789,1.0
2023-11-17,21.418893814086914,21.51737142389502,21.18676823669517,21.306347757150288,27884376,0.004618968015674962,ITUB4.SA,1073,354,80.61000061035156,75.88999938964844,1.0
2023-11-20,21.62991714477539,21.686189412323657,21.278212052392842,21.439996911719927,26508121,0.009852204904703843,ITUB4.SA,1070,351,82.31999969482422,77.5999984741211,1.0
2023-11-21,21.594755172729492,21.700266285386476,21.46110715532714,21.545516349471146,18805760,-0.0016256175097920655,ITUB4.SA,1069,350,82.44999694824219,77.7699966430664,1.0
2023-11-22,21.728395462036133,21.9675560271258,21.64398629791377,21.73542892567485,44180768,0.006188553111053707,ITUB4.SA,1068,349,81.95999908447266,77.0999984741211,1.0
2023-11-23,21.70025634765625,21.897211550493108,21.51033612783008,21.7283932395162,25892449,-0.0012950387629425686,ITUB4.SA,1067,348,81.37000274658203,77.0999984741211,1.0
2023-11-24,21.58068084716797,21.728397276741934,21.383725607736018,21.615851208482006,23216076,-0.0055103266326711475,ITUB4.SA,1066,347,80.58000183105469,75.54000091552734,1.0
2023-11-27,21.52440071105957,21.77762967005615,21.461094991401666,21.68618554150933,20472630,-0.0026078943712187774,ITUB4.SA,1063,344,79.9800033569336,74.86000061035156,1.0
2023-11-28,21.73543357849121,21.840946196299495,21.44000220086691,21.517376397822186,23380701,0.009804355078894655,ITUB4.SA,1062,343,81.68000030517578,76.41000366210938,1.0
2023-11-29,21.88314437866211,22.073066129637464,21.693224147778242,21.946453149078717,25551189,0.006795852479201114,ITUB4.SA,1061,342,83.0999984741211,77.86000061035156,1.0
2023-11-30,22.220783233642578,22.270022038754842,21.967555744533026,22.01679454964529,48828674,0.015429174580125382,ITUB4.SA,1060,341,82.83000183105469,75.95999908447266,1.0
2023-12-01,22.169862747192383,22.29654803351116,21.909454779066586,22.205052766516193,34579613,-0.0022915702797146054,ITUB4.SA,1059,340,78.87999725341797,74.06999969482422,1.0
2023-12-04,22.198020935058594,22.345819965829868,22.03614558884124,22.04318298609343,14713024,0.001270111059653578,ITUB4.SA,1056,337,78.02999877929688,73.04000091552734,1.0
2023-12-05,22.381004333496094,22.49361330764259,22.183939008975052,22.23320534010531,29425256,0.008243230284935121,ITUB4.SA,1055,336,77.19999694824219,72.31999969482422,1.0
2023-12-06,22.18393898010254,22.52176590210235,22.04317738236729,22.465462175573037,26385417,-0.00880502726585064,ITUB4.SA,1054,335,74.30000305175781,69.37999725341797,1.0
2023-12-07,22.430267333984375,22.430267333984375,22.1394253293847,22.309673485119742,22783950,0.011103905131671032,ITUB4.SA,1053,334,74.05000305175781,69.33999633789062,1.0
2023-12-08,22.714008331298828,22.784944787248758,22.30257412745093,22.366417550992157,20982366,0.012649915985823101,ITUB4.SA,1052,333,75.83999633789062,71.2300033569336,1.0
2023-12-11,22.55794906616211,22.749479360368504,22.508293234289997,22.593418831470114,21996515,-0.0068706175880756115,ITUB4.SA,1049,330,76.02999877929688,71.31999969482422,1.0
2023-12-12,22.4444522857666,22.657263236326912,22.26711110443808,22.614701965994502,16825276,-0.005031343056171589,ITUB4.SA,1048,329,73.23999786376953,68.61000061035156,1.0
2023-12-13,23.125450134277344,23.246042455612567,22.444454414703046,22.444454414703046,53507397,0.030341477699707742,ITUB4.SA,1047,328,74.26000213623047,69.47000122070312,1.0
2023-12-14,23.316978454589844,23.437572306407304,22.990669736935466,23.22476134004459,48235322,0.008282144529096591,ITUB4.SA,1046,327,76.61000061035156,71.58000183105469,1.0
2023-12-15,23.21766471862793,23.437568685611783,22.912635151876817,23.352444618810484,31684684,-0.004259288404598771,ITUB4.SA,1045,326,76.55000305175781,71.43000030517578,1.0
2023-12-18,23.33116340637207,23.43047507719533,23.175102866349533,23.288602137714115,31521986,0.004888462690783912,ITUB4.SA,1042,323,77.94999694824219,72.47000122070312,1.0
2023-12-19,23.345348358154297,23.657470935752023,23.288599495393733,23.42337938579519,27090256,0.0006079830454726043,ITUB4.SA,1041,322,79.2300033569336,73.44000244140625,1.0
2023-12-20,23.104162216186523,23.387909576774273,23.040318791785275,23.260222727971772,25825488,-0.010331229085452032,ITUB4.SA,1040,321,79.69999694824219,74.22000122070312,1.0
2023-12-21,23.260221481323242,23.316970337212997,23.089971847722648,23.231846286895532,24714129,0.006754595283588571,ITUB4.SA,1039,320,79.38999938964844,73.88999938964844,1.0
2023-12-22,23.629104614257812,23.79225976381237,23.267327603945247,23.28151367524006,36993016,0.015858969065740247,ITUB4.SA,1038,319,79.06999969482422,73.55999755859375,1.0
2023-12-26,23.870288848876953,23.96250750247372,23.572353782902276,23.6716654715605,26212408,0.010207083110276294,ITUB4.SA,1034,315,81.06999969482422,75.56999969482422,1.0
2023-12-27,24.0334415435791,24.083097382864057,23.813536017484207,23.84191122078022,20593974,0.00683496943564732,ITUB4.SA,1033,314,79.6500015258789,74.11000061035156,1.0
2023-12-28,24.09728240966797,24.09728240966797,23.93412730759856,24.03343897555681,14225154,0.0026563347564312334,ITUB4.SA,1032,313,78.38999938964844,71.7699966430664,1.0
2024-01-02,23.79042625427246,24.05302791682471,23.591698143164532,24.05302791682471,21468310,-0.012734056487315626,ITUB4.SA,1027,308,75.88999938964844,70.37999725341797,1.0
2024-01-03,23.527820587158203,23.967858648224063,23.527820587158203,23.78332705286184,20995509,-0.011038291803077582,ITUB4.SA,1026,307,78.25,72.69999694824219,1.0
2024-01-04,23.371679306030273,23.5846008528643,23.208439402332097,23.527820955701756,30121031,-0.006636453238391016,ITUB4.SA,1025,306,77.58999633789062,72.19000244140625,1.0
2024-01-05,23.918170928955078,23.918170928955078,23.336186342597202,23.35747803140866,31414011,0.023382642546520005,ITUB4.SA,1024,305,78.76000213623047,73.80999755859375,1.0
2024-01-08,23.66267967224121,23.896894534113738,23.627194524019902,23.790434488159853,13381523,-0.010681889408381662,ITUB4.SA,1021,302,76.12000274658203,70.7699966430664,1.0
2024-01-09,23.648473739624023,23.73364203816935,23.27231234843319,23.563305441078697,21458906,-0.0006003518119653828,ITUB4.SA,1020,301,77.58999633789062,72.23999786376953,1.0
2024-01-10,23.627185821533203,23.804619166103183,23.556210949942454,23.570405924260605,11422452,-0.0009001814800061458,ITUB4.SA,1019,300,76.80000305175781,71.37000274658203,1.0
2024-01-11,23.669775009155273,23.833014953159065,23.51363332093081,23.570411698349762,23114559,0.0018025501616556472,ITUB4.SA,1018,299,77.41000366210938,72.0199966430664,1.0
2024-01-12,23.698158264160156,23.762034879297506,23.39297016225535,23.60589170145894,27608377,0.0011991349725084532,ITUB4.SA,1017,298,78.29000091552734,72.68000030517578,1.0
2024-01-15,23.740745544433594,23.825912328062135,23.549115679980826,23.6839656436641,11169567,0.0017970713081887357,ITUB4.SA,1014,295,78.29000091552734,72.68000030517578,1.0
2024-01-16,23.407169342041016,23.825914241919616,23.38587764442359,23.56331254793675,40226258,-0.014050788833410932,ITUB4.SA,1013,294,78.29000091552734,72.4000015258789,1.0
2024-01-17,23.42136001586914,23.53491827190639,23.300705039850744,23.35038668100687,30594852,0.0006062533072992426,ITUB4.SA,1012,293,77.87999725341797,72.55999755859375,1.0
2024-01-18,23.321998596191406,23.563310101263475,23.236830280802092,23.563310101263475,25613957,-0.004242342016450462,ITUB4.SA,1011,292,79.0999984741211,74.08000183105469,1.0
2024-01-19,23.378772735595703,23.449747597058757,23.215532854874493,23.385870988623278,36066109,0.0024343599529059734,ITUB4.SA,1010,291,78.55999755859375,73.41000366210938,1.0
2024-01-22,22.995513916015625,23.5420118968865,22.690325855457218,23.38587027396446,41153165,-0.016393453322575025,ITUB4.SA,1007,288,80.05999755859375,75.19000244140625,1.0
2024-01-23,23.101980209350586,23.151661857534425,22.832280271713444,23.12327343983145,24343524,0.004629872318739903,ITUB4.SA,1006,287,79.55000305175781,74.37000274658203,1.0
2024-01-24,22.995513916015625,23.47103857135489,22.931637309532178,23.215532145421108,26632184,-0.004608535388315738,ITUB4.SA,1005,286,80.04000091552734,75.08999633789062,1.0
2024-01-25,22.945838928222656,23.18715045219949,22.889060558102603,23.123273827212593,17399934,-0.0021602034194317943,ITUB4.SA,1004,285,82.43000030517578,77.36000061035156,1.0
2024-01-26,23.286516189575195,23.3574895431007,22.960036309336914,22.98132800864195,16393377,0.014847017030766185,ITUB4.SA,1003,284,83.55000305175781,78.01000213623047,1.0
2024-01-29,23.165855407714844,23.336192027224712,23.031003922359925,23.2155355157894,9956124,-0.005181572927356548,ITUB4.SA,1000,281,82.4000015258789,76.77999877929688,1.0
2024-01-30,23.016809463500977,23.23682926353434,22.94583612607744,23.11617428316178,23823364,-0.006433863183149757,ITUB4.SA,999,280,82.87000274658203,77.81999969482422,1.0
2024-01-31,23.265222549438477,23.655579054524935,23.045204237101185,23.052302492587394,27023862,0.010792681163365403,ITUB4.SA,998,279,81.70999908447266,75.8499984741211,1.0
2024-02-01,23.213848114013672,23.476592846064353,22.894292880660437,23.27775762609487,26301462,-0.0022082073496453303,ITUB4.SA,997,278,78.69999694824219,73.81999969482422,1.0
2024-02-02,23.24934959411621,23.355866962400864,22.858782841227494,23.25645013816619,25338865,0.0015293233559630082,ITUB4.SA,996,277,77.33000183105469,72.27999877929688,1.0
2024-02-05,23.689619064331055,23.69671960667412,23.29195186298831,23.348760805499218,21139400,0.018936851047491876,ITUB4.SA,993,274,77.98999786376953,72.77999877929688,1.0
2024-02-06,24.70510482788086,24.761913800432186,23.63282108419705,23.831654790011097,76215210,0.042866276608001685,ITUB4.SA,992,273,78.58999633789062,73.30999755859375,1.0
2024-02-07,24.52756690979004,24.76190789396452,24.21511533340254,24.499163197584327,53422083,-0.007186284750771876,ITUB4.SA,991,272,79.20999908447266,73.86000061035156,1.0
2024-02-08,24.044681549072266,24.74059924233751,24.044681549072266,24.449450880226372,55241227,-0.01968745462987742,ITUB4.SA,990,271,81.62999725341797,76.22000122070312,1.0
2024-02-09,24.350034713745117,24.43524890820201,23.959467993346237,24.058884809310786,30560069,0.012699405648174844,ITUB4.SA,989,270,82.19000244140625,76.83999633789062,1.0
2024-02-14,24.350034713745117,24.456552073168975,24.22931319822457,24.28612368425519,14313415,0.0,ITUB4.SA,984,265,81.5999984741211,76.63999938964844,1.0
2024-02-15,24.555971145629883,24.591478469956375,24.24351804751666,24.413946452091444,32298657,0.008457336275110805,ITUB4.SA,983,264,82.86000061035156,78.02999877929688,1.0
2024-02-16,24.52756690979004,24.705098934963857,24.342935874801338,24.626983738983128,25879532,-0.0011567140094518313,ITUB4.SA,982,263,83.47000122070312,79.19000244140625,1.0
2024-02-19,24.797407150268555,24.811609769923194,24.534662523129818,24.555965685317357,32035461,0.011001508689017614,ITUB4.SA,979,260,83.47000122070312,79.19000244140625,1.0
2024-02-20,25.33710289001465,25.528834448133676,24.77610776830104,24.77610776830104,62343778,0.02176420044545857,ITUB4.SA,978,259,82.33999633789062,78.18000030517578,1.0
2024-02-21,25.19508171081543,25.443623790791037,25.19508171081543,25.315801711206646,32185244,-0.005605265125050662,ITUB4.SA,977,258,83.02999877929688,77.91000366210938,1.0
2024-02-22,25.05215835571289,25.470183887485113,25.05215835571289,25.448181459338763,24314973,-0.005672668846364082,ITUB4.SA,976,257,83.66999816894531,78.61000061035156,1.0
2024-02-23,25.125497817993164,25.21350278395892,24.839482074816203,25.081496127433763,25725331,0.00292747080865996,ITUB4.SA,975,256,81.62000274658203,76.48999786376953,1.0
2024-02-26,25.198835372924805,25.257504819071976,25.052159380286582,25.147499013228458,15356342,0.002918849825897629,ITUB4.SA,972,253,82.52999877929688,77.58000183105469,1.0
2024-02-27,25.50685691833496,25.55819328484862,25.228174238645686,25.389516425611298,17802262,0.012223642118838418,ITUB4.SA,971,252,83.6500015258789,78.87000274658203,-1.0
2024-02-28,25.521526336669922,25.58753046716952,25.272177575321134,25.448187533421937,15121697,0.0005751166590979295,ITUB4.SA,970,251,83.68000030517578,78.54000091552734,-1.0
2024-02-29,24.890819549560547,25.48485507743924,24.74414354316379,25.42618404094173,48078175,-0.024712737741048096,ITUB4.SA,969,250,83.62000274658203,78.26000213623047,1.0
2024-03-01,24.999156951904297,25.145909268235748,24.881755415973444,25.03584463456927,16520612,0.004352504429516069,ITUB4.SA,968,249,83.55000305175781,79.97000122070312,1.0
2024-03-04,24.808380126953125,25.094546272560336,24.808380126953125,25.006495516759248,17674233,-0.007631330341187348,ITUB4.SA,965,246,82.80000305175781,78.73999786376953,1.0
2024-03-05,24.7863712310791,24.97714815907029,24.654294286442212,24.889097391202952,20542423,-0.0008871557014765719,ITUB4.SA,964,245,82.04000091552734,78.1500015258789,1.0
2024-03-06,25.05785369873047,25.16057982472585,24.771687608980123,24.918438311447098,36605983,0.010952892826480376,ITUB4.SA,963,244,82.95999908447266,79.12999725341797,1.0
2024-03-07,24.79370880126953,25.19727654932768,24.58091798633406,24.984485734392212,18729056,-0.01054140153569183,ITUB4.SA,962,243,82.95999908447266,78.93000030517578,1.0
2024-03-08,25.02117347717285,25.13857343985256,24.690981126912046,24.712995007377245,19630131,0.009174290047791134,ITUB4.SA,961,242,82.08000183105469,78.01000213623047,1.0
2024-03-11,25.145912170410156,25.145912170410156,24.940459855237112,24.955135247131146,22865412,0.00498532546249697,ITUB4.SA,958,239,82.20999908447266,77.93000030517578,1.0
2024-03-12,25.248632431030273,25.39538314435268,25.043180163841814,25.285320109360878,24434504,0.004084968559660895,ITUB4.SA,957,238,81.91999816894531,77.55999755859375,1.0
2024-03-13,25.498119354248047,25.62285781924308,25.094551586884496,25.175265457491584,30214957,0.009881205403867943,ITUB4.SA,956,237,84.02999877929688,79.72000122070312,0.0
2024-03-14,25.48343276977539,25.630183467518425,25.351355873269704,25.53479583111969,32383745,-0.0005759869686314811,ITUB4.SA,955,236,85.41999816894531,81.26000213623047,0.0
2024-03-15,25.344026565551758,25.60818045422889,25.241301991331703,25.58616815872972,42577460,-0.005470464104387673,ITUB4.SA,954,235,85.33999633789062,81.04000091552734,1.0
2024-03-18,25.446754455566406,25.644869885544107,25.22662672859292,25.43941755179177,14672010,0.004053337371192622,ITUB4.SA,951,232,86.88999938964844,82.72000122070312,1.0
2024-03-19,25.48343276977539,25.571483505555452,25.417394321522547,25.505445057302605,11934228,0.0014413749412731658,ITUB4.SA,950,231,87.37999725341797,83.47000122070312,0.0
2024-03-20,25.534807205200195,25.68155796831106,25.358705655198392,25.48344412097701,19759180,0.0020159935236723214,ITUB4.SA,949,230,85.94999694824219,81.68000030517578,-1.0
2024-03-21,25.270648956298828,25.630190484138417,25.14591051193413,25.534802821625988,38034356,-0.010345026174608085,ITUB4.SA,948,229,85.77999877929688,81.06999969482422,1.0
2024-03-22,24.91728401184082,25.271978906484588,24.835999465736034,25.198084735598318,13144839,-0.013983216064972881,ITUB4.SA,947,228,85.43000030517578,80.62999725341797,1.0
2024-03-25,24.91728401184082,24.932063165394705,24.79166360195753,24.858168994508436,13844693,0.0,ITUB4.SA,944,225,86.75,81.94999694824219,1.0
2024-03-26,25.41238021850586,25.41238021850586,24.813833241245845,24.887729014099914,19262812,0.019869589576045454,ITUB4.SA,943,224,86.25,81.62000274658203,1.0
2024-03-27,25.552780151367188,25.626674328378368,25.23503391271249,25.345875178229257,19398772,0.0055248635371465404,ITUB4.SA,942,223,86.08999633789062,81.3499984741211,-1.0
2024-03-28,25.59712028503418,25.7079631589932,25.412383226358113,25.545394036355557,18913508,0.001735237160275016,ITUB4.SA,941,222,87.4800033569336,83.16999816894531,-1.0
2024-04-01,24.722978591918945,25.721066537425298,24.715584448433706,25.56580709890646,35605204,-0.034150001382238226,ITUB4.SA,937,218,87.41999816894531,83.70999908447266,1.0
2024-04-02,24.752544403076172,24.811689544389232,24.501173957677665,24.730365174795885,20491664,0.0011958838635603986,ITUB4.SA,936,217,88.91999816894531,85.1500015258789,1.0
2024-04-03,24.56772232055664,24.826485405122952,24.405070325859256,24.722980171296427,33775409,-0.007466791272438322,ITUB4.SA,935,216,89.3499984741211,85.43000030517578,1.0
2024-04-04,24.242414474487305,24.907805798391248,24.10933589016709,24.671222003532453,54117291,-0.013241270062595123,ITUB4.SA,934,215,90.6500015258789,86.58999633789062,1.0
2024-04-05,24.198057174682617,24.390280918108925,24.050191896363888,24.249809782439595,28261098,-0.0018297393541955032,ITUB4.SA,933,214,91.16999816894531,86.91000366210938,1.0
2024-04-08,24.56032371520996,24.789513362799244,24.316345783353782,24.36809838749956,19296916,0.014970893651179873,ITUB4.SA,930,211,90.37999725341797,86.43000030517578,1.0
2024-04-09,24.8190860748291,24.86344613621252,24.60468310571879,24.678614943660673,20178616,0.010535787826725151,ITUB4.SA,929,210,89.41999816894531,85.2300033569336,1.0
2024-04-10,24.29416847229004,24.76733449143222,24.161089880341805,24.73037016863209,31255391,-0.021149755513013013,ITUB4.SA,928,209,90.4800033569336,86.20999908447266,1.0
2024-04-11,24.24980926513672,24.345920335951007,24.064976472908306,24.19066251599208,20688126,-0.001825919961159217,ITUB4.SA,927,208,89.73999786376953,85.0199966430664,1.0
2024-04-12,23.998443603515625,24.198061525482537,23.946689388756063,24.175880691243442,25841237,-0.010365675823375442,ITUB4.SA,926,207,90.44999694824219,85.66000366210938,1.0
