Date,Close,High,Low,Open,Volume,Retorno_Diario,Ticker,DiasParaEleicaoBR,DiasParaEleicaoUSA,Petroleo_Brent,Petroleo_WTI,Alvo
2015-01-02,39.607177734375,40.16621820057352,39.42083306642058,39.52247590632005,27913900,,MSFT,1395,676,56.41999816894531,52.689998626708984,-1.0
2015-01-05,39.242950439453125,39.58176092370556,39.1751864039024,39.27682922606143,39673900,-0.009195992134672148,MSFT,1392,673,53.11000061035156,50.040000915527344,-1.0
2015-01-06,38.66697692871094,39.598709988924426,38.573802976456044,39.285309338658834,36447900,-0.014677120458382542,MSFT,1391,672,51.099998474121094,47.93000030517578,-1.0
2015-01-07,39.15825271606445,39.35306950794525,38.53145142586843,38.94649491212867,29114100,0.012705306346013634,MSFT,1390,671,51.150001525878906,48.650001525878906,-1.0
2015-01-08,40.310218811035156,40.445743686812314,39.57330250094486,39.5987124054131,29645200,0.029418220044790555,MSFT,1389,670,50.959999084472656,48.790000915527344,-1.0
2015-01-09,39.97140121459961,40.50503177599165,39.72576462198083,40.327155999250174,23944200,-0.008405253219384456,MSFT,1388,669,50.11000061035156,48.36000061035156,-1.0
2015-01-12,39.471649169921875,40.267860496123156,39.26836350918302,40.16621443458641,23651900,-0.012502740196538298,MSFT,1385,666,47.43000030517578,46.06999969482422,-1.0
2015-01-13,39.268367767333984,40.581265508461065,39.01425904827192,39.78505732708854,35270600,-0.005150061040337661,MSFT,1384,665,46.59000015258789,45.88999938964844,-1.0
2015-01-14,38.929561614990234,39.16673259959399,38.64157081531791,38.929561614990234,29719600,-0.008627966264123432,MSFT,1383,664,48.689998626708984,48.47999954223633,-1.0
2015-01-15,38.52298355102539,39.28531302170036,38.46369161788045,39.149788141487925,32750800,-0.010443941495819176,MSFT,1382,663,47.66999816894531,46.25,-1.0
2015-01-16,39.166725158691406,39.20060395191138,38.260398777743646,38.378985863100475,35695300,0.016710585430470326,MSFT,1381,662,47.689998626708984,48.689998626708984,-1.0
2015-01-20,39.29377365112305,39.51400355464247,38.59920838217841,39.21754072008438,36161900,0.003243786451812891,MSFT,1377,658,47.9900016784668,46.38999938964844,-1.0
2015-01-21,38.89567184448242,39.08201974576873,38.52297927307745,38.912612856523694,39081100,-0.010131422096926745,MSFT,1376,657,49.029998779296875,47.779998779296875,-1.0
2015-01-22,39.92057800292969,39.92904689250361,39.03119596397086,39.28530465636376,35898000,0.026350133828390243,MSFT,1375,656,48.52000045776367,46.310001373291016,-1.0
2015-01-23,39.962947845458984,40.140823691285426,39.64107495931909,40.11541377935846,26211600,0.0010613534334644736,MSFT,1374,655,48.790000915527344,45.59000015258789,-1.0
2015-01-26,39.81894302368164,39.92058911386341,39.16673171644058,39.81047413175061,42525500,-0.0036034584419103455,MSFT,1371,652,48.15999984741211,45.150001525878906,-1.0
2015-01-27,36.13435745239258,36.5917551592861,35.668490853668374,36.3799973206689,169164000,-0.09253348510777193,MSFT,1370,651,49.599998474121094,46.22999954223633,1.0
2015-01-28,34.88922119140625,36.24447333082105,34.863811284116714,36.2021224082824,84507100,-0.03445851396767774,MSFT,1369,650,48.470001220703125,44.45000076293945,1.0
2015-01-29,35.58378982543945,35.676963802011926,34.55041365268579,34.66899753880764,63585300,0.019907828558932916,MSFT,1368,649,49.130001068115234,44.529998779296875,1.0
2015-01-30,34.220062255859375,35.21955934447167,34.177708110326996,35.19414621091872,78004900,-0.0383244049121807,MSFT,1367,648,52.9900016784668,48.2400016784668,1.0
2015-02-02,34.96544647216797,35.04167940847748,34.07606436933538,34.38099611457342,50352500,0.02178208241514712,MSFT,1364,645,54.75,49.56999969482422,1.0
2015-02-03,35.23649978637695,35.51602165839568,34.77063323084697,35.26191292184913,52082400,0.007752033551887916,MSFT,1363,644,57.90999984741211,53.04999923706055,1.0
2015-02-04,35.439788818359375,35.75318948664794,35.0332141924577,35.52449065373426,41614800,0.005769274281352432,MSFT,1362,643,54.15999984741211,48.45000076293945,1.0
2015-02-05,35.95648193359375,36.117416729020974,35.456733301177586,35.76166510823399,36548200,0.014579463717535157,MSFT,1361,642,56.56999969482422,50.47999954223633,1.0
2015-02-06,35.922607421875,36.24448031126219,35.702380643558854,36.15130632503151,34616600,-0.00094209749945251,MSFT,1360,641,57.79999923706055,51.689998626708984,1.0
2015-02-09,35.880245208740234,36.20211799691545,35.75318922543826,35.77860236079938,31381100,-0.0011792633156403332,MSFT,1357,638,58.34000015258789,52.86000061035156,1.0
2015-02-10,36.083526611328125,36.22752359068182,35.72777507027927,36.202113689511904,29670700,0.005665552211398195,MSFT,1356,637,56.43000030517578,50.02000045776367,1.0
2015-02-11,35.89718246459961,36.12588127190473,35.75318548318488,36.12588127190473,38262500,-0.00516424430282858,MSFT,1355,636,54.65999984741211,48.84000015258789,1.0
2015-02-12,36.49856948852539,36.49856948852539,36.00728990952195,36.13434586441378,33268800,0.01675304251298404,MSFT,1354,635,57.04999923706055,51.209999084472656,1.0
2015-02-13,37.15925598144531,37.15925598144531,36.54939574513008,36.744212523649836,40264900,0.01810170924993737,MSFT,1353,634,57.38999938964844,52.779998779296875,1.0
2015-02-17,37.17633056640625,37.53461395580413,36.84363466375528,37.50902321489383,33695700,0.00045949749288487496,MSFT,1349,630,62.529998779296875,53.529998779296875,1.0
2015-02-18,37.133670806884766,37.27869258207726,37.01424302388096,37.21897869057536,27111700,-0.001147497853379642,MSFT,1348,629,60.529998779296875,52.13999938964844,1.0
2015-02-19,37.10807418823242,37.13366492220265,36.72419690786648,36.83509551200831,27603400,-0.0006893102162039977,MSFT,1347,628,60.209999084472656,51.15999984741211,1.0
2015-02-20,37.4151725769043,37.43223414937195,36.92892915114389,37.11659993996366,29721100,0.0082757835158489,MSFT,1346,627,60.220001220703125,50.34000015258789,1.0
2015-02-23,37.662559509277344,37.69667939915613,37.236029971252286,37.27868227422237,32518800,0.006611941502195684,MSFT,1343,624,58.900001525878906,49.45000076293945,1.0
2015-02-24,37.61138153076172,37.79052318782402,37.46635976969031,37.66256625599211,25271700,-0.0013588555632555455,MSFT,1342,623,58.65999984741211,49.279998779296875,1.0
2015-02-25,37.52607727050781,37.61138189254964,37.363993932800504,37.49195412002599,29759800,-0.0022680437883978444,MSFT,1341,622,61.630001068115234,50.9900016784668,1.0
2015-02-26,37.58579635620117,37.73081488456597,37.44077457367319,37.526082461678826,28957300,0.0015914023004022226,MSFT,1340,621,60.04999923706055,48.16999816894531,1.0
2015-02-27,37.40664291381836,37.70521557271079,37.24456284470243,37.64550169176479,33807700,-0.004766519796068014,MSFT,1339,620,62.58000183105469,49.7599983215332,1.0
2015-03-02,37.4322509765625,37.69669733328409,37.150739785539756,37.2531060122009,31924000,0.0006845859652024888,MSFT,1336,617,59.540000915527344,49.59000015258789,1.0
2015-03-03,36.92039489746094,37.38957998152847,36.75831484834073,37.159253645939515,31748600,-0.0136741998075951,MSFT,1335,616,61.02000045776367,50.52000045776367,1.0
2015-03-04,36.732730865478516,36.86068779486892,36.57917994687991,36.690075301519066,25748700,-0.005082936748201705,MSFT,1334,615,60.54999923706055,51.529998779296875,1.0
2015-03-05,36.7753791809082,36.88627777766472,36.52799125512915,36.741256035111995,23193500,0.0011610439633762404,MSFT,1333,614,60.47999954223633,50.7599983215332,1.0
2015-03-06,36.13559341430664,36.775387906049566,35.956451737617755,36.681550859927846,36248800,-0.017397122228278827,MSFT,1332,613,59.72999954223633,49.61000061035156,1.0
2015-03-09,36.553565979003906,36.79242464080849,35.990547336585955,35.990547336585955,32108000,0.011566782919684604,MSFT,1329,610,58.529998779296875,50.0,1.0
2015-03-10,35.85407638549805,36.43415688971029,35.85407638549805,36.12705506346116,39159700,-0.019136015181327015,MSFT,1328,609,56.38999938964844,48.290000915527344,1.0
2015-03-11,35.81142044067383,36.14411296727223,35.69199268796283,36.09293150420306,32215300,-0.0011897097659298028,MSFT,1327,608,57.540000915527344,48.16999816894531,1.0
2015-03-12,34.992488861083984,35.52991706957931,34.85599951891277,35.25693838523687,59992500,-0.022867888777171164,MSFT,1326,607,57.08000183105469,47.04999923706055,1.0
2015-03-13,35.29958724975586,35.376362700620106,34.64273133773114,34.71950678859539,58007700,0.008776123067182118,MSFT,1325,606,54.66999816894531,44.84000015258789,1.0
2015-03-16,35.45314025878906,35.521383300190095,35.214281478479236,35.37636480336135,35273500,0.004349994461599893,MSFT,1322,603,53.439998626708984,43.880001068115234,1.0
2015-03-17,35.572566986083984,35.683465586064386,35.10338510731483,35.291055906325056,31673400,0.00336857966383719,MSFT,1321,602,53.43000030517578,43.459999084472656,1.0
2015-03-18,36.2550163269043,36.536527427440674,35.256938615902875,35.34224323500701,44194800,0.019184708854080856,MSFT,1320,601,55.90999984741211,44.65999984741211,1.0
2015-03-19,36.07587432861328,36.33179143763615,36.01616044498003,36.050280339797176,33879100,-0.004941164463304282,MSFT,1319,600,54.43000030517578,43.959999084472656,1.0
2015-03-20,36.57917785644531,36.664482471163915,36.24648530321534,36.30619918435085,71904500,0.013951249614838623,MSFT,1318,599,55.31999969482422,45.720001220703125,1.0
2015-03-23,36.5621223449707,36.79244874789589,36.493876038550056,36.57918392157587,26246100,-0.00046626284334616575,MSFT,1315,596,55.91999816894531,47.45000076293945,1.0
2015-03-24,36.59624481201172,36.82656795645541,36.468284616953724,36.49387535430015,25513300,0.0009332736956313425,MSFT,1314,595,55.11000061035156,47.5099983215332,1.0
2015-03-25,35.367828369140625,36.621826247199586,35.3507667971891,36.61329383414277,43469900,-0.033566734761482975,MSFT,1313,594,56.47999954223633,49.209999084472656,1.0
2015-03-26,35.154571533203125,35.49579654090274,34.90718356532904,35.16310394818518,37495600,-0.006029684200898555,MSFT,1312,593,59.189998626708984,51.43000030517578,1.0
2015-03-27,34.9498405456543,35.342247042467925,34.830412764377364,35.07779748809545,34401400,-0.005823737244399663,MSFT,1311,592,56.40999984741211,48.869998931884766,1.0
2015-03-30,34.941314697265625,35.43609074601692,34.89866237510241,35.06074250098805,35049700,-0.00024394527286997203,MSFT,1308,589,56.290000915527344,48.68000030517578,1.0
2015-03-31,34.685394287109375,35.00102534678458,34.58302807259695,34.78776050162179,34887200,-0.007324292528016363,MSFT,1307,588,55.11000061035156,47.599998474121094,1.0
2015-04-01,34.736568450927734,34.770688342606825,34.3868143414593,34.63419901340359,36865300,0.0014753807725165213,MSFT,1306,587,57.099998474121094,50.09000015258789,1.0
2015-04-02,34.369747161865234,34.75362435455387,34.224725442777626,34.685378074004,37487500,-0.010560089997971644,MSFT,1305,586,54.95000076293945,49.13999938964844,1.0
2015-04-06,35.44459915161133,35.64080232199188,34.27590928710036,34.41239859058951,39223700,0.03127320037252668,MSFT,1301,582,58.119998931884766,52.13999938964844,1.0
2015-04-07,35.42753982543945,35.75170316206525,35.239869055108215,35.49578610858673,28809400,-0.0004812955028467014,MSFT,1300,581,59.099998474121094,53.97999954223633,1.0
2015-04-08,35.333717346191406,35.56404376530546,35.0095571303982,35.36784050180013,24753400,-0.002648292252590334,MSFT,1299,580,55.54999923706055,50.41999816894531,1.0
2015-04-09,35.38489532470703,35.50432309237585,35.18869209865646,35.18869209865646,25723900,0.0014484176123954473,MSFT,1298,579,56.56999969482422,50.790000915527344,1.0
2015-04-10,35.58962631225586,35.785829512655546,35.32517682258906,35.512850863911446,28022000,0.005785829961347355,MSFT,1297,578,57.869998931884766,51.63999938964844,1.0
2015-04-13,35.623748779296875,35.87966912839641,35.30811780401318,35.316650217869785,30276700,0.0009587756483204757,MSFT,1294,575,57.93000030517578,51.90999984741211,1.0
2015-04-14,35.52992248535156,35.854082688567836,35.30812523666348,35.657879432674896,24244400,-0.002633813036539312,MSFT,1293,574,58.43000030517578,53.290000915527344,1.0
2015-04-15,36.05027389526367,36.22088635550021,35.55550134015591,35.62374437175332,27343600,0.014645441743551313,MSFT,1292,573,60.31999969482422,56.38999938964844,1.0
2015-04-16,35.9649772644043,36.11852818723786,35.67493699395899,35.785835605819386,22509700,-0.0023660466799000357,MSFT,1291,572,60.400001525878906,56.709999084472656,1.0
2015-04-17,35.50431442260742,35.606683844894,35.11190806632765,35.54696672147926,42387600,-0.012808650994277415,MSFT,1290,571,63.45000076293945,55.7400016784668,1.0
2015-04-20,36.604759216308594,36.82655311027761,35.5554971039843,35.598149400421235,46057700,0.030994678015820565,MSFT,1287,568,63.45000076293945,56.380001068115234,1.0
2015-04-21,36.374446868896484,36.80950892032425,36.28060982822921,36.68154872774834,26013800,-0.006291868935706546,MSFT,1286,567,62.08000183105469,55.2599983215332,1.0
2015-04-22,36.673011779785156,36.79243953194344,36.29766369681664,36.40002987664343,25064300,0.008208094873986216,MSFT,1285,566,62.72999954223633,56.15999984741211,1.0
2015-04-23,36.971580505371094,37.20190684652364,36.510927823065984,36.58770327011684,46309500,0.008141374572091076,MSFT,1284,565,64.8499984741211,57.7400016784668,1.0
2015-04-24,40.8359489440918,41.066275352158094,38.942159456929545,38.950688618341005,130933700,0.10452267352106581,MSFT,1283,564,65.27999877929688,57.150001525878906,-1.0
2015-04-27,40.9724235534668,41.057731407681196,40.28144783222063,40.289976990561115,59248200,0.0033420212558754603,MSFT,1280,561,64.83000183105469,56.9900016784668,-1.0
2015-04-28,41.93639373779297,41.9790460506178,40.69092797999587,40.75917102968302,60730800,0.02352729227911654,MSFT,1279,560,64.63999938964844,57.060001373291016,-1.0
2015-04-29,41.851097106933594,42.06436196596047,41.37338265121453,41.5610567684905,47804600,-0.0020339524517223317,MSFT,1278,559,65.83999633789062,58.58000183105469,-1.0
2015-04-30,41.492794036865234,42.26054852730023,41.45867089192097,41.54397875428164,64725500,-0.008561378191660363,MSFT,1277,558,66.77999877929688,59.630001068115234,-1.0
2015-05-01,41.50986862182617,41.69754272368941,41.288074618485,41.44162556470705,38937300,0.00041150723534721934,MSFT,1276,557,66.45999908447266,59.150001525878906,-1.0
2015-05-04,41.15158462524414,41.68900967469793,41.10039989255956,41.262479998149296,34039500,-0.008631296809107347,MSFT,1273,554,66.44999694824219,58.93000030517578,-1.0
2015-05-05,40.605621337890625,41.08333571691348,40.35823661430089,40.79329542503585,50369200,-0.013267126705458598,MSFT,1272,553,67.5199966430664,60.400001525878906,-1.0
2015-05-06,39.479583740234375,40.75064354122198,39.25778975194494,40.580031028757716,52433000,-0.027731076647890207,MSFT,1271,552,67.7699966430664,60.93000030517578,-1.0
2015-05-07,39.83786392211914,40.170556478022775,39.37721118894681,39.47104821838886,32971700,0.009075074961330865,MSFT,1270,551,65.54000091552734,58.939998626708984,-1.0
2015-05-08,40.73356628417969,40.92976945902816,40.53736310933122,40.562953837392655,35364900,0.022483694502586804,MSFT,1269,550,65.38999938964844,59.38999938964844,-1.0
2015-05-11,40.409420013427734,40.87007283789913,40.409420013427734,40.5629709549182,24609400,-0.007957718911487666,MSFT,1266,547,64.91000366210938,59.25,-1.0
2015-05-12,40.39236068725586,40.6738718470651,39.599015196728566,39.96583099360305,29928300,-0.000422162113838942,MSFT,1265,546,66.86000061035156,60.75,-1.0
2015-05-13,40.6312141418457,41.219823869552805,40.580029413894394,41.10892525273974,34184600,0.005913332385774739,MSFT,1264,545,66.80999755859375,60.5,-1.0
2015-05-14,41.56104278564453,41.6463473988899,40.97242989009932,40.97242989009932,32980900,0.022884589186844106,MSFT,1263,544,66.58999633789062,59.880001068115234,-1.0
2015-05-15,41.2027473449707,41.72311383411359,40.98948260379159,41.688990694526126,28642700,-0.00862094443880479,MSFT,1262,543,66.56999969482422,59.689998626708984,-1.0
2015-05-18,40.95537185668945,41.13451676664938,40.61415012005129,40.92978112133633,24136500,-0.0060038590681853465,MSFT,1259,540,66.2699966430664,59.43000030517578,-1.0
2015-05-19,40.85234832763672,41.04982670201759,40.50890568287151,40.83517586786728,28574800,-0.002515507108889925,MSFT,1258,539,64.0199966430664,57.2599983215332,-1.0
2015-05-20,40.85234832763672,41.15285818532244,40.58618011417809,40.68921159748293,25047900,0.0,MSFT,1257,538,65.02999877929688,58.97999954223633,-1.0
2015-05-21,40.7149543762207,40.869503184654384,40.362927262635246,40.594750475285764,22410700,-0.0033631836856503616,MSFT,1256,537,66.54000091552734,60.720001220703125,-1.0
2015-05-22,40.26850128173828,40.65487019639748,40.19981143671579,40.61194068091447,25720600,-0.010965334514611902,MSFT,1255,536,65.37000274658203,59.720001220703125,-1.0
2015-05-26,40.002323150634766,40.25131886428385,39.65888056109732,40.20838935941949,29581900,-0.006610082884416335,MSFT,1251,532,63.720001220703125,58.029998779296875,-1.0
2015-05-27,40.87811279296875,41.01548922072599,40.02809389444357,40.19981524796822,27335600,0.021893469512659802,MSFT,1250,531,62.060001373291016,57.5099983215332,-1.0
2015-05-28,40.7407112121582,41.23011463859586,40.689193855313576,40.78364070520687,19283700,-0.003361250591641274,MSFT,1249,530,62.58000183105469,57.68000030517578,-1.0
2015-05-29,40.23414993286133,40.84375747116248,40.00232665590633,40.72355353688469,36519600,-0.012433785867383196,MSFT,1248,529,65.55999755859375,60.29999923706055,-1.0
2015-06-01,40.55183029174805,41.01547682353068,40.02808179569485,40.405869314322814,28837300,0.007895789010500476,MSFT,1245,526,64.87999725341797,60.20000076293945,-1.0
2015-06-02,40.28566360473633,40.65486327055624,40.02808328040678,40.294251471557175,21498300,-0.006563617106719821,MSFT,1244,525,65.48999786376953,61.2599983215332,-1.0
2015-06-03,40.22555160522461,40.98971107141966,40.199794561809405,40.6720255845155,28002200,-0.0014921437090253953,MSFT,1243,524,63.79999923706055,59.63999938964844,-1.0
2015-06-04,39.80484390258789,40.491725790727344,39.66746752496,40.1740435315837,27745500,-0.01045871804979992,MSFT,1242,523,62.029998779296875,58.0,-1.0
2015-06-05,39.6159553527832,39.9422255206983,39.35837502034987,39.761919615526125,25438100,-0.004745365922472766,MSFT,1241,522,63.310001373291016,59.130001068115234,-1.0
2015-06-08,39.26392364501953,39.86494653552109,39.212406274298395,39.75332720328093,22121600,-0.00888610926150335,MSFT,1238,519,62.689998626708984,58.13999938964844,-1.0
2015-06-09,39.19524002075195,39.44423247622676,39.032103305603655,39.289683627829156,24406100,-0.0017492807109278363,MSFT,1237,518,64.87999725341797,60.13999938964844,-1.0
2015-06-10,40.01948165893555,40.20837534487377,39.22956528844763,39.31542754356052,28417400,0.02102912592823003,MSFT,1236,517,65.69999694824219,61.43000030517578,-1.0
2015-06-11,39.8735237121582,40.28565277536144,39.60735886786835,40.06241742770118,27347800,-0.0036471723452408122,MSFT,1235,516,65.11000061035156,60.77000045776367,-1.0
2015-06-12,39.46998596191406,39.899287516338845,39.409884006319466,39.684636739126454,23931000,-0.01012044365973841,MSFT,1234,515,63.869998931884766,59.959999084472656,-1.0
2015-06-15,39.049278259277344,39.19524252556374,38.65432152160403,39.023521208002215,33254500,-0.010658927090642312,MSFT,1231,512,62.61000061035156,59.52000045776367,-1.0
2015-06-16,39.34977722167969,39.701804322094446,38.89471540262364,38.93764489773558,27070300,0.007695378142640763,MSFT,1230,511,62.630001068115234,59.970001220703125,-1.0
2015-06-17,39.46998596191406,39.55584496267465,38.94623754146608,39.26391977465336,28704100,0.0030548772755985,MSFT,1229,510,63.869998931884766,59.91999816894531,-1.0
2015-06-18,40.11394119262695,40.18262774313728,39.641706828382084,39.6846396071761,32658300,0.01631506105257463,MSFT,1228,509,64.26000213623047,60.45000076293945,-1.0
2015-06-19,39.58161163330078,40.20839493745581,39.487168019621706,40.1740500186752,63837000,-0.01327043774556902,MSFT,1227,508,63.02000045776367,59.61000061035156,-1.0
2015-06-22,39.69322967529297,40.11394672822939,39.63312770706086,39.77909196941857,20318100,0.002819946873974244,MSFT,1224,505,63.34000015258789,59.68000030517578,-1.0
2015-06-23,39.41846466064453,39.73614686211372,39.16946899786381,39.60735837383137,25896500,-0.006922213609125039,MSFT,1223,504,64.44999694824219,61.0099983215332,-1.0
2015-06-24,39.18663787841797,39.71038619881962,39.109363482370014,39.212394918663854,34890900,-0.005881172293806247,MSFT,1222,503,63.4900016784668,60.27000045776367,-1.0
2015-06-25,39.19524002075195,39.547267225366156,39.06644822198346,39.52150690042556,20616000,0.00021951723341695484,MSFT,1221,502,63.20000076293945,59.70000076293945,-1.0
2015-06-26,38.86037826538086,39.736153897053825,38.66289992813762,39.195236254944106,49835300,-0.008543429130521973,MSFT,1220,501,63.2599983215332,59.630001068115234,1.0
2015-06-29,38.096214294433594,38.834613400451,38.08762970554734,38.671480009128054,34081700,-0.019664347210640254,MSFT,1217,498,62.0099983215332,58.33000183105469,1.0
2015-06-30,37.907325744628906,38.39672921822506,37.72701661595347,38.38814135360159,35945400,-0.004958197377430418,MSFT,1216,497,63.59000015258789,59.470001220703125,1.0
2015-07-01,38.16490936279297,38.83461874870988,37.864396305419525,38.17349395286148,28343900,0.00679508810247742,MSFT,1215,496,62.0099983215332,56.959999084472656,1.0
2015-07-02,38.121978759765625,38.422488533140694,37.830053576210894,38.190665304260975,21752000,-0.001124871085615542,MSFT,1214,495,62.06999969482422,56.93000030517578,1.0
2015-07-06,38.11338806152344,38.190662465405914,37.735603906603906,37.74418849578612,23034000,-0.00022534764777881744,MSFT,1210,491,56.540000915527344,52.529998779296875,1.0
2015-07-07,38.03610610961914,38.199242749503526,37.194675698381225,38.07045101015375,36435800,-0.002027685174027183,MSFT,1209,490,56.849998474121094,52.33000183105469,1.0
2015-07-08,37.9846076965332,38.55128568777575,37.80429853203363,38.15632571939171,39785900,-0.0013539349411193502,MSFT,1208,489,57.04999923706055,51.650001525878906,1.0
2015-07-09,38.22502136230469,38.826044359651135,38.207848902344864,38.42249973887489,32424700,0.006329239140553833,MSFT,1207,488,58.61000061035156,52.779998779296875,1.0
2015-07-10,38.30228805541992,38.75734668881836,38.267943142439734,38.64572735928832,25465800,0.002021364288665284,MSFT,1206,487,58.72999954223633,52.7400016784668,1.0
2015-07-13,39.10079574584961,39.16948230787816,38.59421965905614,38.619976710402874,28178300,0.020847519325067898,MSFT,1203,484,57.849998474121094,52.20000076293945,-1.0
2015-07-14,39.16948318481445,39.46140844942286,38.903318247441234,39.02352219016615,22880300,0.0017566762428904426,MSFT,1202,483,58.5099983215332,53.040000915527344,-1.0
2015-07-15,39.28968048095703,39.40129981259558,39.00634313179608,39.22099392901032,26629600,0.003068646465807179,MSFT,1201,482,57.04999923706055,51.40999984741211,-1.0
2015-07-16,40.062416076660156,40.08817311870717,39.469981182405164,39.50432281336433,26271700,0.019667647744747052,MSFT,1200,481,57.5099983215332,50.90999984741211,-1.0
2015-07-17,40.028079986572266,40.16545636659769,39.71898231268726,39.9679780250181,29467100,-0.0008570648865058317,MSFT,1199,480,57.52000045776367,50.88999938964844,-1.0
2015-07-20,40.28566360473633,40.465972779547386,39.873534430746744,40.0538436055578,30631900,0.0064350730349911345,MSFT,1196,477,56.650001525878906,50.150001525878906,-1.0
2015-07-21,40.594764709472656,40.6376974965554,39.90788269520215,40.16546304113961,42781900,0.007672732110586056,MSFT,1195,476,57.040000915527344,50.36000061035156,-1.0
2015-07-22,39.10079574584961,40.2942538294872,38.8088704877769,39.01493344917427,59152400,-0.03680201066110467,MSFT,1194,475,56.130001068115234,49.189998626708984,-1.0
2015-07-23,39.59019088745117,39.693222346065845,38.722999891120516,38.86896412652641,33934000,0.012516245060140818,MSFT,1193,474,55.27000045776367,48.45000076293945,-1.0
2015-07-24,39.44423294067383,39.770503099500694,39.324029007240654,39.41847589074144,32333200,-0.003686719955260598,MSFT,1192,473,54.619998931884766,48.13999938964844,-1.0
2015-07-27,38.93764877319336,39.50432668087971,38.85178977442395,39.44422472667895,39701400,-0.01284304775915901,MSFT,1189,470,53.470001220703125,47.38999938964844,-1.0
2015-07-28,38.92906951904297,39.186649825965915,38.45683841046569,39.13513572976811,34328900,-0.0002203331331165348,MSFT,1188,469,53.29999923706055,47.97999954223633,-1.0
2015-07-29,39.7447395324707,40.16545323050078,38.86037608450338,38.980583273537256,40945900,0.02095272308085172,MSFT,1187,468,53.380001068115234,48.790000915527344,-1.0
2015-07-30,40.25132369995117,40.69779780986334,39.4356499082907,39.71898729468378,39777900,0.012745942568490154,MSFT,1186,467,53.310001373291016,48.52000045776367,-1.0
2015-07-31,40.096771240234375,40.67203382851458,39.925049940267726,40.603347273714746,31201500,-0.0038396863881766663,MSFT,1185,466,52.209999084472656,47.119998931884766,-1.0
2015-08-03,40.19121551513672,40.35434893811495,39.88211785028435,40.33717648169969,24125900,0.0023554084775678774,MSFT,1182,463,49.52000045776367,45.16999816894531,-1.0
2015-08-04,40.81800079345703,40.96396177917989,40.07960144722904,40.13970341491628,33403900,0.015595081419825574,MSFT,1181,462,49.9900016784668,45.7400016784668,-1.0
2015-08-05,40.85234832763672,41.56498739385361,40.81800340809784,41.19578769709014,26959700,0.0008414800703613334,MSFT,1180,461,49.59000015258789,45.150001525878906,-1.0
2015-08-06,40.028079986572266,41.01547496978146,39.77908754955268,40.96395759903021,27368000,-0.020176767672051676,MSFT,1179,460,49.52000045776367,44.65999984741211,-1.0
2015-08-07,40.13113021850586,40.16547187028449,39.718997644037074,39.83061701942706,19163000,0.002574448536331486,MSFT,1178,459,48.61000061035156,43.869998931884766,-1.0
2015-08-10,40.637691497802734,40.775067880377954,40.21697448380351,40.31142136094485,23079900,0.012622651705515242,MSFT,1175,456,50.40999984741211,44.959999084472656,-1.0
2015-08-11,39.84777069091797,40.302829296678034,39.40988454060501,40.199797839306335,29237400,-0.019438131886194254,MSFT,1174,455,49.18000030517578,43.08000183105469,-1.0
2015-08-12,40.13113021850586,40.26850665155795,39.24676636012755,39.658895659283814,30181400,0.007111050949017761,MSFT,1173,454,49.65999984741211,43.29999923706055,-1.0
2015-08-13,40.122535705566406,40.44021804027626,39.91647272776455,40.405876394183935,22627200,-0.00021416074983826583,MSFT,1172,453,49.220001220703125,42.22999954223633,-1.0
2015-08-14,40.35435104370117,40.44021005494622,39.94222189416456,39.950806485164534,21473400,0.00577768413830837,MSFT,1171,452,49.029998779296875,42.5,-1.0
2015-08-17,40.62910079956055,40.7407201261575,39.985148437003716,40.19121463415878,21099700,0.006808429543615713,MSFT,1168,449,49.029998779296875,41.869998931884766,-1.0
2015-08-18,40.85380172729492,40.99208397775549,40.36117100397233,40.48216756101172,23574100,0.005530541491501673,MSFT,1167,448,48.810001373291016,42.619998931884766,-1.0
2015-08-19,40.28338623046875,40.6895917755116,40.015462933134906,40.430309676261956,31485500,-0.013962360238437,MSFT,1166,447,47.15999984741211,40.79999923706055,-1.0
2015-08-20,39.462345123291016,40.16240105517822,39.462345123291016,39.81669368950089,36238200,-0.020381630841071918,MSFT,1165,446,46.619998931884766,41.13999938964844,-1.0
2015-08-21,37.22389602661133,39.30677469807318,37.22389602661133,39.15120672286776,70053100,-0.056723671380557006,MSFT,1164,445,45.459999084472656,40.45000076293945,1.0
2015-08-24,36.0225830078125,36.89548963230365,34.32862357406256,34.95953693570685,88753700,-0.03227262987033952,MSFT,1161,442,42.689998626708984,38.2400016784668,1.0
2015-08-25,34.976806640625,37.37082115713752,34.9076638560613,36.79176187559953,70616600,-0.02903113213621289,MSFT,1160,441,43.209999084472656,39.310001373291016,1.0
2015-08-26,36.912757873535156,37.0251132482367,35.486722581792954,36.30777170571602,63408000,0.055349570725578445,MSFT,1159,440,43.13999938964844,38.599998474121094,1.0
2015-08-27,37.94124221801758,37.984454817062975,37.102903949514904,37.36218284069729,50943200,0.027862571201156427,MSFT,1158,439,47.560001373291016,42.560001373291016,1.0
2015-08-28,37.96717071533203,38.15731011542288,37.50046671342364,37.50911121174238,28246700,0.000683385566699668,MSFT,1157,438,50.04999923706055,45.220001220703125,1.0
2015-08-31,37.612823486328125,37.96717210139994,37.24983037262199,37.647394887044946,34441700,-0.00933299011561095,MSFT,1154,435,54.150001525878906,49.20000076293945,1.0
2015-09-01,36.1435661315918,36.80905065262544,36.005283847799724,36.44605759710268,49688900,-0.039062671146461225,MSFT,1153,434,49.560001373291016,45.40999984741211,1.0
2015-09-02,37.47452926635742,37.491814961220314,36.19541751868623,36.61026430466803,37671500,0.036824344612810034,MSFT,1152,433,50.5,46.25,1.0
2015-09-03,37.59552764892578,38.01037445493998,37.4053882931616,37.51774366674128,28285200,0.0032288166105660654,MSFT,1151,432,50.68000030517578,46.75,1.0
2015-09-04,36.826332092285156,37.1979663051779,36.471983574981536,36.99918575126702,37138800,-0.02045976223085677,MSFT,1150,431,49.61000061035156,46.04999923706055,1.0
2015-09-08,37.93258285522461,38.02765251401504,37.33624130950559,37.42266647372852,32469800,0.030039667273059845,MSFT,1146,427,49.52000045776367,45.939998626708984,1.0
2015-09-09,37.22389602661133,38.373370143750265,37.08561374830758,38.20915767163923,33469500,-0.018682799199782663,MSFT,1145,426,47.58000183105469,44.150001525878906,1.0
2015-09-10,37.41403579711914,37.84616833356937,36.94733186649459,37.267109020333066,31366600,0.0051080029444494635,MSFT,1144,425,48.88999938964844,45.91999816894531,1.0
2015-09-11,37.578243255615234,37.67331293679225,37.11153934633323,37.28439301239058,27132500,0.004388926642036717,MSFT,1143,424,48.13999938964844,44.630001068115234,1.0
2015-09-14,37.19797134399414,37.54367541187742,37.042403359528244,37.53503421136699,23656000,-0.01011947016879966,MSFT,1140,421,46.369998931884766,44.0,1.0
2015-09-15,38.010379791259766,38.278303166822504,37.2325431571228,37.327609551442016,28882200,0.02184012777881761,MSFT,1139,420,46.630001068115234,44.59000015258789,1.0
2015-09-16,38.28693389892578,38.35607667251801,37.889372841497206,38.00172820013012,23372200,0.007275752286211246,MSFT,1138,419,46.61000061035156,47.150001525878906,1.0
2015-09-17,38.243736267089844,38.89193518687103,38.096812761123005,38.27830766740329,32768200,-0.0011282604125463225,MSFT,1137,418,49.08000183105469,46.900001525878906,1.0
2015-09-18,37.578243255615234,38.01902026890695,37.44860547875432,37.595528951911916,63143700,-0.01740135971095713,MSFT,1136,417,47.470001220703125,44.68000030517578,1.0
2015-09-21,38.122737884521484,38.43387387900795,37.68196079336231,37.699246492712675,26177200,0.014489624360630282,MSFT,1133,414,48.91999816894531,46.68000030517578,1.0
2015-09-22,37.94124221801758,38.070880015153776,37.431325636697906,37.491823934743465,28085900,-0.0047608245518377945,MSFT,1132,413,49.08000183105469,45.83000183105469,1.0
2015-09-23,37.91530990600586,38.174588782724705,37.60417393517933,37.96716700011355,17145200,-0.0006834861089340949,MSFT,1131,412,47.75,44.47999954223633,1.0
2015-09-24,37.94987869262695,38.140018061037935,37.39674958115088,37.55231755586722,27905600,0.0009117368869406839,MSFT,1130,411,48.16999816894531,44.90999984741211,1.0
2015-09-25,37.97581100463867,38.658581291375135,37.82024300773897,38.442514995337774,29384600,0.0006833305640252529,MSFT,1129,410,48.599998474121094,45.70000076293945,1.0
2015-09-28,37.41403579711914,38.10544719605758,37.34489300877049,37.880739727743695,27613800,-0.014792974597722552,MSFT,1126,407,47.34000015258789,44.43000030517578,1.0
2015-09-29,37.543670654296875,37.65602602815327,37.20660782963704,37.48317236766098,32763600,0.003464872324404844,MSFT,1125,406,48.22999954223633,45.22999954223633,1.0
2015-09-30,38.25236892700195,38.286940319595644,37.73381122573444,37.92395058809028,34958900,0.018876637802168972,MSFT,1124,405,48.369998931884766,45.09000015258789,1.0
2015-10-01,38.55486297607422,38.67585955107487,37.81159453317375,38.67585955107487,28657900,0.007907851397374266,MSFT,1123,404,47.689998626708984,44.7400016784668,1.0
2015-10-02,39.38456344604492,39.38456344604492,37.958524599934734,38.26101938691173,41839000,0.021519995298273642,MSFT,1122,403,48.130001068115234,45.540000915527344,1.0
2015-10-05,40.300689697265625,40.525397212554196,39.49692274768948,39.54013535098609,34369300,0.02326104877297297,MSFT,1119,400,49.25,46.2599983215332,1.0
2015-10-06,40.404388427734375,40.77602263852297,39.94632903639884,40.04139871314606,27017200,0.0025731254538750026,MSFT,1118,399,51.91999816894531,48.529998779296875,1.0
2015-10-07,40.447608947753906,40.922954127772016,39.71298487835409,40.7068878371356,27711500,0.0010696986565414957,MSFT,1117,398,51.33000183105469,47.810001373291016,1.0
2015-10-08,41.009368896484375,41.06986717386122,40.18831660748727,40.24017368677122,33772700,0.013888582374698366,MSFT,1116,397,53.04999923706055,49.43000030517578,1.0
2015-10-09,40.71552658081055,41.08716081193587,40.551314113112234,41.00937682642337,28600600,-0.007165248419587766,MSFT,1115,396,52.650001525878906,49.630001068115234,1.0
2015-10-12,40.620460510253906,40.680958804707885,40.18832795163418,40.60317481227994,19769100,-0.002334884957657546,MSFT,1112,393,49.86000061035156,47.099998474121094,1.0
2015-10-13,40.525394439697266,40.73281953700285,40.24018863992593,40.24018863992593,19987800,-0.0023403494042772977,MSFT,1111,392,49.2400016784668,46.65999984741211,1.0
2015-10-14,40.343902587890625,40.70689241445974,40.21426148016718,40.31797568511006,24697800,-0.0044784721855503085,MSFT,1110,391,49.150001525878906,46.63999938964844,1.0
2015-10-15,40.629093170166016,40.64637886450636,40.214246396724974,40.629093170166016,27189400,0.007068988471159665,MSFT,1109,390,48.709999084472656,46.380001068115234,1.0
2015-10-16,41.061241149902344,41.087171349663215,40.534042109449494,40.63775301776198,26450300,0.010636417060217784,MSFT,1108,389,48.72999954223633,47.2599983215332,1.0
2015-10-19,41.15631103515625,41.38102185053893,40.63775319442911,40.98345732261042,29387600,0.002315319327704568,MSFT,1105,386,48.61000061035156,45.88999938964844,1.0
2015-10-20,41.28594970703125,41.320521106882026,40.63775079592487,41.00074060362757,30802200,0.0031499099072378467,MSFT,1104,385,48.709999084472656,45.54999923706055,1.0
2015-10-21,40.793312072753906,41.4760822711428,40.71552808436898,41.41558068292376,25144300,-0.011932331405069885,MSFT,1103,384,47.849998474121094,45.20000076293945,1.0
2015-10-22,41.510643005371094,42.30576844525934,40.69823516838245,41.07851054586264,56637100,0.01758452295655344,MSFT,1102,383,48.08000183105469,45.380001068115234,1.0
2015-10-23,45.693687438964844,46.7308060486875,45.15784408775665,45.20105667630568,135227100,0.10077040803854809,MSFT,1101,382,47.9900016784668,44.599998474121094,0.0
2015-10-26,46.886390686035156,46.94688899090947,45.37392647035661,45.399853373328355,64633300,0.02610214482390938,MSFT,1098,379,47.540000915527344,43.97999954223633,0.0
2015-10-27,46.40239715576172,46.99009775240708,46.30733075366886,46.66167935191885,50999900,-0.010322686886145682,MSFT,1097,378,46.810001373291016,43.20000076293945,0.0
2015-10-28,46.65302658081055,46.65302658081055,45.68505065671267,46.27275114914232,47000800,0.005401217187282814,MSFT,1096,377,49.04999923706055,45.939998626708984,0.0
2015-10-29,46.117183685302734,46.52338931460473,45.99618710557266,46.27275165835841,30202100,-0.011485704889470538,MSFT,1095,376,48.79999923706055,46.060001373291016,0.0
2015-10-30,45.49491882324219,46.661678801454876,45.47763312390829,46.0826194129545,46619800,-0.013493123654445105,MSFT,1094,375,49.560001373291016,46.59000015258789,0.0
2015-11-02,46.013484954833984,46.117195865292295,45.477638107493505,45.67641872625127,30285000,0.011398330736813511,MSFT,1091,372,48.790000915527344,46.13999938964844,0.0
2015-11-03,46.799964904785156,47.00738671983847,45.71963333539409,45.74556023804818,36596900,0.01709237956488563,MSFT,1090,371,50.540000915527344,47.900001525878906,0.0
2015-11-04,47.016021728515625,47.43086857179604,46.72217146907829,46.825882355670984,37087800,0.004616602259639224,MSFT,1089,370,48.58000183105469,46.31999969482422,0.0
2015-11-05,46.99873352050781,47.275298067920176,46.670311884114575,47.09380320185134,31468500,-0.0003677088654510108,MSFT,1088,369,47.97999954223633,45.20000076293945,0.0
2015-11-06,47.46543502807617,47.51729211803417,46.63574137020538,46.748096749992946,32851200,0.009930086889782253,MSFT,1087,368,47.41999816894531,44.290000915527344,0.0
2015-11-09,46.80859375,47.422221128168104,46.29003605234712,47.14565658316531,32513100,-0.013838307342756817,MSFT,1084,365,47.189998626708984,43.869998931884766,0.0
2015-11-10,46.246826171875,46.78267293223129,46.03940438462922,46.730815836964915,55283700,-0.012001376950680154,MSFT,1083,364,47.439998626708984,44.209999084472656,0.0
2015-11-11,46.367828369140625,46.843173560228465,46.203615874410445,46.411040968892245,36516300,0.0026164432736621723,MSFT,1082,363,45.810001373291016,42.93000030517578,0.0
2015-11-12,46.08261489868164,46.65302973318197,45.970259512472715,46.22089718289658,35361100,-0.006151106931046257,MSFT,1081,362,44.060001373291016,41.75,0.0
2015-11-13,45.66777801513672,46.05669805467526,45.399854588585626,45.866558636031876,36848200,-0.009002025697912197,MSFT,1080,361,43.61000061035156,40.7400016784668,1.0
2015-11-16,46.47153854370117,46.5752494408708,45.67641287364077,45.87519676383835,32165200,0.017600167196618166,MSFT,1077,358,43.58000183105469,41.7400016784668,0.0
2015-11-17,46.08869934082031,46.5759479440832,45.984286080864976,46.26271480248153,31551300,-0.008238143493373706,MSFT,1076,357,43.56999969482422,40.66999816894531,1.0
2015-11-18,46.8543815612793,46.96749427848341,46.09740360273722,46.11480581454804,29710000,0.016613231256470407,MSFT,1075,356,44.13999938964844,40.75,0.0
2015-11-19,46.93266677856445,47.55913281919737,46.79345247166057,46.97617394626577,28149200,0.0016708195621528699,MSFT,1074,355,44.18000030517578,40.540000915527344,0.0
2015-11-20,47.15019607543945,47.245906547444115,46.349714526184776,47.20240269265964,37147600,0.00463492300365842,MSFT,1073,354,44.65999984741211,40.38999938964844,0.0
2015-11-23,47.15019607543945,47.385120874233245,46.76735750655218,47.20240269265964,28235900,0.0,MSFT,1070,351,44.83000183105469,41.75,0.0
2015-11-24,47.20240783691406,47.36772383076422,46.61944881718056,46.91527638960767,24600000,0.0011073498271580995,MSFT,1069,350,46.119998931884766,42.869998931884766,0.0
2015-11-25,46.71516036987305,47.1850100628136,46.71516036987305,47.06319791704354,21005100,-0.010322512968500952,MSFT,1068,349,46.16999816894531,43.040000915527344,1.0
2015-11-27,46.92399597167969,47.054510916168056,46.80218379369477,46.8108832410653,9009100,0.004470403187170069,MSFT,1066,347,44.86000061035156,41.709999084472656,0.0
2015-11-30,47.2894172668457,47.82017300200329,46.98488692001685,47.45473658580866,56241400,0.007787514417709973,MSFT,1063,344,44.61000061035156,41.650001525878906,0.0
2015-12-01,48.046409606933594,48.05510905353168,47.24592443547166,47.34163494371378,39952800,0.016007647880630804,MSFT,1062,343,44.439998626708984,41.849998474121094,-1.0
2015-12-02,48.037689208984375,48.69025699569298,47.90717764312149,48.13339968209599,47274900,-0.00018149947146017809,MSFT,1061,342,42.4900016784668,39.939998626708984,-1.0
2015-12-03,47.158905029296875,48.52494682748937,46.92398019966016,48.28132255340616,38627800,-0.018293639726599142,MSFT,1060,341,43.84000015258789,41.08000183105469,0.0
2015-12-04,48.64676284790039,48.92519156025952,47.07189774682424,47.0892999562382,43963700,0.031549880508870976,MSFT,1059,340,43.0,39.970001220703125,-1.0
2015-12-07,48.559749603271484,48.69896394363543,48.10730216730573,48.542347395834526,30709800,-0.0017886749196645013,MSFT,1056,337,40.72999954223633,37.650001525878906,-1.0
2015-12-08,48.5423469543457,48.81207286933614,47.846275258856686,48.26391827615009,32878000,-0.00035837600209964737,MSFT,1055,336,40.2599983215332,37.5099983215332,-1.0
2015-12-09,47.83757400512695,48.61195399823914,47.42863041900318,48.17690875993955,36373200,-0.014518724236419644,MSFT,1054,335,40.11000061035156,37.15999984741211,-1.0
2015-12-10,48.08990478515625,48.42923956639611,47.86367938490832,48.194314721122666,31775800,0.00527474031191999,MSFT,1053,334,39.72999954223633,36.7599983215332,-1.0
2015-12-11,47.0370979309082,47.94198961120649,46.99359074661985,47.60265481620311,39549500,-0.021892471173555195,MSFT,1052,333,37.93000030517578,35.619998931884766,0.0
2015-12-14,47.97679138183594,48.03769745351798,46.70646000227908,47.27202017547745,46768900,0.019977708920478676,MSFT,1049,330,37.91999816894531,36.310001373291016,-1.0
2015-12-15,48.02899932861328,48.63806338130475,47.93328883644479,48.429240187561476,39843000,0.0010881917125684648,MSFT,1048,329,38.45000076293945,37.349998474121094,-1.0
2015-12-16,48.83818054199219,48.94259047230953,47.64615417093612,48.32482701582847,37503300,0.016847763324039144,MSFT,1047,328,37.189998626708984,35.52000045776367,-1.0
2015-12-17,48.46403884887695,49.412437574491506,48.31612174606208,49.03829841453419,41280900,-0.007660844219893437,MSFT,1046,327,37.18000030517578,34.95000076293945,-1.0
2015-12-18,47.097991943359375,48.72505998123307,47.01098091619982,48.524939597463046,84684200,-0.02818681517191035,MSFT,1045,326,36.880001068115234,34.72999954223633,0.0
2015-12-21,47.70707321166992,48.159517440963036,47.185016816194576,47.75057708150974,37246300,0.012932213098236556,MSFT,1042,323,36.349998474121094,34.7400016784668,-1.0
2015-12-22,48.159515380859375,48.272628092910324,47.41993966782153,47.84628553993211,28322200,0.009483754477706663,MSFT,1041,322,36.11000061035156,36.13999938964844,-1.0
2015-12-23,48.56844711303711,48.62065373326868,48.237811823166915,48.464037191705515,27279800,0.008491192839956696,MSFT,1040,321,37.36000061035156,37.5,-1.0
2015-12-24,48.43792724609375,48.69025423926132,48.2291074248822,48.60324653361171,9558500,-0.0026873386880085226,MSFT,1039,320,37.88999938964844,38.099998474121094,-1.0
2015-12-28,48.681575775146484,48.681575775146484,47.83758672628623,48.15951935888062,22458300,0.005030118811956141,MSFT,1035,316,36.619998931884766,36.810001373291016,-1.0
2015-12-29,49.203617095947266,49.464643582040125,48.77727460979304,48.97739502643529,27731400,0.010723591266067922,MSFT,1034,315,37.790000915527344,37.869998931884766,-1.0
2015-12-30,48.994808197021484,49.40374856638324,48.977405984837404,49.13402257536151,21704500,-0.004243771317027467,MSFT,1033,314,36.459999084472656,36.599998474121094,-1.0
2015-12-31,48.27262496948242,48.89038848455477,48.22041833980633,48.75987688906278,27334100,-0.014739994993652528,MSFT,1032,313,37.279998779296875,37.040000915527344,-1.0
2016-01-04,47.680965423583984,47.680965423583984,46.45413777928269,47.263322323304,53778000,-0.012256626737669252,MSFT,1028,309,37.220001220703125,36.7599983215332,-1.0
2016-01-05,47.89849090576172,48.19432186747634,47.45474612275605,47.79408095431318,34079700,0.004562103142109253,MSFT,1027,308,36.41999816894531,35.970001220703125,-1.0
2016-01-06,47.028404235839844,47.332937988926986,46.671667162150705,47.26332913594725,39518900,-0.01816522093845785,MSFT,1026,307,34.22999954223633,33.970001220703125,0.0
2016-01-07,45.392616271972656,46.541138696514984,45.305608556372164,45.85376645822371,56564900,-0.034782978296775235,MSFT,1025,306,33.75,33.27000045776367,1.0
2016-01-08,45.531837463378906,46.35842078316775,45.37522090783049,45.56663856084267,48754000,0.0030670448817511353,MSFT,1024,305,33.54999923706055,33.15999984741211,1.0
2016-01-11,45.505741119384766,45.984290321347295,44.77486482795986,45.68845936245787,36943800,-0.0005731449782832021,MSFT,1021,302,31.549999237060547,31.40999984741211,1.0
2016-01-12,45.92338180541992,46.20181053794946,45.2969188167946,45.90597959474529,36095500,0.009177758141318382,MSFT,1020,301,30.860000610351562,30.440000534057617,1.0
2016-01-13,44.93147659301758,47.0457969478493,44.63564566586448,46.810872095186646,66883600,-0.021599132585773062,MSFT,1019,300,30.309999465942383,30.479999542236328,1.0
2016-01-14,46.21050262451172,46.48022852980942,44.870562584389475,45.24470172960714,52381900,0.028466147308697787,MSFT,1018,299,31.030000686645508,31.200000762939453,1.0
2016-01-15,44.36592483520508,45.21861329565189,43.80036457063088,44.64435358477414,71820700,-0.03991685189609273,MSFT,1017,298,31.010000228881836,29.420000076293945,1.0
2016-01-19,43.991783142089844,44.96628371156322,43.55673783011198,44.79226492294561,43564500,-0.00843308675531873,MSFT,1013,294,28.760000228881836,28.459999084472656,1.0
2016-01-20,44.191898345947266,44.70525188596042,42.72144324161992,43.48712382924489,63273000,0.004548922311493175,MSFT,1012,293,27.8799991607666,26.549999237060547,1.0
2016-01-21,43.92216873168945,44.879270288203934,43.76555217369857,44.37461619709289,40191200,-0.006103598721790338,MSFT,1011,292,29.25,29.530000686645508,1.0
2016-01-22,45.497032165527344,45.531836581448815,44.6008367107743,44.731351610913926,37555800,0.03585577578052601,MSFT,1010,291,32.18000030517578,32.189998626708984,1.0
2016-01-25,45.06199264526367,45.81027108692258,44.94018049320426,45.1925042428421,34707700,-0.009561931835046056,MSFT,1007,288,30.5,30.34000015258789,1.0
2016-01-26,45.392616271972656,45.62754108705189,44.85316113316012,45.06198429738552,28900800,0.007337084032473129,MSFT,1006,287,31.799999237060547,31.450000762939453,1.0
2016-01-27,44.56603240966797,45.41872062364464,44.392013661704425,45.25340131947007,36775200,-0.018209654569195988,MSFT,1005,286,33.099998474121094,32.29999923706055,1.0
2016-01-28,45.296897888183594,45.427409429244406,44.59212361758445,45.12287918097174,62513800,0.01639960837880361,MSFT,1004,285,33.88999938964844,33.220001220703125,1.0
2016-01-29,47.933292388916016,47.933292388916016,46.984893480343786,47.62005923465256,83611700,0.05820253976862655,MSFT,1003,284,34.7400016784668,33.619998931884766,-1.0
2016-02-01,47.6026496887207,47.93328500273157,47.419931483266716,47.75056679727759,44208500,-0.006897975993649275,MSFT,1000,281,34.689998626708984,31.6200008392334,-1.0
2016-02-02,46.11479187011719,47.21110432963041,45.810261553344496,47.13279605972721,56313800,-0.03125577732190943,MSFT,999,280,32.720001220703125,29.8799991607666,1.0
2016-02-03,45.38392639160156,46.454137450839646,44.600843509655505,46.332325295677435,57559800,-0.015848829602746917,MSFT,998,279,35.040000915527344,32.279998779296875,1.0
2016-02-04,45.24472427368164,45.94949905821732,44.696566107931666,45.33173203117006,46987100,-0.0030672118740630028,MSFT,997,278,34.459999084472656,31.719999313354492,1.0
2016-02-05,43.643733978271484,45.244700434089125,43.12168107014611,45.19249381562401,62009000,-0.03538512657798276,MSFT,996,277,34.060001373291016,30.889999389648438,1.0
2016-02-08,42.99117660522461,43.13039096908102,41.9296650063618,43.11298875870744,59290500,-0.014951914365800123,MSFT,993,274,32.880001068115234,29.690000534057617,1.0
2016-02-09,42.878055572509766,43.713344912607546,42.34729987612555,42.65183351983911,46740500,-0.002631261613367797,MSFT,992,273,30.31999969482422,27.940000534057617,1.0
2016-02-10,43.25220489501953,43.84386679543839,43.08688886839429,43.40882147566761,38237000,0.008725892942534452,MSFT,991,272,30.84000015258789,27.450000762939453,1.0
2016-02-11,43.23480987548828,43.600249730830804,42.20810248451905,42.35601964379408,48878600,-0.0004021764803313621,MSFT,990,271,30.059999465942383,26.209999084472656,1.0
2016-02-12,43.9395751953125,44.096191768469936,43.28700724686726,43.722052545830756,34243300,0.016300877044535866,MSFT,989,270,33.36000061035156,29.440000534057617,1.0
2016-02-16,44.7720832824707,44.7720832824707,43.93080007963775,44.60558035991906,37291200,0.018946657619189233,MSFT,985,266,32.18000030517578,29.040000915527344,1.0
2016-02-17,45.93761444091797,46.24433460037615,45.08756925964618,45.12262356523499,40789000,0.026032542446011275,MSFT,984,265,34.5,30.65999984741211,1.0
2016-02-18,45.73607635498047,46.4020950682823,45.657205805851675,45.85876647593058,27176000,-0.00438721270989606,MSFT,983,264,34.279998779296875,30.770000457763672,1.0
2016-02-19,45.411827087402344,45.814941695805594,45.15768830877106,45.543279101994685,33559100,-0.007089573339467581,MSFT,982,263,33.0099983215332,29.639999389648438,1.0
2016-02-22,46.13917922973633,46.44589607417308,45.81493188794562,45.81493188794562,25008300,0.01601679978508863,MSFT,979,260,34.689998626708984,31.479999542236328,1.0
2016-02-23,44.8509635925293,45.8938042483213,44.67569538456548,45.86751518716378,28895300,-0.02792021138461831,MSFT,978,259,33.27000045776367,31.8700008392334,1.0
2016-02-24,45.00871276855469,45.13139953338291,43.99216099045335,44.42156466735212,33014500,0.0035171858838651815,MSFT,977,258,34.40999984741211,32.150001525878906,1.0
2016-02-25,45.657196044921875,45.657196044921875,44.35145465211874,45.33295200914008,26939500,0.014407949849662316,MSFT,976,257,35.290000915527344,33.06999969482422,1.0
2016-02-26,44.95613098144531,46.165478148996606,44.78086274306687,46.09536951645979,35975900,-0.01535497411594855,MSFT,975,256,35.099998474121094,32.779998779296875,1.0
2016-02-29,44.588069915771484,45.26285044889254,44.39527452260446,44.99994642440531,31654000,-0.00818711614275125,MSFT,972,253,35.970001220703125,33.75,1.0
2016-03-01,46.077850341796875,46.086612250264594,44.62312615682481,44.6669457280552,33024500,0.03341208598711809,MSFT,971,252,35.959999084472656,34.400001525878906,1.0
2016-03-02,46.402069091796875,46.410830995477724,45.70976169733618,45.92884606194054,29289900,0.007036325427401735,MSFT,970,251,36.93000030517578,34.65999984741211,1.0
2016-03-03,45.87627029418945,46.41960199264973,45.37675814844817,46.41960199264973,24427800,-0.011331365344231514,MSFT,969,250,37.06999969482422,34.56999969482422,1.0
2016-03-04,45.595848083496094,45.9639116447152,45.31542029540674,45.92009542963179,33034200,-0.006112576477885101,MSFT,968,249,38.720001220703125,35.91999816894531,1.0
2016-03-07,44.719505310058594,45.39428564287099,44.32515607631746,45.183966497270724,38407800,-0.019219793254699913,MSFT,965,246,40.84000015258789,37.900001525878906,1.0
2016-03-08,45.26283645629883,45.68347808529192,44.34267934097878,44.5179475221332,33835100,0.012149757526902283,MSFT,964,245,39.650001525878906,36.5,1.0
2016-03-09,46.305686950683594,46.31444885730002,45.44687635485535,45.47316541766784,28251600,0.02303988384359501,MSFT,963,244,41.06999969482422,38.290000915527344,1.0
2016-03-10,45.61337661743164,46.39331663557507,44.83343659928821,46.38455472947861,38387800,-0.014950870591538323,MSFT,962,243,40.04999923706055,37.84000015258789,1.0
2016-03-11,46.50723648071289,46.50723648071289,45.90256473606897,46.4458931157329,32275700,0.01959644142941297,MSFT,961,242,40.38999938964844,38.5,1.0
2016-03-14,46.594871520996094,46.96293507450999,46.12165172785374,46.191757001926995,24083600,0.0018843312764786901,MSFT,958,239,39.529998779296875,37.18000030517578,1.0
2016-03-15,46.96294403076172,46.96294403076172,46.21805821899234,46.226820126311395,21104800,0.007899421068255696,MSFT,957,238,38.7400016784668,36.34000015258789,1.0
2016-03-16,47.62895202636719,47.84803644846264,46.796433896774836,46.84025011260133,31691700,0.01418156398306758,MSFT,956,237,40.33000183105469,38.459999084472656,-1.0
2016-03-17,47.90061950683594,48.19857446451693,47.32223674698026,47.50626686535182,28223900,0.005703830735523052,MSFT,955,236,41.540000915527344,40.20000076293945,-1.0
2016-03-18,46.875308990478516,48.1722884945196,46.84025467721606,48.12846893145987,67625500,-0.02140495314911528,MSFT,954,235,41.20000076293945,39.439998626708984,1.0
2016-03-21,47.19954299926758,47.260886362957706,46.38454877542719,46.66497653599995,23925700,0.006916946592393058,MSFT,951,232,41.540000915527344,39.90999984741211,1.0
2016-03-22,47.38357925415039,47.54132030786237,46.849012721344586,46.980464713758906,23124100,0.003899110948715423,MSFT,950,231,41.790000915527344,41.45000076293945,1.0
2016-03-23,47.29594421386719,47.5325557813913,47.09438695478283,47.4186309504435,20129000,-0.0018494812266747207,MSFT,949,230,40.470001220703125,39.790000915527344,1.0
2016-03-24,47.506263732910156,47.611426659013816,47.085622057384164,47.18201973483108,19950000,0.004446882762122906,MSFT,948,229,40.439998626708984,39.459999084472656,-1.0
2016-03-28,46.91911697387695,47.576370188831646,46.73508687600069,47.50626157461438,17025100,-0.012359354596569894,MSFT,944,225,40.27000045776367,39.38999938964844,1.0
2016-03-29,47.944427490234375,48.075879462474795,46.84024362667239,47.024273713438966,23924300,0.021852724059753248,MSFT,943,224,39.13999938964844,38.279998779296875,-1.0
2016-03-30,48.24238586425781,48.759425199690796,48.11093722553179,48.137226284684445,23008300,0.006214661215510953,MSFT,942,223,39.2599983215332,38.31999969482422,-1.0
2016-03-31,48.400142669677734,48.71562485411741,48.07589857698756,48.15476912309748,26360500,0.0032700871359019335,MSFT,941,222,39.599998474121094,38.34000015258789,-1.0
2016-04-01,48.698089599609375,48.73314391271203,47.82175182982268,48.2423935581647,24399200,0.006155910158469391,MSFT,940,221,39.65999984741211,36.790000915527344,-1.0
2016-04-04,48.575401306152344,48.77695858565533,48.19857580965796,48.575401306152344,18928800,-0.002519365635608284,MSFT,937,218,37.689998626708984,35.70000076293945,-1.0
2016-04-05,47.812992095947266,48.46148020300129,47.7253563092079,48.365082509069715,19272300,-0.015695376460194366,MSFT,936,217,37.869998931884766,35.88999938964844,-1.0
2016-04-06,48.30373764038086,48.37384626761054,47.506270391941676,47.63772239651565,21188700,0.010263853461603079,MSFT,935,216,39.84000015258789,37.75,-1.0
2016-04-07,47.725345611572266,48.119698206096636,47.52378836169596,48.08464389925832,19225100,-0.01197406364523379,MSFT,934,215,39.43000030517578,37.2599983215332,-1.0
2016-04-08,47.6902961730957,48.443947132240964,47.60266374001683,47.90938059875593,22167200,-0.0007343988404363566,MSFT,933,214,41.939998626708984,39.720001220703125,-1.0
2016-04-11,47.593902587890625,48.33002640348939,47.58513733866605,47.75164364430201,21414200,-0.002021241068732471,MSFT,930,211,42.83000183105469,40.36000061035156,-1.0
2016-04-12,47.89186096191406,48.00578246625612,47.11191753047613,47.64648411056681,24944300,0.00626043164821799,MSFT,929,210,44.689998626708984,42.16999816894531,-1.0
2016-04-13,48.50529098510742,48.58416151284594,48.10217644020529,48.30373371265636,20818000,0.012808648711337245,MSFT,928,209,44.18000030517578,41.7599983215332,-1.0
2016-04-14,48.51405334472656,48.70684869948493,48.259914621265594,48.391366607321366,20877100,0.00018064750135882157,MSFT,927,208,43.84000015258789,41.5,-1.0
2016-04-15,48.7681884765625,49.004796685296846,48.294965373168566,48.461468312675635,28793800,0.00523838175363589,MSFT,926,207,43.099998474121094,40.36000061035156,-1.0
2016-04-18,49.47802734375,49.59195218447305,48.38260518323678,48.62798202040667,23786000,0.014555366712639684,MSFT,923,204,42.90999984741211,39.779998779296875,-1.0
2016-04-19,49.416683197021484,49.7496924646369,48.7944842218961,49.62700571945309,29596800,-0.001239826040402292,MSFT,922,203,44.029998779296875,41.08000183105469,-1.0
2016-04-20,48.71561813354492,49.51308539287985,48.62798569127385,49.329055258332566,36195700,-0.014186809355080654,MSFT,921,202,45.79999923706055,42.630001068115234,-1.0
2016-04-21,48.88212585449219,49.276478568906164,48.56664368296101,48.89965301323989,38909100,0.003417953570676646,MSFT,920,201,44.529998779296875,43.18000030517578,-1.0
2016-04-22,45.37676239013672,45.94638319910488,44.49166283565443,45.490687220522915,126834100,-0.07171053637867375,MSFT,919,200,45.11000061035156,43.72999954223633,1.0
2016-04-25,45.665958404541016,45.68348555982042,45.2453167067244,45.37676535687538,33226900,0.006373218342857312,MSFT,916,197,44.47999954223633,42.63999938964844,1.0
2016-04-26,45.07880783081055,45.87627496422252,44.77209098833012,45.79740444144714,33532600,-0.012857511245665254,MSFT,915,196,45.7400016784668,44.040000915527344,1.0
2016-04-27,44.640628814697266,45.13137899362832,44.29885774165829,45.113851843349124,43369300,-0.009720288472531258,MSFT,914,195,47.18000030517578,45.33000183105469,1.0
2016-04-28,43.72925567626953,44.4916685934463,43.43130070336686,44.36021659191505,43134800,-0.020415777345136332,MSFT,913,194,48.13999938964844,46.029998779296875,1.0
2016-04-29,43.702980041503906,44.03598945500466,43.24728382907249,43.24728382907249,48411700,-0.0006008708439985133,MSFT,912,193,48.130001068115234,45.91999816894531,1.0
2016-05-02,44.3514404296875,44.474127142102105,43.62407871614062,43.81687403162769,33114500,0.014837898641414382,MSFT,909,190,48.099998474121094,44.779998779296875,1.0
2016-05-03,43.62409210205078,44.17618582028686,43.466351039697614,44.11484244525654,26460200,-0.01639965513160324,MSFT,908,189,46.75,43.650001525878906,1.0
2016-05-04,43.702980041503906,43.86948641973655,43.34368155479359,43.676690968294345,24257600,0.0018083571634817108,MSFT,907,188,44.619998931884766,43.779998779296875,1.0
2016-05-05,43.76430130004883,44.07978339081527,43.58027119475602,43.702957931617895,25390700,0.0014031367766382807,MSFT,906,187,45.0099983215332,44.31999969482422,1.0
2016-05-06,44.158653259277344,44.158653259277344,43.518927181573375,43.7467734976608,24787300,0.009010813551548091,MSFT,905,186,45.369998931884766,44.65999984741211,1.0
2016-05-09,43.87823486328125,44.33393093585636,43.81689148264263,44.246298490076484,17951600,-0.006350247919691299,MSFT,902,183,43.630001068115234,43.439998626708984,1.0
2016-05-10,44.710758209228516,44.78086349998671,43.98339617770082,44.106086286714046,22891000,0.018973492177643436,MSFT,901,182,45.52000045776367,44.65999984741211,1.0
2016-05-11,44.73704147338867,45.37676762979717,44.69322525447693,44.80715009801804,24039100,0.0005878510052805819,MSFT,900,181,47.599998474121094,46.22999954223633,1.0
2016-05-12,45.14015579223633,45.40305979021283,44.62311638875945,44.8684932306733,24102800,0.009010750500509701,MSFT,899,180,48.08000183105469,46.70000076293945,1.0
2016-05-13,44.76333999633789,45.48193678217422,44.72828567923278,45.07881882139283,22592300,-0.008347684878022621,MSFT,898,179,47.83000183105469,46.209999084472656,1.0
2016-05-16,45.42057800292969,45.534499480460866,44.47413181968192,44.517948029729496,20032000,0.014682505966837178,MSFT,895,176,48.970001220703125,47.720001220703125,1.0
2016-05-17,44.573421478271484,45.65003265272134,44.441053404158424,45.641209460985365,27803500,-0.018651381420191515,MSFT,894,175,49.279998779296875,48.310001373291016,1.0
2016-05-18,44.838157653808594,45.12937006638405,44.38809751663053,44.54694187488808,24907500,0.005939328118802045,MSFT,893,174,48.93000030517578,48.189998626708984,1.0
2016-05-19,44.40574264526367,44.670482092709584,43.964509110738916,44.53811405215898,23842400,-0.009643906689555837,MSFT,892,173,48.810001373291016,48.15999984741211,1.0
2016-05-20,44.67049789428711,45.199980342820815,44.47635735953607,44.54695299953302,23905800,0.005962184916902258,MSFT,891,172,48.720001220703125,47.75,1.0
2016-05-23,44.14982604980469,44.723430986839716,44.105703369958455,44.65283200601,26118700,-0.011655832574657965,MSFT,888,169,48.349998474121094,48.08000183105469,1.0
2016-05-24,45.526485443115234,45.63238057026163,44.47635063024538,44.74109013128408,34757900,0.03118153606670071,MSFT,887,168,48.61000061035156,48.619998931884766,1.0
2016-05-25,45.99418640136719,46.320701666986295,45.70297399562135,45.81769230007078,24040200,0.01027316195616157,MSFT,886,167,49.7400016784668,49.560001373291016,1.0
2016-05-26,45.79121780395508,45.87063997851697,45.32351131283773,45.826517296281445,24335200,-0.004412918529331233,MSFT,885,166,49.59000015258789,49.47999954223633,1.0
2016-05-27,46.170684814453125,46.170684814453125,45.685328515320265,45.81769657889542,17721400,0.008286894926504251,MSFT,884,165,49.31999969482422,49.33000183105469,1.0
2016-05-31,46.77076721191406,46.77076721191406,45.9588989063456,46.117739924366965,37653100,0.012997043467570357,MSFT,880,161,49.689998626708984,49.099998474121094,1.0
2016-06-01,46.638389587402344,46.72663832610054,46.27657817460269,46.27657817460269,25324800,-0.002830349647931274,MSFT,879,160,49.709999084472656,49.0099983215332,1.0
2016-06-02,46.31186294555664,46.54130622687692,45.74708466283611,46.45305751623677,22840800,-0.007001241782454315,MSFT,878,159,50.040000915527344,49.16999816894531,1.0
2016-06-03,45.70297622680664,46.25892812846576,45.53530530753424,46.22363199955934,23368300,-0.013147532403647744,MSFT,877,158,49.63999938964844,48.619998931884766,1.0
2016-06-06,46.003021240234375,46.197161756902695,45.791227607278685,45.87947635698755,18243300,0.006565108844087675,MSFT,874,155,50.54999923706055,49.689998626708984,1.0
2016-06-07,45.976539611816406,46.53249488843842,45.976539611816406,46.10008784711201,20866800,-0.0005756497661246751,MSFT,873,154,51.439998626708984,50.36000061035156,1.0
2016-06-08,45.92359924316406,46.2765841444577,45.77357805119642,45.90594949314754,21149400,-0.0011514648361822255,MSFT,872,153,52.5099983215332,51.22999954223633,1.0
2016-06-09,45.55295181274414,45.88829026107473,45.438233510859796,45.88829026107473,20305700,-0.00807095777613931,MSFT,871,152,51.95000076293945,50.560001373291016,1.0
2016-06-10,45.42940139770508,45.93240732550222,45.04111712410477,45.04994031303784,25833200,-0.002712237300163234,MSFT,870,151,50.540000915527344,49.06999969482422,1.0
2016-06-13,44.24690628051758,44.75873888868677,43.293843424621784,43.75272678721802,83217800,-0.026029291181618674,MSFT,867,148,50.349998474121094,48.880001068115234,1.0
2016-06-14,43.97333908081055,44.21160224557007,43.743895739889936,44.03511151113264,42577100,-0.0061827418616041685,MSFT,866,147,49.83000183105469,48.4900016784668,1.0
2016-06-15,43.84979248046875,44.22925363300662,43.84979248046875,43.92921466044982,33757600,-0.0028095796890645897,MSFT,865,146,48.970001220703125,48.0099983215332,1.0
2016-06-16,44.4675178527832,44.53811683856947,43.69094584085892,43.69977239725467,31188600,0.014087304349036378,MSFT,864,145,47.189998626708984,46.209999084472656,1.0
2016-06-17,44.23808670043945,44.50282621722337,43.964520625500235,44.48517646725836,45710500,-0.005159522352997548,MSFT,863,144,49.16999816894531,47.97999954223633,1.0
2016-06-20,44.18513488769531,44.85581188208226,44.14983538981276,44.68814095031282,35607900,-0.0011969733931466164,MSFT,860,141,50.650001525878906,49.369998931884766,1.0
2016-06-21,45.17349624633789,45.385289862516615,44.26455607758346,44.2998555746708,34097800,0.022368639614990027,MSFT,859,140,50.619998931884766,48.849998474121094,1.0
2016-06-22,44.99700164794922,45.411758921069854,44.961702153878726,45.0764238264353,28816800,-0.003907038707524846,MSFT,858,139,49.880001068115234,49.130001068115234,1.0
2016-06-23,45.80886459350586,45.941235998013745,45.13819111431605,45.252909407455256,29028800,0.018042600969472522,MSFT,857,138,50.90999984741211,50.11000061035156,1.0
2016-06-24,43.97333908081055,44.95287477578017,43.69977305628058,43.95568933409781,133503000,-0.04006922085895859,MSFT,856,137,48.40999984741211,47.63999938964844,1.0
2016-06-27,42.737884521484375,43.37326194935628,42.39372287016877,43.3291358985968,50216300,-0.02809553663995712,MSFT,853,134,47.15999984741211,46.33000183105469,1.0
2016-06-28,43.62917709350586,43.65565339858261,42.949676946519546,43.17029374620295,38140700,0.020854859382977375,MSFT,852,133,48.58000183105469,47.849998474121094,1.0
2016-06-29,44.59990310668945,44.75874750765083,43.9468757509209,44.04394770332463,31304000,0.022249468769560687,MSFT,851,132,50.61000061035156,49.880001068115234,1.0
2016-06-30,45.155845642089844,45.27056732227707,44.56459422563507,44.75873808959109,28527800,0.012465106349457633,MSFT,850,131,49.68000030517578,48.33000183105469,1.0
2016-07-01,45.14702224731445,45.64120509590519,45.067600063904244,45.1205493082928,21400400,-0.00019539872745000242,MSFT,849,130,49.84000015258789,48.9900016784668,1.0
2016-07-05,45.155845642089844,45.25291757406786,44.7763878378003,44.8558100215691,24806400,0.0001954369155745539,MSFT,845,126,47.959999084472656,46.599998474121094,1.0
2016-07-06,45.34117126464844,45.48236589938993,44.46752714782283,44.811688859608616,28167500,0.0041041335827813885,MSFT,844,125,48.79999923706055,47.43000030517578,1.0
2016-07-07,45.34117126464844,45.54413834169273,45.06760518706058,45.37646739857459,19585200,0.0,MSFT,843,124,46.400001525878906,45.13999938964844,1.0
2016-07-08,46.15302658081055,46.205975816313085,45.49117628557996,45.650020625742876,28391000,0.01790547737338888,MSFT,842,123,46.7599983215332,45.40999984741211,1.0
2016-07-11,46.40895080566406,46.62074441769915,46.30305568281915,46.32952862194406,22269200,0.005545123338886793,MSFT,839,120,46.25,44.7599983215332,1.0
2016-07-12,46.95607376098633,47.1237446650823,46.585439193427575,46.717807239122195,27317600,0.011789168809554162,MSFT,838,119,48.470001220703125,46.79999923706055,1.0
2016-07-13,47.22081756591797,47.52968310032959,46.9296051455046,47.26494361822331,25356800,0.005638116301614815,MSFT,837,118,46.2599983215332,44.75,1.0
2016-07-14,47.423789978027344,47.6444067834648,47.28259535720119,47.51203535366421,24545500,0.004298367173038331,MSFT,836,117,47.369998931884766,45.68000030517578,1.0
2016-07-15,47.38848876953125,47.65322825322457,46.956078365300854,47.60910556699988,32024400,-0.0007443776322484386,MSFT,835,116,47.61000061035156,45.95000076293945,1.0
2016-07-18,47.61793518066406,47.95327370062525,47.25612371866628,47.38849516154049,31433900,0.004841817434793061,MSFT,832,113,46.959999084472656,45.2400016784668,1.0
2016-07-19,46.850189208984375,47.56498893565892,46.70899457528459,47.397317993777826,53336500,-0.016123042058981185,MSFT,831,112,46.65999984741211,44.650001525878906,1.0
2016-07-20,49.338741302490234,50.1594360725409,49.00340282197555,49.550534912906144,89893300,0.05311722610991354,MSFT,830,111,47.16999816894531,44.939998626708984,1.0
2016-07-21,49.241661071777344,49.621122175320934,49.20636158160011,49.40050541123023,32776700,-0.0019676268212377446,MSFT,829,110,46.20000076293945,44.75,1.0
2016-07-22,49.92115783691406,49.97410706870921,49.22400810016136,49.48875089279263,32157200,0.0137992250940977,MSFT,828,109,45.689998626708984,44.189998626708984,1.0
2016-07-25,50.06236267089844,50.071189227843504,49.64760201945357,49.83292268550359,25610600,0.0028285568705290753,MSFT,825,106,44.720001220703125,43.130001068115234,1.0
2016-07-26,50.088844299316406,50.556554274542655,49.8682274662451,49.87705402472156,28079000,0.0005289728052200182,MSFT,824,105,44.869998931884766,42.91999816894531,1.0
2016-07-27,49.5858268737793,50.12413236224775,49.51523125380611,49.9564648192596,32327500,-0.010042504125893248,MSFT,823,104,43.470001220703125,41.91999816894531,1.0
2016-07-28,49.603477478027344,49.744672086759984,49.171070461559566,49.41816018525544,37550400,0.00035596067184640034,MSFT,822,103,42.70000076293945,41.13999938964844,1.0
2016-07-29,50.01823806762695,50.08883368875538,49.46228282348117,49.64760011608143,30558700,0.00836152243123145,MSFT,821,102,42.459999084472656,41.599998474121094,1.0
2016-08-01,49.929988861083984,50.080006648414376,49.5417011925211,49.94763524025071,26003400,-0.0017643405676075474,MSFT,818,99,42.45000076293945,40.060001373291016,1.0
2016-08-02,49.929988861083984,50.21237805657804,49.691722346196244,50.16825200962698,35122000,0.0,MSFT,817,98,41.79999923706055,39.5099983215332,1.0
2016-08-03,50.274147033691406,50.397691877451294,49.85056326950984,50.018230790849046,22075600,0.006892814928618263,MSFT,816,97,43.099998474121094,40.83000183105469,1.0
2016-08-04,50.64479064941406,50.75951232477417,50.00941320599821,50.124134881358316,26587700,0.007372449610617338,MSFT,815,96,44.290000915527344,41.93000030517578,1.0
2016-08-05,51.147789001464844,51.36840576220237,50.69773229075193,50.87422637261087,29335200,0.009931887280031582,MSFT,814,95,44.27000045776367,41.79999923706055,1.0
2016-08-08,51.23605728149414,51.26253022565664,50.98896412604254,51.23605728149414,19473500,0.0017257496707583364,MSFT,811,92,45.38999938964844,43.02000045776367,1.0
2016-08-09,51.35959243774414,51.6243319282095,51.20074807019588,51.333116132255924,16920700,0.0024110980197264986,MSFT,810,91,44.97999954223633,42.77000045776367,1.0
2016-08-10,51.20073699951172,51.465476432734796,51.02424292191482,51.32428184392619,15756900,-0.0030930042605961106,MSFT,809,90,44.04999923706055,41.709999084472656,1.0
2016-08-11,51.44782257080078,51.58019395999047,51.2095560900659,51.2095560900659,18162300,0.004825820598860053,MSFT,808,89,46.040000915527344,43.4900016784668,1.0
2016-08-12,51.13014221191406,51.350758985403004,50.847753011155795,51.209564385023874,21655200,-0.006174806687873624,MSFT,807,88,46.970001220703125,44.4900016784668,1.0
2016-08-15,51.28899383544922,51.624332321309616,51.1477992150362,51.191921902725525,19283900,0.0031068097342028533,MSFT,804,85,48.349998474121094,45.7400016784668,1.0
2016-08-16,51.004844665527344,51.16467906359032,50.853891838093816,51.15580088028758,20523500,-0.0055401587879363445,MSFT,803,84,49.22999954223633,46.58000183105469,1.0
2016-08-17,51.11140823364258,51.21796338042562,50.8183773458304,51.093648477957565,18856400,0.002089283259542052,MSFT,802,83,49.849998474121094,46.790000915527344,1.0
2016-08-18,51.14692687988281,51.235725662686804,50.85389936494768,50.98709245816285,14214300,0.0006949259953448195,MSFT,801,82,50.88999938964844,48.220001220703125,1.0
2016-08-19,51.16466522216797,51.262342148707404,50.79172065246373,50.995952686443545,17271000,0.0003468114971367786,MSFT,800,81,50.880001068115234,48.52000045776367,1.0
2016-08-22,51.20908737182617,51.28012640228329,50.845020809051974,51.1469299138399,15221900,0.0008682192967610636,MSFT,797,78,49.15999984741211,47.04999923706055,1.0
2016-08-23,51.40442657470703,51.661937905264914,51.368907069665994,51.41330814463051,18732400,0.0038145417719028796,MSFT,796,77,49.959999084472656,48.099998474121094,1.0
2016-08-24,51.45770263671875,51.53761982443498,51.25347057640535,51.32450619474964,18151500,0.0010364100051634129,MSFT,795,76,49.04999923706055,46.77000045776367,1.0
2016-08-25,51.653053283691406,51.759611792519074,51.30674659831708,51.39554535567347,18552600,0.0037963344059837034,MSFT,794,75,49.66999816894531,47.33000183105469,1.0
2016-08-26,51.52873611450195,52.1236759066363,51.22682712759634,51.750727917011204,20971200,-0.0024067729066600263,MSFT,793,74,49.91999816894531,47.63999938964844,1.0
2016-08-29,51.59089660644531,52.03488023778245,51.59089660644531,51.661935613375874,16417200,0.0012063267339845751,MSFT,790,71,49.2599983215332,46.97999954223633,1.0
2016-08-30,51.40442657470703,51.67081608786195,51.15579681407263,51.48434376738615,16930200,-0.0036143979656090286,MSFT,789,70,48.369998931884766,46.349998474121094,1.0
2016-08-31,51.02260208129883,51.32451110965732,50.88052744367875,51.19131804225968,20860300,-0.007427852402035695,MSFT,788,69,47.040000915527344,44.70000076293945,1.0
2016-09-01,51.138031005859375,51.34226305467083,50.62300840573186,50.62300840573186,26075400,0.0022623096402771825,MSFT,787,68,47.04999923706055,43.15999984741211,1.0
2016-09-02,51.20908737182617,51.670830907815194,50.98709548263879,51.20908737182617,18900500,0.001389501405688831,MSFT,786,67,46.83000183105469,44.439998626708984,1.0
2016-09-06,51.15578079223633,51.32449330735136,50.80059262772267,51.306733560393134,16278400,-0.0010409593750966284,MSFT,782,63,47.2599983215332,44.83000183105469,1.0
2016-09-07,51.200199127197266,51.36003352699513,50.978207281625416,51.03148654400029,17493400,0.0008682955136847248,MSFT,781,62,47.97999954223633,45.5,1.0
2016-09-08,50.99595642089844,51.315625153954855,50.773964621534375,51.173550537854894,20146100,-0.003989099842979571,MSFT,780,61,49.9900016784668,47.619998931884766,1.0
2016-09-09,49.91263198852539,51.075870158148476,49.91263198852539,50.4276545542187,35113900,-0.02124333983329496,MSFT,779,60,48.0099983215332,45.880001068115234,1.0
2016-09-12,50.658531188964844,50.80060581418395,49.379859561992845,49.726166249256536,29303000,0.014944096729079037,MSFT,776,57,48.31999969482422,46.290000915527344,1.0
2016-09-13,50.19679260253906,50.3033511221214,49.77056868618945,50.17015466630677,30130200,-0.009114725113197997,MSFT,775,56,47.099998474121094,44.900001525878906,1.0
2016-09-14,49.957035064697266,50.285585379956665,49.75280300747791,50.072471753499926,24062500,-0.004776351743032814,MSFT,774,55,45.849998474121094,43.58000183105469,1.0
2016-09-15,50.78285217285156,50.924926815165215,49.70841247864664,49.85936869147615,26847000,0.016530546840596516,MSFT,773,54,46.59000015258789,43.90999984741211,1.0
2016-09-16,50.83613204956055,51.17356059938902,50.39214836353818,51.17356059938902,44607000,0.0010491706241240184,MSFT,772,53,45.77000045776367,43.029998779296875,1.0
2016-09-19,50.55195617675781,51.28008876793119,50.48091719843605,50.853865059975426,20937100,-0.005590037269666559,MSFT,769,50,45.95000076293945,43.29999923706055,1.0
2016-09-20,50.44542694091797,50.92492674094857,50.392147679880495,50.92492674094857,17384000,-0.0021073217318704485,MSFT,768,49,45.880001068115234,43.439998626708984,1.0
2016-09-21,51.28899383544922,51.36891103429631,50.68517913978158,51.06700199279914,33707300,0.016722366043590897,MSFT,767,48,46.83000183105469,45.34000015258789,1.0
2016-09-22,51.34225845336914,51.50209280547564,51.17354592051261,51.43105381017243,19822200,0.0010385194548914178,MSFT,766,47,47.650001525878906,46.31999969482422,1.0
2016-09-23,50.99595642089844,51.42218026919831,50.95155873849083,51.38666076834181,19955300,-0.006744970768771785,MSFT,765,46,45.88999938964844,44.47999954223633,1.0
2016-09-26,50.525333404541016,50.73844362876163,50.46317597353284,50.685167766369446,21688700,-0.009228633981743672,MSFT,762,43,47.349998474121094,45.93000030517578,1.0
2016-09-27,51.45770263671875,51.555379575852605,50.32998382664596,50.55197563837699,28065100,0.018453499845563437,MSFT,761,42,45.970001220703125,44.66999816894531,1.0
2016-09-28,51.52873611450195,51.555377434184805,51.209067376916465,51.39554306539206,20536400,0.0013804245845308039,MSFT,760,41,48.689998626708984,47.04999923706055,1.0
2016-09-29,50.96933364868164,51.653065613237814,50.800617663095245,51.333400172429634,25463500,-0.01085612627053889,MSFT,759,40,49.2400016784668,47.83000183105469,1.0
2016-09-30,51.14692687988281,51.29788311698599,50.91605681924686,51.12028893870522,29910800,0.003484315341951927,MSFT,758,39,49.060001373291016,48.2400016784668,1.0
2016-10-03,50.98707580566406,51.10251249194375,50.66741045395479,50.978197623946905,19189500,-0.003125330962584605,MSFT,755,36,49.099998474121094,48.810001373291016,1.0
2016-10-04,50.82724380493164,51.146909150235054,50.58749225545955,50.853881736875415,20085900,-0.0031347551944657104,MSFT,754,35,50.869998931884766,48.689998626708984,1.0
2016-10-05,51.18244552612305,51.46659485162873,50.845016931837364,50.87165825989094,16726400,0.006988412012947753,MSFT,753,34,51.86000061035156,49.83000183105469,1.0
2016-10-06,51.27122497558594,51.37778008564213,50.86275751027309,51.27122497558594,16212600,0.0017345683378411358,MSFT,752,33,52.5099983215332,50.439998626708984,1.0
2016-10-07,51.324501037597656,51.48433539696974,50.987072569220395,51.36889871801748,20089000,0.0010391025772660267,MSFT,751,32,51.93000030517578,49.810001373291016,1.0
2016-10-10,51.537628173828125,51.8484154056704,51.386671955985605,51.42219146457523,18196500,0.004152541805995114,MSFT,748,29,51.93000030517578,49.810001373291016,1.0
2016-10-11,50.78285217285156,51.51986670864071,50.516462641929294,51.404430003221286,26497400,-0.014645144290125756,MSFT,747,28,52.40999984741211,50.790000915527344,1.0
2016-10-12,50.711814880371094,50.853889518020104,50.08135888751151,50.711814880371094,22177500,-0.001398844086950346,MSFT,746,27,51.810001373291016,50.18000030517578,1.0
2016-10-13,50.5431022644043,50.88053082139975,50.010323184791915,50.34775174178737,25313700,-0.003326889727074289,MSFT,745,26,52.029998779296875,50.439998626708984,1.0
2016-10-14,50.98707580566406,51.2712284305047,50.72068631890995,50.72068631890995,27402500,0.008784057989500216,MSFT,744,25,51.95000076293945,50.349998474121094,1.0
2016-10-17,50.809486389160156,51.022596629154584,50.49869582378951,50.93380126037794,23830000,-0.003483028075208394,MSFT,741,22,51.52000045776367,49.939998626708984,1.0
2016-10-18,51.200199127197266,51.45771048101902,50.978207281625416,51.08476241904842,19149500,0.007689759645365557,MSFT,740,21,51.68000030517578,50.290000915527344,1.0
2016-10-19,51.08475112915039,51.3600221762613,50.969317833839426,51.03147526587641,22878400,-0.002254834942342021,MSFT,739,20,52.66999816894531,51.599998474121094,1.0
2016-10-20,50.83613204956055,51.07588364649183,50.31223116456109,51.05812389257173,49455600,-0.004866796335393664,MSFT,738,19,51.380001068115234,50.43000030517578,1.0
2016-10-21,52.97612762451172,53.67762258648787,52.82517481329794,53.52666638794775,80032200,0.04209595594064619,MSFT,737,18,51.779998779296875,50.849998474121094,1.0
2016-10-24,54.165992736816406,54.165992736816406,53.21586821717305,53.22474639769023,54067000,0.02246040180094533,MSFT,734,15,51.459999084472656,50.52000045776367,1.0
2016-10-25,54.15712356567383,54.49454867866967,53.988407621849696,54.0328053064727,35137200,-0.00016374058139523306,MSFT,733,14,50.790000915527344,49.959999084472656,1.0
2016-10-26,53.837467193603516,54.34360836678257,53.69539253775198,53.997301604852375,29911600,-0.005902388292145511,MSFT,732,13,49.97999954223633,49.18000030517578,1.0
2016-10-27,53.3668327331543,54.015051835204545,53.35795455068472,53.819697947609875,28479900,-0.008741764517947725,MSFT,731,12,50.470001220703125,49.720001220703125,1.0
2016-10-28,53.16260528564453,53.739785428819104,52.905097323719374,53.286920174986335,33574700,-0.003826860936847143,MSFT,730,11,49.709999084472656,48.70000076293945,1.0
2016-10-31,53.20700454711914,53.6509882434896,53.20700454711914,53.42011821180075,26434700,0.0008351596246281012,MSFT,727,8,48.29999923706055,46.86000061035156,1.0
2016-11-01,53.10044479370117,53.29579868707135,52.61206344760223,53.25140099875808,24533000,-0.0020027391943029382,MSFT,726,7,48.33000183105469,46.66999816894531,1.0
2016-11-02,52.77190399169922,53.215887701279506,52.65646727875682,53.11821074319954,22147000,-0.006187157250346131,MSFT,725,6,46.86000061035156,45.34000015258789,1.0
2016-11-03,52.576541900634766,52.95836810249142,52.487746527455876,52.86069115959883,21600400,-0.003702009521869498,MSFT,724,5,46.349998474121094,44.65999984741211,1.0
2016-11-04,52.13255310058594,52.638694129731356,51.96384055331281,52.07927723688181,28697000,-0.008444617770562601,MSFT,723,4,45.58000183105469,44.06999969482422,1.0
2016-11-07,53.65097427368164,53.7397730222301,53.08267583227506,53.08267583227506,31664800,0.02912616173173066,MSFT,720,1,46.150001525878906,44.88999938964844,1.0
2016-11-08,53.69539260864258,53.97066034934693,53.41124329656436,53.76642824299864,22935400,0.0008279129235260196,MSFT,719,0,46.040000915527344,44.97999954223633,1.0
2016-11-09,53.428977966308594,53.801925904030604,52.567652195825,53.2780251875269,49632500,-0.004961592222180733,MSFT,718,1455,46.36000061035156,45.27000045776367,1.0
2016-11-10,52.123687744140625,53.71315022403857,51.173562884609865,53.70426865301855,57822400,-0.024430379764910803,MSFT,717,1454,45.84000015258789,44.65999984741211,1.0
2016-11-11,52.407833099365234,52.49662847891932,51.51098418416659,51.7063380839775,38767800,0.005451367075549163,MSFT,716,1453,45.84000015258789,44.65999984741211,1.0
2016-11-14,51.608646392822266,52.4610973747538,50.8627539007107,52.40781812984382,41328400,-0.015249375127334708,MSFT,713,1450,44.43000030517578,43.31999969482422,1.0
2016-11-15,52.62777328491211,53.182034616238035,52.13609270600828,52.145034275015455,35904100,0.019747212208061082,MSFT,712,1449,46.95000076293945,45.810001373291016,1.0
2016-11-16,53.325069427490234,53.334007586354915,52.57413790510933,52.69035102139716,27332500,0.013249584754482457,MSFT,711,1448,46.630001068115234,45.56999969482422,1.0
2016-11-17,54.2100944519043,54.48722512300378,53.61113890463019,54.00448269342768,32132700,0.016596790851205467,MSFT,710,1447,46.4900016784668,45.41999816894531,1.0
2016-11-18,53.95084762573242,54.657081595830725,53.906150007037155,54.335253284889234,27686300,-0.004782261104560148,MSFT,709,1446,46.86000061035156,45.689998626708984,1.0
2016-11-21,54.40678024291992,54.50511706470705,54.01343295577142,54.08495188442032,19652600,0.008450888859993233,MSFT,706,1443,48.900001525878906,47.4900016784668,1.0
2016-11-22,54.639198303222656,54.76435299149181,54.362071039257955,54.51404361495351,23206700,0.0042718583835510415,MSFT,705,1442,49.119998931884766,48.029998779296875,1.0
2016-11-23,53.99554443359375,54.621317866827795,53.86144817778106,54.54086079538207,21848900,-0.011780075286919822,MSFT,704,1441,48.95000076293945,47.959999084472656,1.0
2016-11-25,54.11174774169922,54.11174774169922,53.75416347470397,53.90613602087996,8409600,0.0021520906831189457,MSFT,702,1439,47.2400016784668,46.060001373291016,1.0
2016-11-28,54.18326950073242,54.54979535461594,53.825681804656746,53.941898317412694,20732600,0.0013217418031774564,MSFT,699,1436,48.2400016784668,47.08000183105469,1.0
2016-11-29,54.61237716674805,54.898445982975474,54.10281687470485,54.21903339698765,22366700,0.007919560225316813,MSFT,698,1435,46.380001068115234,45.22999954223633,1.0
2016-11-30,53.87038803100586,54.6928384994522,53.8346319838461,54.40676966091684,34655400,-0.01358646472166325,MSFT,697,1434,50.470001220703125,49.439998626708984,1.0
2016-12-01,52.922786712646484,53.772055075922765,52.69035364806498,53.7362956182626,34542100,-0.017590393405259475,MSFT,696,1433,50.459999084472656,51.060001373291016,1.0
2016-12-02,52.96747970581055,53.164153295563224,52.56519436777519,52.81550713933568,25515700,0.0008444943273060446,MSFT,695,1432,54.459999084472656,51.68000030517578,1.0
2016-12-05,53.834632873535156,54.16539933414374,53.244615458028946,53.369770150680324,23552700,0.01637142587377971,MSFT,692,1429,54.939998626708984,51.790000915527344,1.0
2016-12-06,53.59326171875,54.049182872615084,53.45916545632576,54.022364984214086,19907000,-0.004483566468302502,MSFT,691,1428,53.93000030517578,50.93000030517578,1.0
2016-12-07,54.862701416015625,54.871642987191855,53.45917483984641,53.64690691202466,30809000,0.02368655417778953,MSFT,690,1427,53.0,49.77000045776367,1.0
2016-12-08,54.54085159301758,55.0504152330044,54.38887904493346,54.80010249173517,21220800,-0.005866459629056742,MSFT,689,1426,53.88999938964844,50.84000015258789,1.0
2016-12-09,55.39905548095703,55.41693520416937,54.64812415708153,54.692821760008115,27349400,0.015735065787812585,MSFT,688,1425,54.33000183105469,51.5,1.0
2016-12-12,55.57786560058594,55.694082137572266,55.175583621388924,55.26497885894166,20198100,0.0032276745167680865,MSFT,685,1422,55.689998626708984,52.83000183105469,1.0
2016-12-13,56.30198669433594,56.695330565510176,55.640453665078795,55.87288335936126,35718900,0.013028947512197409,MSFT,684,1421,55.720001220703125,52.97999954223633,1.0
2016-12-14,56.033782958984375,56.72213711212061,55.89968670972318,56.31985177454629,30352700,-0.004763663790545158,MSFT,683,1420,53.900001525878906,51.040000915527344,1.0
2016-12-15,55.944400787353516,56.453961197115134,55.694087957670384,56.0516757656691,27669900,-0.001595147907402339,MSFT,682,1419,54.02000045776367,50.900001525878906,1.0
2016-12-16,55.694087982177734,56.275167317878825,55.53317380952851,56.275167317878825,42453100,-0.004474313812515951,MSFT,681,1418,55.209999084472656,51.900001525878906,1.0
2016-12-19,56.87411880493164,57.008215075711085,55.801358869325576,55.92651698015097,34338200,0.021187721453155284,MSFT,678,1415,54.91999816894531,52.119998931884766,1.0
2016-12-20,56.802608489990234,57.035038182362115,56.34668385580789,56.93670136282435,26028400,-0.0012573436994545162,MSFT,677,1414,55.349998474121094,52.22999954223633,1.0
2016-12-21,56.802608489990234,56.94564293380604,56.42714094359241,56.70427167045247,17096300,0.0,MSFT,676,1413,54.459999084472656,52.4900016784668,1.0
2016-12-22,56.81153869628906,57.30321931492505,56.68638400175004,57.07078965509683,22176600,0.0001572147219330855,MSFT,675,1412,55.04999923706055,52.95000076293945,1.0
2016-12-23,56.5344123840332,56.80260150694165,56.141065154238426,56.72214442904814,12403800,-0.0048779934255497315,MSFT,674,1411,55.15999984741211,53.02000045776367,1.0
2016-12-27,56.57017517089844,57.276409226502956,56.50759781510666,56.50759781510666,11763200,0.0006325843916499263,MSFT,670,1407,56.09000015258789,53.900001525878906,1.0
2016-12-28,56.31092071533203,56.677446644617945,56.16788628951825,56.677446644617945,14653300,-0.004582882318875603,MSFT,669,1406,56.220001220703125,54.060001373291016,1.0
2016-12-29,56.2304573059082,56.4986463978337,56.07848132735118,56.19469785092898,10250600,-0.0014289130492217694,MSFT,668,1405,56.13999938964844,53.77000045776367,1.0
2016-12-30,55.55104446411133,56.310917579729846,55.452707662425794,56.284096281864095,25579900,-0.012082648343062385,MSFT,667,1404,56.130001068115234,53.720001220703125,1.0
2017-01-03,55.944400787353516,56.17683047540563,55.54211535590748,56.13213285195831,20694100,0.007080988792142584,MSFT,663,1400,55.470001220703125,52.33000183105469,1.0
2017-01-04,55.694087982177734,56.09637341380079,55.53317380952851,55.855002154826956,21340000,-0.004474313812515951,MSFT,662,1399,56.459999084472656,53.2599983215332,1.0
2017-01-05,55.694087982177734,56.015916327476184,55.4527167232039,55.595751164424314,24876000,0.0,MSFT,661,1398,56.88999938964844,53.7599983215332,1.0
2017-01-06,56.17681884765625,56.453949512003916,55.46164678989866,55.69407642984137,19922900,0.00866754233650413,MSFT,660,1397,57.099998474121094,53.9900016784668,1.0
2017-01-09,55.9980354309082,56.3913826937376,55.90864018583425,56.10531040703894,20382700,-0.0031825122962708674,MSFT,657,1394,54.939998626708984,51.959999084472656,1.0
2017-01-10,55.98014450073242,56.38242984350593,55.676195953993464,56.07848129676698,18593000,-0.00031949210428738883,MSFT,656,1393,53.63999938964844,50.81999969482422,1.0
2017-01-11,56.489707946777344,56.52546740373021,55.81029531572049,55.971209461798864,21517300,0.009102574682319009,MSFT,655,1392,55.099998474121094,52.25,1.0
2017-01-12,55.97120666503906,56.67744055862635,55.381189295636744,56.37349201013368,20968200,-0.009178685827634259,MSFT,654,1391,56.0099983215332,53.0099983215332,1.0
2017-01-13,56.051673889160156,56.2036464858353,55.73878371508376,55.98015496587071,19422300,0.0014376539102087804,MSFT,653,1390,55.45000076293945,52.369998931884766,1.0
2017-01-17,55.89967727661133,56.051653227475256,55.45269440144838,56.033773503243694,20664000,-0.0027117229870671222,MSFT,649,1386,55.470001220703125,52.47999954223633,1.0
2017-01-18,55.87287521362305,56.051669096348576,55.53316717746551,56.02484779730346,19670100,-0.00047946722224634364,MSFT,648,1385,53.91999816894531,51.08000183105469,1.0
2017-01-19,55.694087982177734,56.30198520991701,55.60469273524376,55.64045219810138,18451700,-0.0031998931639322103,MSFT,647,1384,54.15999984741211,51.369998931884766,1.0
2017-01-20,56.087432861328125,56.158948373783495,55.756662959316,56.02485209889102,30213500,0.007062596648970354,MSFT,646,1383,55.4900016784668,52.41999816894531,1.0
2017-01-23,56.284095764160156,56.4271301806936,55.93544958699796,56.05166611612185,23097600,0.0035063630620830732,MSFT,643,1380,55.22999954223633,52.75,1.0
2017-01-24,56.78471374511719,56.981387332194856,56.266211891988526,56.49864493311835,24672900,0.008894483853035595,MSFT,642,1379,55.439998626708984,53.18000030517578,1.0
2017-01-25,56.9277458190918,57.30320984063106,56.722134082028525,57.16911700874237,23672700,0.002518848199475343,MSFT,641,1378,55.08000183105469,52.75,1.0
2017-01-26,57.4552116394043,57.69658636210642,56.811558216305016,57.32112214948275,43554600,0.009265531468411137,MSFT,640,1377,56.2400016784668,53.779998779296875,1.0
2017-01-27,58.80507278442383,58.92129271051063,58.00944372000309,58.45642664699983,44818000,0.023494146248932424,MSFT,639,1376,55.52000045776367,53.16999816894531,1.0
2017-01-30,58.2240104675293,58.81403137574064,57.9290068338438,58.724636128550486,31651400,-0.00988115972621395,MSFT,636,1373,55.22999954223633,52.630001068115234,1.0
2017-01-31,57.7949104309082,58.241893486336075,57.446264193308075,57.98264249573749,25270500,-0.007369812439498635,MSFT,635,1372,55.70000076293945,52.810001373291016,1.0
2017-02-01,56.83835220336914,57.768077535646455,56.74001541108088,57.53564449747253,39671500,-0.01655090769078349,MSFT,634,1371,55.65999984741211,53.880001068115234,1.0
2017-02-02,56.471824645996094,56.68637796393151,56.09636060237073,56.54334355537767,45827000,-0.00644859576614043,MSFT,633,1370,56.560001373291016,53.540000915527344,1.0
2017-02-03,56.9277458190918,56.94562554538545,56.382426102867456,56.76683169265809,30301800,0.008073427341045436,MSFT,632,1369,56.810001373291016,53.83000183105469,1.0
2017-02-06,56.89200210571289,56.900943676437954,56.4450190553409,56.766847397242344,19796400,-0.0006278786005772252,MSFT,629,1366,55.720001220703125,53.0099983215332,1.0
2017-02-07,56.704246520996094,57.01713316238108,56.52545269297241,56.98137712494324,20277200,-0.003300210535180703,MSFT,628,1365,55.04999923706055,52.16999816894531,1.0
2017-02-08,56.623802185058594,57.04396726374059,56.5165272282368,56.82941393988761,18096400,-0.0014186651066373512,MSFT,627,1364,55.119998931884766,52.34000015258789,1.0
2017-02-09,57.26746368408203,57.607175152324494,56.60593070867162,56.78472460291034,22644400,0.011367330948914622,MSFT,626,1363,55.630001068115234,53.0,1.0
2017-02-10,57.21382141113281,57.4820139271651,57.19594168271669,57.43731290102005,18170700,-0.0009366972011392027,MSFT,625,1362,56.70000076293945,53.86000061035156,1.0
2017-02-13,57.857479095458984,57.982633786546515,57.33003562265944,57.42837242571665,22920100,0.011250038337780488,MSFT,622,1359,55.59000015258789,52.93000030517578,1.0
2017-02-14,58.073333740234375,58.20824296611452,57.57866886592992,57.92943559792561,23108400,0.003730799339170199,MSFT,621,1358,55.970001220703125,53.20000076293945,1.0
2017-02-15,58.037349700927734,58.07332594711918,57.70458143174971,58.01036923172599,17005200,-0.0006196310249313441,MSFT,620,1357,55.75,53.11000061035156,1.0
2017-02-16,58.028358459472656,58.67591721799762,57.95641282323379,58.22622439810727,20546300,-0.0001549216410020593,MSFT,619,1356,55.650001525878906,53.36000061035156,1.0
2017-02-17,58.118289947509766,58.181246654212266,57.83048687947458,57.98338075835687,21248800,0.0015497851468591062,MSFT,618,1355,55.810001373291016,53.400001525878906,1.0
2017-02-21,58.00138854980469,58.41510519602654,57.96541229425029,58.10931731646787,20655900,-0.0020114390463080722,MSFT,614,1351,56.65999984741211,54.060001373291016,1.0
2017-02-22,57.88445281982422,57.91143328763644,57.60564550340858,57.857472352011996,19292700,-0.0020160850094141924,MSFT,613,1350,55.84000015258789,53.59000015258789,1.0
2017-02-23,58.118289947509766,58.217222895437466,57.731553931546884,57.938408741383775,20273100,0.004039722521233857,MSFT,612,1349,56.58000183105469,54.45000076293945,1.0
2017-02-24,58.118289947509766,58.28017960213996,57.686581914573786,58.037341689311475,21796800,0.0,MSFT,611,1348,55.9900016784668,53.9900016784668,1.0
2017-02-27,57.76753616333008,58.04634348452999,57.60564649191174,58.04634348452999,15871500,-0.006035170417031832,MSFT,608,1345,55.93000030517578,54.04999923706055,1.0
2017-02-28,57.54269790649414,57.74056043172986,57.344831950374164,57.6326385369506,23239800,-0.0038921212807179195,MSFT,607,1344,55.59000015258789,54.0099983215332,1.0
2017-03-01,58.4061164855957,58.45108165887131,57.578676328448445,57.67760931613161,26937500,0.015004833115482397,MSFT,606,1343,55.599998474121094,53.83000183105469,1.0
2017-03-02,57.56967544555664,58.23521888292366,57.45275435433341,58.181257941500526,24539600,-0.014321120635461981,MSFT,605,1342,55.08000183105469,52.61000061035156,1.0
2017-03-03,57.78553009033203,57.81251056291931,57.218916149810404,57.55169132251269,18135900,0.003749450437314339,MSFT,604,1341,55.900001525878906,53.33000183105469,1.0
2017-03-06,57.80352783203125,58.064350562194065,57.389814579069174,57.5337161834892,18750300,0.0003114575858538249,MSFT,601,1338,56.0099983215332,53.20000076293945,1.0
2017-03-07,57.92042922973633,58.26219325927979,57.73155909274386,57.73155909274386,18521000,0.0020223920942121776,MSFT,600,1337,55.91999816894531,53.13999938964844,1.0
2017-03-08,58.45105743408203,58.53200569126012,57.785514134219824,57.79450990985435,21510900,0.009161330663504108,MSFT,599,1336,53.11000061035156,50.279998779296875,1.0
2017-03-09,58.21723937988281,58.63994489499526,57.992392954883954,58.63095597846851,19846800,-0.004000236513478028,MSFT,598,1335,52.189998626708984,49.279998779296875,1.0
2017-03-10,58.3971061706543,58.69390505982779,58.235216491265795,58.5589958500428,19538200,0.0030895795246801416,MSFT,597,1334,51.369998931884766,48.4900016784668,1.0
2017-03-13,58.19925308227539,58.63096127646115,58.07333962183974,58.46907156136261,20100000,-0.0033880632338307848,MSFT,594,1331,51.349998474121094,48.400001525878906,1.0
2017-03-14,57.9294319152832,58.05534535496201,57.695589729407786,58.03735379971199,14280200,-0.004636162024463486,MSFT,593,1330,50.91999816894531,47.720001220703125,1.0
2017-03-15,58.23521423339844,58.38810812973536,57.78552145939536,58.05533986850408,24833800,0.005278531275128229,MSFT,592,1329,51.810001373291016,48.86000061035156,1.0
2017-03-16,58.13629913330078,58.244227902452785,57.830511246690726,58.23523212291446,20674300,-0.0016985444528668792,MSFT,591,1328,51.7400016784668,48.75,1.0
2017-03-17,58.3431396484375,58.67590789072723,58.17225420827783,58.379115891721995,49219700,0.0035578548724344294,MSFT,590,1327,51.7599983215332,48.779998779296875,1.0
2017-03-20,58.3971061706543,58.621952566373466,58.20823602166229,58.37912147817444,14598100,0.000924984883261093,MSFT,587,1324,51.619998931884766,48.220001220703125,1.0
2017-03-21,57.74955749511719,58.90976592218777,57.67760498915111,58.63095853878003,26640500,-0.011088711718775457,MSFT,586,1323,50.959999084472656,47.34000015258789,1.0
2017-03-22,58.48703384399414,58.58596679096107,57.668596664809726,57.668596664809726,20680000,0.01277025107836205,MSFT,585,1322,50.63999938964844,48.040000915527344,1.0
2017-03-23,58.3431396484375,58.67590789072723,58.25319560934285,58.406096358743675,19269200,-0.0024602751430421455,MSFT,584,1321,50.560001373291016,47.70000076293945,1.0
2017-03-24,58.44208526611328,58.86479077732887,58.24421931605544,58.783849358724275,22617100,0.001695925489646255,MSFT,583,1320,50.79999923706055,47.970001220703125,1.0
2017-03-27,58.54998779296875,58.657916510513864,57.87544874728532,58.12727555979124,18614700,0.001846315482483929,MSFT,580,1317,50.75,47.72999954223633,1.0
2017-03-28,58.72088623046875,58.88277591178996,58.145279999497205,58.42408733775193,20080400,0.002918846680280973,MSFT,579,1316,51.33000183105469,48.369998931884766,1.0
2017-03-29,58.882789611816406,58.909770088019464,58.41510515173302,58.568005953165546,13618400,0.002757168560300949,MSFT,578,1315,52.41999816894531,49.5099983215332,1.0
2017-03-30,59.0986213684082,59.34145930005249,58.783837810505354,58.837798745641,15122800,0.003665447204771688,MSFT,577,1314,52.959999084472656,50.349998474121094,1.0
2017-03-31,59.2335319519043,59.530330825618435,58.864780588483626,59.044661812749965,21040300,0.0022828042409837046,MSFT,576,1313,52.83000183105469,50.599998474121094,1.0
2017-04-03,58.9547233581543,59.30548316068883,58.630944023235195,59.18855865199936,20400900,-0.004706938528946436,MSFT,573,1310,53.119998931884766,50.2400016784668,1.0
2017-04-04,59.116634368896484,59.188580021257025,58.71190662324251,58.810839614728856,12997400,0.002746361979490075,MSFT,572,1309,54.16999816894531,51.029998779296875,1.0
2017-04-05,58.96371841430664,59.674233869841345,58.855796532604124,59.629268706387855,21448600,-0.002586682347909486,MSFT,571,1308,54.36000061035156,51.150001525878906,1.0
2017-04-06,59.116634368896484,59.413426481586086,58.891787908567416,58.99970981799294,18103500,0.0025933906256621064,MSFT,570,1307,54.88999938964844,51.70000076293945,1.0
2017-04-07,59.071651458740234,59.32347835007163,58.85580081785163,59.22454537679599,14108500,-0.0007609179825013301,MSFT,569,1306,55.2400016784668,52.2400016784668,1.0
2017-04-10,58.93673324584961,59.19755587545245,58.7838393511136,59.008685735760835,17952700,-0.002283975639056912,MSFT,566,1303,55.97999954223633,53.08000183105469,1.0
2017-04-11,58.89176940917969,59.00868706158703,58.32515211560678,58.999691284704234,18791500,-0.0007629170161562726,MSFT,565,1302,56.22999954223633,53.400001525878906,1.0
2017-04-12,58.666934967041016,58.918761876906025,58.55900620776944,58.83781359201018,17108500,-0.0038177566134330876,MSFT,564,1301,55.86000061035156,53.11000061035156,1.0
2017-04-13,58.41510009765625,59.233544401105775,58.41510009765625,58.7208948122948,17896500,-0.004292620187610674,MSFT,563,1300,55.88999938964844,53.18000030517578,1.0
2017-04-17,58.89176940917969,58.900758324295225,58.46905709866252,58.49603756754366,16689300,0.00816003585933367,MSFT,559,1296,55.36000061035156,52.650001525878906,1.0
2017-04-18,58.81082534790039,59.0986284728331,58.60397049716913,58.756864406277934,15155600,-0.0013744545645572037,MSFT,558,1295,54.88999938964844,52.40999984741211,1.0
2017-04-19,58.496036529541016,59.134599441543344,58.36112732576201,59.044662259613055,26992800,-0.005352565900873074,MSFT,557,1294,52.93000030517578,50.439998626708984,1.0
2017-04-20,58.90976333618164,59.1346097611289,58.58598393531612,58.87378708477788,22299500,0.007072732294121975,MSFT,556,1293,52.9900016784668,50.27000045776367,1.0
2017-04-21,59.719207763671875,59.98901933813819,58.86478729010886,59.06265322844488,32522600,0.01374041214307642,MSFT,555,1292,51.959999084472656,49.619998931884766,1.0
2017-04-24,60.73551940917969,60.85244394977019,60.34878325705401,60.690554238141566,29770000,0.017018170259888388,MSFT,552,1289,51.599998474121094,49.22999954223633,1.0
2017-04-25,61.08627700805664,61.19420576566944,60.79847384952441,61.06829231267212,30242700,0.005775164224971485,MSFT,551,1288,52.099998474121094,49.560001373291016,1.0
2017-04-26,61.00532531738281,61.43702655163028,60.81645516967862,61.230171711568865,26190800,-0.0013252025600307693,MSFT,550,1287,51.81999969482422,49.619998931884766,1.0
2017-04-27,61.40106201171875,61.49999499296432,60.78049051145051,61.293140113464474,34971000,0.006486920482385861,MSFT,549,1286,51.439998626708984,48.970001220703125,1.0
2017-04-28,61.57194137573242,62.18352389816427,60.879417437660265,61.9766690392381,39548800,0.0027830033946489863,MSFT,548,1285,51.72999954223633,49.33000183105469,1.0
2017-05-01,62.4263801574707,62.55229363764501,61.607935674567706,61.76982541504467,31954400,0.013877080414343546,MSFT,545,1282,51.52000045776367,48.84000015258789,1.0
2017-05-02,62.327423095703125,62.69616761335477,62.174522333001335,62.69616761335477,23906100,-0.0015851801997481818,MSFT,544,1281,50.459999084472656,47.65999984741211,1.0
2017-05-03,62.12955093383789,62.39936246220497,61.796775834241785,62.39936246220497,28928000,-0.0031747207254405607,MSFT,543,1280,50.790000915527344,47.81999969482422,1.0
2017-05-04,61.88671875,62.12955669599556,61.733824850235294,62.08458467288013,21749400,-0.003908481232972161,MSFT,542,1279,48.380001068115234,45.52000045776367,1.0
2017-05-05,62.05760955810547,62.084590029595695,61.59892095746793,61.967672365882095,19128800,0.0027613486634476825,MSFT,541,1278,49.099998474121094,46.220001220703125,1.0
2017-05-08,62.003658294677734,62.102591280098515,61.53597384327604,62.030638770379944,18566100,-0.000869373857805722,MSFT,538,1275,49.34000015258789,46.43000030517578,1.0
2017-05-09,62.093570709228516,62.3094212904339,61.7697914065373,61.931681057882905,22858400,0.0014501146710321766,MSFT,537,1274,48.72999954223633,45.880001068115234,1.0
2017-05-10,62.33642578125,62.56127222468174,61.98566587843799,62.04862260812813,17977800,0.003911114616982347,MSFT,536,1273,50.220001220703125,47.33000183105469,1.0
2017-05-11,61.57194137573242,61.81477934618943,61.26615354540052,61.482004182209394,28789400,-0.012263847276074102,MSFT,535,1272,50.77000045776367,47.83000183105469,1.0
2017-05-12,61.499996185302734,61.70685793058185,61.194208318628824,61.70685793058185,18714100,-0.0011684736394886874,MSFT,534,1271,50.84000015258789,47.84000015258789,1.0
2017-05-15,61.54497146606445,61.58994350142798,60.77149911784233,61.28414875684823,31530300,0.0007313054236004479,MSFT,531,1268,51.81999969482422,48.849998474121094,1.0
2017-05-16,62.784202575683594,62.811337705160994,61.6535261734513,61.71684377593226,34956000,0.020135375483965268,MSFT,530,1267,51.650001525878906,48.65999984741211,1.0
2017-05-17,61.03843307495117,62.503785158873924,60.99320326202247,62.31383236655433,30548800,-0.027805872004633247,MSFT,529,1266,52.209999084472656,49.06999969482422,1.0
2017-05-18,61.246456146240234,61.626361622294354,60.73086817128149,60.96605070930961,25201300,0.0034080670294014404,MSFT,528,1265,52.5099983215332,49.349998474121094,1.0
2017-05-19,61.22841262817383,61.59927103209704,60.993229920134986,61.056547545248876,26961100,-0.0002946050955719981,MSFT,527,1264,53.61000061035156,50.33000183105469,1.0
2017-05-22,61.91581726074219,61.961047062833444,61.056506229799375,61.40927660259475,16237600,0.0112268896589367,MSFT,524,1261,53.869998931884766,50.72999954223633,1.0
2017-05-23,62.123870849609375,62.187188438156966,61.8525058123485,62.160053314650796,15425800,0.0033602655681830296,MSFT,523,1260,54.150001525878906,51.470001220703125,1.0
2017-05-24,62.20524597167969,62.304745976884995,61.91579329319959,62.29570554084539,14593900,0.001309884927603866,MSFT,522,1259,53.959999084472656,51.36000061035156,1.0
2017-05-25,62.97414016723633,63.20931583328443,62.33191695407529,62.386187199917245,21854100,0.012360600517626663,MSFT,521,1258,51.459999084472656,48.900001525878906,1.0
2017-05-26,63.28168487548828,63.51686745792405,62.88368464384312,63.13696191013541,19827900,0.004883666651664065,MSFT,520,1257,52.150001525878906,49.79999923706055,1.0
2017-05-30,63.68873977661133,63.68873977661133,63.10982714529488,63.127921831233245,17072800,0.006432428307241889,MSFT,516,1253,51.84000015258789,49.65999984741211,1.0
2017-05-31,63.173099517822266,63.98718727472116,63.14596440944159,63.7972346149607,30436400,-0.008096254700558858,MSFT,515,1252,50.310001373291016,48.31999969482422,1.0
2017-06-01,63.40830612182617,63.86962384337827,62.8203532455105,63.53494127658975,21603600,0.0037232082294387236,MSFT,514,1251,50.33000183105469,48.36000061035156,1.0
2017-06-02,64.90985107421875,65.00030377585784,63.53494516534891,63.715857469725876,34770300,0.023680571903429648,MSFT,513,1250,49.95000076293945,47.65999984741211,1.0
2017-06-05,65.38021087646484,65.93198134150504,64.95507557706348,65.09980542413584,33316800,0.007246354666694321,MSFT,510,1247,49.470001220703125,47.400001525878906,1.0
2017-06-06,65.59730529785156,65.68776491185639,65.37117006503877,65.3983120899,31511100,0.003320491299682704,MSFT,509,1246,50.119998931884766,48.189998626708984,1.0
2017-06-07,65.47970581054688,65.82342881886869,65.08170566325963,65.70584100312401,22301800,-0.0017927487534847852,MSFT,508,1245,48.060001373291016,45.720001220703125,1.0
2017-06-08,65.08173370361328,65.59732188878549,64.67469294204098,65.5882814459782,24588300,-0.006077793142276078,MSFT,507,1244,47.86000061035156,45.63999938964844,1.0
2017-06-09,63.60731506347656,65.1993089610511,62.042456288406825,65.16312649734493,49187400,-0.022654876510378785,MSFT,506,1243,48.150001525878906,45.83000183105469,1.0
2017-06-12,63.11885452270508,63.263584360028865,61.626360855521305,62.639449013492374,47761700,-0.007679313932431042,MSFT,503,1240,48.290000915527344,46.08000183105469,1.0
2017-06-13,63.905799865722656,64.05957012372016,63.28166459360641,63.33593482558255,25258600,0.012467674658678929,MSFT,502,1239,48.720001220703125,46.459999084472656,1.0
2017-06-14,63.56208038330078,64.31285092014541,62.80226940704751,64.14099285709695,25510700,-0.005378533453052614,MSFT,501,1238,47.0,44.72999954223633,1.0
2017-06-15,63.227413177490234,63.5078186609431,62.23241952227387,62.65754796776381,26068700,-0.005265202205346209,MSFT,500,1237,46.91999816894531,44.459999084472656,1.0
2017-06-16,63.31785202026367,63.34498713838236,62.61231134478502,63.073629056097296,48345100,0.0014303739189764908,MSFT,499,1236,47.369998931884766,44.7400016784668,1.0
2017-06-19,64.10482788085938,64.16814547948378,63.63446266156315,63.77014520178709,23798300,0.012428972801285854,MSFT,496,1233,46.90999984741211,44.20000076293945,1.0
2017-06-20,63.2364501953125,64.104808529067,63.2002677354354,64.059578728946,21512200,-0.01354621351079488,MSFT,495,1232,46.02000045776367,43.22999954223633,1.0
2017-06-21,63.56208038330078,63.878675191171766,63.26358715754345,63.50781014245377,19891100,0.005149406504991072,MSFT,494,1231,44.81999969482422,42.529998779296875,1.0
2017-06-22,63.553035736083984,63.85152894207826,63.0555355575963,63.806306044732864,22965700,-0.00014229627416617596,MSFT,493,1230,45.220001220703125,42.7400016784668,1.0
2017-06-23,64.412353515625,64.44853597799015,63.24549498347055,63.39926527269812,27617300,0.01352127037816886,MSFT,492,1229,45.540000915527344,43.0099983215332,1.0
2017-06-26,63.79725646972656,64.86461480527998,63.715851116697834,64.58420938782803,19607000,-0.009549364560157425,MSFT,489,1226,45.83000183105469,43.380001068115234,1.0
2017-06-27,62.60325622558594,63.480661741582146,62.576121110839225,63.417344173474035,25215100,-0.018715542175504196,MSFT,488,1225,46.650001525878906,44.2400016784668,1.0
2017-06-28,63.1369514465332,63.173127006051196,62.22336329398266,62.603268778810076,25806200,0.008525039321024108,MSFT,487,1224,47.310001373291016,44.7400016784668,1.0
2017-06-29,61.9520149230957,62.85655597807313,61.59019712088462,62.75705590993757,28918700,-0.018767718369185893,MSFT,486,1223,47.41999816894531,44.93000030517578,1.0
2017-06-30,62.349979400634766,62.75701988125322,62.178114490504186,62.21429694006308,24161100,0.006423753578202129,MSFT,485,1222,47.91999816894531,46.040000915527344,1.0
2017-07-03,61.66254806518555,62.95604175624597,61.52686555751646,62.711818763320835,16165500,-0.011025365879146043,MSFT,482,1219,49.68000030517578,47.06999969482422,1.0
2017-07-05,62.48567581176758,62.811311029402354,61.70777022531763,61.74395268295462,21176300,0.013348909060843184,MSFT,480,1217,47.790000915527344,45.130001068115234,1.0
2017-07-06,62.02437210083008,62.21432487046891,61.61733143747539,61.75300705786048,21117600,-0.007382551359885081,MSFT,479,1216,48.11000061035156,45.52000045776367,1.0
2017-07-07,62.829402923583984,63.17312594200524,62.14194998564286,62.14194998564286,16878300,0.012979265980237686,MSFT,478,1215,46.709999084472656,44.22999954223633,1.0
2017-07-10,63.299766540527344,63.543989513562344,62.594218938329504,62.82940147239545,15014500,0.0074863614017697255,MSFT,475,1212,46.880001068115234,44.400001525878906,1.0
2017-07-11,63.308841705322266,63.93297739145703,63.0917537323154,63.31788905035237,17460000,0.00014336806106718392,MSFT,474,1211,47.52000045776367,45.040000915527344,1.0
2017-07-12,64.35809326171875,64.47568110683213,63.81537004420302,63.942005231586684,17750900,0.016573538989709258,MSFT,473,1210,47.7400016784668,45.4900016784668,1.0
2017-07-13,64.91889953613281,65.16312945194836,64.50281153629481,64.6746765214169,20269800,0.00871384228450478,MSFT,472,1209,48.41999816894531,46.08000183105469,1.0
2017-07-14,65.83250427246094,66.27572750688176,65.090780800101,65.34405121977005,25868100,0.014073016376681347,MSFT,471,1208,48.90999984741211,46.540000915527344,1.0
2017-07-17,66.34806823730469,66.4385209397264,65.77821000105895,65.85057492343586,21803900,0.007831449988747075,MSFT,468,1205,48.41999816894531,46.02000045776367,1.0
2017-07-18,66.30284118652344,66.3842465432779,65.72393564594154,66.11288155189958,26435300,-0.0006816634151198819,MSFT,467,1204,48.84000015258789,46.400001525878906,1.0
2017-07-19,66.80939483642578,66.97221248278092,66.43852973596697,66.48375954371552,22416200,0.007639999143887355,MSFT,466,1203,49.70000076293945,47.119998931884766,1.0
2017-07-20,67.13504028320312,67.20740522610599,66.28476945684649,67.0988578117517,42361000,0.00487424631782174,MSFT,465,1202,49.29999923706055,46.790000915527344,1.0
2017-07-21,66.74604034423828,67.19831056727736,66.1852227832753,66.43849300400183,46717100,-0.0057942906911783165,MSFT,464,1201,48.060001373291016,45.77000045776367,1.0
2017-07-24,66.57422637939453,66.70990893032051,66.14909094034036,66.5109087757759,21394800,-0.002574144682705226,MSFT,461,1198,48.599998474121094,46.34000015258789,1.0
2017-07-25,67.10789489746094,67.21643539412405,66.48375943724913,66.75512448110636,22018700,0.008016142989407449,MSFT,460,1197,50.20000076293945,47.88999938964844,1.0
2017-07-26,66.98124694824219,67.27974015826187,66.7641521941026,67.24355769923861,16252200,-0.001887228759183457,MSFT,459,1196,50.970001220703125,48.75,1.0
2017-07-27,66.17618560791016,67.31590165733002,65.41636800720063,66.71890852207622,36844200,-0.012019205031433944,MSFT,458,1195,51.4900016784668,49.040000915527344,1.0
2017-07-28,66.06767272949219,66.31189575288457,65.61540224823972,65.7329900889694,18306700,-0.001639757224160654,MSFT,457,1194,52.52000045776367,49.709999084472656,1.0
2017-07-31,65.76011657714844,66.42948177028379,65.49780580544015,66.30284660425255,23600100,-0.004655168551237043,MSFT,454,1191,52.650001525878906,50.16999816894531,1.0
2017-08-01,65.65160369873047,66.41141501441419,65.57019139999186,66.12196209875822,22132300,-0.0016501320871392666,MSFT,453,1190,52.630001068115234,49.15999984741211,1.0
2017-08-02,65.36213684082031,65.63349500949516,64.62041347134841,65.62445456797627,26499200,-0.004409136130756108,MSFT,452,1189,52.36000061035156,49.59000015258789,1.0
2017-08-03,65.26261138916016,65.52492901427861,64.99124642494169,65.29879384446247,18214400,-0.001522677447075127,MSFT,451,1188,52.0099983215332,49.029998779296875,1.0
2017-08-04,65.74205017089844,66.06768553259231,65.34404986191677,65.48877975649236,22579000,0.007346300914613968,MSFT,450,1187,52.41999816894531,49.58000183105469,1.0
2017-08-07,65.48876953125,65.9410400295306,65.36213434381945,65.8505873100945,18705700,-0.0038526428517215994,MSFT,447,1184,52.369998931884766,49.38999938964844,1.0
2017-08-08,65.84153747558594,66.14907809024764,64.90081404663856,65.20835466130028,22044600,0.005386693731779468,MSFT,446,1183,52.13999938964844,49.16999816894531,1.0
2017-08-09,65.55207061767578,65.5882530765588,65.17216515105171,65.35307054436839,22213400,-0.004396417049305601,MSFT,445,1182,52.70000076293945,49.560001373291016,1.0
2017-08-10,64.59329223632812,65.29883328816027,64.53901507003974,65.036515504589,24734500,-0.014626210466174405,MSFT,444,1181,51.900001525878906,48.59000015258789,1.0
2017-08-11,65.5792007446289,65.76010612417494,64.47565998654363,64.77416007378267,21443700,0.015263326487425788,MSFT,443,1180,52.099998474121094,48.81999969482422,1.0
2017-08-14,66.56517028808594,66.68276503728205,65.98626458790609,66.08576465210265,20096600,0.0150347904863386,MSFT,440,1177,50.72999954223633,47.59000015258789,1.0
2017-08-15,66.58336639404297,66.91982528561611,66.41968125240479,66.91982528561611,19181400,0.00027335776169845616,MSFT,439,1176,50.79999923706055,47.54999923706055,1.0
2017-08-16,66.97438049316406,67.3835898103118,66.5378845420544,66.69247411183308,18150400,0.00587254926113312,MSFT,438,1175,50.27000045776367,46.779998779296875,1.0
2017-08-17,65.83768463134766,67.17444533212961,65.83768463134766,66.91073002250401,22977500,-0.016972099681197172,MSFT,437,1174,51.029998779296875,47.09000015258789,1.0
2017-08-18,65.91952514648438,66.23779985880283,65.41028560677485,65.71946477363609,18761500,0.0012430649041650366,MSFT,436,1173,52.720001220703125,48.5099983215332,1.0
2017-08-21,65.6103286743164,65.9104191544373,65.20111249109704,65.90132361137913,17734800,-0.004690514251746825,MSFT,433,1170,51.65999984741211,47.369998931884766,1.0
2017-08-22,66.52876281738281,66.6015063247997,65.79217670017309,65.79217670017309,14343700,0.013998316448396775,MSFT,432,1169,51.869998931884766,47.63999938964844,1.0
2017-08-23,66.12865447998047,66.51967952302131,65.95587387509607,66.34689891813692,13766500,-0.006014065502775279,MSFT,431,1168,52.56999969482422,48.40999984741211,1.0
2017-08-24,66.10139465332031,66.2559842210515,65.53758883599355,66.14685850025248,17098300,-0.0004122241239371549,MSFT,430,1167,52.040000915527344,47.43000030517578,1.0
2017-08-25,66.21961212158203,66.70157193670197,65.91043297145528,66.25598736357365,12794300,0.0017884262333909273,MSFT,429,1166,52.40999984741211,47.869998931884766,1.0
2017-08-28,66.22869110107422,66.46511970808093,65.97407140868772,66.43784001787758,14569700,0.0001371040874644791,MSFT,426,1163,51.88999938964844,46.56999969482422,1.0
2017-08-29,66.42877960205078,66.52880980048839,65.51941920743198,65.70128851120805,11478400,0.0030211755305749044,MSFT,425,1162,52.0,46.439998626708984,1.0
2017-08-30,67.3017349243164,67.48360414749914,66.22868985665959,66.39237493267049,16897800,0.013141221733940611,MSFT,424,1161,50.86000061035156,45.959999084472656,1.0
2017-08-31,67.99287414550781,68.16565484185512,67.1108003841482,67.31994939121878,27652800,0.010269263072766543,MSFT,423,1160,52.380001068115234,47.22999954223633,1.0
2017-09-01,67.23810577392578,67.96558988335822,66.96529489672061,67.93831018321147,21736200,-0.011100698140319665,MSFT,422,1159,52.31999969482422,47.290000915527344,1.0
2017-09-05,66.93799591064453,67.19261562247922,66.36510155901647,66.69246480432764,21556000,-0.004463389618534319,MSFT,418,1155,53.380001068115234,48.65999984741211,1.0
2017-09-06,66.74702453613281,67.32901437367953,66.70155376156637,67.05620360201307,16535800,-0.0028529592485356803,MSFT,417,1154,54.20000076293945,49.15999984741211,1.0
2017-09-07,67.6018295288086,67.83826510799115,66.92890496729993,67.00165544364337,17471200,0.01280663817775185,MSFT,416,1153,54.4900016784668,49.09000015258789,1.0
2017-09-08,67.27446746826172,67.69277230794223,67.1471506634423,67.59274213564174,14703800,-0.004842502974085505,MSFT,415,1152,53.779998779296875,47.47999954223633,1.0
2017-09-11,67.98377990722656,68.14746504340413,67.5745635978483,67.5745635978483,17910400,0.010543560813758734,MSFT,412,1149,53.84000015258789,48.06999969482422,1.0
2017-09-12,67.9110107421875,68.42025016454758,67.62911133879057,67.98376121334374,14394900,-0.0010703901009676553,MSFT,411,1148,54.27000045776367,48.22999954223633,1.0
2017-09-13,68.39297485351562,68.41116594140338,67.79280077269709,68.13835512602489,13380800,0.007096995112586768,MSFT,410,1147,55.15999984741211,49.29999923706055,1.0
2017-09-14,67.99287414550781,68.64761474443519,67.76553404520632,68.20203009044766,15733900,-0.005850026393277252,MSFT,409,1146,55.470001220703125,49.88999938964844,1.0
2017-09-15,68.4839096069336,68.55666008288568,67.35630498114519,68.04742062695554,38578400,0.007221866520525921,MSFT,408,1145,55.619998931884766,49.88999938964844,1.0
2017-09-18,68.34751892089844,69.08409849466683,68.23839319454207,68.41117386013931,23307000,-0.001991572718584189,MSFT,405,1142,55.47999954223633,49.90999984741211,1.0
2017-09-19,68.60213470458984,68.84765890233646,68.21110954679514,68.39297880898762,16093300,0.0037253112872477345,MSFT,404,1141,55.13999938964844,49.47999954223633,1.0
2017-09-20,68.14744567871094,68.70215587491644,67.57454439595003,68.52027969869603,21587900,-0.006627913662408003,MSFT,403,1140,56.290000915527344,50.40999984741211,1.0
2017-09-21,67.4836196899414,68.42025958699966,67.3926850574065,68.30204525849106,19186100,-0.00974102524545406,MSFT,402,1139,56.43000030517578,50.54999923706055,1.0
2017-09-22,67.6655044555664,67.75643909960858,67.15625796076671,67.28356784999949,14111400,0.002695243178428841,MSFT,401,1138,56.86000061035156,50.65999984741211,1.0
2017-09-25,66.6197280883789,67.51999271531352,66.3105420224628,67.3744917577371,24149200,-0.015455088609798606,MSFT,398,1135,59.02000045776367,52.220001220703125,1.0
2017-09-26,66.6197280883789,67.1198720198459,66.37419695693559,66.9925621509003,18019600,0.0,MSFT,397,1134,58.439998626708984,51.880001068115234,1.0
2017-09-27,67.15626525878906,67.44726031406827,66.53789989908707,66.88346129701632,19565100,0.008053728014296047,MSFT,396,1133,57.900001525878906,52.13999938964844,1.0
2017-09-28,67.17440795898438,67.26534254739816,66.66516177571124,66.87431757314091,10883800,0.00027015647944983456,MSFT,395,1132,57.40999984741211,51.560001373291016,1.0
2017-09-29,67.73825073242188,67.78372152520605,67.18354036222568,67.23810670114048,17079100,0.008393714073100078,MSFT,394,1131,57.540000915527344,51.66999816894531,1.0
2017-10-02,67.84735870361328,68.21110413701746,67.5654592882119,67.93829332749755,15304800,0.0016107290934099794,MSFT,391,1128,56.119998931884766,50.58000183105469,1.0
2017-10-03,67.52908325195312,68.09288207608394,67.46542832220071,67.9019172868267,12190400,-0.004691051468201146,MSFT,390,1127,56.0,50.41999816894531,1.0
2017-10-04,67.92011260986328,67.9473923046203,67.02893659988536,67.37449096325325,13317700,0.005790532598394904,MSFT,389,1126,55.79999923706055,49.97999954223633,1.0
2017-10-05,69.08409881591797,69.22050424003073,68.16564302728467,68.40207863322225,21195300,0.01713757768248536,MSFT,388,1125,57.0,50.790000915527344,1.0
2017-10-06,69.11138153076172,69.13866122920176,68.69307663298815,68.81129097218447,13959800,0.0003949203262598733,MSFT,387,1124,55.619998931884766,49.290000915527344,1.0
2017-10-09,69.37508392333984,69.61151949556127,68.98405879684046,69.0840889644008,11386500,0.0038156145447729717,MSFT,384,1121,55.790000915527344,49.58000183105469,1.0
2017-10-10,69.37508392333984,69.68426303189572,69.23867851867874,69.4114591604406,13944500,0.0,MSFT,383,1120,56.61000061035156,50.91999816894531,1.0
2017-10-11,69.49330139160156,69.52967663035172,69.06590100862151,69.43874200241004,15388900,0.0017040335171680798,MSFT,382,1119,56.939998626708984,51.29999923706055,1.0
2017-10-12,70.12984466552734,70.28443419816435,69.44782467556466,69.55694343372438,16876500,0.009159778873344848,MSFT,381,1118,56.25,50.599998474121094,1.0
2017-10-13,70.46630859375,70.81186985426872,70.28443935822081,70.55724321151459,15335700,0.004797728125983447,MSFT,380,1117,57.16999816894531,51.45000076293945,1.0
2017-10-16,70.61181640625,70.7573104212633,70.33900558853253,70.40266052095097,12380100,0.002064927415722506,MSFT,377,1114,57.81999969482422,51.869998931884766,1.0
2017-10-17,70.55725860595703,70.58454524131986,70.24807945052623,70.44813981597822,16824000,-0.0007726440568966986,MSFT,376,1113,57.880001068115234,51.880001068115234,1.0
2017-10-18,70.57544708251953,70.79369159226285,70.35720257277622,70.6300064754884,13300700,0.00025778320929492615,MSFT,375,1112,58.150001525878906,52.040000915527344,1.0
2017-10-19,70.84822845458984,70.86641259872668,70.33898222651342,70.53904250134363,15092800,0.0038651029975249607,MSFT,374,1111,57.22999954223633,51.290000915527344,1.0
2017-10-20,71.66665649414062,71.81215741845764,71.13013744591997,71.22107205468514,22866400,0.011551849035651651,MSFT,373,1110,57.75,51.470001220703125,1.0
2017-10-23,71.68488311767578,72.14865193365961,71.62122816619548,71.83037717625814,20627200,0.00025432501565969545,MSFT,370,1107,57.369998931884766,51.900001525878906,1.0
2017-10-24,71.71212005615234,72.02129908243634,71.34837471980363,71.74849528357373,17517200,0.00037995372653187864,MSFT,369,1106,58.33000183105469,52.470001220703125,1.0
2017-10-25,71.50299072265625,71.93039113086512,70.93919183341715,71.45752687493544,20410800,-0.002916234150271091,MSFT,368,1105,58.439998626708984,52.18000030517578,1.0
2017-10-26,71.62122344970703,72.2213976758736,71.61212790356042,72.02133728786177,32120700,0.0016535354095799093,MSFT,367,1104,59.29999923706055,52.63999938964844,1.0
2017-10-27,76.21346282958984,78.38683277293542,76.03159359650425,76.72270917038927,71066700,0.0641184157250192,MSFT,366,1103,60.439998626708984,53.900001525878906,1.0
2017-10-30,76.28620147705078,76.68632205327829,75.57690186491325,76.11342087588609,31756700,0.0009544068037372622,MSFT,363,1100,60.900001525878906,54.150001525878906,1.0
2017-10-31,75.64059448242188,76.71363997707766,75.57693953519097,76.71363997707766,27086600,-0.008462958990337555,MSFT,362,1099,61.369998931884766,54.380001068115234,1.0
2017-11-01,75.64059448242188,76.16802515254584,75.3677836012215,76.09527465917655,22307400,0.0,MSFT,361,1098,61.290000915527344,54.29999923706055,1.0
2017-11-02,76.43171691894531,76.80455094122433,75.58601177345048,75.79516070505738,23992900,0.01045896640470323,MSFT,360,1097,60.619998931884766,54.540000915527344,1.0
2017-11-03,76.51356506347656,76.87731052339858,75.84064047223477,76.45900567274191,17633500,0.0010708662297622684,MSFT,359,1096,62.06999969482422,55.63999938964844,1.0
2017-11-06,76.81364440917969,77.02279333513573,76.45899454528328,76.56811331087196,19860900,0.00392191038875489,MSFT,356,1093,64.2699966430664,57.349998474121094,1.0
2017-11-07,76.63179779052734,77.20469928227915,76.32261858496608,77.08647799014281,17939700,-0.0023673739223160073,MSFT,355,1092,63.689998626708984,57.20000076293945,1.0
2017-11-08,76.89546966552734,76.94094043492942,76.23164083459523,76.51354017886513,18034200,0.0034407632680202305,MSFT,354,1091,63.4900016784668,56.810001373291016,1.0
2017-11-09,76.46808624267578,76.6317713355444,75.38595245891861,76.48627732958722,21178400,-0.005557979224401044,MSFT,353,1090,63.93000030517578,57.16999816894531,1.0
2017-11-10,76.2680435180664,76.4771924817301,75.68605353711064,76.19529303597997,19397800,-0.0026160289140038095,MSFT,352,1089,63.52000045776367,56.7400016784668,1.0
2017-11-13,76.32260131835938,76.33169686289737,75.89520091735336,76.07707711877491,14196900,0.000715342858900625,MSFT,349,1086,63.15999984741211,56.7599983215332,1.0
2017-11-14,76.43171691894531,76.4771807598801,75.45870191824625,75.93156610359527,18801300,0.0014296630185701709,MSFT,348,1085,62.209999084472656,55.70000076293945,1.0
2017-11-15,75.83768463134766,76.4865721280759,75.57264489785953,76.28550702179449,19383100,-0.0077720652046534555,MSFT,347,1084,61.869998931884766,55.33000183105469,1.0
2017-11-16,76.03872680664062,76.23979187072446,75.80111079700515,75.9473354973416,20962800,0.0026509534971992377,MSFT,346,1083,61.36000061035156,55.13999938964844,1.0
2017-11-17,75.30758666992188,75.96561522970923,75.16135500209815,75.96561522970923,22079000,-0.00961536532006868,MSFT,345,1082,62.720001220703125,56.54999923706055,1.0
2017-11-20,75.4263687133789,75.48120208358768,75.17047035546156,75.3075607536908,16315000,0.0015772918600838182,MSFT,342,1079,62.220001220703125,56.09000015258789,1.0
2017-11-21,76.51398468017578,76.62365147931946,75.6183329751398,75.6183329751398,21237500,0.014419572164872774,MSFT,341,1078,62.56999969482422,56.83000183105469,1.0
2017-11-22,75.95649719238281,76.67850058405116,75.89252256135964,76.614525953028,20553100,-0.007286086198794006,MSFT,340,1077,63.31999969482422,58.02000045776367,1.0
2017-11-24,76.09358978271484,76.24895575196346,75.65490160592297,75.86510795521558,7425600,0.0018048829974979252,MSFT,338,1075,63.86000061035156,58.95000076293945,1.0
2017-11-27,76.65106201171875,76.75159454217378,76.13012388695623,76.13925813684499,18265200,0.007326139174085089,MSFT,335,1072,63.84000015258789,58.11000061035156,1.0
2017-11-28,77.57412719726562,77.73863434878642,76.78814935918963,76.83384850177714,21926000,0.012042431785299401,MSFT,334,1071,63.61000061035156,57.9900016784668,1.0
2017-11-29,76.16666412353516,77.61067029186515,76.02043944606478,77.41874648053656,27381100,-0.018143459998607336,MSFT,333,1070,63.11000061035156,57.29999923706055,1.0
2017-11-30,76.92523956298828,77.24511264192556,76.16667842385833,76.32205132452229,33054600,0.009959415292532636,MSFT,332,1069,63.56999969482422,57.400001525878906,1.0
2017-12-01,77.00749969482422,77.51015541813311,76.05701467043977,76.40430445960102,29532100,0.001069351649773953,MSFT,331,1068,63.4900016784668,58.36000061035156,1.0
2017-12-04,74.1012191772461,77.16287390798401,73.75392237811198,77.1537326836091,39094900,-0.03774022697913226,MSFT,328,1065,62.45000076293945,57.470001220703125,1.0
2017-12-05,74.56731414794922,75.56349838497826,74.00982499142694,74.33883235638515,26152300,0.006289977086453291,MSFT,327,1064,62.86000061035156,57.619998931884766,1.0
2017-12-06,75.65487670898438,75.98389099012638,74.42107664105671,74.53075039234062,26162100,0.014584976989748144,MSFT,326,1063,61.220001220703125,55.959999084472656,1.0
2017-12-07,75.38983154296875,75.67315363661797,74.94200929345183,75.43553067918259,23184500,-0.003503345422597892,MSFT,325,1062,62.20000076293945,56.689998626708984,1.0
2017-12-08,76.91610717773438,77.29995488176667,76.1575460202108,76.431719963358,24489100,0.020245112683342725,MSFT,324,1061,63.400001525878906,57.36000061035156,1.0
2017-12-11,77.89401245117188,78.02196169170824,76.87955277784019,77.03491871667569,22857900,0.012713920520935895,MSFT,321,1058,64.69000244140625,57.9900016784668,1.0
2017-12-12,78.2138900756836,78.64343696777271,77.7569264837098,77.96712583129955,23924100,0.004106575260996337,MSFT,320,1057,63.34000015258789,57.13999938964844,1.0
2017-12-13,78.00369262695312,78.59774675862464,77.83918543622427,78.36012371141366,22062700,-0.0026874695597811638,MSFT,319,1056,62.439998626708984,56.599998474121094,1.0
2017-12-14,77.40048217773438,78.4789163489185,77.25425050645727,78.07678622561633,19306000,-0.007733101202061832,MSFT,318,1055,63.310001373291016,57.040000915527344,1.0
2017-12-15,79.37457275390625,79.59391332078297,77.57413512621213,77.92143191087042,53936700,0.025504887316319058,MSFT,317,1054,63.22999954223633,57.29999923706055,1.0
2017-12-18,78.94501495361328,79.96861574532907,78.80793147621782,79.62132598141065,22283800,-0.005411780944317934,MSFT,314,1051,63.40999984741211,57.15999984741211,1.0
2017-12-19,78.44237518310547,78.9176142708275,77.93057119704557,78.9176142708275,23524800,-0.0063669602292577565,MSFT,313,1050,63.79999923706055,57.459999084472656,1.0
2017-12-20,78.15902709960938,78.87189595400406,77.41874852596798,78.78049768387285,23674900,-0.003612181334829323,MSFT,312,1049,64.55999755859375,58.09000015258789,1.0
2017-12-21,78.14075469970703,78.68910947849645,78.04936339869369,78.64341731434443,17990700,-0.00023378489446979067,MSFT,311,1048,64.9000015258789,58.36000061035156,1.0
2017-12-22,78.14990234375,78.25956912489438,77.61068176985384,78.04936981256105,14145800,0.00011706623615448386,MSFT,310,1047,65.25,58.470001220703125,1.0
2017-12-26,78.04938507080078,78.16819309783683,77.7112294931749,77.96712799615179,9891200,-0.0012862111139574361,MSFT,306,1043,67.0199966430664,59.970001220703125,1.0
2017-12-27,78.33267211914062,78.5794362816814,77.8848498998928,78.27783873755767,14678000,0.003629587191274597,MSFT,305,1042,66.44000244140625,59.63999938964844,1.0
2017-12-28,78.34185028076172,78.53377417950847,78.1864843112113,78.50635747578923,10594300,0.00011716900972214006,MSFT,304,1041,66.72000122070312,59.84000015258789,1.0
2017-12-29,78.17733001708984,78.64343482053593,78.14077209400477,78.2595801144981,18717400,-0.0021000303551966804,MSFT,303,1040,66.5999984741211,60.41999816894531,1.0
2018-01-02,78.5520248413086,78.88103912742021,78.14076047002398,78.71653198436441,22483800,0.004792883360647426,MSFT,299,1036,66.56999969482422,60.369998931884766,1.0
2018-01-03,78.91761779785156,79.06384950689309,78.57032794794543,78.65257805474754,26061400,0.004654150638147669,MSFT,298,1035,67.83999633789062,61.630001068115234,1.0
2018-01-04,79.6121826171875,80.11484526314953,79.11866119370926,79.13693666596708,21912000,0.008801137676444748,MSFT,297,1034,68.06999969482422,62.0099983215332,1.0
2018-01-05,80.5992202758789,80.80028532132093,79.90463383872718,80.11484010606456,23407100,0.01239807308684826,MSFT,296,1033,67.62000274658203,61.439998626708984,1.0
2018-01-08,80.68147277832031,80.95565366174243,80.06000215224509,80.60835694637981,22113000,0.0010205123841131591,MSFT,293,1030,67.77999877929688,61.72999954223633,1.0
2018-01-09,80.62665557861328,81.09276038492972,80.29764124153238,81.01964453830931,19484300,-0.0006794273557405583,MSFT,292,1029,68.81999969482422,62.959999084472656,1.0
2018-01-10,80.26109313964844,80.5992487421142,79.8863865821107,80.29765106743217,18652200,-0.004534014667251229,MSFT,291,1028,69.19999694824219,63.56999969482422,1.0
2018-01-11,80.49869537353516,80.54438754191877,79.73099303396495,80.54438754191877,17808900,0.0029603662819954746,MSFT,290,1027,69.26000213623047,63.79999923706055,1.0
2018-01-12,81.88785552978516,82.05236266412187,80.83683811445111,81.03790316449704,24271500,0.017256927578812586,MSFT,289,1026,69.87000274658203,64.30000305175781,1.0
2018-01-16,80.74546813964844,82.97545277797236,80.43473623310759,82.34484076766014,36599700,-0.013950632639551763,MSFT,285,1022,69.1500015258789,63.72999954223633,1.0
2018-01-17,82.38139343261719,82.5093426768711,81.11103524130267,81.41263287677727,25621200,0.020260273804338258,MSFT,284,1021,69.37999725341797,63.970001220703125,1.0
2018-01-18,82.3448257446289,82.86576388380405,81.9427025843932,82.07065181347411,24159700,-0.00044388285345275946,MSFT,283,1020,69.30999755859375,63.95000076293945,1.0
2018-01-19,82.25343322753906,82.8109292772314,81.9427013822469,82.38138245474288,36875000,-0.001109875651121972,MSFT,282,1019,68.61000061035156,63.369998931884766,1.0
2018-01-22,83.7248764038086,83.73401762871953,82.01582992646722,82.25345296517028,23601600,0.017889139924397446,MSFT,279,1016,69.02999877929688,63.4900016784668,1.0
2018-01-23,83.98988342285156,84.35545557703777,83.66086918135485,83.98988342285156,23412800,0.0031652124246184243,MSFT,278,1015,69.95999908447266,64.47000122070312,1.0
2018-01-24,83.91680145263672,85.38822491164933,83.69746086071838,84.58397142614095,33277500,-0.0008701282492191709,MSFT,277,1014,70.52999877929688,65.61000061035156,1.0
2018-01-25,84.38288879394531,85.21455880920227,84.01731656816533,84.51083802706177,26383200,0.0055541599922830365,MSFT,276,1013,70.41999816894531,65.51000213623047,1.0
2018-01-26,85.96398162841797,85.96398162841797,84.61137341201811,85.10489488752957,29172200,0.01873712617653478,MSFT,275,1012,70.5199966430664,66.13999938964844,1.0
2018-01-29,85.83602142333984,87.23432860559907,85.65323881400633,86.95101346931925,31569900,-0.001488532786106167,MSFT,272,1009,69.45999908447266,65.55999755859375,1.0
2018-01-30,84.75759887695312,85.59841712384056,84.17268607989872,85.26940280390865,38635100,-0.012563752705498588,MSFT,271,1008,69.0199966430664,64.5,1.0
2018-01-31,86.83220672607422,87.1886377003251,85.46131621812165,85.68065674703534,48756300,0.024476954003061158,MSFT,270,1007,69.05000305175781,64.7300033569336,-1.0
2018-02-01,86.14676666259766,87.80097241059556,85.52529598263936,86.63114688895881,47227900,-0.007893845950948664,MSFT,269,1006,69.08000183105469,65.80000305175781,1.0
2018-02-02,83.88021850585938,85.88172085666305,83.6243200628307,85.58012327478943,47867800,-0.026310310236197787,MSFT,268,1005,68.58000183105469,65.44999694824219,1.0
2018-02-05,80.42559814453125,85.21457499077819,80.42559814453125,82.76524967746809,51031500,-0.04118516168489483,MSFT,265,1002,67.62000274658203,64.1500015258789,1.0
2018-02-06,83.46897888183594,83.60606936628584,77.91229943079856,79.41113958930431,67998600,0.03784094625986478,MSFT,264,1001,66.86000061035156,63.38999938964844,1.0
2018-02-07,81.89701843261719,83.8710975945494,81.52230492693138,82.70127187300271,41107600,-0.018832870250445,MSFT,263,1000,65.51000213623047,61.790000915527344,1.0
2018-02-08,77.69293975830078,82.14375998833124,77.46445799790217,81.98839406471059,55628700,-0.05133372074803211,MSFT,262,999,64.80999755859375,61.150001525878906,1.0
2018-02-09,80.59012603759766,81.27557165246516,76.61454286590879,78.87194487317325,63499100,0.03729021309156133,MSFT,261,998,62.790000915527344,59.20000076293945,1.0
2018-02-12,81.45832061767578,82.05237463235815,80.36161087727021,81.10188960340845,35720300,0.010772964664096607,MSFT,258,995,62.59000015258789,59.290000915527344,1.0
2018-02-13,82.09807586669922,82.25344180554804,80.24280490605223,81.27554005410161,26407700,0.007853774104012334,MSFT,257,994,62.720001220703125,59.189998626708984,1.0
2018-02-14,83.38356018066406,83.54884006925208,81.17983767344114,81.27165827699827,34960900,0.015657910376024597,MSFT,256,993,64.36000061035156,60.599998474121094,1.0
2018-02-15,85.08228302001953,85.13737398763269,83.20911306107021,83.7508595905031,27823900,0.020372395178077207,MSFT,255,992,64.33000183105469,61.34000015258789,1.0
2018-02-16,84.47624206542969,85.85357209910516,84.29260086312475,84.8894382733472,30596900,-0.007122998268008884,MSFT,254,991,64.83999633789062,61.68000030517578,1.0
2018-02-20,85.13739776611328,85.44958934373325,83.56724170142667,83.99880641616726,30911700,0.007826528317529835,MSFT,250,987,65.25,61.900001525878906,1.0
2018-02-21,84.0079574584961,85.72503161796926,84.0079574584961,85.37611049167286,26922500,-0.013266089136526715,MSFT,249,986,65.41999816894531,61.68000030517578,1.0
2018-02-22,84.22836303710938,85.146583466137,83.88861895640142,84.52219329417957,24392800,0.0026236273953235134,MSFT,248,985,66.38999938964844,62.77000045776367,1.0
2018-02-23,86.36779022216797,86.376974385746,84.80681867618591,85.94540976861359,26329200,0.02540031775419882,MSFT,247,984,67.30999755859375,63.54999923706055,1.0
2018-02-26,87.6165542602539,87.6440997404933,86.54223849813982,86.67997290479974,30199800,0.01445867764908293,MSFT,244,981,67.5,63.90999984741211,1.0
2018-02-27,86.496337890625,88.00221842080582,86.496337890625,87.910397804178,25869100,-0.012785441964556665,MSFT,243,980,66.62999725341797,63.0099983215332,1.0
2018-02-28,86.10149383544922,87.88284303273372,85.97294358466202,87.08398904101615,31167300,-0.0045648644185961595,MSFT,242,979,65.77999877929688,61.63999938964844,1.0
2018-03-01,85.25674438476562,86.83608425363856,84.32934001888759,86.30351485497877,37135600,-0.009811089367369408,MSFT,241,978,65.70999908447266,60.9900016784668,1.0
2018-03-02,85.44036865234375,85.53218924571681,83.42946473180112,84.09058421282677,32830400,0.0021537799607902475,MSFT,240,977,64.37000274658203,61.25,1.0
2018-03-05,85.98212432861328,86.5606004341573,84.71498319031842,84.78843546965997,23901600,0.006340746005836229,MSFT,237,974,65.54000091552734,62.56999969482422,1.0
2018-03-06,85.6883316040039,86.76264784280072,85.3394103570475,86.6249133750269,22175800,-0.0034169046985456086,MSFT,236,973,65.79000091552734,62.599998474121094,1.0
2018-03-07,86.18414306640625,86.25760235905867,84.87108798346519,85.54139176935695,26716100,0.005786219116666436,MSFT,235,972,64.33999633789062,61.150001525878906,1.0
2018-03-08,86.70752716064453,87.32273296646538,86.10149851219036,86.56060857721432,25887800,0.0060728583660105695,MSFT,234,971,63.61000061035156,60.119998931884766,1.0
2018-03-09,88.64498138427734,88.64498138427734,87.23092139676874,87.49720610274092,36937300,0.02234470624497531,MSFT,233,970,65.48999786376953,62.040000915527344,1.0
2018-03-12,88.85616302490234,89.26018214261666,88.18586622192792,88.60824666069108,26073700,0.002382330475196648,MSFT,230,967,64.94999694824219,61.36000061035156,1.0
2018-03-13,86.68914794921875,89.28770505680215,86.28512893363225,89.06733423260141,35387800,-0.024387898395705876,MSFT,229,966,64.63999938964844,60.709999084472656,1.0
2018-03-14,86.17495727539062,87.60738543319553,85.85358163293759,87.34110075645913,32132000,-0.0059314307037523495,MSFT,228,965,64.88999938964844,60.959999084472656,1.0
2018-03-15,86.47794342041016,86.84523275159455,85.23834805744148,85.88109913291818,27611000,0.0035159419232582145,MSFT,227,964,65.12000274658203,61.189998626708984,1.0
2018-03-16,86.86363220214844,87.57984285939811,86.2392421666423,86.93709150172901,49081300,0.004459967090836958,MSFT,226,963,66.20999908447266,62.34000015258789,1.0
2018-03-19,85.2934799194336,86.22088434930981,84.57726923307035,86.07396574417649,33344100,-0.018076060635604074,MSFT,223,960,66.05000305175781,62.060001373291016,1.0
2018-03-20,85.51384735107422,86.10150773682784,85.3944812433464,85.4403950569533,23075200,0.00258363748142032,MSFT,222,959,67.41999816894531,63.400001525878906,1.0
2018-03-21,84.91700744628906,86.35861288461828,84.669084068447,85.33020373540688,24457100,-0.006979453308127437,MSFT,221,958,69.47000122070312,65.16999816894531,1.0
2018-03-22,82.44701385498047,84.24672507032273,82.32764772017283,83.80597617828549,38604700,-0.02908714832974879,MSFT,220,957,68.91000366210938,64.30000305175781,1.0
2018-03-23,80.05042266845703,83.06218325248572,79.95860206635135,82.18069286243802,44068900,-0.029068259412510677,MSFT,219,956,70.44999694824219,65.87999725341797,1.0
2018-03-26,86.11068725585938,86.31269681609042,83.00710557316275,83.19993097007492,56396800,0.07570559136835553,MSFT,216,953,70.12000274658203,65.55000305175781,1.0
2018-03-27,82.15316009521484,87.35946680089926,81.27166956876013,87.17582556827018,56569000,-0.045958606147058045,MSFT,215,952,70.11000061035156,65.25,1.0
2018-03-28,82.07969665527344,83.76922533309502,81.6022252712699,82.4745315904059,52501100,-0.0008942253694960156,MSFT,214,951,69.52999877929688,64.37999725341797,1.0
2018-03-29,83.80597686767578,84.74256564390957,81.17068867607016,82.80511994602657,45867500,0.021031756728494555,MSFT,213,950,70.2699966430664,64.94000244140625,1.0
2018-04-02,81.28084564208984,83.44784578442716,80.3534483225835,83.07137916092131,48515400,-0.030130681843527185,MSFT,209,946,67.63999938964844,63.0099983215332,1.0
2018-04-03,82.37355041503906,82.68574899074193,80.702389584062,82.254184286207,37213800,0.013443570429382712,MSFT,208,945,68.12000274658203,63.5099983215332,1.0
2018-04-04,84.77928161621094,85.17411662373384,80.55546965544389,80.66565160747314,35560000,0.02920514156608034,MSFT,207,944,68.0199966430664,63.369998931884766,1.0
2018-04-05,84.8251724243164,85.45874655081184,83.92532062701059,84.88027039540096,29771900,0.0005412974400185178,MSFT,206,943,68.33000183105469,63.540000915527344,1.0
2018-04-06,82.85099792480469,84.89862470659473,82.16233288954147,84.00795014011355,38026000,-0.023273451065167428,MSFT,205,942,67.11000061035156,62.060001373291016,1.0
2018-04-09,83.3468246459961,85.55055400289072,83.20909725312848,83.59474796408284,31533900,0.005984559433326542,MSFT,202,939,68.6500015258789,63.41999816894531,1.0
2018-04-10,85.28428649902344,85.65157596652875,84.14569545467448,84.83436057919798,26812000,0.023245778843482556,MSFT,201,938,71.04000091552734,65.51000213623047,1.0
2018-04-11,84.34770202636719,85.66075709753153,83.99878089759328,84.4854364474892,24872100,-0.010981911335647632,MSFT,200,937,72.05999755859375,66.81999969482422,1.0
2018-04-12,85.92703247070312,86.45960177178178,84.87107803041626,84.87107803041626,26758900,0.018724048271549165,MSFT,199,936,72.0199966430664,67.06999969482422,1.0
2018-04-13,85.46792602539062,86.4779667039981,84.8802657394567,86.35860061654576,23346100,-0.005342980341710657,MSFT,198,935,72.58000183105469,67.38999938964844,1.0
2018-04-16,86.46880340576172,86.91873639376213,85.78013818525301,86.37698277745353,20288100,0.011710561223560623,MSFT,195,932,71.41999816894531,66.22000122070312,1.0
2018-04-17,88.2134017944336,88.64496634796188,87.12071767000779,87.23090660031177,26771000,0.020176044075517208,MSFT,194,931,71.58000183105469,66.5199966430664,1.0
2018-04-18,88.55315399169922,88.8102545142301,87.70838612493,88.35114443672101,21043300,0.0038514805047125122,MSFT,193,930,73.4800033569336,68.47000122070312,1.0
2018-04-19,88.2501449584961,89.1316355195898,87.54311147361628,88.55315930915889,23552500,-0.0034217757306704844,MSFT,192,929,73.77999877929688,68.29000091552734,1.0
2018-04-20,87.23091888427734,88.25014386536235,86.35861249762024,88.06650262779164,31154400,-0.01154928498642227,MSFT,191,928,74.05999755859375,68.37999725341797,1.0
2018-04-23,87.55229187011719,88.41542107227401,86.89117222637698,87.91039717623248,22331800,0.0036841637111055814,MSFT,188,925,74.70999908447266,68.63999938964844,1.0
2018-04-24,85.50468444824219,88.58072132520986,84.85274881802547,88.36952755505756,34524800,-0.0233872509575489,MSFT,187,924,73.86000061035156,67.69999694824219,1.0
2018-04-25,84.76089477539062,85.6699377138857,82.89690910236604,85.6699377138857,33729300,-0.008698817820932292,MSFT,186,923,74.0,68.05000305175781,1.0
2018-04-26,86.55144500732422,87.36866049092222,85.48630612663281,85.89950945330023,42529000,0.02112472074154481,MSFT,185,922,74.73999786376953,68.19000244140625,1.0
2018-04-27,87.9838638305664,89.89376362657663,86.23006680077594,89.61829475015541,48272800,0.016549912287668667,MSFT,184,921,74.63999938964844,68.0999984741211,1.0
2018-04-30,85.8719482421875,88.51642684688662,85.53221125872449,88.45215171443708,41523600,-0.02400344218169248,MSFT,181,918,75.16999816894531,68.56999969482422,1.0
2018-05-01,87.23091888427734,87.49720358257979,85.20165308562513,85.58730388780211,31408900,0.015825548038773896,MSFT,180,917,75.16999816894531,67.25,1.0
2018-05-02,85.8627700805664,87.38701192032167,85.56893990630853,87.22173200946011,27471000,-0.015684218637269653,MSFT,179,916,73.36000061035156,67.93000030517578,1.0
2018-05-03,86.37696075439453,87.16663056634393,84.88944173539291,85.3577359274706,31142500,0.0059885171809115345,MSFT,178,915,73.62000274658203,68.43000030517578,1.0
2018-05-04,87.37783813476562,87.57066353730191,85.3210198301168,85.6883093134801,22531300,0.011587318789983758,MSFT,177,914,74.87000274658203,69.72000122070312,1.0
2018-05-07,88.35114288330078,88.80106878981906,87.32273380579532,87.38700893529793,24242000,0.011139034442967155,MSFT,174,911,76.16999816894531,70.7300033569336,1.0
2018-05-08,87.97467041015625,88.29605306732101,87.28600529702683,88.01140005684547,23484600,-0.004261093414963502,MSFT,173,910,74.8499984741211,69.05999755859375,1.0
2018-05-09,89.01225280761719,89.03979828790854,87.2768174946326,88.15830789127057,27327400,0.011794103832654557,MSFT,172,909,77.20999908447266,71.13999938964844,1.0
2018-05-10,89.90293884277344,89.93966148420779,89.11326894812196,89.48973556926668,22388100,0.010006330668669738,MSFT,171,908,77.47000122070312,71.36000061035156,1.0
2018-05-11,89.7101058959961,89.86620864572372,89.10408423954556,89.80193351541132,16778300,-0.002144901482192707,MSFT,170,907,77.12000274658203,70.69999694824219,1.0
2018-05-14,90.01313018798828,90.61915891696698,89.352010485635,89.91212539982517,19454100,0.003377816679243306,MSFT,167,904,78.2300033569336,70.95999908447266,1.0
2018-05-15,89.36119842529297,89.84785405856903,88.46133945785553,89.28773912071341,24594000,-0.00724262961785449,MSFT,166,903,78.43000030517578,71.30999755859375,1.0
2018-05-16,89.59173583984375,89.82228585125053,89.10297094139383,89.78539700512609,17384700,0.0025798379902381985,MSFT,165,902,79.27999877929688,71.48999786376953,1.0
2018-05-17,88.69721221923828,89.95140500746761,88.37444356840622,89.23209000394792,17246700,-0.009984443455862246,MSFT,164,901,79.30000305175781,71.48999786376953,1.0
2018-05-18,88.86322021484375,89.38887409698079,88.54045152157185,88.54045152157185,17865800,0.0018716258544309028,MSFT,163,900,78.51000213623047,71.27999877929688,1.0
2018-05-21,90.00672912597656,90.38483454742206,89.26897326113641,89.45341046838934,19422500,0.01286819123106464,MSFT,160,897,79.22000122070312,72.23999786376953,1.0
2018-05-22,89.91449737548828,90.5323696688546,89.63783456923274,90.08049365207613,15441200,-0.0010247206112689033,MSFT,159,896,79.56999969482422,72.12999725341797,1.0
2018-05-23,90.9842529296875,91.04880664651787,88.82630132910683,89.1859587565657,21251200,0.01189747577336564,MSFT,158,895,79.80000305175781,71.83999633789062,1.0
2018-05-24,90.66149139404297,91.24248197160114,89.27819121635746,91.0488207910246,26649300,-0.003547443928500038,MSFT,157,894,78.79000091552734,70.70999908447266,1.0
2018-05-25,90.70761108398438,91.27937773362841,90.24651098983473,90.65228132415173,18363900,0.0005087020876477499,MSFT,156,893,76.44000244140625,67.87999725341797,1.0
2018-05-29,90.38482666015625,91.18713618110571,89.6655117644797,90.22804730826103,28671000,-0.003558515321600342,MSFT,152,889,75.38999938964844,66.7300033569336,1.0
2018-05-30,91.25167083740234,91.52833360216765,90.2925892007557,90.66146350600762,22158500,0.009590594010932874,MSFT,151,888,77.5,68.20999908447266,1.0
2018-05-31,91.15026092529297,92.21079252213768,90.93815882742138,91.56525522101249,34140900,-0.0011113211536704082,MSFT,150,887,77.58999633789062,67.04000091552734,1.0
2018-06-01,92.94856262207031,93.0131163571511,91.45459570699106,91.55603829580795,28655600,0.01972898024122216,MSFT,149,886,77.58999633789062,65.80999755859375,1.0
2018-06-04,93.76008605957031,93.93530633672795,93.00388223012023,93.3819876627596,27281600,0.00873088743501782,MSFT,146,883,75.29000091552734,64.75,1.0
2018-06-05,94.23963165283203,94.36873910558559,93.63097620199797,94.06441138016856,23514400,0.005114602742120278,MSFT,145,882,75.37999725341797,65.5199966430664,1.0
2018-06-06,94.51628875732422,94.61773133385046,93.97219406125488,94.50707182187898,21122900,0.002935676844656676,MSFT,144,881,75.36000061035156,64.7300033569336,1.0
2018-06-07,93.03155517578125,94.70074234964466,92.5704550681847,94.66385349673743,28232200,-0.015708758787124077,MSFT,143,880,77.31999969482422,65.94999694824219,1.0
2018-06-08,93.72319030761719,94.01829404772263,92.71799561144894,93.22520142697147,22165100,0.007434414382615717,MSFT,142,879,76.45999908447266,65.73999786376953,1.0
2018-06-11,93.18832397460938,93.6863058427196,92.83788342971076,93.15143512589223,23490900,-0.005706872880151481,MSFT,139,876,76.45999908447266,66.0999984741211,1.0
2018-06-12,93.42808532714844,93.55719277199125,92.91165554777713,93.2344241598842,18325200,0.0025728690281454636,MSFT,138,875,75.87999725341797,66.36000061035156,1.0
2018-06-13,93.00386810302734,94.07362347459072,92.7364292601365,93.80618463169988,29492900,-0.004540574952763388,MSFT,137,874,76.73999786376953,66.63999938964844,1.0
2018-06-14,93.5295181274414,94.09206066514277,93.14219583336656,93.74162721371705,25691800,0.005651915722814538,MSFT,136,873,75.94000244140625,66.88999938964844,1.0
2018-06-15,92.33988952636719,93.63097101825238,92.28455977420134,93.61253011280647,65738600,-0.012719285043821693,MSFT,135,872,73.44000244140625,65.05999755859375,1.0
2018-06-18,93.01311492919922,93.24366498463827,91.68514435840487,92.22924614787229,23586000,0.0072907321666200176,MSFT,132,869,75.33999633789062,65.8499984741211,1.0
2018-06-19,93.01311492919922,93.14222239737875,91.75892206474441,91.89725350517371,28653100,0.0,MSFT,131,868,75.08000183105469,65.06999969482422,1.0
2018-06-20,93.94453430175781,94.54395878647206,93.2528841709377,93.4834342145444,26180800,0.010013849909957129,MSFT,130,867,74.73999786376953,66.22000122070312,1.0
2018-06-21,93.27132415771484,94.48862809450561,93.03155014469925,94.13819456458198,23198200,-0.007166038440092337,MSFT,129,866,73.05000305175781,65.54000091552734,1.0
2018-06-22,92.59813690185547,92.9301225419172,91.87881474686995,92.59813690185547,38923100,-0.007217515800687746,MSFT,128,865,75.55000305175781,68.58000183105469,1.0
2018-06-25,90.73529052734375,92.32147623154148,89.73009553795694,92.22003363168022,35433300,-0.020117536236027522,MSFT,125,862,74.7300033569336,68.08000183105469,1.0
2018-06-26,91.3716049194336,92.29380519427043,91.0672771401383,91.13183087794368,26897200,0.007012865538773783,MSFT,124,861,76.30999755859375,70.52999877929688,1.0
2018-06-27,89.95140075683594,92.23845311965374,89.82229330260405,91.83268985028008,31298400,-0.015543167528357604,MSFT,123,860,77.62000274658203,72.76000213623047,1.0
2018-06-28,90.95659637451172,91.39925553309246,89.69318669815428,89.80384621092799,26650700,0.011174874534673584,MSFT,122,859,77.8499984741211,73.44999694824219,1.0
2018-06-29,90.93816375732422,92.1370268510677,90.6799488228759,91.23326754466933,28053200,-0.00020265289074361537,MSFT,121,858,79.44000244140625,74.1500015258789,1.0
2018-07-02,92.2292251586914,92.27533093778904,90.37560116476998,90.46781975879297,19564500,0.014197135152327123,MSFT,118,855,77.30000305175781,73.94000244140625,1.0
2018-07-03,91.34392547607422,92.80099633081876,91.24248289914642,92.66267194030688,14670300,-0.009598906215398939,MSFT,117,854,77.76000213623047,74.13999938964844,1.0
2018-07-05,91.99867248535156,92.14622082434005,91.32546340045168,91.7588985191893,18977400,0.007167931593314858,MSFT,115,852,77.38999938964844,72.94000244140625,1.0
2018-07-06,93.28977966308594,93.53877063214097,91.91569623957844,92.11858141812743,19234600,0.014033976174383955,MSFT,114,851,77.11000061035156,73.80000305175781,1.0
2018-07-09,93.92608642578125,94.29496790298317,93.37276772789286,93.74164920509479,18212000,0.00682075533883042,MSFT,111,848,78.06999969482422,73.8499984741211,1.0
2018-07-10,94.17508697509766,94.53474449030082,93.93531295301916,94.06442041817778,19293100,0.0026510265549406498,MSFT,110,847,78.86000061035156,74.11000061035156,1.0
2018-07-11,94.04598236083984,94.37796797000495,93.23444165715138,93.28055448288981,19644600,-0.0013708998675195927,MSFT,109,846,73.4000015258789,70.37999725341797,1.0
2018-07-12,96.08403015136719,96.28691529800363,94.73761885694064,94.7745006692124,24335900,0.021670758700862658,MSFT,108,845,74.44999694824219,70.33000183105469,1.0
2018-07-13,97.22755432128906,97.38432664565411,95.99180256047299,96.25002449192085,24635200,0.011901292734291191,MSFT,107,844,75.33000183105469,71.01000213623047,1.0
2018-07-16,96.7480239868164,97.58722248960706,96.388359444673,97.19990010370368,21786900,-0.0049320415166265175,MSFT,104,841,71.83999633789062,68.05999755859375,1.0
2018-07-17,97.70709228515625,98.21430512595954,96.20390873960068,96.47134759785804,25901700,0.009913053092128532,MSFT,103,840,72.16000366210938,68.08000183105469,-1.0
2018-07-18,96.94169616699219,97.79934271059915,96.57281464706331,97.69790011672296,29493900,-0.007833577893509247,MSFT,102,839,72.9000015258789,68.76000213623047,1.0
2018-07-19,96.27770233154297,97.11690085529861,95.80737825929401,96.76646731203559,40171600,-0.006849414253134345,MSFT,101,838,72.58000183105469,69.45999908447266,1.0
2018-07-20,98.00220489501953,99.78205143054332,97.8269916543689,99.67139191767527,56004000,0.01791175445315507,MSFT,100,837,73.06999969482422,70.45999908447266,-1.0
2018-07-23,99.56995391845703,99.72672625944745,97.87310193956468,98.02988131638405,29707000,0.015997079097525235,MSFT,97,834,73.05999755859375,67.88999938964844,-1.0
2018-07-24,99.2840805053711,100.35382911748734,98.91519900484398,100.12327905913658,26316600,-0.002871081102639228,MSFT,96,833,73.44000244140625,68.5199966430664,-1.0
2018-07-25,102.20746612548828,102.50256995503409,99.2287559095285,99.56074859724632,30702100,0.029444656235286804,MSFT,95,832,73.93000030517578,69.30000305175781,-1.0
2018-07-26,101.09158325195312,102.36421692952999,100.98091670075256,102.12444291984318,31372100,-0.010917821523577342,MSFT,94,831,74.54000091552734,69.61000061035156,-1.0
2018-07-27,99.3025131225586,101.60801351355798,97.88232403740352,101.60801351355798,37005300,-0.017697518149810576,MSFT,93,830,74.29000091552734,68.69000244140625,-1.0
2018-07-30,97.17222595214844,99.16417448660474,96.60968333475296,98.850629833409,34668300,-0.02145250007702193,MSFT,90,827,74.97000122070312,70.12999725341797,1.0
2018-07-31,97.8270034790039,98.41721107173576,97.18145908732066,98.20510192005268,27655200,0.0067383197249994975,MSFT,89,826,74.25,68.76000213623047,-1.0
2018-08-01,98.01142120361328,98.16819352513863,97.21832858953103,97.7808711887249,23628700,0.0018851413009799423,MSFT,88,825,74.25,67.66000366210938,-1.0
2018-08-02,99.20105743408203,99.6805983562788,96.68344824402236,97.19988504772797,26104300,0.012137730642608924,MSFT,87,824,73.44999694824219,68.95999908447266,-1.0
2018-08-03,99.63449096679688,99.64371493702511,98.50940581709695,99.41316493211374,18659600,0.004369243069841877,MSFT,86,823,73.20999908447266,68.48999786376953,-1.0
2018-08-06,99.71749877929688,99.98493766466297,99.19184498001282,99.70828184367745,20265900,0.0008331232657941001,MSFT,83,820,73.75,69.01000213623047,-1.0
2018-08-07,100.40914916992188,100.61203432738317,99.75438791182417,100.1140454052042,16080200,0.006936098469094265,MSFT,82,819,74.6500015258789,69.16999816894531,-1.0
2018-08-08,100.97169494628906,101.21146896124074,100.29849276023295,100.8241465772773,15487500,0.0056025350380690675,MSFT,81,818,72.27999877929688,66.94000244140625,-1.0
2018-08-09,101.1376724243164,101.5895554906168,101.07311870567743,101.1745612686569,13677200,0.0016438020389342167,MSFT,80,817,72.06999969482422,66.80999755859375,-1.0
2018-08-10,100.51981353759766,101.15613387475953,99.94804692769652,100.90713590116202,18183700,-0.006109087463735174,MSFT,79,816,72.80999755859375,67.62999725341797,-1.0
2018-08-13,99.79127502441406,101.05469173289815,99.68983244744965,100.74114003069124,18472500,-0.007247710551224751,MSFT,76,813,72.61000061035156,67.19999694824219,-1.0
2018-08-14,101.03624725341797,101.21146753524033,99.63450610632557,100.11404709364356,16788300,0.01247576232189962,MSFT,75,812,72.45999908447266,67.04000091552734,-1.0
2018-08-15,99.66614532470703,100.89738618365872,98.88851245614863,100.43451166232066,29982800,-0.013560498988788305,MSFT,74,811,70.76000213623047,65.01000213623047,-1.0
2018-08-16,99.64762115478516,100.77703605759397,99.33286988700137,100.25861888105392,21384300,-0.00018586220889271754,MSFT,73,810,71.43000030517578,65.45999908447266,-1.0
2018-08-17,99.59207916259766,99.88831856022277,98.76816311723704,99.38841325243581,18061500,-0.0005573840252666162,MSFT,72,809,71.83000183105469,65.91000366210938,-1.0
2018-08-20,98.93478393554688,99.88830413826693,98.5737424425345,99.52726264525455,17914200,-0.006599874533974259,MSFT,69,806,72.20999908447266,66.43000030517578,-1.0
2018-08-21,98.11088562011719,99.37915727500489,97.99053372557424,98.98108490831858,22881900,-0.00832769105723663,MSFT,68,805,72.62999725341797,67.3499984741211,-1.0
2018-08-22,99.1106948852539,99.36990349926445,97.92573718525995,97.99053933876257,18000600,0.010190604832657879,MSFT,67,804,74.77999877929688,67.86000061035156,-1.0
2018-08-23,99.57357025146484,100.1475372321656,98.93480817963076,99.19401679578431,18167700,0.004670286761149667,MSFT,66,803,74.7300033569336,67.83000183105469,-1.0
2018-08-24,100.3511734008789,100.4992895392222,99.57354072014196,99.67537365527302,17234000,0.007809332812414915,MSFT,65,802,75.81999969482422,68.72000122070312,-1.0
2018-08-27,101.46208190917969,101.49911271414486,100.45301895976844,101.15658306539498,19662300,0.011070209451990776,MSFT,62,799,76.20999908447266,68.87000274658203,-1.0
2018-08-28,102.0730972290039,102.29527503427035,101.6379940241327,101.77685780101362,19151500,0.006022105089181551,MSFT,61,798,75.94999694824219,68.52999877929688,-1.0
2018-08-29,103.7024154663086,103.71167493531418,102.08235447269605,102.24898960026955,20818000,0.01596226901638209,MSFT,60,797,77.13999938964844,69.51000213623047,-1.0
2018-08-30,103.6375961303711,104.24859385116497,103.16546923292591,103.37838754442372,22798700,-0.0006250513611089081,MSFT,59,796,77.7699966430664,70.25,-1.0
2018-08-31,103.98938751220703,104.40597173963764,103.2395260147658,103.39690871355248,23222700,0.003394437877480394,MSFT,58,795,77.41999816894531,69.80000305175781,-1.0
2018-09-04,103.41542053222656,103.64685778354644,102.03605649197331,102.61927582265382,22634600,-0.005519476493821007,MSFT,54,791,78.16999816894531,69.87000274658203,-1.0
2018-09-05,100.43450164794922,103.14694635504733,100.07346012233752,102.767392958106,32872400,-0.028824703984532185,MSFT,53,790,77.2699966430664,68.72000122070312,-1.0
2018-09-06,100.66596221923828,100.89739951047622,99.52729470157479,100.2123471060255,23477600,0.0023045922217088677,MSFT,52,789,76.5,67.7699966430664,-1.0
2018-09-07,100.1753158569336,100.64744990662261,99.26808563444708,100.19383479537936,22498600,-0.004874004593887649,MSFT,51,788,76.83000183105469,67.75,-1.0
2018-09-10,101.25841522216797,101.49911192110899,100.31415442309752,100.75850995339992,20727900,0.010812038434510285,MSFT,48,785,77.37000274658203,67.54000091552734,-1.0
2018-09-11,102.98030853271484,103.30431924417773,100.804799969574,100.81405943644546,24301800,0.017004940347613795,MSFT,47,784,79.05999755859375,69.25,-1.0
2018-09-12,103.41542053222656,103.54502482793335,102.30452455105289,103.156211940813,18891100,0.004225196114784335,MSFT,46,783,79.73999786376953,70.37000274658203,-1.0
2018-09-13,104.52632904052734,105.28544298202384,103.7949864405763,103.7949864405763,26055600,0.010742193984064397,MSFT,45,782,78.18000030517578,68.58999633789062,-1.0
2018-09-14,104.9521484375,105.28541858462758,104.09120173457093,104.94288897149558,19122300,0.004073800360936408,MSFT,44,781,78.08999633789062,68.98999786376953,-1.0
2018-09-17,103.81349182128906,105.25765799457025,103.55428323253648,105.24840558990361,20736500,-0.010849293065105958,MSFT,41,778,78.05000305175781,68.91000366210938,-1.0
2018-09-18,104.80403900146484,105.25765401463005,103.4246750275275,103.85977816915505,22170900,0.009541603531465492,MSFT,40,777,79.02999877929688,69.8499984741211,-1.0
2018-09-19,103.40615844726562,104.90587434050498,102.7951677919561,104.65592522308387,21728400,-0.013338040857181821,MSFT,39,776,79.4000015258789,71.12000274658203,-1.0
2018-09-20,105.13732147216797,105.35024686569254,103.61909356420853,103.94310432574167,23714500,0.016741391914149695,MSFT,38,775,78.69999694824219,70.80000305175781,-1.0
2018-09-21,105.77605438232422,106.72957446683056,105.08174281831639,105.53535772918882,71229700,0.006075225250296468,MSFT,37,774,78.80000305175781,70.77999877929688,-1.0
2018-09-24,106.15563201904297,106.36855738846536,103.88754988214266,104.63740428293995,27334500,0.003588502510660563,MSFT,34,771,81.19999694824219,72.08000183105469,-1.0
2018-09-25,105.95196533203125,106.55370356682415,105.3039438871183,106.27598311739176,22668000,-0.0019185669487152834,MSFT,33,770,81.87000274658203,72.27999877929688,-1.0
2018-09-26,105.5168685913086,106.51667209104255,105.29468375767529,105.97048359989464,19352000,-0.004106547144823169,MSFT,32,769,81.33999633789062,71.56999969482422,-1.0
2018-09-27,105.91495513916016,106.37782967700198,105.72054161791026,106.25747777690395,19091300,0.0037727289784672546,MSFT,31,768,81.72000122070312,72.12000274658203,-1.0
2018-09-28,105.87792205810547,106.06306904410987,105.23915294945213,105.71128694553958,21647800,-0.00034964921626068346,MSFT,30,767,82.72000122070312,73.25,-1.0
2018-10-01,107.02584838867188,107.09065053974841,106.21119176615191,106.22970363950031,18883100,0.01084198016217619,MSFT,27,764,84.9800033569336,75.30000305175781,-1.0
2018-10-02,106.59999084472656,107.23875280450672,105.9427099510955,106.73885459699315,20787200,-0.003979015820540721,MSFT,26,763,84.80000305175781,75.2300033569336,-1.0
2018-10-03,106.6185302734375,107.55353891327407,106.39635245012681,106.84996756606695,16648000,0.00017391585650261554,MSFT,25,762,86.29000091552734,76.41000366210938,-1.0
2018-10-04,104.41523742675781,106.2389642068008,103.34136512591644,106.10010043508444,34821700,-0.020665196200220004,MSFT,24,761,84.58000183105469,74.33000183105469,-1.0
2018-10-05,103.80425262451172,104.76703261567803,102.42488832905777,104.26712721278942,29068900,-0.005851490810186322,MSFT,23,760,84.16000366210938,74.33999633789062,-1.0
2018-10-08,102.61927032470703,103.71165437492729,101.22138742401492,103.36913178158373,29640600,-0.011415546760796924,MSFT,20,757,83.91000366210938,74.29000091552734,-1.0
2018-10-09,103.92460632324219,104.68372037854365,102.57301334979839,102.88776468504021,26198600,0.012720183981086874,MSFT,19,756,85.0,74.95999908447266,-1.0
2018-10-10,98.27754211425781,103.22103963576686,97.93501235488306,102.98034285720875,61376300,-0.05433808612582103,MSFT,18,755,83.08999633789062,73.16999816894531,-1.0
2018-10-11,98.04609680175781,100.84185615374248,96.46305952480358,97.52767247003787,63904300,-0.0023550173063030533,MSFT,17,754,80.26000213623047,70.97000122070312,-1.0
2018-10-12,101.434326171875,102.98032543670145,99.16624375643045,100.91590894843738,47742100,0.034557514073894735,MSFT,16,753,80.43000030517578,71.33999633789062,-1.0
2018-10-15,99.61061096191406,101.3510239511705,99.00887257866913,100.8233471978739,32068100,-0.017979270714242768,MSFT,13,750,80.77999877929688,71.77999877929688,-1.0
2018-10-16,102.75812530517578,103.13768573478494,100.86033728293685,101.40653279285432,31610200,0.031598183294600624,MSFT,12,749,81.41000366210938,71.91999816894531,-1.0
2018-10-17,102.48966979980469,103.50799227587065,101.41580464448737,103.38764744985792,26548200,-0.0026124990561459116,MSFT,11,748,80.05000305175781,69.75,-1.0
2018-10-18,100.44378662109375,102.323056337488,99.82353636194107,101.92498390522918,32506200,-0.019961847693598878,MSFT,10,747,79.29000091552734,68.6500015258789,-1.0
2018-10-19,100.5918960571289,102.62854116006616,100.17530474318393,100.84184519517206,32785500,0.001474550502500227,MSFT,9,746,79.77999877929688,69.12000274658203,-1.0
2018-10-22,101.48986053466797,102.3322955165829,100.20306998707179,101.20288060421115,26545600,0.008926807354631139,MSFT,6,743,79.83000183105469,69.16999816894531,-1.0
2018-10-23,100.0734634399414,100.8788675961086,97.30547596418695,99.76796458109479,43770400,-0.013956045335610012,MSFT,5,742,76.44000244140625,66.43000030517578,-1.0
2018-10-24,94.72264099121094,100.43451084281922,94.04684108789353,100.36045628781694,63897800,-0.05346894436147642,MSFT,4,741,76.16999816894531,66.81999969482422,1.0
2018-10-25,100.25860595703125,101.15657643266805,98.26824446380864,98.6385454262762,61646800,0.058443946535802205,MSFT,3,740,76.88999938964844,67.33000183105469,-1.0
2018-10-26,99.01811981201172,100.6752114970754,96.98147468045124,97.84242159921828,55523100,-0.01237286448558017,MSFT,2,739,77.62000274658203,67.58999633789062,-1.0
2018-10-29,96.13904571533203,100.62892758219611,94.08388151715002,100.08273898581899,55162000,-0.02907623475527188,MSFT,1462,736,77.33999633789062,67.04000091552734,1.0
2018-10-30,96.02792358398438,96.62965463769774,92.67671047424956,95.96312145221974,65350900,-0.0011558480794232606,MSFT,1461,735,75.91000366210938,66.18000030517578,1.0
2018-10-31,98.87923431396484,100.11048200329013,97.56467261672746,97.61096288528086,51062400,0.029692516755157827,MSFT,1460,734,75.47000122070312,65.30999755859375,-1.0
2018-11-01,98.05533599853516,99.35138605887934,97.69429444026204,99.10143692734589,33384200,-0.008332369492401348,MSFT,1459,733,75.5,63.689998626708984,-1.0
2018-11-02,98.27754211425781,99.35140755345236,97.18515773514781,98.57378158675004,37680200,0.002266129767032554,MSFT,1458,732,72.83000183105469,63.13999938964844,-1.0
2018-11-05,99.52727508544922,99.74019339619628,98.03681865860294,98.4719218104394,27922100,0.012716363721616775,MSFT,1455,729,73.16999816894531,63.099998474121094,-1.0
2018-11-06,99.72167205810547,100.75850629981717,98.38859138972921,99.40691376122616,24340200,0.0019532030037932024,MSFT,1454,728,72.12999725341797,62.209999084472656,-1.0
2018-11-07,103.64685821533203,103.90606680782544,101.27694301207298,101.31397381998696,37901700,0.039361415389620014,MSFT,1453,727,72.06999969482422,61.66999816894531,-1.0
2018-11-08,103.45246887207031,103.87831263911808,102.67484296604542,103.49875915534086,25644100,-0.001875496726180148,MSFT,1452,726,70.6500015258789,60.66999816894531,-1.0
2018-11-09,101.434326171875,103.17473189549057,100.68447167898773,102.6192838613924,32039200,-0.019507922065068906,MSFT,1451,725,70.18000030517578,60.189998626708984,-1.0
2018-11-12,98.93478393554688,101.79534454370703,98.22195335289952,101.29543930809682,33621800,-0.02464197605150731,MSFT,1448,722,70.12000274658203,59.93000030517578,-1.0
2018-11-13,98.99960327148438,100.66594728341845,98.72187573804308,99.56431074335167,35374600,0.000655172360610079,MSFT,1447,721,65.47000122070312,55.689998626708984,-1.0
2018-11-14,97.59568786621094,100.65456086513805,97.13081367962779,100.5057977205912,39495100,-0.014181020518067244,MSFT,1446,720,66.12000274658203,56.25,-1.0
2018-11-15,99.74340057373047,100.22687368184289,96.61015321420481,97.61427602832889,38505200,0.02200622542323516,MSFT,1445,719,66.62000274658203,56.459999084472656,-1.0
2018-11-16,100.68246459960938,101.23101280259544,99.29714133888199,99.55746978053084,33502100,0.009414798577924488,MSFT,1444,718,66.76000213623047,56.459999084472656,-1.0
2018-11-19,97.27027130126953,100.93347484006408,96.27544088762545,100.66384697741442,44773900,-0.033890641353579665,MSFT,1441,715,66.79000091552734,56.7599983215332,-1.0
2018-11-20,94.56474304199219,95.73622843494786,92.37053545861103,94.6484241167704,64052500,-0.02781454418789142,MSFT,1440,714,62.529998779296875,53.43000030517578,1.0
2018-11-21,95.8663330078125,97.0936002909583,95.05744955782859,96.32190761845342,28130600,0.013764008910195358,MSFT,1439,713,63.47999954223633,54.630001068115234,1.0
2018-11-23,95.82914733886719,96.51715902536745,94.83431704187048,94.99237253452046,13823100,-0.00038789080356582684,MSFT,1437,711,58.79999923706055,50.41999816894531,1.0
2018-11-26,98.99031066894531,99.13906672044014,97.23308680682108,97.4283331144552,32336200,0.032987493031736426,MSFT,1434,708,60.47999954223633,51.630001068115234,-1.0
2018-11-27,99.61322784423828,99.78988228323944,97.95827707912099,98.80434430574573,29124500,0.00629270855989339,MSFT,1433,707,60.209999084472656,51.560001373291016,-1.0
2018-11-28,103.31362915039062,103.50887543367779,100.28264783823118,100.31053915106988,46788500,0.03714768998288598,MSFT,1432,706,58.7599983215332,50.290000915527344,-1.0
2018-11-29,102.448974609375,103.31364087256279,101.37046310113341,102.57913881300179,28123200,-0.008369220480649031,MSFT,1431,705,59.5099983215332,51.45000076293945,-1.0
2018-11-30,103.09977722167969,103.17415878002096,101.67726361212803,102.92312279397312,33665600,0.006352456086418767,MSFT,1430,704,58.709999084472656,50.93000030517578,-1.0
2018-12-03,104.21549224853516,105.45205929326048,102.95104098084359,105.06156667705791,34732800,0.010821701626537061,MSFT,1427,701,61.689998626708984,52.95000076293945,-1.0
2018-12-04,100.89627075195312,104.72683585955434,100.60805108210559,104.07601496202257,45197000,-0.03184959764586903,MSFT,1426,700,62.08000183105469,53.25,-1.0
2018-12-06,101.51923370361328,101.5657168692285,97.6235854981277,98.3859789297097,49107400,0.006174291150875755,MSFT,1424,698,60.060001373291016,51.4900016784668,-1.0
2018-12-07,97.45620727539062,101.76093894231765,96.9727413263663,100.76610863944614,45044900,-0.04002223302910968,MSFT,1423,697,61.66999816894531,52.61000061035156,-1.0
2018-12-10,100.03160858154297,100.39421691689823,96.59154297063711,97.43761726410594,40801500,0.026426241879850654,MSFT,1420,694,59.970001220703125,51.0,-1.0
2018-12-11,100.96137237548828,103.15557910229101,99.89216742173524,102.08637414853797,42381900,0.00929470001661925,MSFT,1419,693,60.20000076293945,51.650001525878906,-1.0
2018-12-12,101.41695404052734,103.4530981500845,101.3797632544665,103.09979632263216,36183000,0.004512435343536181,MSFT,1418,692,60.150001525878906,51.150001525878906,-1.0
2018-12-13,101.76094055175781,103.08118842436713,100.99854728977421,101.88181236098754,31333400,0.0033918047971841503,MSFT,1417,691,61.45000076293945,52.58000183105469,-1.0
2018-12-14,98.58120727539062,101.58429728855633,98.08844183052511,100.64524955596535,47043100,-0.031247090083153295,MSFT,1416,690,60.279998779296875,51.20000076293945,-1.0
2018-12-17,95.66181182861328,98.36738306388038,94.56470843838049,98.00478175717285,56957300,-0.029614117411058793,MSFT,1413,687,59.61000061035156,49.880001068115234,1.0
2018-12-18,96.66593170166016,97.16799663391299,95.31779241318033,96.46138594110346,49319200,0.010496559220996682,MSFT,1412,686,56.2599983215332,46.2400016784668,1.0
2018-12-19,96.40560150146484,99.37149369355274,94.22998683591966,96.36841071902464,68198200,-0.0026930915123103416,MSFT,1411,685,57.2400016784668,47.20000076293945,1.0
2018-12-20,94.3787612915039,96.98205253397556,91.84054505934131,95.8105746669011,70334200,-0.021024091737347206,MSFT,1410,684,54.349998474121094,45.880001068115234,1.0
2018-12-21,91.32917785644531,95.7640740887736,90.61326769919656,94.49031637493374,111242100,-0.03231217906790984,MSFT,1409,683,53.81999969482422,45.59000015258789,1.0
2018-12-24,87.51722717285156,91.0874652410073,87.37777056713402,90.81783731425602,43935200,-0.041738585335625356,MSFT,1406,680,50.470001220703125,42.529998779296875,1.0
2018-12-26,93.4954833984375,93.61635521285486,87.35914625893676,88.4562494970154,51634800,0.06830947938716725,MSFT,1404,678,54.470001220703125,46.220001220703125,1.0
2018-12-27,94.07193756103516,94.08123703061523,89.62774161962797,92.32401323107835,49498500,0.0061655829955020724,MSFT,1403,677,52.15999984741211,44.61000061035156,1.0
2018-12-28,93.3374252319336,95.21552064876104,92.52854170962678,94.9179944023268,38196300,-0.007807985549622587,MSFT,1402,676,52.20000076293945,45.33000183105469,1.0
2018-12-31,94.43452453613281,95.20621724574463,93.38391162213968,94.17419617467723,33173800,0.011754120080696984,MSFT,1399,673,53.79999923706055,45.40999984741211,1.0
2019-01-02,94.01615905761719,94.6018979853706,91.98930729861654,92.55645437981056,35329300,-0.004430217450351548,MSFT,1397,671,54.90999984741211,46.540000915527344,1.0
2019-01-03,90.5574951171875,93.15149399117813,90.37154118208474,93.06781294702756,42579100,-0.03678797320692573,MSFT,1396,670,55.95000076293945,47.09000015258789,1.0
2019-01-04,94.76924896240234,95.30850470419871,91.98000393114563,92.71450597391993,44060600,0.04650916900654711,MSFT,1395,669,57.060001373291016,47.959999084472656,1.0
2019-01-07,94.89012145996094,96.0151161967689,93.88599855752062,94.49962882604429,35656100,0.001275440070297007,MSFT,1392,666,57.33000183105469,48.52000045776367,1.0
2019-01-08,95.57813262939453,96.66593648978257,94.56470324555205,95.80127024586508,31514400,0.007250609008061071,MSFT,1391,665,58.720001220703125,49.779998779296875,1.0
2019-01-09,96.9448471069336,97.51199410808007,95.98720754239925,96.5636540122215,32280800,0.014299447372952079,MSFT,1390,664,61.439998626708984,52.36000061035156,1.0
2019-01-10,96.32193756103516,96.46140124658122,95.1876433222731,95.96863570528046,30067600,-0.006425401292462163,MSFT,1389,663,61.68000030517578,52.59000015258789,1.0
2019-01-11,95.57813262939453,96.17317100226064,94.49962114518911,95.94073391619054,28314200,-0.007722071944091691,MSFT,1388,662,60.47999954223633,51.59000015258789,1.0
2019-01-14,94.8808364868164,95.64322996684791,94.14633432661,94.74137279427275,28437100,-0.007295561478292356,MSFT,1385,659,58.9900016784668,50.5099983215332,1.0
2019-01-15,97.6329116821289,97.67010248084748,94.72279374982166,95.30853996286474,31587600,0.02900559583172413,MSFT,1384,658,60.63999938964844,52.11000061035156,1.0
2019-01-16,97.97689056396484,98.7950737519159,97.58639791157975,97.86532528809359,29853900,0.003523185736341139,MSFT,1383,657,61.31999969482422,52.310001373291016,1.0
2019-01-17,98.66490936279297,99.13907597125653,97.40045088672116,97.62358853149328,28393000,0.0070222559102235405,MSFT,1382,656,61.18000030517578,52.06999969482422,1.0
2019-01-18,100.1431884765625,100.31984292334074,98.46964579370251,99.9107514017139,37427600,0.014982825437297675,MSFT,1381,655,62.70000076293945,53.79999923706055,1.0
2019-01-22,98.25580596923828,99.57604692459084,97.49341260552879,99.2506364205838,32371300,-0.018846838572210478,MSFT,1377,651,61.5,52.56999969482422,1.0
2019-01-23,99.21343994140625,99.5202585818973,97.93968222063278,98.66489185090703,25874300,0.009746334709908044,MSFT,1376,650,61.13999938964844,52.619998931884766,1.0
2019-01-24,98.73926544189453,99.48306691036669,97.93968134598275,99.35290271739653,23164800,-0.0047793373538076445,MSFT,1375,649,61.09000015258789,53.130001068115234,1.0
2019-01-25,99.64110565185547,100.30122597468254,98.73924882843606,99.7061877373901,31225600,0.009133551945367024,MSFT,1374,648,61.63999938964844,53.689998626708984,1.0
2019-01-28,97.69795989990234,98.9996090296295,97.30746728900934,98.79506325437589,29476700,-0.019501447111019088,MSFT,1371,645,59.93000030517578,51.9900016784668,1.0
2019-01-29,95.70831298828125,97.59570131086619,94.99240267000675,97.5120202571765,31490500,-0.020365286170352048,MSFT,1370,644,61.31999969482422,53.310001373291016,1.0
2019-01-30,98.90663146972656,98.90663146972656,97.00065152058912,97.27027940570382,49471900,0.033417353013388995,MSFT,1369,643,61.650001525878906,54.22999954223633,1.0
2019-01-31,97.09362030029297,97.82812234668714,95.93143486487503,96.50788139447243,55636400,-0.01833053196224277,MSFT,1368,642,61.88999938964844,53.790000915527344,1.0
2019-02-01,95.55953216552734,96.78679967665957,95.15974010012883,96.48928049497349,35535700,-0.015800092014500722,MSFT,1367,641,61.869998931884766,55.2599983215332,1.0
2019-02-04,98.31158447265625,98.36737419487005,95.55023085253204,95.64321135841614,31315100,0.028799348895532706,MSFT,1364,638,62.5099983215332,54.560001373291016,1.0
2019-02-05,99.68760681152344,99.73408996718642,98.51612205020851,98.60909545495056,27325400,0.013996543197306588,MSFT,1363,637,61.97999954223633,53.65999984741211,1.0
2019-02-06,98.58120727539062,99.48306422621978,98.1163331434924,99.48306422621978,20609800,-0.01109866684054972,MSFT,1362,636,62.689998626708984,54.0099983215332,1.0
2019-02-07,97.87458801269531,98.17210714724324,96.96343876651164,97.8002135491201,29760700,-0.007167890130634569,MSFT,1361,635,61.630001068115234,52.63999938964844,1.0
2019-02-08,98.24649810791016,98.34877098520779,96.93555673419306,97.0564214558101,21461100,0.0037998637109624145,MSFT,1360,634,62.099998474121094,52.720001220703125,1.0
2019-02-11,97.85601806640625,99.0925851277653,97.59568965210272,98.73927619970999,18914100,-0.003974493229010778,MSFT,1357,631,61.5099983215332,52.40999984741211,1.0
2019-02-12,99.38080596923828,99.61324306938027,98.06986441301446,98.68349466881229,25056600,0.015581953291797568,MSFT,1356,630,62.41999816894531,53.099998474121094,1.0
2019-02-13,99.30643463134766,100.20829180780943,99.21346120039057,99.94796336376234,18394900,-0.000748347099475577,MSFT,1355,629,63.61000061035156,53.900001525878906,1.0
2019-02-14,99.39009094238281,99.75269219824199,98.23720507999506,98.84153577748282,21784700,0.0008424057448614963,MSFT,1354,628,64.56999969482422,54.40999984741211,1.0
2019-02-15,100.61735534667969,100.69173690806221,99.81777129535784,100.32913566309254,26606900,0.012347955341024175,MSFT,1353,627,66.25,55.59000015258789,1.0
2019-02-19,100.57086181640625,101.02644354494907,100.20826058326621,100.21756005148966,18038500,-0.000462082611029091,MSFT,1349,623,66.44999694824219,56.09000015258789,1.0
2019-02-20,100.04800415039062,100.78564310279329,99.2450051451782,100.71094386423597,21607700,-0.00519889813582497,MSFT,1348,622,67.08000183105469,56.91999816894531,1.0
2019-02-21,102.158203125,102.22356317255677,99.78655591925192,99.81456635053183,29063200,0.02109186477560665,MSFT,1347,621,67.06999969482422,56.959999084472656,1.0
2019-02-22,103.61481475830078,103.82956617257503,102.54103631579433,102.75579485378032,27763200,0.014258391286683825,MSFT,1346,620,67.12000274658203,57.2599983215332,1.0
2019-02-25,104.19367980957031,104.74457761825508,103.88555801267839,104.35241742314955,23750600,0.005586701598799593,MSFT,1343,617,64.76000213623047,55.47999954223633,1.0
2019-02-26,104.91267395019531,105.73434415688274,103.80154599133975,103.88558441090827,21536700,0.006900554255681035,MSFT,1342,616,65.20999908447266,55.5,1.0
2019-02-27,104.73526000976562,104.91266890187599,103.530761627791,104.28707887266992,21487100,-0.0016910629931509158,MSFT,1341,615,66.38999938964844,56.939998626708984,1.0
2019-02-28,104.60453796386719,105.39819768558682,104.32442653934233,104.61387714846452,29083900,-0.0012481187890902579,MSFT,1340,614,66.02999877929688,57.220001220703125,1.0
2019-03-01,105.0713882446289,105.5289085178153,104.26838940875324,105.40752762354012,23501200,0.004463002178002773,MSFT,1339,613,65.06999969482422,55.79999923706055,1.0
2019-03-04,104.81930541992188,105.74368531011287,103.45607642441168,105.52892678829515,26608000,-0.0023991576481328103,MSFT,1336,610,65.66999816894531,56.59000015258789,1.0
2019-03-05,104.29641723632812,104.94068567401068,103.85757525748514,104.80996557414917,19538300,-0.00498847212828768,MSFT,1335,609,65.86000061035156,56.560001373291016,1.0
2019-03-06,104.34310913085938,105.1927969288456,104.04431930465012,104.45515798707962,17687000,0.00044768454917720746,MSFT,1334,608,65.98999786376953,56.220001220703125,1.0
2019-03-07,103.07322692871094,104.15634425241615,102.58769624396326,104.01628499521844,25339000,-0.012170254583422913,MSFT,1333,607,66.30000305175781,56.65999984741211,1.0
2019-03-08,103.18531036376953,103.37205135351937,101.58865139315834,101.92479087367776,22818400,0.0010874156014937242,MSFT,1332,606,65.73999786376953,56.06999969482422,1.0
2019-03-11,105.35151672363281,105.46355844471744,103.62413799437518,103.63347005532513,26491600,0.020993359929107447,MSFT,1329,603,66.58000183105469,56.790000915527344,1.0
2019-03-12,106.08917236328125,106.43464388952673,105.18346364819443,105.34219419396732,26132700,0.00700185116065799,MSFT,1328,602,66.66999816894531,56.869998931884766,1.0
2019-03-13,106.91081237792969,107.37767182062807,106.23853364065046,106.56533382579737,35513800,0.00774480558520052,MSFT,1327,601,67.55000305175781,58.2599983215332,1.0
2019-03-14,106.99486541748047,107.56443462330097,106.75210358697855,106.94818373794297,30763400,0.0007861977444680868,MSFT,1326,600,67.2300033569336,58.61000061035156,1.0
2019-03-15,108.22736358642578,109.47854352157728,106.9948477715577,107.69513696252727,54681100,0.011519227246431507,MSFT,1325,599,67.16000366210938,58.52000045776367,1.0
2019-03-18,109.77735137939453,109.81470099724551,108.35810151961293,108.4701432494547,31207600,0.014321588751730063,MSFT,1322,596,67.54000091552734,59.09000015258789,1.0
2019-03-19,109.85204315185547,110.58968202594784,109.2357851847489,110.26287467288245,37588700,0.0006803932826071613,MSFT,1321,595,67.61000061035156,59.029998779296875,1.0
2019-03-20,109.73065185546875,110.87912934011904,108.97434175808351,109.60927095209536,28113300,-0.0011050435923063429,MSFT,1320,594,68.5,59.83000183105469,1.0
2019-03-21,112.25169372558594,112.81192367292404,109.32914884205992,109.37583763921738,29854400,0.022974819045436412,MSFT,1319,593,67.86000061035156,59.97999954223633,1.0
2019-03-22,109.29181671142578,111.6634568091499,109.28247752636707,111.57942551475436,33624500,-0.026368216958899238,MSFT,1318,592,67.02999877929688,59.040000915527344,1.0
2019-03-25,109.86138153076172,110.18818175771925,108.61019435992486,108.83428492645136,27067100,0.005211413228126904,MSFT,1315,589,67.20999908447266,58.81999969482422,1.0
2019-03-26,110.09479522705078,110.84176604777994,109.10504838211295,110.75773476897814,26097700,0.0021246200715554497,MSFT,1314,588,67.97000122070312,59.939998626708984,1.0
2019-03-27,109.03034973144531,110.37490718896221,107.86320113949235,110.06677825099631,22733400,-0.009668445210422871,MSFT,1313,587,67.83000183105469,59.40999984741211,1.0
2019-03-28,109.17977142333984,109.78669024515688,108.43279331591718,109.65597014491458,18334800,0.0013704596221379983,MSFT,1312,586,67.81999969482422,59.29999923706055,1.0
2019-03-29,110.12283325195312,110.47764394644278,109.20778539687471,110.24421417076793,25399800,0.00863769740785214,MSFT,1311,585,68.38999938964844,60.13999938964844,1.0
2019-04-01,111.13124084472656,111.21527926555886,110.27222100794752,111.06588079461754,22789100,0.009157116312711322,MSFT,1308,582,69.01000213623047,61.59000015258789,1.0
2019-04-02,111.28998565673828,111.56076505994658,110.66438842408591,111.16859761036567,18142300,0.0014284445202363827,MSFT,1307,581,69.37000274658203,62.58000183105469,1.0
2019-04-03,112.01829528808594,112.4478052718519,111.25264581724882,111.91558560460797,22860700,0.006544251282357472,MSFT,1306,580,69.30999755859375,62.459999084472656,1.0
2019-04-04,111.44872283935547,112.26106109737731,110.53367490076609,112.13967304377272,20112800,-0.005084637712666984,MSFT,1305,579,69.4000015258789,62.099998474121094,1.0
2019-04-05,111.94356536865234,112.261033518883,111.4580346446476,111.47670588938573,15826200,0.004440091520924394,MSFT,1304,578,70.33999633789062,63.08000183105469,1.0
2019-04-08,111.98092651367188,112.06495780921249,110.77642807827912,111.86887766257335,15116200,0.00033374982203304704,MSFT,1301,575,71.0999984741211,64.4000015258789,1.0
2019-04-09,111.37399291992188,111.6167618365554,110.72039251788176,110.76707419019314,17612000,-0.005419972960090669,MSFT,1300,574,70.61000061035156,63.97999954223633,1.0
2019-04-10,112.22368621826172,112.37307755037614,111.61676745796643,111.82218677287042,16477200,0.0076291895088180794,MSFT,1299,573,71.7300033569336,64.61000061035156,1.0
2019-04-11,112.35440063476562,112.83993134427101,111.97157245381841,112.55048075535684,14209100,0.001164766734267575,MSFT,1298,572,70.83000183105469,63.58000183105469,1.0
2019-04-12,112.93330383300781,112.96132138534503,112.39175225756215,112.64385323891528,19745100,0.005152474624683823,MSFT,1297,571,71.55000305175781,63.88999938964844,1.0
2019-04-15,113.02667236328125,113.52154222590251,112.57848417005823,112.92396271741158,15792600,0.0008267581581735683,MSFT,1294,568,71.18000030517578,63.400001525878906,1.0
2019-04-16,112.76522827148438,113.58690546158695,112.13963831899072,113.57756627796037,14071800,-0.0023131185438828306,MSFT,1293,567,71.72000122070312,64.05000305175781,1.0
2019-04-17,113.69893646240234,113.7736356769603,112.55046631433773,113.20406663244692,19300900,0.008280107309941664,MSFT,1292,566,71.62000274658203,63.7599983215332,1.0
2019-04-18,115.19292449951172,115.33297666136994,113.2601263050454,114.09113570938965,27991000,0.013139859382971464,MSFT,1291,565,71.97000122070312,64.0,1.0
2019-04-22,115.55706024169922,115.78115079698999,114.44593240204404,114.49262119943018,15648700,0.0031610946919664595,MSFT,1287,561,74.04000091552734,65.69999694824219,1.0
2019-04-23,117.12572479248047,117.256444895031,115.62243648943817,115.87453750901095,24025500,0.013574804927541706,MSFT,1286,560,74.51000213623047,66.30000305175781,1.0
2019-04-24,116.72420501708984,117.508525496108,116.26667761395251,117.4525046400953,31257000,-0.003428109205744767,MSFT,1285,559,74.56999969482422,65.88999938964844,1.0
2019-04-25,120.58979034423828,122.66264744389186,120.29100770462844,121.43947796338145,38033900,0.033117255556227354,MSFT,1284,558,74.3499984741211,65.20999908447266,1.0
2019-04-26,121.2807846069336,121.8690322538097,120.46845347357069,121.1033756818488,23654900,0.0057301224317811705,MSFT,1283,557,72.1500015258789,63.29999923706055,1.0
2019-04-29,121.16870880126953,121.55152273221088,120.77654856273588,121.29008257318844,16324200,-0.0009241019179361265,MSFT,1280,554,72.04000091552734,63.5,1.0
2019-04-30,121.94371795654297,122.03708131640306,120.81391159708238,121.20607190230884,24166500,0.006396116315347866,MSFT,1279,553,72.80000305175781,63.90999984741211,1.0
2019-05-01,119.40397644042969,121.99037479054327,119.23590674493316,121.87833307601908,26821700,-0.020827161568243824,MSFT,1278,552,72.18000030517578,63.599998474121094,1.0
2019-05-02,117.84467315673828,119.51603100770696,117.20040477249998,119.49735976229465,27350200,-0.013059056575635442,MSFT,1277,551,70.75,61.810001373291016,1.0
2019-05-03,120.35636138916016,120.85123126997718,118.81573089188751,118.91844054153367,24911100,0.021313549141769306,MSFT,1276,550,70.8499984741211,61.939998626708984,1.0
2019-05-06,119.65609741210938,120.03892566391802,117.75131670987436,118.01275691905519,24239800,-0.00581825479740572,MSFT,1273,547,71.23999786376953,62.25,1.0
2019-05-07,117.20043182373047,118.75040912799564,115.98660112786847,118.07813015861375,36017700,-0.020522694969077215,MSFT,1272,546,69.87999725341797,61.400001525878906,1.0
2019-05-08,117.19108581542969,117.9940848084473,116.48145730733499,117.12572576361251,28419000,-7.974380431330363e-05,MSFT,1271,545,70.37000274658203,62.119998931884766,1.0
2019-05-09,117.18174743652344,117.45252683126198,115.37966928263084,116.05194817664217,27235800,-7.96850617200695e-05,MSFT,1270,544,70.38999938964844,61.70000076293945,1.0
2019-05-10,118.70370483398438,119.45068295223957,115.61309693903331,116.63085444706323,30915100,0.012988007354006736,MSFT,1269,543,70.62000274658203,61.65999984741211,1.0
2019-05-13,115.17422485351562,117.22841070708623,114.88477427419512,115.883853211928,33944900,-0.029733528413497967,MSFT,1266,540,70.2300033569336,61.040000915527344,1.0
2019-05-14,116.46278381347656,117.53655505494612,115.50104717855764,115.65978483594736,25266300,0.01118791085071158,MSFT,1265,539,71.23999786376953,61.779998779296875,1.0
2019-05-15,118.10281372070312,118.74946688666888,115.92856757652989,116.45339054241944,24722700,0.014082008462490414,MSFT,1264,538,71.7699966430664,62.02000045776367,1.0
2019-05-16,120.82998657226562,121.25172683459293,118.51516993202965,118.78695158656856,30112200,0.023091514635814603,MSFT,1263,537,72.62000274658203,62.869998931884766,1.0
2019-05-17,120.02405548095703,122.26390402423397,119.88347059655385,120.24896841574427,25770500,-0.006669959288844174,MSFT,1262,536,72.20999908447266,62.7599983215332,1.0
2019-05-20,118.290283203125,119.57420895840717,117.85918336594227,118.57143154037578,23706900,-0.014445206595332105,MSFT,1259,533,71.97000122070312,63.099998474121094,1.0
2019-05-21,118.92755889892578,119.51797682296929,118.62766305892389,119.42426071360885,15293300,0.0053873883682100665,MSFT,1258,532,72.18000030517578,62.9900016784668,1.0
2019-05-22,119.64917755126953,120.18337437526199,118.57142444774058,118.66514770463229,15396500,0.006067716003126167,MSFT,1257,531,70.98999786376953,61.41999816894531,1.0
2019-05-23,118.25276184082031,118.35585168030983,116.90322732392407,118.2715021979643,23603800,-0.011670917753286325,MSFT,1256,530,67.76000213623047,57.90999984741211,1.0
2019-05-24,118.30900573730469,119.41487285737321,118.0559715569012,118.93691861104664,14123400,0.00047562437958181825,MSFT,1255,529,68.69000244140625,58.630001068115234,1.0
2019-05-28,118.2340316772461,119.95843068632377,118.13094182886866,119.00251508782716,23128400,-0.000633713888400611,MSFT,1251,525,70.11000061035156,59.13999938964844,1.0
2019-05-29,117.09066009521484,117.51238603311228,116.24720106934133,117.50301228002517,22763100,-0.009670410167120225,MSFT,1250,524,69.44999694824219,58.810001373291016,1.0
2019-05-30,117.83103942871094,117.8591535403133,116.94071871085346,117.39056594672913,16829600,0.00632312887205555,MSFT,1249,523,66.87000274658203,56.59000015258789,1.0
2019-05-31,115.90982055664062,116.7907674683269,115.57243693727476,116.42526973902703,26646800,-0.01630486229592054,MSFT,1248,522,64.48999786376953,53.5,1.0
2019-06-03,112.31107330322266,116.55648299429211,111.53322331596902,116.06914788291841,37983600,-0.031047820073704657,MSFT,1245,519,61.279998779296875,53.25,1.0
2019-06-04,115.42253112792969,115.53498760517024,113.07021876120506,113.66063671696156,29382600,0.02770392743293071,MSFT,1244,518,61.970001220703125,53.47999954223633,1.0
2019-06-05,117.92477416992188,117.96226204134769,116.40654755253824,117.10005529871479,24926100,0.021678982582861606,MSFT,1243,517,60.630001068115234,51.68000030517578,1.0
2019-06-06,119.78974914550781,119.93032687355803,117.70921879058938,118.49644977762242,21459000,0.015814954819405758,MSFT,1242,516,61.66999816894531,52.59000015258789,1.0
2019-06-07,123.14485168457031,123.94145655831842,120.20212126532451,121.07370189308585,33885600,0.028008260831960508,MSFT,1241,515,63.290000915527344,53.9900016784668,1.0
2019-06-10,124.26945495605469,125.65647044574472,123.70714403582754,124.08200844920516,26477100,0.009132361248564314,MSFT,1238,512,62.290000915527344,53.2599983215332,1.0
2019-06-11,123.80087280273438,125.80642753395966,123.03238213087653,125.46904382683012,23913700,-0.0037706945241372525,MSFT,1237,511,62.290000915527344,53.27000045776367,1.0
2019-06-12,123.22920227050781,123.67904247224821,122.49820658011886,123.14484561379972,17092500,-0.004617661566388653,MSFT,1236,510,59.970001220703125,51.13999938964844,1.0
2019-06-13,124.00703430175781,124.64430659924139,123.29477196908879,123.68838385285675,17200800,0.006312075522022287,MSFT,1235,509,61.310001373291016,52.279998779296875,1.0
2019-06-14,124.12891387939453,125.38472583754601,123.36980387932037,123.95084821514686,17821700,0.0009828440646368897,MSFT,1234,508,62.0099983215332,52.5099983215332,1.0
2019-06-17,124.50373077392578,125.328435224055,124.20382784649068,124.29755108635382,14517800,0.0030195776537240704,MSFT,1231,505,60.939998626708984,51.93000030517578,1.0
2019-06-18,126.66859436035156,126.74357008698209,125.17848933148368,125.75953333767319,25934500,0.017387941493550496,MSFT,1230,504,62.13999938964844,53.900001525878906,1.0
2019-06-19,127.16531372070312,127.39022663171424,125.40341965026458,126.51866050122688,23744400,0.0039214089558654575,MSFT,1229,503,61.81999969482422,53.7599983215332,1.0
2019-06-20,128.3461456298828,129.01154633909664,127.19342409436848,128.8147332475897,33042600,0.009285801879694855,MSFT,1228,502,64.44999694824219,56.650001525878906,1.0
2019-06-21,128.36488342285156,129.0771313997995,127.88692923702365,127.99938568071065,36727900,0.0001459942008916748,MSFT,1227,501,65.19999694824219,57.43000030517578,1.0
2019-06-24,129.12403869628906,129.70508292776324,128.39304295341407,128.39304295341407,20628800,0.005914041700460615,MSFT,1224,498,64.86000061035156,57.900001525878906,1.0
2019-06-25,125.04727935791016,128.94593159968713,124.39125958168773,128.62729546554462,33327400,-0.03157242740809707,MSFT,1223,497,65.05000305175781,57.83000183105469,1.0
2019-06-26,125.51586151123047,127.21216055210435,125.20660629454929,125.90948766004978,23657700,0.0037472398897950843,MSFT,1222,496,66.48999786376953,59.380001068115234,1.0
2019-06-27,125.72206115722656,126.24689133895703,125.12226953540915,125.71269455225575,16557500,0.001642817437680133,MSFT,1221,495,66.55000305175781,59.43000030517578,1.0
2019-06-28,125.54400634765625,126.14379795268461,124.79426326633084,126.1156838383989,30043000,-0.001416257480440386,MSFT,1220,494,66.55000305175781,58.470001220703125,1.0
2019-07-01,127.15597534179688,128.11189843377034,126.49058869064535,128.04630357950788,22613500,0.01283987217738436,MSFT,1217,491,65.05999755859375,59.09000015258789,1.0
2019-07-02,127.99942016601562,128.00878677212702,126.83731750091239,127.56831318213736,15237800,0.006633151308474083,MSFT,1216,490,62.400001525878906,56.25,1.0
2019-07-03,128.8240966796875,129.08650456600034,127.72758921883212,128.20555767616838,13629300,0.00644281444870809,MSFT,1215,489,63.81999969482422,57.34000015258789,1.0
2019-07-05,128.44921875,128.70226003465305,127.19340753012654,127.39958719907978,18141100,-0.002909998512309442,MSFT,1213,487,64.2300033569336,57.5099983215332,1.0
2019-07-08,128.35556030273438,128.4867642982037,126.8654404182776,127.83073002069405,16779700,-0.0007291476598850766,MSFT,1210,484,64.11000061035156,57.65999984741211,1.0
2019-07-09,127.886962890625,128.36491720222713,127.26842368726088,127.45585590944827,19953100,-0.0036507761019791696,MSFT,1209,483,64.16000366210938,57.83000183105469,1.0
2019-07-10,129.18959045410156,129.87372425822483,128.41173342194742,128.51482325271863,24204400,0.010185772920345615,MSFT,1208,482,67.01000213623047,60.43000030517578,1.0
2019-07-11,129.705078125,130.47356886735088,129.20837627451962,129.51764589277087,22327900,0.0039901641385076125,MSFT,1207,481,66.5199966430664,60.20000076293945,1.0
2019-07-12,130.17364501953125,130.38920563724577,129.3395595644805,130.12679769409456,18936800,0.0036125562800222166,MSFT,1206,480,66.72000122070312,60.209999084472656,1.0
2019-07-15,130.17364501953125,130.77343664675695,129.7612998946939,130.67972769572316,16651500,0.0,MSFT,1203,477,66.4800033569336,59.58000183105469,1.0
2019-07-16,128.4679718017578,130.3142079987972,127.94315600364351,130.22986566699126,22726100,-0.013103061049857812,MSFT,1202,476,64.3499984741211,57.619998931884766,1.0
2019-07-17,127.70891571044922,129.26461624933,127.66205407309698,129.0490698777065,20211000,-0.0059085239742082685,MSFT,1201,475,63.65999984741211,56.779998779296875,1.0
2019-07-18,127.84947204589844,128.03690427421358,126.20941502285669,127.03413398763821,30381800,0.0011005992390373809,MSFT,1200,474,61.93000030517578,55.29999923706055,1.0
2019-07-19,128.03689575195312,131.83245889838872,127.8775776534815,131.41073283770953,48992400,0.0014659716857290395,MSFT,1199,473,62.470001220703125,55.630001068115234,1.0
2019-07-22,129.73313903808594,130.44540124866816,128.70225503353524,128.77723075571004,25074900,0.01324808193896665,MSFT,1196,470,63.2599983215332,56.220001220703125,1.0
2019-07-23,130.5391845703125,131.1952189381756,129.35834844845584,130.97965825151658,18034600,0.006213104363334221,MSFT,1195,469,63.83000183105469,56.77000045776367,1.0
2019-07-24,131.87930297851562,131.8980504876533,130.1267898283691,130.17363715097406,20738300,0.010266024049516709,MSFT,1194,468,63.18000030517578,55.880001068115234,1.0
2019-07-25,131.3826141357422,131.77622606531844,130.56727616020288,131.60752706683664,18356900,-0.003766238003656719,MSFT,1193,467,63.38999938964844,56.02000045776367,1.0
2019-07-26,132.4603729248047,132.77900914156527,131.48571676172458,131.55131160627536,19037600,0.008203207069308105,MSFT,1192,466,63.459999084472656,56.20000076293945,1.0
2019-07-29,132.1698455810547,132.61968576922405,130.61413098427352,132.6103191632778,16605900,-0.002193315157846709,MSFT,1189,463,63.709999084472656,56.869998931884766,1.0
2019-07-30,131.53256225585938,132.34790021052507,131.01711296836243,131.33574914602943,16846500,-0.004821699854408057,MSFT,1188,462,64.72000122070312,58.04999923706055,1.0
2019-07-31,127.70891571044922,131.6637976602231,126.5936745222203,131.51384614076156,38598800,-0.02906996168729936,MSFT,1187,461,65.16999816894531,58.58000183105469,1.0
2019-08-01,129.386474609375,132.08554519632577,128.32746149432379,128.3930706572796,40557500,0.01313580097046052,MSFT,1186,460,60.5,53.95000076293945,1.0
2019-08-02,128.29928588867188,129.63008732660623,126.76231905207105,129.41452672318675,30791600,-0.008402645825117405,MSFT,1185,459,61.88999938964844,55.65999984741211,1.0
2019-08-05,123.90398406982422,125.51591283771656,122.56381561549392,124.92550197337033,42749600,-0.034258193943975335,MSFT,1182,456,59.810001373291016,54.689998626708984,1.0
2019-08-06,126.22817993164062,127.15597459471977,124.8411640907646,125.39409424555218,32696700,0.018758039777854396,MSFT,1181,455,58.939998626708984,53.630001068115234,1.0
2019-08-07,126.78108978271484,127.12784011236145,123.5478374409642,125.38469325765455,33414500,0.00438024101570389,MSFT,1180,454,56.22999954223633,51.09000015258789,1.0
2019-08-08,130.1642608642578,130.25798410281516,127.3902160247668,128.0181359828158,27496500,0.026685139616178244,MSFT,1179,453,57.380001068115234,52.540000915527344,1.0
2019-08-09,129.05844116210938,130.62352249185966,127.88697181647328,129.9018933709022,23466700,-0.008495570864122559,MSFT,1178,452,58.529998779296875,54.5,1.0
2019-08-12,127.259033203125,129.19899302216984,126.74359820594343,128.45863079519498,20484300,-0.013942582467148745,MSFT,1175,449,58.56999969482422,54.93000030517578,1.0
2019-08-13,129.89248657226562,130.07991874953868,126.51865018071645,127.50268698659816,25154600,0.020693645887889467,MSFT,1174,448,61.29999923706055,57.099998474121094,1.0
2019-08-14,125.98084259033203,128.7453148742333,125.68935315252068,128.2187514578287,32527300,-0.030114474556288906,MSFT,1173,447,59.47999954223633,55.22999954223633,1.0
2019-08-15,125.6987533569336,126.54502830476424,124.3541370605279,126.36636978196297,28074400,-0.0022391438856759205,MSFT,1172,446,58.22999954223633,54.470001220703125,1.0
2019-08-16,128.00250244140625,128.31280185130936,126.67668160303253,126.8271324104605,24449100,0.018327541228121413,MSFT,1171,445,58.63999938964844,54.869998931884766,1.0
2019-08-19,130.14639282226562,130.27803370860318,128.71713866504334,129.61982927691545,24355700,0.016748816155689905,MSFT,1168,442,59.7400016784668,56.209999084472656,1.0
2019-08-20,129.06503295898438,130.42847373401733,129.0462373680502,129.95832570063476,21170800,-0.008308796270350749,MSFT,1167,441,60.029998779296875,56.34000015258789,1.0
2019-08-21,130.50367736816406,131.16189605567308,129.7608498307065,130.27801550755848,14970300,0.011146662858226408,MSFT,1166,440,60.29999923706055,55.68000030517578,1.0
2019-08-22,129.553955078125,130.88917340168769,128.15290916117192,130.38141997917384,18697000,-0.007277360371691244,MSFT,1165,439,59.91999816894531,55.349998474121094,1.0
2019-08-23,125.42608642578125,130.0899610311682,124.8713152135032,128.99921419674513,38508600,-0.03186215851036367,MSFT,1164,438,59.34000015258789,54.16999816894531,1.0
2019-08-26,127.36309814453125,127.4665312847883,125.90563638555618,126.93056999275028,20312600,0.015443451788605289,MSFT,1161,435,58.70000076293945,53.63999938964844,1.0
2019-08-27,127.63579559326172,128.55728173810164,126.62027410092034,128.24698230868236,23102100,0.0021411025069522083,MSFT,1160,434,59.5099983215332,54.93000030517578,1.0
2019-08-28,127.46652221679688,127.65457854540064,125.57653244049504,126.82712782998844,17393300,-0.00132622181479769,MSFT,1159,433,60.4900016784668,55.779998779296875,1.0
2019-08-29,129.87371826171875,130.17461995978218,128.7359677919003,129.05566508525567,20168700,0.018884927611249047,MSFT,1158,432,61.08000183105469,56.709999084472656,1.0
2019-08-30,129.6291961669922,130.8703793211406,128.13412909694497,130.84217159134928,23940100,-0.0018827681073533276,MSFT,1157,431,60.43000030517578,55.099998474121094,1.0
2019-09-03,127.91786193847656,129.0086087454522,127.59816474091492,128.45383754713433,18869300,-0.01320176533619044,MSFT,1153,427,58.2599983215332,53.939998626708984,1.0
2019-09-04,129.4129638671875,129.4693793406086,128.3316146847541,129.10266441559082,17995900,0.011687984039555177,MSFT,1152,426,60.70000076293945,56.2599983215332,1.0
2019-09-05,131.68846130371094,131.99876071400755,130.47547139548067,130.8045807436743,26101800,0.017583226351717718,MSFT,1151,425,60.95000076293945,56.29999923706055,1.0
2019-09-06,130.795166015625,131.81067296613517,129.94889109316404,131.66963431961344,20824500,-0.006783398326947965,MSFT,1150,424,61.540000915527344,56.52000045776367,1.0
2019-09-09,129.3095245361328,131.40638083548524,128.31281295925083,131.2559300150329,25773900,-0.011358535064779907,MSFT,1147,421,62.59000015258789,57.849998474121094,1.0
2019-09-10,127.95552062988281,128.71715832773847,126.47924857035898,128.63253510526178,28903400,-0.010471029965558709,MSFT,1146,420,62.380001068115234,57.400001525878906,1.0
2019-09-11,127.99307250976562,128.13412550254242,127.02456888669381,127.7956184067655,24726100,0.0002934760430652883,MSFT,1145,419,60.810001373291016,55.75,1.0
2019-09-12,129.3095245361328,130.15578529256243,128.6983234584626,129.61982397289833,27010000,0.010285338108956932,MSFT,1144,418,60.380001068115234,55.09000015258789,1.0
2019-09-13,129.12147521972656,129.81728519361548,128.41625310168408,129.55400341736876,23363100,-0.001454257272082926,MSFT,1143,417,60.220001220703125,54.849998474121094,1.0
2019-09-16,128.19058227539062,128.53848727703578,127.56058554505258,127.72043417682957,16731400,-0.007209435477342763,MSFT,1140,414,69.0199966430664,62.900001525878906,1.0
2019-09-17,129.18728637695312,129.3095294667043,128.28459576759934,128.7829659228231,17814200,0.007775174149855069,MSFT,1139,413,64.55000305175781,59.34000015258789,1.0
2019-09-18,130.2498779296875,130.39091666853176,128.3786826902317,129.15913052333778,23982100,0.008225202204757753,MSFT,1138,412,63.599998474121094,58.11000061035156,1.0
2019-09-19,132.64755249023438,133.86992570956915,131.70725656903707,131.92352061353486,35772100,0.018408267237234544,MSFT,1137,411,64.4000015258789,58.130001068115234,1.0
2019-09-20,131.11488342285156,133.1929296572514,129.99592882843055,132.59114075955173,39167300,-0.011554446641566574,MSFT,1136,410,64.27999877929688,58.09000015258789,1.0
2019-09-23,130.832763671875,131.2935138024361,130.17455944805624,130.91738685469969,17139300,-0.002151698904133692,MSFT,1133,407,64.7699966430664,58.63999938964844,1.0
2019-09-24,129.17787170410156,132.29024923189132,128.70772369451933,131.9799498238336,29773200,-0.012648910879264674,MSFT,1132,406,63.099998474121094,57.290000915527344,1.0
2019-09-25,131.0396728515625,131.60385628417788,127.90848493088666,129.29072142779168,21382000,0.014412694085296884,MSFT,1131,405,62.38999938964844,56.4900016784668,1.0
2019-09-26,131.20889282226562,131.81068166677636,130.17457586801976,131.1148718343039,17456600,0.0012913644167504845,MSFT,1130,404,62.7400016784668,56.40999984741211,1.0
2019-09-27,129.5069580078125,131.97994096348273,128.49143665355754,131.7824724996925,22477700,-0.012971184939107316,MSFT,1129,403,61.90999984741211,55.90999984741211,1.0
2019-09-30,130.72935485839844,130.90801339831535,129.553984830291,129.80786877374024,17280900,0.00943885077211215,MSFT,1126,400,60.779998779296875,54.06999969482422,1.0
2019-10-01,128.8863983154297,131.8765331425289,128.82057069894088,131.32176186546792,21466600,-0.014097495891148393,MSFT,1125,399,58.88999938964844,53.619998931884766,1.0
2019-10-02,126.61087036132812,128.2281808808012,125.60476094562391,128.11534993453395,30521700,-0.01765529942525479,MSFT,1124,398,57.689998626708984,52.63999938964844,1.0
2019-10-03,128.14356994628906,128.58551032521106,125.26626575860587,126.89297423016744,24132900,0.012105592360172945,MSFT,1123,397,57.709999084472656,52.45000076293945,1.0
2019-10-04,129.87371826171875,129.99596137002985,128.27521744715918,128.5855169428686,22897700,0.013501639732331983,MSFT,1122,396,58.369998931884766,52.810001373291016,1.0
2019-10-07,128.9333953857422,129.93010694639597,128.83937438532524,128.95220532493747,15303700,-0.007240286091460324,MSFT,1119,393,58.349998474121094,52.75,1.0
2019-10-08,127.56993865966797,129.53515357985705,127.52292099672381,128.89575927670083,25550500,-0.010574891958712751,MSFT,1118,392,58.2400016784668,52.630001068115234,1.0
2019-10-09,129.986572265625,130.41910055078947,128.79239188671826,129.25314226227343,19749900,0.018943597773485976,MSFT,1117,391,58.31999969482422,52.59000015258789,1.0
2019-10-10,130.795166015625,131.33112722018444,129.99590875793024,130.22158494014187,17654600,0.006220594449922512,MSFT,1116,390,59.099998474121094,53.54999923706055,1.0
2019-10-11,131.3405303955078,132.6099356573228,131.17128401274712,131.75426290595945,25446000,0.0041696065420160355,MSFT,1115,389,60.5099983215332,54.70000076293945,1.0
2019-10-14,131.21835327148438,131.91416336011372,131.19014552993363,131.3499941813156,13304300,-0.0009302316935642096,MSFT,1112,386,59.349998474121094,53.59000015258789,1.0
2019-10-15,133.11769104003906,133.32454292812406,131.4627611531502,131.69783511683093,19695700,0.014474634997324376,MSFT,1111,385,58.7400016784668,52.810001373291016,1.0
2019-10-16,132.02694702148438,132.57232034976445,131.19948206164202,132.384249696872,20751600,-0.008193832164851922,MSFT,1110,384,59.41999816894531,53.36000061035156,1.0
2019-10-17,131.34994506835938,132.97665306327167,130.71994849631562,132.53471281384464,21460600,-0.005127755874070439,MSFT,1109,383,59.90999984741211,53.93000030517578,1.0
2019-10-18,129.20616149902344,131.64152629195556,128.4069036359929,131.41584993882293,32273500,-0.0163211607604421,MSFT,1108,382,59.41999816894531,53.779998779296875,1.0
2019-10-21,130.16517639160156,130.23100400258022,128.82995771128697,130.18398633013535,20078200,0.007422361917201359,MSFT,1105,379,58.959999084472656,53.310001373291016,1.0
2019-10-22,128.2281494140625,131.6508259728014,128.12471628943948,130.6729245336376,27431000,-0.014881299524471259,MSFT,1104,378,59.70000076293945,54.15999984741211,1.0
2019-10-23,129.0462188720703,129.2436729830338,127.5135319116312,128.70771176264134,29844600,0.006379796181618325,MSFT,1103,377,61.16999816894531,55.970001220703125,1.0
2019-10-24,131.58502197265625,132.03636002648724,130.3908420585383,131.06785631317385,37029300,0.019673595420124368,MSFT,1102,376,61.66999816894531,56.22999954223633,1.0
2019-10-25,132.3278350830078,132.7133598370061,130.8891835354303,131.0208243846277,25959700,0.00564511902050624,MSFT,1101,375,62.02000045776367,56.65999984741211,1.0
2019-10-28,135.58128356933594,136.97291764256804,134.94187482361625,135.7787376960855,35280100,0.024586274567911293,MSFT,1098,372,61.56999969482422,55.810001373291016,1.0
2019-10-29,134.302490234375,135.87278295929912,134.13322947987797,135.47786032917864,20589500,-0.00943193117291119,MSFT,1097,371,61.59000015258789,55.540000915527344,1.0
2019-10-30,135.97621154785156,136.34292643123823,134.2648658601945,134.95129230297334,18496600,0.012462325237273753,MSFT,1096,370,60.61000061035156,55.060001373291016,1.0
2019-10-31,134.8102569580078,136.27711668382418,134.45295417080953,136.24890894661854,24605100,-0.008574695357161377,MSFT,1095,369,60.22999954223633,54.18000030517578,1.0
2019-11-01,135.1393585205078,135.79756293011184,134.4341364356935,135.6471121085509,33128400,0.0024412204970614138,MSFT,1094,368,61.689998626708984,56.20000076293945,1.0
2019-11-04,135.9197998046875,136.3429301666834,135.5530849112538,136.18308155649737,16912000,0.005775085013898895,MSFT,1091,365,62.130001068115234,56.540000915527344,1.0
2019-11-05,135.835205078125,136.3617686921327,135.318039261588,136.31475100921435,18250200,-0.0006223870744663795,MSFT,1090,364,62.959999084472656,57.22999954223633,1.0
2019-11-06,135.4590301513672,135.8915725946518,134.65037507305217,135.75051959568236,16575800,-0.0027693478030342833,MSFT,1089,363,61.7400016784668,56.349998474121094,1.0
2019-11-07,135.64710998535156,136.23010332282993,135.1863740797304,135.25218734577064,17786700,0.001388462871572349,MSFT,1088,362,62.290000915527344,57.150001525878906,1.0
2019-11-08,137.24563598632812,137.27384372374954,135.17697292355092,135.38383922982865,16732700,0.011784445692570866,MSFT,1087,361,62.5099983215332,57.2400016784668,1.0
2019-11-11,137.38665771484375,137.67814719740517,136.08904456250804,136.66262573224404,14362600,0.0010275133886930021,MSFT,1084,358,62.18000030517578,56.86000061035156,1.0
2019-11-12,138.28932189941406,138.75946983921307,137.33961387844312,137.5464801197768,18641600,0.006570246336757624,MSFT,1083,357,62.060001373291016,56.79999923706055,1.0
2019-11-13,138.51498413085938,138.65603712187527,137.5464805198783,137.97902293877326,16919200,0.0016318124085492602,MSFT,1082,356,62.369998931884766,57.119998931884766,1.0
2019-11-14,139.22021484375,139.54932416248266,138.22350344111155,138.24231337732473,19729800,0.0050913676763257865,MSFT,1081,355,62.279998779296875,56.77000045776367,1.0
2019-11-15,141.0162353515625,141.0350452946873,139.41773453273896,140.0383191780305,23485700,0.012900572735275562,MSFT,1080,354,63.29999923706055,57.720001220703125,1.0
2019-11-18,141.36407470703125,141.5615431486386,140.0852717765639,141.11020515781956,21534000,0.002466661761332478,MSFT,1077,351,62.439998626708984,57.04999923706055,1.0
2019-11-19,141.4111328125,142.29501346031734,141.232474254182,141.87188307617376,23935700,0.0003328858874949159,MSFT,1076,350,60.90999984741211,55.209999084472656,1.0
2019-11-20,141.1658172607422,142.31688312760556,140.0713732271126,141.81683157521755,25696800,-0.00173476830910535,MSFT,1075,349,62.400001525878906,57.11000061035156,1.0
2019-11-21,141.03372192382812,141.33564743404634,140.10910024283606,140.95824054627357,18576100,-0.0009357459155290293,MSFT,1074,348,63.970001220703125,58.58000183105469,1.0
2019-11-22,141.13754272460938,141.80743112200489,140.41106127548144,141.5904311045124,15901800,0.0007361416784938957,MSFT,1073,347,63.38999938964844,57.77000045776367,1.0
2019-11-25,142.68482971191406,142.7980589689639,141.4488528300015,141.52433420250148,22420900,0.010962972412831284,MSFT,1070,344,63.650001525878906,58.0099983215332,1.0
2019-11-26,143.4396514892578,143.80761423990813,142.76977759795693,142.8075110918125,24620100,0.005290133358029525,MSFT,1069,343,64.2699966430664,58.40999984741211,1.0
2019-11-27,143.71327209472656,143.88309441054716,142.95847265456396,143.72270186896043,15184400,0.0019075660225600366,MSFT,1068,342,64.05999755859375,58.11000061035156,1.0
2019-11-29,142.8263702392578,143.69438447402376,142.73201491949175,143.50568823109214,11977300,-0.006171328803119547,MSFT,1066,340,62.43000030517578,55.16999816894531,1.0
2019-12-02,141.09976196289062,143.2509306587758,139.93926647088404,143.23205671678392,27418400,-0.012088861976082055,MSFT,1063,337,60.91999816894531,55.959999084472656,1.0
2019-12-03,140.87332153320312,140.98653639491616,138.3636198568316,139.15616707862256,24066000,-0.0016048250297335809,MSFT,1062,336,60.81999969482422,56.099998474121094,1.0
2019-12-04,141.3828582763672,141.69419923652376,140.76957733852805,141.65646573719098,17574700,0.0036169853711014444,MSFT,1061,335,63.0,58.43000030517578,1.0
2019-12-05,141.45834350585938,141.82632075394937,141.0337731997787,141.5715728116586,17869100,0.000533906517469207,MSFT,1060,334,63.38999938964844,58.43000030517578,1.0
2019-12-06,143.1754608154297,143.28867568329738,141.7790913241923,142.45840932459984,16403500,0.012138678193267527,MSFT,1059,333,64.38999938964844,59.20000076293945,1.0
2019-12-09,142.8074951171875,143.60947213877773,142.38292497494575,142.53388772668518,16687400,-0.0025700332734849285,MSFT,1056,330,64.25,59.02000045776367,1.0
2019-12-10,142.59048461914062,143.30753604199774,142.24138148197392,142.74143296312153,16476100,-0.0015196015998235612,MSFT,1055,329,64.33999633789062,59.2400016784668,1.0
2019-12-11,143.12828063964844,143.28867316517588,141.83569626553893,142.97731788741072,18856600,0.0037716122639197547,MSFT,1054,328,63.720001220703125,58.7599983215332,1.0
2019-12-12,144.58128356933594,144.76997982651594,142.48672200245406,143.08111449274102,24612100,0.010151752841534467,MSFT,1053,327,64.19999694824219,59.18000030517578,1.0
2019-12-13,145.79840087890625,146.13805993358372,144.1944609416082,144.3548534956777,23845400,0.008418221774788792,MSFT,1052,326,65.22000122070312,60.06999969482422,1.0
2019-12-16,146.74183654785156,147.09092523450985,146.07196288444794,146.34557021247258,24144200,0.006470823158951422,MSFT,1049,323,65.33999633789062,60.209999084472656,1.0
2019-12-17,145.94932556152344,146.91169503134057,145.72288145197845,146.66637698018368,25425600,-0.005400716012367024,MSFT,1048,322,66.0999984741211,60.939998626708984,1.0
2019-12-18,145.64743041992188,146.69471125023816,145.4681639287665,145.58139320542384,24129200,-0.0020684928857331863,MSFT,1047,321,66.16999816894531,60.93000030517578,1.0
2019-12-19,146.91171264648438,146.9683200815082,145.06245485496703,145.2983287653003,24958900,0.008680429327983408,MSFT,1046,320,66.54000091552734,61.220001220703125,1.0
2019-12-20,148.51564025878906,149.53461719601128,147.45891543689208,148.45903282837668,53477500,0.010917629257813033,MSFT,1045,319,66.13999938964844,60.439998626708984,1.0
2019-12-23,148.51564025878906,149.18551404746862,148.38355145562693,149.18551404746862,17718200,0.0,MSFT,1042,316,66.38999938964844,60.52000045776367,1.0
2019-12-24,148.48733520507812,148.79869046613936,148.24201714670278,148.58167612271507,8989200,-0.00019058634943514008,MSFT,1041,315,67.19999694824219,61.11000061035156,1.0
2019-12-26,149.70448303222656,149.76109047910452,148.506239285762,148.65720207517253,14520600,0.00819698074227948,MSFT,1039,313,67.91999816894531,61.68000030517578,1.0
2019-12-27,149.9780731201172,150.53473209198071,149.2798811644335,150.44037676943395,18412800,0.001827534368705086,MSFT,1038,312,68.16000366210938,61.720001220703125,1.0
2019-12-30,148.6854705810547,150.03467679735755,147.87406377591745,150.00637308062258,16348400,-0.00861861012194265,MSFT,1035,309,68.44000244140625,61.68000030517578,1.0
2019-12-31,148.7892608642578,148.8553124700103,147.60989130382995,147.911816821668,18369400,0.0006980526261073372,MSFT,1034,308,66.0,61.060001373291016,1.0
2020-01-02,151.54428100585938,151.64806611302345,149.38368209784642,149.8082523011168,22622100,0.01851625665453782,MSFT,1032,306,66.25,61.18000030517578,1.0
2020-01-03,149.6572723388672,150.91212325532504,149.12891708911667,149.37423516693,21116200,-0.01245186327367398,MSFT,1031,305,68.5999984741211,63.04999923706055,1.0
2020-01-06,150.04408264160156,150.11013423451627,147.66647003884313,148.20426936424013,20813700,0.0025846408710330504,MSFT,1028,302,68.91000366210938,63.27000045776367,1.0
2020-01-07,148.67601013183594,150.64791210605264,148.43070650521202,150.31769734674324,21634100,-0.009117803819251091,MSFT,1027,301,68.2699966430664,62.70000076293945,1.0
2020-01-08,151.04420471191406,151.71409291161044,149.02512473635332,149.94974637838766,27746500,0.01592855887091793,MSFT,1026,300,65.44000244140625,59.61000061035156,1.0
2020-01-09,152.93116760253906,153.053826612791,151.9310647710623,152.69529374996068,21385000,0.012492785765756409,MSFT,1025,299,65.37000274658203,59.560001373291016,1.0
2020-01-10,152.22357177734375,153.9973480554913,152.07260903099078,153.6199555862088,20725900,-0.00462689088357926,MSFT,1024,298,64.9800033569336,59.040000915527344,1.0
2020-01-13,154.05392456054688,154.0822282702312,152.14805986108476,152.61980755128647,21626500,0.012024108762080266,MSFT,1021,295,64.19999694824219,58.08000183105469,1.0
2020-01-14,152.96893310546875,154.35587267015467,152.58209648748715,154.15773227665707,23477400,-0.007042932909194999,MSFT,1020,294,64.48999786376953,58.22999954223633,1.0
2020-01-15,153.95960998535156,154.6766758779403,153.38409147181704,153.43125473603405,21417900,0.006476327315428021,MSFT,1019,293,64.0,57.810001373291016,1.0
2020-01-16,156.78065490722656,156.84670650655414,154.76157499203615,155.06350048050558,23865400,0.018323279216824417,MSFT,1018,292,64.62000274658203,58.52000045776367,1.0
2020-01-17,157.65814208984375,158.0072309026949,156.08249155325078,157.96005323691986,34371700,0.005596909791813376,MSFT,1017,291,64.8499984741211,58.540000915527344,1.0
2020-01-21,157.0919952392578,158.6865048817787,157.02594364620745,157.26181751293308,29517200,-0.0035909775612052997,MSFT,1013,287,64.58999633789062,58.34000015258789,1.0
2020-01-22,156.33724975585938,158.02611528456538,156.31837580898244,157.94118972192078,24138800,-0.00480448085371199,MSFT,1012,286,63.209999084472656,56.7400016784668,1.0
2020-01-23,157.29962158203125,157.37510297393763,155.93155554566133,156.79956995767952,19680800,0.0061557423306009,MSFT,1011,285,62.040000915527344,55.59000015258789,1.0
2020-01-24,155.71450805664062,158.06381729197344,155.15784910579725,158.04494334885658,24918100,-0.010077033304012106,MSFT,1010,284,60.689998626708984,54.189998626708984,1.0
2020-01-27,153.1104278564453,154.14827852455528,151.1479557545808,152.0442734788957,32078100,-0.016723426947783726,MSFT,1007,281,59.31999969482422,53.13999938964844,1.0
2020-01-28,156.1107635498047,156.39380066763195,153.85580999932648,154.52568370698174,24899900,0.019595893861471314,MSFT,1006,280,59.5099983215332,53.47999954223633,1.0
2020-01-29,158.54501342773438,159.21490171910187,156.32780713805184,158.3563171642766,34754500,0.015593094432294397,MSFT,1005,279,59.810001373291016,53.33000183105469,1.0
2020-01-30,163.0171661376953,164.21540956252485,161.13960473946636,164.21540956252485,51597500,0.02820746369294902,MSFT,1004,278,58.290000915527344,52.13999938964844,-1.0
2020-01-31,160.61123657226562,162.6586201005581,159.99797024964954,162.47936804687262,36142700,-0.014758749783427616,MSFT,1003,277,58.15999984741211,51.560001373291016,1.0
2020-02-03,164.52674865722656,164.6399635094619,160.7716262299697,160.79992994302856,30107000,0.024378817874297187,MSFT,1000,274,54.45000076293945,50.11000061035156,-1.0
2020-02-04,169.9424285888672,170.43305034843976,166.3477125352507,167.1308156372182,36433300,0.0329167140045028,MSFT,999,273,53.959999084472656,49.61000061035156,-1.0
2020-02-05,169.73486328125,173.7918974939306,168.32906396328247,173.63150495950617,39186300,-0.001221386026672211,MSFT,998,272,55.279998779296875,50.75,-1.0
2020-02-06,173.2541046142578,173.4333710847966,169.88581835396727,170.7444028199159,27751400,0.020733756548154902,MSFT,997,271,54.93000030517578,50.95000076293945,-1.0
2020-02-07,173.49940490722656,175.1410924302092,172.1690726591165,172.51817581999805,33529100,0.0014158411629836554,MSFT,996,270,54.470001220703125,50.31999969482422,-1.0
2020-02-10,178.03758239746094,178.169671180043,172.89553525156342,173.20689046692058,35844300,0.026156732310759434,MSFT,993,267,53.27000045776367,49.56999969482422,-1.0
2020-02-11,174.0183563232422,179.9246344638434,173.1314680255405,179.877456797595,53159900,-0.022575155313252937,MSFT,992,266,54.0099983215332,49.939998626708984,-1.0
2020-02-12,174.2730712890625,175.34865565201176,171.57467341056173,175.09390781966596,47062900,0.0014637246966473505,MSFT,991,265,55.790000915527344,51.16999816894531,-1.0
2020-02-13,173.32962036132812,175.70721942012503,172.53707294512571,172.73521339832718,35295800,-0.005413635742779199,MSFT,990,264,56.34000015258789,51.41999816894531,-1.0
2020-02-14,174.876953125,174.93356056981418,172.32950293553395,172.89560617688272,23149500,0.008927111017991374,MSFT,989,263,57.31999969482422,52.04999923706055,-1.0
2020-02-18,176.65066528320312,177.09410933712462,175.01842203596405,175.12220712085204,27792200,0.0101426295833007,MSFT,985,259,57.75,52.04999923706055,-1.0
2020-02-19,177.1804656982422,178.0319252173796,176.41414924383423,177.91840113107367,29997500,0.0029991419176922385,MSFT,984,258,59.119998931884766,53.290000915527344,-1.0
2020-02-20,174.4747314453125,177.15211900829618,171.33377748279395,176.86829430160537,36862400,-0.015271064122485467,MSFT,983,257,59.310001373291016,53.779998779296875,-1.0
2020-02-21,168.9591064453125,173.60432649349278,167.69137259385064,173.29212079528097,48572600,-0.03161274388737956,MSFT,982,256,58.5,53.380001068115234,-1.0
2020-02-24,161.67437744140625,165.13700729463477,154.42745645308867,158.7226349755328,68311100,-0.043115338126294644,MSFT,979,253,56.29999923706055,51.43000030517578,-1.0
2020-02-25,159.0064239501953,165.41132486252457,158.6090607667317,164.805838994472,68073300,-0.016502018028044407,MSFT,978,252,54.95000076293945,49.900001525878906,-1.0
2020-02-26,160.9931640625,163.9165247766763,159.13886994906164,160.5579787737206,56206100,0.012494716018058405,MSFT,977,251,53.43000030517578,48.72999954223633,-1.0
2020-02-27,149.64974975585938,158.0224976383526,149.4605381321256,154.51257654493847,93174900,-0.07045898111696802,MSFT,976,250,52.18000030517578,47.09000015258789,-1.0
2020-02-28,153.27322387695312,154.8815589206955,143.80304190624392,144.19093515495462,97012700,0.024213031608840918,MSFT,975,249,50.52000045776367,44.7599983215332,-1.0
2020-03-02,163.4718780517578,163.59487210913974,153.55704125494026,156.39525905232836,71030800,0.06653904652643128,MSFT,972,246,51.900001525878906,46.75,-1.0
2020-03-03,155.63844299316406,165.56275261848566,153.50977903092638,164.42746805914416,71677000,-0.04791915986989248,MSFT,971,245,51.86000061035156,47.18000030517578,-1.0
2020-03-04,161.35269165039062,161.49459677203134,156.6885460281868,159.40378432160293,49814400,0.03671489220357693,MSFT,970,244,51.130001068115234,46.779998779296875,-1.0
2020-03-05,157.30349731445312,161.6554226701789,156.75477346692026,157.09536018483988,47817300,-0.02509530082529432,MSFT,969,243,49.9900016784668,45.900001525878906,-1.0
2020-03-06,152.85696411132812,154.31390963214946,147.5873325518678,153.84087330986785,72821100,-0.028267224054378648,MSFT,968,242,45.27000045776367,41.279998779296875,-1.0
2020-03-09,142.49746704101562,149.24297008661304,141.9109065799807,142.8569792905139,70419300,-0.0677724899911496,MSFT,965,239,34.36000061035156,31.1299991607666,-1.0
2020-03-10,152.24200439453125,152.34607296024774,144.35176220231784,149.63084915826624,65354400,0.0683839338050185,MSFT,964,238,37.220001220703125,34.36000061035156,-1.0
2020-03-11,145.3451690673828,149.19567786157322,142.99889812654817,148.65642387157212,56371600,-0.04530179009779367,MSFT,963,237,35.790000915527344,32.97999954223633,-1.0
2020-03-12,131.5608367919922,145.19374469682643,131.1067260435362,137.46433426560162,93226400,-0.09483859947901074,MSFT,962,236,33.220001220703125,31.5,1.0
2020-03-13,150.2646942138672,153.17859919394692,133.1407764964393,139.54569124869116,92727400,0.14216888458567079,MSFT,961,235,33.849998474121094,31.729999542236328,-1.0
2020-03-16,128.1171112060547,141.29590606490612,127.71976256593747,132.4501241424537,87905900,-0.14739046403202682,MSFT,958,232,30.049999237060547,28.700000762939453,1.0
2020-03-17,138.66583251953125,139.54567288372672,127.71976840205497,132.45013019472367,81059800,0.08233655297230924,MSFT,957,231,28.729999542236328,26.950000762939453,1.0
2020-03-18,132.82859802246094,138.12661078587766,127.73873683869692,130.55802937295286,81593200,-0.042095694310623544,MSFT,956,230,24.8799991607666,20.3700008392334,1.0
2020-03-19,135.01402282714844,142.05279062232898,131.50408724036618,135.07078487160544,85922700,0.016452968993303285,MSFT,955,229,28.469999313354492,25.219999313354492,1.0
2020-03-20,129.943115234375,139.1673257712155,128.53346145283714,138.1266398337142,84866200,-0.03755837717142507,MSFT,954,228,26.979999542236328,22.43000030517578,1.0
2020-03-23,128.64698791503906,132.98947346409804,125.37358379021876,129.62144183970466,78975200,-0.009974574774493816,MSFT,951,225,27.030000686645508,23.360000610351562,1.0
2020-03-24,140.3404083251953,141.5324690597713,133.65168243997798,135.99793848446913,82516700,0.0908954076552404,MSFT,950,224,27.149999618530273,24.010000228881836,1.0
2020-03-25,138.99697875976562,146.00737989282055,136.650722853414,140.87966835078421,75638200,-0.00957264968416438,MSFT,949,223,27.389999389648438,24.489999771118164,1.0
2020-03-26,147.69142150878906,148.211764422316,140.36881303206195,140.39719406044296,64568100,0.06255130742122406,MSFT,948,222,26.34000015258789,22.600000381469727,1.0
2020-03-27,141.62705993652344,146.53717885318503,141.15402365454713,143.56651157981065,57042300,-0.04106102785329846,MSFT,947,221,24.93000030517578,21.510000228881836,1.0
2020-03-30,151.58921813964844,151.93927483997578,141.92035440787237,144.21931847637944,63420300,0.07034078238713692,MSFT,944,218,22.760000228881836,20.09000015258789,1.0
2020-03-31,149.20513916015625,155.89386596934028,148.11714684043403,150.80398997511287,77927200,-0.015727233168363663,MSFT,943,217,22.739999771118164,20.479999542236328,1.0
2020-04-01,143.90708923339844,149.2429375812106,142.68666205442855,144.74909318494593,57969900,-0.03550849492570696,MSFT,942,216,24.739999771118164,20.309999465942383,1.0
2020-04-02,146.88726806640625,147.0954052519253,142.25151679459384,143.67062609444574,49630700,0.02070904810098928,MSFT,941,215,29.940000534057617,25.31999969482422,1.0
2020-04-03,145.5343475341797,148.8929080992984,143.98278907166946,146.73586375961153,41243300,-0.009210604499873432,MSFT,940,214,34.11000061035156,28.34000015258789,1.0
2020-04-06,156.35743713378906,157.52110249756834,149.08213585583528,151.674380216992,67111700,0.07436793982305456,MSFT,937,211,33.04999923706055,26.079999923706055,1.0
2020-04-07,154.6733856201172,160.83231189639517,154.45577856898353,160.4444187383773,62769000,-0.010770523900509477,MSFT,936,210,31.8700008392334,23.6299991607666,1.0
2020-04-08,156.22500610351562,157.6819518638952,154.68290281982192,156.73587906377395,48318200,0.010031593199939737,MSFT,935,209,32.84000015258789,25.09000015258789,1.0
2020-04-09,156.2344512939453,158.34418945652004,154.52206194881128,157.38866118857393,51385100,6.045888981076608e-05,MSFT,934,208,31.479999542236328,22.760000228881836,1.0
2020-04-13,156.5845184326172,156.6412949320526,153.54763254748434,155.48708485428529,41905300,0.0022406526586971065,MSFT,930,204,31.739999771118164,22.40999984741211,1.0
2020-04-14,164.33277893066406,164.38008543955723,158.94016894299634,159.88624137718085,52874300,0.049482928297162276,MSFT,929,203,29.600000381469727,20.110000610351562,1.0
2020-04-15,162.61097717285156,164.2098423148961,160.11334587025092,161.9676402425253,40940800,-0.010477530831137338,MSFT,928,202,27.690000534057617,19.8700008392334,1.0
2020-04-16,167.49267578125,167.71973838730918,163.57593605123742,164.90044626603395,50479600,0.030020719961662223,MSFT,927,201,27.81999969482422,19.8700008392334,1.0
2020-04-17,168.9685821533203,170.2930780974871,166.38579340831046,169.82004176943852,52765600,0.008811766635084872,MSFT,926,200,28.079999923706055,18.270000457763672,1.0
2020-04-20,165.6194610595703,169.11047113712758,165.55324348664345,167.10480191712205,36669600,-0.019820969384184317,MSFT,923,197,25.56999969482422,-37.630001068115234,1.0
2020-04-21,158.76992797851562,164.30444463062025,157.152137304255,164.1436140033889,56203700,-0.041357054522662806,MSFT,922,196,19.329999923706055,10.010000228881836,1.0
2020-04-22,164.1625213623047,164.6166321676054,161.60812823309527,162.1473821076544,34620200,0.03396482855694671,MSFT,921,195,20.3700008392334,13.779999732971191,1.0
2020-04-23,162.17578125,165.61948531645297,161.69328936770626,164.72071913449065,32790800,-0.01210227581678025,MSFT,920,194,21.329999923706055,16.5,1.0
2020-04-24,165.13694763183594,165.14640315932445,161.50403291931855,162.7812220544168,34277600,0.01825899255124397,MSFT,919,193,21.440000534057617,16.940000534057617,1.0
2020-04-27,164.66392517089844,167.3602231942558,163.95437078013265,167.06694302248667,33194400,-0.002864425361622125,MSFT,916,190,19.989999771118164,12.779999732971191,1.0
2020-04-28,160.65260314941406,166.19658975824308,160.25525434705176,166.12090220980403,34392700,-0.02436066076598853,MSFT,915,189,20.459999084472656,12.34000015258789,1.0
2020-04-29,167.86166381835938,168.09818198150484,162.6109721452684,163.87870603510657,51286600,0.044873600101210664,MSFT,914,188,22.540000915527344,15.0600004196167,1.0
2020-04-30,169.5457000732422,170.6715144942926,166.72639294766603,170.2930911771575,53875900,0.01003228620863128,MSFT,913,187,25.270000457763672,18.84000015258789,1.0
2020-05-01,165.15591430664062,169.00642259892936,164.6261014808525,166.31957965837367,39370500,-0.025891460324297344,MSFT,912,186,26.440000534057617,19.780000686645508,1.0
2020-05-04,169.1956024169922,169.34697748159672,164.42740336931547,165.08019570399185,30372900,0.02445984527596856,MSFT,909,183,27.200000762939453,20.389999389648438,1.0
2020-05-05,171.01211547851562,173.7462653146217,170.19849228666789,170.87966586290904,36839200,0.010736171836467356,MSFT,908,182,30.969999313354492,24.559999465942383,1.0
2020-05-06,172.6961212158203,174.26660551621677,171.83520594582544,172.26093581532623,32139300,0.00984728908003163,MSFT,907,181,29.719999313354492,23.989999771118164,1.0
2020-05-07,173.69894409179688,174.5977102209606,172.73394594797495,174.23819799492594,28316000,0.005806863923268457,MSFT,906,180,29.459999084472656,23.549999237060547,1.0
2020-05-08,174.72068786621094,175.02343803963055,173.47187949066208,175.00451254481112,30877800,0.005882268195448015,MSFT,905,179,30.969999313354492,24.739999771118164,1.0
2020-05-11,176.6696319580078,177.39809758752233,172.98940950823808,173.27321978678938,30892700,0.0111546269397087,MSFT,902,176,29.6299991607666,24.139999389648438,1.0
2020-05-12,172.66770935058594,176.9534171809746,172.46904218373015,176.7263689902823,32038200,-0.02265201191098354,MSFT,901,175,29.979999542236328,25.780000686645508,1.0
2020-05-13,170.0565643310547,174.12467974465682,167.0196646746437,172.70557072381354,44711500,-0.015122370183469291,MSFT,900,174,29.190000534057617,25.290000915527344,1.0
2020-05-14,170.7945098876953,170.94588499008822,166.20605134339007,167.96574720991572,41873900,0.004339412356961558,MSFT,899,173,31.1299991607666,27.559999465942383,1.0
2020-05-15,173.28268432617188,176.97236219102498,167.45487285703408,169.40378036697825,46610400,0.014568234307488215,MSFT,898,172,32.5,29.43000030517578,1.0
2020-05-18,174.93829345703125,176.15872079777952,174.0395273458231,175.7329910015149,35264500,0.009554382985798027,MSFT,895,169,34.810001373291016,31.81999969482422,1.0
2020-05-19,173.72732543945312,176.53716236645175,173.59487584581345,175.0518213758498,26799100,-0.006922258092540323,MSFT,894,168,34.650001525878906,32.5,1.0
2020-05-20,176.1370391845703,176.3172959270405,174.50526111480437,175.33063201334923,31261300,0.013870666223759986,MSFT,893,167,35.75,33.4900016784668,1.0
2020-05-21,174.02142333984375,177.0952410908258,173.88860485853687,175.89037841860198,29119500,-0.012011192276881966,MSFT,892,166,36.060001373291016,33.91999816894531,1.0
2020-05-22,174.09727478027344,174.9985583136124,173.17702752337723,173.79369596598414,20826900,0.0004358741525838372,MSFT,891,165,35.130001068115234,33.25,1.0
2020-05-26,172.25685119628906,176.93397286008036,171.8109574524387,176.782176165125,36073600,-0.010571237179370918,MSFT,887,161,36.16999816894531,34.349998474121094,1.0
2020-05-27,172.48452758789062,172.65530248461448,167.54176906562353,170.95710776267882,39517100,0.001321726189817074,MSFT,886,160,34.7400016784668,32.810001373291016,1.0
2020-05-28,172.09556579589844,174.7045118921634,171.12789439391577,171.46942973465383,33810200,-0.0022550532353923236,MSFT,885,159,35.290000915527344,33.709999084472656,1.0
2020-05-29,173.85067749023438,174.81836335004485,171.15635122877697,173.3573454571367,42130400,0.010198471333174641,MSFT,884,158,35.33000183105469,35.4900016784668,1.0
2020-06-01,173.45220947265625,173.61348802494285,172.15248471379252,173.1770761664217,22622400,-0.0022920130271020245,MSFT,881,155,38.31999969482422,35.439998626708984,1.0
2020-06-02,175.425537109375,175.51091732461305,172.04814015163353,174.79938657870247,30794600,0.011376780052085866,MSFT,880,154,39.56999969482422,36.810001373291016,1.0
2020-06-03,175.85244750976562,176.40269967428475,174.1637490803685,175.3401517572159,27311000,0.002433570433502341,MSFT,879,153,39.790000915527344,37.290000915527344,1.0
2020-06-04,173.5375518798828,176.30777568703863,172.94935793777034,174.84677269413396,28761800,-0.013163852210554272,MSFT,878,152,39.9900016784668,37.40999984741211,1.0
2020-06-05,177.59803771972656,178.10085152705264,172.67424357239446,173.25295571540923,39893600,0.02339831232985401,MSFT,877,151,42.29999923706055,39.54999923706055,1.0
2020-06-08,178.6985321044922,178.87878883238318,174.9796007158058,176.40266186089056,33211600,0.006196545856561597,MSFT,874,148,40.79999923706055,38.189998626708984,1.0
2020-06-09,180.06471252441406,180.91854360786243,177.65498701810736,178.3570358813876,29783900,0.0076451686750453884,MSFT,873,147,41.18000030517578,38.939998626708984,1.0
2020-06-10,186.7436065673828,188.33744291467139,181.2126393428319,181.32649410229297,43872300,0.03709163194350573,MSFT,872,146,41.72999954223633,39.599998474121094,1.0
2020-06-11,176.71575927734375,185.7189846562895,176.52602066269233,183.2238936451731,52854700,-0.05369847714931386,MSFT,871,145,38.54999923706055,36.34000015258789,1.0
2020-06-12,178.11036682128906,181.88621894783518,175.6816632491681,180.76673647244982,43373600,0.007891811967695395,MSFT,870,144,38.72999954223633,36.2599983215332,1.0
2020-06-15,179.24879455566406,181.03236926005948,174.57165912641244,175.11242934147475,32770200,0.00639169833116604,MSFT,867,141,39.720001220703125,37.119998931884766,1.0
2020-06-16,183.64134216308594,185.54823928045562,181.63956849263874,182.99621344964388,42556700,0.024505311839393196,MSFT,866,140,40.959999084472656,38.380001068115234,1.0
2020-06-17,184.2769317626953,186.25024490441595,183.7551397941422,185.02640424397987,25687800,0.003461037651559584,MSFT,865,139,40.709999084472656,37.959999084472656,1.0
2020-06-18,186.25027465820312,186.4115532058611,184.04926617601018,184.04926617601018,23061600,0.010708572563217,MSFT,864,138,41.5099983215332,38.84000015258789,1.0
2020-06-19,185.14028930664062,189.06793833918633,184.400298508924,188.4038458894573,44441100,-0.0059596441057576666,MSFT,863,137,42.189998626708984,39.75,1.0
2020-06-22,190.28228759765625,190.46252987916642,185.21617808322773,185.74745201555635,32818900,0.02777352412201939,MSFT,860,134,43.08000183105469,40.459999084472656,1.0
2020-06-23,191.5535430908203,193.48890010509766,191.0981530482965,191.72430349967055,30917400,0.0066808924215377985,MSFT,859,133,42.630001068115234,40.369998931884766,1.0
2020-06-24,187.6923065185547,192.82481806531447,186.47796195893972,191.2594563290366,36740600,-0.020157479261215805,MSFT,858,132,40.310001373291016,38.0099983215332,1.0
2020-06-25,190.06405639648438,190.32021147388468,185.44385552035675,187.65434572459228,27803900,0.012636372379467797,MSFT,857,131,41.04999923706055,38.720001220703125,1.0
2020-06-26,186.259765625,189.6371623789604,184.88414249446612,189.48536568805383,54675800,-0.020015834890677153,MSFT,856,130,41.02000045776367,38.4900016784668,1.0
2020-06-29,188.2615203857422,188.3469005872741,183.6223412461814,185.73795493775134,26701600,0.010747113065590064,MSFT,853,127,41.709999084472656,39.70000076293945,1.0
2020-06-30,193.07147216796875,193.91582132538687,187.5974399173059,187.73025839792913,34310300,0.025549309133226616,MSFT,852,126,41.150001525878906,39.27000045776367,1.0
2020-07-01,194.200439453125,195.7658156516249,191.4207331819274,192.72045793900065,32061200,0.005847406001928901,MSFT,851,125,42.029998779296875,39.81999969482422,1.0
2020-07-02,195.680419921875,197.3501545246881,194.48505358442102,195.1301677892324,29315800,0.007620891450697442,MSFT,850,124,43.13999938964844,40.650001525878906,1.0
2020-07-06,199.89266967773438,200.30062143506157,197.4165424949141,198.1185912644786,31897600,0.02152616882946745,MSFT,846,120,43.099998474121094,40.630001068115234,1.0
2020-07-07,197.56832885742188,203.65902902311808,197.32167012883755,199.65548237749698,33600700,-0.0116279442565842,MSFT,845,119,43.08000183105469,40.619998931884766,1.0
2020-07-08,201.9134521484375,202.32138949194444,197.98580303193796,199.29502422948116,33600000,0.02199301535901199,MSFT,844,118,43.290000915527344,40.900001525878906,1.0
2020-07-09,203.32701110839844,205.28134636486303,200.62318877326808,205.23390809166048,33121700,0.0070008161661352375,MSFT,843,117,42.349998474121094,39.619998931884766,1.0
2020-07-10,202.71034240722656,203.09931598071202,200.25319330353184,202.66290413404784,26177600,-0.0030328911924206725,MSFT,842,116,43.2400016784668,40.54999923706055,1.0
2020-07-13,196.44886779785156,204.73108016996918,195.90809757754667,203.4787793289226,38135600,-0.030888777232669584,MSFT,839,113,42.720001220703125,40.099998474121094,1.0
2020-07-14,197.66322326660156,198.13757704024243,191.66738461923939,195.55709135354584,37591800,0.006181534576211289,MSFT,838,112,42.900001525878906,40.290000915527344,1.0
2020-07-15,197.369140625,200.49039701855816,194.5135357015606,198.81118036102964,32179400,-0.001487796448633838,MSFT,837,111,43.790000915527344,41.20000076293945,1.0
2020-07-16,193.46046447753906,195.1491629558851,191.9330445644137,194.86454776238327,29940700,-0.01980388694546431,MSFT,836,110,43.369998931884766,40.75,1.0
2020-07-17,192.47377014160156,194.5229672110187,191.0601908439934,193.9822114975741,31635300,-0.005100237604629854,MSFT,835,109,43.13999938964844,40.59000015258789,1.0
2020-07-20,200.7465362548828,201.4106286872803,192.59712687547508,194.48506023255374,36884800,0.04298126496506538,MSFT,832,106,43.279998779296875,40.810001373291016,1.0
2020-07-21,198.0426788330078,202.96647278101233,197.35960831558944,202.7008358549193,37990400,-0.013469011582057822,MSFT,831,105,44.31999969482422,41.959999084472656,1.0
2020-07-22,200.8888397216797,201.41063181098787,197.70118152060454,198.46963238116317,49605700,0.014371452181132005,MSFT,830,104,44.290000915527344,41.900001525878906,1.0
2020-07-23,192.15121459960938,200.10138824412152,191.78121924610807,196.56271325026265,67457000,-0.04349482596532395,MSFT,829,103,43.310001373291016,41.06999969482422,1.0
2020-07-24,190.97482299804688,192.4548043846007,187.37921345977261,190.13995576414365,39827000,-0.006122217879360181,MSFT,828,102,43.34000015258789,41.290000915527344,1.0
2020-07-27,193.39401245117188,193.50785270867794,190.55737206725937,191.13608416979247,30160900,0.012667583166969365,MSFT,825,99,43.40999984741211,41.599998474121094,1.0
2020-07-28,191.6579132080078,194.20044262484834,191.3922762383716,193.1663548161839,23251400,-0.008977006170769575,MSFT,824,98,43.220001220703125,41.040000915527344,1.0
2020-07-29,193.59329223632812,194.153026308788,191.64843854313742,192.11331053064336,19632600,0.010098090894999023,MSFT,823,97,43.75,41.27000045776367,1.0
2020-07-30,193.44146728515625,193.97275568307558,189.33357625555024,190.69022112897082,25079600,-0.0007842469613386083,MSFT,822,96,42.939998626708984,39.91999816894531,1.0
2020-07-31,194.49456787109375,194.5799625692484,188.80232145143125,193.91585557271614,51044000,0.005444027078150171,MSFT,821,95,43.29999923706055,40.27000045776367,1.0
2020-08-03,205.4331512451172,206.47673546623366,199.64604317892886,200.6706491934441,78983000,0.05624107394749078,MSFT,818,92,44.150001525878906,41.0099983215332,1.0
2020-08-04,202.3497772216797,203.75387447329044,199.52263347105773,203.1846442927861,49280100,-0.015009135598365586,MSFT,817,91,44.43000030517578,41.70000076293945,1.0
2020-08-05,202.0177764892578,203.97211161459398,200.71805185226052,203.87723507455476,28806400,-0.0016407269480616105,MSFT,816,90,45.16999816894531,42.189998626708984,1.0
2020-08-06,205.25283813476562,205.2718018586941,200.69904002228748,201.44851244896532,32656800,0.01601374741237116,MSFT,815,89,45.09000015258789,41.95000076293945,1.0
2020-08-07,201.5813446044922,204.6361835952166,200.11084523703616,203.82979098966894,27820400,-0.017887662668336857,MSFT,814,88,44.400001525878906,41.220001220703125,1.0
2020-08-10,197.56832885742188,201.01214157502835,195.76579047102226,200.8129066386174,36716500,-0.019907674268886066,MSFT,811,85,44.9900016784668,41.939998626708984,1.0
2020-08-11,192.94815063476562,196.99912154458283,192.7204556060686,196.53426409900342,36446500,-0.023385216898759498,MSFT,810,84,44.5,41.61000061035156,1.0
2020-08-12,198.4601593017578,199.4942471851723,194.2478949414259,194.76019071243348,28013100,0.028567304992862752,MSFT,809,83,45.43000030517578,42.66999816894531,1.0
2020-08-13,197.99526977539062,200.5093535572689,197.47347770925523,198.69731859856634,22588900,-0.00234248288423633,MSFT,808,82,44.959999084472656,42.2400016784668,1.0
2020-08-14,198.1849822998047,198.83959276238173,196.86627951147085,198.05216383465333,17958900,0.0009581669533280657,MSFT,807,81,44.79999923706055,42.0099983215332,1.0
2020-08-17,199.49424743652344,200.35757488939987,198.20400442791444,198.84913317028403,20184800,0.0066062782433138345,MSFT,804,78,45.369998931884766,42.88999938964844,1.0
2020-08-18,200.64215087890625,201.4675217571168,198.47909897480957,199.73138532533153,21336200,0.005754067884830016,MSFT,803,77,45.459999084472656,42.88999938964844,1.0
2020-08-19,199.4248809814453,201.7072917926525,198.9969334890695,201.1271806773052,27627600,-0.0060668702569660615,MSFT,802,76,45.369998931884766,42.93000030517578,1.0
2020-08-20,204.0657501220703,204.4651687103095,198.6735774141608,199.27269804095937,26981500,0.023271264436942607,MSFT,801,75,44.900001525878906,42.58000183105469,1.0
2020-08-21,202.58221435546875,205.65394317773766,202.42054594494113,203.3810516231777,36249300,-0.007269891031268738,MSFT,800,74,44.349998474121094,42.34000015258789,1.0
2020-08-24,203.21937561035156,204.95970892133417,202.02110524249252,204.26546784718295,25460100,0.0031451983922181626,MSFT,797,71,45.130001068115234,42.619998931884766,1.0
2020-08-25,205.86317443847656,205.99631398949958,202.65830591741502,202.65830591741502,23043700,0.013009580509656615,MSFT,796,70,45.86000061035156,43.349998474121094,1.0
2020-08-26,210.31385803222656,211.20780126292092,206.70957075245423,207.20409531837257,39600800,0.0216196199533496,MSFT,795,69,45.63999938964844,43.38999938964844,1.0
2020-08-27,215.47779846191406,219.82386528727073,208.6496040485612,211.96860261070134,57602200,0.024553495799103375,MSFT,794,68,45.09000015258789,43.040000915527344,-1.0
2020-08-28,217.69357299804688,219.33880014047983,215.47773963305772,216.99933204134243,26292900,0.010283075806180708,MSFT,793,67,45.04999923706055,42.970001220703125,-1.0
2020-08-31,214.47921752929688,217.49388844015004,213.3189953476914,215.8771899200654,28774200,-0.014765504670084306,MSFT,790,64,45.279998779296875,42.61000061035156,-1.0
2020-09-01,216.1339569091797,216.3051300886576,213.43310359585612,214.46018620608552,25725500,0.007715150208699173,MSFT,789,63,45.58000183105469,42.7599983215332,-1.0
2020-09-02,220.2993621826172,221.45007970614427,216.2100697451334,216.79968568500595,34080800,0.019272331534594622,MSFT,788,62,44.43000030517578,41.5099983215332,-1.0
2020-09-03,206.6525115966797,218.07402790705368,204.42717283201821,218.03599425353192,58400300,-0.06194684565007924,MSFT,787,61,44.06999969482422,41.369998931884766,1.0
2020-09-04,203.7519073486328,207.66052094752746,195.1358430166028,204.56026377733428,59664100,-0.014036143212756813,MSFT,786,60,42.65999984741211,39.77000045776367,1.0
2020-09-08,192.7298583984375,199.73873084324882,192.2923915711213,196.3816986090303,52924300,-0.05409543936850547,MSFT,782,56,39.779998779296875,36.7599983215332,1.0
2020-09-09,200.93698120117188,204.31303742314904,196.57189039154144,197.42779993984246,45679000,0.04258355643974743,MSFT,781,55,40.790000915527344,38.04999923706055,1.0
2020-09-10,195.3070831298828,204.21797293335422,194.10882701778922,202.94362048396945,35461500,-0.02801822759371797,MSFT,780,54,40.060001373291016,37.29999923706055,1.0
2020-09-11,194.03269958496094,198.40730923899483,191.379413634997,197.04737049649287,33620100,-0.006525024717482397,MSFT,779,53,39.83000183105469,37.33000183105469,1.0
2020-09-14,195.34510803222656,198.9493952369475,194.03272208163065,194.23243866542157,30375800,0.006763851918119457,MSFT,776,50,39.61000061035156,37.2599983215332,1.0
2020-09-15,198.54995727539062,199.5009581300524,196.79059988981783,198.20759638726756,21823900,0.01640608907715957,MSFT,775,49,40.529998779296875,38.279998779296875,1.0
2020-09-16,195.00277709960938,200.3283745158573,194.61286316865392,200.29984564394593,26328100,-0.017865429056029836,MSFT,774,48,42.220001220703125,40.15999984741211,1.0
2020-09-17,192.9676055908203,194.31802519389234,190.1621557000872,190.2477423026266,34011300,-0.010436628334526077,MSFT,773,47,43.29999923706055,40.970001220703125,1.0
2020-09-18,190.57107543945312,193.6713332416722,186.6339321767802,192.8629911592998,55225300,-0.012419339215147485,MSFT,772,46,43.150001525878906,41.11000061035156,1.0
2020-09-21,192.61570739746094,192.7773903131104,186.75755314054098,187.52786151375366,39839700,0.010728973183852464,MSFT,769,43,41.439998626708984,39.310001373291016,1.0
2020-09-22,197.25660705566406,197.9032952203945,192.17826567778008,195.01224432710944,33517100,0.02409408724194373,MSFT,768,42,41.720001220703125,39.599998474121094,1.0
2020-09-23,190.76123046875,197.9032551453432,190.22867238865066,197.7130433929197,30803800,-0.032928562869790845,MSFT,767,41,41.77000045776367,39.93000030517578,1.0
2020-09-24,193.23387145996094,195.49725820179677,189.43937271825766,190.05753199798957,31202500,0.012961968137524593,MSFT,766,40,41.939998626708984,40.310001373291016,1.0
2020-09-25,197.63699340820312,198.79720103506912,192.61569582922453,193.5762159252499,29437300,0.022786491389810593,MSFT,765,39,41.91999816894531,40.25,1.0
2020-09-28,199.17762756347656,202.15426497540128,197.86524169936015,200.54707115888118,32004900,0.007795272174027534,MSFT,762,36,42.43000030517578,40.599998474121094,1.0
2020-09-29,197.10443115234375,199.7767557329698,196.67648367162218,199.09203395936672,24221900,-0.01040878153080771,MSFT,761,35,41.029998779296875,39.290000915527344,1.0
2020-09-30,200.02403259277344,201.59317836396667,196.41973084734164,197.55142430549373,33829100,0.014812459686272206,MSFT,760,34,40.95000076293945,40.220001220703125,1.0
2020-10-01,202.04966735839844,203.50469764479027,200.96552686047664,203.02919717182243,27158400,0.010126956942963838,MSFT,759,33,40.93000030517578,38.720001220703125,1.0
2020-10-02,196.08688354492188,200.6516908987254,195.46872423543033,197.80819290175853,33154800,-0.02951147552695399,MSFT,758,32,39.27000045776367,37.04999923706055,1.0
2020-10-05,200.0715789794922,200.10010784631453,196.83816713211058,197.06641257781172,21331600,0.020321070754625303,MSFT,755,29,41.290000915527344,39.220001220703125,1.0
2020-10-06,195.82058715820312,199.88135031174275,194.7839997215078,198.58800309532225,28554300,-0.021247354786582684,MSFT,754,28,42.650001525878906,40.66999816894531,1.0
2020-10-07,199.54849243164062,199.81477148517834,196.59087946952087,196.9142162472281,25681100,0.01903735111582394,MSFT,753,27,41.9900016784668,39.95000076293945,1.0
2020-10-08,200.26174926757812,200.8418603333065,198.11249269364578,200.195172246552,19925800,0.003574353417788112,MSFT,752,26,43.34000015258789,41.189998626708984,1.0
2020-10-09,205.2354736328125,205.28302657348576,200.8798883695281,200.8798883695281,26458000,0.02483611764815241,MSFT,751,25,42.849998474121094,40.599998474121094,1.0
2020-10-12,210.5515899658203,212.89105852593914,206.18649938983765,208.06947707751453,40461400,0.025902521815107438,MSFT,748,22,41.720001220703125,39.43000030517578,1.0
2020-10-13,211.9400634765625,214.17492142049753,209.6291237184592,211.80692392954865,28950800,0.006594457495987527,MSFT,747,21,42.45000076293945,40.20000076293945,1.0
2020-10-14,210.0380859375,213.23344994635983,208.3928582353892,212.07322754062878,23421700,-0.008974129326298153,MSFT,746,20,43.31999969482422,41.040000915527344,1.0
2020-10-15,208.89682006835938,209.5625176651339,205.42565875976769,206.4622605652301,22733100,-0.005433613927905534,MSFT,745,19,43.15999984741211,40.959999084472656,1.0
2020-10-16,208.89682006835938,211.39794207560644,208.57348330865736,209.3628011305419,26057900,0.0,MSFT,744,18,42.93000030517578,40.880001068115234,1.0
2020-10-19,203.7234344482422,211.40752423439918,203.24793395041902,209.61963771902458,27625800,-0.024765267457993123,MSFT,741,15,42.619998931884766,40.83000183105469,1.0
2020-10-20,204.13232421875,206.7190476608561,202.6487652321847,205.22598388990758,22753500,0.002007082649157388,MSFT,740,14,43.15999984741211,41.459999084472656,1.0
2020-10-21,204.2749786376953,206.29109572858354,202.67728971744506,202.67728971744506,22724900,0.0006988330706136914,MSFT,739,13,41.72999954223633,40.029998779296875,1.0
2020-10-22,204.36058044433594,205.47324974306363,201.32688528683093,203.4476132060578,22351500,0.0004190518447804159,MSFT,738,12,42.459999084472656,40.63999938964844,1.0
2020-10-23,205.6349334716797,205.68248642189366,202.71536807091684,204.49373522215961,18879600,0.006235806458236404,MSFT,737,11,41.77000045776367,39.849998474121094,1.0
2020-10-26,199.78622436523438,205.73948339116313,197.90324708412007,203.37150098781117,37111600,-0.02844219611766896,MSFT,734,8,40.459999084472656,38.560001373291016,1.0
2020-10-27,202.80096435546875,204.15138404149505,200.02404316166658,201.22229920419377,36700300,0.015089829140186639,MSFT,733,7,41.20000076293945,39.56999969482422,1.0
2020-10-28,192.74884033203125,198.60700889932528,192.19727262307057,197.49433967491123,51195600,-0.04956645080749311,MSFT,732,6,39.119998931884766,37.38999938964844,1.0
2020-10-29,194.6888885498047,197.1995301279508,193.40503164153142,194.0707438227818,31432600,0.010065161556518154,MSFT,731,5,37.650001525878906,36.16999816894531,1.0
2020-10-30,192.54916381835938,194.27997800437075,189.83880530203297,193.5286936375515,36953700,-0.010990482032044335,MSFT,730,4,37.459999084472656,35.790000915527344,1.0
2020-11-02,192.416015625,195.22146540382536,190.3142972315909,194.2799692800792,30842200,-0.000691502319298487,MSFT,727,1,38.970001220703125,36.810001373291016,1.0
2020-11-03,196.31509399414062,197.92228771553013,193.16728357467176,193.89955827547783,27512000,0.020263793304708733,MSFT,726,0,39.709999084472656,37.65999984741211,1.0
2020-11-04,205.787109375,207.62254888258494,202.01163417869662,203.5332416095093,42311800,0.04824904284304332,MSFT,725,1462,41.22999954223633,39.150001525878906,1.0
2020-11-05,212.34898376464844,213.1383162499668,210.3138424268703,211.16023264419107,36080100,0.0318867124844584,MSFT,724,1461,40.93000030517578,38.790000915527344,1.0
2020-11-06,212.75791931152344,213.3665592979318,207.3467219500644,211.36945163349586,25231900,0.0019257711509852449,MSFT,723,1460,39.45000076293945,37.13999938964844,1.0
2020-11-09,207.68905639648438,216.94228977274764,207.20405123055107,213.44261392442576,44395000,-0.023824555774194955,MSFT,720,1457,42.400001525878906,40.290000915527344,1.0
2020-11-10,200.6707000732422,205.8917003784362,199.4439152641953,203.9896985273652,44045100,-0.03379261500347874,MSFT,719,1456,43.61000061035156,41.36000061035156,1.0
2020-11-11,205.9392547607422,207.3562368625371,201.80239490141182,201.9830874003012,29440800,0.02625472819687702,MSFT,718,1455,43.79999923706055,41.45000076293945,1.0
2020-11-12,204.8836212158203,208.37379252192883,203.95164446517558,206.56689674868196,21593900,-0.005125946222094946,MSFT,717,1454,43.529998779296875,41.119998931884766,1.0
2020-11-13,205.9012451171875,206.766659610021,203.6664012151989,205.7586007551272,18621100,0.0049668387122816515,MSFT,716,1453,42.779998779296875,40.130001068115234,1.0
2020-11-16,206.5858917236328,207.07091139997414,204.00868778162783,204.34152934207066,24953300,0.0033251212543938813,MSFT,713,1450,43.81999969482422,41.34000015258789,1.0
2020-11-17,203.95167541503906,207.01388520327933,203.59029040110073,205.5113164330714,24154100,-0.01275119170343808,MSFT,712,1449,43.75,41.43000030517578,1.0
2020-11-18,201.26280212402344,205.16257527401476,201.11976980133684,203.71326545564156,28372800,-0.013183874491561776,MSFT,711,1448,44.34000015258789,41.81999969482422,1.0
2020-11-19,202.54046630859375,203.12209614163268,200.16626953783916,201.54884251164967,24792700,0.006348238080194246,MSFT,710,1447,44.20000076293945,41.7400016784668,1.0
2020-11-20,200.6049041748047,203.37002133531357,200.23304339047263,202.3307199828359,22843100,-0.009556421830489992,MSFT,709,1446,44.959999084472656,42.150001525878906,1.0
2020-11-23,200.33795166015625,202.41655461114135,198.47864751842303,201.13888043673134,25683500,-0.001330737729202336,MSFT,706,1443,46.060001373291016,43.060001373291016,1.0
2020-11-24,203.9135284423828,204.28538924574306,199.14607478437247,199.84211894469007,33979700,0.017847725568703066,MSFT,705,1442,47.86000061035156,44.90999984741211,1.0
2020-11-25,203.92303466796875,205.27698960529233,202.57862394829687,205.10536827690913,21012900,4.6618905859441284e-05,MSFT,704,1441,48.61000061035156,45.709999084472656,1.0
2020-11-27,205.21978759765625,206.21142601667475,204.08513140142963,204.85747104569143,14512200,0.006359031150153793,MSFT,702,1439,48.18000030517578,45.529998779296875,1.0
2020-11-30,204.11370849609375,204.77160468818133,201.03392385394145,204.14231204578843,33064800,-0.005389729297113566,MSFT,699,1436,47.59000015258789,45.34000015258789,1.0
2020-12-01,206.15420532226562,207.21258045120723,203.427221673315,204.53325969211036,30904500,0.00999686322494564,MSFT,698,1435,47.41999816894531,44.54999923706055,1.0
2020-12-02,205.35328674316406,205.44864163250293,202.90282321758022,204.88608561309852,23724500,-0.0038850460404120657,MSFT,697,1434,48.25,45.279998779296875,1.0
2020-12-03,204.2758331298828,206.31630244938077,203.71326261374324,204.62861999918616,25120900,-0.005246829161438371,MSFT,696,1433,48.709999084472656,45.63999938964844,1.0
2020-12-04,204.39022827148438,205.3627926747899,203.2651018933249,204.25674018076484,24666000,0.0005600033045947139,MSFT,695,1432,49.25,46.2599983215332,1.0
2020-12-07,204.32351684570312,205.51538022737813,203.08399056805192,204.39979784802395,24620000,-0.0003263924422680642,MSFT,692,1429,48.790000915527344,45.7599983215332,1.0
2020-12-08,205.96351623535156,206.85979980104426,202.98862997399976,204.01840165272458,23284100,0.008026483759512093,MSFT,691,1428,48.84000015258789,45.599998474121094,1.0
2020-12-09,201.9493408203125,205.2198070616338,201.3867847777883,205.15307027564458,32440600,-0.01948974016569094,MSFT,690,1427,48.86000061035156,45.52000045776367,1.0
2020-12-10,200.72886657714844,203.16980044541748,200.57630457310324,201.92072995416368,26733300,-0.0060434673280266304,MSFT,689,1426,50.25,46.779998779296875,1.0
2020-12-11,203.34136962890625,203.39859127758035,199.38439005186848,200.28067340933586,30979400,0.013015083960301821,MSFT,688,1425,49.970001220703125,46.56999969482422,1.0
2020-12-14,204.23770141601562,206.15422700053367,202.97910127982664,203.18887039404368,28798400,0.004408014899993873,MSFT,685,1422,50.290000915527344,46.9900016784668,1.0
2020-12-15,204.1709747314453,205.40097137190162,202.36887783317297,205.16259868933062,27000600,-0.00032671090649616374,MSFT,684,1421,50.7599983215332,47.619998931884766,1.0
2020-12-16,209.08145141601562,209.87285048789144,204.73353590474335,204.76213946344006,35023300,0.024050806883932685,MSFT,683,1420,51.08000183105469,47.81999969482422,1.0
2020-12-17,209.2148895263672,210.6165217639002,207.7846537369752,209.64395735336262,32515800,0.0006382111346934227,MSFT,682,1419,51.5,48.36000061035156,1.0
2020-12-18,208.4235076904297,209.4723531747455,205.97304440305473,208.4235076904297,63354900,-0.003782626741954509,MSFT,681,1418,52.2599983215332,49.099998474121094,1.0
2020-12-21,212.2374725341797,213.5818977933264,207.1744396955976,207.4318862354392,37181900,0.01829911071938617,MSFT,678,1415,50.90999984741211,47.7400016784668,1.0
2020-12-22,213.5247039794922,215.13610554728626,211.53191196153603,212.3328406363443,22612200,0.006065052650422897,MSFT,677,1414,50.08000183105469,47.02000045776367,1.0
2020-12-23,210.74050903320312,213.16236889979098,210.53073992478457,212.73330101406674,18699600,-0.013039216982389412,MSFT,676,1413,51.20000076293945,48.119998931884766,1.0
2020-12-24,212.3900604248047,213.2100630357943,210.91214688127394,211.12191600611644,10550600,0.007827405367715423,MSFT,675,1412,51.290000915527344,48.22999954223633,1.0
2020-12-28,214.49728393554688,215.5175114649636,212.64750956636644,214.01099434520955,17933500,0.00992147893610218,MSFT,671,1408,50.86000061035156,47.619998931884766,1.0
2020-12-29,213.72491455078125,216.61398993703023,213.18143246826625,215.7844577615069,17403200,-0.0036008352674419264,MSFT,670,1407,51.09000015258789,48.0,1.0
2020-12-30,211.3698272705078,215.13612745772272,211.16960235597048,214.75472241960352,20272300,-0.01101924539412491,MSFT,669,1406,51.34000015258789,48.400001525878906,1.0
2020-12-31,212.07537841796875,212.62840471424002,209.46280892505516,211.38886401908798,20942100,0.003337993679476181,MSFT,668,1405,51.79999923706055,48.52000045776367,1.0
2021-01-04,207.56539916992188,212.628432614177,204.81934121407613,212.18029080751847,37130100,-0.02126592573683106,MSFT,664,1401,51.09000015258789,47.619998931884766,1.0
2021-01-05,207.76559448242188,208.35676854372653,205.66791808676217,207.15536108460975,23823000,0.0009644927010985516,MSFT,663,1400,53.599998474121094,49.93000030517578,1.0
2021-01-06,202.37838745117188,206.42119298469675,202.08280768192805,202.30210645441338,35930700,-0.025929254767471988,MSFT,662,1399,54.29999923706055,50.630001068115234,1.0
2021-01-07,208.13748168945312,209.1386498496108,203.77050701978357,204.0851461523831,27694500,0.02845706160036854,MSFT,661,1398,54.380001068115234,50.83000183105469,1.0
2021-01-08,209.4055938720703,210.32095121888779,206.93605679293017,208.50931041036256,22956200,0.006092666118201917,MSFT,660,1397,55.9900016784668,52.2400016784668,1.0
2021-01-11,207.37469482421875,208.72864985432813,206.65003259041848,208.30911162404655,23031300,-0.009698399217989762,MSFT,657,1394,55.65999984741211,52.25,1.0
2021-01-12,204.9337615966797,207.00284934438994,203.39865544372427,206.4307490700466,23249300,-0.01177064168609443,MSFT,656,1393,56.58000183105469,53.209999084472656,1.0
2021-01-13,206.2781524658203,206.67861677106026,203.98023663300623,204.06606184414557,20087100,0.006560123908653237,MSFT,655,1392,56.060001373291016,52.90999984741211,1.0
2021-01-14,203.1125946044922,207.34609567404829,202.8456183702962,205.86818216746164,29480800,-0.015346064638874668,MSFT,654,1391,56.41999816894531,53.56999969482422,1.0
2021-01-15,202.75979614257812,204.53328946684098,202.16863655086178,203.58934296382472,31746500,-0.0017369600472144642,MSFT,653,1390,55.099998474121094,52.36000061035156,1.0
2021-01-19,206.37351989746094,206.88839845005378,202.74072282622367,203.80862770514977,30480900,0.017822683902984915,MSFT,649,1386,55.900001525878906,52.97999954223633,1.0
2021-01-20,213.9060821533203,215.28864064220252,207.1839703739338,207.57490501983722,37777300,0.03649965489565732,MSFT,648,1385,56.08000183105469,53.2400016784668,1.0
2021-01-21,214.50677490234375,215.7749191075521,212.075371036692,214.2493283744459,30709400,0.0028082078965518953,MSFT,647,1384,56.099998474121094,53.130001068115234,1.0
2021-01-22,215.44119262695312,219.3695836914555,215.29817486027105,216.51864163299658,30172700,0.00435612220189685,MSFT,646,1383,55.40999984741211,52.27000045776367,1.0
2021-01-25,218.85470581054688,219.09307847095562,213.79167283132318,218.46377115568953,33152100,0.01584429208718885,MSFT,643,1380,55.880001068115234,52.77000045776367,1.0
2021-01-26,221.52447509765625,223.2884239961353,219.3791212258297,221.07633334716795,49169600,0.01219882057012045,MSFT,642,1379,55.90999984741211,52.61000061035156,1.0
2021-01-27,222.0679931640625,229.25732167368406,219.4363638925336,226.93080188116176,69870600,0.002453535060478851,MSFT,641,1378,55.810001373291016,52.849998474121094,1.0
2021-01-28,227.81753540039062,231.35499244547177,224.15613445257466,224.65195371085622,49111200,0.025890909150876107,MSFT,640,1377,55.529998779296875,52.34000015258789,1.0
2021-01-29,221.1716766357422,226.9498270998263,220.59004681234464,225.01424242751062,42503100,-0.029171849098307168,MSFT,639,1376,55.880001068115234,52.20000076293945,1.0
2021-02-01,228.50401306152344,231.22146705062914,221.61980986829332,224.1274947645994,33314200,0.033152239641684345,MSFT,636,1373,56.349998474121094,53.54999923706055,1.0
2021-02-02,228.37051391601562,231.04029033688266,227.5886592390331,230.07727012950718,25916300,-0.0005842310763788383,MSFT,635,1372,57.459999084472656,54.7599983215332,1.0
2021-02-03,231.69827270507812,233.6910650567209,228.1322117475735,228.4278061274255,27158100,0.01457175329686522,MSFT,634,1371,58.459999084472656,55.689998626708984,1.0
2021-02-04,230.75425720214844,231.92706112737068,229.19053318429755,231.374034827884,25296100,-0.004074331206306847,MSFT,633,1370,58.84000015258789,56.22999954223633,1.0
2021-02-05,230.93540954589844,231.9651810913466,229.23819752167216,230.96401309862384,18054800,0.0007850444275501189,MSFT,632,1369,59.34000015258789,56.849998474121094,1.0
2021-02-08,231.19285583496094,232.3465712580115,229.61005802324223,231.84122242822716,22211900,0.001114797811079482,MSFT,629,1366,60.560001373291016,57.970001220703125,1.0
2021-02-09,232.43243408203125,233.37638057200232,230.1535918707079,230.62079300643464,23565000,0.005361663285803342,MSFT,628,1365,61.09000015258789,58.36000061035156,1.0
2021-02-10,231.526611328125,234.48242367380797,229.68636677063753,233.60521400385034,22186700,-0.0038971443786823823,MSFT,627,1364,61.470001220703125,58.68000030517578,1.0
2021-02-11,233.1189422607422,233.74823505402443,230.88776300580494,233.39544815712694,15751100,0.006877528779447806,MSFT,626,1363,61.13999938964844,58.2400016784668,1.0
2021-02-12,233.59567260742188,233.89125237223962,231.44077449132203,232.58496032734098,16561100,0.002045009050128943,MSFT,625,1362,62.43000030517578,59.470001220703125,1.0
2021-02-16,232.3656768798828,234.68266680852793,231.6219553099753,233.6338212360362,26728500,-0.005265490211396884,MSFT,621,1358,63.349998474121094,60.04999923706055,1.0
2021-02-17,233.37867736816406,233.48380348312867,230.26314413417265,230.6263097281633,21653500,0.004359509983933307,MSFT,620,1357,64.33999633789062,61.13999938964844,1.0
2021-02-18,232.9868621826172,233.12065774190984,230.1867070550558,231.0850549171446,16925600,-0.0016788816783325222,MSFT,619,1356,63.93000030517578,60.52000045776367,1.0
2021-02-19,230.29180908203125,233.05374286763362,229.53680847582015,232.94861675471643,25262600,-0.011567403738299786,MSFT,618,1355,62.90999984741211,59.2400016784668,1.0
2021-02-22,224.1181182861328,227.38656556821104,222.10161844624733,226.89917052371112,36446900,-0.026808121489459213,MSFT,615,1352,65.23999786376953,61.4900016784668,1.0
2021-02-23,222.93307495117188,224.4239440997291,218.59424849819223,220.12335328691063,30228700,-0.0052875838152808274,MSFT,614,1351,65.37000274658203,61.66999816894531,1.0
2021-02-24,224.15634155273438,224.77753213884318,218.85227690339812,219.81751532034556,26339700,0.005487147215954558,MSFT,613,1350,67.04000091552734,63.220001220703125,1.0
2021-02-25,218.84274291992188,224.19458067435608,217.78192990457228,221.79581186605404,39542200,-0.02370487756895534,MSFT,612,1349,66.87999725341797,63.529998779296875,1.0
2021-02-26,222.0824737548828,224.93996757449008,219.36831252056643,221.27013424972316,37819200,0.014803921719014568,MSFT,611,1348,66.12999725341797,61.5,1.0
2021-03-01,226.44041442871094,226.94692722517456,222.8183535831064,225.44649207075136,25324000,0.019623073357144305,MSFT,608,1345,63.689998626708984,60.63999938964844,1.0
2021-03-02,223.50645446777344,226.784467587276,223.10506778464256,226.5073102648569,22812500,-0.012956874188468581,MSFT,607,1344,62.70000076293945,59.75,1.0
2021-03-03,217.47605895996094,223.22929686707522,217.18935003891934,221.87222352894128,34029500,-0.026980856200204295,MSFT,606,1343,64.06999969482422,61.279998779296875,1.0
2021-03-04,216.682861328125,222.18762655907133,214.32231379550353,216.69242752888238,44727800,-0.003647287134175836,MSFT,605,1342,66.73999786376953,63.83000183105469,1.0
2021-03-05,221.3370819091797,222.93307721041825,216.42485204761718,219.34925149675033,41872800,0.021479412596489444,MSFT,604,1341,69.36000061035156,66.08999633789062,1.0
2021-03-08,217.31356811523438,223.02856970876766,217.06509485729632,221.1171965727587,35267400,-0.01817821830503874,MSFT,601,1338,68.23999786376953,65.05000305175781,1.0
2021-03-09,223.4204559326172,224.9495606251016,221.40395622843207,222.5603436572341,33080500,0.0281017327649995,MSFT,600,1337,67.5199966430664,64.01000213623047,1.0
2021-03-10,222.12074279785156,226.4977904561598,221.75757711717822,226.4977904561598,29746800,-0.005817341699265066,MSFT,599,1336,67.9000015258789,64.44000244140625,1.0
2021-03-11,226.62197875976562,228.57157309890684,223.92693542163005,224.54814049035522,29907600,0.020264815906952727,MSFT,598,1335,69.62999725341797,66.0199966430664,1.0
2021-03-12,225.30313110351562,225.37003616967326,222.89479662640136,223.64023105792842,22653700,-0.005819592889743763,MSFT,597,1334,69.22000122070312,65.61000061035156,1.0
2021-03-15,224.40480041503906,224.7679660415921,221.53774020361377,224.54816217518373,26034900,-0.00398720907284611,MSFT,594,1331,68.87999725341797,65.38999938964844,1.0
2021-03-16,227.17630004882812,229.42215512507744,225.4847304458189,225.80966043568304,28092200,0.012350447176990631,MSFT,593,1330,68.38999938964844,64.80000305175781,1.0
2021-03-17,226.53599548339844,227.9790919022909,222.89483106316706,225.68543480408619,29562100,-0.0028185359357119077,MSFT,592,1329,68.0,64.5999984741211,1.0
2021-03-18,220.4960479736328,223.81228216044187,220.1233307246963,222.25450809258342,34833000,-0.02666219775306422,MSFT,591,1328,63.279998779296875,60.0,1.0
2021-03-19,220.14244079589844,222.16849196675588,219.18675408019257,220.78274914550676,46430700,-0.0016036894129579649,MSFT,590,1327,64.52999877929688,61.41999816894531,1.0
2021-03-22,225.53250122070312,226.40216500266618,219.9417283999428,220.0659723327752,30127000,0.024484422019296126,MSFT,587,1324,64.62000274658203,61.54999923706055,1.0
2021-03-23,227.05201721191406,230.36825077878098,226.56462231061073,226.96600892038168,31638400,0.006737459049079408,MSFT,586,1323,60.790000915527344,57.7599983215332,1.0
2021-03-24,225.0260009765625,227.45343882328078,224.8922054193831,227.31009164866788,25620100,-0.00892313691034341,MSFT,585,1322,64.41000366210938,61.18000030517578,1.0
2021-03-25,222.04425048828125,226.44041526230157,221.30838220851965,224.8730896144775,34061900,-0.01325069314364169,MSFT,584,1321,61.95000076293945,58.560001373291016,1.0
2021-03-26,226.00079345703125,226.22061190405913,221.28926488550835,221.28926488550835,25479900,0.017818713882703285,MSFT,583,1320,64.56999969482422,60.970001220703125,1.0
2021-03-29,224.81578063964844,226.30664979770663,221.60467222897535,226.10594914214153,25227500,-0.005243401137032366,MSFT,580,1317,64.9800033569336,61.560001373291016,1.0
2021-03-30,221.57595825195312,223.48733157452293,220.85919325598945,223.1815048432536,24792000,-0.014411009665234897,MSFT,579,1316,64.13999938964844,60.54999923706055,1.0
2021-03-31,225.322265625,228.50470420290134,222.09203979381766,222.5890009792201,43623500,0.016907553520707275,MSFT,578,1315,63.540000915527344,59.15999984741211,1.0
2021-04-01,231.6106719970703,232.0789491359086,227.50121636956897,227.90260302398238,30338000,0.027908499653274355,MSFT,577,1314,64.86000061035156,61.45000076293945,1.0
2021-04-05,238.03289794921875,238.88345854528154,231.9451636368873,232.0025025067712,36910600,0.02772854073075548,MSFT,573,1310,62.150001525878906,58.650001525878906,1.0
2021-04-06,236.8765411376953,238.3482924573763,235.93997211608016,236.63761942729994,22931900,-0.004857970564094649,MSFT,572,1309,62.7400016784668,59.33000183105469,1.0
2021-04-07,238.8260955810547,239.8104516951834,236.23619284363235,236.82871391899718,22719800,0.008230255448664847,MSFT,571,1308,63.15999984741211,59.77000045776367,1.0
2021-04-08,242.0276641845703,242.87822479030498,240.8330557729979,241.56893863766072,23625200,0.013405438780575096,MSFT,570,1307,63.20000076293945,59.599998474121094,1.0
2021-04-09,244.512451171875,244.6462467282904,241.25355598314442,241.66449426976965,24326800,0.010266541205842472,MSFT,569,1306,62.95000076293945,59.31999969482422,1.0
2021-04-12,244.56979370117188,246.25181167284637,243.3369496576039,243.42297254578972,27148700,0.00023451782934591492,MSFT,566,1303,63.279998779296875,59.70000076293945,1.0
2021-04-13,247.035400390625,247.70439262388516,245.44895726009113,245.85992463121627,23837500,0.010081403153431756,MSFT,565,1302,63.66999816894531,60.18000030517578,1.0
2021-04-14,244.26397705078125,247.36039284010613,243.85303874101194,246.0702390380511,23070900,-0.011218729524033577,MSFT,564,1301,66.58000183105469,63.150001525878906,1.0
2021-04-15,248.0006866455078,248.41162490695785,246.30913176787533,246.50025159947802,25627500,0.015297833269740435,MSFT,563,1300,66.94000244140625,63.459999084472656,1.0
2021-04-16,249.1857452392578,249.43423311853752,246.18490411402684,247.9720336082455,24878600,0.004778448841328942,MSFT,562,1299,66.7699966430664,63.130001068115234,1.0
2021-04-19,247.2743377685547,249.89293884486133,246.39512244253876,248.66009498345286,23209300,-0.007670613216128719,MSFT,559,1296,67.05000305175781,63.380001068115234,1.0
2021-04-20,246.8156280517578,248.66966236946797,245.45854026133196,246.39512361896334,19722900,-0.0018550639784796763,MSFT,558,1295,66.56999969482422,62.439998626708984,1.0
2021-04-21,249.03286743164062,249.12844195003234,245.85044304245912,247.46555615795987,24030400,0.008983383254069555,MSFT,557,1294,65.31999969482422,61.349998474121094,1.0
2021-04-22,245.77394104003906,250.17964236146761,244.31172709458374,248.67920736754326,25606200,-0.013086330431850035,MSFT,556,1293,65.4000015258789,61.43000030517578,1.0
2021-04-23,249.57762145996094,249.92168390073425,245.86955172020356,246.45253587961847,21462600,0.01547633733595144,MSFT,555,1292,66.11000061035156,62.13999938964844,1.0
2021-04-26,249.95986938476562,250.81044463101668,248.64104610742964,250.06501009806746,19763300,0.0015315793241743592,MSFT,552,1289,65.6500015258789,61.90999984741211,1.0
2021-04-27,250.36126708984375,251.52720612882962,248.5932407126178,249.98853524607762,31014200,0.0016058485950809498,MSFT,551,1288,66.41999816894531,62.939998626708984,1.0
2021-04-28,243.2796173095703,245.171887578436,241.740961055206,244.73225067344254,46903100,-0.028285724315862848,MSFT,550,1287,67.2699966430664,63.86000061035156,1.0
2021-04-29,241.3204345703125,244.7513607810362,237.96597962533752,244.13972189863736,40589000,-0.008053213667977732,MSFT,549,1286,68.55999755859375,65.01000213623047,1.0
2021-04-30,241.00506591796875,241.86519270079532,238.53940705534927,238.6732026105505,30945100,-0.0013068460319379804,MSFT,548,1285,67.25,63.58000183105469,1.0
2021-05-03,240.69921875,243.07888354566174,239.9920054424337,242.1709696431713,19626600,-0.0012690487098426795,MSFT,545,1282,67.55999755859375,64.48999786376953,1.0
2021-05-04,236.80960083007812,240.07806217476235,234.86955799688863,239.84869211716045,32756100,-0.016159661589769336,MSFT,544,1281,68.87999725341797,65.69000244140625,1.0
2021-05-05,235.54812622070312,238.44385605143128,234.92693563518156,238.023351527179,21901300,-0.0053269572050845815,MSFT,543,1280,68.95999908447266,65.62999725341797,1.0
2021-05-06,238.66360473632812,238.787848657748,233.84695080570577,235.52895393109677,26491100,0.013226505197098781,MSFT,542,1279,68.08999633789062,64.70999908447266,1.0
2021-05-07,241.2726287841797,243.0310885068687,240.03978498908262,240.97635370924667,27032900,0.010931805252560212,MSFT,541,1278,68.27999877929688,64.9000015258789,1.0
2021-05-10,236.22665405273438,240.57503186928486,236.1693151784812,239.75314064553547,29299900,-0.02091399574362407,MSFT,538,1275,68.31999969482422,64.91999816894531,1.0
2021-05-11,235.31871032714844,235.67232428967642,231.82090841094862,233.71316381907252,33641600,-0.003843527857712692,MSFT,537,1274,68.55000305175781,65.27999877929688,1.0
2021-05-12,228.40911865234375,233.5507177051827,227.52033703130473,231.43864370631172,36684400,-0.02936269566155081,MSFT,536,1273,69.31999969482422,66.08000183105469,1.0
2021-05-13,232.2605438232422,234.71666570840435,230.72188761127558,231.08505323354785,29624300,0.016861958899113016,MSFT,535,1272,67.05000305175781,63.81999969482422,1.0
2021-05-14,237.1536407470703,238.13799684815163,234.61152529388377,234.69753359414418,23901100,0.021067275755420223,MSFT,534,1271,68.70999908447266,65.37000274658203,1.0
2021-05-17,234.3152618408203,235.6627836091261,232.7288329763286,235.62456255687053,24970200,-0.011968523431934996,MSFT,531,1268,69.45999908447266,66.2699966430664,1.0
2021-05-18,232.30831909179688,235.4907574747066,232.13628790705022,235.35696192329095,20168000,-0.008565138835842645,MSFT,530,1267,68.70999908447266,65.48999786376953,1.0
2021-05-19,232.883056640625,232.9884255073801,228.55338866338369,229.23348484456213,25739800,0.0024740291310920703,MSFT,529,1266,66.66000366210938,63.36000061035156,1.0
2021-05-20,236.1015625,237.50966697541784,233.59188645475157,233.68768164182094,21800700,0.01382026629932831,MSFT,528,1265,65.11000061035156,62.04999923706055,1.0
2021-05-21,234.8467254638672,237.87367214593564,234.4348383135843,237.1456784165481,21863100,-0.00531481885526619,MSFT,527,1264,66.44000244140625,63.58000183105469,1.0
2021-05-24,240.2205352783203,240.5845394923802,237.08821938185093,237.35642839759134,21411500,0.022882200311027612,MSFT,524,1261,68.45999908447266,66.05000305175781,1.0
2021-05-25,241.12094116210938,242.10757024941074,240.258842900914,241.16883875801892,17704300,0.0037482469296217236,MSFT,523,1260,68.6500015258789,66.06999969482422,1.0
2021-05-26,240.900634765625,242.28957737809495,240.19178833380082,240.84314887956268,17771600,-0.0009136759147612139,MSFT,522,1259,68.87000274658203,66.20999908447266,1.0
2021-05-27,238.81246948242188,240.891097000664,238.75499820060006,240.59415230038618,24426200,-0.008668160153395665,MSFT,521,1258,69.45999908447266,66.8499984741211,1.0
2021-05-28,239.16685485839844,241.46580815115777,239.05191230946394,240.4312813618604,18270200,0.0014839483748256832,MSFT,520,1257,69.62999725341797,66.31999969482422,1.0
2021-06-01,236.9828338623047,240.70903880096463,236.56137302167372,240.65156753252833,23213300,-0.0091317879201398,MSFT,516,1253,70.25,67.72000122070312,1.0
2021-06-02,236.88705444335938,238.77410571979837,235.48852356730782,237.6821077652956,19406700,-0.00040416184322011883,MSFT,515,1252,71.3499984741211,68.83000183105469,1.0
2021-06-03,235.36399841308594,235.9674613279748,232.76810081643305,234.89462537591137,25307700,-0.006429460798743625,MSFT,514,1251,71.30999755859375,68.80999755859375,1.0
2021-06-04,240.2301025390625,241.05389152721682,237.08821305314711,237.3276864262583,25281100,0.020674802258568326,MSFT,513,1250,71.88999938964844,69.62000274658203,1.0
2021-06-07,243.12294006347656,243.39114906663502,239.2913661711621,239.45420630763013,23079200,0.01204194434352246,MSFT,510,1247,71.48999786376953,69.2300033569336,1.0
2021-06-08,241.93516540527344,245.23032134430707,241.87767951827612,244.41610603256754,22455000,-0.0048854898591347284,MSFT,509,1246,72.22000122070312,70.05000305175781,1.0
2021-06-09,242.91224670410156,244.77056271994914,242.54825705692008,243.12298447597894,17937600,0.0040386080179430905,MSFT,508,1245,72.22000122070312,69.95999908447266,1.0
2021-06-10,246.4085235595703,246.6192613065488,242.98885124050196,243.58274055491657,24563600,0.014393168326863659,MSFT,507,1244,72.5199966430664,70.29000091552734,1.0
2021-06-11,247.03118896484375,247.60590172580916,245.80505712120518,247.1269549366099,18999700,0.002526963744104771,MSFT,506,1243,72.69000244140625,70.91000366210938,1.0
2021-06-14,248.94692993164062,249.00440119707386,245.98701359889554,247.04070218614936,19150500,0.007755057063136617,MSFT,503,1240,72.86000061035156,70.87999725341797,1.0
2021-06-15,247.48130798339844,249.04267879656382,246.82994753145974,248.83194109357368,18038900,-0.005887286694576388,MSFT,502,1239,73.98999786376953,72.12000274658203,1.0
2021-06-16,246.5426025390625,249.60784381199792,243.70723170634307,248.47753664071396,27220000,-0.003793035732617467,MSFT,501,1238,74.38999938964844,72.1500015258789,1.0
2021-06-17,249.91445922851562,250.72867471594614,245.23037425998697,245.2878455430907,27565500,0.0136765680848967,MSFT,500,1237,73.08000183105469,71.04000091552734,1.0
2021-06-18,248.5063018798828,251.25545152765278,247.8549413204467,248.6978922715238,37202200,-0.005634557332055867,MSFT,499,1236,73.51000213623047,71.63999938964844,1.0
2021-06-21,251.5716094970703,252.42411962944095,247.05993867103442,248.87993072710762,26696100,0.012334929110446202,MSFT,496,1233,74.9000015258789,73.66000366210938,1.0
2021-06-22,254.33035278320312,254.59856183633937,251.35128832586642,251.65782131019196,24694100,0.01096603584024436,MSFT,495,1232,74.80999755859375,73.05999755859375,1.0
2021-06-23,254.1004180908203,255.59472972906184,253.29579099581272,254.79010263405425,19518700,-0.0009040788481067263,MSFT,494,1231,75.19000244140625,73.08000183105469,1.0
2021-06-24,255.46063232421875,256.5717923463721,254.29200102786703,254.95294991373922,21446900,0.005353057832877095,MSFT,493,1230,75.55999755859375,73.30000305175781,1.0
2021-06-25,253.86090087890625,255.99701370596514,253.61186847057874,255.01997295194124,25611100,-0.006262144702132377,MSFT,492,1229,76.18000030517578,74.05000305175781,1.0
2021-06-28,257.4051208496094,257.5775346492932,254.7134426795022,254.98165166765068,19590000,0.013961267601400928,MSFT,489,1226,74.68000030517578,72.91000366210938,1.0
2021-06-29,259.9723205566406,260.2117939597386,256.69634077251254,257.5488508865929,19937800,0.009973382419735,MSFT,488,1225,74.76000213623047,72.9800033569336,1.0
2021-06-30,259.493408203125,259.9340311382002,258.24815803472217,259.2922587029424,21656500,-0.0018421667064024705,MSFT,487,1224,75.12999725341797,73.47000122070312,1.0
2021-07-01,260.163818359375,260.3937033900851,258.24803181657046,258.25759087112823,16725300,0.002583534436933377,MSFT,486,1223,75.83999633789062,75.2300033569336,1.0
2021-07-02,265.9591064453125,266.2943749941608,261.02596110039144,261.33249401548636,26458000,0.022275534401683172,MSFT,485,1222,76.16999816894531,75.16000366210938,1.0
2021-07-06,265.9686584472656,267.60664781291035,262.75012174305823,266.32307429273305,31565600,3.591530322388792e-05,MSFT,481,1218,74.52999877929688,73.37000274658203,1.0
2021-07-07,268.1430969238281,268.8711052744127,265.48015439666386,267.63541458265394,23260000,0.008175544025589065,MSFT,480,1217,73.43000030517578,72.19999694824219,1.0
2021-07-08,265.7388000488281,266.9936380649696,263.2961543378193,265.24067677167557,24618600,-0.008966469406008981,MSFT,479,1216,74.12000274658203,72.94000244140625,1.0
2021-07-09,266.2368469238281,266.3422011475836,263.72717133618806,264.1103227820157,23916700,0.0018741970495406157,MSFT,478,1215,75.55000305175781,74.55999755859375,1.0
2021-07-12,265.64306640625,267.98988824180765,264.9342052474398,267.40558716373033,18931700,-0.0022302717465250144,MSFT,475,1212,75.16000366210938,74.0999984741211,1.0
2021-07-13,269.1488952636719,270.94015122587615,265.7100615012556,265.83456308659123,26120100,0.013197516896828798,MSFT,474,1211,76.48999786376953,75.25,1.0
2021-07-14,270.6144714355469,271.71604298945186,268.7369793404085,270.4612049849691,23113700,0.0054452245491820594,MSFT,473,1210,74.76000213623047,73.12999725341797,1.0
2021-07-15,269.19683837890625,270.6145314366444,268.0473543610004,270.1259963441455,22604200,-0.0052385707575814955,MSFT,472,1209,73.47000122070312,71.6500015258789,1.0
2021-07-16,268.92864990234375,272.1375995678222,267.6929588734984,270.19307657220435,26186800,-0.000996254184029488,MSFT,471,1208,73.58999633789062,71.80999755859375,1.0
2021-07-19,265.3460693359375,268.56457724046334,262.89386448508327,267.18520835778435,32935600,-0.013321676837730778,MSFT,468,1205,68.62000274658203,66.41999816894531,1.0
2021-07-20,267.558837890625,269.13935642812294,264.6276859170567,266.3231470052684,26259700,0.008339179699270671,MSFT,467,1204,69.3499984741211,67.41999816894531,1.0
2021-07-21,269.5511779785156,269.66612050122745,265.6142504127117,267.1564446467367,24364300,0.0074463624659075744,MSFT,466,1203,72.2300033569336,70.30000305175781,1.0
2021-07-22,274.09161376953125,274.35982273487036,271.4861427208434,271.8884415525597,23384100,0.016844429414355933,MSFT,465,1202,73.79000091552734,71.91000366210938,1.0
2021-07-23,277.4730529785156,277.7795567148543,274.43651739318557,275.2698801509867,22768100,0.01233689408617833,MSFT,464,1201,74.0999984741211,72.06999969482422,1.0
2021-07-26,276.8790588378906,277.49212460846854,274.57056160813,276.83117586382014,23176100,-0.002140727303962753,MSFT,461,1198,74.5,71.91000366210938,1.0
2021-07-27,274.474853515625,277.3868291520572,271.03601883432543,277.2431509516731,33604100,-0.008683232788916917,MSFT,460,1197,74.4800033569336,71.6500015258789,1.0
2021-07-28,274.16827392578125,277.9327882988668,271.8788944693324,276.8216283504645,33566900,-0.0011169678603227817,MSFT,459,1196,74.73999786376953,72.38999938964844,1.0
2021-07-29,274.4364929199219,276.46722250096303,274.0341647800032,274.18743125080124,18168300,0.0009783006264729721,MSFT,458,1195,76.05000305175781,73.62000274658203,1.0
2021-07-30,272.9134216308594,274.58973513938895,271.9555281974139,273.16248327798326,20944800,-0.005549813265930736,MSFT,457,1194,76.33000183105469,73.94999694824219,1.0
2021-08-02,272.8272399902344,274.69511481884285,271.79269861607827,274.3023749668568,16267400,-0.00031578381198693606,MSFT,454,1191,72.88999938964844,71.26000213623047,1.0
2021-08-03,275.0303955078125,275.1357790008344,272.0417722643763,273.4019939880385,17879000,0.008075276932233644,MSFT,453,1190,72.41000366210938,70.55999755859375,1.0
2021-08-04,274.446044921875,275.4805569222393,272.66434801294275,274.1682476532474,16191300,-0.0021246763829814164,MSFT,452,1189,70.37999725341797,68.1500015258789,1.0
2021-08-05,277.32928466796875,277.4346681421628,274.0533056335625,274.8004613109347,13900200,0.010505670602447559,MSFT,451,1188,71.29000091552734,69.08999633789062,1.0
2021-08-06,277.27178955078125,277.3101134683356,275.5092693668719,276.36180844509875,16589300,-0.00020731715100452686,MSFT,450,1187,70.69999694824219,68.27999877929688,1.0
2021-08-09,276.18939208984375,279.2738100175353,275.6912980438974,277.549613584763,16117600,-0.003903741749895051,MSFT,447,1184,69.04000091552734,66.4800033569336,1.0
2021-08-10,274.3789978027344,277.0706760159155,273.19121929801037,276.6396122772204,18616600,-0.006554901596367069,MSFT,446,1183,70.62999725341797,68.29000091552734,1.0
2021-08-11,274.8675537109375,276.50554342388034,273.82342406292844,275.1165861447633,13955900,0.0017805878442429535,MSFT,445,1182,71.44000244140625,69.25,1.0
2021-08-12,277.6070861816406,277.76035263480225,274.28319488720257,274.56099216059465,14561300,0.009966736465316428,MSFT,444,1181,71.30999755859375,69.08999633789062,1.0
2021-08-13,280.51910400390625,280.56698698359713,277.1185647007926,277.2910077393741,18249000,0.010489709979378148,MSFT,443,1180,70.58999633789062,68.44000244140625,1.0
2021-08-16,282.1954345703125,282.40617231232227,277.8082659137247,280.84480121005765,22507600,0.005975816058441774,MSFT,440,1177,69.51000213623047,67.29000091552734,1.0
2021-08-17,280.7394104003906,281.07467896746925,278.82362342575755,280.0784907881244,20075300,-0.005159630495577994,MSFT,439,1176,69.02999877929688,66.58999633789062,1.0
2021-08-18,279.02166748046875,282.9469505784043,278.580171614759,280.2789085267375,21813000,-0.006118638339633331,MSFT,438,1175,68.2300033569336,65.45999908447266,1.0
2021-08-19,284.8182373046875,285.490058075922,277.01567958739867,277.0636542331081,29850500,0.020774622546560817,MSFT,437,1174,66.44999694824219,63.689998626708984,1.0
2021-08-20,292.10260009765625,293.52300710937357,286.0563295513358,287.64948045556423,40817600,0.02557547881028488,MSFT,436,1173,65.18000030517578,62.31999969482422,1.0
2021-08-23,292.38092041015625,293.1007158957985,289.6936956458467,291.03730802800146,22830200,0.0009528169636523476,MSFT,433,1170,68.75,65.63999938964844,1.0
2021-08-24,290.4326477050781,293.3406200208981,289.8376215126441,292.73598718389235,18175800,-0.006663474149903648,MSFT,432,1169,71.05000305175781,67.54000091552734,1.0
2021-08-25,289.8472900390625,292.32337391750315,288.321326942451,292.0450447624562,20006100,-0.002015467856802511,MSFT,431,1168,72.25,68.36000061035156,1.0
2021-08-26,287.0448303222656,290.2503159413958,286.9104837323351,288.8683063071112,17666100,-0.009668745622631758,MSFT,430,1167,71.06999969482422,67.41999816894531,1.0
2021-08-27,287.6494140625,288.75309439464974,284.87578862252496,286.9488027198427,22605700,0.0021062345542179894,MSFT,429,1166,72.69999694824219,68.73999786376953,1.0
2021-08-30,291.3636169433594,291.9682498481404,288.9355079671407,288.9930892639242,16348100,0.012912256028626334,MSFT,426,1163,73.41000366210938,69.20999908447266,1.0
2021-08-31,289.7225341796875,292.2370154722946,289.3578330538483,292.16025016143493,26285300,-0.005632421717193692,MSFT,425,1162,72.98999786376953,68.5,1.0
2021-09-01,289.6744689941406,292.8991678511316,289.34816523699277,290.6725935556559,18983800,-0.00016590074942901545,MSFT,424,1161,71.58999633789062,68.58999633789062,1.0
2021-09-02,289.0218200683594,291.14280883019796,288.0908835783772,290.0295511305213,16285600,-0.0022530426241825774,MSFT,423,1160,73.02999877929688,69.98999786376953,1.0
2021-09-03,289.01226806640625,290.41346160185293,288.16770342962735,288.8682855530755,14747900,-3.304941457660249e-05,MSFT,422,1159,72.61000061035156,69.29000091552734,1.0
2021-09-07,288.0909729003906,288.9643283762939,286.19073133371813,288.887563068861,17180400,-0.003187737227140608,MSFT,418,1155,71.69000244140625,68.3499984741211,1.0
2021-09-08,288.1197204589844,288.50360551584674,285.49007706649724,287.70704475507114,15046800,9.978639144558876e-05,MSFT,417,1154,72.5999984741211,69.30000305175781,1.0
2021-09-09,285.2790222167969,289.9721041260721,285.03909032258593,288.7052566953837,19927000,-0.00985943703423764,MSFT,416,1153,71.44999694824219,68.13999938964844,1.0
2021-09-10,283.8009338378906,287.84140660459923,283.48423673576656,286.4018157451152,19633400,-0.005181202485274206,MSFT,415,1152,72.91999816894531,69.72000122070312,1.0
2021-09-13,285.02935791015625,286.5169525710251,282.23654837919304,285.5668027729655,23652900,0.004328470860378797,MSFT,412,1149,73.51000213623047,70.44999694824219,1.0
2021-09-14,287.7166442871094,289.25221376514764,286.0947028700539,287.4958964728086,21853400,0.009428103815888988,MSFT,411,1148,73.5999984741211,70.45999908447266,1.0
2021-09-15,292.54412841796875,293.0239921430995,289.6649460671842,291.0469559386454,28356300,0.01677860571056189,MSFT,410,1147,75.45999908447266,72.61000061035156,1.0
2021-09-16,292.927978515625,293.01435046119434,288.6476028000496,291.5267848065768,19550800,0.0013121100728701318,MSFT,409,1146,75.66999816894531,72.61000061035156,1.0
2021-09-17,287.79339599609375,292.2369376988319,287.4670922568032,291.92024060405146,41372500,-0.01752848104694571,MSFT,408,1145,75.33999633789062,71.97000122070312,1.0
2021-09-20,282.44775390625,286.6897617780861,277.86025823894886,284.395999300158,38278700,-0.01857458219755781,MSFT,405,1142,73.91999816894531,70.29000091552734,1.0
2021-09-21,282.92755126953125,285.5572235689827,282.22696919676986,283.78172248901336,22364100,0.0016987119091784741,MSFT,404,1141,74.36000061035156,70.55999755859375,1.0
2021-09-22,286.5553283691406,288.12929500202966,282.6492610078595,284.77985651789885,26626300,0.012822282889492609,MSFT,403,1140,76.19000244140625,72.2300033569336,1.0
2021-09-23,287.495849609375,288.7818804171432,285.54760475520084,286.8144515647207,18604600,0.0032821628046042495,MSFT,402,1139,77.25,73.30000305175781,1.0
2021-09-24,287.29437255859375,287.72623226962907,284.9718196101101,286.2194826708354,14999000,-0.0007007998586936459,MSFT,401,1138,78.08999633789062,73.9800033569336,1.0
2021-09-27,282.322998046875,284.53035916304015,281.142522901756,284.21366203503686,23571700,-0.01730411378212715,MSFT,398,1135,79.52999877929688,75.44999694824219,1.0
2021-09-28,272.1018371582031,279.0694657966121,271.36285777992146,278.12892262453175,43186200,-0.03620378417409276,MSFT,397,1134,79.08999633789062,75.29000091552734,1.0
2021-09-29,272.5625305175781,275.22096437346653,271.6124099419833,273.61823631743374,26353700,0.0016930916901789494,MSFT,396,1133,78.63999938964844,74.83000183105469,1.0
2021-09-30,270.5662841796875,276.2382457189751,270.27834846883263,274.20362889854306,32343600,-0.00732399399910133,MSFT,395,1132,78.5199966430664,75.02999877929688,1.0
2021-10-01,277.4571838378906,278.301748595393,269.96171554788884,270.7582763645691,30086300,0.02546843439527291,MSFT,394,1131,79.27999877929688,75.87999725341797,1.0
2021-10-04,271.7083740234375,276.16152262576014,268.96356808295144,275.82561222271863,31350700,-0.02071962864660215,MSFT,391,1128,81.26000213623047,77.62000274658203,1.0
2021-10-05,277.1309509277344,278.70488896042923,272.61061284756806,272.61061284756806,24993000,0.0199573418514849,MSFT,390,1127,82.55999755859375,78.93000030517578,1.0
2021-10-06,281.3056640625,281.8047410195279,274.0117597743309,274.2708756099428,28002600,0.015064045068911236,MSFT,389,1126,81.08000183105469,77.43000030517578,1.0
2021-10-07,282.9756164550781,284.6935366211754,282.0830770442581,283.29231359523686,20430500,0.005936433587796941,MSFT,388,1125,81.94999694824219,78.30000305175781,1.0
2021-10-08,282.9756164550781,284.6935366211754,281.9295171528448,284.2904382451461,17685700,0.0,MSFT,387,1124,82.38999938964844,79.3499984741211,1.0
2021-10-11,282.38055419921875,285.9699246769011,280.960147351055,281.1233138675637,19298600,-0.002102874669252075,MSFT,384,1121,83.6500015258789,80.5199966430664,1.0
2021-10-12,281.0848693847656,283.54176834470167,280.57621520841667,283.44578977984327,17974100,-0.004588434986706025,MSFT,383,1120,83.41999816894531,80.63999938964844,1.0
2021-10-13,284.37677001953125,285.307706593833,281.67033223174053,283.0331577701654,23416300,0.011711411724049325,MSFT,382,1119,83.18000030517578,80.44000244140625,1.0
2021-10-14,290.5575256347656,291.05657343383996,285.8356530413641,287.1600817915338,27262900,0.021734389960227363,MSFT,381,1118,84.0,81.30999755859375,1.0
2021-10-15,291.95855712890625,292.18891153668244,288.4171619780037,290.1638722349593,25384800,0.004821873021804812,MSFT,380,1117,84.86000061035156,82.27999877929688,1.0
2021-10-18,294.9145202636719,295.7974527087723,290.49977017253786,291.34433462509924,22729300,0.010124598380791827,MSFT,377,1114,84.33000183105469,82.44000244140625,1.0
2021-10-19,295.81671142578125,296.8435972219743,294.8473776272357,295.9318739981731,17682100,0.003059161554008094,MSFT,376,1113,85.08000183105469,82.95999908447266,1.0
2021-10-20,295.02978515625,297.22756896603414,293.7821220408967,296.75728265313415,16537100,-0.0026601819273103233,MSFT,375,1112,85.81999969482422,83.87000274658203,1.0
2021-10-21,298.24481201171875,298.49432114907256,294.02198921283684,294.79939513287235,16918100,0.010897295856979516,MSFT,374,1111,84.61000061035156,82.5,1.0
2021-10-22,296.7092590332031,298.5615254647834,295.40401483593905,297.89931136627246,17449300,-0.005148632655696539,MSFT,373,1110,85.52999877929688,83.76000213623047,1.0
2021-10-25,295.7207336425781,296.93957658837917,294.1179764030474,296.9011793012965,17554500,-0.0033316297369553327,MSFT,370,1107,85.98999786376953,83.76000213623047,1.0
2021-10-26,297.62103271484375,299.8188165343258,296.1718643410095,298.47520410987,28107300,0.0064259920123233005,MSFT,369,1106,86.4000015258789,84.6500015258789,1.0
2021-10-27,310.1550598144531,312.9670535510442,303.2738027325777,303.2738027325777,52588700,0.042114050157263216,MSFT,368,1105,84.58000183105469,82.66000366210938,-1.0
2021-10-28,311.28759765625,311.786645375774,308.4179927254557,311.2683843629812,26297900,0.0036515214114978267,MSFT,367,1104,84.31999969482422,82.80999755859375,-1.0
2021-10-29,318.2647399902344,318.6294410245631,310.85564458763923,311.0763923948779,34766000,0.022413814062997472,MSFT,366,1103,84.37999725341797,83.56999969482422,-1.0
2021-11-01,316.1053771972656,318.1399943940643,313.2261952874065,318.0152251584686,27073200,-0.006784800581537853,MSFT,363,1100,84.70999908447266,84.05000305175781,-1.0
2021-11-02,319.7139892578125,320.02110905104064,316.71003784901507,317.0075509960312,26487100,0.011415851550968359,MSFT,362,1099,84.72000122070312,83.91000366210938,-1.0
2021-11-03,320.5489196777344,321.41266839400566,317.33382735020217,320.4529410895813,21500100,0.002611491670602595,MSFT,361,1098,81.98999786376953,80.86000061035156,-1.0
2021-11-04,322.89068603515625,322.98666463204586,316.2397822393411,319.48366550974254,23992200,0.007305488222441037,MSFT,360,1097,80.54000091552734,78.80999755859375,-1.0
2021-11-05,322.52593994140625,325.1460058993081,320.95200246852335,324.8772834386426,22570100,-0.0011296271757751386,MSFT,359,1096,82.73999786376953,81.2699966430664,-1.0
2021-11-08,323.4184875488281,324.0519110698877,320.97119469393846,323.7160006633111,20897000,0.002767366890191969,MSFT,356,1093,83.43000030517578,81.93000030517578,-1.0
2021-11-09,322.42047119140625,325.0789058707678,321.057645229709,323.53372933767673,21307400,-0.0030858358314200807,MSFT,355,1092,84.77999877929688,84.1500015258789,-1.0
2021-11-10,317.477783203125,321.1535552109362,316.63324777065986,321.0959739152807,25500900,-0.01532994468377602,MSFT,354,1091,82.63999938964844,81.33999633789062,-1.0
2021-11-11,319.0421142578125,320.328145224204,317.1994543880921,317.90964316198944,16849800,0.004927371732612373,MSFT,353,1090,82.87000274658203,81.58999633789062,-1.0
2021-11-12,323.1593017578125,323.64877193823406,320.34730845825095,320.47207766412674,23831000,0.012904840195087752,MSFT,352,1089,82.16999816894531,80.79000091552734,-1.0
2021-11-15,322.5356140136719,324.2727183705063,320.5777617974973,323.9464145492368,16723000,-0.0019299699583087415,MSFT,349,1086,82.05000305175781,80.87999725341797,-1.0
2021-11-16,325.8370361328125,326.95032335349225,321.99812680159425,322.16126404658087,20886800,0.01023583745700929,MSFT,348,1085,82.43000030517578,80.76000213623047,-1.0
2021-11-17,326.0581970214844,329.0099576589885,324.9813404697,325.8851370775491,19053400,0.000678746932198715,MSFT,347,1084,80.27999877929688,78.36000061035156,-1.0
2021-11-18,328.12530517578125,329.2598774584323,324.1351564442823,325.1543261152059,22463500,0.0063396908072845815,MSFT,346,1083,81.23999786376953,79.01000213623047,-1.0
2021-11-19,329.89447021484375,331.8078416400719,329.01954636756113,329.44260130183307,21963400,0.005391736056792995,MSFT,345,1082,78.88999938964844,76.0999984741211,-1.0
2021-11-22,326.74078369140625,336.2018030638584,326.4715696014347,331.3462958819071,31031100,-0.00955968289308895,MSFT,342,1079,79.69999694824219,76.75,-1.0
2021-11-23,324.67364501953125,326.3754890891575,320.7123388682241,324.06790589930085,30427600,-0.006326540104731215,MSFT,341,1078,82.30999755859375,78.5,-1.0
2021-11-24,324.8947448730469,325.13511563845185,321.04881262656716,323.3275227878649,21661300,0.0006809910718263978,MSFT,340,1077,82.25,78.38999938964844,-1.0
2021-11-26,316.98175048828125,324.9139862915625,315.4818391564863,321.4718896050423,24217200,-0.024355562869623038,MSFT,338,1075,72.72000122070312,68.1500015258789,-1.0
2021-11-29,323.6640625,325.9716160847785,321.84684534637535,322.03915370433015,28563500,0.021081062242306547,MSFT,335,1072,73.44000244140625,69.94999694824219,-1.0
2021-11-30,317.856689453125,324.7697551795586,316.31831064916247,322.4045150069706,42885600,-0.017942594559366642,MSFT,334,1071,70.56999969482422,66.18000030517578,-1.0
2021-12-01,317.3663635253906,326.21202075185647,316.7029671084376,322.22187131790565,33337600,-0.001542600624759527,MSFT,333,1070,68.87000274658203,65.56999969482422,-1.0
2021-12-02,316.7991027832031,320.6450357362237,315.17419376318077,317.5779018588186,30766000,-0.0017874003277670303,MSFT,332,1069,69.66999816894531,66.5,-1.0
2021-12-03,310.5686950683594,319.88546954113923,305.7804982116358,319.20279534885117,41779300,-0.019666746717737493,MSFT,331,1068,69.87999725341797,66.26000213623047,-1.0
2021-12-06,313.62615966796875,314.83763770524575,306.9342458292847,311.47244701692887,30032600,0.009844728873708242,MSFT,328,1065,73.08000183105469,69.48999786376953,-1.0
2021-12-07,322.01983642578125,322.8659166532705,317.38548222810084,318.8661739749291,31021900,0.026763318361895383,MSFT,327,1064,75.44000244140625,72.05000305175781,-1.0
2021-12-08,322.0679626464844,322.57754746432244,318.05856561396024,322.3948633464057,24761000,0.00014945110598563183,MSFT,326,1063,75.81999969482422,72.36000061035156,-1.0
2021-12-09,320.2699890136719,323.5294010834797,319.3277251227278,321.5295293799617,22214200,-0.005582590761397888,MSFT,325,1062,74.41999816894531,70.94000244140625,-1.0
2021-12-10,329.34649658203125,329.7887706825989,321.8950010345381,322.0776852082351,38095700,0.028340175101363885,MSFT,324,1061,75.1500015258789,71.66999816894531,-1.0
2021-12-13,326.3274230957031,330.5483488274046,326.01974140047037,327.5581205344927,28899400,-0.009166860791476994,MSFT,321,1058,74.38999938964844,71.29000091552734,-1.0
2021-12-14,315.6933288574219,321.75068944249216,311.6262451506804,320.3853706539691,44438700,-0.03258719153113454,MSFT,320,1057,73.69999694824219,70.7300033569336,-1.0
2021-12-15,321.76025390625,322.2794628998093,312.00120811857875,315.9528888428843,35381100,0.01921778034013566,MSFT,319,1056,73.87999725341797,70.87000274658203,-1.0
2021-12-16,312.3858337402344,323.7890378493558,310.57824093079836,322.77946305235776,35034800,-0.029134798509784288,MSFT,318,1055,75.0199966430664,72.37999725341797,-1.0
2021-12-17,311.3282165527344,312.405102273891,305.03051397428044,308.5207023277349,47750300,-0.003385611872462446,MSFT,317,1054,73.5199966430664,70.86000061035156,-1.0
2021-12-20,307.58807373046875,310.36674473714834,305.3382067120296,307.72266611167277,28326500,-0.012013504152239562,MSFT,314,1051,71.5199966430664,68.2300033569336,-1.0
2021-12-21,314.683837890625,315.10689283678283,307.4823089268054,310.8379051743816,24740600,0.023069048400017333,MSFT,313,1050,73.9800033569336,71.12000274658203,-1.0
2021-12-22,320.3662109375,320.7603932246783,313.2031494286014,315.6549198284857,24831500,0.01805740353544949,MSFT,312,1049,75.29000091552734,72.76000213623047,-1.0
2021-12-23,321.7987365722656,323.43326935301656,319.91423817274443,319.93345726891704,19617800,0.00447152535398021,MSFT,311,1048,76.8499984741211,73.79000091552734,-1.0
2021-12-27,329.260009765625,329.2888530946136,322.51037736083225,322.53922068982087,19947000,0.023186148189503042,MSFT,307,1044,78.5999984741211,75.56999969482422,-1.0
2021-12-28,328.1061096191406,330.567504020854,327.21193737349995,329.9329216504245,15661500,-0.0035045256401035063,MSFT,306,1043,78.94000244140625,75.9800033569336,-1.0
2021-12-29,328.7791748046875,331.0386367329647,326.5965892757154,328.1541872836197,15042000,0.002051364378213405,MSFT,305,1042,79.2300033569336,76.55999755859375,-1.0
2021-12-30,326.25042724609375,329.91367522578065,325.76968573335654,328.7406647610165,15994500,-0.007691325218806666,MSFT,304,1041,79.31999969482422,76.98999786376953,-1.0
2021-12-31,323.36602783203125,326.28891555203285,322.91412956697064,325.4716783285754,18000800,-0.008841059423001951,MSFT,303,1040,77.77999877929688,75.20999908447266,-1.0
2022-01-03,321.8564453125,324.98126516990294,317.0778734645708,322.433341000755,28865100,-0.0046683398675243515,MSFT,300,1037,78.9800033569336,76.08000183105469,-1.0
2022-01-04,316.3375549316406,322.28913749513237,313.55885476913005,321.93336411107276,32674300,-0.01714705565551411,MSFT,299,1036,80.0,76.98999786376953,-1.0
2022-01-05,304.19403076171875,313.5108044365724,303.8094433864934,313.308871857317,40054300,-0.03838786758197599,MSFT,298,1035,80.80000305175781,77.8499984741211,-1.0
2022-01-06,301.7902526855469,306.4246072340797,299.492294505817,301.08835961622106,39646100,-0.007902121123654848,MSFT,297,1034,81.98999786376953,79.45999908447266,-1.0
2022-01-07,301.9441223144531,304.30936222208857,298.1462528184306,302.0498713577004,32720000,0.000509856191633018,MSFT,296,1033,81.75,78.9000015258789,-1.0
2022-01-10,302.1653137207031,302.5979928961551,292.9543176051216,297.56942521329626,44289500,0.0007325574167649229,MSFT,293,1030,80.87000274658203,78.2300033569336,-1.0
2022-01-11,302.8479309082031,304.41512357671206,297.95398587837894,301.3095522143525,29386800,0.002259085197750199,MSFT,292,1029,83.72000122070312,81.22000122070312,-1.0
2022-01-12,306.01123046875,310.9532679259109,304.86706317706137,307.35733034753923,34372200,0.010445174748463737,MSFT,291,1028,84.66999816894531,82.63999938964844,-1.0
2022-01-13,293.06005859375,308.52072440499325,292.2908837943043,308.1265127840826,45366000,-0.04232253782046269,MSFT,290,1027,84.47000122070312,82.12000274658203,-1.0
2022-01-14,298.2520446777344,298.84815945566663,292.0504674590349,292.53120896925554,39846400,0.01771645753740092,MSFT,289,1026,86.05999755859375,83.81999969482422,-1.0
2022-01-18,290.99285888671875,297.8674572905509,290.1179057310112,292.3581778205605,42333200,-0.02433909815726254,MSFT,285,1022,87.51000213623047,85.43000030517578,-1.0
2022-01-19,291.6466369628906,301.8191439350218,291.04092729643247,294.49264788128625,45933900,0.002246715189757831,MSFT,284,1021,88.44000244140625,86.95999908447266,-1.0
2022-01-20,289.98333740234375,299.64623177263644,289.54106334856164,297.1656180407453,35380700,-0.005703133003239547,MSFT,283,1020,88.37999725341797,86.9000015258789,-1.0
2022-01-21,284.6278381347656,292.39660859622313,284.22400232617673,291.03131903917586,57984400,-0.01846829999113886,MSFT,282,1019,87.88999938964844,85.13999938964844,-1.0
2022-01-24,284.9547119140625,285.6661999443274,265.41737031888897,280.9453442370806,85731500,0.0011484251907296628,MSFT,279,1016,86.2699966430664,83.30999755859375,-1.0
2022-01-25,277.3782653808594,283.6279058744891,274.1861636133682,280.2915581603582,72848600,-0.02658824794407344,MSFT,278,1015,88.19999694824219,85.5999984741211,-1.0
2022-01-26,285.2816162109375,296.61750913568017,281.7433657696805,296.1271434101873,90428900,0.028493042954271353,MSFT,277,1014,89.95999908447266,87.3499984741211,-1.0
2022-01-27,288.2910461425781,295.46370078193985,286.4546101746923,291.0024351218943,53481300,0.010548979536821879,MSFT,276,1013,89.33999633789062,86.61000061035156,-1.0
2022-01-28,296.3868408203125,296.5983683124137,283.10875927077944,288.66613137183003,49743700,0.0280820191471729,MSFT,275,1012,90.02999877929688,86.81999969482422,-1.0
2022-01-31,299.0019226074219,300.3479926180307,294.5694717764121,297.05011375650776,46444500,0.008823204768037662,MSFT,272,1009,91.20999908447266,88.1500015258789,-1.0
2022-02-01,296.8675537109375,298.6655225486515,293.37736510025144,298.45399507702996,40950400,-0.007138311613088644,MSFT,271,1008,89.16000366210938,88.19999694824219,-1.0
2022-02-02,301.386474609375,302.9825400250582,296.98289506365415,297.7040073654435,36636000,0.01522201009153612,MSFT,270,1007,89.47000122070312,88.26000213623047,-1.0
2022-02-03,289.64678955078125,299.24240163998115,288.4064681116785,297.5694010605456,43730000,-0.03895226245241923,MSFT,269,1006,91.11000061035156,90.2699966430664,-1.0
2022-02-04,294.1561279296875,296.9059553802916,288.4160729228112,288.64681946632084,35096500,0.015568404489826548,MSFT,268,1005,93.2699966430664,92.30999755859375,-1.0
2022-02-07,289.35833740234375,295.9829403994106,288.3487625883948,294.37728012769503,28533300,-0.016310353828462687,MSFT,265,1002,92.69000244140625,91.31999969482422,-1.0
2022-02-08,292.82928466796875,293.7907677485287,288.3968617508122,289.6467780186861,32421200,0.011995324886038272,MSFT,264,1001,90.77999877929688,89.36000061035156,-1.0
2022-02-09,299.22308349609375,299.91535235408395,295.55024113771606,297.9346999380261,31284700,0.021834560827393767,MSFT,263,1000,91.55000305175781,89.66000366210938,-1.0
2022-02-10,290.7332763671875,297.2136633368289,289.1179917352157,292.3293418995418,45386200,-0.028372834841858374,MSFT,262,999,91.41000366210938,89.87999725341797,-1.0
2022-02-11,283.6759338378906,292.56965100167986,282.88751078774607,291.51201390296524,39175600,-0.024274285411978958,MSFT,261,998,94.44000244140625,93.0999984741211,-1.0
2022-02-14,283.6374816894531,285.3297011391844,280.1280746488406,282.45484705008886,36359500,-0.00013554956149175457,MSFT,258,995,96.4800033569336,95.45999908447266,-1.0
2022-02-15,288.8968811035156,289.2141576740427,285.5797520645728,288.4546070123702,27058300,0.01854268125191183,MSFT,257,994,93.27999877929688,92.06999969482422,-1.0
2022-02-16,288.5596008300781,289.8795515618136,282.95219184742473,287.47087375855756,29982100,-0.001167476340170781,MSFT,256,993,94.80999755859375,93.66000366210938,-1.0
2022-02-17,280.1100158691406,285.95826419364323,279.40667124960413,285.5343344781432,32461600,-0.029281940149040953,MSFT,255,992,92.97000122070312,91.76000213623047,-1.0
2022-02-18,277.4122314453125,283.1256081080043,275.8514129414356,282.34519885606585,34264000,-0.009631160154903062,MSFT,254,991,93.54000091552734,91.06999969482422,-1.0
2022-02-22,277.2099304199219,280.8903974019096,274.1075520292779,274.58928762159644,41736100,-0.0007292433514436425,MSFT,250,987,96.83999633789062,92.3499984741211,-1.0
2022-02-23,270.0320739746094,281.04457259903455,269.86830032930663,279.58007749575995,37811200,-0.025893215421393334,MSFT,249,986,96.83999633789062,92.0999984741211,1.0
2022-02-24,283.8289489746094,284.37813456051526,261.60166355056816,262.5555199373533,56989700,0.051093467516371005,MSFT,248,985,99.08000183105469,92.80999755859375,-1.0
2022-02-25,286.4496154785156,286.7579333141939,280.99636504653614,284.35889947396316,32546700,0.009233260079262395,MSFT,247,984,97.93000030517578,91.58999633789062,-1.0
2022-02-28,287.87554931640625,288.212770094987,282.29704319923974,283.5591880367457,34627500,0.004977956893077229,MSFT,244,981,100.98999786376953,95.72000122070312,-1.0
2022-03-01,284.17584228515625,289.01245712557574,281.47810528267394,285.5728578838848,31217800,-0.01285175847700637,MSFT,243,980,104.97000122070312,103.41000366210938,-1.0
2022-03-02,289.224365234375,290.4576069527269,282.9714477799345,284.5707837842269,31873000,0.017765489524450118,MSFT,242,979,112.93000030517578,110.5999984741211,-1.0
2022-03-03,285.1103515625,292.0569692471533,283.3086360922176,291.82574561580225,27314500,-0.014224298386967482,MSFT,241,978,110.45999908447266,107.66999816894531,-1.0
2022-03-04,279.2717590332031,284.85990985728677,276.6800484526404,283.53995896520416,32356500,-0.02047836038677453,MSFT,240,977,118.11000061035156,115.68000030517578,-1.0
2022-03-07,268.7217712402344,279.1079901922431,268.35564745891236,277.9903600081898,43157200,-0.037776779970489005,MSFT,237,974,123.20999908447266,119.4000015258789,1.0
2022-03-08,265.77349853515625,273.5872347405663,260.13718693761393,267.6522494658014,48159500,-0.010971469455083316,MSFT,236,973,127.9800033569336,123.69999694824219,1.0
2022-03-09,277.96142578125,279.0212499230222,270.52342735372963,273.0862641319039,35204500,0.0458583241492061,MSFT,235,972,111.13999938964844,108.69999694824219,-1.0
2022-03-10,275.15771484375,276.13083008813146,270.33071510240313,272.68158699777644,30628000,-0.010086690732787007,MSFT,234,971,109.33000183105469,106.0199966430664,1.0
2022-03-11,269.83935546875,278.9345249185214,269.22271985726513,277.441127086034,27209300,-0.019328403632149938,MSFT,233,970,112.66999816894531,109.33000183105469,1.0
2022-03-14,266.3419494628906,274.97464216380376,265.7446020938021,270.0994808190958,30660700,-0.012961067149689365,MSFT,230,967,106.9000015258789,103.01000213623047,1.0
2022-03-15,276.6607666015625,277.3063052834026,268.54835505285934,270.1091737905865,34245100,0.03874274089936258,MSFT,229,966,99.91000366210938,96.44000244140625,-1.0
2022-03-16,283.6363525390625,283.809770330095,272.8551054876842,278.54919544627364,37826300,0.025213498911271337,MSFT,228,965,98.0199966430664,95.04000091552734,-1.0
2022-03-17,284.4360046386719,284.81174316450165,278.799691528735,282.5765120453136,30816600,0.0028192863589275863,MSFT,227,964,106.63999938964844,102.9800033569336,-1.0
2022-03-18,289.45562744140625,290.00481304770483,282.0369173074508,284.58046582678224,43390600,0.017647635042233656,MSFT,226,963,107.93000030517578,104.69999694824219,-1.0
2022-03-21,288.23199462890625,289.17620681599607,284.12759866402473,287.9718680378315,28351200,-0.004227358864348552,MSFT,223,960,115.62000274658203,112.12000274658203,-1.0
2022-03-22,292.9530334472656,293.8586986740922,287.85626286698505,288.84863696836237,27599700,0.01637930176501623,MSFT,222,959,115.4800033569336,111.76000213623047,-1.0
2022-03-23,288.550048828125,292.15345196607205,286.8447149840103,289.53280850338996,25715400,-0.015029660445325943,MSFT,221,958,121.5999984741211,114.93000030517578,-1.0
2022-03-24,292.9915466308594,293.08789961459325,287.42268524354915,288.2127385462436,24484500,0.015392469420027588,MSFT,220,957,119.02999877929688,112.33999633789062,-1.0
2022-03-25,292.5869445800781,294.3404693263562,288.3573210468133,294.0803426717011,22566500,-0.0013809342127232282,MSFT,219,956,120.6500015258789,113.9000015258789,-1.0
2022-03-28,299.3504638671875,299.44678744893827,293.2131286444829,293.2131286444829,29578200,0.023116271632749763,MSFT,216,953,112.4800033569336,105.95999908447266,-1.0
2022-03-29,303.888427734375,304.2834544196327,297.7607361570676,302.44322106271255,30393400,0.015159368081690605,MSFT,215,952,110.2300033569336,104.23999786376953,-1.0
2022-03-30,302.3950500488281,304.40873068688376,300.1983369373926,302.2987264531988,28163600,-0.0049142301886276885,MSFT,214,951,113.44999694824219,107.81999969482422,-1.0
2022-03-31,297.0477600097656,303.6282838118876,296.6431186303352,302.43355970417105,33422100,-0.017683126883852984,MSFT,213,950,107.91000366210938,100.27999877929688,-1.0
2022-04-01,298.11724853515625,298.8013048013512,294.37897586444814,298.0690573372068,27110500,0.0036003924936363063,MSFT,212,949,104.38999938964844,99.2699966430664,-1.0
2022-04-04,303.4644775390625,303.59934819649135,298.39661041143324,298.7627341145734,24289600,0.017936664282864,MSFT,209,946,107.52999877929688,103.27999877929688,-1.0
2022-04-05,299.52392578125,303.3681663887453,298.5508104784777,301.82660661689823,23156700,-0.012985215896662128,MSFT,208,945,106.63999938964844,101.95999908447266,-1.0
2022-04-06,288.5596008300781,295.7856342398464,285.8715081688589,294.04175386251336,40110400,-0.03660584015975876,MSFT,207,944,101.06999969482422,96.2300033569336,-1.0
2022-04-07,290.361328125,292.55804141565983,285.52471299808303,285.82338673563873,31411200,0.006243865356546641,MSFT,206,943,100.58000183105469,96.02999877929688,-1.0
2022-04-08,286.1220397949219,290.1204393434208,285.4572423231668,289.4652859924413,24361900,-0.014600044563279901,MSFT,205,942,102.77999877929688,98.26000213623047,-1.0
2022-04-11,274.83978271484375,281.921271966205,274.5892708132743,281.13124798929533,34569300,-0.03943162535876188,MSFT,202,939,98.4800033569336,94.29000091552734,-1.0
2022-04-12,271.75665283203125,280.11957482236716,270.24399616662504,278.6743681898196,30966700,-0.011217917043732206,MSFT,201,938,104.63999938964844,100.5999984741211,-1.0
2022-04-13,277.11358642578125,278.0385105603026,271.02444128433206,272.4022274692682,21907200,0.019712244531731926,MSFT,200,937,108.77999877929688,104.25,-1.0
2022-04-14,269.608154296875,277.7784013045191,269.1168039398963,277.56643644763085,28221600,-0.027084316672132625,MSFT,199,936,111.69999694824219,106.94999694824219,-1.0
2022-04-18,270.27294921875,272.1420858288505,268.1725889134815,268.72177459231517,20778000,0.00246578195532976,MSFT,195,932,113.16000366210938,108.20999908447266,-1.0
2022-04-19,274.8782653808594,275.7165098517803,268.2399654599824,269.17453350895715,22297700,0.017039500902408022,MSFT,194,931,107.25,102.55999755859375,-1.0
2022-04-20,275.89959716796875,279.1176168323527,274.9457700942281,278.8285578322928,22906700,0.0037155785514517703,MSFT,193,930,106.80000305175781,102.75,-1.0
2022-04-21,270.5523376464844,282.5860831842899,269.82973426697856,278.0384980731543,29454600,-0.01938117915492621,MSFT,192,929,108.33000183105469,103.79000091552734,-1.0
2022-04-22,264.0200500488281,272.8550951713469,263.393799558569,271.39059991716476,29405800,-0.02414426596524777,MSFT,191,928,106.6500015258789,102.06999969482422,-1.0
2022-04-25,270.46563720703125,270.8413756866367,260.87908697872507,263.3070532274066,35678900,0.024413248755202677,MSFT,188,925,102.31999969482422,98.54000091552734,-1.0
2022-04-26,260.3492126464844,268.19185364215673,260.13724778699,267.36328244773966,46518400,-0.03740373329867086,MSFT,187,924,104.98999786376953,101.69999694824219,-1.0
2022-04-27,272.87432861328125,280.34123080111425,268.9626376903315,271.7952455176826,63477700,0.04810890664687406,MSFT,186,923,105.31999969482422,102.0199966430664,-1.0
2022-04-28,279.0502014160156,280.3508935706538,271.178627842334,274.7723864290521,33646600,0.022632663300060196,MSFT,185,922,107.58999633789062,105.36000061035156,-1.0
2022-04-29,267.3824768066406,279.2909943451643,266.3997469147851,278.0673672865681,37073900,-0.04181227804233134,MSFT,184,921,109.33999633789062,104.69000244140625,-1.0
2022-05-02,274.0786437988281,274.5314764230111,266.1300066784379,267.56556930704056,35151100,0.02504340251522863,MSFT,181,918,107.58000183105469,105.16999816894531,-1.0
2022-05-03,271.4869079589844,273.7510711128351,269.9164452309345,273.58726807497914,25978600,-0.009456175803854605,MSFT,180,917,104.97000122070312,102.41000366210938,-1.0
2022-05-04,279.38739013671875,280.25450833918546,266.62139669213593,272.26732383050563,33599300,0.029100785143304053,MSFT,179,916,110.13999938964844,107.80999755859375,-1.0
2022-05-05,267.2187805175781,275.8900225285143,264.3187223916875,275.109613099755,43260400,-0.04355461287349405,MSFT,178,915,110.9000015258789,108.26000213623047,-1.0
2022-05-06,264.69451904296875,269.0493993625889,261.3608866937314,264.77158382085645,37780300,-0.009446422402348054,MSFT,177,914,112.38999938964844,109.7699966430664,-1.0
2022-05-09,254.9152069091797,262.41101195577926,253.70125314465557,260.19503987214216,47726000,-0.036945654066231515,MSFT,174,911,105.94000244140625,103.08999633789062,1.0
2022-05-10,259.65545654296875,263.75020864058513,255.38728670730274,261.7654605643178,39336400,0.018595397627564347,MSFT,173,910,102.45999908447266,99.76000213623047,-1.0
2022-05-11,251.0324249267578,261.4475468907718,249.82808585226212,255.97503719293763,48975900,-0.03320951437345965,MSFT,172,909,107.51000213623047,105.70999908447266,1.0
2022-05-12,246.02236938476562,250.3868926130945,240.88706627938942,248.27688839647124,51033800,-0.019957802437091332,MSFT,171,908,107.44999694824219,106.12999725341797,1.0
2022-05-13,251.5815887451172,253.43146634006962,246.0223706452165,247.94931299700548,34925100,0.022596397938340562,MSFT,170,907,111.55000305175781,110.48999786376953,1.0
2022-05-16,251.9477081298828,256.1099105942852,246.43665192316664,250.46395431193443,32550900,0.0014552709782611473,MSFT,167,904,114.23999786376953,114.19999694824219,1.0
2022-05-17,257.0733947753906,258.5282163055622,252.87264501904795,256.3893090476885,28828800,0.02034424795348988,MSFT,166,903,111.93000030517578,112.4000015258789,1.0
2022-05-18,245.36892700195312,254.56254010236933,244.10384241044304,253.98310507106706,31356000,-0.04552967367029126,MSFT,165,902,109.11000061035156,109.58999633789062,1.0
2022-05-19,244.46115112304688,248.83585464293373,243.24435524609143,245.19508938818183,32692300,-0.003699636665481343,MSFT,164,901,112.04000091552734,112.20999908447266,1.0
2022-05-20,243.9010009765625,249.6759878292524,237.9908293362282,248.42054052843162,39199300,-0.002291366721914989,MSFT,163,900,112.55000305175781,113.2300033569336,1.0
2022-05-23,251.71365356445312,252.53451735450935,244.74118884717117,246.73057447845937,33175400,0.0320320644712786,MSFT,160,897,113.41999816894531,110.29000091552734,1.0
2022-05-24,250.71897888183594,252.3703436440929,244.80880649372511,249.0483104249833,29043900,-0.003951611954821854,MSFT,159,896,113.55999755859375,109.7699966430664,1.0
2022-05-25,253.51951599121094,255.50888672812104,248.31432695707377,249.28970863330227,28547900,0.011170024390913413,MSFT,158,895,114.02999877929688,110.33000183105469,1.0
2022-05-26,256.78363037109375,257.9521373499767,252.46688284359203,253.27807996316005,25002100,0.012875199635502543,MSFT,157,894,117.4000015258789,114.08999633789062,1.0
2022-05-27,263.8719482421875,263.9685256331768,258.386694300866,259.2751650381728,26910800,0.027604243544847362,MSFT,156,893,119.43000030517578,115.06999969482422,-1.0
2022-05-31,262.5489807128906,265.3495488346776,259.70977573202504,263.1863562668899,37827700,-0.005013672495731258,MSFT,152,889,122.83999633789062,114.66999816894531,-1.0
2022-06-01,263.0801696777344,268.1694785962378,260.7817625947678,265.76485697863757,25292200,0.0020231994936770192,MSFT,151,888,116.29000091552734,115.26000213623047,-1.0
2022-06-02,265.1660461425781,265.23365327445924,252.63108267756797,255.38337667898296,44008200,0.007928672341206422,MSFT,150,887,117.61000061035156,116.87000274658203,-1.0
2022-06-03,260.762451171875,264.0748772583433,259.20766358686035,261.04251687853196,28059000,-0.016606933786444622,MSFT,149,886,119.72000122070312,118.87000274658203,-1.0
2022-06-06,259.5359802246094,264.77980709613064,258.0584370323219,262.732495427998,22400300,-0.004703403199938561,MSFT,146,883,119.51000213623047,118.5,-1.0
2022-06-07,263.1573791503906,263.76578441208926,256.8222901054273,257.49830250093424,22860700,0.01395335984878554,MSFT,145,882,120.56999969482422,119.41000366210938,-1.0
2022-06-08,261.1390075683594,263.64020598603173,260.3664178533954,262.39442533216015,17372300,-0.007669827038662591,MSFT,144,881,123.58000183105469,122.11000061035156,-1.0
2022-06-09,255.71173095703125,263.36017868447857,255.5572129915601,258.5992099165968,26439700,-0.020783094267934676,MSFT,143,880,123.06999969482422,121.51000213623047,1.0
2022-06-10,244.31629943847656,251.64605970485297,243.87206395245485,251.64605970485297,31422800,-0.04456358523680526,MSFT,142,879,122.01000213623047,120.66999816894531,1.0
2022-06-13,233.95416259765625,240.4824068795414,233.24919461693813,236.70645685368288,46135800,-0.04241279384402963,MSFT,139,876,122.2699966430664,120.93000030517578,1.0
2022-06-14,236.1077423095703,237.31488645148173,233.2299000655882,235.49933694664017,28651500,0.00920513526240474,MSFT,138,875,121.16999816894531,118.93000030517578,1.0
2022-06-15,243.1284637451172,246.54710394987805,237.97154789524555,239.79674911112798,33111700,0.02973524445607434,MSFT,137,874,118.51000213623047,115.30999755859375,1.0
2022-06-16,236.57125854492188,238.9372578860195,234.6881168136664,237.5466256119709,33169200,-0.026970125583771765,MSFT,136,873,119.80999755859375,117.58999633789062,1.0
2022-06-17,239.15936279296875,241.91165700040483,235.6634784930398,236.31050590715876,43084800,0.010940062051347788,MSFT,135,872,113.12000274658203,109.55999755859375,1.0
2022-06-21,245.0405731201172,246.0159401392919,240.95558733169304,241.67987371090587,29928300,0.0245911774411256,MSFT,131,868,114.6500015258789,110.6500015258789,1.0
2022-06-22,244.4514617919922,248.3529589492158,241.7860787526344,243.25396979346604,25939900,-0.002404137896936054,MSFT,130,867,111.73999786376953,106.19000244140625,1.0
2022-06-23,249.98500061035156,250.47752474998597,244.93432941875366,246.8078191002136,25861400,0.02263655442186696,MSFT,129,866,110.05000305175781,104.2699966430664,1.0
2022-06-24,258.5219421386719,258.7923411858124,252.74695527389528,252.83386609569553,33923200,0.03414981501880887,MSFT,128,865,113.12000274658203,107.62000274658203,-1.0
2022-06-27,255.808349609375,259.1014129718145,254.25353259267325,259.01450212809226,24615100,-0.010496565617789222,MSFT,125,862,115.08999633789062,109.56999969482422,1.0
2022-06-28,247.68661499023438,257.7590162284537,247.53209704046702,254.92947810959762,27295500,-0.03174929446807617,MSFT,124,861,117.9800033569336,111.76000213623047,1.0
2022-06-29,251.33700561523438,252.9883700808471,246.99127320177047,248.75853349236172,20069800,0.0147379406236543,MSFT,123,860,116.26000213623047,109.77999877929688,1.0
2022-06-30,248.0246124267578,250.6320551562228,244.22935890804,248.23707094153858,31730900,-0.013179090680929928,MSFT,122,859,114.80999755859375,105.76000213623047,1.0
2022-07-01,250.6803436279297,250.86383187727745,245.88075254538774,247.59973919232516,22837700,0.010707530898596218,MSFT,121,858,111.62999725341797,108.43000030517578,1.0
2022-07-05,253.83828735351562,253.96383506526925,246.00633522277502,247.37764926074487,22941000,0.012597492407594224,MSFT,117,854,102.7699966430664,99.5,1.0
2022-07-06,257.0830383300781,258.8020102285566,253.4036657301254,254.70738716056056,23824400,0.012782748459233106,MSFT,116,853,100.69000244140625,98.52999877929688,1.0
2022-07-07,259.19793701171875,259.8353125390256,255.93381513155052,256.0303925395583,20859900,0.008226519708878,MSFT,115,852,104.6500015258789,102.7300033569336,-1.0
2022-07-08,258.4833068847656,258.9082238859461,254.2631366183598,255.71170926657888,19658800,-0.0027570826187587327,MSFT,114,851,107.0199966430664,104.79000091552734,-1.0
2022-07-11,255.44131469726562,257.3920486214131,253.1911819736528,256.54221460414914,19455200,-0.011768621440827354,MSFT,111,848,107.0999984741211,104.08999633789062,1.0
2022-07-12,244.9729766845703,256.82230649201273,243.39885616958918,256.76436593684815,35868500,-0.040981381673132145,MSFT,110,847,99.48999786376953,95.83999633789062,1.0
2022-07-13,244.0555419921875,244.8570873615849,239.603594413408,241.61228376039588,29497400,-0.0037450444730648957,MSFT,109,846,99.56999969482422,96.30000305175781,1.0
2022-07-14,245.36892700195312,246.39258278636146,237.50800563214514,241.9792718550764,25102800,0.005381500452907861,MSFT,108,845,99.0999984741211,95.77999877929688,1.0
2022-07-15,247.9184112548828,251.44326589652985,246.03526953214475,246.9526960395664,29774100,0.010390412038234098,MSFT,107,844,101.16000366210938,97.58999633789062,1.0
2022-07-18,245.53309631347656,251.89715611893087,244.6156697955208,250.84453005870418,20975000,-0.009621370713585042,MSFT,104,841,106.2699966430664,102.5999984741211,1.0
2022-07-19,250.632080078125,250.81556833510322,244.98263991671732,248.74892353389214,25012600,0.02076699166510121,MSFT,103,840,107.3499984741211,104.22000122070312,1.0
2022-07-20,253.27813720703125,255.78900284248536,250.0333479953983,250.98939669680948,22788300,0.010557535683705987,MSFT,102,839,106.91999816894531,102.26000213623047,1.0
2022-07-21,255.760009765625,255.80831320834824,248.21777641916702,250.8831597992093,22404700,0.009799000363639898,MSFT,101,838,103.86000061035156,96.3499984741211,1.0
2022-07-22,251.43357849121094,256.23318389270804,250.18782718594753,256.14627306708184,21881300,-0.016915980251872575,MSFT,100,837,103.19999694824219,94.69999694824219,1.0
2022-07-25,249.9560546875,252.53452726402583,248.0053205741304,252.05166965931448,21056000,-0.005876398103137892,MSFT,97,834,105.1500015258789,96.69999694824219,1.0
2022-07-26,243.26364135742188,250.9700588947091,241.01353801634696,250.95072573000826,39348000,-0.026774359750737386,MSFT,96,833,104.4000015258789,94.9800033569336,1.0
2022-07-27,259.5263366699219,260.79142143505817,249.97542707523482,252.2062272013175,45994000,0.06685214124787997,MSFT,95,832,106.62000274658203,97.26000213623047,-1.0
2022-07-28,266.9332580566406,268.31422328541737,258.68604458923585,260.50159330991454,33459300,0.028540153118021383,MSFT,94,831,107.13999938964844,96.41999816894531,-1.0
2022-07-29,271.1148681640625,272.33167871252647,267.1457929503217,268.1791152582621,32152800,0.015665376948025722,MSFT,93,830,110.01000213623047,98.62000274658203,-1.0
2022-08-01,268.47845458984375,271.6363322420064,266.38283993190936,268.29496636983305,21539600,-0.009724341538595915,MSFT,90,827,100.02999877929688,93.88999938964844,-1.0
2022-08-02,265.3978576660156,268.3626103956282,263.0415102262708,266.5373945260248,22754200,-0.011474279858077918,MSFT,89,826,100.54000091552734,94.41999816894531,-1.0
2022-08-03,272.7856140136719,273.7802996377368,267.12650678074345,267.2713876591738,23518900,0.027836533469509872,MSFT,88,825,96.77999877929688,90.66000366210938,-1.0
2022-08-04,273.9250793457031,274.0699307149256,270.5644096945988,272.13850053519735,18098700,0.004177145983857322,MSFT,87,824,94.12000274658203,88.54000091552734,-1.0
2022-08-05,273.2104187011719,273.92503832985716,269.1254338730442,269.5793210761695,16774600,-0.002608963904430661,MSFT,86,823,94.91999816894531,89.01000213623047,-1.0
2022-08-08,270.7092590332031,276.11726939013334,269.74354395058293,274.3113574297538,18739200,-0.009154700907304858,MSFT,83,820,96.6500015258789,90.76000213623047,-1.0
2022-08-09,272.62139892578125,273.3746556298809,268.09219211802474,270.05262233660574,23405200,0.007063444742920977,MSFT,82,819,96.30999755859375,90.5,-1.0
2022-08-10,279.2461853027344,279.8738942312327,277.10229657539446,278.2901367727336,24687800,0.024300316860881077,MSFT,81,818,97.4000015258789,91.93000030517578,-1.0
2022-08-11,277.1795654296875,281.2259144656879,276.687070719345,280.87827114074025,20065900,-0.007400709416339635,MSFT,80,817,99.5999984741211,94.33999633789062,-1.0
2022-08-12,281.9018859863281,281.9018859863281,277.1022809714472,278.58949041203584,22619700,0.017037044377063104,MSFT,79,816,98.1500015258789,92.08999633789062,-1.0
2022-08-15,283.40838623046875,284.09403563819063,280.16356845958603,281.02306896793766,18085700,0.00534405876310351,MSFT,76,813,95.0999984741211,89.41000366210938,-1.0
2022-08-16,282.67449951171875,283.9589172842201,280.46303283251734,281.97918336040345,18102900,-0.0025895024791299237,MSFT,75,812,92.33999633789062,86.52999877929688,-1.0
2022-08-17,281.92938232421875,283.8939446185247,280.1390106883986,280.4002966761273,18253400,-0.002635954742246205,MSFT,74,811,93.6500015258789,88.11000061035156,-1.0
2022-08-18,280.8163146972656,282.5002159365923,279.7614251142315,280.8356593603735,17186200,-0.003948036979249947,MSFT,73,810,96.58999633789062,90.5,-1.0
2022-08-19,276.9259338378906,279.9260110820991,276.35495606289055,279.58728744368415,20570000,-0.013853827771969085,MSFT,72,809,96.72000122070312,90.7699966430664,-1.0
2022-08-22,268.7967529296875,273.3549182202422,268.28383861490187,272.98716276174565,25061100,-0.02935507265622095,MSFT,69,806,96.4800033569336,90.2300033569336,-1.0
2022-08-23,267.5289306640625,269.87090517738073,266.5224469010499,267.5289306640625,17527400,-0.0047166576672027505,MSFT,68,805,100.22000122070312,93.73999786376953,-1.0
2022-08-24,266.89996337890625,268.2935475805408,266.2418606203545,266.5322078904403,18137000,-0.002351025302553378,MSFT,67,804,101.22000122070312,94.88999938964844,-1.0
2022-08-25,269.8612976074219,270.0258011315452,265.67085828538086,268.39027578883355,16583400,0.011095296496206553,MSFT,66,803,99.33999633789062,92.5199966430664,-1.0
2022-08-26,259.4481506347656,271.3032734990673,259.3417106465169,270.0838799821935,27549300,-0.03858703365387606,MSFT,65,802,100.98999786376953,93.05999755859375,-1.0
2022-08-29,256.6803283691406,258.7803619357156,255.34480790841272,257.2803379595906,20338500,-0.01066811329683115,MSFT,62,799,105.08999633789062,97.01000213623047,-1.0
2022-08-30,254.4932098388672,258.44167876709264,252.25767464216207,258.0739528081768,22767100,-0.008520787487571235,MSFT,61,798,99.30999755859375,91.63999938964844,-1.0
2022-08-31,253.04156494140625,258.49974524528255,252.90606363880963,256.83521747406513,24791800,-0.00570406141044022,MSFT,60,797,96.48999786376953,89.55000305175781,-1.0
2022-09-01,252.0059814453125,252.48020634323478,247.17684390348873,250.52530228623345,23263400,-0.0040925430426165255,MSFT,59,796,92.36000061035156,86.61000061035156,-1.0
2022-09-02,247.80592346191406,256.20611724920184,246.26718053225406,253.2641326770218,22855400,-0.016666501165210956,MSFT,58,795,93.0199966430664,86.87000274658203,-1.0
2022-09-06,245.08648681640625,249.51883753175827,243.8187170261839,247.9414053865417,21328200,-0.010974058277205656,MSFT,54,791,92.83000183105469,86.87999725341797,-1.0
2022-09-07,249.77049255371094,250.4866292810051,245.05748121497774,246.48976943648967,24126700,0.01911164421240996,MSFT,53,790,88.0,81.94000244140625,-1.0
2022-09-08,250.18661499023438,252.0350498159717,246.57685541782593,249.20919235362013,20319900,0.0016660192013431274,MSFT,52,789,89.1500015258789,83.54000091552734,-1.0
2022-09-09,255.9351348876953,256.6803328721326,251.8995711991458,252.10279358860814,22084700,0.022976928232892657,MSFT,51,788,92.83999633789062,86.79000091552734,-1.0
2022-09-12,258.0545349121094,258.82876464312335,256.6125744929972,257.2125840758803,18747700,0.008281004580883655,MSFT,48,785,94.0,87.77999877929688,-1.0
2022-09-13,243.8671112060547,252.00600375133774,243.47999634028216,250.49629269213037,33353300,-0.0549783932721305,MSFT,47,784,93.16999816894531,87.30999755859375,-1.0
2022-09-14,244.08969116210938,246.03489350941175,241.8057651557058,245.35746095813147,23913000,0.0009127100204446847,MSFT,46,783,94.0999984741211,88.4800033569336,-1.0
2022-09-15,237.47018432617188,243.29611908968658,236.15402331387534,241.71867215528192,31530900,-0.027119157734282306,MSFT,45,782,90.83999633789062,85.0999984741211,-1.0
2022-09-16,236.850830078125,237.3927761581187,234.2572119949683,236.38629220933913,39791800,-0.0026081347846017566,MSFT,44,781,91.3499984741211,85.11000061035156,-1.0
2022-09-19,236.63790893554688,237.2379185278828,233.08621305250247,234.6539876734692,26826900,-0.0008989672635214552,MSFT,41,778,92.0,85.7300033569336,-1.0
2022-09-20,234.63462829589844,235.66045686379198,231.91521092748422,234.26688762643548,26660300,-0.008465594750476257,MSFT,40,777,90.62000274658203,84.44999694824219,-1.0
2022-09-21,231.24746704101562,239.67670753574686,231.19907583276708,236.3959844466539,28625600,-0.014435896693864136,MSFT,39,776,89.83000183105469,82.94000244140625,-1.0
2022-09-22,233.21200561523438,235.99917354124665,229.91193818738796,230.20225587391255,31061200,0.008495394995484684,MSFT,38,775,90.45999908447266,83.48999786376953,-1.0
2022-09-23,230.25064086914062,233.35717293349165,227.6183189581972,231.8184154017902,34176000,-0.012698165938247463,MSFT,37,774,86.1500015258789,78.73999786376953,1.0
2022-09-26,229.79580688476562,233.66686706312993,229.263533156856,229.40870677369827,27694200,-0.0019753863991783804,MSFT,34,771,84.05999755859375,76.70999908447266,1.0
2022-09-27,228.78932189941406,234.00557453802256,226.9408872481293,232.24423519066093,27018700,-0.004379910142817689,MSFT,33,770,86.2699966430664,78.5,1.0
2022-09-28,233.2991180419922,234.5184966384645,227.16347665591098,229.17642964868273,29029700,0.01971156741554947,MSFT,32,769,89.31999969482422,82.1500015258789,-1.0
2022-09-29,229.84420776367188,232.215229269323,226.85381719409244,231.18940064159077,27484200,-0.01480892987215865,MSFT,31,768,88.48999786376953,81.2300033569336,1.0
2022-09-30,225.39244079589844,232.7861640901867,225.22792253383935,230.60869305076636,35694800,-0.0193686280419596,MSFT,30,767,87.95999908447266,79.48999786376953,1.0
2022-10-03,232.979736328125,233.8216870981845,227.09572373714803,227.82154744014306,28880400,0.033662599798975235,MSFT,27,764,88.86000061035156,83.62999725341797,-1.0
2022-10-04,240.85736083984375,242.2896489224366,237.08306843402076,237.18952317598578,34888400,0.03381248788359881,MSFT,26,763,91.80000305175781,86.5199966430664,-1.0
2022-10-05,241.1670379638672,242.5025584054372,236.23144526431753,238.06052054576585,20347100,0.0012857282955507365,MSFT,25,762,93.37000274658203,87.76000213623047,-1.0
2022-10-06,238.83473205566406,242.2703009633561,238.1476271342794,239.93798363059574,20239900,-0.009670914930557606,MSFT,24,761,94.41999816894531,88.44999694824219,-1.0
2022-10-07,226.6892852783203,233.54106344265196,225.65376961113512,233.13458913635256,37769600,-0.050852933628234065,MSFT,23,760,97.91999816894531,92.63999938964844,1.0
2022-10-10,221.8601531982422,226.99898360972267,219.4213809672786,225.53766359831536,29743600,-0.021302868700428856,MSFT,20,757,96.19000244140625,91.12999725341797,1.0
2022-10-11,218.14389038085938,221.6762263708762,216.88579305327787,220.2826425475195,30474000,-0.016750474403856352,MSFT,19,756,94.29000091552734,89.3499984741211,1.0
2022-10-12,218.4729766845703,220.51496168634117,216.74068361052014,218.13425298449135,21903900,0.0015085744695226833,MSFT,18,755,92.44999694824219,87.2699966430664,1.0
2022-10-13,226.6892852783203,228.48932881951694,212.0663551272384,212.76314712814823,42551800,0.037607894204749304,MSFT,17,754,94.56999969482422,89.11000061035156,1.0
2022-10-14,221.1923828125,229.5925913283704,220.9794733149992,227.94737889006004,30198600,-0.024248620569214063,MSFT,16,753,91.62999725341797,85.61000061035156,1.0
2022-10-17,229.87319946289062,231.25711097245295,227.56024190285072,228.21832972494965,28142300,0.03924554968852245,MSFT,13,750,91.62000274658203,85.45999908447266,1.0
2022-10-18,230.81195068359375,236.06690750411659,227.7828415320167,235.39916206358598,26329600,0.004083778460893139,MSFT,12,749,90.02999877929688,82.81999969482422,-1.0
2022-10-19,228.8570556640625,231.88616474151667,226.73764801989628,229.39900168382854,19985700,-0.008469643853974862,MSFT,11,748,92.41000366210938,85.55000305175781,1.0
2022-10-20,228.53770446777344,233.53137553473397,227.29896641864062,228.16996380022994,21811000,-0.0013954177438944004,MSFT,10,747,92.37999725341797,85.9800033569336,1.0
2022-10-21,234.31527709960938,235.166915097807,226.9409118947973,227.17318083073934,26299700,0.02528061024018302,MSFT,9,746,93.5,85.05000305175781,-1.0
2022-10-24,239.2799072265625,239.85088505869388,233.52170816579923,235.90240190553322,24911200,0.021187820906968025,MSFT,6,743,93.26000213623047,84.58000183105469,-1.0
2022-10-25,242.58001708984375,242.9477578069221,237.90570962314226,239.2896067054904,34775500,0.013791838610822227,MSFT,5,742,93.5199966430664,85.31999969482422,-1.0
2022-10-26,223.86341857910156,230.61841449713438,222.64402516459023,223.71824496136685,82543200,-0.07715639043676947,MSFT,4,741,95.69000244140625,87.91000366210938,1.0
2022-10-27,219.44073486328125,226.15702697219044,218.50200154160817,223.59244061528798,40424600,-0.019756169828424097,MSFT,3,740,96.95999908447266,89.08000183105469,1.0
2022-10-28,228.2667236328125,228.97320270821285,218.76327910286216,218.94715681380413,40647700,0.04022037556076419,MSFT,2,739,95.7699966430664,87.9000015258789,1.0
2022-10-31,224.64727783203125,227.34733548815285,223.69885756884622,226.22472462576297,28357300,-0.01585621304401541,MSFT,1455,736,94.83000183105469,86.52999877929688,1.0
2022-11-01,220.81495666503906,228.14094541319034,220.00203754140927,227.0376938120004,30592300,-0.017059281572321616,MSFT,1454,735,94.6500015258789,88.37000274658203,1.0
2022-11-02,213.0050811767578,223.84404616078317,212.94700287287873,222.0633621151271,38407000,-0.035368417095623994,MSFT,1453,734,96.16000366210938,90.0,1.0
2022-11-03,207.3436737060547,213.3051102957607,207.08237299301675,212.9954183740974,36633900,-0.026578743753089773,MSFT,1452,733,94.66999816894531,88.16999816894531,1.0
2022-11-04,214.2534942626953,214.447044310669,206.5500783111964,210.5372801806807,36789100,0.033325446748071474,MSFT,1451,732,98.56999969482422,92.61000061035156,1.0
2022-11-07,220.5246124267578,221.04721381188003,214.14704442988435,214.83416409790135,33498000,0.02926961908202763,MSFT,1448,729,97.91999816894531,91.79000091552734,1.0
2022-11-08,221.49237060546875,224.18275612145348,218.5600438397234,221.32785232766216,28192500,0.004388436138992757,MSFT,1447,728,95.36000061035156,88.91000366210938,1.0
2022-11-09,217.27291870117188,221.26012061364744,217.098728086194,220.04072724111327,27852900,-0.01905010042902444,MSFT,1446,727,92.6500015258789,85.83000183105469,1.0
2022-11-10,235.14755249023438,235.48627617138314,227.42479136911933,227.84092326094827,46268000,0.0822681165048762,MSFT,1445,726,93.66999816894531,86.47000122070312,1.0
2022-11-11,239.14442443847656,239.99606241623323,234.1313937515766,235.15723711883936,34620200,0.016997293426680216,MSFT,1444,725,95.98999786376953,88.95999908447266,1.0
2022-11-14,233.76365661621094,236.0475827819004,231.49908988674315,234.1894756115481,31123300,-0.022500076407384162,MSFT,1441,722,93.13999938964844,85.87000274658203,1.0
2022-11-15,234.17010498046875,239.03796188941354,232.29263846364998,237.74116029609917,31390100,0.0017387149488559128,MSFT,1440,721,93.86000061035156,86.91999816894531,1.0
2022-11-16,234.59710693359375,236.60603316606853,233.32576434985185,235.62582643468144,24093300,0.0018234691108867107,MSFT,1439,720,92.86000061035156,85.58999633789062,1.0
2022-11-17,234.548583984375,236.07226408161256,230.61810181463593,230.76366974368625,23123500,-0.00020683524129083697,MSFT,1438,719,89.77999877929688,81.63999938964844,1.0
2022-11-18,234.10218811035156,236.54783321127658,231.97680729240216,236.32460928740483,27613500,-0.0019032128288319905,MSFT,1437,718,87.62000274658203,80.08000183105469,1.0
2022-11-21,234.90769958496094,237.45038505549468,234.07307548881437,234.30598419845745,26394700,0.003440854103549329,MSFT,1434,715,87.44999694824219,79.7300033569336,1.0
2022-11-22,237.7997589111328,238.0714956068187,233.60723931445074,236.4022474427257,19665700,0.012311470978948913,MSFT,1433,714,88.36000061035156,80.94999694824219,1.0
2022-11-23,240.27447509765625,240.95381671678922,237.0621480919058,237.87735803486538,19508500,0.01040672285731059,MSFT,1432,713,85.41000366210938,77.94000244140625,-1.0
2022-11-25,240.18714904785156,241.36143645953254,239.44956540890726,240.01245273021934,9200800,-0.00036344289075729286,MSFT,1430,711,83.62999725341797,76.27999877929688,-1.0
2022-11-28,234.62623596191406,239.37194317865058,233.69457155598104,238.81877021422886,24778200,-0.02315241722124617,MSFT,1427,708,83.19000244140625,77.23999786376953,1.0
2022-11-29,233.23841857910156,235.62582136830417,231.1809796211648,234.27683765009397,17956300,-0.005915013626343946,MSFT,1426,707,83.02999877929688,78.19999694824219,1.0
2022-11-30,247.61143493652344,247.79583086530997,232.7823119741459,233.47136810668408,47594200,0.06162370867107958,MSFT,1425,706,85.43000030517578,80.55000305175781,-1.0
2022-12-01,247.17466735839844,248.56246413319528,243.51590752074188,246.378856625145,26041500,-0.0017639232947257444,MSFT,1424,705,86.87999725341797,81.22000122070312,-1.0
2022-12-02,247.49496459960938,248.50427013338341,242.3222385687394,242.44840731366295,21528500,0.0012958336088160216,MSFT,1423,704,85.56999969482422,79.9800033569336,-1.0
2022-12-05,242.81716918945312,246.3303613663216,240.74031627098933,244.57375787361877,23435300,-0.018900568008419327,MSFT,1420,701,82.68000030517578,76.93000030517578,-1.0
2022-12-06,237.88706970214844,244.42819318650004,236.58661356400265,243.41888770234414,22463700,-0.020303751599451636,MSFT,1419,700,79.3499984741211,74.25,1.0
2022-12-07,237.15921020507812,238.89639979977625,235.0629579890975,237.60564320065706,20481500,-0.003059684992469891,MSFT,1418,699,77.16999816894531,72.01000213623047,1.0
2022-12-08,240.09976196289062,241.40023275241268,235.88782941093044,237.61530432502536,22611800,0.012399062027866004,MSFT,1417,698,76.1500015258789,71.45999908447266,-1.0
2022-12-09,238.17823791503906,240.98296029845363,236.95542284837845,237.47948221736485,20609700,-0.00800302354380733,MSFT,1416,697,76.0999984741211,71.0199966430664,1.0
2022-12-12,245.0590057373047,245.08811932166867,239.8765804009923,240.14831706074776,30665100,0.028889154116255034,MSFT,1413,694,77.98999786376953,73.16999816894531,-1.0
2022-12-13,249.33889770507812,256.13234388565945,245.6024963823434,253.96813536884156,42196900,0.01746474060358083,MSFT,1412,693,80.68000030517578,75.38999938964844,-1.0
2022-12-14,249.63003540039062,254.8415744130712,246.80589919892807,249.54269464575677,35410900,0.001167638495205292,MSFT,1411,692,82.69999694824219,77.27999877929688,-1.0
2022-12-15,241.66229248046875,246.6991500991899,240.04157204816326,246.2333179219407,35560400,-0.031918206105055136,MSFT,1410,691,81.20999908447266,76.11000061035156,-1.0
2022-12-16,237.4697723388672,242.4678019516118,236.3245836806278,241.21587335248572,86102000,-0.017348673219014565,MSFT,1409,690,79.04000091552734,74.29000091552734,1.0
2022-12-19,233.35487365722656,237.9744265437408,231.6662265103739,237.6347483108368,29696400,-0.017328094608052735,MSFT,1406,687,79.80000305175781,75.19000244140625,1.0
2022-12-20,234.66505432128906,235.74230142731602,231.38478542376703,232.33586378495446,25150800,0.005614541678641061,MSFT,1405,686,79.98999786376953,76.08999633789062,1.0
2022-12-21,237.21743774414062,238.37232600874938,233.02491849714485,234.55829818550004,23690600,0.010876708635777499,MSFT,1404,685,82.19999694824219,78.29000091552734,1.0
2022-12-22,231.1615753173828,234.84944921071,226.96904125544336,234.14097913275145,28651700,-0.025528740569610187,MSFT,1403,684,80.9800033569336,77.48999786376953,1.0
2022-12-23,231.6856231689453,231.82149149891836,227.03697155694044,229.1429380757911,21207000,0.0022670197278376047,MSFT,1402,683,83.91999816894531,79.55999755859375,1.0
2022-12-27,229.96788024902344,231.8797366085177,228.87121912390276,231.65652750812146,16688600,-0.007414110968246401,MSFT,1398,679,84.33000183105469,79.52999877929688,1.0
2022-12-28,227.6095428466797,232.64639991916565,227.26016504949752,229.8999051151991,17457100,-0.01025507301189188,MSFT,1397,678,83.26000213623047,78.95999908447266,1.0
2022-12-29,233.8983612060547,234.7815128184782,228.69652150065144,228.69652150065144,19770700,0.027629853655174896,MSFT,1396,677,82.26000213623047,78.4000015258789,1.0
2022-12-30,232.74351501464844,232.87938337029664,229.6767552059716,231.18102152042397,21938500,-0.004937384706124037,MSFT,1395,676,85.91000366210938,80.26000213623047,1.0
2023-01-03,232.5105743408203,238.49851075863083,230.39489317769917,235.90729779007853,25740000,-0.0010008471076561332,MSFT,1391,672,82.0999984741211,76.93000030517578,1.0
2023-01-04,222.33984375,225.9985899128451,219.29249780905718,225.4260028762459,50623400,-0.04374308832901419,MSFT,1390,671,77.83999633789062,72.83999633789062,1.0
2023-01-05,215.75015258789062,220.83553784778456,215.21637883212745,220.4958596008794,39585600,-0.029637922969482977,MSFT,1389,670,78.69000244140625,73.66999816894531,1.0
2023-01-06,218.29283142089844,219.09834182718123,212.8774972822173,216.4197883428899,43613600,0.01178529332428635,MSFT,1388,669,78.56999969482422,73.7699966430664,1.0
2023-01-09,220.41822814941406,224.41666688908288,219.7291868413214,219.76800002138827,27369800,0.009736447663815317,MSFT,1385,666,79.6500015258789,74.62999725341797,1.0
2023-01-10,222.09719848632812,224.48460157088834,220.62204584662,221.03935048334114,27033900,0.0076172027649907825,MSFT,1384,665,80.0999984741211,75.12000274658203,1.0
2023-01-11,228.81300354003906,228.98768506870852,224.29050527854426,224.4651868072137,28669300,0.03023813492237437,MSFT,1383,664,82.66999816894531,77.41000366210938,1.0
2023-01-12,231.47215270996094,232.82113664521583,226.66821796547995,228.31805219579647,27269500,0.01162149497092102,MSFT,1382,663,84.02999877929688,78.38999938964844,1.0
2023-01-13,232.17086791992188,232.30673624907553,227.98804849183014,230.0066742453539,21333300,0.0030185713563413152,MSFT,1381,662,85.27999877929688,79.86000061035156,1.0
2023-01-17,233.25787353515625,233.80134695469175,230.09405857229734,230.9480966935903,29831300,0.00468192079813079,MSFT,1377,658,85.91999816894531,80.18000030517578,1.0
2023-01-18,228.851806640625,235.22794870990262,228.57037036509706,234.4418522484385,30028700,-0.018889252601658413,MSFT,1376,657,84.9800033569336,79.4800033569336,1.0
2023-01-19,225.08627319335938,228.57035182284125,223.87315781209423,226.88168988104673,28623000,-0.016454025434803676,MSFT,1375,656,86.16000366210938,80.33000183105469,1.0
2023-01-20,233.1317138671875,233.63637412295736,227.59019507344655,227.92987337817524,35389800,0.035743808628066365,MSFT,1374,655,87.62999725341797,81.30999755859375,1.0
2023-01-23,235.42202758789062,237.93559913009912,232.57847740404011,233.98570310784828,31934000,0.009824119090068972,MSFT,1371,652,88.19000244140625,81.62000274658203,1.0
2023-01-24,234.89797973632812,236.75162381980027,233.34520074340116,235.34441276702486,40234400,-0.0022259932807980887,MSFT,1370,651,86.12999725341797,80.12999725341797,1.0
2023-01-25,233.51016235351562,236.1207891156233,224.08667522306712,227.5610395748184,66526600,-0.005908170791295464,MSFT,1369,650,86.12000274658203,80.1500015258789,1.0
2023-01-26,240.68209838867188,240.9829486422917,234.85914439539755,236.46045082013288,33454500,0.030713592774170184,MSFT,1368,649,87.47000122070312,81.01000213623047,1.0
2023-01-27,240.83738708496094,242.458107545592,239.5466304719591,241.64289751902396,26498900,0.0006452025195422539,MSFT,1367,648,86.66000366210938,79.68000030517578,1.0
2023-01-30,235.54818725585938,238.35290934630353,235.0532267167277,237.2950615090347,25867400,-0.02196170575142342,MSFT,1364,645,84.9000015258789,77.9000015258789,1.0
2023-01-31,240.49769592285156,240.6335642533175,235.78110272448055,236.26634887736424,26541100,0.02101272238455354,MSFT,1363,644,84.48999786376953,78.87000274658203,1.0
2023-02-01,245.29193115234375,247.65022035562143,238.22674832599188,240.68209268360533,31259900,0.019934640999762943,MSFT,1362,643,82.83999633789062,76.41000366210938,1.0
2023-02-02,256.79229736328125,256.8796381260482,249.65917223320272,251.182852423541,39940400,0.04688440486774503,MSFT,1361,642,82.16999816894531,75.87999725341797,1.0
2023-02-03,250.72671508789062,256.4041014975154,249.51359959938435,251.88160340231477,29077300,-0.02362057716555921,MSFT,1360,641,79.94000244140625,73.38999938964844,1.0
2023-02-06,249.19329833984375,250.67815038089995,247.26202813154237,249.84354121530777,22518000,-0.006115888957063609,MSFT,1357,638,80.98999786376953,74.11000061035156,1.0
2023-02-07,259.6649475097656,260.8392350360664,252.40565360237943,252.84238703481986,50841400,0.042022194174904826,MSFT,1356,637,83.69000244140625,77.13999938964844,1.0
2023-02-08,258.8594055175781,268.5934414880708,258.354730598475,265.1384914873045,54686000,-0.003102236169774897,MSFT,1355,636,85.08999633789062,78.47000122070312,1.0
2023-02-09,255.84117126464844,265.89548673151216,255.04536048337422,265.7207756113508,42375100,-0.011659743430588732,MSFT,1354,635,84.5,78.05999755859375,1.0
2023-02-10,255.33656311035156,256.29734113427406,252.96855922241394,253.81288289399168,25818500,-0.001972349297036713,MSFT,1353,634,86.38999938964844,79.72000122070312,1.0
2023-02-13,263.31402587890625,266.49724001770915,259.26705921966635,259.7426206728503,44630900,0.031242931569917642,MSFT,1350,631,86.61000061035156,80.13999938964844,1.0
2023-02-14,264.1389465332031,266.85631358119707,261.3342091005598,264.624192764422,37047900,0.003132839777689078,MSFT,1349,630,85.58000183105469,79.05999755859375,1.0
2023-02-15,262.0276794433594,263.39950469785816,258.9726863891012,261.0547562578646,28922400,-0.007993016999400915,MSFT,1348,629,85.37999725341797,78.58999633789062,1.0
2023-02-16,255.05181884765625,259.51753291113,254.80858804011677,256.87118053744996,29603600,-0.026622609529353358,MSFT,1347,628,85.13999938964844,78.48999786376953,1.0
2023-02-17,251.07254028320312,253.04757304733442,249.06832101285343,252.36654467181947,30000100,-0.015601843509416291,MSFT,1346,627,83.0,76.33999633789062,1.0
2023-02-21,245.8284912109375,248.5721416274502,244.77773242454728,247.58947974202172,28397400,-0.020886589454786608,MSFT,1342,623,83.05000305175781,76.16000366210938,1.0
2023-02-22,244.6999053955078,247.45327979594094,243.56158704829775,247.21004899921323,22491100,-0.004590947981132465,MSFT,1341,622,80.5999984741211,73.94999694824219,1.0
2023-02-23,247.87164306640625,249.88558633204974,243.69779430491118,248.64024584758673,29219100,0.012961744573509293,MSFT,1340,621,82.20999908447266,75.38999938964844,1.0
2023-02-24,242.47189331054688,244.20369522047608,241.38222420199676,243.19186174048357,24990900,-0.021784459444652016,MSFT,1339,620,83.16000366210938,76.31999969482422,1.0
2023-02-27,243.3864288330078,245.97440765666494,242.63727394286974,245.62415477191715,21190000,0.0037717176616822723,MSFT,1336,617,82.44999694824219,75.68000030517578,1.0
2023-02-28,242.66650390625,244.68046206564443,241.99518451978517,242.32598969202303,22491000,-0.002957950162668088,MSFT,1335,616,83.88999938964844,77.05000305175781,1.0
2023-03-01,239.60179138183594,244.13560203633548,239.1347775749903,243.97020688018864,27565300,-0.012629318324040573,MSFT,1334,615,84.30999755859375,77.69000244140625,1.0
2023-03-02,244.31076049804688,244.59290171146822,238.95968256617152,239.87423280619296,24808200,0.019653313479224277,MSFT,1333,614,84.75,78.16000366210938,1.0
2023-03-03,248.37754821777344,248.69861464364337,244.58315381318207,245.3614953141732,30760100,0.016645962344990828,MSFT,1332,613,85.83000183105469,79.68000030517578,1.0
2023-03-06,249.91476440429688,253.07676463691814,249.04886339595808,249.48667584365674,24109800,0.006189030359441405,MSFT,1329,610,86.18000030517578,80.45999908447266,1.0
2023-03-07,247.26841735839844,250.71257368875254,246.5290010946981,249.36019623261095,21473200,-0.010588998421947271,MSFT,1328,609,83.29000091552734,77.58000183105469,1.0
2023-03-08,246.83058166503906,247.6478334867659,244.01883456634258,247.16137194826737,17340200,-0.001770689916799073,MSFT,1327,608,82.66000366210938,76.66000366210938,1.0
2023-03-09,245.48797607421875,252.53193017156482,244.76800759955387,248.8932070956166,26653400,-0.005439381059524795,MSFT,1326,607,81.58999633789062,75.72000122070312,1.0
2023-03-10,241.8589630126953,245.9452372856859,240.89577859254197,244.2815470078051,28333900,-0.014782854621059993,MSFT,1325,606,82.77999877929688,76.68000030517578,1.0
2023-03-13,247.044677734375,250.92664697006026,239.07643368754432,240.7012137853671,33339700,0.021441069030827986,MSFT,1322,603,80.7699966430664,74.80000305175781,1.0
2023-03-14,253.72862243652344,254.0010397156642,248.93210385508328,249.79800481641536,33620300,0.02705561100707099,MSFT,1321,602,77.44999694824219,71.33000183105469,1.0
2023-03-15,258.252685546875,259.2645337884642,252.19136451987217,252.94053423822598,46028000,0.017830322282553546,MSFT,1320,601,73.69000244140625,67.61000061035156,1.0
2023-03-16,268.72137451171875,269.0716125790634,256.15119488258745,258.0289293565625,54768800,0.04053661220472993,MSFT,1319,600,74.69999694824219,68.3499984741211,1.0
2023-03-17,271.8638916015625,275.6582857099673,268.83811504692954,270.72558821466924,69527400,0.011694332449563749,MSFT,1318,599,72.97000122070312,66.73999786376953,1.0
2023-03-20,264.85888671875,269.96673338942173,262.5433248107774,269.4802718017387,43466600,-0.025766587984692224,MSFT,1315,596,73.79000091552734,67.63999938964844,1.0
2023-03-21,266.3668518066406,267.5538190277959,262.22219041795455,267.4370730210024,34558700,0.005693466081400311,MSFT,1314,595,75.31999969482422,69.33000183105469,1.0
2023-03-22,264.9172668457031,273.43034485869043,264.81022985408475,265.9971973475459,34873300,-0.005442062145141757,MSFT,1313,594,76.69000244140625,70.9000015258789,1.0
2023-03-23,270.141845703125,273.44977847868375,267.7484630649204,270.41426299778846,36610900,0.019721548993878235,MSFT,1312,593,75.91000366210938,69.95999908447266,1.0
2023-03-24,272.9730529785156,273.03142599171395,267.8262812456373,269.7332022897182,28172000,0.010480446922325415,MSFT,1311,592,74.98999786376953,69.26000213623047,1.0
2023-03-27,268.896484375,273.8389205347129,268.0597550905618,272.90492269572303,26840200,-0.014933959814108388,MSFT,1308,589,78.12000274658203,72.80999755859375,1.0
2023-03-28,267.7777099609375,268.66307379107525,264.6837910772779,268.3225446731354,21878600,-0.004160613764299992,MSFT,1307,588,78.6500015258789,73.19999694824219,1.0
2023-03-29,272.9146728515625,273.527619165426,270.8715283691032,271.4066242065595,25087000,0.019183683703077214,MSFT,1306,587,78.27999877929688,72.97000122070312,1.0
2023-03-30,276.3587951660156,276.7576972006701,273.8584053599599,276.53394388967973,25053400,0.01261977701113337,MSFT,1305,586,79.2699966430664,74.37000274658203,1.0
2023-03-31,280.4936828613281,281.4374193382453,275.3372029511124,276.0474474143603,32766000,0.014962026784161475,MSFT,1304,585,79.7699966430664,75.66999816894531,1.0
2023-04-03,279.4527587890625,280.4645776022263,276.2615716824238,278.7619618964318,24883300,-0.003711042835785494,MSFT,1301,582,84.93000030517578,80.41999816894531,1.0
2023-04-04,279.4040832519531,282.5855611844231,277.93498937950386,279.4527472277195,25824300,-0.00017418163027016487,MSFT,1300,581,84.94000244140625,80.70999908447266,1.0
2023-04-05,276.6409606933594,279.3748723279069,275.25942646851195,278.11008412867955,22064800,-0.009889342082742947,MSFT,1299,580,84.98999786376953,80.61000061035156,1.0
2023-04-06,283.704345703125,284.1713297291427,274.3934656981096,275.5415076837403,29770300,0.025532679586068197,MSFT,1298,579,85.12000274658203,80.69999694824219,1.0
2023-04-10,281.55419921875,281.7585047337455,277.0008970457906,281.37905051464327,23103000,-0.007578828160161422,MSFT,1294,575,84.18000030517578,79.73999786376953,1.0
2023-04-11,275.171875,278.2366070491665,274.01412362630157,278.0128240085293,27276600,-0.022668190481475725,MSFT,1293,574,85.61000061035156,81.52999877929688,1.0
2023-04-12,275.81396484375,279.2386732168352,274.32539366289427,277.07878271017614,27403400,0.00233341377548113,MSFT,1292,573,87.33000183105469,83.26000213623047,1.0
2023-04-13,281.9919738769531,282.0503468765026,275.50259466661186,275.91120566345813,24222700,0.02239918865856927,MSFT,1291,572,86.08999633789062,82.16000366210938,1.0
2023-04-14,278.3922119140625,280.6688482565068,276.00853859815146,279.22891147364464,20987900,-0.012765476667294662,MSFT,1290,571,86.30999755859375,82.5199966430664,1.0
2023-04-17,280.9801940917969,283.7043967289592,278.4116924129814,282.07960200286976,23836200,0.009296173050032275,MSFT,1287,568,84.76000213623047,80.83000183105469,1.0
2023-04-18,280.5617980957031,283.86002128619106,279.2386370800672,283.6751635426458,20161800,-0.0014890586770577308,MSFT,1286,567,84.7699966430664,80.86000061035156,1.0
2023-04-19,280.6396789550781,281.22340905975057,276.8355460862607,278.2462667608946,17150300,0.00027758896579510584,MSFT,1285,566,83.12000274658203,79.16000366210938,1.0
2023-04-20,278.3630065917969,281.2039550334732,277.3608970127179,277.52630699953454,23244400,-0.008112439309217123,MSFT,1284,565,81.0999984741211,77.29000091552734,1.0
2023-04-21,278.0225524902344,278.5187231488767,275.3956478853203,277.2928600656761,21676400,-0.0012230579980110345,MSFT,1283,564,81.66000366210938,77.87000274658203,1.0
2023-04-24,274.1405334472656,277.234451496004,271.173129844423,274.45187596772155,26611000,-0.01396296454441448,MSFT,1280,561,82.7300033569336,78.76000213623047,1.0
2023-04-25,267.9624938964844,273.9751515427264,267.91382992661585,271.941745821894,45772200,-0.022536030965919385,MSFT,1279,560,80.7699966430664,77.06999969482422,1.0
2023-04-26,287.3722839355469,291.4585727273819,284.8037824567908,288.6662882525056,64599200,0.07243472680382146,MSFT,1278,559,77.69000244140625,74.30000305175781,1.0
2023-04-27,296.5761413574219,296.936147852177,287.2555509397699,287.9560567732343,46462600,0.0320276447534491,MSFT,1277,558,78.37000274658203,74.76000213623047,1.0
2023-04-28,298.94036865234375,300.56513364270495,295.0973104351293,295.7783684985938,36469600,0.007971737996525396,MSFT,1276,557,79.54000091552734,76.77999877929688,1.0
2023-05-01,297.2864074707031,300.24410228095644,296.8875053999733,298.6582327311371,21294100,-0.005532746176425962,MSFT,1273,554,79.30999755859375,75.66000366210938,1.0
2023-05-02,297.14044189453125,300.8083512230657,295.6810572722288,299.42681707438953,26404400,-0.0004909931046418459,MSFT,1272,553,75.31999969482422,71.66000366210938,1.0
2023-05-03,296.15777587890625,300.25377368049993,295.85617210321027,298.31766627691815,22360800,-0.0033070759717513942,MSFT,1271,552,72.33000183105469,68.5999984741211,1.0
2023-05-04,297.14044189453125,299.42681707438953,295.1848569994441,297.9479549880525,22519900,0.0033180490119117945,MSFT,1270,551,72.5,68.55999755859375,1.0
2023-05-05,302.2386169433594,303.52288282414327,296.03136154416666,297.44211220444237,28197100,0.017157459335803482,MSFT,1269,550,75.30000305175781,71.33999633789062,1.0
2023-05-08,300.2927551269531,301.8008039789724,297.80207398264633,301.7326922255804,21318600,-0.00643816411048137,MSFT,1266,547,77.01000213623047,73.16000366210938,1.0
2023-05-09,298.6874084472656,301.6451031506541,298.0160890953245,299.66033160181695,21340800,-0.005345938762354785,MSFT,1265,546,77.44000244140625,73.70999908447266,1.0
2023-05-10,303.85357666015625,304.5248958986196,299.3392294255837,300.2634884514186,30078000,0.017296237025012484,MSFT,1264,545,76.41000366210938,72.55999755859375,1.0
2023-05-11,301.71319580078125,302.695857722587,297.9674652772338,301.7034867589505,31680200,-0.007044119351502287,MSFT,1263,544,74.9800033569336,70.87000274658203,1.0
2023-05-12,300.60406494140625,302.2385686971637,298.29824184109515,302.14127044452766,19774700,-0.0036761098778965717,MSFT,1262,543,74.16999816894531,70.04000091552734,1.0
2023-05-15,301.080810546875,301.50889913783726,299.26144888091557,300.7305724404115,16336500,0.00158595861157651,MSFT,1259,540,75.2300033569336,71.11000061035156,1.0
2023-05-16,303.29901123046875,305.2156707578937,301.44072470865035,301.44072470865035,26730300,0.007367459518807129,MSFT,1258,539,74.91000366210938,70.86000061035156,1.0
2023-05-17,306.16571044921875,306.5849748220485,302.98703781876026,304.49838322404014,24315000,0.009451726225944368,MSFT,1257,538,76.95999908447266,72.83000183105469,1.0
2023-05-18,310.5729675292969,311.0800126585323,305.8927386445008,306.68252689685806,27276000,0.01439500548122008,MSFT,1256,537,75.86000061035156,71.86000061035156,1.0
2023-05-19,310.39739990234375,310.7971739556616,308.47655029580653,308.83731401909836,27546700,-0.0005653023453708883,MSFT,1255,536,75.58000183105469,71.55000305175781,1.0
2023-05-22,313.16656494140625,314.5413890695808,310.0756729757329,310.65094892902596,24115700,0.008921353851332858,MSFT,1252,533,75.98999786376953,71.98999786376953,1.0
2023-05-23,307.3943176269531,314.66818336254534,307.38455760354833,312.04529609718725,30797200,-0.01843187607059238,MSFT,1251,532,76.83999633789062,72.91000366210938,1.0
2023-05-24,306.0195007324219,308.6033777226254,304.8104182916671,306.8775496399996,23384900,-0.004472486365866057,MSFT,1250,531,78.36000061035156,74.33999633789062,1.0
2023-05-25,317.788330078125,318.7438600972789,312.0160206042334,315.175173290878,43301700,0.03845777578728082,MSFT,1249,530,76.26000213623047,71.83000183105469,1.0
2023-05-26,324.58441162109375,325.0816668912498,315.7992015223041,315.935693050292,36630600,0.021385560449302954,MSFT,1248,529,76.94999694824219,72.66999816894531,1.0
2023-05-30,322.9462890625,327.36326419300417,322.2735022093098,326.86600894737563,29503100,-0.005046830654658829,MSFT,1244,525,73.54000091552734,69.45999908447266,1.0
2023-05-31,320.1966552734375,327.55827021551164,319.1630749897936,323.99934398362257,45950600,-0.008514213917876434,MSFT,1243,524,72.66000366210938,68.08999633789062,1.0
2023-06-01,324.28216552734375,325.2084750715489,316.61828563761367,317.7980879864151,26773900,0.012759378296495205,MSFT,1242,523,74.27999877929688,70.0999984741211,1.0
2023-06-02,327.03179931640625,329.07941048845686,324.2529005654924,325.9104976467162,25873800,0.00847913971645986,MSFT,1241,522,76.12999725341797,71.73999786376953,1.0
2023-06-05,327.5583190917969,330.11294548453895,326.31025620693947,326.8562818593042,21307100,0.0016099956533011106,MSFT,1238,519,76.70999908447266,72.1500015258789,1.0
2023-06-06,325.35467529296875,327.00251216553283,323.8823700342451,326.9635018339944,20396200,-0.006727485367912678,MSFT,1237,518,76.29000091552734,71.73999786376953,1.0
2023-06-07,315.3116760253906,326.1444673202271,314.45362725824225,323.37532887108034,40717100,-0.030867849858111973,MSFT,1236,517,76.94999694824219,72.52999877929688,1.0
2023-06-08,317.1447448730469,318.49031851672504,315.2823959646681,315.8576718437754,23277700,0.005813514014966659,MSFT,1235,516,75.95999908447266,71.29000091552734,1.0
2023-06-09,318.6365661621094,321.7567079982965,316.3159426317722,316.8814584828526,22529000,0.004703913002435778,MSFT,1234,515,74.79000091552734,70.16999816894531,1.0
2023-06-12,323.5703430175781,323.81410551348466,317.0472562466259,320.3819105271756,24260300,0.015484025938688584,MSFT,1231,512,71.83999633789062,67.12000274658203,1.0
2023-06-13,325.9494934082031,328.5723804542734,322.1468041193806,326.12499527780267,22951300,0.007352807332208888,MSFT,1230,511,74.29000091552734,69.41999816894531,1.0
2023-06-14,328.9233703613281,330.58096729872784,324.50639495848685,325.9982202996805,26003800,0.009123735465975003,MSFT,1229,510,73.19999694824219,68.2699966430664,1.0
2023-06-15,339.4149475097656,341.11152517053205,328.78690731624766,329.0599201554074,38899100,0.03189672152791179,MSFT,1228,509,75.66999816894531,70.62000274658203,-1.0
2023-06-16,333.78887939453125,342.70085137133475,333.41838536086453,342.5545998111812,46552000,-0.016575781816658197,MSFT,1227,508,76.61000061035156,71.77999877929688,1.0
2023-06-20,329.6156311035156,333.54508130008793,327.48026928452794,330.84420359010136,26375400,-0.012502658262868449,MSFT,1223,504,75.9000015258789,70.5,1.0
2023-06-21,325.2376708984375,329.30364243212927,323.78485594149885,327.9775589781728,25117800,-0.013282016360756987,MSFT,1222,503,77.12000274658203,72.52999877929688,1.0
2023-06-22,331.23419189453125,331.63396592269834,325.0231288169452,325.78366654570755,23556800,0.018437350690431842,MSFT,1221,502,74.13999938964844,69.51000213623047,1.0
2023-06-23,326.66131591796875,329.5279659621624,325.1305096782342,326.0177791982343,23146900,-0.01380556744582262,MSFT,1220,501,73.8499984741211,69.16000366210938,1.0
2023-06-26,320.4014892578125,327.72409574191425,320.2942182667598,325.3937413274087,21520600,-0.019163048561673612,MSFT,1217,498,74.18000030517578,69.37000274658203,1.0
2023-06-27,326.2225341796875,327.76310031619386,321.0840008711868,323.58012686208883,24354100,0.018167970864801708,MSFT,1216,497,72.26000213623047,67.69999694824219,1.0
2023-06-28,327.4705810546875,329.5474425224492,325.48147052492266,326.31026905867196,20259500,0.0038257531109502363,MSFT,1215,496,74.02999877929688,69.55999755859375,1.0
2023-06-29,326.6905517578125,327.7241025708121,324.32118695571927,326.35903826648905,16997000,-0.0023819828161746326,MSFT,1214,495,74.33999633789062,69.86000061035156,1.0
2023-06-30,332.0436096191406,334.17897197737386,328.7869454612738,329.3232111787856,26832800,0.01638571373590425,MSFT,1213,494,74.9000015258789,70.63999938964844,1.0
2023-07-03,329.5571594238281,332.394558661991,328.1726050055835,330.727231395335,12508700,-0.007488324193814511,MSFT,1210,491,74.6500015258789,69.79000091552734,1.0
2023-07-05,329.7131652832031,333.12584042536054,326.3785108077479,326.7295145394102,18172400,0.0004733802768774886,MSFT,1208,489,76.6500015258789,71.79000091552734,1.0
2023-07-06,332.75531005859375,334.43239728548525,327.1292821478824,328.88436028376566,28161200,0.009226640291350341,MSFT,1207,488,76.5199966430664,71.80000305175781,1.0
2023-07-07,328.8063659667969,333.26235165945616,328.5918537740865,330.8539769415479,21214800,-0.011867411195035538,MSFT,1206,487,78.47000122070312,73.86000061035156,1.0
2023-07-10,323.5507507324219,326.8659437414747,319.4165492468927,326.2516576279601,32791400,-0.015983921779986865,MSFT,1203,484,77.69000244140625,72.98999786376953,1.0
2023-07-11,324.17486572265625,324.55511973893175,318.84134117994995,322.800041689948,26698200,0.0019289554693400213,MSFT,1202,483,79.4000015258789,74.83000183105469,1.0
2023-07-12,328.786865234375,333.1258197926784,327.29503995487715,328.20182929500714,29995300,0.014226888014398087,MSFT,1201,482,80.11000061035156,75.75,1.0
2023-07-13,334.110595703125,335.1636364816071,330.5613998542952,331.08793512161674,20567200,0.01619204120260398,MSFT,1200,481,81.36000061035156,76.88999938964844,1.0
2023-07-14,336.6262512207031,342.66181307865304,335.71946186556954,338.9176246633776,28352700,0.007529409572551993,MSFT,1199,480,79.87000274658203,75.41999816894531,1.0
2023-07-17,337.1040344238281,338.33257714303016,333.6621092446477,337.05526407197954,20363900,0.0014193284136112538,MSFT,1196,477,78.5,74.1500015258789,1.0
2023-07-18,350.520751953125,357.6288755346599,333.63290678637566,337.2015639773949,64738600,0.039799931650858156,MSFT,1195,476,79.62999725341797,75.75,-1.0
2023-07-19,346.22076416015625,353.4166384044317,343.6466474604791,352.72436118966306,39732900,-0.01226742716089968,MSFT,1194,475,79.45999908447266,75.3499984741211,-1.0
2023-07-20,338.215576171875,349.03863672095343,336.7530012262202,344.74842283159865,33778400,-0.023121628789942172,MSFT,1193,474,79.63999938964844,75.62999725341797,1.0
2023-07-21,335.1929626464844,341.56003861838775,331.35126286647005,340.4387369530099,69405400,-0.0089369435896548,MSFT,1192,473,81.06999969482422,77.06999969482422,1.0
2023-07-24,336.4994201660156,338.2642876690396,333.7692926449412,337.22097724785255,26678100,0.0038976281280378444,MSFT,1189,470,82.73999786376953,78.73999786376953,1.0
2023-07-25,342.2230529785156,343.11035203179654,336.46050402116185,338.4495845575855,41637700,0.017009339301910842,MSFT,1188,469,83.63999938964844,79.62999725341797,-1.0
2023-07-26,329.3426208496094,336.07048951280683,324.7988843745913,332.92106736693563,58383700,-0.037637534984280796,MSFT,1187,468,82.91999816894531,78.77999877929688,1.0
2023-07-27,322.4685363769531,332.8138025679025,320.8401897883476,331.9850338749244,39635300,-0.02087213751722472,MSFT,1186,467,84.23999786376953,80.08999633789062,1.0
2023-07-28,329.9276428222656,331.52673900384514,324.85740099740747,325.3449259664994,28484900,0.02313126895764217,MSFT,1185,466,84.98999786376953,80.58000183105469,1.0
2023-07-31,327.538818359375,329.2744062182313,325.0426629130829,328.51386838696095,25446000,-0.007240449579962949,MSFT,1182,463,85.55999755859375,81.80000305175781,1.0
2023-08-01,327.9482727050781,330.09339434116555,325.37415649793405,326.82697129555277,18311900,0.0012500941041249103,MSFT,1181,462,84.91000366210938,81.37000274658203,1.0
2023-08-02,319.328857421875,325.3059183538415,318.2172862001048,325.3059183538415,27761300,-0.026282850072988584,MSFT,1180,461,83.19999694824219,79.48999786376953,1.0
2023-08-03,318.5097961425781,321.64945793431025,317.8175190621743,317.86625965352187,18253700,-0.0025649460117999068,MSFT,1179,460,85.13999938964844,81.55000305175781,1.0
2023-08-04,319.60186767578125,326.7782506968959,319.0753323772253,323.5995783751702,23741500,0.0034286905659701716,MSFT,1178,459,86.23999786376953,82.81999969482422,1.0
2023-08-07,321.873779296875,322.84882941223,319.34840306884576,320.1772016181311,17741500,0.00710856803690052,MSFT,1175,456,85.33999633789062,81.94000244140625,1.0
2023-08-08,317.9150390625,320.54768595225426,314.9411484793251,318.80233812895545,22327600,-0.012299045430239075,MSFT,1174,455,86.16999816894531,82.91999816894531,1.0
2023-08-09,314.1903991699219,318.9486185830014,313.0398174565163,318.324602002666,22373300,-0.011715834216467824,MSFT,1173,454,87.55000305175781,84.4000015258789,1.0
2023-08-10,314.8728942871094,320.0699275319088,313.16655676040074,317.8857952635295,20113700,0.0021722341579839544,MSFT,1172,453,86.4000015258789,82.81999969482422,1.0
2023-08-11,313.00079345703125,314.36585743355505,311.2456856962181,312.2695059957332,24355500,-0.005945576339038916,MSFT,1171,452,86.80999755859375,83.19000244140625,1.0
2023-08-14,315.9552307128906,315.97472100192863,312.09401103937836,313.3713539974467,18836100,0.009439072735976772,MSFT,1168,449,86.20999908447266,82.51000213623047,1.0
2023-08-15,313.8295593261719,316.97898134379494,312.8935197157339,314.9411305404492,16966300,-0.006727761341132399,MSFT,1167,448,84.88999938964844,80.98999786376953,1.0
2023-08-16,313.0675048828125,316.9955245713373,312.48123017207456,313.4583447502476,20698900,-0.0024282430405714317,MSFT,1166,447,83.44999694824219,79.37999725341797,1.0
2023-08-17,309.62799072265625,314.50378164094593,308.9733110073384,313.2042327148122,21257200,-0.010986493668334374,MSFT,1165,446,84.12000274658203,80.38999938964844,1.0
2023-08-18,309.2371520996094,311.0936633520083,304.4199558180871,307.29267431715726,24755000,-0.0012622845309775421,MSFT,1164,445,84.80000305175781,81.25,1.0
2023-08-21,314.5135498046875,315.3831660095472,309.784320258957,310.65393646381676,24040000,0.01706262546156978,MSFT,1161,442,84.45999908447266,80.72000122070312,1.0
2023-08-22,315.0802917480469,318.61744100027846,314.1031773769701,318.0507277854862,16084600,0.0018019635202086715,MSFT,1160,441,84.02999877929688,80.3499984741211,1.0
2023-08-23,319.5164794921875,321.6661435754611,316.05748540152786,316.40926216932337,21166400,0.01407954689748725,MSFT,1159,440,83.20999908447266,78.88999938964844,1.0
2023-08-24,312.6473388671875,325.35960850603135,312.63755817970616,325.2325788454507,23281400,-0.021498548794469774,MSFT,1158,439,83.36000061035156,79.05000305175781,1.0
2023-08-25,315.5884094238281,317.91391657239774,311.5040487015702,314.11295718549064,21684100,0.00940699053219829,MSFT,1157,438,84.4800033569336,79.83000183105469,1.0
2023-08-28,316.29193115234375,318.68584344960186,314.3572339791844,318.207066953983,14808500,0.002229238170692094,MSFT,1154,435,84.41999816894531,80.0999984741211,1.0
2023-08-29,320.8941345214844,321.45109687018396,314.51357886440167,314.51357886440167,19284600,0.01455049249082463,MSFT,1153,434,85.48999786376953,81.16000366210938,1.0
2023-08-30,321.2654724121094,322.262118428765,318.97902814860515,321.14822344769897,15222100,0.001157197501221896,MSFT,1152,433,85.86000061035156,81.62999725341797,1.0
2023-08-31,320.2590637207031,323.33696848625215,319.3014807588833,321.6661110110973,26411000,-0.003132638823120315,MSFT,1151,432,86.86000061035156,83.62999725341797,1.0
2023-09-01,321.1383972167969,324.3921747944003,319.30141751711045,323.7277442108601,14942000,0.002745694332200399,MSFT,1150,431,88.55000305175781,85.55000305175781,1.0
2023-09-05,325.9164733886719,327.1867399112931,321.13839981294905,321.47061510740485,18553900,0.014878557697506789,MSFT,1146,427,90.04000091552734,86.69000244140625,1.0
2023-09-06,325.26190185546875,326.8057297509956,322.6236805967268,325.75045913900095,17535800,-0.0020084027247757597,MSFT,1145,426,90.5999984741211,87.54000091552734,1.0
2023-09-07,322.3598327636719,325.4572688809115,321.4999672739755,323.70825547986243,18381000,-0.008922253344895048,MSFT,1144,425,89.91999816894531,86.87000274658203,1.0
2023-09-08,326.6199951171875,328.4667555070914,321.92007759322064,322.53566438985524,19530100,0.013215549583185382,MSFT,1143,424,90.6500015258789,87.51000213623047,1.0
2023-09-11,330.20599365234375,330.67501922954517,327.7534273306666,329.52200174632014,16583300,0.01097911514532246,MSFT,1140,421,90.63999938964844,87.29000091552734,1.0
2023-09-12,324.1772766113281,329.0824106320826,323.89393486766744,328.13460834601074,17565500,-0.018257442799063606,MSFT,1139,420,92.05999755859375,88.83999633789062,1.0
2023-09-13,328.36907958984375,329.141008354495,323.59100543664357,323.7277859536388,16544400,0.012930588541964383,MSFT,1138,419,91.87999725341797,88.5199966430664,1.0
2023-09-14,330.9486389160156,333.05917964974554,328.86738060055865,331.388322477558,20267000,0.007855670605143139,MSFT,1137,418,93.69999694824219,90.16000366210938,1.0
2023-09-15,322.6627197265625,329.6783939916595,322.1057573596053,329.20939816193993,37679800,-0.0250368734453561,MSFT,1136,417,93.93000030517578,90.7699966430664,1.0
2023-09-18,321.529296875,322.8386267343985,318.8910757818205,320.2981230556272,16834200,-0.0035127170951854136,MSFT,1133,414,94.43000030517578,91.4800033569336,1.0
2023-09-19,321.128662109375,321.85174708859677,317.0834237409372,318.7054373268487,16505900,-0.0012460288052095203,MSFT,1132,413,94.33999633789062,91.19999694824219,1.0
2023-09-20,313.428955078125,322.0471106852366,313.1749256275898,321.9689546587249,21436500,-0.02397701588102874,MSFT,1131,412,93.52999877929688,90.27999877929688,1.0
2023-09-21,312.2173156738281,317.9041277757012,307.79098930609734,311.95350556074925,35560400,-0.003865754534372434,MSFT,1130,411,93.30000305175781,89.62999725341797,1.0
2023-09-22,309.7550964355469,314.09348747067116,308.91476240736046,313.96645780671054,21447900,-0.007886235370921924,MSFT,1129,410,93.2699966430664,90.02999877929688,1.0
2023-09-25,310.27288818359375,310.3999178157117,307.7910094721355,309.34461765593346,17836000,0.0016716165577428388,MSFT,1126,407,93.29000091552734,89.68000030517578,1.0
2023-09-26,304.9964904785156,308.6508886408052,302.92498298833925,307.9180528712019,26297600,-0.017005667933048585,MSFT,1125,406,93.95999908447266,90.38999938964844,1.0
2023-09-27,305.6315612792969,307.10698345542954,302.60250127255193,305.1527550406469,19410100,0.0020822233061923434,MSFT,1124,405,96.55000305175781,93.68000030517578,1.0
2023-09-28,306.462158203125,308.26004502387354,302.36804670236813,303.87278132742597,19683600,0.002717641202863552,MSFT,1123,404,95.37999725341797,91.70999908447266,1.0
2023-09-29,308.5238952636719,312.1587623008752,307.7715278533527,310.4781242122937,24147300,0.006727542064688841,MSFT,1122,403,95.30999755859375,90.79000091552734,1.0
2023-10-02,314.4353942871094,314.523360821819,307.96690188868587,309.04173366618016,20570000,0.019160587280882657,MSFT,1119,400,90.70999908447266,88.81999969482422,1.0
2023-10-03,306.2178955078125,314.03481069195016,304.0877634575696,313.48759919542874,21033500,-0.026134140521704485,MSFT,1118,399,90.91999816894531,89.2300033569336,1.0
2023-10-04,311.660400390625,312.71570064039577,306.8139213204077,306.84323355961436,20720100,0.017773307708835784,MSFT,1117,398,85.80999755859375,84.22000122070312,1.0
2023-10-05,312.0512390136719,312.65707498694155,307.6933171593875,311.78742886180316,16965600,0.0012540528811393337,MSFT,1116,397,84.06999969482422,82.30999755859375,1.0
2023-10-06,319.7705078125,321.6563316821838,309.06131118825493,309.30558981860264,25673600,0.02473718362159727,MSFT,1115,396,84.58000183105469,82.79000091552734,1.0
2023-10-09,322.2718505859375,322.7408463729551,315.78379722001137,317.31787385142707,19891200,0.007822306036128213,MSFT,1112,393,88.1500015258789,86.37999725341797,1.0
2023-10-10,320.8746337890625,323.5226056424412,320.17111018080624,323.38579530400693,20557100,-0.004335522306197825,MSFT,1111,392,87.6500015258789,85.97000122070312,1.0
2023-10-11,324.8124084472656,325.203248275294,321.60747414676473,323.6300784570828,20063200,0.012272003591258462,MSFT,1110,391,85.81999969482422,83.48999786376953,1.0
2023-10-12,323.5812072753906,325.99468102864705,321.1970457612764,323.00471335948436,19313100,-0.00379049919232044,MSFT,1109,390,86.0,82.91000366210938,1.0
2023-10-13,320.22967529296875,326.1900485749301,318.89100367469473,324.7732507534645,21072400,-0.010357622467146221,MSFT,1108,389,90.88999938964844,87.69000244140625,1.0
2023-10-16,325.02734375,328.4472441018182,323.03402205271703,323.47370563502346,22158000,0.01498196084620207,MSFT,1105,386,89.6500015258789,86.66000366210938,1.0
2023-10-17,324.46063232421875,325.828586634413,319.9170559493173,322.0471583622745,18338500,-0.0017435807684449411,MSFT,1104,385,89.9000015258789,86.66000366210938,1.0
2023-10-18,322.5552673339844,327.90986576215903,320.7866923974695,324.88080471636374,23153600,-0.005872407313594952,MSFT,1103,384,91.5,88.31999969482422,1.0
2023-10-19,323.737548828125,329.1703024841639,323.33692834747904,324.5485406563444,25052100,0.0036653609904204743,MSFT,1102,383,92.37999725341797,89.37000274658203,1.0
2023-10-20,319.1939392089844,324.32378924714186,318.0018585787794,324.12835446088064,25027700,-0.01403485519547465,MSFT,1101,382,92.16000366210938,88.75,1.0
2023-10-23,321.7833557128906,325.11531975085603,316.9661883632888,318.0214589074995,24374700,0.008112361125412582,MSFT,1098,379,89.83000183105469,85.48999786376953,1.0
2023-10-24,322.965576171875,324.2455934709326,320.1026385377484,323.7179434195226,31153600,0.00367396398227382,MSFT,1097,378,88.06999969482422,83.73999786376953,1.0
2023-10-25,332.87359619140625,338.2770379621599,329.89337919706037,337.1240202368528,55053800,0.030678254125320326,MSFT,1096,377,90.12999725341797,85.38999938964844,1.0
2023-10-26,320.38604736328125,333.8115893601042,319.45777677753637,332.7465382675552,37828500,-0.03751438675521901,MSFT,1095,376,87.93000030517578,83.20999908447266,1.0
2023-10-27,322.26214599609375,329.0140110865285,320.88441090808146,322.8679522434815,29856500,0.005855743869785934,MSFT,1094,375,90.4800033569336,85.54000091552734,1.0
2023-10-30,329.5904846191406,331.6815239306809,324.235886505314,325.77974409067264,22828100,0.02274030231008184,MSFT,1091,372,87.44999694824219,82.30999755859375,1.0
2023-10-31,330.3721618652344,331.24180806391223,327.03044704898707,331.09524685603606,20265300,0.002371662055101531,MSFT,1090,371,87.41000366210938,81.0199966430664,1.0
2023-11-01,338.1499328613281,339.46904305176577,331.8768463077068,332.0136566147739,28158800,0.02354245270600752,MSFT,1089,370,84.62999725341797,80.44000244140625,1.0
2023-11-02,340.3484802246094,340.8467882699962,336.87970636333785,339.29318001958046,24348100,0.006501693922213114,MSFT,1088,369,86.8499984741211,82.45999908447266,1.0
2023-11-03,344.7259216308594,346.2795596471139,339.3811050850171,341.6284859220493,23637700,0.012861645227154161,MSFT,1087,368,84.88999938964844,80.51000213623047,1.0
2023-11-06,348.37060546875,349.3575005821622,345.2633887474612,345.36110615399525,23828300,0.010572700250239597,MSFT,1084,365,85.18000030517578,80.81999969482422,1.0
2023-11-07,352.2791442871094,354.16496840883747,349.4455177601896,351.17499995929956,25833900,0.011219485102941462,MSFT,1083,364,81.61000061035156,77.37000274658203,1.0
2023-11-08,354.8879089355469,355.54255878691407,352.2985323074461,353.40267618539207,26767800,0.007405390556732394,MSFT,1082,363,79.54000091552734,75.33000183105469,1.0
2023-11-09,352.4353332519531,356.44150755023384,352.1128688580119,354.00847284569846,24847300,-0.006910845993457593,MSFT,1081,362,80.01000213623047,75.73999786376953,1.0
2023-11-10,361.20989990234375,361.6300519453443,352.8067099465058,353.21708130319655,28042100,0.02489695505109224,MSFT,1080,361,81.43000030517578,77.16999816894531,1.0
2023-11-13,358.288330078125,360.03737334526807,357.5261819771122,359.7930947254669,19986500,-0.008088288347048667,MSFT,1077,358,82.5199966430664,78.26000213623047,1.0
2023-11-14,361.7961120605469,363.43768679672274,358.94295491704753,362.51919694143055,27683900,0.00979038860031256,MSFT,1076,357,82.47000122070312,78.26000213623047,1.0
2023-11-15,361.9430236816406,365.3306930182784,359.4365063311856,363.5193564786247,26860100,0.00040606191221082,MSFT,1075,356,81.18000030517578,76.66000366210938,1.0
2023-11-16,368.3072204589844,368.48345088606146,362.4424045116938,363.20609957538716,27182300,0.01758342159107773,MSFT,1074,355,77.41999816894531,72.9000015258789,1.0
2023-11-17,362.1192626953125,366.54477320500723,359.32882848725313,365.80064944827456,40157000,-0.016801076438198614,MSFT,1073,354,80.61000061035156,75.88999938964844,1.0
2023-11-20,369.55059814453125,370.95070053235196,363.24520725093254,363.46060991672704,52465100,0.020521789959214276,MSFT,1070,351,82.31999969482422,77.5999984741211,1.0
2023-11-21,365.27197265625,368.3561243217149,363.3627202596963,367.8176325584251,28423100,-0.01157791520231255,MSFT,1069,350,82.44999694824219,77.7699966430664,1.0
2023-11-22,369.9520263671875,371.85147806167527,367.1322205576516,370.0988850281661,23345300,0.01281251796272298,MSFT,1068,349,81.95999908447266,77.0999984741211,1.0
2023-11-24,369.5408020019531,370.0695230751344,367.2986899991627,369.44288626548433,10176600,-0.0011115613266737823,MSFT,1066,347,80.58000183105469,75.54000091552734,1.0
2023-11-27,370.6960754394531,372.6836719701677,368.3364768521029,368.90434023253334,22179200,0.003126240542969505,MSFT,1063,344,79.9800033569336,74.86000061035156,1.0
2023-11-28,374.70068359375,374.994400937648,370.25557188472965,370.44160282909473,20453100,0.010802941869695992,MSFT,1062,343,81.68000030517578,76.41000366210938,1.0
2023-11-29,370.9311218261719,376.2671856758015,369.5505906614915,375.738494499301,28963400,-0.010060194530269628,MSFT,1061,342,83.0999984741211,77.86000061035156,1.0
2023-11-30,370.9898681640625,372.1451961390215,367.6217700935787,370.5786340328009,30554400,0.00015837532747697836,MSFT,1060,341,82.83000183105469,75.95999908447266,1.0
2023-12-01,366.6818542480469,370.25555453657734,363.54872995472044,368.8848238631299,33040500,-0.0116122144718801,MSFT,1059,340,78.87999725341797,74.06999969482422,1.0
2023-12-04,361.4241638183594,361.79619587063644,355.31457343804857,361.38499154139083,32063300,-0.014338561804399741,MSFT,1056,337,78.02999877929688,73.04000091552734,1.0
2023-12-05,364.7333679199219,365.28166009644,357.9776015537866,358.79026916233926,23065000,0.009156012333546126,MSFT,1055,336,77.19999694824219,72.31999969482422,1.0
2023-12-06,361.09124755859375,366.3587983701644,360.3373530283443,365.73219133144767,21182100,-0.009985706495951208,MSFT,1054,335,74.30000305175781,69.37999725341797,1.0
2023-12-07,363.1962890625,363.68583789268007,358.66306211428184,360.5331422311326,23118900,0.005829666374188802,MSFT,1053,334,74.05000305175781,69.33999633789062,1.0
2023-12-08,366.40765380859375,366.6328271017628,360.5330690390364,361.4827947719688,20154400,0.008841953628940136,MSFT,1052,333,75.83999633789062,71.2300033569336,1.0
2023-12-11,363.5389099121094,363.8326571061726,358.44762055822775,360.7778775179064,27708800,-0.007829377652637581,MSFT,1049,330,76.02999877929688,71.31999969482422,1.0
2023-12-12,366.5545654296875,366.59373770012405,362.7164896784692,363.0983520859286,24838300,0.008295275788517964,MSFT,1048,329,73.23999786376953,68.61000061035156,1.0
2023-12-13,366.54473876953125,369.74640682649743,363.0199816736299,368.16024372357776,30955500,-2.68081783260099e-05,MSFT,1047,328,74.26000213623047,69.47000122070312,1.0
2023-12-14,358.28118896484375,365.9475401487158,356.5188251808004,365.50693426286074,43277500,-0.022544450733156696,MSFT,1046,327,76.61000061035156,71.58000183105469,1.0
2023-12-15,362.9808349609375,364.6159110894826,358.6238390376856,359.1819317961551,78502300,0.013117199955912096,MSFT,1045,326,76.55000305175781,71.43000030517578,1.0
2023-12-18,364.8606872558594,365.20337736605416,360.9736688806633,361.7275930990288,21802900,0.005178929887921457,MSFT,1042,323,77.94999694824219,72.47000122070312,1.0
2023-12-19,365.4579772949219,365.4579772949219,362.1094503782396,363.7249554315047,20603700,0.001637035887737781,MSFT,1041,322,79.2300033569336,73.44000244140625,1.0
2023-12-20,362.8731994628906,368.17012181958876,362.7850842518913,367.16165234300763,26316700,-0.007072708745239242,MSFT,1040,321,79.69999694824219,74.22000122070312,1.0
2023-12-21,365.73211669921875,366.5839268091088,362.3052751851502,364.77259031859234,17708000,0.007878557139407771,MSFT,1039,320,79.38999938964844,73.88999938964844,1.0
2023-12-22,366.75042724609375,367.3378918803586,364.919519208394,365.8692452345427,17107500,0.0027843071482629433,MSFT,1038,319,79.06999969482422,73.55999755859375,1.0
2023-12-26,366.8287048339844,369.0610461329153,365.69294804965995,367.1615944273694,12673100,0.00021343557382724754,MSFT,1034,315,81.06999969482422,75.56999969482422,1.0
2023-12-27,366.2510681152344,367.2203652351963,365.01739550459973,365.87900622442777,14905400,-0.0015746769844835473,MSFT,1033,314,79.6500015258789,74.11000061035156,1.0
2023-12-28,367.4357604980469,368.5910885400905,366.33917592392487,367.5238756999293,14327000,0.0032346455367600058,MSFT,1032,313,78.38999938964844,71.7699966430664,1.0
2023-12-29,368.1798400878906,369.2764245304369,365.6733528250178,368.14066782074684,18730800,0.0020250603502369735,MSFT,1031,312,77.04000091552734,71.6500015258789,1.0
2024-01-02,363.1179504394531,368.04281055620135,359.10364399056556,366.04544293017665,25258600,-0.013748416119766738,MSFT,1027,308,75.88999938964844,70.37999725341797,1.0
2024-01-03,362.85357666015625,365.45797986261033,360.8072662610182,361.2968150611858,23083500,-0.0007280658501650494,MSFT,1026,307,78.25,72.69999694824219,1.0
2024-01-04,360.24920654296875,365.30135421024977,359.49531207816057,362.92215399405467,20901500,-0.0071774685016450235,MSFT,1025,306,77.58999633789062,72.19000244140625,1.0
2024-01-05,360.0631408691406,364.2830491168241,358.8392688743441,361.25764113124956,21004600,-0.0005164915576459927,MSFT,1024,305,78.76000213623047,73.80999755859375,1.0
2024-01-08,366.8580627441406,367.35741205524755,361.2967958412056,361.58071261682426,23134000,0.018871473093852398,MSFT,1021,302,76.12000274658203,70.7699966430664,1.0
2024-01-09,367.9350891113281,368.1308907001316,363.4312342532303,364.2341014424794,20830000,0.0029358121752354194,MSFT,1020,301,77.58999633789062,72.23999786376953,1.0
2024-01-10,374.7691955566406,376.1399561660862,368.45403366179033,368.50297659226095,25514200,0.01857421770187484,MSFT,1019,300,76.80000305175781,71.37000274658203,1.0
2024-01-11,376.59033203125,382.5138608324762,372.4291670394017,377.9316910243427,27850800,0.004859354760746726,MSFT,1018,299,77.41000366210938,72.0199966430664,1.0
2024-01-12,380.3500671386719,380.55566927985785,376.6099069263744,377.43234537080764,21661200,0.009983620894202572,MSFT,1017,298,78.29000091552734,72.68000030517578,1.0
2024-01-16,382.11236572265625,385.79378183747036,379.5177633564959,385.43152054781376,27202300,0.004633359466035936,MSFT,1013,294,78.29000091552734,72.4000015258789,1.0
2024-01-17,381.3291320800781,381.9557389879291,376.7665338147622,379.87028626114164,22234100,-0.002049746914358219,MSFT,1012,293,77.87999725341797,72.55999755859375,1.0
2024-01-18,385.6371765136719,385.75466344784127,381.96556042243856,383.5321225973024,23392100,0.011297443785881711,MSFT,1011,292,79.0999984741211,74.08000183105469,1.0
2024-01-19,390.3368835449219,390.3368835449219,385.27493541414515,387.4877057228784,29331100,0.012186861945566063,MSFT,1010,291,78.55999755859375,73.41000366210938,1.0
2024-01-22,388.22198486328125,392.24606151114637,385.3630068278654,391.6585969965062,27016900,-0.00541813692427362,MSFT,1007,288,80.05999755859375,75.19000244140625,1.0
2024-01-23,390.5620422363281,391.03201985975426,385.6959257751216,387.47789064929606,20525900,0.006027627141906855,MSFT,1006,287,79.55000305175781,74.37000274658203,1.0
2024-01-24,394.1455078125,397.1513444657461,392.07962632176026,393.1468390669837,24867000,0.009175150651233865,MSFT,1005,286,80.04000091552734,75.08999633789062,1.0
2024-01-25,396.4072570800781,398.5025403738,394.1161721859946,395.8687653294727,21021200,0.005738361145179116,MSFT,1004,285,82.43000030517578,77.36000061035156,1.0
2024-01-26,395.4869079589844,397.680107020746,394.0182614789132,395.9177133168471,17803300,-0.0023217262162983365,MSFT,1003,284,83.55000305175781,78.01000213623047,1.0
2024-01-29,401.15582275390625,401.410397661508,395.8784729674485,397.5723223732038,24510200,0.014334013796253986,MSFT,1000,281,82.4000015258789,76.77999877929688,1.0
2024-01-30,400.04949951171875,404.41626660201007,397.9542461080957,403.64280098293807,33477600,-0.002757839172301324,MSFT,999,280,82.87000274658203,77.81999969482422,1.0
2024-01-31,389.2696228027344,406.6388350866889,388.907361460185,398.45356335794276,47871100,-0.026946357193651682,MSFT,998,279,81.70999908447266,75.8499984741211,1.0
2024-02-01,395.34002685546875,399.4718199134869,393.40140285508346,393.4307745878308,30657700,0.01559434309060026,MSFT,997,278,78.69999694824219,73.81999969482422,1.0
2024-02-02,402.6245422363281,404.02464472350925,395.12465055102524,395.36942496681314,28256700,0.018425949527044683,MSFT,996,277,77.33000183105469,72.27999877929688,1.0
2024-02-05,397.1709289550781,402.5657662041655,395.5456233801517,401.3320936868834,25352300,-0.013545158601009688,MSFT,993,274,77.98999786376953,72.77999877929688,1.0
2024-02-06,397.0142822265625,399.4424550677267,394.4882235276778,397.39614463854895,18382600,-0.00039440633011023074,MSFT,992,273,78.58999633789062,73.30999755859375,1.0
2024-02-07,405.39532470703125,405.64009909216526,398.8843320384044,398.92350430633786,22340500,0.02111017879121535,MSFT,991,272,79.20999908447266,73.86000061035156,1.0
2024-02-08,405.4541320800781,406.87383568951475,403.9071708692484,405.39538860876115,21225300,0.00014506179391537977,MSFT,990,271,81.62999725341797,76.22000122070312,1.0
2024-02-09,411.75946044921875,412.02383590927224,406.4135962217608,406.57025541446654,22032800,0.015551274164583795,MSFT,989,270,82.19000244140625,76.83999633789062,1.0
2024-02-12,406.5801086425781,411.9455447595813,406.0807592685953,411.7693143498308,21202900,-0.012578586053590857,MSFT,986,267,82.0,76.91999816894531,1.0
2024-02-13,397.8270263671875,401.4986431273402,394.9582769763814,396.4758666187003,27824900,-0.02152855510962881,MSFT,985,266,82.7699966430664,77.87000274658203,1.0
2024-02-14,401.67205810546875,402.0153819358465,396.84600689910087,400.2791853329973,20401200,0.009665084278945857,MSFT,984,265,81.5999984741211,76.63999938964844,1.0
2024-02-15,398.79803466796875,401.3189759217452,396.5713838346197,400.34788638470263,21825500,-0.007155149031415453,MSFT,983,264,82.86000061035156,78.02999877929688,1.0
2024-02-16,396.3457946777344,400.49504745207923,395.73763633762957,400.17133095818804,22296500,-0.006149077420293914,MSFT,982,263,83.47000122070312,79.19000244140625,1.0
2024-02-20,395.1000061035156,396.7675320143623,390.41126629664336,395.5413968145009,24307900,-0.003143186053561342,MSFT,978,259,82.33999633789062,78.18000030517578,1.0
2024-02-21,394.50164794921875,394.60956341609165,389.6363517174895,392.53004284668083,18518900,-0.0015144473425802163,MSFT,977,258,83.02999877929688,77.91000366210938,1.0
2024-02-22,403.7909240722656,404.94838876318465,400.7697394674189,402.3588062354514,27009900,0.02354686265909489,MSFT,976,257,83.66999816894531,78.61000061035156,1.0
2024-02-23,402.505859375,407.92046175721333,401.162019956702,407.73411674298126,16295900,-0.0031825002016034887,MSFT,975,256,81.62000274658203,76.48999786376953,1.0
2024-02-26,399.7593688964844,404.2911603614398,399.58278265548927,403.6045125913183,16193500,-0.006823479496125384,MSFT,972,253,82.52999877929688,77.58000183105469,1.0
2024-02-27,399.70050048828125,400.5244598178457,396.13979878680874,400.2007433350152,14835800,-0.00014725960861317056,MSFT,971,252,83.6500015258789,78.87000274658203,1.0
2024-02-28,399.93585205078125,401.48567367865326,397.58167859587735,400.3870613953607,13183100,0.000588819784344663,MSFT,970,251,83.68000030517578,78.54000091552734,1.0
2024-02-29,405.742919921875,406.29222617012584,398.1703067167653,400.83837846610305,31947300,0.01451999824800998,MSFT,969,250,83.62000274658203,78.26000213623047,1.0
2024-03-01,407.5673828125,407.93031407980567,403.0355914321904,403.41813008815376,17823400,0.004496598217847536,MSFT,968,249,83.55000305175781,79.97000122070312,1.0
2024-03-04,406.9984436035156,409.38204334564557,404.4480762959748,405.54668869062186,17596000,-0.0013959390102767921,MSFT,965,246,82.80000305175781,78.73999786376953,1.0
2024-03-05,394.962646484375,406.3411866044012,392.9910415291509,406.056714869292,26919200,-0.029572096179477092,MSFT,964,245,82.04000091552734,78.1500015258789,1.0
2024-03-06,394.41339111328125,397.4247865981622,390.784048581795,395.27659515513125,22344100,-0.0013906514349717458,MSFT,963,244,82.95999908447266,79.12999725341797,1.0
2024-03-07,401.328857421875,401.95662320085074,394.56056584653686,398.3664950410901,18718500,0.017533548465669346,MSFT,962,243,82.95999908447266,78.93000030517578,1.0
2024-03-08,398.4645080566406,402.58433424165736,396.61057729290076,400.1712786506048,18002200,-0.00713716273391074,MSFT,961,242,82.08000183105469,78.01000213623047,1.0
2024-03-11,396.7969970703125,397.93485423983793,393.5992565104688,396.0515271512708,16120800,-0.004184841943541628,MSFT,958,239,82.20999908447266,77.93000030517578,1.0
2024-03-12,407.3515930175781,407.6360648031442,399.02369122398767,399.8378319323999,22457000,0.02659948544266677,MSFT,957,238,81.91999816894531,77.55999755859375,1.0
2024-03-13,407.1750183105469,410.19620253246603,403.5947092048327,410.1177430442753,17115900,-0.0004334700294731375,MSFT,956,237,84.02999877929688,79.72000122070312,1.0
2024-03-14,417.101806640625,419.652174073812,410.0098292271171,412.21687278632703,34157300,0.024379659565722855,MSFT,955,236,85.41999816894531,81.26000213623047,1.0
2024-03-15,408.4697570800781,414.53176184842266,404.90905594932127,411.2849584886003,45079900,-0.020695306093421628,MSFT,954,235,85.33999633789062,81.04000091552734,1.0
2024-03-18,409.3526306152344,412.69753127897746,405.8802070917239,406.34123515822085,20106000,0.0021614171425259343,MSFT,951,232,86.88999938964844,82.72000122070312,1.0
2024-03-19,413.36456298828125,413.6196087209555,407.6164248857175,409.8528945727863,19837900,0.009800675683987015,MSFT,950,231,87.37999725341797,83.47000122070312,1.0
2024-03-20,417.111572265625,417.82761603764675,412.6288149554134,413.9432282491302,17860100,0.009064660139843639,MSFT,949,230,85.94999694824219,81.68000030517578,1.0
2024-03-21,421.17254638671875,422.5948752417206,419.004747660182,421.6237557740876,21296200,0.009735942110250528,MSFT,948,229,85.77999877929688,81.06999969482422,0.0
2024-03-22,420.5545654296875,421.6531778067011,417.9355573407252,421.49625883993525,17648500,-0.00146728689306308,MSFT,947,228,85.43000030517578,80.62999725341797,0.0
2024-03-25,414.7868347167969,419.2499850699005,413.5606994442316,417.12140106535213,18060500,-0.013714583521397872,MSFT,944,225,86.75,81.94999694824219,1.0
2024-03-26,413.5999755859375,417.8571139836089,413.305715072137,417.48436404283126,16725600,-0.002861371267170787,MSFT,943,224,86.25,81.62000274658203,1.0
2024-03-27,413.3841247558594,416.34648660093063,411.0103437373624,416.33666794000516,16705000,-0.0005218830822519838,MSFT,942,223,86.08999633789062,81.3499984741211,1.0
2024-03-28,412.6877136230469,413.81575210575176,411.11825446083225,412.9231220201488,21871200,-0.0016846586288813414,MSFT,941,222,87.4800033569336,83.16999816894531,1.0
2024-04-01,416.46417236328125,419.72079454258875,414.15903226844193,415.8560141116514,16316000,0.009150887258261964,MSFT,937,218,87.41999816894531,83.70999908447266,1.0
2024-04-02,413.3939208984375,414.3159769269491,409.86264567594,412.08929633397446,17912000,-0.007372186297373906,MSFT,936,217,88.91999816894531,85.1500015258789,1.0
2024-04-03,412.4228210449219,415.17917040060684,411.0887704678448,411.7165660182198,16502300,-0.0023490907931231764,MSFT,935,216,89.3499984741211,85.43000030517578,1.0
2024-04-04,409.9019775390625,420.4859867966176,409.5978983516999,416.8762213933396,19370900,-0.00611227938229153,MSFT,934,215,90.6500015258789,86.58999633789062,1.0
2024-04-05,417.3960266113281,418.36714603884514,410.33350586860576,411.99124304246095,16554800,0.01828253944335123,MSFT,933,214,91.16999816894531,86.91000366210938,1.0
2024-04-08,416.48382568359375,419.12247124179834,415.21844567326013,417.0527692258899,14272400,-0.0021854566636394512,MSFT,930,211,90.37999725341797,86.43000030517578,1.0
2024-04-09,418.14154052734375,419.5736580977935,413.57050478624086,418.29848942937065,12496900,0.0039802622371447605,MSFT,929,210,89.41999816894531,85.2300033569336,0.0
2024-04-10,415.17919921875,415.9344877287147,411.68716854848634,414.12962029851764,16216600,-0.0070845420066558695,MSFT,928,209,90.4800033569336,86.20999908447266,1.0
2024-04-11,419.76007080078125,421.1725811111206,414.2964045264092,417.6903687099733,17966400,0.011033480460127087,MSFT,927,208,89.73999786376953,85.0199966430664,0.0
2024-04-12,413.84515380859375,417.06253143112855,411.75581460240056,415.95410040174403,19253800,-0.014091185426244879,MSFT,926,207,90.44999694824219,85.66000366210938,1.0
