Date,Close,High,Low,Open,Volume,Retorno_Diario,Ticker,DiasParaEleicaoBR,DiasParaEleicaoUSA,Petroleo_Brent,Petroleo_WTI,Alvo
2015-01-02,0.48188379406929016,0.485474607492821,0.4742234301484532,0.48188379406929016,113680000,,NVDA,1395,676,56.41999816894531,52.689998626708984,1.0
2015-01-05,0.47374463081359863,0.4833200850330051,0.47159017144986937,0.48188375976583925,197952000,-0.016890302923366574,NVDA,1392,673,53.11000061035156,50.040000915527344,1.0
2015-01-06,0.45938172936439514,0.474941804128404,0.4589029635406017,0.47446303830461056,197764000,-0.030317813680625694,NVDA,1391,672,51.099998474121094,47.93000030517578,1.0
2015-01-07,0.4581845700740814,0.4668024647157841,0.4567482447881243,0.46273288591791234,321808000,-0.002606022864623081,NVDA,1390,671,51.150001525878906,48.650001525878906,1.0
2015-01-08,0.47542044520378113,0.478293096466838,0.4632117629468697,0.4634511600644667,283780000,0.037617755497338035,NVDA,1389,670,50.959999084472656,48.790000915527344,1.0
2015-01-09,0.47733551263809204,0.4809263265371572,0.47063270758821263,0.4770961440695046,209540000,0.004028155401457401,NVDA,1388,669,50.11000061035156,48.36000061035156,1.0
2015-01-12,0.471350759267807,0.478771725348333,0.46704181214159896,0.47853232829914755,190732000,-0.012537833896349104,NVDA,1385,666,47.43000030517578,46.06999969482422,1.0
2015-01-13,0.4706326723098755,0.48451704704307036,0.4672812843046664,0.47494162012873226,236720000,-0.0015234662166386803,NVDA,1384,665,46.59000015258789,45.88999938964844,1.0
2015-01-14,0.472547709941864,0.47398403523133564,0.4644086094002444,0.4656055376291308,155260000,0.004069070731085089,NVDA,1383,664,48.689998626708984,48.47999954223633,1.0
2015-01-15,0.4691963195800781,0.47877174535533856,0.4689569225208887,0.4758991233301644,188932000,-0.007092173533542634,NVDA,1382,663,47.66999816894531,46.25,1.0
2015-01-16,0.47781431674957275,0.478293082433693,0.4670419319032254,0.46847825749261196,181512000,0.01836757197330008,NVDA,1381,662,47.689998626708984,48.689998626708984,1.0
2015-01-20,0.47925055027008057,0.48379883766396353,0.4732658804887028,0.48116561263865854,140308000,0.0030058402818025076,NVDA,1377,658,47.9900016784668,46.38999938964844,1.0
2015-01-21,0.48595336079597473,0.4871503176684741,0.4732659147325153,0.4766173311940641,144780000,0.013986025727287688,NVDA,1376,657,49.029998779296875,47.779998779296875,1.0
2015-01-22,0.4943319857120514,0.49576831141426964,0.4818839057249016,0.48691098860860915,159712000,0.017241623563118758,NVDA,1375,656,48.52000045776367,46.310001373291016,1.0
2015-01-23,0.4957682192325592,0.4967257504979787,0.490741080209527,0.494810630893094,120416000,0.0029054027698389717,NVDA,1374,655,48.790000915527344,45.59000015258789,1.0
2015-01-26,0.4936138093471527,0.4960076664272938,0.49050178943556383,0.4936138093471527,133240000,-0.004345599015486479,NVDA,1371,652,48.15999984741211,45.150001525878906,1.0
2015-01-27,0.4699144661426544,0.4864320921620453,0.4689569064756791,0.4859532980600482,357948000,-0.04801191286735418,NVDA,1370,651,49.599998474121094,46.22999954223633,1.0
2015-01-28,0.46225419640541077,0.47757489734111847,0.4620147993060151,0.4756598061570269,272728000,-0.01630141289355025,NVDA,1369,650,48.470001220703125,44.45000076293945,1.0
2015-01-29,0.4735053777694702,0.4761386033520905,0.46033913570826257,0.4624936241344354,235340000,0.02433981443878941,NVDA,1368,649,49.130001068115234,44.529998779296875,1.0
2015-01-30,0.4596208930015564,0.47565975497252655,0.4589027588546951,0.4701538791121205,298200000,-0.02932276045801019,NVDA,1367,648,52.9900016784668,48.2400016784668,1.0
2015-02-02,0.46967512369155884,0.4715902147111207,0.4533968928308163,0.4624935537709685,259604000,0.02187505146761981,NVDA,1364,645,54.75,49.56999969482422,1.0
2015-02-03,0.4814049303531647,0.48188372443179217,0.47063257725036045,0.47302643349542806,183468000,0.024974298339268453,NVDA,1363,644,57.90999984741211,53.04999923706055,1.0
2015-02-04,0.48260200023651123,0.48810787659931004,0.4785324208355138,0.47996877487136336,181516000,0.002486617414716452,NVDA,1362,643,54.15999984741211,48.45000076293945,1.0
2015-02-05,0.49050173163414,0.4907411001917302,0.4826019984931848,0.48308073560836506,140448000,0.016369039899870597,NVDA,1361,642,56.56999969482422,50.47999954223633,1.0
2015-02-06,0.4883471131324768,0.49576810717878345,0.4861926254667072,0.49002280673673115,210524000,-0.0043926827627803755,NVDA,1360,641,57.79999923706055,51.689998626708984,1.0
2015-02-09,0.4878684878349304,0.489304756200222,0.4823626117001671,0.4854746311273831,273944000,-0.0009800924069690575,NVDA,1357,638,58.34000015258789,52.86000061035156,1.0
2015-02-10,0.5015134215354919,0.5017527900631156,0.48619269428676365,0.48834718225749874,226204000,0.02796846699633182,NVDA,1356,637,56.43000030517578,50.02000045776367,1.0
2015-02-11,0.49816209077835083,0.5027103786931436,0.4948106456384411,0.5027103786931436,320832000,-0.006682434832711581,NVDA,1355,636,54.65999984741211,48.84000015258789,1.0
2015-02-12,0.5338305830955505,0.5386182967227174,0.5235369930897368,0.5266490126548001,676904000,0.07160017387406903,NVDA,1354,635,57.04999923706055,51.209999084472656,-1.0
2015-02-13,0.5340698957443237,0.534788058420621,0.524494469492416,0.5326335703917291,310084000,0.0004482932532368089,NVDA,1353,634,57.38999938964844,52.779998779296875,-1.0
2015-02-17,0.5357456207275391,0.5383789030514883,0.5297610075097502,0.5331123954776357,203340000,0.003137651076325687,NVDA,1349,630,62.529998779296875,53.529998779296875,-1.0
2015-02-18,0.5295215249061584,0.5359849886724659,0.5285639937432373,0.5350274004355051,170948000,-0.011617632661053423,NVDA,1348,629,60.529998779296875,52.13999938964844,-1.0
2015-02-19,0.5309580564498901,0.5371820970378031,0.5285641990756207,0.5362245655029076,169432000,0.002712886022879335,NVDA,1347,628,60.209999084472656,51.15999984741211,-1.0
2015-02-20,0.5347881317138672,0.5350275002807579,0.526649029699082,0.5304792121395839,157752000,0.007213517560286764,NVDA,1346,627,60.220001220703125,50.34000015258789,-1.0
2015-02-23,0.5304794311523438,0.5345489838398844,0.5278461475331728,0.5345489838398844,125008000,-0.008056836541445067,NVDA,1343,624,58.900001525878906,49.45000076293945,-1.0
2015-02-24,0.5361262559890747,0.5361262559890747,0.5277155264496644,0.5325216739846982,149356000,0.01064475737440862,NVDA,1342,623,58.65999984741211,49.279998779296875,-1.0
2015-02-25,0.5320411324501038,0.5363667003895155,0.5296380582483666,0.5339635688939701,123820000,-0.007619704301619179,NVDA,1341,622,61.630001068115234,50.9900016784668,-1.0
2015-02-26,0.5334830284118652,0.5366070308376331,0.5291574601482731,0.5325218101178935,152864000,0.0027101212177362832,NVDA,1340,621,60.04999923706055,48.16999816894531,-1.0
2015-02-27,0.5301185846328735,0.5332425861681866,0.5281960912990983,0.5320410206728525,157492000,-0.006306561970691682,NVDA,1339,620,62.58000183105469,49.7599983215332,-1.0
2015-03-02,0.5430954694747925,0.5459791824126616,0.5279560911386346,0.528677019373102,301512000,0.02447921128987751,NVDA,1336,617,59.540000915527344,49.59000015258789,-1.0
2015-03-03,0.5330022573471069,0.5416533344173796,0.5313201114298036,0.5390099704464457,160344000,-0.018584600120944317,NVDA,1335,616,61.02000045776367,50.52000045776367,-1.0
2015-03-04,0.5390100479125977,0.5402115563288664,0.5289171136644303,0.5310798975662818,226840000,0.01127160435566088,NVDA,1334,615,60.54999923706055,51.529998779296875,-1.0
2015-03-05,0.5493432283401489,0.550304446454857,0.5375681488770209,0.5390100046959838,323056000,0.01917066382633892,NVDA,1333,614,60.47999954223633,50.7599983215332,-1.0
2015-03-06,0.5418937802314758,0.5488626553551971,0.5414131424705463,0.5462192909046065,257392000,-0.013560644282777035,NVDA,1332,613,59.72999954223633,49.61000061035156,-1.0
2015-03-09,0.5433355569839478,0.5474208345523421,0.5409324828639661,0.5421340485708601,222388000,0.0026606261320365476,NVDA,1329,610,58.529998779296875,50.0,-1.0
2015-03-10,0.5527074337005615,0.5563120726826086,0.5447772852338509,0.5457385031977992,527212000,0.017248782260150586,NVDA,1328,609,56.38999938964844,48.290000915527344,-1.0
2015-03-11,0.5498238205909729,0.5599166959017409,0.5483819648912068,0.5527074746967078,262120000,-0.005217250454335076,NVDA,1327,608,57.540000915527344,48.16999816894531,-1.0
2015-03-12,0.544777512550354,0.5486224433042943,0.5344442862151842,0.5445372222825505,406972000,-0.00917804549681922,NVDA,1326,607,57.08000183105469,47.04999923706055,-1.0
2015-03-13,0.5454983711242676,0.5469402271349589,0.5346845083378918,0.5421340786285274,359288000,0.0013232164641652222,NVDA,1325,606,54.66999816894531,44.84000015258789,-1.0
2015-03-16,0.5519867539405823,0.5553511042668685,0.5462193862715209,0.5498240268733209,236956000,0.011894412815462996,NVDA,1322,603,53.439998626708984,43.880001068115234,-1.0
2015-03-17,0.5587154030799866,0.5589556933579864,0.5469403200507025,0.5507852509677972,299900000,0.012189874288411895,NVDA,1321,602,53.43000030517578,43.459999084472656,-1.0
2015-03-18,0.5495836138725281,0.5615989856249899,0.5445371749246377,0.5587153307806861,413844000,-0.016344258914499976,NVDA,1320,601,55.90999984741211,44.65999984741211,-1.0
2015-03-19,0.5579943060874939,0.5599167423173487,0.5474207922356887,0.5515060121944816,310756000,0.01530375361030445,NVDA,1319,600,54.43000030517578,43.959999084472656,-1.0
2015-03-20,0.5640020370483398,0.567366386837315,0.5572734520580084,0.5625602383317042,462084000,0.010766652805062726,NVDA,1318,599,55.31999969482422,45.720001220703125,-1.0
2015-03-23,0.5457388162612915,0.554389897487111,0.54549852595591,0.5471806726812324,426012000,-0.032381480185120326,NVDA,1315,596,55.91999816894531,47.45000076293945,-1.0
2015-03-24,0.5382890701293945,0.5479013657452014,0.5358859962254429,0.5440564360401184,330480000,-0.013650753638770219,NVDA,1314,595,55.11000061035156,47.5099983215332,-1.0
2015-03-25,0.5056072473526001,0.5380487733034766,0.5039250440761216,0.5380487733034766,542552000,-0.06071426040461558,NVDA,1313,594,56.47999954223633,49.209999084472656,1.0
2015-03-26,0.503925085067749,0.5060878689187519,0.4916694244996764,0.49527406425134785,311920000,-0.003327013791157074,NVDA,1312,593,59.189998626708984,51.43000030517578,1.0
2015-03-27,0.513777494430542,0.5156999298917172,0.49863812896900567,0.5068085656196687,318288000,0.019551337400614655,NVDA,1311,592,56.40999984741211,48.869998931884766,1.0
2015-03-30,0.5159405469894409,0.5185839114537528,0.5094521950053517,0.5161808372242487,253252000,0.004210095970234029,NVDA,1308,589,56.290000915527344,48.68000030517578,1.0
2015-03-31,0.5029637813568115,0.5149791496625227,0.5024832010008603,0.5144985693065715,357276000,-0.02515166855629003,NVDA,1307,588,55.11000061035156,47.599998474121094,1.0
2015-04-01,0.5048863887786865,0.5065685349923128,0.4962353101844599,0.5048863887786865,330768000,0.0038225564009568558,NVDA,1306,587,57.099998474121094,50.09000015258789,1.0
2015-04-02,0.5060880780220032,0.5092120813329454,0.5017625658266065,0.5077702248365369,192204000,0.0023801181216700495,NVDA,1305,586,54.95000076293945,49.13999938964844,1.0
2015-04-06,0.5207467675209045,0.5224289139849891,0.498638458632106,0.5039251882924243,515864000,0.02896470028733633,NVDA,1301,582,58.119998931884766,52.13999938964844,-1.0
2015-04-07,0.5253129005432129,0.5310802710435267,0.5178633254070377,0.520747039304118,413964000,0.00876843277212469,NVDA,1300,581,59.099998474121094,53.97999954223633,-1.0
2015-04-08,0.5291574001312256,0.5310798937949325,0.5207466693956518,0.5257931078369961,366432000,0.007318494527808417,NVDA,1299,580,55.54999923706055,50.41999816894531,-1.0
2015-04-09,0.5414131879806519,0.5430953343445899,0.5248319573012165,0.5250722475549752,379432000,0.023160949551847887,NVDA,1298,579,56.56999969482422,50.790000915527344,-1.0
2015-04-10,0.5469401478767395,0.5471804380790973,0.539971216364153,0.5418937098644189,258728000,0.01020839539705709,NVDA,1297,578,57.869998931884766,51.63999938964844,-1.0
2015-04-13,0.5418937802314758,0.5488626553551971,0.539490648720637,0.5457386531436771,236724000,-0.009226544558584737,NVDA,1294,575,57.93000030517578,51.90999984741211,-1.0
2015-04-14,0.5373278260231018,0.5418936834077901,0.5320410407727365,0.5397308998107591,220276000,-0.008425921047522711,NVDA,1293,574,58.43000030517578,53.290000915527344,-1.0
2015-04-15,0.543816328048706,0.5479015493248361,0.5361264660619786,0.5387698883476901,243560000,0.01207549974403399,NVDA,1292,573,60.31999969482422,56.38999938964844,-1.0
2015-04-16,0.5404520034790039,0.5452581526177012,0.5366070727092827,0.5406922937477936,155284000,-0.006186508929906243,NVDA,1291,572,60.400001525878906,56.709999084472656,-1.0
2015-04-17,0.5334830284118652,0.5387698149694291,0.5289171698982333,0.5291574601482731,293636000,-0.01289471594568603,NVDA,1290,571,63.45000076293945,55.7400016784668,-1.0
2015-04-20,0.5308395624160767,0.5392502924995652,0.529878287011848,0.5358860004661699,231624000,-0.004955107950965099,NVDA,1287,568,63.45000076293945,56.380001068115234,-1.0
2015-04-21,0.5301185846328735,0.5373278057234894,0.527475163460657,0.5373278057234894,230456000,-0.0013581839679047691,NVDA,1286,567,62.08000183105469,55.2599983215332,-1.0
2015-04-22,0.5361262559890747,0.5368471838487096,0.5250721051997371,0.5332426018443331,207420000,0.011332693345134759,NVDA,1285,566,62.72999954223633,56.15999984741211,-1.0
2015-04-23,0.5339636206626892,0.5390101170812697,0.5202661021141699,0.5262738168478754,259380000,-0.004033817225376768,NVDA,1284,565,64.8499984741211,57.7400016784668,-1.0
2015-04-24,0.52939772605896,0.5339635265747324,0.523390012383854,0.5337232363617453,240960000,-0.008550946969126172,NVDA,1283,564,65.27999877929688,57.150001525878906,-1.0
2015-04-27,0.5334830284118652,0.5428550356891687,0.5265140955163976,0.5310799540300294,248456000,0.007716886854270966,NVDA,1280,561,64.83000183105469,56.9900016784668,-1.0
2015-04-28,0.5361262559890747,0.538048749379367,0.527475178967254,0.5325216739846982,234484000,0.004954661041566943,NVDA,1279,560,64.63999938964844,57.060001373291016,-1.0
2015-04-29,0.5320411324501038,0.5375682088434799,0.5298783484803979,0.532281422682135,195156000,-0.007619704301619179,NVDA,1278,559,65.83999633789062,58.58000183105469,-1.0
2015-04-30,0.5334830284118652,0.5361263930437409,0.5281962418543014,0.5293978076921256,218844000,0.0027101212177362832,NVDA,1277,558,66.77999877929688,59.630001068115234,-1.0
2015-05-01,0.5466998219490051,0.5483819678431883,0.5354053237692368,0.5378083975171837,256968000,0.02477453420867981,NVDA,1276,557,66.45999908447266,59.150001525878906,-1.0
2015-05-04,0.5433355569839478,0.5498239086723237,0.5416534108293413,0.5462192688454481,200720000,-0.0061537700031868425,NVDA,1273,554,66.44999694824219,58.93000030517578,-1.0
2015-05-05,0.52939772605896,0.542134024048133,0.5269946520476783,0.5414130961153681,292928000,-0.025652344570189056,NVDA,1272,553,67.5199966430664,60.400001525878906,-1.0
2015-05-06,0.531079888343811,0.537327892422567,0.5241109563102906,0.532281396739215,316484000,0.0031775019083926104,NVDA,1271,552,67.7699966430664,60.93000030517578,-1.0
2015-05-07,0.5404520034790039,0.5421341499481662,0.5272350647006779,0.5289172111698403,534564000,0.01764727932820076,NVDA,1270,551,65.54000091552734,58.939998626708984,-1.0
2015-05-08,0.5005609393119812,0.5248320346257384,0.4923904965422824,0.5048865082798136,1146552000,-0.07381055840340212,NVDA,1269,550,65.38999938964844,59.38999938964844,1.0
2015-05-11,0.4957546293735504,0.5008011248699877,0.4897469730314344,0.49359184558936303,544144000,-0.009601847769098892,NVDA,1266,547,64.91000366210938,59.25,1.0
2015-05-12,0.5005609393119812,0.5046461606968305,0.49190985867013814,0.4921502062531212,388800000,0.009694937079063104,NVDA,1265,546,66.86000061035156,60.75,1.0
2015-05-13,0.503444492816925,0.5080103506306377,0.49863834479000774,0.5041654207503431,308524000,0.0057606442662252455,NVDA,1264,545,66.80999755859375,60.5,1.0
2015-05-14,0.511614978313446,0.5142584000680194,0.5036848276373439,0.504886393397388,293052000,0.016229168484502843,NVDA,1263,544,66.58999633789062,59.880001068115234,1.0
2015-05-15,0.5118556022644043,0.5161811152901347,0.5087315983537725,0.5137780397660978,215824000,0.0004703223344857399,NVDA,1262,543,66.56999969482422,59.689998626708984,1.0
2015-05-18,0.5111343860626221,0.5142583882141564,0.5082506741400342,0.5106537483109216,324972000,-0.0014090227763291496,NVDA,1259,540,66.2699966430664,59.43000030517578,1.0
2015-05-19,0.5079477429389954,0.5135004038458723,0.5069820177350897,0.5118104135185463,253808000,-0.006234452642042143,NVDA,1258,539,64.0199966430664,57.2599983215332,1.0
2015-05-20,0.5079477429389954,0.5142246689692925,0.5074648803370425,0.5081891454604628,196824000,0.0,NVDA,1257,538,65.02999877929688,58.97999954223633,1.0
2015-05-21,0.504326343536377,0.5103618661621789,0.5038434810050694,0.508189071109809,239692000,-0.007129472377738977,NVDA,1256,537,66.54000091552734,60.720001220703125,1.0
2015-05-22,0.503602147102356,0.5074648752018366,0.5023950769482155,0.505533539931605,212592000,-0.0014359678872669646,NVDA,1255,536,65.37000274658203,59.720001220703125,1.0
2015-05-26,0.5004637241363525,0.5045678550830266,0.4966009957280057,0.5011879893103565,259732000,-0.006231949136955461,NVDA,1251,532,63.720001220703125,58.029998779296875,1.0
2015-05-27,0.5272611975669861,0.5296753948703182,0.5021534995651281,0.5038434319215602,432332000,0.053545286377904455,NVDA,1250,531,62.060001373291016,57.5099983215332,-1.0
2015-05-28,0.5345039367675781,0.5361938695896967,0.5262956751861396,0.527261342861776,327656000,0.013736529890713056,NVDA,1249,530,62.58000183105469,57.68000030517578,-1.0
2015-05-29,0.534262478351593,0.5378837461461794,0.5335382132808729,0.534503880855495,335168000,-0.00045174300762929054,NVDA,1248,529,65.55999755859375,60.29999923706055,-1.0
2015-06-01,0.5402979254722595,0.545609183290424,0.5342624601670385,0.5376423253426832,372660000,0.011296782696191165,NVDA,1245,526,64.87999725341797,60.20000076293945,-1.0
2015-06-02,0.5296756029129028,0.5398152585930885,0.5291927402389791,0.5369181976675993,224304000,-0.01966012094174152,NVDA,1244,525,65.48999786376953,61.2599983215332,-1.0
2015-06-03,0.5238813161849976,0.5352280373937226,0.5229155912471894,0.5311239078645457,250788000,-0.010939312092231757,NVDA,1243,524,63.79999923706055,59.63999938964844,-1.0
2015-06-04,0.5332968235015869,0.5349867561872513,0.5207429720549194,0.5207429720549194,323712000,0.017972596131419438,NVDA,1242,523,62.029998779296875,58.0,-1.0
2015-06-05,0.5374009609222412,0.5398151587271797,0.5260541794359163,0.5316068401431763,313320000,0.007695784485845625,NVDA,1241,522,63.310001373291016,59.130001068115234,-1.0
2015-06-08,0.5250884890556335,0.5393322727548029,0.5190530235845193,0.5357110049839371,342812000,-0.022911145982095094,NVDA,1238,519,62.689998626708984,58.13999938964844,-1.0
2015-06-09,0.5277442932128906,0.5316069645575779,0.5246058295760602,0.525571497412232,256888000,0.005057822086394381,NVDA,1237,518,64.87999725341797,60.13999938964844,-1.0
2015-06-10,0.5183289647102356,0.5248472953380022,0.5154319032938788,0.5214674287249434,529460000,-0.01784070168780949,NVDA,1236,517,65.69999694824219,61.43000030517578,-1.0
2015-06-11,0.5238813161849976,0.5275025832452706,0.5183286568081105,0.5183286568081105,283052000,0.010712022388843279,NVDA,1235,516,65.11000061035156,60.77000045776367,-1.0
2015-06-12,0.5096375346183777,0.5236398554903683,0.5084304072271878,0.5205013933440769,323728000,-0.027188947432494448,NVDA,1234,515,63.869998931884766,59.959999084472656,1.0
2015-06-15,0.5086718797683716,0.5110860770512061,0.5031192202619518,0.5069818898672842,306548000,-0.0018947875390088464,NVDA,1231,512,62.61000061035156,59.52000045776367,1.0
2015-06-16,0.5149486660957336,0.5156729309231772,0.5026362791471818,0.5077060753802923,256892000,0.012339558322390864,NVDA,1230,511,62.630001068115234,59.970001220703125,1.0
2015-06-17,0.520984411239624,0.5238814717955694,0.5135004148821242,0.5147074850744219,233544000,0.01172106180923338,NVDA,1229,510,63.869998931884766,59.91999816894531,-1.0
2015-06-18,0.5296756029129028,0.5330554689532893,0.523881538620951,0.5253300690836956,299404000,0.01668224899973314,NVDA,1228,509,64.26000213623047,60.45000076293945,-1.0
2015-06-19,0.5279855132102966,0.5340209782686418,0.5231571181400166,0.5296754457289936,355656000,-0.0031908014892733094,NVDA,1227,508,63.02000045776367,59.61000061035156,-1.0
2015-06-22,0.5258125066757202,0.531848026865549,0.5178456522581786,0.5289509679649933,514236000,-0.004115655600783308,NVDA,1224,505,63.34000015258789,59.68000030517578,-1.0
2015-06-23,0.5122931003570557,0.5308824119896258,0.5081889711051115,0.5267782827376816,414064000,-0.025711458261304276,NVDA,1223,504,64.44999694824219,61.0099983215332,1.0
2015-06-24,0.5072231888771057,0.5142243760426137,0.5048089923606186,0.5115687195831884,253368000,-0.00989650548956511,NVDA,1222,503,63.4900016784668,60.27000045776367,1.0
2015-06-25,0.5110859274864197,0.514224388791562,0.5072232014524763,0.5072232014524763,350460000,0.007615461386663469,NVDA,1221,502,63.20000076293945,59.70000076293945,1.0
2015-06-26,0.5007048845291138,0.5074646703643805,0.49853214761688,0.5069818079622207,421296000,-0.02031173702700262,NVDA,1220,501,63.2599983215332,59.630001068115234,1.0
2015-06-29,0.48573705554008484,0.49998083908543195,0.4850127904819305,0.4949109836783516,391724000,-0.02989351502553317,NVDA,1217,498,62.0099983215332,58.33000183105469,1.0
2015-06-30,0.4854954481124878,0.4908067044070859,0.4821155839063778,0.48863390989216005,315916000,-0.0004974037390012009,NVDA,1216,497,63.59000015258789,59.470001220703125,1.0
2015-07-01,0.4924967586994171,0.5045677464010676,0.48815122615042683,0.49756661382541706,302892000,0.014420960307967912,NVDA,1215,496,62.0099983215332,56.959999084472656,1.0
2015-07-02,0.492979496717453,0.4961179584830903,0.4898410349518157,0.49225523188238324,145764000,0.0009801851677373463,NVDA,1214,495,62.06999969482422,56.93000030517578,1.0
2015-07-06,0.4869440495967865,0.49563517137913937,0.48332278243022503,0.48887544197008925,214776000,-0.01224279541208928,NVDA,1210,491,56.540000915527344,52.529998779296875,1.0
2015-07-07,0.4777701199054718,0.4859784084274121,0.46256067035495324,0.4840470735088412,594252000,-0.018839802435025477,NVDA,1209,490,56.849998474121094,52.33000183105469,1.0
2015-07-08,0.4743902385234833,0.4780115345391432,0.4705275112616451,0.47511450348251577,332492000,-0.00707428372175567,NVDA,1208,489,57.04999923706055,51.650001525878906,1.0
2015-07-09,0.46859630942344666,0.4840472238055522,0.4656992773665581,0.4818744281782515,357588000,-0.012213423948329805,NVDA,1207,488,58.61000061035156,52.779998779296875,1.0
2015-07-10,0.4768045246601105,0.48115008644405444,0.4734246304817062,0.4746317293783846,216708000,0.017516602396555614,NVDA,1206,487,58.72999954223633,52.7400016784668,1.0
2015-07-13,0.4799429476261139,0.48259854771021116,0.47680448499990313,0.48163288018499495,212472000,0.006582200469344546,NVDA,1203,484,57.849998474121094,52.20000076293945,1.0
2015-07-14,0.48018425703048706,0.4811499531480015,0.4739073617743923,0.4806671194789942,249216000,0.0005027876866754433,NVDA,1202,483,58.5099983215332,53.040000915527344,1.0
2015-07-15,0.4768045246601105,0.4821157540495941,0.4724589628761665,0.47897729116232857,265732000,-0.007038407279899683,NVDA,1201,482,57.04999923706055,51.40999984741211,1.0
2015-07-16,0.48742687702178955,0.48742687702178955,0.47801149097152323,0.47970142320223774,282848000,0.022278212165145028,NVDA,1200,481,57.5099983215332,50.90999984741211,1.0
2015-07-17,0.48452985286712646,0.48621978522136905,0.4782529283747946,0.48573698029673057,220372000,-0.00594350515171449,NVDA,1199,480,57.52000045776367,50.88999938964844,1.0
2015-07-20,0.4755973219871521,0.4864612384662378,0.474390223353865,0.48452984611757655,188412000,-0.018435460327403064,NVDA,1196,477,56.650001525878906,50.150001525878906,1.0
2015-07-21,0.4777701199054718,0.48452987845898043,0.47463165749353886,0.47463165749353886,149720000,0.004568566343563951,NVDA,1195,476,57.040000915527344,50.36000061035156,1.0
2015-07-22,0.46859630942344666,0.47439040231673624,0.46280224530966946,0.47439040231673624,356472000,-0.019201306443860977,NVDA,1194,475,56.130001068115234,49.189998626708984,1.0
2015-07-23,0.4743902385234833,0.48139139930862473,0.468596147630726,0.4695618438359368,169916000,0.01236443604766202,NVDA,1193,474,55.27000045776367,48.45000076293945,1.0
2015-07-24,0.4688376784324646,0.4782530385606884,0.46690631439142904,0.4777702047453067,188844000,-0.011704625517381495,NVDA,1192,473,54.619998931884766,48.13999938964844,1.0
2015-07-27,0.46618208289146423,0.471493312802633,0.4608708529802954,0.4647335525613679,192420000,-0.005664211011963016,NVDA,1189,470,53.470001220703125,47.38999938964844,1.0
2015-07-28,0.47632166743278503,0.47946010138620077,0.46256071766378076,0.46738911301304364,198308000,0.021750266501944227,NVDA,1188,469,53.29999923706055,47.97999954223633,1.0
2015-07-29,0.48211562633514404,0.4859783532930656,0.47342450506957057,0.47535586854853135,232680000,0.01216396250371421,NVDA,1187,468,53.380001068115234,48.790000915527344,1.0
2015-07-30,0.4833229184150696,0.48815131436830933,0.4809086916589397,0.4809086916589397,190180000,0.0025041546342376986,NVDA,1186,467,53.310001373291016,48.52000045776367,1.0
2015-07-31,0.4816327691078186,0.4854954670973491,0.47873573842079603,0.48525406466147153,218340000,-0.003496935988041683,NVDA,1185,466,52.209999084472656,47.119998931884766,1.0
2015-08-03,0.4898412525653839,0.49032405763058806,0.4792187640841131,0.48549566162442237,397132000,0.01704303358089776,NVDA,1182,463,49.52000045776367,45.16999816894531,1.0
2015-08-04,0.49177250266075134,0.4932210327232002,0.48621984246070443,0.48815123506363983,260100000,0.003942604027841856,NVDA,1181,462,49.9900016784668,45.7400016784668,1.0
2015-08-05,0.49684250354766846,0.5043265009858596,0.4958767781835562,0.5038436383038034,234628000,0.010309646959693275,NVDA,1180,461,49.59000015258789,45.150001525878906,1.0
2015-08-06,0.4937037229537964,0.49925638121588356,0.4854954079844128,0.49563505732365687,655676000,-0.006317455876781564,NVDA,1179,460,49.52000045776367,44.65999984741211,1.0
2015-08-07,0.5547831058502197,0.5641984352621654,0.5282268773333316,0.5422292565556185,1405248000,0.12371667471128123,NVDA,1178,459,48.61000061035156,43.869998931884766,-1.0
2015-08-10,0.5740967392921448,0.578200869437983,0.5475405082512919,0.5509204309234622,662304000,0.03481294444308358,NVDA,1175,456,50.40999984741211,44.959999084472656,-1.0
2015-08-11,0.5711997151374817,0.576752375698402,0.5656470545765614,0.5656470545765614,435008000,-0.005046229940680491,NVDA,1174,455,49.18000030517578,43.08000183105469,-1.0
2015-08-12,0.5726481676101685,0.5767522974577431,0.56202571050121,0.56202571050121,384048000,0.00253580741429138,NVDA,1173,454,49.65999984741211,43.29999923706055,-1.0
2015-08-13,0.5678198933601379,0.5745796820896607,0.5663713630924532,0.573372554346917,276884000,-0.008431484676149958,NVDA,1172,453,49.220001220703125,42.22999954223633,-1.0
2015-08-14,0.5683027505874634,0.5716826161407095,0.5639571598255598,0.567337025378806,214652000,0.000850370395563349,NVDA,1171,452,49.029998779296875,42.5,-1.0
2015-08-17,0.5646811723709106,0.5673367716093245,0.5576799843143732,0.5673367716093245,273880000,-0.006372621305825166,NVDA,1168,449,49.029998779296875,41.869998931884766,-1.0
2015-08-18,0.5595417022705078,0.5668147674444135,0.555177828485454,0.5629357877914271,287084000,-0.009101543228055342,NVDA,1167,448,48.810001373291016,42.619998931884766,-1.0
2015-08-19,0.5573596358299255,0.5651175933327032,0.5512987206931611,0.5588142600868427,249248000,-0.0038997387178254517,NVDA,1166,447,47.15999984741211,40.79999923706055,-1.0
2015-08-20,0.5372377634048462,0.5537233593056201,0.5345709316317444,0.5510565853337185,426932000,-0.03610213429811304,NVDA,1165,446,46.619998931884766,41.13999938964844,1.0
2015-08-21,0.5205096006393433,0.5423287984776235,0.5200247064557943,0.5333586895908939,382664000,-0.031137354640680903,NVDA,1164,445,45.459999084472656,40.45000076293945,1.0
2015-08-24,0.5020843148231506,0.5292371080733785,0.4848713575836445,0.49141710888838036,682284000,-0.03539855133039005,NVDA,1161,442,42.689998626708984,38.2400016784668,1.0
2015-08-25,0.4916594624519348,0.5260853105632272,0.4916594624519348,0.5241457927844588,622684000,-0.020763150856221824,NVDA,1160,441,43.209999084472656,39.310001373291016,1.0
2015-08-26,0.5287525057792664,0.5292374000624329,0.5037816351208301,0.5076606159825564,614976000,0.0754445834162254,NVDA,1159,440,43.13999938964844,38.599998474121094,1.0
2015-08-27,0.5486320853233337,0.5488745034930678,0.5311767054764154,0.5343283728876974,463764000,0.037597135383347746,NVDA,1158,439,47.560001373291016,42.560001373291016,1.0
2015-08-28,0.5510565638542175,0.5544506501954678,0.5447532276197825,0.5486322082102961,320944000,0.004419133688571941,NVDA,1157,438,50.04999923706055,45.220001220703125,1.0
2015-08-31,0.5449955463409424,0.5522686697460096,0.5428136671206095,0.5483896898637028,219352000,-0.010998902673226452,NVDA,1154,435,54.150001525878906,49.20000076293945,1.0
2015-09-01,0.5226914882659912,0.538207408771767,0.5188125659407383,0.5292372997425353,353408000,-0.04092521163649665,NVDA,1153,434,49.560001373291016,45.40999984741211,1.0
2015-09-02,0.5384498238563538,0.5386922420499839,0.5280250901147768,0.5369951990921913,344044000,0.030148445008431723,NVDA,1152,433,50.5,46.25,1.0
2015-09-03,0.5399045348167419,0.5491171212597745,0.5389348040862122,0.5464502894993178,262556000,0.0027016648458897397,NVDA,1151,432,50.68000030517578,46.75,1.0
2015-09-04,0.5272976756095886,0.5391770318146223,0.5270552574629082,0.5306917608678327,287972000,-0.023350163582960826,NVDA,1150,431,49.61000061035156,46.04999923706055,1.0
2015-09-08,0.5498442649841309,0.5520262020383521,0.537964964780588,0.5401468440336209,238448000,0.04275874978678207,NVDA,1146,427,49.52000045776367,45.939998626708984,1.0
2015-09-09,0.5389347076416016,0.5561476128820837,0.5377225010944688,0.5515413782860722,289392000,-0.01984117692460452,NVDA,1145,426,47.58000183105469,44.150001525878906,1.0
2015-09-10,0.5474199652671814,0.5542081953017303,0.533358726583292,0.5357830820668035,357076000,0.015744500224733393,NVDA,1144,425,48.88999938964844,45.91999816894531,1.0
2015-09-11,0.5491169095039368,0.5527534127913795,0.5391770143958264,0.5413589510489987,301584000,0.0030998946776212843,NVDA,1143,424,48.13999938964844,44.630001068115234,1.0
2015-09-14,0.5500866770744324,0.5534807624526396,0.5471774280067225,0.5517837197635359,192460000,0.0017660493671041166,NVDA,1140,421,46.369998931884766,44.0,1.0
2015-09-15,0.5561473369598389,0.5590565849886361,0.5486318566203273,0.5503288987034054,327976000,0.011017645287537903,NVDA,1139,420,46.630001068115234,44.59000015258789,1.0
2015-09-16,0.5600264668464661,0.5631781337981276,0.5510563600614203,0.5551777573517831,173508000,0.006975003976162686,NVDA,1138,419,46.61000061035156,47.150001525878906,1.0
2015-09-17,0.5651175379753113,0.5748149550032652,0.5639053319462346,0.569723770602774,268712000,0.00909076879439863,NVDA,1137,418,49.08000183105469,46.900001525878906,1.0
2015-09-18,0.5646327137947083,0.5694814229080085,0.5539655653056822,0.557359650124758,326412000,-0.0008579174207546947,NVDA,1136,417,47.470001220703125,44.68000030517578,1.0
2015-09-21,0.5704512596130371,0.5716634660181382,0.5624508823031547,0.5653601314344511,281840000,0.010305010099794565,NVDA,1133,414,48.91999816894531,46.68000030517578,1.0
2015-09-22,0.5549353957176208,0.5619660425410826,0.5520261466041381,0.5580870629901664,228356000,-0.02719928062906085,NVDA,1132,413,49.08000183105469,45.83000183105469,1.0
2015-09-23,0.5576021671295166,0.5609962525505255,0.5532383512741027,0.5554202303012186,161632000,0.004805552921069545,NVDA,1131,412,47.75,44.47999954223633,1.0
2015-09-24,0.5682696104049683,0.5740880532196739,0.545480617862128,0.5542083109847895,382440000,0.019130921478240692,NVDA,1130,411,48.16999816894531,44.90999984741211,1.0
2015-09-25,0.572390615940094,0.5835426573784992,0.5668145952208914,0.5752998064450042,369692000,0.007251849227321916,NVDA,1129,410,48.599998474121094,45.70000076293945,1.0
2015-09-28,0.5648753643035889,0.5760274114124417,0.5612388598731171,0.5723909069819699,395584000,-0.013129585683654299,NVDA,1126,407,47.34000015258789,44.43000030517578,1.0
2015-09-29,0.5748150944709778,0.5757848248488264,0.56293573838909,0.5709361151584043,380736000,0.01759632442042003,NVDA,1125,406,48.22999954223633,45.22999954223633,1.0
2015-09-30,0.5976041555404663,0.5983314679409861,0.5767546875287447,0.5801487735303756,556380000,0.03964589880935909,NVDA,1124,405,48.369998931884766,45.09000015258789,1.0
2015-10-01,0.5859671831130981,0.5993011068804734,0.5689966400981388,0.5976040641392142,489296000,-0.019472710019634687,NVDA,1123,404,47.689998626708984,44.7400016784668,1.0
2015-10-02,0.6012405753135681,0.6012405753135681,0.5767545510916625,0.5828154670618262,386144000,0.026065268910327344,NVDA,1122,403,48.130001068115234,45.540000915527344,1.0
2015-10-05,0.6162716746330261,0.6237871581890204,0.601967962038327,0.6051196294846568,482024000,0.025000141268940013,NVDA,1119,400,49.25,46.2599983215332,1.0
2015-10-06,0.6242721080780029,0.626938881616411,0.6073016206676787,0.6097259760120107,453216000,0.012981991180660568,NVDA,1118,399,51.91999816894531,48.529998779296875,1.0
2015-10-07,0.6308179497718811,0.6371212861071496,0.6155445031907301,0.6257268201785637,310152000,0.010485558475504142,NVDA,1117,398,51.33000183105469,47.810001373291016,1.0
2015-10-08,0.6344542503356934,0.6361512928330387,0.6174837097598902,0.628150916602025,460068000,0.005764421518327456,NVDA,1116,397,53.04999923706055,49.43000030517578,1.0
2015-10-09,0.6320301294326782,0.6371212588078515,0.6201507697560776,0.6310603409601913,423248000,-0.0038207970105528233,NVDA,1115,396,52.650001525878906,49.630001068115234,1.0
2015-10-12,0.6388181447982788,0.6424547061726035,0.6281509944355634,0.6327572284414651,227588000,0.01074001863122187,NVDA,1112,393,49.86000061035156,47.099998474121094,1.0
2015-10-13,0.6400303244590759,0.6439092460281085,0.6315450534741628,0.6337269902076285,298444000,0.001897534800267664,NVDA,1111,392,49.2400016784668,46.65999984741211,1.0
2015-10-14,0.6633042097091675,0.6737289425289217,0.6400303889441623,0.6407576434607444,612148000,0.03636372271854715,NVDA,1110,391,49.150001525878906,46.63999938964844,1.0
2015-10-15,0.6650012731552124,0.6785776738395745,0.6577282075530028,0.6645163789945902,526048000,0.0025584994354084234,NVDA,1109,390,48.709999084472656,46.380001068115234,1.0
2015-10-16,0.6754260659217834,0.6817294015603633,0.6654861682604873,0.6671832690718832,448396000,0.015676350087434843,NVDA,1108,389,48.72999954223633,47.2599983215332,1.0
2015-10-19,0.6742140054702759,0.6807598185301699,0.6664561011420393,0.6776081500276596,294712000,-0.0017945124013735159,NVDA,1105,386,48.61000061035156,45.88999938964844,1.0
2015-10-20,0.673244059085846,0.676395726579212,0.6662134117697844,0.6713045980750915,264824000,-0.0014386328028789253,NVDA,1104,385,48.709999084472656,45.54999923706055,1.0
2015-10-21,0.6645163297653198,0.6814868727144366,0.6633041811553446,0.677365417157445,386280000,-0.012963693036336488,NVDA,1103,384,47.849998474121094,45.20000076293945,1.0
2015-10-22,0.6885174512863159,0.6906993881123255,0.6713045482398378,0.6722742786732256,306884000,0.03611818166977532,NVDA,1102,383,48.08000183105469,45.380001068115234,1.0
2015-10-23,0.6931236386299133,0.697729929745731,0.6841535323209659,0.6945782629613477,381776000,0.006690008125417757,NVDA,1101,382,47.9900016784668,44.599998474121094,1.0
2015-10-26,0.6899720430374146,0.6953056468692751,0.6836687088182646,0.6936086042412238,247436000,-0.004546945763858945,NVDA,1098,379,47.540000915527344,43.97999954223633,1.0
2015-10-27,0.6894871592521667,0.6938509745949769,0.686093016428675,0.6865779104895097,208268000,-0.0007027585974545003,NVDA,1097,378,46.810001373291016,43.20000076293945,1.0
2015-10-28,0.6950631141662598,0.6950631141662598,0.6836685961397587,0.6938509080310526,217036000,0.008087104798500944,NVDA,1096,377,49.04999923706055,45.939998626708984,1.0
2015-10-29,0.6710620522499084,0.6909417856462862,0.6698499036946508,0.6839111968631947,327168000,-0.03453076623860407,NVDA,1095,376,48.79999923706055,46.060001373291016,1.0
2015-10-30,0.6877899169921875,0.6926386831963084,0.6732437917833153,0.678334976067235,301160000,0.02492744849182671,NVDA,1094,375,49.560001373291016,46.59000015258789,1.0
2015-11-02,0.695790708065033,0.6965180205408864,0.6858508672303659,0.6899722660594034,190088000,0.011632608846367187,NVDA,1091,372,48.790000915527344,46.13999938964844,1.0
2015-11-03,0.6909418702125549,0.6955481624489078,0.6831839682263258,0.6916691825551995,376768000,-0.0069688166229791015,NVDA,1090,371,50.540000915527344,47.900001525878906,1.0
2015-11-04,0.6795472502708435,0.6940933781768972,0.6763955834444144,0.6890022507501307,442264000,-0.01649143065856773,NVDA,1089,370,48.58000183105469,46.31999969482422,1.0
2015-11-05,0.6717897057533264,0.6848812751675677,0.6698502439592513,0.6829417555722828,478800000,-0.011415754407696044,NVDA,1088,369,47.97999954223633,45.20000076293945,1.0
2015-11-06,0.7648847103118896,0.774339711970497,0.7229433638379833,0.7382168058245099,1172272000,0.13857759915235546,NVDA,1087,368,47.41999816894531,44.290000915527344,-1.0
2015-11-09,0.7614906430244446,0.7636725798746832,0.7508234347351779,0.7573692452858936,492568000,-0.004437357998777536,NVDA,1084,365,47.189998626708984,43.869998931884766,-1.0
2015-11-10,0.7469444870948792,0.755672176392446,0.7309437330162034,0.7515507209954215,552260000,-0.019102212302690713,NVDA,1083,364,47.439998626708984,44.209999084472656,-1.0
2015-11-11,0.7396714091300964,0.7527629139425174,0.7370045782970627,0.7474293100776297,619896000,-0.009737106425499187,NVDA,1082,363,45.810001373291016,42.93000030517578,1.0
2015-11-12,0.7370046973228455,0.744762657324464,0.7338530296847622,0.7379744278727505,291080000,-0.003605265492669485,NVDA,1081,362,44.060001373291016,41.75,1.0
2015-11-13,0.7224587202072144,0.740883835801365,0.7188221576157103,0.7377321674891285,292940000,-0.01973661384855352,NVDA,1080,361,43.61000061035156,40.7400016784668,1.0
2015-11-16,0.7370046973228455,0.7374895914983925,0.7260950696831436,0.7319135685849522,344280000,0.020133990647187572,NVDA,1077,358,43.58000183105469,41.7400016784668,1.0
2015-11-17,0.7370046973228455,0.7433080325990119,0.7338530296847622,0.7389442162238447,257048000,0.0,NVDA,1076,357,43.56999969482422,40.66999816894531,1.0
2015-11-18,0.7551348805427551,0.7561083516173672,0.7320160159034134,0.7400467751345026,350216000,0.024599820443163,NVDA,1075,356,44.13999938964844,40.75,-1.0
2015-11-19,0.7573248744010925,0.7648688958134294,0.7517276785078526,0.7578116097912011,254072000,0.002900136008501253,NVDA,1074,355,44.18000030517578,40.540000915527344,-1.0
2015-11-20,0.763895571231842,0.7682760161864568,0.7582983746925068,0.7629221583599306,239744000,0.008676193074927951,NVDA,1073,354,44.65999984741211,40.38999938964844,-1.0
2015-11-23,0.752457857131958,0.7702228600395614,0.749780957166094,0.7702228600395614,242552000,-0.014972876569293136,NVDA,1070,351,44.83000183105469,41.75,-1.0
2015-11-24,0.7585417628288269,0.7651123721656036,0.7490508568887384,0.7524578309121523,195428000,0.008085377326058074,NVDA,1069,350,46.119998931884766,42.869998931884766,-1.0
2015-11-25,0.7575680017471313,0.7660854915635621,0.75489110289998,0.7570813245134598,138300000,-0.0012837277120565371,NVDA,1068,349,46.16999816894531,43.040000915527344,-1.0
2015-11-27,0.763895571231842,0.7663291324219584,0.7551347393432879,0.7590284488516092,86996000,0.008352477229922384,NVDA,1066,347,44.86000061035156,41.709999084472656,-1.0
2015-11-30,0.7719262838363647,0.7753333157199013,0.7638955265763716,0.7646256006927957,327244000,0.010512840899931541,NVDA,1063,344,44.61000061035156,41.650001525878906,-1.0
2015-12-01,0.7969920635223389,0.7977221376727208,0.7780102516537595,0.7787403258041413,409496000,0.03247172717244551,NVDA,1062,343,44.439998626708984,41.849998474121094,-1.0
2015-12-02,0.7909082770347595,0.8064830597250884,0.7892047897108708,0.7982089618602904,294240000,-0.0076334342160093716,NVDA,1061,342,42.4900016784668,39.939998626708984,-1.0
2015-12-03,0.7892045378684998,0.8055093896404233,0.7853108289332643,0.7972352944159646,246656000,-0.00215415518553852,NVDA,1060,341,43.84000015258789,41.08000183105469,-1.0
2015-12-04,0.8213276863098145,0.8227878346304486,0.789204655338566,0.789204655338566,458756000,0.040703197840288086,NVDA,1059,340,43.0,39.970001220703125,-1.0
2015-12-07,0.8057526350021362,0.821084071165877,0.8033190746272671,0.821084071165877,333588000,-0.01896326103124102,NVDA,1056,337,40.72999954223633,37.650001525878906,-1.0
2015-12-08,0.8167039155960083,0.8201108897177738,0.7906648162072627,0.7957752773899109,314488000,0.013591368018105232,NVDA,1055,336,40.2599983215332,37.5099983215332,-1.0
2015-12-09,0.7960186004638672,0.8213276832040193,0.7877445040391292,0.8164605608340939,372676000,-0.02532780207995644,NVDA,1054,335,40.11000061035156,37.15999984741211,-1.0
2015-12-10,0.8025891184806824,0.8069695045899404,0.7957751136188022,0.7984520130177563,236596000,0.008254226739156989,NVDA,1053,334,39.72999954223633,36.7599983215332,-1.0
2015-12-11,0.790664792060852,0.8001556979850751,0.7889613050519927,0.7945585015185339,227320000,-0.014857323810224754,NVDA,1052,333,37.93000030517578,35.619998931884766,-1.0
2015-12-14,0.7926115989685059,0.796992043762191,0.783120693269528,0.7913948474284866,275892000,0.0024622405439092,NVDA,1049,330,37.91999816894531,36.310001373291016,-1.0
2015-12-15,0.8023458123207092,0.8079430084378031,0.7972353516131905,0.8016157382166822,307296000,0.012281189632944223,NVDA,1048,329,38.45000076293945,37.349998474121094,-1.0
2015-12-16,0.8072131276130676,0.8098900859756956,0.7969922037507298,0.8040494917450054,236356000,0.0060663559497868835,NVDA,1047,328,37.189998626708984,35.52000045776367,-1.0
2015-12-17,0.7950449585914612,0.8167036643053177,0.794558281307055,0.8084295702638269,254160000,-0.01507429525779369,NVDA,1046,327,37.18000030517578,34.95000076293945,-1.0
2015-12-18,0.782147228717804,0.7974786684406405,0.781173815946016,0.789447911537218,395896000,-0.01622264217171754,NVDA,1045,326,36.880001068115234,34.72999954223633,-1.0
2015-12-21,0.8006422519683838,0.801372326005435,0.7836073264854109,0.7906646701631279,284216000,0.023646472903700255,NVDA,1042,323,36.349998474121094,34.7400016784668,-1.0
2015-12-22,0.8013723492622375,0.8094031058821965,0.796505227554424,0.8030758360579056,130012000,0.0009118895387532078,NVDA,1041,322,36.11000061035156,36.13999938964844,-1.0
2015-12-23,0.8045361638069153,0.8076997994254204,0.8011291894548882,0.80258933789738,122524000,0.003947995644709268,NVDA,1040,321,37.36000061035156,37.5,-1.0
2015-12-24,0.8072131276130676,0.8091600116968594,0.8008858558769433,0.8021026656818987,52448000,0.003327338069534891,NVDA,1039,320,37.88999938964844,38.099998474121094,-1.0
2015-12-28,0.8064830303192139,0.8064830303192139,0.7875012736732179,0.7986956682683339,142024000,-0.0009044665762717452,NVDA,1035,316,36.619998931884766,36.810001373291016,-1.0
2015-12-29,0.8196242451667786,0.8220578064971988,0.8047794804367397,0.8069697030403217,203660000,0.01629447161754083,NVDA,1034,315,37.790000915527344,37.869998931884766,-1.0
2015-12-30,0.8125669360160828,0.8259515529385996,0.8123235972784294,0.8188942073605204,180344000,-0.00861042019231606,NVDA,1033,314,36.459999084472656,36.599998474121094,-1.0
2015-12-31,0.8021025061607361,0.8150003858205873,0.8021025061607361,0.8113500731730606,148528000,-0.012878237338393994,NVDA,1032,313,37.279998779296875,37.040000915527344,-1.0
2016-01-04,0.7877445220947266,0.7928549832940806,0.7797137641982123,0.7857976963104041,358076000,-0.01790043536297381,NVDA,1028,309,37.220001220703125,36.7599983215332,-1.0
2016-01-05,0.8003990650177002,0.8137836808732342,0.7909081587576312,0.8025892875440261,490272000,0.016064272829626747,NVDA,1027,308,36.41999816894531,35.970001220703125,-1.0
2016-01-06,0.7673025727272034,0.7909081095282663,0.7582983444641046,0.7872577388782703,449344000,-0.04134998869565765,NVDA,1026,307,34.22999954223633,33.970001220703125,-1.0
2016-01-07,0.7368828654289246,0.7531877153080662,0.7271485652105285,0.7480771975397927,645304000,-0.03964499583281578,NVDA,1025,306,33.75,33.27000045776367,-1.0
2016-01-08,0.7210648655891418,0.7471039639040746,0.7196047173055491,0.7463738897622783,398472000,-0.021466098048806392,NVDA,1024,305,33.54999923706055,33.15999984741211,-1.0
2016-01-11,0.722281813621521,0.7273923340042694,0.7093839303090678,0.7217951360750525,409372000,0.0016877095119380847,NVDA,1021,302,31.549999237060547,31.40999984741211,-1.0
2016-01-12,0.7344493269920349,0.7451570409943539,0.7293388666868371,0.7351794010385869,469356000,0.016845936227448455,NVDA,1020,301,30.860000610351562,30.440000534057617,-1.0
2016-01-13,0.7120607495307922,0.7449138563355947,0.7113306753332919,0.7400466756786994,481672000,-0.030483488293107874,NVDA,1019,300,30.309999465942383,30.479999542236328,-1.0
2016-01-14,0.6977025270462036,0.705733282973073,0.6770172325628946,0.697459130367352,600236000,-0.020164322347566377,NVDA,1018,299,31.030000686645508,31.200000762939453,-1.0
2016-01-15,0.6597390174865723,0.6777474155642084,0.6483012864228065,0.6697166583457053,841452000,-0.0544121715028808,NVDA,1017,298,31.010000228881836,29.420000076293945,1.0
2016-01-19,0.6650930047035217,0.6923489168234237,0.66241604642808,0.6733671022332725,457140000,0.008115310865418834,NVDA,1013,294,28.760000228881836,28.459999084472656,1.0
2016-01-20,0.6687432527542114,0.6772607462189628,0.6436775658434435,0.6524383980292606,481180000,0.005488327233748036,NVDA,1012,293,27.8799991607666,26.549999237060547,1.0
2016-01-21,0.6765305399894714,0.6869948572216719,0.6621725138768088,0.67604386264233,481456000,0.011644659147121317,NVDA,1011,292,29.25,29.530000686645508,1.0
2016-01-22,0.692348837852478,0.6969726216002202,0.6879683928217718,0.6894285411653405,257996000,0.02338149858431038,NVDA,1010,291,32.18000030517578,32.189998626708984,-1.0
2016-01-25,0.6916187405586243,0.7001362335975692,0.690158592263871,0.6921054759971003,270728000,-0.001054522307162964,NVDA,1007,288,30.5,30.34000015258789,-1.0
2016-01-26,0.6984328031539917,0.701353100222585,0.6860216566538381,0.6930790025558159,227944000,0.0098523394404606,NVDA,1006,287,31.799999237060547,31.450000762939453,-1.0
2016-01-27,0.6901585459709167,0.6996494512295287,0.6770173282409437,0.6974592289343097,231700000,-0.011846890847208136,NVDA,1005,286,33.099998474121094,32.29999923706055,-1.0
2016-01-28,0.6826146841049194,0.6981894664685157,0.6692300665285568,0.6957559049110574,276776000,-0.01093062153622193,NVDA,1004,285,33.88999938964844,33.220001220703125,-1.0
2016-01-29,0.7127906084060669,0.7142507564788362,0.6857781011424979,0.6884550005954645,310504000,0.04420638026665902,NVDA,1003,284,34.7400016784668,33.619998931884766,-1.0
2016-02-01,0.7130339741706848,0.7166842861736095,0.7059766308055238,0.7120605615046157,289884000,0.000341426727215266,NVDA,1000,281,34.689998626708984,31.6200008392334,-1.0
2016-02-02,0.6828576922416687,0.7093835177814097,0.6779905714832203,0.7057332062229014,341908000,-0.042320959480385945,NVDA,999,280,32.720001220703125,29.8799991607666,-1.0
2016-02-03,0.6862646341323853,0.6923485638156304,0.6704465213931241,0.6882115171601112,326772000,0.004989241432621583,NVDA,998,279,35.040000915527344,32.279998779296875,-1.0
2016-02-04,0.6865084171295166,0.7020832000132913,0.6796944097286435,0.68723843340252,348140000,0.0003552317648418679,NVDA,997,278,34.459999084472656,31.719999313354492,-1.0
2016-02-05,0.6431906223297119,0.6894283295751157,0.641243797149565,0.6818843094762232,600428000,-0.0630987089436259,NVDA,996,277,34.060001373291016,30.889999389648438,1.0
2016-02-08,0.6137445569038391,0.6366200138278458,0.604740330902894,0.633456379399548,608852000,-0.04578124183343302,NVDA,993,274,32.880001068115234,29.690000534057617,1.0
2016-02-09,0.6203153729438782,0.6461111343263876,0.6035237825687333,0.6064440793368204,425372000,0.010706108862597263,NVDA,992,273,30.31999969482422,27.940000534057617,1.0
2016-02-10,0.6188550591468811,0.6422172529850939,0.6154480858418769,0.6242089157837895,335800000,-0.0023541473590550366,NVDA,991,272,30.84000015258789,27.450000762939453,1.0
2016-02-11,0.6156916618347168,0.6220189335662548,0.6030371183716408,0.6030371183716408,340144000,-0.005111693385079885,NVDA,990,271,30.059999465942383,26.209999084472656,1.0
2016-02-12,0.6261557340621948,0.6273725433835509,0.6023068051537059,0.6254256600735136,340816000,0.016995637388194984,NVDA,989,270,33.36000061035156,29.440000534057617,1.0
2016-02-16,0.6568185687065125,0.6577920393113958,0.6332130379409265,0.6351598631093768,485352000,0.04896998139008013,NVDA,985,266,32.18000030517578,29.040000915527344,1.0
2016-02-17,0.6731234788894653,0.6794507477443238,0.6624157663563239,0.6650927234999385,771468000,0.02482407008538523,NVDA,984,265,34.5,30.65999984741211,1.0
2016-02-18,0.7310422658920288,0.7539177812291074,0.7276352927633126,0.7283653667224175,1068660000,0.08604481765829841,NVDA,983,264,34.279998779296875,30.770000457763672,1.0
2016-02-19,0.7407767176628113,0.7473473851545828,0.7215515666795757,0.7271487632698933,525628000,0.01331585357640619,NVDA,982,263,33.0099983215332,29.639999389648438,1.0
2016-02-22,0.7670592665672302,0.7755767604090671,0.7500243369042366,0.7514844853366293,449668000,0.03547971781205783,NVDA,979,260,34.689998626708984,31.479999542236328,1.0
2016-02-23,0.7690057158470154,0.7763063958620021,0.7573245930106484,0.7609749620284653,369380000,0.0025375474420588073,NVDA,978,259,33.27000045776367,31.8700008392334,1.0
2016-02-24,0.7743598818778992,0.7755766914702943,0.7446704124674209,0.7658424468138326,336852000,0.006962452840791222,NVDA,977,258,34.40999984741211,32.150001525878906,1.0
2016-02-25,0.7760633826255798,0.7799570921612109,0.7621920895466935,0.7772801922395102,349616000,0.002199882493330474,NVDA,976,257,35.290000915527344,33.06999969482422,1.0
2016-02-26,0.7709529995918274,0.7816606583839583,0.763165579731724,0.7797138324292733,361964000,-0.006585007292140177,NVDA,975,256,35.099998474121094,32.779998779296875,1.0
2016-02-29,0.7659457325935364,0.7820657606502548,0.7654572821869974,0.7720518285316464,323344000,-0.0064949056569493235,NVDA,972,253,35.970001220703125,33.75,1.0
2016-03-01,0.7998956441879272,0.7998956441879272,0.7666785664635061,0.7678998091032815,348700000,0.04432417356701568,NVDA,971,252,35.959999084472656,34.400001525878906,1.0
2016-03-02,0.8045363426208496,0.8074672788362631,0.7940338988250358,0.7954993669327426,233812000,0.005801629833393607,NVDA,970,251,36.93000030517578,34.65999984741211,1.0
2016-03-03,0.7974531650543213,0.8069785891549623,0.7867064401616206,0.8035592031582168,302004000,-0.008804049228471444,NVDA,969,250,37.06999969482422,34.56999969482422,1.0
2016-03-04,0.7950108051300049,0.8042920047932183,0.7889047082797432,0.8035592708419047,175304000,-0.0030627001450925784,NVDA,968,249,38.720001220703125,35.91999816894531,1.0
2016-03-07,0.7898816466331482,0.7959877433223265,0.7796234298174324,0.7906143805651318,239968000,-0.006451684007009129,NVDA,965,246,40.84000015258789,37.900001525878906,1.0
2016-03-08,0.7754711508750916,0.7864620993718544,0.7730287243460378,0.7818214714970397,274940000,-0.018243867064744457,NVDA,964,245,39.650001525878906,36.5,1.0
2016-03-09,0.7749829292297363,0.7835313954883182,0.7649689367427503,0.7823102109794032,222788000,-0.0006295806682224958,NVDA,963,244,41.06999969482422,38.290000915527344,1.0
2016-03-10,0.7737616300582886,0.7840198470525135,0.7581301084454187,0.7796234433841079,286084000,-0.0015759046107785002,NVDA,962,243,40.04999923706055,37.84000015258789,1.0
2016-03-11,0.7869506478309631,0.7871949312767474,0.7759597561962397,0.7852409548707183,277400000,0.017045324115749994,NVDA,961,242,40.38999938964844,38.5,1.0
2016-03-14,0.7889045476913452,0.7920797080900208,0.779623291685357,0.7832869606961532,190312000,0.0024828747085570146,NVDA,958,239,39.529998779296875,37.18000030517578,1.0
2016-03-15,0.7849969267845154,0.7898817816781937,0.7710750961607387,0.7847527015094505,226216000,-0.004953223958798492,NVDA,957,238,38.7400016784668,36.34000015258789,1.0
2016-03-16,0.8084442615509033,0.8111309725701086,0.7754714611019107,0.7791351314771611,363644000,0.029869333199089576,NVDA,956,237,40.33000183105469,38.459999084472656,1.0
2016-03-17,0.8016053438186646,0.8094210754949992,0.7906143928994955,0.8055132387728592,353680000,-0.00845935589810376,NVDA,955,236,41.540000915527344,40.20000076293945,1.0
2016-03-18,0.825785219669342,0.8365318849123673,0.8060015237240908,0.8111306602746595,545512000,0.030164314693175598,NVDA,954,235,41.20000076293945,39.439998626708984,1.0
2016-03-21,0.8282277584075928,0.8284719836276351,0.8096653023472146,0.8184580508212937,337780000,0.0029578378010068906,NVDA,951,232,41.540000915527344,39.90999984741211,1.0
2016-03-22,0.826762318611145,0.8326241317149509,0.8165041020054453,0.8255411342375428,242012000,-0.001769368125580928,NVDA,950,231,41.790000915527344,41.45000076293945,1.0
2016-03-23,0.8409283757209778,0.8470344136587517,0.8267622652169366,0.8304259345652399,429008000,0.01713437682262775,NVDA,949,230,40.470001220703125,39.790000915527344,1.0
2016-03-24,0.8421493172645569,0.8436147845814544,0.8306699203355793,0.8333565715952035,244956000,0.0014518971874772912,NVDA,948,229,40.439998626708984,39.459999084472656,1.0
2016-03-28,0.8506983518600464,0.8543619641341416,0.8397073985736265,0.8406843579645807,265388000,0.010151447516763668,NVDA,944,225,40.27000045776367,39.38999938964844,1.0
2016-03-29,0.8643758296966553,0.8663297481884676,0.8450806371037602,0.8470345555955725,261812000,0.01607794091372483,NVDA,943,224,39.13999938964844,38.279998779296875,1.0
2016-03-30,0.8734127879142761,0.8853806985857765,0.8670624655893144,0.867550974318949,376700000,0.010454894627019318,NVDA,942,223,39.2599983215332,38.31999969482422,1.0
2016-03-31,0.8702377676963806,0.8792747439178263,0.8633989937662271,0.8773208251469444,379884000,-0.003635188609360185,NVDA,941,222,39.599998474121094,38.34000015258789,1.0
2016-04-01,0.8829381465911865,0.8834266552517663,0.8582695947568644,0.8648641413984215,348292000,0.014594148135428808,NVDA,940,221,39.65999984741211,36.790000915527344,1.0
2016-04-04,0.8743897080421448,0.89490614205646,0.8709703217837772,0.8902655131446441,393940000,-0.00968180906221483,NVDA,937,218,37.689998626708984,35.70000076293945,1.0
2016-04-05,0.8731686472892761,0.8812286636010149,0.8631546541016855,0.8665740990764103,339568000,-0.0013964720097205952,NVDA,936,217,37.869998931884766,35.88999938964844,1.0
2016-04-06,0.8743897080421448,0.874878216749935,0.8458133170897008,0.8621775726679356,453376000,0.001398424870910464,NVDA,935,216,39.84000015258789,37.75,1.0
2016-04-07,0.8653528094291687,0.8765879866032205,0.8616891976122727,0.868772195986821,378104000,-0.010335092613579233,NVDA,934,215,39.43000030517578,37.2599983215332,1.0
2016-04-08,0.8709703683853149,0.8780534247509538,0.8624218440499497,0.8724358363550413,255936000,0.006491640051243142,NVDA,933,214,41.939998626708984,39.720001220703125,1.0
2016-04-11,0.8763437867164612,0.8907541256061391,0.873412850592438,0.8760995032180848,387524000,0.006169461701788892,NVDA,930,211,42.83000183105469,40.36000061035156,1.0
2016-04-12,0.8753668665885925,0.880495946803079,0.8582698160761759,0.879274703952736,292764000,-0.0011147681340094584,NVDA,929,210,44.689998626708984,42.16999816894531,1.0
2016-04-13,0.8973487019538879,0.8975929272279051,0.8792746923391594,0.8792746923391594,350716000,0.0251115688796415,NVDA,928,209,44.18000030517578,41.7599983215332,1.0
2016-04-14,0.8997909426689148,0.9036988374025544,0.8912424192995749,0.8949060888098781,416564000,0.0027216183738931754,NVDA,927,208,43.84000015258789,41.5,1.0
2016-04-15,0.9068740010261536,0.9149340157415838,0.8966157845977737,0.8995467202150399,436972000,0.007871893371397265,NVDA,926,207,43.099998474121094,40.36000061035156,1.0
2016-04-18,0.9029660224914551,0.9051642240004267,0.8941732746876148,0.9051642240004267,307320000,-0.004309285005719143,NVDA,923,204,42.90999984741211,39.779998779296875,1.0
2016-04-19,0.8868463039398193,0.9080954179099959,0.8812287147229596,0.9063857244394821,309152000,-0.01785196579950854,NVDA,922,203,44.029998779296875,41.08000183105469,1.0
2016-04-20,0.8902654051780701,0.8956387673838918,0.8844035925557496,0.8853805516207951,200172000,0.0038553481286005553,NVDA,921,202,45.79999923706055,42.630001068115234,1.0
2016-04-21,0.8892884850502014,0.8946618474912938,0.8853805903868661,0.8905096693769654,178280000,-0.0010973358306259895,NVDA,920,201,44.529998779296875,43.18000030517578,1.0
2016-04-22,0.8858694434165955,0.8983258079055327,0.8829385067217523,0.8922197674340402,223540000,-0.003844693472459526,NVDA,919,200,45.11000061035156,43.72999954223633,1.0
2016-04-25,0.8902654051780701,0.8951502587353452,0.8836708586989536,0.886113285477591,191972000,0.004962313345542757,NVDA,916,197,44.47999954223633,42.63999938964844,1.0
2016-04-26,0.8909983038902283,0.9058971507589829,0.8870904086749474,0.8956389330978779,214536000,0.0008232362033786522,NVDA,915,196,45.7400016784668,44.040000915527344,1.0
2016-04-27,0.911270260810852,0.9117587694452945,0.8870902189308448,0.8887999118033246,352396000,0.022751959046513948,NVDA,914,195,47.18000030517578,45.33000183105469,1.0
2016-04-28,0.8841593861579895,0.9110261412961245,0.8819612426281107,0.9056527786220869,381224000,-0.029750641295743785,NVDA,913,194,48.13999938964844,46.029998779296875,1.0
2016-04-29,0.8677952289581299,0.8824497925587956,0.8582697451480793,0.8804958740381973,321904000,-0.018508153005046046,NVDA,912,193,48.130001068115234,45.91999816894531,1.0
2016-05-02,0.8792745471000671,0.8846479098653133,0.8719472660013061,0.8760993861340653,256076000,0.013228141569433749,NVDA,909,190,48.099998474121094,44.779998779296875,1.0
2016-05-03,0.8687719702720642,0.8729240897607498,0.8612004651141134,0.8692604788956927,224024000,-0.011944593258887637,NVDA,908,189,46.75,43.650001525878906,1.0
2016-05-04,0.84898841381073,0.8590023465895441,0.840195665360821,0.8582696126993808,525764000,-0.022771863202652343,NVDA,907,188,44.619998931884766,43.779998779296875,1.0
2016-05-05,0.854117751121521,0.8641317451609279,0.847767427640938,0.8560717281635831,246884000,0.006041704724529362,NVDA,906,187,45.0099983215332,44.31999969482422,1.0
2016-05-06,0.862910270690918,0.8651084724363816,0.8509423610527967,0.8526520541108066,183240000,0.010294270968905339,NVDA,905,186,45.369998931884766,44.65999984741211,1.0
2016-05-09,0.8616892099380493,0.8687722084139143,0.8546061532301236,0.8651085965446131,333336000,-0.001415049506701238,NVDA,902,183,43.630001068115234,43.439998626708984,1.0
2016-05-10,0.8782975673675537,0.8797630351994021,0.858758151561716,0.8670623916327865,269676000,0.019274185214293693,NVDA,901,182,45.52000045776367,44.65999984741211,1.0
2016-05-11,0.8807400465011597,0.8905097549826457,0.876099417502837,0.880984329975636,328176000,0.002780924397782991,NVDA,900,181,47.599998474121094,46.22999954223633,1.0
2016-05-12,0.8687719702720642,0.8909980935863776,0.8531404513325341,0.8870901992934839,670540000,-0.013588659078964338,NVDA,899,180,48.08000183105469,46.70000076293945,1.0
2016-05-13,1.00090754032135,1.001395990776784,0.9525474513102501,0.9571880217971341,2110256000,0.15209465149745371,NVDA,898,179,47.83000183105469,46.209999084472656,1.0
2016-05-16,1.030461072921753,1.0453599791094539,0.9901609915618352,0.993336153016378,973032000,0.029526735897018375,NVDA,895,176,48.970001220703125,47.720001220703125,1.0
2016-05-17,1.0326588153839111,1.039986035703203,1.0126308391521082,1.0258199288980872,628392000,0.0021327758223090854,NVDA,894,175,49.279998779296875,48.310001373291016,1.0
2016-05-18,1.059037685394287,1.0710056571998385,1.0258205977581534,1.0258205977581534,541072000,0.025544613203702937,NVDA,893,174,48.93000030517578,48.189998626708984,1.0
2016-05-19,1.0636776685714722,1.071249230834434,1.0534195130906123,1.0548848640472446,398880000,0.004381320175077308,NVDA,892,173,48.810001373291016,48.15999984741211,1.0
2016-05-20,1.0827287435531616,1.087125146282136,1.068562634624745,1.0702723273864432,391084000,0.01791057154304565,NVDA,891,172,48.720001220703125,47.75,1.0
2016-05-23,1.084438443183899,1.09152143946093,1.0778438972807085,1.0873693783551137,413636000,0.0015790655239524831,NVDA,888,169,48.349998474121094,48.08000183105469,1.0
2016-05-24,1.1107630729675293,1.1141914560474833,1.0848060993662347,1.087744646711016,415788000,0.024274895407010444,NVDA,887,168,48.61000061035156,48.619998931884766,1.0
2016-05-25,1.1061102151870728,1.1188437223518084,1.0972945754962564,1.1141911598537213,458076000,-0.0041888841047136305,NVDA,886,167,49.7400016784668,49.560001373291016,1.0
2016-05-26,1.1178642511367798,1.1259451955609836,1.1048857681756803,1.1080691740629889,309964000,0.010626459993156478,NVDA,885,166,49.59000015258789,49.47999954223633,1.0
2016-05-27,1.1239861249923706,1.1257002575222304,1.1154153455765505,1.119088586797554,277416000,0.005476401852340551,NVDA,884,165,49.31999969482422,49.33000183105469,1.0
2016-05-31,1.1440659761428833,1.1465148035798476,1.128148948102172,1.128883643039869,412524000,0.0178648567842854,NVDA,880,161,49.689998626708984,49.099998474121094,1.0
2016-06-01,1.1462700366973877,1.1572894107534717,1.1352505458747753,1.138678811149983,387132000,0.0019265152538974206,NVDA,879,160,49.709999084472656,49.0099983215332,1.0
2016-06-02,1.1543511152267456,1.1641461933704704,1.141127654642829,1.152392006184767,329208000,0.007049890750560728,NVDA,878,159,50.040000915527344,49.16999816894531,1.0
2016-06-03,1.1381893157958984,1.1445561294292035,1.1181094369625904,1.1430869725291146,461076000,-0.01400076564024677,NVDA,877,158,49.63999938964844,48.619998931884766,1.0
2016-06-06,1.1323118209838867,1.149942980168345,1.1264347290002308,1.1411273421928607,322512000,-0.005163899125078086,NVDA,874,155,50.54999923706055,49.689998626708984,1.0
2016-06-07,1.1345162391662598,1.145535733760297,1.1340265201783462,1.1391689198511452,193400000,0.001946829611350065,NVDA,873,154,51.439998626708984,50.36000061035156,1.0
2016-06-08,1.130842924118042,1.1389238699001203,1.1215375643043641,1.1347609088993016,234616000,-0.003237780933763701,NVDA,872,153,52.5099983215332,51.22999954223633,1.0
2016-06-09,1.160227656364441,1.161941788557575,1.124475622888792,1.126924449888411,472168000,0.02598480444958029,NVDA,871,152,51.95000076293945,50.560001373291016,1.0
2016-06-10,1.131332516670227,1.1567997652037303,1.1298632433497147,1.1465149687266782,400024000,-0.024904715497608865,NVDA,870,151,50.540000915527344,49.06999969482422,1.0
2016-06-13,1.145780086517334,1.1680639253440328,1.1325567455593202,1.1325567455593202,475588000,0.012770400951286565,NVDA,867,148,50.349998474121094,48.880001068115234,1.0
2016-06-14,1.147984504699707,1.1533717635964709,1.1303533375861785,1.1430869647663138,298344000,0.0019239452738906149,NVDA,866,147,49.83000183105469,48.4900016784668,1.0
2016-06-15,1.159738302230835,1.169778239198996,1.1448008264904102,1.1575344506516034,301036000,0.010238637789107274,NVDA,865,146,48.970001220703125,48.0099983215332,1.0
2016-06-16,1.1643909215927124,1.1663499136473883,1.1399032289929425,1.1511675792654896,246456000,0.004011783824788617,NVDA,864,145,47.189998626708984,46.209999084472656,1.0
2016-06-17,1.1440659761428833,1.1661049560094865,1.1394132974258662,1.165860096619094,471000000,-0.017455431052337267,NVDA,863,144,49.16999816894531,47.97999954223633,1.0
2016-06-20,1.1646356582641602,1.1795731316607978,1.1616971121085717,1.1624318070307271,293768000,0.01797945446347926,NVDA,860,141,50.650001525878906,49.369998931884766,1.0
2016-06-21,1.1575342416763306,1.1727165740994483,1.1558199924873118,1.1695331686338655,212508000,-0.006097543499925084,NVDA,859,140,50.619998931884766,48.849998474121094,1.0
2016-06-22,1.1565545797348022,1.1675740681488844,1.1545955881152217,1.1599828442606939,202620000,-0.0008463351720028323,NVDA,858,139,49.880001068115234,49.130001068115234,1.0
2016-06-23,1.187409520149231,1.1886339341556253,1.1668398085546823,1.1675745036651375,297880000,0.026678326258933405,NVDA,857,138,50.90999984741211,50.11000061035156,1.0
2016-06-24,1.1198233366012573,1.1597383432278057,1.109293680413605,1.1386789140859623,1017684000,-0.056919017745014844,NVDA,856,137,48.40999984741211,47.63999938964844,1.0
2016-06-27,1.1078248023986816,1.119089157669608,1.0914179301483435,1.1105183738816422,449088000,-0.010714667046493265,NVDA,853,134,47.15999984741211,46.33000183105469,1.0
2016-06-28,1.1239861249923706,1.1301079601610005,1.1085588154571115,1.1288836631871872,381920000,0.014588337938179485,NVDA,852,133,48.58000183105469,47.849998474121094,1.0
2016-06-29,1.14235258102417,1.1511682253678552,1.130843364880965,1.1337819129955267,318932000,0.01634046508529985,NVDA,851,132,50.61000061035156,49.880001068115234,1.0
2016-06-30,1.151167392730713,1.1582687815656543,1.1350055065570785,1.1443107465006028,430940000,0.007716366954447773,NVDA,850,131,49.68000030517578,48.33000183105469,1.0
2016-07-01,1.1425973176956177,1.1597387686760754,1.1386793318086124,1.1448012869278172,218488000,-0.007444681884852478,NVDA,849,130,49.84000015258789,48.9900016784668,1.0
2016-07-05,1.1594935655593872,1.1614525579223784,1.1271697828871141,1.1362301663534045,371084000,0.014787578792715639,NVDA,845,126,47.959999084472656,46.599998474121094,1.0
2016-07-06,1.1668397188186646,1.1736963666672333,1.1455354305186172,1.1514125238840942,273104000,0.006335656770749987,NVDA,844,125,48.79999923706055,47.43000030517578,1.0
2016-07-07,1.197204351425171,1.2013673114805743,1.169288395090447,1.174675652132861,395400000,0.026022967950772413,NVDA,843,124,46.400001525878906,45.13999938964844,1.0
2016-07-08,1.2452006340026855,1.2510777282002594,1.2052856222383634,1.2099383023503505,481932000,0.040090300808194534,NVDA,842,123,46.7599983215332,45.40999984741211,1.0
2016-07-11,1.2738513946533203,1.2831566388528162,1.2616074863541304,1.2630767600206958,448776000,0.023008951223014718,NVDA,839,120,46.25,44.7599983215332,1.0
2016-07-12,1.2929514646530151,1.3047055338471745,1.2718919203956236,1.2880539260915713,436760000,0.01499395461657671,NVDA,838,119,48.470001220703125,46.79999923706055,1.0
2016-07-13,1.2924622297286987,1.3027471472241898,1.2905032367469904,1.2954007775845533,324604000,-0.0003783861480428641,NVDA,837,118,46.2599983215332,44.75,1.0
2016-07-14,1.3056854009628296,1.317439590789682,1.2885440687429501,1.2993187038287088,316892000,0.010230992387999294,NVDA,836,117,47.369998931884766,45.68000030517578,1.0
2016-07-15,1.2905031442642212,1.2963802395547537,1.2694437084952477,1.2890338704415882,428616000,-0.011627806121913276,NVDA,835,116,47.61000061035156,45.95000076293945,1.0
2016-07-18,1.297114610671997,1.3083789636666117,1.2922170709685368,1.306419971138539,252992000,0.005123169546049633,NVDA,832,113,46.959999084472656,45.2400016784668,1.0
2016-07-19,1.310583233833313,1.3157256341895882,1.2939315015988135,1.2963803303969927,382652000,0.010383525904729574,NVDA,831,112,46.65999984741211,44.650001525878906,1.0
2016-07-20,1.3277238607406616,1.334825367057349,1.3096029810047212,1.3149902380163463,296460000,0.013078625198961413,NVDA,830,111,47.16999816894531,44.939998626708984,1.0
2016-07-21,1.303236722946167,1.3289488387071642,1.2988289016471632,1.324785876908121,361308000,-0.018442944740659106,NVDA,829,110,46.20000076293945,44.75,1.0
2016-07-22,1.3387441635131836,1.3387441635131836,1.298339419484946,1.3078896423249469,315768000,0.027245580132783997,NVDA,828,109,45.689998626708984,44.189998626708984,1.0
2016-07-25,1.3634761571884155,1.366659563466654,1.3409474537988106,1.3468245474714184,312528000,0.01847402539580778,NVDA,825,106,44.720001220703125,43.130001068115234,1.0
2016-07-26,1.3867394924163818,1.3938408829747442,1.3735161490227206,1.3754751412353854,514508000,0.01706178366619704,NVDA,824,105,44.869998931884766,42.91999816894531,1.0
2016-07-27,1.3727822303771973,1.4011880422093816,1.3644564211895858,1.3987392129836465,446676000,-0.010064804612194389,NVDA,823,104,43.470001220703125,41.91999816894531,1.0
2016-07-28,1.375719428062439,1.3860042204730842,1.371556469172517,1.3759642873912892,221916000,0.0021395947734803578,NVDA,822,103,42.70000076293945,41.13999938964844,1.0
2016-07-29,1.398248553276062,1.4019216778772354,1.356129699765262,1.3808622511218354,409588000,0.016376249948983457,NVDA,821,102,42.459999084472656,41.599998474121094,1.0
2016-08-01,1.3891880512237549,1.4092680403106135,1.3801276694458224,1.4041256425285666,301120000,-0.006479893743554066,NVDA,818,99,42.45000076293945,40.060001373291016,1.0
2016-08-02,1.3722916841506958,1.3965345183944784,1.3590683412480025,1.395799823362921,282748000,-0.012162764471069898,NVDA,817,98,41.79999923706055,39.5099983215332,1.0
2016-08-03,1.3759652376174927,1.3786589256280548,1.362986750093718,1.370577978362939,299828000,0.002676947990886136,NVDA,816,97,43.099998474121094,40.83000183105469,1.0
2016-08-04,1.401431918144226,1.4077987295424865,1.3798827732090109,1.3825763433468363,272712000,0.018508229590763037,NVDA,815,96,44.290000915527344,41.93000030517578,1.0
2016-08-05,1.4251854419708252,1.4259200203747266,1.41073768246176,1.4175942146310638,371588000,0.016949466841067462,NVDA,814,95,44.27000045776367,41.79999923706055,1.0
2016-08-08,1.4384084939956665,1.4482035713158838,1.423226042412757,1.444775305930461,305064000,0.009278127347803755,NVDA,811,92,45.38999938964844,43.02000045776367,1.0
2016-08-09,1.4420819282531738,1.4560399689746568,1.4384088026615152,1.4455101943742628,372344000,0.0025538185243214606,NVDA,810,91,44.97999954223633,42.77000045776367,1.0
2016-08-10,1.4327764511108398,1.4570192882216588,1.4281237712491819,1.45481543639942,375740000,-0.006452807541667105,NVDA,809,90,44.04999923706055,41.709999084472656,1.0
2016-08-11,1.4619168043136597,1.4680387575484217,1.4374291081411574,1.440367655035167,681064000,0.02033838089691331,NVDA,808,89,46.040000915527344,43.4900016784668,1.0
2016-08-12,1.5437061786651611,1.552031985650596,1.484690834487083,1.515790210121863,1425744000,0.05594666817575833,NVDA,807,88,46.970001220703125,44.4900016784668,1.0
2016-08-15,1.542236089706421,1.5549697113418561,1.5214215248613066,1.5454194951152798,573304000,-0.0009523113783294068,NVDA,804,85,48.349998474121094,45.7400016784668,1.0
2016-08-16,1.5329314470291138,1.5424815502110052,1.5282787667901343,1.540032838739549,287652000,-0.006033215497556088,NVDA,803,84,49.22999954223633,46.58000183105469,1.0
2016-08-17,1.4974240064620972,1.5363595780091,1.4854250760976326,1.5329313121906816,595212000,-0.02316309749912926,NVDA,802,83,49.849998474121094,46.790000915527344,1.0
2016-08-18,1.520687460899353,1.523136172244447,1.4893431149629823,1.4952202090176898,331684000,0.015535649446558164,NVDA,801,82,50.88999938964844,48.220001220703125,1.0
2016-08-19,1.5246055126190186,1.5361147250087592,1.5133411596978705,1.5199528324160927,291560000,0.002576500313449248,NVDA,800,81,50.880001068115234,48.52000045776367,1.0
2016-08-22,1.5309721231460571,1.533176091604665,1.5111371076178306,1.5292579903263293,244748000,0.004175906799721352,NVDA,797,78,49.15999984741211,47.04999923706055,1.0
2016-08-23,1.543360948562622,1.5534193858965284,1.538945006447115,1.5465502205935384,339764000,0.008092129980202811,NVDA,796,77,49.959999084472656,48.099998474121094,1.0
2016-08-24,1.5195643901824951,1.549494514977063,1.5124499127300859,1.548758582957182,298448000,-0.015418660425669972,NVDA,795,76,49.04999923706055,46.77000045776367,1.0
2016-08-25,1.5095059871673584,1.5207910972836567,1.490615778068271,1.5200551652459904,406032000,-0.006619267390129302,NVDA,794,75,49.66999816894531,47.33000183105469,1.0
2016-08-26,1.5217723846435547,1.5303588429167936,1.501410078473622,1.5134312370378769,300024000,0.008126100578915052,NVDA,793,74,49.91999816894531,47.63999938964844,1.0
2016-08-29,1.5207910537719727,1.5340387659247405,1.5183378300682153,1.5279056481744862,274652000,-0.0006448604807688385,NVDA,790,71,49.2599983215332,46.97999954223633,1.0
2016-08-30,1.5119589567184448,1.5269239573124342,1.5077883252504327,1.5188281219771025,285544000,-0.005807567733661978,NVDA,789,70,48.369998931884766,46.349998474121094,1.0
2016-08-31,1.5048445463180542,1.5190736167802998,1.5004287206773352,1.5149031017883197,388544000,-0.0047054256127637695,NVDA,788,69,47.040000915527344,44.70000076293945,1.0
2016-09-01,1.5492491722106934,1.5548916685247316,1.5048446657761405,1.5060713360989213,428492000,0.02950778271502208,NVDA,787,68,47.04999923706055,43.15999984741211,1.0
2016-09-02,1.5340389013290405,1.5541558989877762,1.5166206722479216,1.55243860714905,323148000,-0.009817833796192166,NVDA,786,67,46.83000183105469,44.439998626708984,1.0
2016-09-06,1.5485131740570068,1.5485131740570068,1.531585567577493,1.539436094126588,306812000,0.009435401354832784,NVDA,782,63,47.2599983215332,44.83000183105469,1.0
2016-09-07,1.5256978273391724,1.5512120124539692,1.5168660570203711,1.5436067956643498,397988000,-0.014733711730756327,NVDA,781,62,47.97999954223633,45.5,1.0
2016-09-08,1.5367374420166016,1.5391907827415685,1.5068074338550408,1.5242256616790637,315808000,0.007235780558646043,NVDA,780,61,49.9900016784668,47.619998931884766,1.0
2016-09-09,1.4601948261260986,1.5283960986043295,1.4474377367443132,1.5198096411287851,697760000,-0.04980851887753768,NVDA,779,60,48.0099983215332,45.880001068115234,1.0
2016-09-12,1.490370273590088,1.4933142355524662,1.4062226319043274,1.4408140094896926,598260000,0.020665357063375467,NVDA,776,57,48.31999969482422,46.290000915527344,1.0
2016-09-13,1.4687813520431519,1.5038633494777949,1.4604402048237024,1.4866903167447767,471768000,-0.01448560933447196,NVDA,775,56,47.099998474121094,44.900001525878906,1.0
2016-09-14,1.4817837476730347,1.4866903117256587,1.4599495785824579,1.4722159302231606,319048000,0.008852505930713184,NVDA,774,55,45.849998474121094,43.58000183105469,1.0
2016-09-15,1.5379638671875,1.539681158628506,1.480802277415098,1.4842369772788158,515212000,0.037913845122602874,NVDA,773,54,46.59000015258789,43.90999984741211,1.0
2016-09-16,1.5416438579559326,1.5517022965994283,1.523980204175829,1.5433611495052681,902444000,0.0023927680272244345,NVDA,772,53,45.77000045776367,43.029998779296875,1.0
2016-09-19,1.5620059967041016,1.6010131938657406,1.5507208890168647,1.557835365109855,417128000,0.01320806919385853,NVDA,769,50,45.95000076293945,43.29999923706055,1.0
2016-09-20,1.5477770566940308,1.5799150910709274,1.5391905991443025,1.5799150910709274,331112000,-0.009109401654087468,NVDA,768,49,45.880001068115234,43.439998626708984,1.0
2016-09-21,1.5911999940872192,1.5941439554329144,1.5521927987109958,1.5524381093261879,336212000,0.028055033640269622,NVDA,767,48,46.83000183105469,45.34000015258789,1.0
2016-09-22,1.595125675201416,1.6054295429945646,1.5860485948147087,1.6005229782774515,308732000,0.0024671198647463477,NVDA,766,47,47.650001525878906,46.31999969482422,1.0
2016-09-23,1.593408226966858,1.601749374468886,1.5862937497691125,1.5970882378797058,276132000,-0.0010766852175088104,NVDA,765,46,45.88999938964844,44.47999954223633,1.0
2016-09-26,1.5784430503845215,1.5848215948887743,1.5585714849589827,1.575253778132395,230040000,-0.009391928778241243,NVDA,762,43,47.349998474121094,45.93000030517578,1.0
2016-09-27,1.632415533065796,1.6348688738289787,1.5715741561086127,1.5723100881485317,402752000,0.03419349381539383,NVDA,761,42,45.970001220703125,44.66999816894531,1.0
2016-09-28,1.6383031606674194,1.6395298308269,1.6174502358830725,1.6348685778062382,319788000,0.003606696629850248,NVDA,760,41,48.689998626708984,47.04999923706055,1.0
2016-09-29,1.6535139083862305,1.658665901016566,1.620394624229707,1.6356049404753443,336684000,0.009284452404165755,NVDA,759,40,49.2400016784668,47.83000183105469,1.0
2016-09-30,1.6809909343719482,1.697427922292051,1.6527780961362843,1.6625912267447558,429932000,0.016617354015808994,NVDA,758,39,49.060001373291016,48.2400016784668,1.0
2016-10-03,1.679273247718811,1.7052781682113252,1.676329402608423,1.680990656423981,242596000,-0.0010218298136027704,NVDA,755,36,49.099998474121094,48.810001373291016,1.0
2016-10-04,1.6755932569503784,1.7099392064200132,1.66308147727141,1.6817264914582428,281624000,-0.002191418682713886,NVDA,754,35,50.869998931884766,48.689998626708984,1.0
2016-10-05,1.6738759279251099,1.7069953233385307,1.6687240531670353,1.6898222904965663,305440000,-0.0010249080545919886,NVDA,753,34,51.86000061035156,49.83000183105469,1.0
2016-10-06,1.6520416736602783,1.6640627141442286,1.6255461352958243,1.6537589651579856,360212000,-0.01304412943670008,NVDA,752,33,52.5099983215332,50.439998626708984,1.0
2016-10-07,1.640020728111267,1.6674975126067269,1.6353594743061228,1.6630815694784231,286260000,-0.007276417865644702,NVDA,751,32,51.93000030517578,49.810001373291016,1.0
2016-10-10,1.6461540460586548,1.6574391566350757,1.630698302820233,1.648607269932626,287876000,0.003739780749266064,NVDA,748,29,51.93000030517578,49.810001373291016,1.0
2016-10-11,1.62235689163208,1.6432098176001397,1.609845112654902,1.6407565941236273,388540000,-0.01445621355033666,NVDA,747,28,52.40999984741211,50.790000915527344,1.0
2016-10-12,1.6297169923782349,1.638303451053119,1.6022402076368807,1.615733230837659,419920000,0.004536671791587565,NVDA,746,27,51.810001373291016,50.18000030517578,1.0
2016-10-13,1.6032211780548096,1.6142609756084552,1.5627419983459125,1.6105810820844753,390116000,-0.016257923582646217,NVDA,745,26,52.029998779296875,50.439998626708984,1.0
2016-10-14,1.6189225912094116,1.6338875962757111,1.6093547723190564,1.6228477962497834,330636000,0.009793666257361,NVDA,744,25,51.95000076293945,50.349998474121094,1.0
2016-10-17,1.6095998287200928,1.633887338147399,1.6073919158564154,1.6186770247917814,195328000,-0.005758621530109309,NVDA,741,22,51.52000045776367,49.939998626708984,1.0
2016-10-18,1.6341326236724854,1.643455130254371,1.6253008553718704,1.6319247108427597,269372000,0.015241549181761682,NVDA,740,21,51.68000030517578,50.290000915527344,1.0
2016-10-19,1.6306977272033691,1.6383029407934182,1.6147513682153738,1.6230926305950093,199060000,-0.002101969215568822,NVDA,739,20,52.66999816894531,51.599998474121094,1.0
2016-10-20,1.6616096496582031,1.667006952674459,1.6265277649611847,1.6498339178639039,312084000,0.018956255312778003,NVDA,738,19,51.380001068115234,50.43000030517578,1.0
2016-10-21,1.656948447227478,1.6598922923234989,1.6412473941339862,1.6557217768647967,279508000,-0.00280523312541181,NVDA,737,18,51.779998779296875,50.849998474121094,1.0
2016-10-24,1.734717607498169,1.7366802099582062,1.667988188003079,1.668233615669596,339836000,0.046935171942627196,NVDA,734,15,51.459999084472656,50.52000045776367,1.0
2016-10-25,1.7631757259368896,1.7737249047952508,1.7234325854039223,1.731773734022629,397460000,0.016405043861728696,NVDA,733,14,50.790000915527344,49.959999084472656,1.0
2016-10-26,1.7702900171279907,1.789670962672255,1.7467384394995613,1.7484557310679318,333792000,0.004034930317181384,NVDA,732,13,49.97999954223633,49.18000030517578,1.0
2016-10-27,1.7339816093444824,1.7872178899028235,1.7268671313499306,1.7837833062515411,388664000,-0.020509864164750202,NVDA,731,12,50.470001220703125,49.720001220703125,1.0
2016-10-28,1.7310376167297363,1.7688181506600613,1.727848344041881,1.7423227264727843,290856000,-0.0016978222830512646,NVDA,730,11,49.709999084472656,48.70000076293945,1.0
2016-10-31,1.7457572221755981,1.7572876420108012,1.7356986662931426,1.736680025910024,252388000,0.008503342332716102,NVDA,727,8,48.29999923706055,46.86000061035156,1.0
2016-11-01,1.693993091583252,1.761703753110137,1.6753480759533588,1.7521359346129644,473224000,-0.02965139134743877,NVDA,726,7,48.33000183105469,46.66999816894531,1.0
2016-11-02,1.6868785619735718,1.7300564022178575,1.6839345997098223,1.7069955594547057,295848000,-0.004199857511243299,NVDA,725,6,46.86000061035156,45.34000015258789,1.0
2016-11-03,1.6672518253326416,1.6962005843319514,1.6348684836699152,1.694728603621673,309664000,-0.011634943429459255,NVDA,724,5,46.349998474121094,44.65999984741211,1.0
2016-11-04,1.657684326171875,1.6861424693697955,1.6333968152808245,1.6562123451801398,328780000,-0.005738484742014105,NVDA,723,4,45.58000183105469,44.06999969482422,1.0
2016-11-07,1.7484557628631592,1.7594955614215628,1.7050326175903534,1.7062592878705576,487580000,0.054757974879876326,NVDA,720,1,46.150001525878906,44.88999938964844,1.0
2016-11-08,1.7457572221755981,1.7607222251973114,1.7295655488782125,1.7550796121182473,429884000,-0.0015433851658575026,NVDA,719,0,46.040000915527344,44.97999954223633,1.0
2016-11-09,1.7163177728652954,1.7393787302214427,1.6858971445755786,1.6984088074279138,456532000,-0.016863426905153855,NVDA,718,1455,46.36000061035156,45.27000045776367,1.0
2016-11-10,1.6625910997390747,1.754098658503622,1.6378129643927526,1.7538533478044112,869280000,-0.03130345322738637,NVDA,717,1454,45.84000015258789,44.65999984741211,1.0
2016-11-11,2.158154249191284,2.1777805054864787,1.9258282121825714,1.9506064601897126,2175344000,0.2980667642994015,NVDA,716,1453,45.84000015258789,44.65999984741211,1.0
2016-11-14,2.051926612854004,2.1635510050743147,2.051435991665063,2.16109766516624,1348796000,-0.0492215217596641,NVDA,713,1450,44.43000030517578,43.31999969482422,1.0
2016-11-15,2.114485502243042,2.1453967446515003,2.059041093260949,2.067872977076245,626092000,0.030487878561127335,NVDA,712,1449,46.95000076293945,45.810001373291016,1.0
2016-11-16,2.2479448318481445,2.2707602470224773,2.1184114276166883,2.1426989409100865,987984000,0.06311669172644074,NVDA,711,1448,46.630001068115234,45.56999969482422,1.0
2016-11-17,2.266589641571045,2.3254684137681503,2.2239023094628725,2.264626922245764,832988000,0.008294158049942713,NVDA,710,1447,46.4900016784668,45.41999816894531,1.0
2016-11-18,2.290386438369751,2.3141830931787912,2.252115167805573,2.266589549597277,576060000,0.010498943594488441,NVDA,709,1446,46.86000061035156,45.689998626708984,1.0
2016-11-21,2.281064510345459,2.314674535949806,2.2668353186208052,2.308295989236839,436436000,-0.004070024109524173,NVDA,706,1443,48.900001525878906,47.4900016784668,1.0
2016-11-22,2.2975008487701416,2.2997087617426835,2.2663441715803136,2.2889143905639022,330368000,0.007205556155969184,NVDA,705,1442,49.119998931884766,48.029998779296875,1.0
2016-11-23,2.3088033199310303,2.340252209169042,2.279319854468907,2.3026607848469913,443236000,0.00491946332334936,NVDA,704,1441,48.95000076293945,47.959999084472656,1.0
2016-11-25,2.3134706020355225,2.3365659621063304,2.295043238670786,2.3198586953091707,195564000,0.002021515676195129,NVDA,702,1439,47.2400016784668,46.060001373291016,1.0
2016-11-28,2.312242269515991,2.3277210309660084,2.299711642739969,2.3063455315406487,278736000,-0.0005309479698815123,NVDA,699,1436,48.2400016784668,47.08000183105469,1.0
2016-11-29,2.2911124229431152,2.3203503189490724,2.2734224426194944,2.309539554121712,444568000,-0.00913824941765251,NVDA,698,1435,46.380001068115234,45.22999954223633,1.0
2016-11-30,2.265315294265747,2.313471694427974,2.26285828008179,2.299712555586074,440500000,-0.011259652044586121,NVDA,697,1434,50.470001220703125,49.439998626708984,1.0
2016-12-01,2.1532771587371826,2.264577330753953,2.0827625640131293,2.2628574683049196,1035524000,-0.04945807579729389,NVDA,696,1433,50.459999084472656,51.060001373291016,1.0
2016-12-02,2.1731786727905273,2.181777985357023,2.0913619544058215,2.119125549683519,478292000,0.009242430298669113,NVDA,695,1432,54.459999084472656,51.68000030517578,1.0
2016-12-05,2.2574520111083984,2.275387785857981,2.186691623673045,2.211015492209343,602284000,0.03877883552467298,NVDA,692,1429,54.939998626708984,51.790000915527344,1.0
2016-12-06,2.294553279876709,2.3029070355179715,2.249836599737189,2.265561164623576,498796000,0.016435019918803917,NVDA,691,1428,53.93000030517578,50.93000030517578,1.0
2016-12-07,2.3358302116394043,2.341481157530861,2.2628585681456537,2.281040147382192,480804000,0.017989092746154567,NVDA,690,1427,53.0,49.77000045776367,1.0
2016-12-08,2.2967634201049805,2.373911905852081,2.286198684399109,2.3387775051212305,381544000,-0.016725013376295395,NVDA,689,1426,53.88999938964844,50.84000015258789,1.0
2016-12-09,2.2559781074523926,2.3161735298554946,2.2287058679346723,2.3144536673386544,382312000,-0.017757733467700265,NVDA,688,1425,54.33000183105469,51.5,1.0
2016-12-12,2.201188325881958,2.2100334355107285,2.15082071149267,2.2075764215615568,601332000,-0.02428648637566211,NVDA,685,1422,55.689998626708984,52.83000183105469,1.0
2016-12-13,2.2400081157684326,2.2675261547875905,2.2124903110630068,2.213473022855706,387796000,0.017635833077081386,NVDA,684,1421,55.720001220703125,52.97999954223633,1.0
2016-12-14,2.3697354793548584,2.3859513941350627,2.249835746838614,2.2736682631540224,983980000,0.057913791772992385,NVDA,683,1420,53.900001525878906,51.040000915527344,1.0
2016-12-15,2.425262928009033,2.4554835422270567,2.3734210137175995,2.380791820939591,746548000,0.023431918514927208,NVDA,682,1419,54.02000045776367,50.900001525878906,1.0
2016-12-16,2.4670310020446777,2.474156013509491,2.401184395992641,2.4527805104876204,1089528000,0.017222080770406656,NVDA,681,1418,55.209999084472656,51.900001525878906,1.0
2016-12-19,2.497006416320801,2.5171534173556926,2.4323883016074457,2.4495871667663973,744656000,0.012150400319768773,NVDA,678,1415,54.91999816894531,52.119998931884766,1.0
2016-12-20,2.5839827060699463,2.607569432862537,2.5581845259383083,2.569486650520733,848056000,0.03483222517197215,NVDA,677,1414,55.349998474121094,52.22999954223633,1.0
2016-12-21,2.6001980304718018,2.60314639993633,2.5481105604546603,2.595529798345775,576136000,0.006275322340108858,NVDA,676,1413,54.459999084472656,52.4900016784668,1.0
2016-12-22,2.631648302078247,2.6748906826561853,2.617397804367671,2.624523053222959,718612000,0.012095337061976963,NVDA,675,1412,55.04999923706055,52.95000076293945,1.0
2016-12-23,2.6972482204437256,2.698722522603777,2.61100904212093,2.613711616996015,647692000,0.024927312024814796,NVDA,674,1411,55.15999984741211,53.02000045776367,-1.0
2016-12-27,2.8825020790100098,2.883484790592419,2.7326275499495796,2.753266133375943,1194272000,0.06868253991685203,NVDA,670,1407,56.09000015258789,53.900001525878906,-1.0
2016-12-28,2.6842257976531982,2.946628788205587,2.6704668972673207,2.9385208312905235,2295764000,-0.06878617115339913,NVDA,669,1406,56.220001220703125,54.060001373291016,-1.0
2016-12-29,2.7377877235412598,2.739262025544286,2.5257523066816976,2.5773484248266985,2175368000,0.019954329451304043,NVDA,668,1405,56.13999938964844,53.77000045776367,-1.0
2016-12-30,2.622556209564209,2.7498267477331186,2.611745677883113,2.7358220515446496,1212932000,-0.042089279963605675,NVDA,667,1404,56.130001068115234,53.720001220703125,1.0
2017-01-03,2.5063424110412598,2.6134657267218895,2.4417243084924958,2.5650635400069537,1501996000,-0.04431317738743934,NVDA,663,1400,55.470001220703125,52.33000183105469,1.0
2017-01-04,2.564817428588867,2.5920896661193007,2.494548396956845,2.54049356006013,1199220000,0.02333081756507238,NVDA,662,1399,56.459999084472656,53.2599983215332,1.0
2017-01-05,2.499708890914917,2.5999527703955954,2.4827558215837606,2.56825808502203,984296000,-0.025385252356840082,NVDA,661,1398,56.88999938964844,53.7599983215332,1.0
2017-01-06,2.533123016357422,2.561377968368965,2.486440697603506,2.5269804826720637,822856000,0.01336720670312741,NVDA,660,1397,57.099998474121094,53.9900016784668,1.0
2017-01-09,2.6358237266540527,2.6535139430126904,2.5429509108691843,2.5429509108691843,916248000,0.04054311994855753,NVDA,657,1394,54.939998626708984,51.959999084472656,1.0
2017-01-10,2.615922689437866,2.6827517750167607,2.5952841023977884,2.648845876350075,880920000,-0.0075502155227387124,NVDA,656,1393,53.63999938964844,50.81999969482422,1.0
2017-01-11,2.5837364196777344,2.6092887998087964,2.5589211905195324,2.604375006721751,525664000,-0.012303983558110576,NVDA,655,1392,55.099998474121094,52.25,1.0
2017-01-12,2.541476249694824,2.5724340067886926,2.496759593587537,2.5608863259290477,625616000,-0.016356223359726973,NVDA,654,1391,56.0099983215332,53.0099983215332,1.0
2017-01-13,2.541231155395508,2.5798052855850147,2.532140251752751,2.545407797424276,457820000,-9.64377689328666e-05,NVDA,653,1390,55.45000076293945,52.369998931884766,1.0
2017-01-17,2.484229803085327,2.5355801260957644,2.4709622566343707,2.5306663328205405,580612000,-0.022430605019600924,NVDA,649,1386,55.470001220703125,52.47999954223633,1.0
2017-01-18,2.5294387340545654,2.5363181876980128,2.435091573022719,2.4628551827896956,654424000,0.01819836913360051,NVDA,648,1385,53.91999816894531,51.08000183105469,1.0
2017-01-19,2.5837364196777344,2.615676894841562,2.5301748800289494,2.5323860986338063,644872000,0.021466297994153116,NVDA,647,1384,54.15999984741211,51.369998931884766,1.0
2017-01-20,2.555481433868408,2.624030615664489,2.533614574554863,2.606340398414143,492024000,-0.010935707525789429,NVDA,646,1383,55.4900016784668,52.41999816894531,1.0
2017-01-23,2.582016944885254,2.601918383946501,2.547865245985449,2.5503222600549873,369904000,0.010383762004749553,NVDA,643,1380,55.22999954223633,52.75,1.0
2017-01-24,2.637052059173584,2.6431945926340417,2.577347992957356,2.592089838948761,428052000,0.02131477657315517,NVDA,642,1379,55.439998626708984,53.18000030517578,1.0
2017-01-25,2.648355007171631,2.6854550773289794,2.6124834440900075,2.6793125419503525,522760000,0.004286205863371917,NVDA,641,1378,55.08000183105469,52.75,1.0
2017-01-26,2.694054126739502,2.701424934152856,2.6215738566192504,2.6510573205864087,458800000,0.01725566226737718,NVDA,640,1377,56.2400016784668,53.779998779296875,-1.0
2017-01-27,2.7461421489715576,2.7490905193856325,2.674399015627914,2.700934115040797,471996000,0.019334437907190694,NVDA,639,1376,55.52000045776367,53.16999816894531,-1.0
2017-01-30,2.7031447887420654,2.7274686640139563,2.651303107577325,2.725257445228101,496004000,-0.015657368736572863,NVDA,636,1373,55.22999954223633,52.630001068115234,-1.0
2017-01-31,2.6825060844421387,2.7038815871069604,2.658427773112696,2.6768551406567322,362756000,-0.007635071708286589,NVDA,635,1372,55.70000076293945,52.810001373291016,-1.0
2017-02-01,2.799703598022461,2.8038802408140517,2.6992139239274264,2.7169039099491226,590004000,0.04368956113838407,NVDA,634,1371,55.65999984741211,53.880001068115234,-1.0
2017-02-02,2.835083246231079,2.8436827945949004,2.7532667480447266,2.78373292272414,483240000,0.012636926363779333,NVDA,633,1370,56.560001373291016,53.540000915527344,-1.0
2017-02-03,2.810267925262451,2.84761378429141,2.7984746810799326,2.836557456779612,372744000,-0.008752942616982118,NVDA,632,1369,56.810001373291016,53.83000183105469,-1.0
2017-02-06,2.882256507873535,2.882747863702912,2.8009311431123143,2.8009311431123143,506768000,0.02561627023671087,NVDA,629,1366,55.720001220703125,53.0099983215332,-1.0
2017-02-07,2.926973581314087,2.9709530974774574,2.896752967567473,2.9164086093953348,746224000,0.015514605767528611,NVDA,628,1365,55.04999923706055,52.16999816894531,-1.0
2017-02-08,2.9141974449157715,2.9313960732567126,2.8594071607080433,2.909037856413489,449580000,-0.004364964712998742,NVDA,627,1364,55.119998931884766,52.34000015258789,-1.0
2017-02-09,2.859407663345337,2.9252542871509304,2.8402436080045526,2.9203402585818625,842568000,-0.018800984698556733,NVDA,626,1363,55.630001068115234,53.0,-1.0
2017-02-10,2.791595220565796,2.965547621911336,2.7665341960033856,2.9466291316755453,1651092000,-0.02371555607436704,NVDA,625,1362,56.70000076293945,53.86000061035156,-1.0
2017-02-13,2.6628501415252686,2.800439606020517,2.65842747071974,2.785943555580527,1180724000,-0.04611882055537886,NVDA,622,1359,55.59000015258789,52.93000030517578,-1.0
2017-02-14,2.672677516937256,2.7063378437794103,2.6114991611739393,2.653267443114901,850632000,0.0036905476799975467,NVDA,621,1358,55.970001220703125,53.20000076293945,-1.0
2017-02-15,2.678083658218384,2.6977393000380108,2.647617483692082,2.6756268787262303,373020000,0.0020227435771311697,NVDA,620,1357,55.75,53.11000061035156,-1.0
2017-02-16,2.6350865364074707,2.6888938621951914,2.5960208217407694,2.6876653555494925,647176000,-0.01605518247309623,NVDA,619,1356,55.650001525878906,53.36000061035156,-1.0
2017-02-17,2.6345953941345215,2.6390180656735533,2.574645759241575,2.621573643241268,563740000,-0.00018638563332296076,NVDA,618,1355,55.810001373291016,53.400001525878906,-1.0
2017-02-21,2.728943347930908,2.7328744301351278,2.6589198478224283,2.659165642972469,551952000,0.035811173892748904,NVDA,614,1351,56.65999984741211,54.060001373291016,-1.0
2017-02-22,2.7247607707977295,2.750345401003291,2.705818168851619,2.740997152688993,433772000,-0.0015326727600812884,NVDA,613,1350,55.84000015258789,53.59000015258789,-1.0
2017-02-23,2.4721124172210693,2.617255887654032,2.4521860998290395,2.5953614317473703,1592888000,-0.09272313235142926,NVDA,612,1349,56.58000183105469,54.45000076293945,1.0
2017-02-24,2.4959757328033447,2.509260026439399,2.3542762878727674,2.387979115386099,1029904000,0.009653005832598982,NVDA,611,1348,55.9900016784668,53.9900016784668,1.0
2017-02-27,2.568547248840332,2.583553574792675,2.498435614412585,2.51418002177834,715400000,0.029075409301146937,NVDA,608,1345,55.93000030517578,54.04999923706055,1.0
2017-02-28,2.496467351913452,2.5879817005329437,2.479247017182927,2.578141241133255,625360000,-0.028062515478125993,NVDA,607,1344,55.59000015258789,54.0099983215332,1.0
2017-03-01,2.528693675994873,2.567562590338931,2.4873646473558892,2.5532941151158925,504804000,0.012908770489916677,NVDA,606,1343,55.599998474121094,53.83000183105469,1.0
2017-03-02,2.435457706451416,2.529924139843571,2.432751721057641,2.5159017676396047,754332000,-0.036871199714127,NVDA,605,1342,55.08000183105469,52.61000061035156,1.0
2017-03-03,2.421435594558716,2.4297996561416397,2.367068138527173,2.4248796613180583,864692000,-0.005757485279073493,NVDA,604,1341,55.900001525878906,53.33000183105469,1.0
2017-03-06,2.4027395248413086,2.4133178323135933,2.341238053661762,2.38527308262693,883568000,-0.007721068344505921,NVDA,601,1338,56.0099983215332,53.20000076293945,1.0
2017-03-07,2.4290611743927,2.4484957489963097,2.389946389129444,2.4027387020152746,603400000,0.010954849362262875,NVDA,600,1337,55.91999816894531,53.13999938964844,1.0
2017-03-08,2.4246325492858887,2.4920381630308874,2.4224185408040695,2.4772777154698327,638712000,-0.0018231838512337006,NVDA,599,1336,53.11000061035156,50.279998779296875,1.0
2017-03-09,2.4241421222686768,2.446528561212314,2.3960973712893794,2.4086438183846197,478060000,-0.0002022685942066893,NVDA,598,1335,52.189998626708984,49.279998779296875,1.0
2017-03-10,2.4384090900421143,2.46227167947832,2.420204809674872,2.4504635546856344,499740000,0.005885367711067069,NVDA,597,1334,51.369998931884766,48.4900016784668,1.0
2017-03-13,2.5055694580078125,2.515409681730081,2.4480040436582966,2.4487421249550625,774136000,0.027542699147556915,NVDA,594,1331,51.349998474121094,48.400001525878906,1.0
2017-03-14,2.503847599029541,2.5277099613949283,2.4716207057342334,2.5183619476260257,522016000,-0.0006872126305532689,NVDA,593,1330,50.91999816894531,47.720001220703125,1.0
2017-03-15,2.5227904319763184,2.5336146104386876,2.4679309889611414,2.5154103209614984,615036000,0.007565489590548369,NVDA,592,1329,51.810001373291016,48.86000061035156,1.0
2017-03-16,2.5537867546081543,2.554278965282561,2.519346083968061,2.5333684575613016,523100000,0.012286522986197479,NVDA,591,1328,51.7400016784668,48.75,1.0
2017-03-17,2.609384059906006,2.610614117272664,2.553786546136533,2.5712529853679564,1119688000,0.021770535538070845,NVDA,590,1327,51.7599983215332,48.779998779296875,1.0
2017-03-20,2.692533254623413,2.6964695311360014,2.610859388042298,2.6268498955250146,748568000,0.03186544901343602,NVDA,587,1324,51.619998931884766,48.220001220703125,-1.0
2017-03-21,2.6054482460021973,2.70508079894123,2.5975761589864717,2.6753140153571193,913484000,-0.03234315062652615,NVDA,586,1323,50.959999084472656,47.34000015258789,1.0
2017-03-22,2.6585850715637207,2.6632591955199154,2.5904413508479407,2.594377393492777,616764000,0.020394504340301767,NVDA,585,1322,50.63999938964844,48.040000915527344,-1.0
2017-03-23,2.63447642326355,2.670639358321993,2.6248823044614147,2.6507128047821245,533940000,-0.009068225259382334,NVDA,584,1321,50.560001373291016,47.70000076293945,-1.0
2017-03-24,2.643825054168701,2.688598162483514,2.617994550107934,2.6807260758962754,439500000,0.00354857262057795,NVDA,583,1320,50.79999923706055,47.970001220703125,-1.0
2017-03-27,2.663012981414795,2.6669490238988236,2.5481282604401616,2.5973293780141025,506644000,0.007257638782051323,NVDA,580,1317,50.75,47.72999954223633,-1.0
2017-03-28,2.6492369174957275,2.6787575902918843,2.638904717208491,2.6642432419047317,432444000,-0.0051731118155302624,NVDA,579,1316,51.33000183105469,48.369998931884766,-1.0
2017-03-29,2.640625476837158,2.6689160786274866,2.638411468502067,2.6566157455766755,349992000,-0.003250536258836978,NVDA,578,1315,52.41999816894531,49.5099983215332,-1.0
2017-03-30,2.6913039684295654,2.7060644230562194,2.642102844023164,2.6477609205427703,525532000,0.0191918513386109,NVDA,577,1314,52.959999084472656,50.349998474121094,-1.0
2017-03-31,2.679741382598877,2.7033581071155948,2.6667031976639244,2.681709521178416,440808000,-0.004296276439348268,NVDA,576,1313,52.83000183105469,50.599998474121094,-1.0
2017-04-03,2.666210889816284,2.697453590242617,2.6425941682390675,2.680233259600404,445232000,-0.005049178577624769,NVDA,573,1310,53.119998931884766,50.2400016784668,-1.0
2017-04-04,2.479246139526367,2.5687923176445575,2.468421966471733,2.543699671199006,1271280000,-0.07012376665478248,NVDA,572,1309,54.16999816894531,51.029998779296875,1.0
2017-04-05,2.46079683303833,2.518362258501397,2.447758410919178,2.4605507276887484,747048000,-0.0074414985240479625,NVDA,571,1308,54.36000061035156,51.150001525878906,1.0
2017-04-06,2.478754758834839,2.4908089917733762,2.4209432394930213,2.4659624446034902,635120000,0.00729760602558005,NVDA,570,1307,54.88999938964844,51.70000076293945,1.0
2017-04-07,2.4681763648986816,2.5026172638052584,2.453170041939292,2.4851508263648068,429068000,-0.004267624257080493,NVDA,569,1306,55.2400016784668,52.2400016784668,1.0
2017-04-10,2.4051992893218994,2.4755567894207413,2.4010171410926637,2.4689147610061846,756332000,-0.025515630273595713,NVDA,566,1303,55.97999954223633,53.08000183105469,1.0
2017-04-11,2.4138095378875732,2.4329980116368706,2.3702664899114136,2.3751864850574176,618148000,0.003579848291116683,NVDA,565,1302,56.22999954223633,53.400001525878906,1.0
2017-04-12,2.3938825130462646,2.4280773054651976,2.388716413582347,2.4138090642709615,414092000,-0.008255425512465053,NVDA,564,1301,55.86000061035156,53.11000061035156,1.0
2017-04-13,2.349109649658203,2.391422636094446,2.349109649658203,2.3697742841750764,506892000,-0.018703032894913152,NVDA,563,1300,55.88999938964844,53.18000030517578,1.0
2017-04-17,2.441115617752075,2.441361488415217,2.3567355276309656,2.3619016268698814,497292000,0.039166314823686044,NVDA,559,1296,55.36000061035156,52.650001525878906,1.0
2017-04-18,2.442591428756714,2.44874171418233,2.4010165315609093,2.426847026520297,370116000,0.0006045641566119198,NVDA,558,1295,54.88999938964844,52.40999984741211,1.0
2017-04-19,2.452186346054077,2.4841668992096517,2.4455440831834943,2.4600584316841823,380828000,0.003928171197361108,NVDA,557,1294,52.93000030517578,50.439998626708984,1.0
2017-04-20,2.4910550117492676,2.4957291354279074,2.4455438322056087,2.4667004414056484,404016000,0.01585061663757159,NVDA,556,1293,52.9900016784668,50.27000045776367,1.0
2017-04-21,2.501387119293213,2.504093104362313,2.4689143600263215,2.480722486826468,341896000,0.004147683409323699,NVDA,555,1292,51.959999084472656,49.619998931884766,1.0
2017-04-24,2.5326309204101562,2.545669110065905,2.511966513585412,2.532876791190723,371820000,0.012490590071388752,NVDA,552,1289,51.599998474121094,49.22999954223633,1.0
2017-04-25,2.576665163040161,2.5911795113567897,2.525742008579459,2.5471444903874434,388440000,0.017386758676575687,NVDA,551,1288,52.099998474121094,49.560001373291016,1.0
2017-04-26,2.5589520931243896,2.59265466923549,2.556983955021754,2.5901947898689226,327004000,-0.006874416656789117,NVDA,550,1287,51.81999969482422,49.619998931884766,1.0
2017-04-27,2.5988056659698486,2.6071697273257985,2.5483744886970565,2.566332903343281,319700000,0.015574177004931355,NVDA,549,1286,51.439998626708984,48.970001220703125,1.0
2017-04-28,2.565840005874634,2.5988047326707635,2.560181697290351,2.5919166018127093,348248000,-0.012684926975065847,NVDA,548,1285,51.72999954223633,49.33000183105469,1.0
2017-05-01,2.623405933380127,2.6285722676432535,2.5695306930406367,2.5766649312045447,307732000,0.022435509374588047,NVDA,545,1282,51.52000045776367,48.84000015258789,1.0
2017-05-02,2.545667886734009,2.5978213241230095,2.523035351493277,2.596591266982714,629972000,-0.029632488688457248,NVDA,544,1281,50.459999084472656,47.65999984741211,1.0
2017-05-03,2.564610719680786,2.574204837799237,2.524019768776893,2.538779986591346,336904000,0.007441203562134735,NVDA,543,1280,50.790000915527344,47.81999969482422,1.0
2017-05-04,2.5547704696655273,2.581831025116534,2.546898150251618,2.5707607445662517,209788000,-0.003836937099164772,NVDA,542,1279,48.380001068115234,45.52000045776367,1.0
2017-05-05,2.555016279220581,2.5621505171979413,2.527709619131105,2.5432081522963643,228428000,9.621590587971518e-05,NVDA,541,1278,49.099998474121094,46.220001220703125,1.0
2017-05-08,2.5282020568847656,2.5683007994263565,2.516885670296576,2.566824871406738,365240000,-0.010494736395180726,NVDA,538,1275,49.34000015258789,46.43000030517578,1.0
2017-05-09,2.5323846340179443,2.5813398959468756,2.5254964989020254,2.5338607970339306,847672000,0.0016543682186274111,NVDA,537,1274,48.72999954223633,45.880001068115234,1.0
2017-05-10,2.9838039875030518,2.9968424043742012,2.8049579646742,2.811599991125646,2129096000,0.17825860551399497,NVDA,536,1273,50.220001220703125,47.33000183105469,1.0
2017-05-11,3.111973762512207,3.2086542052950953,2.949856051987478,2.953300118710733,1939792000,0.04295515910092074,NVDA,535,1272,50.77000045776367,47.83000183105469,1.0
2017-05-12,3.1461684703826904,3.1882355858148634,3.0942613656837508,3.115171870746878,962620000,0.010988109309404637,NVDA,534,1271,50.84000015258789,47.84000015258789,1.0
2017-05-15,3.3041045665740967,3.3065646814215297,3.1828236729873276,3.1872519266346004,1087540000,0.0501995038340064,NVDA,531,1268,51.81999969482422,48.849998474121094,1.0
2017-05-16,3.365605592727661,3.3811041265648143,3.2807337530058756,3.3550272879459686,1120700000,0.018613522942263483,NVDA,530,1267,51.650001525878906,48.65999984741211,1.0
2017-05-17,3.141986608505249,3.317634713145954,3.1378044605022555,3.2989382170921804,1271368000,-0.06644242115166554,NVDA,529,1266,52.209999084472656,49.06999969482422,1.0
2017-05-18,3.273599624633789,3.282455896465316,3.1255040565459296,3.185775456842391,1156032000,0.041888471380580716,NVDA,528,1265,52.5099983215332,49.349998474121094,1.0
2017-05-19,3.34920334815979,3.4038739611910676,3.3299946655274018,3.3745685604786324,1018372000,0.023094981731145214,NVDA,527,1264,53.61000061035156,50.33000183105469,1.0
2017-05-22,3.4206197261810303,3.4349029953138306,3.381956001440817,3.392791811678894,836608000,0.021323392639171823,NVDA,524,1261,53.869998931884766,50.72999954223633,1.0
2017-05-23,3.374568462371826,3.442537590897353,3.342061498070772,3.440321249668926,681248000,-0.013462842261223296,NVDA,523,1260,54.150001525878906,51.470001220703125,1.0
2017-05-24,3.4124937057495117,3.474059946987195,3.400426540218226,3.471350876427973,815996000,0.011238546143179873,NVDA,522,1259,53.959999084472656,51.36000061035156,1.0
2017-05-25,3.4048590660095215,3.4484479710604523,3.360038808092816,3.4477091123696786,608228000,-0.0022372611932227615,NVDA,521,1258,51.459999084472656,48.900001525878906,1.0
2017-05-26,3.4930224418640137,3.5777375602378814,3.376539212814092,3.396732886466445,779140000,0.02589339944628577,NVDA,520,1257,52.150001525878906,49.79999923706055,1.0
2017-05-30,3.5676400661468506,3.602609499324451,3.5228198105537465,3.5388269272658746,989652000,0.02136190806807936,NVDA,516,1253,51.84000015258789,49.65999984741211,1.0
2017-05-31,3.5548343658447266,3.6200944219490516,3.498193309851865,3.6124601753040957,887316000,-0.0035894036575148114,NVDA,515,1252,50.310001373291016,48.31999969482422,1.0
2017-06-01,3.5550801753997803,3.5715800200361327,3.509767428628041,3.5705947969452563,503340000,6.914796295864889e-05,NVDA,514,1251,50.33000183105469,48.36000061035156,1.0
2017-06-02,3.537348747253418,3.578228571876219,3.531438348912258,3.5521245082498325,487456000,-0.004987631015767047,NVDA,513,1250,49.95000076293945,47.65999984741211,1.0
2017-06-05,3.644968271255493,3.6577740628608315,3.509522705626907,3.5210971440175074,817376000,0.030423781111669213,NVDA,510,1247,49.470001220703125,47.400001525878906,1.0
2017-06-06,3.628467082977295,3.6863392498595435,3.615168802818321,3.6402876459760996,758728000,-0.0045271143807554814,NVDA,509,1246,50.119998931884766,48.189998626708984,1.0
2017-06-07,3.672302484512329,3.6910186714007622,3.6373330512050077,3.652847673825219,612612000,0.012080969878625947,NVDA,508,1245,48.060001373291016,45.720001220703125,1.0
2017-06-08,3.9387619495391846,3.940239432231675,3.7380558719402037,3.77918207592166,1161744000,0.07255923665074682,NVDA,507,1244,47.86000061035156,45.63999938964844,-1.0
2017-06-09,3.6841225624084473,4.149563263614324,3.515431018642801,4.05696780531323,3692928000,-0.06464960065954961,NVDA,506,1243,48.150001525878906,45.83000183105469,1.0
2017-06-12,3.693234920501709,3.7358388340906044,3.4996708673292556,3.5925127059467448,1697532000,0.0024734133946142656,NVDA,503,1240,48.290000915527344,46.08000183105469,1.0
2017-06-13,3.728450059890747,3.811441291294246,3.586847577697651,3.8023293299053535,1672504000,0.009535039104486387,NVDA,502,1239,48.720001220703125,46.459999084472656,1.0
2017-06-14,3.7363312244415283,3.7939572645243587,3.6570340337043596,3.73140604833155,1184640000,0.0021137910992998776,NVDA,501,1238,47.0,44.72999954223633,1.0
2017-06-15,3.752338409423828,3.7826287930745965,3.60778070405063,3.6191090078591093,963824000,0.004284198595024824,NVDA,500,1237,46.91999816894531,44.459999084472656,1.0
2017-06-16,3.73386812210083,3.8097178458988243,3.6998836824988297,3.7619423979703273,924960000,-0.004922340500156053,NVDA,499,1236,47.369998931884766,44.7400016784668,1.0
2017-06-19,3.874239683151245,3.879411223758541,3.7742560950304846,3.7779499184033978,778176000,0.03759414003391104,NVDA,496,1233,46.90999984741211,44.20000076293945,-1.0
2017-06-20,3.8685755729675293,3.9830887993768287,3.864389255296164,3.916351028001462,1095444000,-0.0014619927126213739,NVDA,495,1232,46.02000045776367,43.22999954223633,-1.0
2017-06-21,3.9271864891052246,3.9308805473789987,3.8343446518377187,3.8961572450890074,682652000,0.015150516005749237,NVDA,494,1231,44.81999969482422,42.529998779296875,-1.0
2017-06-22,3.900096893310547,3.9486111988620407,3.8762091697967085,3.935312684859292,469132000,-0.006897965215003077,NVDA,493,1230,45.220001220703125,42.7400016784668,-1.0
2017-06-23,3.7882931232452393,3.9234925033955306,3.77327076113386,3.907731517545169,1088588000,-0.02866692113651681,NVDA,492,1229,45.540000915527344,43.0099983215332,1.0
2017-06-26,3.7469210624694824,3.8565088845271616,3.652847863839055,3.82104672036734,1063960000,-0.010921029453052289,NVDA,489,1226,45.83000183105469,43.380001068115234,1.0
2017-06-27,3.6097514629364014,3.73805547321653,3.6040874276011583,3.7294362379549546,999492000,-0.036608617381086894,NVDA,488,1225,46.650001525878906,44.2400016784668,1.0
2017-06-28,3.7370710372924805,3.7417500849628085,3.5893119585595548,3.677228640937001,994948000,0.035271008451232655,NVDA,487,1224,47.310001373291016,44.7400016784668,1.0
2017-06-29,3.612212896347046,3.711703731015702,3.54818397859046,3.7087487669867496,1064424000,-0.03341069508699912,NVDA,486,1223,47.41999816894531,44.93000030517578,1.0
2017-06-30,3.5600054264068604,3.642996670265678,3.5339013605165364,3.629452025797201,731060000,-0.014453043449621061,NVDA,485,1222,47.91999816894531,46.040000915527344,1.0
2017-07-03,3.4312095642089844,3.586849010159393,3.4127397393291323,3.5720732441981373,709072000,-0.03617855783098356,NVDA,482,1219,49.68000030517578,47.06999969482422,1.0
2017-07-05,3.522819995880127,3.551632901420342,3.4755370321957137,3.494499349658744,820188000,0.026699165398328617,NVDA,480,1217,47.790000915527344,45.130001068115234,1.0
2017-07-06,3.5334088802337646,3.580199345405174,3.441798396122879,3.493760401941151,746284000,0.0030057977319366547,NVDA,479,1216,48.11000061035156,45.52000045776367,1.0
2017-07-07,3.614184856414795,3.6324085537362283,3.56714824771395,3.5900509929345383,654972000,0.022860636546452096,NVDA,478,1215,46.709999084472656,44.22999954223633,1.0
2017-07-10,3.7850916385650635,3.7924795201053314,3.6614666894416916,3.6875707567500564,958492000,0.047287781046098765,NVDA,475,1212,46.880001068115234,44.400001525878906,1.0
2017-07-11,3.838777780532837,3.846412027139257,3.7469209264610814,3.7887859831142303,757956000,0.014183577861307972,NVDA,474,1211,47.52000045776367,45.040000915527344,1.0
2017-07-12,4.002050399780273,4.014117326202499,3.8555229663688366,3.898373002561674,1145208000,0.04253244875893114,NVDA,473,1210,47.7400016784668,45.4900016784668,1.0
2017-07-13,3.955754041671753,4.095386136962693,3.9094562961653065,4.014118717783688,1369132000,-0.011568159689108959,NVDA,472,1209,48.41999816894531,46.08000183105469,1.0
2017-07-14,4.0621418952941895,4.063619143529756,3.9651132250172334,3.9720086158274466,941948000,0.026894456152151358,NVDA,471,1208,48.90999984741211,46.540000915527344,1.0
2017-07-17,4.0449018478393555,4.124938149064673,3.9833356068085393,4.096125005469456,930792000,-0.0042440780994887906,NVDA,468,1205,48.41999816894531,46.02000045776367,1.0
2017-07-18,4.087012767791748,4.101542401794374,3.97225294333607,3.984073742137029,776640000,0.01041086323884155,NVDA,467,1204,48.84000015258789,46.400001525878906,1.0
2017-07-19,4.065834999084473,4.122475833465685,4.053768067307539,4.096125393381831,687044000,-0.005181723158334539,NVDA,466,1203,49.70000076293945,47.119998931884766,1.0
2017-07-20,4.124938011169434,4.125184140847944,4.036529076132213,4.086274514552628,699596000,0.014536500398631302,NVDA,465,1202,49.29999923706055,46.790000915527344,1.0
2017-07-21,4.139713764190674,4.169265765479871,4.090214455601973,4.104497962034511,648332000,0.003582054562088155,NVDA,464,1201,48.060001373291016,45.77000045776367,1.0
2017-07-24,4.091691970825195,4.1564597710688105,4.081102758647979,4.1468555472670205,652524000,-0.011600269028471555,NVDA,461,1198,48.599998474121094,46.34000015258789,1.0
2017-07-25,4.071990489959717,4.086273994619044,4.028401587040156,4.068788925693942,496556000,-0.004814996095980573,NVDA,460,1197,50.20000076293945,47.88999938964844,1.0
2017-07-26,4.119027137756348,4.184779922276561,4.0843035988367715,4.129370219623227,640404000,0.011551266613369693,NVDA,459,1196,50.970001220703125,48.75,1.0
2017-07-27,3.983088493347168,4.1554741135415485,3.880149709281552,4.14389944513966,782856000,-0.03300260956358403,NVDA,458,1195,51.4900016784668,49.040000915527344,1.0
2017-07-28,4.048349857330322,4.072730319895715,3.9225087646393355,3.9473812517599205,513348000,0.016384613119231117,NVDA,457,1194,52.52000045776367,49.709999084472656,1.0
2017-07-31,4.002050399780273,4.0978474223556,3.9555065407231162,4.061892772689749,559672000,-0.011436624595627443,NVDA,454,1191,52.650001525878906,50.16999816894531,1.0
2017-08-01,4.050811767578125,4.052535614606998,3.964865545792006,3.9926932279115017,431384000,0.012184096382326537,NVDA,453,1190,52.630001068115234,49.15999984741211,1.0
2017-08-02,4.048349857330322,4.085782240005619,3.9715155846194223,4.081842285858648,478444000,-0.000607757256831154,NVDA,452,1189,52.36000061035156,49.59000015258789,1.0
2017-08-03,4.099820613861084,4.103514439199078,4.0308662327010065,4.0478585807970475,442420000,0.012714009002350313,NVDA,451,1188,52.0099983215332,49.029998779296875,1.0
2017-08-04,4.117795944213867,4.188227539361266,4.099818616101904,4.1224747560478825,589096000,0.004384418745544627,NVDA,450,1187,52.41999816894531,49.58000183105469,1.0
2017-08-07,4.244378089904785,4.244870349427055,4.137252459937243,4.14685715718092,717412000,0.030740266736331456,NVDA,447,1184,52.369998931884766,49.38999938964844,1.0
2017-08-08,4.193892478942871,4.298801029766987,4.154736252219313,4.282301416320592,755336000,-0.011894701624719395,NVDA,446,1183,52.13999938964844,49.16999816894531,1.0
2017-08-09,4.238466262817383,4.240928968740708,4.129124562329992,4.147840751576764,530784000,0.01062826100056502,NVDA,445,1182,52.70000076293945,49.560001373291016,1.0
2017-08-10,4.05696964263916,4.25201146809592,4.046872687943472,4.239697936864647,1328088000,-0.04282129641338206,NVDA,444,1181,51.900001525878906,48.59000015258789,1.0
2017-08-11,3.840747356414795,3.9156118624772414,3.76563672072678,3.8698066224747025,1497196000,-0.053296500903493915,NVDA,443,1180,52.099998474121094,48.81999969482422,1.0
2017-08-14,4.147100925445557,4.150794748612333,3.9205372001939103,3.932111633505728,1279020000,0.07976405126442176,NVDA,440,1177,50.72999954223633,47.59000015258789,1.0
2017-08-15,4.1121320724487305,4.178377121466455,4.0779012598572395,4.152273285101129,764532000,-0.008432120082312533,NVDA,439,1176,50.79999923706055,47.54999923706055,1.0
2017-08-16,4.067063808441162,4.150547764644958,4.034803455351529,4.127152773215954,596632000,-0.010959828919291148,NVDA,438,1175,50.27000045776367,46.779998779296875,1.0
2017-08-17,3.9764394760131836,4.075684207977696,3.974223369819701,4.0586923382131275,525444000,-0.02228249584869757,NVDA,437,1174,51.029998779296875,47.09000015258789,1.0
2017-08-18,3.9771788120269775,4.047610883938748,3.9313735636881906,4.030618542421544,601204000,0.00018592915050108516,NVDA,436,1173,52.720001220703125,48.5099983215332,1.0
2017-08-21,3.919306755065918,4.012887466283256,3.875471717017157,4.001559394825823,623672000,-0.014551032200527336,NVDA,433,1170,51.65999984741211,47.369998931884766,1.0
2017-08-22,4.006559371948242,4.012474973448028,3.936558714369419,3.955784301712102,450456000,0.022262257673387076,NVDA,432,1169,51.869998931884766,47.63999938964844,1.0
2017-08-23,4.086667060852051,4.097758757496956,3.964658397758096,3.973285690816658,579520000,0.019994134983916334,NVDA,431,1168,52.56999969482422,48.40999984741211,1.0
2017-08-24,4.071630954742432,4.123146009580043,4.045257796631876,4.118708955384752,469700000,-0.003679307828537426,NVDA,430,1167,52.040000915527344,47.43000030517578,1.0
2017-08-25,4.037618160247803,4.105893718517991,4.031209393272156,4.095787875288201,357200000,-0.008353604457941533,NVDA,429,1166,52.40999984741211,47.869998931884766,1.0
2017-08-28,4.066209316253662,4.069413699317024,4.001138150090804,4.0565966371902,389496000,0.0070811936322638935,NVDA,426,1163,51.88999938964844,46.56999969482422,1.0
2017-08-29,4.059553623199463,4.08124432223607,3.999412213408034,4.0075463430784,324096000,-0.0016368299161567679,NVDA,425,1162,52.0,46.439998626708984,1.0
2017-08-30,4.083709716796875,4.094801414045632,4.048955606717007,4.07927266179608,384400000,0.005950430968411302,NVDA,424,1161,50.86000061035156,45.959999084472656,1.0
2017-08-31,4.17638635635376,4.180329778067489,4.096526425131839,4.1039205759083695,612684000,0.02269422803871013,NVDA,423,1160,52.380001068115234,47.22999954223633,1.0
2017-09-01,4.201528072357178,4.237021694936312,4.180330531382972,4.1889578257212285,445432000,0.006019968905694784,NVDA,422,1159,52.31999969482422,47.290000915527344,1.0
2017-09-05,4.089378833770752,4.15518951341106,4.031455939128873,4.150259765318706,695364000,-0.02669248822214987,NVDA,418,1155,53.380001068115234,48.65999984741211,1.0
2017-09-06,4.086915493011475,4.135965705717247,4.052161837213158,4.122162781981538,397672000,-0.0006023752896001655,NVDA,417,1154,54.20000076293945,49.15999984741211,1.0
2017-09-07,4.105892658233643,4.138181420776897,4.0657161121993095,4.103674130978046,352868000,0.004643395552126783,NVDA,416,1153,54.4900016784668,49.09000015258789,1.0
2017-09-08,4.0346598625183105,4.109097366445899,4.010504754981762,4.094308592257942,498856000,-0.017348918163383353,NVDA,415,1152,53.779998779296875,47.47999954223633,1.0
2017-09-11,4.165541172027588,4.176140176089492,4.074835887232931,4.0802587974948095,567444000,0.0324392424563853,NVDA,412,1149,53.84000015258789,48.06999969482422,1.0
2017-09-12,4.180577278137207,4.190189957794529,4.115506107954333,4.190189957794529,411488000,0.003609640497755695,NVDA,411,1148,54.27000045776367,48.22999954223633,1.0
2017-09-13,4.199308395385742,4.228146423717918,4.123145555198033,4.155434311884136,580960000,0.004480509748376438,NVDA,410,1147,55.15999984741211,49.29999923706055,1.0
2017-09-14,4.17540168762207,4.253289930123852,4.135964638516867,4.160366095217109,513712000,-0.005693010732419901,NVDA,409,1146,55.470001220703125,49.88999938964844,1.0
2017-09-15,4.439383029937744,4.439383029937744,4.255507560152269,4.2606836546972495,1364792000,0.06322298118004865,NVDA,408,1145,55.619998931884766,49.88999938964844,1.0
2017-09-18,4.622765064239502,4.712731317671001,4.556461694674351,4.563363153660662,1684460000,0.04130800002277102,NVDA,405,1142,55.47999954223633,49.90999984741211,1.0
2017-09-19,4.617835998535156,4.679456439529213,4.550546300202024,4.572483350202517,874280000,-0.0010662591838109803,NVDA,404,1141,55.13999938964844,49.47999954223633,1.0
2017-09-20,4.580615997314453,4.668856400388209,4.540439452354384,4.621532051339948,724920000,-0.00806005263775278,NVDA,403,1140,56.290000915527344,50.40999984741211,1.0
2017-09-21,4.455403804779053,4.503221320582178,4.37776192818237,4.477094035298645,1075600000,-0.027335230154374557,NVDA,402,1139,56.43000030517578,50.54999923706055,1.0
2017-09-22,4.412022590637207,4.4936083539713785,4.4021635665339405,4.444065476757586,491232000,-0.00973676372393295,NVDA,401,1138,56.86000061035156,50.65999984741211,1.0
2017-09-25,4.214836597442627,4.38244420613209,4.1941322276901225,4.381211534526933,874580000,-0.04469287931866672,NVDA,398,1135,59.02000045776367,52.220001220703125,1.0
2017-09-26,4.238500118255615,4.404136078485692,4.198816728052844,4.349170751522688,1125620000,0.005614338839931898,NVDA,397,1134,58.439998626708984,51.880001068115234,1.0
2017-09-27,4.331423759460449,4.3447339845095545,4.257972115591346,4.3287125392054975,713720000,0.021923708531846664,NVDA,396,1133,57.900001525878906,52.13999938964844,1.0
2017-09-28,4.330190658569336,4.3425145553974716,4.28286584166587,4.3385706639466735,435244000,-0.00028468719746477245,NVDA,395,1132,57.40999984741211,51.560001373291016,1.0
2017-09-29,4.406354904174805,4.43001685000342,4.368889568954484,4.413995873071756,619092000,0.017589120574804662,NVDA,394,1131,57.540000915527344,51.66999816894531,1.0
2017-10-02,4.412022590637207,4.485474224219115,4.362726529867753,4.456389374418309,503480000,0.001286252829301615,NVDA,391,1128,56.119998931884766,50.58000183105469,1.0
2017-10-03,4.421143054962158,4.450967417075299,4.377022612716945,4.418185018321986,390332000,0.0020671844120438987,NVDA,390,1127,56.0,50.41999816894531,1.0
2017-10-04,4.458113670349121,4.480297056922629,4.3908240017259565,4.427303463455522,427848000,0.008362230067509024,NVDA,389,1126,55.79999923706055,49.97999954223633,1.0
2017-10-05,4.455650806427002,4.485968334473253,4.425826441247028,4.482517604789289,437364000,-0.0005524452950806946,NVDA,388,1125,57.0,50.790000915527344,1.0
2017-10-06,4.468714237213135,4.482024463272777,4.412023543527492,4.428044990047925,318800000,0.002931879393979875,NVDA,387,1124,55.619998931884766,49.290000915527344,1.0
2017-10-09,4.56952428817749,4.602553028952448,4.486706324991137,4.505438987505107,563492000,0.0225590730606271,NVDA,384,1121,55.790000915527344,49.58000183105469,1.0
2017-10-10,4.656780242919922,4.755866025062479,4.615617830262761,4.718400688712322,974876000,0.01909519443154828,NVDA,383,1120,56.61000061035156,50.91999816894531,1.0
2017-10-11,4.7063212394714355,4.707800257449538,4.627447175828024,4.673292502010669,529508000,0.01063846562801296,NVDA,382,1119,56.939998626708984,51.29999923706055,1.0
2017-10-12,4.7085418701171875,4.759316965494428,4.681428722328736,4.709774072231793,528292000,0.00047184000682487515,NVDA,381,1118,56.25,50.599998474121094,1.0
2017-10-13,4.79628849029541,4.806394332746527,4.72382316858834,4.7706543646213495,628728000,0.018635624912907156,NVDA,380,1117,57.16999816894531,51.45000076293945,1.0
2017-10-16,4.878613471984863,4.881571508960979,4.7630135562038705,4.826113016925464,576640000,0.01716430983165962,NVDA,377,1114,57.81999969482422,51.869998931884766,1.0
2017-10-17,4.87417459487915,4.902519928563801,4.839667313893741,4.857906809539394,478596000,-0.000909864479160527,NVDA,376,1113,57.880001068115234,51.880001068115234,1.0
2017-10-18,4.869985103607178,4.883788018114932,4.764984226779905,4.883048979231887,567316000,-0.0008595283550930644,NVDA,375,1112,58.150001525878906,52.040000915527344,1.0
2017-10-19,4.875408172607422,4.880337449288368,4.74354050132985,4.792590212722617,570772000,0.0011135699360202977,NVDA,374,1111,57.22999954223633,51.290000915527344,1.0
2017-10-20,4.853224754333496,4.919528109046562,4.844351116105499,4.892415442013617,451620000,-0.004550063807695848,NVDA,373,1110,57.75,51.470001220703125,1.0
2017-10-23,4.846323490142822,4.901288805556554,4.826111809617768,4.874915176374962,428696000,-0.0014219955885026447,NVDA,370,1107,57.369998931884766,51.900001525878906,1.0
2017-10-24,4.897099494934082,4.898824859689682,4.829563452981556,4.855443924315561,407244000,0.010477221525664993,NVDA,369,1106,58.33000183105469,52.470001220703125,1.0
2017-10-25,4.7733635902404785,4.910407801844208,4.711989992215635,4.8576605541005495,828160000,-0.025267182098628993,NVDA,368,1105,58.439998626708984,52.18000030517578,1.0
2017-10-26,4.823399543762207,4.83498392950393,4.777061060542423,4.800969811050969,322744000,0.010482326052855262,NVDA,367,1104,59.29999923706055,52.63999938964844,1.0
2017-10-27,4.9754815101623535,4.975727856550621,4.849528927007057,4.8754098717026375,572192000,0.03153003706624813,NVDA,366,1103,60.439998626708984,53.900001525878906,1.0
2017-10-30,5.0242838859558105,5.079741900316777,4.959705415535346,4.975480513632072,504056000,0.009808573440335033,NVDA,363,1100,60.900001525878906,54.150001525878906,1.0
2017-10-31,5.097490310668945,5.124110297559878,5.050412288182127,5.056081546644549,411908000,0.01457051917742258,NVDA,362,1099,61.369998931884766,54.380001068115234,1.0
2017-11-01,5.1071014404296875,5.175376987141525,5.0430161321556355,5.160095051692335,502576000,0.0018854630759428392,NVDA,361,1098,61.290000915527344,54.29999923706055,-1.0
2017-11-02,5.076045036315918,5.122137190452961,5.019600693993222,5.077524054664331,342308000,-0.00608102354652984,NVDA,360,1097,60.619998931884766,54.540000915527344,1.0
2017-11-03,5.143826961517334,5.143826961517334,5.06125580977878,5.10710114333277,353640000,0.013353294684440131,NVDA,359,1096,62.06999969482422,55.63999938964844,-1.0
2017-11-06,5.16699743270874,5.175624257465878,5.094778451134223,5.107102352179651,389944000,0.004504519954646957,NVDA,356,1093,64.2699966430664,57.349998474121094,-1.0
2017-11-07,5.226151943206787,5.247596297681058,5.17759538803687,5.189672940245491,427700000,0.011448527170456968,NVDA,355,1092,63.689998626708984,57.20000076293945,-1.0
2017-11-08,5.155412673950195,5.225413592819289,5.108088314347517,5.221716046667525,522988000,-0.013535631957379723,NVDA,354,1091,63.4900016784668,56.810001373291016,-1.0
2017-11-09,5.060763359069824,5.085657975283052,4.938755152001494,5.059531157134242,978564000,-0.01835921212643654,NVDA,353,1090,63.93000030517578,57.16999816894531,1.0
2017-11-10,5.327455997467041,5.389815936826523,5.216292688625344,5.252032651006033,1253256000,0.05269810490531124,NVDA,352,1089,63.52000045776367,56.7400016784668,-1.0
2017-11-13,5.240941524505615,5.352843884486151,5.225659588441793,5.327456576623527,582376000,-0.016239359462107084,NVDA,349,1086,63.15999984741211,56.7599983215332,-1.0
2017-11-14,5.27914571762085,5.2944276531725345,5.206433585642095,5.250060864829348,529292000,0.007289566757537669,NVDA,348,1085,62.209999084472656,55.70000076293945,-1.0
2017-11-15,5.175625324249268,5.225415041844416,5.121892653294375,5.224182369409784,501948000,-0.019609307813961196,NVDA,347,1084,61.869998931884766,55.33000183105469,-1.0
2017-11-16,5.215799331665039,5.27963828684844,5.206926163044648,5.249567581938719,441768000,0.007762155275720106,NVDA,346,1083,61.36000061035156,55.13999938964844,-1.0
2017-11-17,5.2096381187438965,5.307984377038409,5.194602999228636,5.2727375737671665,515664000,-0.0011812595787069613,NVDA,345,1082,62.720001220703125,56.54999923706055,-1.0
2017-11-20,5.276682376861572,5.288759931879292,5.188441475086333,5.22516730305166,396100000,0.012869273563638872,NVDA,342,1079,62.220001220703125,56.09000015258789,-1.0
2017-11-21,5.3252387046813965,5.336823566394491,5.284569455748084,5.316365533673648,399176000,0.009202056207276321,NVDA,341,1078,62.56999969482422,56.83000183105469,-1.0
2017-11-22,5.3013129234313965,5.352370274959322,5.268754735039077,5.352370274959322,356640000,-0.004492903055963837,NVDA,340,1077,63.31999969482422,58.02000045776367,-1.0
2017-11-24,5.351383209228516,5.3523702201603385,5.293173086913779,5.317591963184642,180752000,0.009444884035389123,NVDA,338,1075,63.86000061035156,58.95000076293945,-1.0
2017-11-27,5.281826496124268,5.361248875245773,5.278619887135503,5.3600158174172,422896000,-0.012997894261113085,NVDA,335,1072,63.84000015258789,58.11000061035156,-1.0
2017-11-28,5.197225570678711,5.296380190043431,5.136302338755271,5.287007348943417,512752000,-0.016017361703879462,NVDA,334,1071,63.61000061035156,57.9900016784668,-1.0
2017-11-29,4.844759464263916,5.182673893764478,4.716746277438721,5.179960789134587,1396788000,-0.06781812750312588,NVDA,333,1070,63.11000061035156,57.29999923706055,1.0
2017-11-30,4.9505720138549805,4.999162777696398,4.850431335234813,4.913327641477254,823768000,0.021840619822627527,NVDA,332,1069,63.56999969482422,57.400001525878906,1.0
2017-12-01,4.87583589553833,4.936266081069458,4.7473297188750925,4.91604035658032,811548000,-0.015096461198319977,NVDA,331,1068,63.4900016784668,58.36000061035156,1.0
2017-12-04,4.604024410247803,4.940459139041359,4.550747466791511,4.934292438453037,1240844000,-0.055746643470763746,NVDA,328,1065,62.45000076293945,57.470001220703125,1.0
2017-12-05,4.630662441253662,4.753002373757933,4.454059030090378,4.498949670472915,981488000,0.005785814459751126,NVDA,327,1064,62.86000061035156,57.619998931884766,1.0
2017-12-06,4.668156147003174,4.689861455315125,4.559135158924664,4.580347432078045,467032000,0.008096834140940201,NVDA,326,1063,61.220001220703125,55.959999084472656,1.0
2017-12-07,4.7354912757873535,4.775202710101896,4.689367092409994,4.734751252731392,542600000,0.01442435228466099,NVDA,325,1062,62.20000076293945,56.689998626708984,1.0
2017-12-08,4.72315788269043,4.804306828533258,4.7147715836452955,4.78531416171226,466876000,-0.002604459047361063,NVDA,324,1061,63.400001525878906,57.36000061035156,1.0
2017-12-11,4.801347732543945,4.804307824798751,4.721432298463927,4.737217888978505,372748000,0.016554570436882576,NVDA,321,1058,64.69000244140625,57.9900016784668,1.0
2017-12-12,4.707126617431641,4.781122813156155,4.683694747534886,4.757937460813677,455016000,-0.019623889033003383,NVDA,320,1057,63.34000015258789,57.13999938964844,1.0
2017-12-13,4.5921854972839355,4.749303241559217,4.584785738024282,4.748070183575902,554280000,-0.02441853162012897,NVDA,319,1056,62.439998626708984,56.599998474121094,1.0
2017-12-14,4.599338054656982,4.67012762320997,4.5532138787023335,4.5857720652052345,438164000,0.0015575497499562552,NVDA,318,1055,63.310001373291016,57.040000915527344,1.0
2017-12-15,4.724883079528809,4.745108798381988,4.5783712879096905,4.643241122326029,670036000,0.027296324684094042,NVDA,317,1054,63.22999954223633,57.29999923706055,1.0
2017-12-18,4.881262302398682,4.8842219233909265,4.7357370184166525,4.765335110151839,477704000,0.033096950810784564,NVDA,314,1051,63.40999984741211,57.15999984741211,1.0
2017-12-19,4.837111473083496,4.877069416582788,4.808746437616341,4.871889726726696,373100000,-0.009044961442348565,NVDA,313,1050,63.79999923706055,57.459999084472656,1.0
2017-12-20,4.85413122177124,4.885455882477419,4.798634201462994,4.876330029894539,288820000,0.003518576899137482,NVDA,312,1049,64.55999755859375,58.09000015258789,1.0
2017-12-21,4.831686019897461,4.882496386005076,4.823299719644372,4.857584473220278,300904000,-0.0046239380124522,NVDA,311,1048,64.9000015258789,58.36000061035156,1.0
2017-12-22,4.8163933753967285,4.825766216012639,4.717238761153306,4.7949345901227485,466276000,-0.0031650741454960496,NVDA,310,1047,65.25,58.470001220703125,1.0
2017-12-26,4.869915962219238,4.877562237927142,4.731296929589327,4.7611420095520245,355080000,0.0111125862550836,NVDA,306,1043,67.0199966430664,59.970001220703125,1.0
2017-12-27,4.86325740814209,4.9323204237606095,4.842045609528948,4.856598141610662,329488000,-0.001367283158232202,NVDA,305,1042,66.44000244140625,59.63999938964844,1.0
2017-12-28,4.868930339813232,4.917767624290388,4.862764108680652,4.886935998174205,240248000,0.0011664880542092693,NVDA,304,1041,66.72000122070312,59.84000015258789,1.0
2017-12-29,4.772735595703125,4.895075553971699,4.772735595703125,4.895075553971699,279964000,-0.019756853640628846,NVDA,303,1040,66.5999984741211,60.41999816894531,1.0
2018-01-02,4.917026996612549,4.9207271111997,4.7974006219009935,4.8289717966898795,355616000,0.030232431278893523,NVDA,299,1036,66.56999969482422,60.369998931884766,1.0
2018-01-03,5.240634918212891,5.270973500617158,5.02555361990932,5.034186435117084,914704000,0.06581373700475557,NVDA,298,1035,67.83999633789062,61.630001068115234,1.0
2018-01-04,5.268260955810547,5.378268447512615,5.246062149382652,5.321784891005477,583268000,0.005271505844005153,NVDA,297,1034,68.06999969482422,62.0099983215332,1.0
2018-01-05,5.312905788421631,5.3501501614380835,5.206351418828045,5.283060704235155,580124000,0.008474301669100903,NVDA,296,1033,67.62000274658203,61.439998626708984,1.0
2018-01-08,5.475697040557861,5.549692755787042,5.391341473561443,5.436232596375194,881216000,0.03064071877408403,NVDA,293,1030,67.77999877929688,61.72999954223633,1.0
2018-01-09,5.474215507507324,5.520586193303134,5.392820054684219,5.481121759840608,497000000,-0.00027056519737367335,NVDA,292,1029,68.81999969482422,62.959999084472656,1.0
2018-01-10,5.51713228225708,5.520585407932473,5.327702934494961,5.381966405173004,582664000,0.007839803656048971,NVDA,291,1028,69.19999694824219,63.56999969482422,1.0
2018-01-11,5.527000904083252,5.581017879622063,5.50554164801738,5.549692747751451,406032000,0.001788723075919263,NVDA,290,1027,69.26000213623047,63.79999923706055,1.0
2018-01-12,5.499867916107178,5.549445214940854,5.459416938847152,5.515160467737318,359916000,-0.00490917017148107,NVDA,289,1026,69.87000274658203,64.30000305175781,1.0
2018-01-16,5.429078578948975,5.611601724843823,5.344723494451286,5.5262600999504325,702348000,-0.012871097676888987,NVDA,285,1022,69.1500015258789,63.72999954223633,1.0
2018-01-17,5.542786121368408,5.55265199651068,5.349903581327141,5.443631512218356,538408000,0.020944169579775407,NVDA,284,1021,69.37999725341797,63.970001220703125,1.0
2018-01-18,5.535879611968994,5.590143098878564,5.4924685401694004,5.523546680544163,408632000,-0.0012460357026564672,NVDA,283,1020,69.30999755859375,63.95000076293945,1.0
2018-01-19,5.675731658935547,5.699903545658723,5.599022849167659,5.625907839641956,609380000,0.025262841096504784,NVDA,282,1019,68.61000061035156,63.369998931884766,1.0
2018-01-22,5.764033794403076,5.7657603578654495,5.626154764467906,5.683624864195454,550944000,0.015557841838507613,NVDA,279,1016,69.02999877929688,63.4900016784668,1.0
2018-01-23,5.892785549163818,5.915477386203581,5.79881065145596,5.817309339606238,475228000,0.022337092278286397,NVDA,278,1015,69.95999908447266,64.47000122070312,-1.0
2018-01-24,5.816078186035156,5.931758418408328,5.760581162508873,5.8959936176410235,579972000,-0.013017165224949778,NVDA,277,1014,70.52999877929688,65.61000061035156,1.0
2018-01-25,5.829643726348877,5.913505784199402,5.814844678037979,5.870341226817161,409884000,0.0023324205555372846,NVDA,276,1013,70.41999816894531,65.51000213623047,1.0
2018-01-26,6.001805782318115,6.002052299757263,5.860473664919984,5.873299628552618,516356000,0.029532174529139477,NVDA,275,1012,70.5199966430664,66.13999938964844,-1.0
2018-01-29,6.088629722595215,6.119708338361881,5.934718571671923,5.987255503575934,455116000,0.014466302880524973,NVDA,272,1009,69.45999908447266,65.55999755859375,-1.0
2018-01-30,5.986762046813965,6.078023872790346,5.880454653575084,5.947051083034607,570832000,-0.016730804864551696,NVDA,271,1008,69.0199966430664,64.5,-1.0
2018-01-31,6.06273078918457,6.148319411253585,6.029432577356689,6.061990766194626,478576000,0.012689454128385513,NVDA,270,1007,69.05000305175781,64.7300033569336,-1.0
2018-02-01,5.932002544403076,6.089860733286407,5.87181935981952,5.883165277479743,519224000,-0.0215626009676535,NVDA,269,1006,69.08000183105469,65.80000305175781,-1.0
2018-02-02,5.759840488433838,5.869601464981013,5.701877355260887,5.845676094664038,718464000,-0.02902258633244781,NVDA,268,1005,68.58000183105469,65.44999694824219,1.0
2018-02-05,5.270974636077881,5.75268771025319,5.056386326444,5.599023095999776,1165204000,-0.08487489425056716,NVDA,265,1002,67.62000274658203,64.1500015258789,1.0
2018-02-06,5.5639967918396,5.566956412397252,5.031719549173129,5.041585891938201,1114800000,0.05559164594648025,NVDA,264,1001,66.86000061035156,63.38999938964844,1.0
2018-02-07,5.643420219421387,5.79560525767963,5.591623317199242,5.662659404856215,802932000,0.01427452792537065,NVDA,263,1000,65.51000213623047,61.790000915527344,1.0
2018-02-08,5.365196704864502,5.8017721938878655,5.364949716881092,5.7687209676278055,1144000000,-0.049300513472202656,NVDA,262,999,64.80999755859375,61.150001525878906,1.0
2018-02-09,5.724322319030762,5.8922929356700235,5.365195739853088,5.876507348422898,1674604000,0.0669361505125523,NVDA,261,998,62.790000915527344,59.20000076293945,1.0
2018-02-12,5.624429225921631,5.808185950302166,5.5504335010636145,5.805225857853972,1093172000,-0.017450640886700564,NVDA,258,995,62.59000015258789,59.290000915527344,1.0
2018-02-13,5.737887859344482,5.784012030050489,5.5558577625449335,5.588169427876423,625524000,0.020172470639322482,NVDA,257,994,62.720001220703125,59.189998626708984,1.0
2018-02-14,5.954696178436279,5.9835547195632675,5.68658442063882,5.6976838233451055,744988000,0.03778538800452713,NVDA,256,993,64.36000061035156,60.599998474121094,-1.0
2018-02-15,6.079996109008789,6.126120285881018,5.957163119469056,6.037818564393972,698900000,0.02104220380315258,NVDA,255,992,64.33000183105469,61.34000015258789,-1.0
2018-02-16,6.014387130737305,6.166325191511204,6.00526080761794,6.05286503380497,637656000,-0.01079095727944146,NVDA,254,991,64.83999633789062,61.68000030517578,-1.0
2018-02-20,6.143633842468262,6.212449871542913,6.033132826983067,6.0368329423039135,686240000,0.02148958969907766,NVDA,250,987,65.25,61.900001525878906,-1.0
2018-02-21,5.956915855407715,6.214915224753043,5.953216211274478,6.2080089714626165,892292000,-0.030392108619795466,NVDA,249,986,65.41999816894531,61.68000030517578,-1.0
2018-02-22,5.976414203643799,6.062302685013316,5.911010689034174,5.9907291074539275,534364000,0.0032732287494683376,NVDA,248,985,66.38999938964844,62.77000045776367,-1.0
2018-02-23,6.069706439971924,6.069706439971924,5.985545603419587,6.036140867773988,415300000,0.015610068704950963,NVDA,247,984,67.30999755859375,63.54999923706055,-1.0
2018-02-26,6.08574914932251,6.120301875973909,6.023553770604395,6.115859449796671,469312000,0.0026430782953417165,NVDA,244,981,67.5,63.90999984741211,-1.0
2018-02-27,6.072916507720947,6.143256270978782,6.049963418372065,6.059094943366212,455436000,-0.0021086379485409923,NVDA,243,980,66.62999725341797,63.0099983215332,-1.0
2018-02-28,5.972712516784668,6.123264036362615,5.9611124025141065,6.0837750668917785,523116000,-0.01650014302170666,NVDA,242,979,65.77999877929688,61.63999938964844,-1.0
2018-03-01,5.731088161468506,6.0242939219818235,5.630144306167082,5.9704900571951,1040120000,-0.04045471042464266,NVDA,241,978,65.70999908447266,60.9900016784668,1.0
2018-03-02,5.837955951690674,5.844373156399444,5.475397537269043,5.623728079531313,913428000,0.018647033026060633,NVDA,240,977,64.37000274658203,61.25,1.0
2018-03-05,5.815990924835205,5.855479897440104,5.664698439599098,5.7878549259364345,620776000,-0.0037624516247176665,NVDA,237,974,65.54000091552734,62.56999969482422,1.0
2018-03-06,5.976661205291748,5.99591234882591,5.858194295412294,5.901138538474955,636808000,0.027625607146403164,NVDA,236,973,65.79000091552734,62.599998474121094,-1.0
2018-03-07,5.96876335144043,6.020839588107905,5.8727557192066815,5.873989543534866,581208000,-0.0013214491469460965,NVDA,235,972,64.33999633789062,61.150001525878906,-1.0
2018-03-08,5.952473163604736,5.996157881288934,5.908294633822878,5.996157881288934,411912000,-0.0027292400245290116,NVDA,234,971,63.61000061035156,60.119998931884766,-1.0
2018-03-09,6.054898738861084,6.0677322060541785,5.983818503411695,5.999860572775875,505524000,0.01720723007750946,NVDA,233,970,65.48999786376953,62.040000915527344,-1.0
2018-03-12,6.164234161376953,6.244199256404852,6.087971010242875,6.096115851704075,605060000,0.01805734946715809,NVDA,230,967,64.94999694824219,61.36000061035156,-1.0
2018-03-13,6.113638401031494,6.281220077738094,6.07242179704679,6.206931239835149,619772000,-0.00820795560663079,NVDA,229,966,64.63999938964844,60.709999084472656,-1.0
2018-03-14,6.139058589935303,6.18373045941531,6.076863217447864,6.156581622197187,505496000,0.00415794772872391,NVDA,228,965,64.88999938964844,60.959999084472656,-1.0
2018-03-15,6.153867721557617,6.234819962080704,6.111910635589565,6.15263389729927,401952000,0.002412280548452994,NVDA,227,964,65.12000274658203,61.189998626708984,-1.0
2018-03-16,6.182002544403076,6.201006541300326,6.132641110004963,6.170155762487886,399456000,0.004571892689031909,NVDA,226,963,66.20999908447266,62.34000015258789,-1.0
2018-03-19,5.948030948638916,6.154113949382239,5.849308538979073,6.1252379446570435,713772000,-0.03784721764244303,NVDA,223,960,66.05000305175781,62.060001373291016,-1.0
2018-03-20,6.159791469573975,6.198539955665495,5.950993181224361,5.950993181224361,554696000,0.03560178532418634,NVDA,222,959,67.41999816894531,63.400001525878906,-1.0
2018-03-21,6.134616374969482,6.219517691114243,6.1042589350562935,6.153373231955915,438688000,-0.0040870043618916885,NVDA,221,958,69.47000122070312,65.16999816894531,-1.0
2018-03-22,5.969008922576904,6.117833246957646,5.9317414091867295,6.071433740536841,551196000,-0.026995567818762223,NVDA,220,957,68.91000366210938,64.30000305175781,-1.0
2018-03-23,5.749846935272217,5.985053134889505,5.7387406322745536,5.9825850152516145,735620000,-0.036716645953692506,NVDA,219,956,70.44999694824219,65.87999725341797,1.0
2018-03-26,6.033918857574463,6.0351526816287056,5.822159155652889,5.873988239350757,611424000,0.049405127736465104,NVDA,216,953,70.12000274658203,65.55000305175781,-1.0
2018-03-27,5.565976142883301,6.170158003265125,5.4260370987099735,6.114626487086599,1409000000,-0.07755203968375335,NVDA,215,952,70.11000061035156,65.25,1.0
2018-03-28,5.463057994842529,5.661490017910976,5.355697376563972,5.531670122241895,945904000,-0.01849058375364465,NVDA,214,951,69.52999877929688,64.37999725341797,1.0
2018-03-29,5.715786933898926,5.812287906499416,5.447014712459238,5.531175558931661,916628000,0.046261441722747376,NVDA,213,950,70.2699966430664,64.94000244140625,1.0
2018-04-02,5.455652236938477,5.791308899492361,5.368036128057173,5.645446498479544,922092000,-0.0455116154553723,NVDA,209,946,67.63999938964844,63.0099983215332,1.0
2018-04-03,5.561779499053955,5.685182639429229,5.4630570809028605,5.622247244965913,667432000,0.01945271756819933,NVDA,208,945,68.12000274658203,63.5099983215332,1.0
2018-04-04,5.583745956420898,5.594111775995737,5.281654810646992,5.306582205921579,789168000,0.003949537620230981,NVDA,207,944,68.0199966430664,63.369998931884766,1.0
2018-04-05,5.463797092437744,5.655071849370176,5.39247019266676,5.641991241895627,701240000,-0.0214817910627223,NVDA,206,943,68.33000183105469,63.540000915527344,1.0
2018-04-06,5.28782320022583,5.469225926853435,5.258700058045322,5.361371538375999,662988000,-0.03220725243539402,NVDA,205,942,67.11000061035156,62.060001373291016,1.0
2018-04-09,5.3164520263671875,5.4783569147246975,5.296460409398863,5.350758070404666,499524000,0.005414104265084818,NVDA,202,939,68.6500015258789,63.41999816894531,1.0
2018-04-10,5.624962329864502,5.651864031344383,5.4892185858877935,5.546231061922054,761676000,0.05802935904758355,NVDA,201,938,71.04000091552734,65.51000213623047,1.0
2018-04-11,5.583745956420898,5.651370925132224,5.551167531829788,5.610154317562081,460244000,-0.007327404349852129,NVDA,200,937,72.05999755859375,66.81999969482422,1.0
2018-04-12,5.790075778961182,5.807845957473086,5.632366562689012,5.676545102861869,593920000,0.03695186424142727,NVDA,199,936,72.0199966430664,67.06999969482422,1.0
2018-04-13,5.713564872741699,5.8618953948193875,5.6654377269575935,5.853503883993969,503036000,-0.013214145918002074,NVDA,198,935,72.58000183105469,67.38999938964844,1.0
2018-04-16,5.713318347930908,5.746637250650378,5.619285031639001,5.72022889331756,350792000,-4.3147284800593155e-05,NVDA,195,932,71.41999816894531,66.22000122070312,1.0
2018-04-17,5.862636089324951,5.883861537842281,5.709863135630631,5.765394640750435,447224000,0.026135029119831676,NVDA,194,931,71.58000183105469,66.5199966430664,1.0
2018-04-18,5.83375883102417,5.904839053906504,5.744908905480409,5.812286714686994,391364000,-0.004925644003959673,NVDA,193,930,73.4800033569336,68.47000122070312,1.0
2018-04-19,5.6528496742248535,5.7530530365769,5.597565320235047,5.719734139343891,471996000,-0.031010736309021514,NVDA,192,929,73.77999877929688,68.29000091552734,1.0
2018-04-20,5.644705772399902,5.728372793002783,5.613608320710985,5.644211960307537,386200000,-0.0014406719255395384,NVDA,191,928,74.05999755859375,68.37999725341797,1.0
2018-04-23,5.525497913360596,5.713564043088325,5.499583372585311,5.662475444237839,427508000,-0.02111852483475396,NVDA,188,925,74.70999908447266,68.63999938964844,1.0
2018-04-24,5.459354877471924,5.64692722765799,5.394198037519021,5.5511667455195965,414596000,-0.011970511422823793,NVDA,187,924,73.86000061035156,67.69999694824219,1.0
2018-04-25,5.347305774688721,5.468734626217747,5.190337035569514,5.429738994494694,588492000,-0.020524238723805044,NVDA,186,923,74.0,68.05000305175781,1.0
2018-04-26,5.558568954467773,5.566713792376181,5.442816883138671,5.508714186028994,375824000,0.03950834096285627,NVDA,185,922,74.73999786376953,68.19000244140625,1.0
2018-04-27,5.585965156555176,5.683947540617219,5.543761408755277,5.6642030614143914,400848000,0.004928643021578916,NVDA,184,921,74.63999938964844,68.0999984741211,1.0
2018-04-30,5.550671577453613,5.65186208536608,5.531420911599946,5.602253984691383,327844000,-0.006318259801557313,NVDA,181,918,75.16999816894531,68.56999969482422,1.0
2018-05-01,5.60595703125,5.608671820767293,5.484034407669387,5.54252783597705,253788000,0.009960137800433255,NVDA,180,917,75.16999816894531,67.25,1.0
2018-05-02,5.585473537445068,5.6469279713493705,5.559311847293387,5.602503232504488,268248000,-0.003653879915730296,NVDA,179,916,73.36000061035156,67.93000030517578,1.0
2018-05-03,5.75033712387085,5.77649880109162,5.572143032131008,5.617308702323484,443144000,0.029516492258093052,NVDA,178,915,73.62000274658203,68.43000030517578,1.0
2018-05-04,5.90015172958374,5.9033603321511885,5.704434504900312,5.7217108714239835,400660000,0.026053186532486672,NVDA,177,914,74.87000274658203,69.72000122070312,1.0
2018-05-07,6.13757848739624,6.194590959421235,5.994677536654166,6.004550013665405,687616000,0.04024078849057844,NVDA,174,911,76.16999816894531,70.7300033569336,1.0
2018-05-08,6.180027961730957,6.1827427510599895,6.088956124040199,6.137823744199299,506616000,0.006916322849783274,NVDA,173,910,74.8499984741211,69.05999755859375,1.0
2018-05-09,6.312809467315674,6.315030915426905,6.172870475691632,6.200019311349808,596760000,0.021485583302688793,NVDA,172,909,77.20999908447266,71.13999938964844,1.0
2018-05-10,6.420171737670898,6.429303261016274,6.347857209278967,6.36562738531591,994080000,0.017007050650124755,NVDA,171,908,77.47000122070312,71.36000061035156,1.0
2018-05-11,6.281960487365723,6.411780841193314,6.183485203739903,6.238769573494749,1214456000,-0.021527656261001504,NVDA,170,907,77.12000274658203,70.69999694824219,1.0
2018-05-14,6.302444934844971,6.379695702732293,6.278751837226178,6.319968440415287,523140000,0.0032608367277136008,NVDA,167,904,78.2300033569336,70.95999908447266,1.0
2018-05-15,6.060574054718018,6.241730123647981,5.960370685970159,6.239014863309367,963528000,-0.038377309540571614,NVDA,166,903,78.43000030517578,71.30999755859375,1.0
2018-05-16,6.071680068969727,6.133628297596032,5.985297793663824,6.022071963639038,553828000,0.0018325020289229332,NVDA,165,902,79.27999877929688,71.48999786376953,1.0
2018-05-17,6.113638401031494,6.207177910542902,6.057366410452623,6.073408950623425,519784000,0.006910497849878849,NVDA,164,901,79.30000305175781,71.48999786376953,1.0
2018-05-18,6.069952011108398,6.228648320560851,6.065015773834934,6.165466272293395,483716000,-0.007145726825408039,NVDA,163,900,78.51000213623047,71.27999877929688,1.0
2018-05-21,6.027998447418213,6.17089944573793,5.935446062978598,6.167197500998991,640624000,-0.00691167963328343,NVDA,160,897,79.22000122070312,72.23999786376953,1.0
2018-05-22,5.989987850189209,6.066497656515398,5.929520111309346,6.041323595806813,518264000,-0.006305674687969387,NVDA,159,896,79.56999969482422,72.12999725341797,1.0
2018-05-23,6.113220691680908,6.114455749992318,5.933187626474796,5.933928567254295,442956000,0.02057313713713227,NVDA,158,895,79.80000305175781,71.83999633789062,1.0
2018-05-24,6.116924285888672,6.15915460865383,6.056419623975266,6.109515820940645,437372000,0.0006058335523211333,NVDA,157,894,78.79000091552734,70.70999908447266,1.0
2018-05-25,6.156190872192383,6.172490154599155,6.093957505386535,6.129519361984635,292112000,0.006419335023370554,NVDA,156,893,76.44000244140625,67.87999725341797,1.0
2018-05-29,6.139151096343994,6.207065170517283,6.09247606783913,6.138163332343845,352684000,-0.002767908955740417,NVDA,152,889,75.38999938964844,66.7300033569336,1.0
2018-05-30,6.247814178466797,6.256457703695147,6.148042932381396,6.172738920621021,390996000,0.01770001754599493,NVDA,151,888,77.5,68.20999908447266,1.0
2018-05-31,6.228055477142334,6.3023902412130335,6.205335495580934,6.215954545718186,493868000,-0.0031624982369933274,NVDA,150,887,77.58999633789062,67.04000091552734,1.0
2018-06-01,6.362155914306641,6.368330264555353,6.26411337467684,6.272756899780888,421968000,0.02153167030327041,NVDA,149,886,77.58999633789062,65.80999755859375,1.0
2018-06-04,6.540705680847168,6.5626847221053835,6.36413005494326,6.396234500090947,642024000,0.028064349403795763,NVDA,146,883,75.29000091552734,64.75,-1.0
2018-06-05,6.546139240264893,6.583677096773673,6.499216919628917,6.543916418088703,391712000,0.0008307298451963874,NVDA,145,882,75.37999725341797,65.5199966430664,-1.0
2018-06-06,6.548115253448486,6.551325839817572,6.439947320258317,6.456246604314873,371356000,0.0003018593267065661,NVDA,144,881,75.36000061035156,64.7300033569336,-1.0
2018-06-07,6.492549419403076,6.556264669584595,6.402409010385018,6.544410560007406,369448000,-0.008485775203200152,NVDA,143,880,77.31999969482422,65.94999694824219,-1.0
2018-06-08,6.477236270904541,6.519712936660344,6.4011728127842575,6.419941736386791,360456000,-0.002358572497387801,NVDA,142,879,76.45999908447266,65.73999786376953,-1.0
2018-06-11,6.436242580413818,6.506131708027877,6.423400706985754,6.464642795892608,265372000,-0.006328886082921592,NVDA,139,876,76.45999908447266,66.0999984741211,1.0
2018-06-12,6.484647750854492,6.496748686247066,6.412535785065475,6.462668702728651,319160000,0.007520718778993185,NVDA,138,875,75.87999725341797,66.36000061035156,-1.0
2018-06-13,6.480201721191406,6.560957201601177,6.471064079513934,6.486128776463721,338208000,-0.0006856239280691456,NVDA,137,874,76.73999786376953,66.63999938964844,-1.0
2018-06-14,6.591579437255859,6.648133043170649,6.510329849227607,6.525147721117693,430016000,0.01718738410568732,NVDA,136,873,75.94000244140625,66.88999938964844,-1.0
2018-06-15,6.5508317947387695,6.605656702720537,6.503662646855872,6.53453251050194,432260000,-0.00618177219966165,NVDA,135,872,73.44000244140625,65.05999755859375,-1.0
2018-06-18,6.546633720397949,6.564167591402365,6.479707880615835,6.506873039510518,356268000,-0.0006408459982428782,NVDA,132,869,75.33999633789062,65.8499984741211,-1.0
2018-06-19,6.425128936767578,6.510823694363652,6.297945270102739,6.443650569300422,594932000,-0.01855988723667057,NVDA,131,868,75.08000183105469,65.06999969482422,1.0
2018-06-20,6.47797966003418,6.5308285712775636,6.4278467467428735,6.466125548958562,369780000,0.008225628432787513,NVDA,130,867,74.73999786376953,66.22000122070312,-1.0
2018-06-21,6.349559783935547,6.528110946159926,6.341904024848245,6.5098361362595965,359516000,-0.019824062877337734,NVDA,129,866,73.05000305175781,65.54000091552734,1.0
2018-06-22,6.197433948516846,6.383641374257668,6.182122898633195,6.370305381508679,434160000,-0.023958485406119223,NVDA,128,865,75.55000305175781,68.58000183105469,1.0
2018-06-25,5.905282020568848,6.094946389709086,5.8168707737489385,6.091242156538294,665816000,-0.04714078929682097,NVDA,125,862,74.7300033569336,68.08000183105469,1.0
2018-06-26,5.976158618927002,6.066545860395572,5.924791119543864,6.018388947483066,478884000,0.012002237676588923,NVDA,124,861,76.30999755859375,70.52999877929688,1.0
2018-06-27,5.821316719055176,6.085809553717305,5.815883309176442,6.019624639226535,453892000,-0.025909938096594143,NVDA,123,860,77.62000274658203,72.76000213623047,1.0
2018-06-28,5.948251724243164,5.960105833447963,5.8037805337442965,5.8114362929792005,338012000,0.021805205130393635,NVDA,122,859,77.8499984741211,73.44999694824219,1.0
2018-06-29,5.8504557609558105,6.025796332521215,5.84922070282554,6.013201754227096,392300000,-0.016441127212012296,NVDA,121,858,79.44000244140625,74.1500015258789,1.0
2018-07-02,5.9823317527771,5.986035985006223,5.760562515744338,5.781060146680569,357572000,0.022541148452295046,NVDA,118,855,77.30000305175781,73.94000244140625,1.0
2018-07-03,5.848974227905273,6.02283339951854,5.840577527851417,6.016906344835624,222732000,-0.02229189727064529,NVDA,117,854,77.76000213623047,74.13999938964844,1.0
2018-07-05,5.994434833526611,5.999373654590592,5.865275124207894,5.904047578021863,306216000,0.024869421535036018,NVDA,115,852,77.38999938964844,72.94000244140625,1.0
2018-07-06,6.108035087585449,6.116431789072338,5.9487464667498715,5.969985043735303,296352000,0.018950953211381405,NVDA,114,851,77.11000061035156,73.80000305175781,1.0
2018-07-09,6.15545129776001,6.191754574158034,6.076918631116165,6.182123284924595,303880000,0.007762923672611777,NVDA,111,848,78.06999969482422,73.8499984741211,1.0
2018-07-10,6.25423526763916,6.276214315335852,6.12754521237883,6.1677995454859555,360016000,0.016048209156507953,NVDA,110,847,78.86000061035156,74.11000061035156,1.0
2018-07-11,6.112973213195801,6.196198329275567,6.102353691210243,6.161624236849754,367508000,-0.022586623047949783,NVDA,109,846,73.4000015258789,70.37999725341797,1.0
2018-07-12,6.204347610473633,6.25225769246666,6.1482881230165365,6.158166704103899,345508000,0.014947619446554539,NVDA,108,845,74.44999694824219,70.33000183105469,1.0
2018-07-13,6.15717887878418,6.222870128482694,6.115195848443232,6.222870128482694,246988000,-0.007602528847646561,NVDA,107,844,75.33000183105469,71.01000213623047,1.0
2018-07-16,6.129519939422607,6.182369318371083,6.117172182602028,6.129519939422607,197036000,-0.0044921448452434065,NVDA,104,841,71.83999633789062,68.05999755859375,1.0
2018-07-17,6.265100955963135,6.280165654154368,6.054938948356211,6.080375876369563,362136000,0.02211935320880909,NVDA,103,840,72.16000366210938,68.08000183105469,1.0
2018-07-18,6.215954780578613,6.271520620570247,6.165081407827234,6.257690984134403,277640000,-0.007844434707431791,NVDA,102,839,72.9000015258789,68.76000213623047,1.0
2018-07-19,6.224103927612305,6.257690724461805,6.182121373623716,6.197185596529078,235752000,0.001311004877183608,NVDA,101,838,72.58000183105469,69.45999908447266,1.0
2018-07-20,6.195952892303467,6.2604090951912506,6.185086544665598,6.221636644148038,222352000,-0.004522905728477689,NVDA,100,837,73.06999969482422,70.45999908447266,1.0
2018-07-23,6.159400463104248,6.171254570400656,6.00801447844696,6.169525866046455,301584000,-0.005899403987500218,NVDA,97,834,73.05999755859375,67.88999938964844,1.0
2018-07-24,6.142115116119385,6.293747965843255,6.124580773514485,6.207312253221584,354620000,-0.0028063359556510514,NVDA,96,833,73.44000244140625,68.5199966430664,1.0
2018-07-25,6.220155715942383,6.232750770519087,6.093712465620676,6.15150115164814,319112000,0.012705818492100285,NVDA,95,832,73.93000030517578,69.30000305175781,1.0
2018-07-26,6.293500900268555,6.330297820610557,6.183357433539448,6.200150835964377,325124000,0.01179153507977082,NVDA,94,831,74.54000091552734,69.61000061035156,1.0
2018-07-27,6.223857402801514,6.336964611279997,6.170020267017301,6.3300497930174995,295420000,-0.011065939064864416,NVDA,93,830,74.29000091552734,68.69000244140625,1.0
2018-07-30,6.029006481170654,6.243860889699436,5.9941850983870015,6.2379338357993115,340340000,-0.03130709928269759,NVDA,90,827,74.97000122070312,70.12999725341797,1.0
2018-07-31,6.0470380783081055,6.121619707480219,5.97986538869609,6.018637849883094,283988000,0.002990807389868566,NVDA,89,826,74.25,68.76000213623047,1.0
2018-08-01,6.08679723739624,6.133472747683853,6.023081969868773,6.078401005943569,283556000,0.00657498077129004,NVDA,88,825,74.25,67.66000366210938,1.0
2018-08-02,6.1892828941345215,6.193233949425713,5.9568946152616356,6.0156705665295025,269668000,0.016837369923976997,NVDA,87,824,73.44999694824219,68.95999908447266,1.0
2018-08-03,6.225834369659424,6.249542592631869,6.196940502828129,6.213733434902965,214288000,0.00590560750738045,NVDA,86,823,73.20999908447266,68.48999786376953,1.0
2018-08-06,6.273495674133301,6.2769530829809215,6.166809646242912,6.213237842492863,207508000,0.00765540835878098,NVDA,83,820,73.75,69.01000213623047,1.0
2018-08-07,6.345609188079834,6.364131294951758,6.295476747349991,6.322148260940575,258132000,0.011494949178632474,NVDA,82,819,74.6500015258789,69.16999816894531,1.0
2018-08-08,6.3819122314453125,6.426859030354189,6.312023093891665,6.346844486555111,262100000,0.005720970562396621,NVDA,81,818,72.27999877929688,66.94000244140625,1.0
2018-08-09,6.333508491516113,6.402409864954763,6.325852731018846,6.399693395946719,204280000,-0.007584519838850445,NVDA,80,817,72.06999969482422,66.80999755859375,1.0
2018-08-10,6.292266368865967,6.324618115629183,6.240652044831633,6.251765215114743,256396000,-0.00651173401052374,NVDA,79,816,72.80999755859375,67.62999725341797,1.0
2018-08-13,6.3251118659973145,6.445628036180224,6.299181291923259,6.300909996861529,375208000,0.005219978813018278,NVDA,76,813,72.61000061035156,67.19999694824219,1.0
2018-08-14,6.4562458992004395,6.470322830415404,6.347337037124369,6.430315329905347,466220000,0.020732286792914723,NVDA,75,812,72.45999908447266,67.04000091552734,1.0
2018-08-15,6.398212909698486,6.510826039909125,6.319679765198901,6.476992406460333,591136000,-0.008988658487920964,NVDA,74,811,70.76000213623047,65.01000213623047,1.0
2018-08-16,6.357711315155029,6.470324917045041,6.29770028055519,6.467855270929541,801260000,-0.006330141730992445,NVDA,73,810,71.43000030517578,65.45999908447266,1.0
2018-08-17,6.046048164367676,6.247319809341985,6.019129356595547,6.246578868545709,1143188000,-0.04902128066816036,NVDA,72,809,71.83000183105469,65.91000366210938,1.0
2018-08-20,6.120628833770752,6.252998616949036,5.8954021785512305,6.005546096413886,854388000,0.012335440832677458,NVDA,69,806,72.20999908447266,66.43000030517578,1.0
2018-08-21,6.255961894989014,6.260407067707741,6.117170950666356,6.136927640222526,673988000,0.02211097338096324,NVDA,68,805,72.62999725341797,67.3499984741211,1.0
2018-08-22,6.490573406219482,6.495512697038599,6.219906769638315,6.223364179004357,749856000,0.03750206845383608,NVDA,67,804,74.77999877929688,67.86000061035156,1.0
2018-08-23,6.589853286743164,6.655050441011364,6.438220397095309,6.452050039390155,720684000,0.01529601073898168,NVDA,66,803,74.7300033569336,67.83000183105469,-1.0
2018-08-24,6.722715377807617,6.737285957048397,6.593802986980405,6.598248160623286,531512000,0.020161615939422006,NVDA,65,802,75.81999969482422,68.72000122070312,-1.0
2018-08-27,6.813596248626709,6.8876837319511655,6.720986658952772,6.752350168671855,505776000,0.013518476643991084,NVDA,62,799,76.20999908447266,68.87000274658203,-1.0
2018-08-28,6.776057243347168,6.830388494896594,6.656282043562281,6.807668042003626,475384000,-0.005509426139992835,NVDA,61,798,75.94999694824219,68.52999877929688,-1.0
2018-08-29,6.881320953369141,6.906277405595587,6.747643010485658,6.768398815747922,420108000,0.015534654776613976,NVDA,60,797,77.13999938964844,69.51000213623047,-1.0
2018-08-30,6.864518165588379,6.961132100361953,6.827701119628795,6.850186574674709,346608000,-0.0024417968431679204,NVDA,59,796,77.7699966430664,70.25,-1.0
2018-08-31,6.935433864593506,6.948282762564248,6.834619289347884,6.844503274538157,306592000,0.01033076135782185,NVDA,58,795,77.41999816894531,69.80000305175781,-1.0
2018-09-04,7.010056495666504,7.04761441530764,6.89392202218405,6.92233777363557,391720000,0.010759619733951897,NVDA,54,791,78.16999816894531,69.87000274658203,-1.0
2018-09-05,6.879591464996338,7.027847971124166,6.798791803475587,6.992513613013579,393156000,-0.018611123997476664,NVDA,53,790,77.2699966430664,68.72000122070312,-1.0
2018-09-06,6.738747596740723,6.865753901185525,6.705884237101798,6.863282904561591,322796000,-0.020472708150220065,NVDA,52,789,76.5,67.7699966430664,-1.0
2018-09-07,6.717496871948242,6.84277350719621,6.602103750427109,6.646827698670961,295420000,-0.0031535125017531085,NVDA,51,788,76.83000183105469,67.75,-1.0
2018-09-10,6.788412094116211,6.818063575972018,6.696246249083393,6.739981890261761,220140000,0.010556792733928289,NVDA,48,785,77.37000274658203,67.54000091552734,-1.0
2018-09-11,6.740725040435791,6.8296785672237945,6.721451454247189,6.742207261454575,243112000,-0.007024772954157044,NVDA,47,784,79.05999755859375,69.25,-1.0
2018-09-12,6.627060890197754,6.720462484681511,6.47188579678032,6.70094194213746,419092000,-0.016862303321407812,NVDA,46,783,79.73999786376953,70.37000274658203,-1.0
2018-09-13,6.704647541046143,6.795083735934499,6.675490446929424,6.692786948304712,305536000,0.011707550622199525,NVDA,45,782,78.18000030517578,68.58999633789062,-1.0
2018-09-14,6.830419540405273,6.896393689207975,6.758021177420126,6.794838225891879,386936000,0.018758927831649563,NVDA,44,781,78.08999633789062,68.98999786376953,-1.0
2018-09-17,6.768645763397217,6.8538934938683935,6.749372650339453,6.804968893843612,205528000,-0.009043921334939142,NVDA,41,778,78.05000305175781,68.91000366210938,-1.0
2018-09-18,6.696740627288818,6.875142504579018,6.690069455793789,6.77259875164951,299520000,-0.010623267729157782,NVDA,40,777,79.02999877929688,69.8499984741211,-1.0
2018-09-19,6.720462322235107,6.738253213919687,6.62829646388271,6.678209366866817,224860000,0.0035422747074336236,NVDA,39,776,79.4000015258789,71.12000274658203,-1.0
2018-09-20,6.579618453979492,6.6408975601703295,6.5257518654368365,6.598644607174881,430584000,-0.020957467135798602,NVDA,38,775,78.69999694824219,70.80000305175781,-1.0
2018-09-21,6.50969123840332,6.636944968454805,6.476580921521153,6.59147966883762,435128000,-0.010627852673414262,NVDA,37,774,78.80000305175781,70.77999877929688,-1.0
2018-09-24,6.565287113189697,6.568746413902042,6.391827218478683,6.478804124086679,293912000,0.008540477996620499,NVDA,34,771,81.19999694824219,72.08000183105469,-1.0
2018-09-25,6.63224983215332,6.657206284213501,6.54576683950899,6.63126152780852,280388000,0.01019951112710582,NVDA,33,770,81.87000274658203,72.27999877929688,-1.0
2018-09-26,6.595431804656982,6.67746717990424,6.579617994902832,6.637190838252575,268548000,-0.005551363176616642,NVDA,32,769,81.33999633789062,71.56999969482422,-1.0
2018-09-27,6.607292175292969,6.65176916175962,6.5759115150664655,6.630518972690883,214428000,0.001798270528339252,NVDA,31,768,81.72000122070312,72.12000274658203,-1.0
2018-09-28,6.943836688995361,6.966075190792515,6.711074237652243,6.738996079702265,709396000,0.05093531582587696,NVDA,30,767,82.72000122070312,73.25,-1.0
2018-10-01,7.149911403656006,7.216626418157375,6.982875730926572,7.021422424633364,622060000,0.029677356177922887,NVDA,27,764,84.9800033569336,75.30000305175781,-1.0
2018-10-02,7.078749179840088,7.233923806628516,7.056510681851803,7.1224848297111265,383964000,-0.009952881902778543,NVDA,26,763,84.80000305175781,75.2300033569336,-1.0
2018-10-03,7.084926128387451,7.156336182864405,6.981146632707836,7.1489231934250075,320552000,0.000872604522414111,NVDA,25,762,86.29000091552734,76.41000366210938,-1.0
2018-10-04,6.901088237762451,7.073065443161982,6.824241803496959,7.048850337782409,391220000,-0.025947749813284515,NVDA,24,761,84.58000183105469,74.33000183105469,-1.0
2018-10-05,6.668076515197754,6.938397228730931,6.61075063925457,6.876376790776237,426636000,-0.03376448967710155,NVDA,23,760,84.16000366210938,74.33999633789062,-1.0
2018-10-08,6.567015647888184,6.700199173981575,6.426419133830126,6.585053494437339,408612000,-0.015155924962653722,NVDA,20,757,83.91000366210938,74.29000091552734,-1.0
2018-10-09,6.561333656311035,6.64089756978881,6.493629865346399,6.546507678404485,273500000,-0.0008652319229627281,NVDA,19,756,85.0,74.95999908447266,-1.0
2018-10-10,6.070853233337402,6.5012911733216665,6.068629194797601,6.4555784388165875,684940000,-0.07475315974853114,NVDA,18,755,83.08999633789062,73.16999816894531,-1.0
2018-10-11,5.809920787811279,6.1170586080207165,5.788423638256717,5.9838745927855195,725436000,-0.04298118163905562,NVDA,17,754,80.26000213623047,70.97000122070312,-1.0
2018-10-12,6.091855049133301,6.165983528734327,5.921607494025776,6.066404681163061,608236000,0.048526352013868346,NVDA,16,753,80.43000030517578,71.33999633789062,-1.0
2018-10-15,5.816099166870117,6.078513088385394,5.815110862410267,6.078513088385394,449760000,-0.045266323646754536,NVDA,13,750,80.77999877929688,71.77999877929688,-1.0
2018-10-16,6.074312210083008,6.085431459598973,5.879355141777879,5.9285267036712055,408712000,0.04439625869581687,NVDA,12,749,81.41000366210938,71.91999816894531,-1.0
2018-10-17,6.005866527557373,6.174384905851646,5.956941928303111,6.136332125568738,329668000,-0.011268054745691036,NVDA,11,748,80.05000305175781,69.75,-1.0
2018-10-18,5.918642044067383,6.113352131957192,5.858351239511551,6.075052865651475,524020000,-0.014523213776025279,NVDA,10,747,79.29000091552734,68.6500015258789,-1.0
2018-10-19,5.662652969360352,5.993264568527614,5.626330310891647,5.973744497573199,613608000,-0.043251318934488525,NVDA,9,746,79.77999877929688,69.12000274658203,-1.0
2018-10-22,5.713306427001953,5.814614911975951,5.6107626796087064,5.71478911894051,368844000,0.008945181333851693,NVDA,6,743,79.83000183105469,69.16999816894531,-1.0
2018-10-23,5.462259292602539,5.53959963408011,5.354773080859697,5.446691969721979,626436000,-0.04394077888294723,NVDA,5,742,76.44000244140625,66.43000030517578,-1.0
2018-10-24,4.927300930023193,5.470413473372287,4.913463727809758,5.423959874143082,884288000,-0.09793719666582512,NVDA,4,741,76.16999816894531,66.81999969482422,-1.0
2018-10-25,5.1356024742126465,5.182797430693014,4.78571723338367,4.829947276381597,951720000,0.042274979171704974,NVDA,3,740,76.88999938964844,67.33000183105469,-1.0
2018-10-26,4.8996262550354,5.061472497382579,4.771878628562228,4.900120171490404,664784000,-0.04594908199420644,NVDA,2,739,77.62000274658203,67.58999633789062,-1.0
2018-10-29,4.5865583419799805,5.043929239272605,4.3491009273157415,5.040469938771781,758016000,-0.0638962844836739,NVDA,1462,736,77.33999633789062,67.04000091552734,1.0
2018-10-30,5.0160088539123535,5.025892841793666,4.586559666171252,4.609539513830269,807192000,0.09363241016726764,NVDA,1461,735,75.91000366210938,66.18000030517578,-1.0
2018-10-31,5.209482669830322,5.252971359393127,5.040964292333446,5.180325571282585,745772000,0.038571266828419715,NVDA,1460,734,75.47000122070312,65.30999755859375,-1.0
2018-11-01,5.389368057250977,5.398757656723048,5.119541140694787,5.245806110034858,566528000,0.034530374476994474,NVDA,1459,733,75.5,63.689998626708984,-1.0
2018-11-02,5.310543537139893,5.485486106246861,5.1941621159627385,5.379976973905602,452960000,-0.014625930029965484,NVDA,1458,732,72.83000183105469,63.13999938964844,-1.0
2018-11-05,5.2327070236206055,5.320672665931782,5.072343056614826,5.297445404225652,379332000,-0.014656976818837597,NVDA,1455,729,73.16999816894531,63.099998474121094,-1.0
2018-11-06,5.215164661407471,5.30881318838557,5.178100195210518,5.224801215249202,299012000,-0.0033524449455984984,NVDA,1454,728,72.12999725341797,62.209999084472656,-1.0
2018-11-07,5.282621383666992,5.372069271192832,5.218129943136577,5.281633079522762,483812000,0.012934725294237559,NVDA,1453,727,72.06999969482422,61.66999816894531,-1.0
2018-11-08,5.08989143371582,5.224310303122951,5.0365187365510815,5.2235689567505075,511352000,-0.03648377121007795,NVDA,1452,726,70.6500015258789,60.66999816894531,-1.0
2018-11-09,5.081981182098389,5.172170418215048,4.96757684420411,5.0011815425701975,413240000,-0.0015541100867169089,NVDA,1451,725,70.18000030517578,60.189998626708984,-1.0
2018-11-12,4.683420181274414,5.012796555833674,4.661675598302019,4.990805014573588,617116000,-0.07842630394381067,NVDA,1448,722,70.12000274658203,59.93000030517578,-1.0
2018-11-13,4.924831390380859,5.04590741685428,4.7748452171352085,4.78102294534574,644712000,0.05154592151942139,NVDA,1447,721,65.47000122070312,55.689998626708984,-1.0
2018-11-14,4.872447490692139,5.1118815888833815,4.76471475363379,5.097549994619408,526580000,-0.010636688961785934,NVDA,1446,720,66.12000274658203,56.25,-1.0
2018-11-15,5.000933647155762,5.072838064354155,4.830685678075343,4.866514407587798,840708000,0.026369941740587377,NVDA,1445,719,66.62000274658203,56.459999084472656,-1.0
2018-11-16,4.062966823577881,4.216906185200407,3.9932859463314143,4.0355393745942125,1963520000,-0.18755834205305677,NVDA,1444,718,66.76000213623047,56.459999084472656,-1.0
2018-11-19,3.5754499435424805,3.9984745737201535,3.573720293229498,3.9977336989811865,1697820000,-0.11999036694227527,NVDA,1441,715,66.79000091552734,56.7599983215332,1.0
2018-11-20,3.6836774349212646,3.811672043149815,3.294010270898075,3.312542274195283,1692032000,0.030269614478661833,NVDA,1440,714,62.529998779296875,53.43000030517578,1.0
2018-11-21,3.5756969451904297,3.837369476002701,3.548516691992622,3.8205671248087554,1025496000,-0.029313231584063182,NVDA,1439,713,63.47999954223633,54.630001068115234,1.0
2018-11-23,3.5828630924224854,3.696279150859607,3.5282553867654127,3.5411042864079247,411968000,0.0020041260044967313,NVDA,1437,711,58.79999923706055,50.41999816894531,1.0
2018-11-26,3.781773805618286,3.7921517085392544,3.6214097555911566,3.7036921041454702,814832000,0.055517252003428164,NVDA,1434,708,60.47999954223633,51.630001068115234,1.0
2018-11-27,3.7985758781433105,3.8796227224228974,3.7200000302761524,3.755828535667613,738060000,0.004442907849238065,NVDA,1433,707,60.209999084472656,51.560001373291016,1.0
2018-11-28,3.955232858657837,3.960421808996925,3.7837495966615347,3.915944822493707,804524000,0.04124097702402563,NVDA,1432,706,58.7599983215332,50.290000915527344,-1.0
2018-11-29,3.8921611309051514,3.9945602780610026,3.861985568722618,3.957459192484639,549172000,-0.01594640063090702,NVDA,1431,705,59.5099983215332,51.45000076293945,-1.0
2018-11-30,4.042297840118408,4.052933331893238,3.8515975377799516,3.901807824656327,729564000,0.038574124802058574,NVDA,1430,704,58.709999084472656,50.93000030517578,-1.0
2018-12-03,4.205789566040039,4.3205560529829405,4.139007330833629,4.269109039647563,890804000,0.04044524485529788,NVDA,1427,701,61.689998626708984,52.95000076293945,-1.0
2018-12-04,3.8859782218933105,4.1662156955217515,3.8708902028743837,4.161268757636926,812112000,-0.07604073839762904,NVDA,1426,700,62.08000183105469,53.25,-1.0
2018-12-06,3.9151642322540283,3.9201109339239735,3.7301529664919557,3.7457353951942864,692308000,0.00751059545220456,NVDA,1424,698,60.060001373291016,51.4900016784668,-1.0
2018-12-07,3.6510040760040283,3.9295104207730804,3.601783314930206,3.919369339043974,681676000,-0.067471028181599,NVDA,1423,697,61.66999816894531,52.61000061035156,-1.0
2018-12-10,3.756122589111328,3.7808567979198497,3.602523666635124,3.606233868721272,629472000,0.028791672350678477,NVDA,1420,694,59.970001220703125,51.0,-1.0
2018-12-11,3.6653499603271484,3.8558025958132554,3.5864480429952077,3.8476403366369505,671912000,-0.024166577802152034,NVDA,1419,693,60.20000076293945,51.650001525878906,-1.0
2018-12-12,3.682910919189453,3.778879199222778,3.581995701440331,3.671038457377919,654136000,0.004791072899553939,NVDA,1418,692,60.150001525878906,51.150001525878906,-1.0
2018-12-13,3.682663679122925,3.793719983726307,3.646799322256131,3.7296586464582924,471384000,-6.713169879835057e-05,NVDA,1417,691,61.45000076293945,52.58000183105469,-1.0
2018-12-14,3.622312307357788,3.7247114637579677,3.5988148252338936,3.6411100571739334,471820000,-0.016387967249702817,NVDA,1416,690,60.279998779296875,51.20000076293945,-1.0
2018-12-17,3.5513248443603516,3.6643597162474855,3.4934469535251655,3.5923835734899243,662868000,-0.019597278471335522,NVDA,1413,687,59.61000061035156,49.880001068115234,-1.0
2018-12-18,3.634432554244995,3.7182811795598885,3.567897741740048,3.595105195567536,564372000,0.023401889020831845,NVDA,1412,686,56.2599983215332,46.2400016784668,-1.0
2018-12-19,3.4259233474731445,3.6542193866108357,3.374476326159526,3.600793542984009,745364000,-0.057370498326709374,NVDA,1411,685,57.2400016784668,47.20000076293945,1.0
2018-12-20,3.3415796756744385,3.507298298895326,3.2819704029459897,3.4175134638632625,749588000,-0.024619252459607832,NVDA,1410,684,54.349998474121094,45.880001068115234,1.0
2018-12-21,3.204800605773926,3.4009422769050137,3.177345711205671,3.368045797324086,863740000,-0.04093245805156698,NVDA,1409,683,53.81999969482422,45.59000015258789,1.0
2018-12-24,3.143211603164673,3.2149405323336837,3.0793974894574774,3.1286184705020794,463840000,-0.019217733077774413,NVDA,1406,680,50.470001220703125,42.529998779296875,1.0
2018-12-26,3.292111873626709,3.293101166837844,3.078408971744919,3.1892178314133335,695100000,0.047372016033575104,NVDA,1404,678,54.470001220703125,46.220001220703125,1.0
2018-12-27,3.244375228881836,3.2743035931787516,3.0962178191669945,3.23992317298767,637044000,-0.014500310614379175,NVDA,1403,677,52.15999984741211,44.61000061035156,1.0
2018-12-28,3.305716037750244,3.3982218091812606,3.2231041436292136,3.2649047373786244,628728000,0.018906817042105617,NVDA,1402,676,52.20000076293945,45.33000183105469,1.0
2018-12-31,3.3020052909851074,3.381401609081078,3.271334844675895,3.3490000177104666,465140000,-0.0011225243556195474,NVDA,1399,673,53.79999923706055,45.40999984741211,1.0
2019-01-02,3.369281768798828,3.4251808385922478,3.2166723405678592,3.231265475170395,508752000,0.020374430652002395,NVDA,1397,671,54.90999984741211,46.540000915527344,1.0
2019-01-03,3.165720224380493,3.343063881144149,3.158300053822009,3.309178113220349,705552000,-0.06041689546520357,NVDA,1396,670,55.95000076293945,47.09000015258789,1.0
2019-01-04,3.368539810180664,3.406630187786242,3.2080153346393385,3.2386855425128216,585620000,0.0640674385052018,NVDA,1395,669,57.060001373291016,47.959999084472656,1.0
2019-01-07,3.546872854232788,3.5837267346364183,3.3744759128738573,3.42567572255454,709160000,0.05294075596587944,NVDA,1392,666,57.33000183105469,48.52000045776367,1.0
2019-01-08,3.4585719108581543,3.6304742032864246,3.386100885364728,3.6282479400314784,786016000,-0.024895435219578488,NVDA,1391,665,58.720001220703125,49.779998779296875,1.0
2019-01-09,3.5265913009643555,3.573833471465944,3.4593144099664945,3.509771901302659,617260000,0.01966690063394516,NVDA,1390,664,61.439998626708984,52.36000061035156,1.0
2019-01-10,3.5921363830566406,3.600793287782794,3.446947117236109,3.5072984808573757,523156000,0.018585959216300907,NVDA,1389,663,61.68000030517578,52.59000015258789,1.0
2019-01-11,3.681180000305176,3.70393539771204,3.5421741466955674,3.569876246556271,874764000,0.024788484554354673,NVDA,1388,662,60.47999954223633,51.59000015258789,-1.0
2019-01-14,3.721001625061035,3.7462304906613793,3.605493261249108,3.628990745675066,730168000,0.010817624987791374,NVDA,1385,659,58.9900016784668,50.5099983215332,-1.0
2019-01-15,3.7069029808044434,3.792977619724947,3.688599641824776,3.75365026760115,617012000,-0.0037889379466101714,NVDA,1384,658,60.63999938964844,52.11000061035156,-1.0
2019-01-16,3.681426525115967,3.7670065139285382,3.6759851770109733,3.7341102764253997,470104000,-0.006872706359028591,NVDA,1383,657,61.31999969482422,52.310001373291016,-1.0
2019-01-17,3.7526612281799316,3.792483229582444,3.6213229974567955,3.6485306844730516,493436000,0.019349755476030017,NVDA,1382,656,61.18000030517578,52.06999969482422,-1.0
2019-01-18,3.881525754928589,3.907496705882418,3.7509296199826263,3.8023766394178167,651336000,0.03433950439783162,NVDA,1381,655,62.70000076293945,53.79999923706055,-1.0
2019-01-22,3.6796956062316895,3.8629755092016564,3.6495200389920854,3.851350487859088,661552000,-0.051997632230218915,NVDA,1377,651,61.5,52.56999969482422,-1.0
2019-01-23,3.692556619644165,3.8234001796369337,3.6613917654151993,3.7348520822329716,591020000,0.003495129703308786,NVDA,1376,650,61.13999938964844,52.619998931884766,-1.0
2019-01-24,3.9040334224700928,3.9215944355252352,3.7722005707158295,3.7769000665128636,708972000,0.057271106338866895,NVDA,1375,649,61.09000015258789,53.130001068115234,-1.0
2019-01-25,3.961169719696045,3.979225618492817,3.7422729064266735,3.8446720680636832,1154572000,0.014635196742194267,NVDA,1374,648,61.63999938964844,53.689998626708984,-1.0
2019-01-28,3.41355562210083,3.503340451934958,3.2401696336174215,3.377443831559899,2511528000,-0.13824555279020845,NVDA,1371,645,59.93000030517578,51.9900016784668,1.0
2019-01-29,3.2550108432769775,3.4157827988388343,3.240417705613786,3.3675510942287774,1153932000,-0.04644564096081083,NVDA,1370,644,61.31999969482422,53.310001373291016,1.0
2019-01-30,3.3982205390930176,3.4125662312413483,3.25154711797746,3.3309436610046244,974228000,0.04399668778733279,NVDA,1369,643,61.650001525878906,54.22999954223633,1.0
2019-01-31,3.555530309677124,3.591147461293076,3.3732397014718236,3.395005804093513,842852000,0.046291807366361404,NVDA,1368,642,61.88999938964844,53.790000915527344,1.0
2019-02-01,3.5797696113586426,3.6307219872380387,3.5265914436354735,3.574080821416264,625048000,0.006817352003875898,NVDA,1367,641,61.869998931884766,55.2599983215332,1.0
2019-02-04,3.6898365020751953,3.72693759200291,3.573586058614457,3.5955993656813554,528592000,0.030746920239590025,NVDA,1364,638,62.5099983215332,54.560001373291016,1.0
2019-02-05,3.7088818550109863,3.7454882999285384,3.668070559961658,3.7017088892498964,542424000,0.00516157095987313,NVDA,1363,637,61.97999954223633,53.65999984741211,1.0
2019-02-06,3.784320831298828,3.848629607118048,3.7365840139771294,3.742025362473618,702464000,0.020340086105983035,NVDA,1362,636,62.689998626708984,54.0099983215332,1.0
2019-02-07,3.6463043689727783,3.740294065936095,3.603514488462521,3.738068038238784,637120000,-0.03647060291098014,NVDA,1361,635,61.630001068115234,52.63999938964844,1.0
2019-02-08,3.6648550033569336,3.675490494805008,3.5649290792820043,3.5792747739989474,461604000,0.005087516703763617,NVDA,1360,634,62.099998474121094,52.720001220703125,1.0
2019-02-11,3.622312307357788,3.674995825326401,3.5740806086947448,3.6208281317062947,495180000,-0.011608288993746663,NVDA,1357,631,61.5099983215332,52.40999984741211,1.0
2019-02-12,3.73905611038208,3.7546387709403155,3.646303178182036,3.6606491046716556,591060000,0.03222908272905056,NVDA,1356,630,62.41999816894531,53.099998474121094,1.0
2019-02-13,3.7813527584075928,3.8543184402777513,3.7548871599384235,3.7684910030988537,605372000,0.011312119095530315,NVDA,1355,629,63.61000061035156,53.900001525878906,1.0
2019-02-14,3.822164297103882,3.850361278446487,3.737326147698302,3.7803637076114875,827264000,0.010792840896831857,NVDA,1354,628,64.56999969482422,54.40999984741211,1.0
2019-02-15,3.8916666507720947,4.053180194895898,3.8689112575551996,4.030425037561962,1516748000,0.01818403089602305,NVDA,1353,627,66.25,55.59000015258789,1.0
2019-02-19,3.874351978302002,3.954738047276425,3.8619851085055568,3.881030295569053,551892000,-0.004449166391642945,NVDA,1349,623,66.44999694824219,56.09000015258789,1.0
2019-02-20,3.9215939044952393,3.9886233349442586,3.8924078765012373,3.9035380114787044,540988000,0.012193503960871821,NVDA,1348,622,67.08000183105469,56.91999816894531,1.0
2019-02-21,3.8528339862823486,3.9586959007466107,3.8382408509623858,3.9342093622392773,448548000,-0.017533666128477177,NVDA,1347,621,67.06999969482422,56.959999084472656,1.0
2019-02-22,3.937424659729004,3.9562226446169366,3.8909245799602954,3.9045284220580823,401740000,0.021955442084406585,NVDA,1346,620,67.12000274658203,57.2599983215332,1.0
2019-02-25,3.925058126449585,4.088055860925728,3.9164009851696213,4.020779204193187,656020000,-0.0031407669601658528,NVDA,1343,617,64.76000213623047,55.47999954223633,1.0
2019-02-26,3.8857312202453613,3.976258165185484,3.852340093394142,3.9203590817077,488464000,-0.010019445556541773,NVDA,1342,616,65.20999908447266,55.5,1.0
2019-02-27,3.8439295291900635,3.8978497746961795,3.7870409327595858,3.871384416411005,500256000,-0.010757741255366216,NVDA,1341,615,66.38999938964844,56.939998626708984,1.0
2019-02-28,3.819417953491211,3.8600238468726964,3.797134499315095,3.8377401565705016,324944000,-0.006376697468753356,NVDA,1340,614,66.02999877929688,57.220001220703125,1.0
2019-03-01,3.8736414909362793,3.9157326149717138,3.8109996070531196,3.8691846114523383,357188000,0.014196806452015709,NVDA,1339,613,65.06999969482422,55.79999923706055,1.0
2019-03-04,3.8818130493164062,3.934798569878912,3.825360961195006,3.912019719266624,409992000,0.002109528824298046,NVDA,1336,610,65.66999816894531,56.59000015258789,1.0
2019-03-05,3.8753745555877686,3.913504191633946,3.81198982074945,3.8662133367413505,362924000,-0.0016586305540323698,NVDA,1335,609,65.86000061035156,56.560001373291016,1.0
2019-03-06,3.7646994590759277,3.8748796707694346,3.761975980751839,3.8664615395285744,403524000,-0.028558554773050804,NVDA,1334,608,65.98999786376953,56.220001220703125,1.0
2019-03-07,3.695619821548462,3.7508338899849236,3.6495669725600584,3.741177514158119,450104000,-0.0183493100255131,NVDA,1333,607,66.30000305175781,56.65999984741211,1.0
2019-03-08,3.729787826538086,3.740434514030447,3.585191553100891,3.6064849280856133,422416000,0.009245541110694644,NVDA,1332,606,65.73999786376953,56.06999969482422,1.0
2019-03-11,3.989763021469116,4.012541624930768,3.706265417205229,3.7533088012047413,859728000,0.06970240856095389,NVDA,1329,603,66.58000183105469,56.790000915527344,1.0
2019-03-12,4.023932456970215,4.070232528479802,3.941482665201958,4.017494715873952,579576000,0.008564276955105088,NVDA,1328,602,66.66999816894531,56.869998931884766,1.0
2019-03-13,4.174966335296631,4.204182689776566,4.0538917335363385,4.061319788358291,768900000,0.03753389997011425,NVDA,1327,601,67.55000305175781,58.2599983215332,1.0
2019-03-14,4.099202632904053,4.196012932372243,4.0915271166903695,4.184128231638006,519384000,-0.018147140912741055,NVDA,1326,600,67.2300033569336,58.61000061035156,1.0
2019-03-15,4.204430103302002,4.247016384503142,4.138816807769409,4.142283138474759,661484000,0.02567022902290672,NVDA,1325,599,67.16000366210938,58.52000045776367,1.0
2019-03-18,4.183135032653809,4.289601400922303,4.156146778303247,4.2358728244941215,486992000,-0.005064912514889719,NVDA,1322,596,67.54000091552734,59.09000015258789,1.0
2019-03-19,4.350512504577637,4.394832434784761,4.2606353432391,4.277471608602391,854972000,0.04001244774965884,NVDA,1321,595,67.61000061035156,59.029998779296875,-1.0
2019-03-20,4.318075180053711,4.432711987045252,4.2834114124375455,4.379478799306265,719148000,-0.007455977770387978,NVDA,1320,594,68.5,59.83000183105469,1.0
2019-03-21,4.554282188415527,4.580527596465815,4.336150380188734,4.341102415255136,824312000,0.05470192122937467,NVDA,1319,593,67.86000061035156,59.97999954223633,-1.0
2019-03-22,4.394831657409668,4.575576733359796,4.3809663334740065,4.527048099584981,747644000,-0.035011122369941194,NVDA,1318,592,67.02999877929688,59.040000915527344,-1.0
2019-03-25,4.302724838256836,4.4183519759540015,4.236616634310872,4.354224869379565,525212000,-0.02095798572797214,NVDA,1315,589,67.20999908447266,58.81999969482422,1.0
2019-03-26,4.3792338371276855,4.500060519744834,4.323029207869375,4.444103822917671,703508000,0.017781522580896825,NVDA,1314,588,67.97000122070312,59.939998626708984,-1.0
2019-03-27,4.3700714111328125,4.451035259026395,4.300744799971149,4.404735188965764,474372000,-0.0020922440626925942,NVDA,1313,587,67.83000183105469,59.40999984741211,-1.0
2019-03-28,4.388641357421875,4.454254178638991,4.335655613518798,4.396068938841398,480264000,0.004249346187285452,NVDA,1312,586,67.81999969482422,59.29999923706055,-1.0
2019-03-29,4.445835590362549,4.470100375577985,4.404982477837846,4.455244268976183,456896000,0.013032332396893054,NVDA,1311,585,68.38999938964844,60.13999938964844,-1.0
2019-04-01,4.513182640075684,4.543389305207008,4.465891780679068,4.537446956234204,483824000,0.015148344634949185,NVDA,1308,582,69.01000213623047,61.59000015258789,-1.0
2019-04-02,4.531008243560791,4.575328155097509,4.494364317043656,4.53719852359258,440920000,0.003949674743233711,NVDA,1307,581,69.37000274658203,62.58000183105469,-1.0
2019-04-03,4.670158863067627,4.72908696719544,4.575577133168762,4.580529169936253,783504000,0.030710740750601984,NVDA,1306,580,69.30999755859375,62.459999084472656,-1.0
2019-04-04,4.6612443923950195,4.703583209838008,4.598602512706384,4.654806651779727,457376000,-0.0019088152960072824,NVDA,1305,579,69.4000015258789,62.099998474121094,-1.0
2019-04-05,4.727849006652832,4.745181136383026,4.6679310582651095,4.704327538968797,481744000,0.01428901998069021,NVDA,1304,578,70.33999633789062,63.08000183105469,-1.0
2019-04-08,4.748646259307861,4.773653426197541,4.6733768262720625,4.69739368045108,424192000,0.004398882583975139,NVDA,1301,575,71.0999984741211,64.4000015258789,-1.0
2019-04-09,4.686004638671875,4.726362835470245,4.643913276469628,4.715220990409292,439972000,-0.013191469150434565,NVDA,1300,574,70.61000061035156,63.97999954223633,-1.0
2019-04-10,4.756320476531982,4.7820704915548,4.680804068721881,4.685260711273513,444772000,0.015005498987307186,NVDA,1299,573,71.7300033569336,64.61000061035156,-1.0
2019-04-11,4.742455959320068,4.790242207370964,4.693184478335227,4.758797299610469,374600000,-0.0029149669960891744,NVDA,1298,572,70.83000183105469,63.58000183105469,-1.0
2019-04-12,4.704572677612305,4.78504158733974,4.695906853149598,4.781079865191639,471708000,-0.00798811460406157,NVDA,1297,571,71.55000305175781,63.88999938964844,-1.0
2019-04-15,4.573099613189697,4.701849693355543,4.533484276562062,4.6968976582140725,440092000,-0.027945803674848002,NVDA,1294,568,71.18000030517578,63.400001525878906,-1.0
2019-04-16,4.660006523132324,4.6788238817913825,4.579538064717605,4.612220746124993,394964000,0.019003939842458406,NVDA,1293,567,71.72000122070312,64.05000305175781,-1.0
2019-04-17,4.637228012084961,4.715715846704068,4.614944322265305,4.6949178621396275,351004000,-0.004888085657024366,NVDA,1292,566,71.62000274658203,63.7599983215332,-1.0
2019-04-18,4.612715721130371,4.67783362459838,4.5849850753044725,4.643913169936649,380988000,-0.005285979229554649,NVDA,1291,565,71.97000122070312,64.0,-1.0
2019-04-22,4.66644287109375,4.682041354528672,4.557748407141325,4.589192834057186,279936000,0.011647617848475011,NVDA,1287,561,74.04000091552734,65.69999694824219,-1.0
2019-04-23,4.720914840698242,4.752112286478688,4.669910197465085,4.679566336092608,346856000,0.011673124713883931,NVDA,1286,560,74.51000213623047,66.30000305175781,-1.0
2019-04-24,4.73329496383667,4.773900616188951,4.670653083973578,4.731313866275317,318204000,0.00262239916545437,NVDA,1285,559,74.56999969482422,65.88999938964844,-1.0
2019-04-25,4.6278181076049805,4.715467138428317,4.548339981270407,4.693183454506992,499296000,-0.022284023505307338,NVDA,1284,558,74.3499984741211,65.20999908447266,-1.0
2019-04-26,4.409440517425537,4.478767620100804,4.290841920663591,4.474310503357395,868988000,-0.047188023621883346,NVDA,1283,557,72.1500015258789,63.29999923706055,-1.0
2019-04-29,4.440141201019287,4.467871844571422,4.345311561761806,4.417362120778531,391920000,0.006962489565836005,NVDA,1280,554,72.04000091552734,63.5,-1.0
2019-04-30,4.4814910888671875,4.506993182607988,4.388889978719763,4.407954802043703,362920000,0.009312741639479372,NVDA,1279,553,72.80000305175781,63.90999984741211,-1.0
2019-05-01,4.468367576599121,4.575824300781846,4.468119644225633,4.533732939797751,354280000,-0.002928380757169724,NVDA,1278,552,72.18000030517578,63.599998474121094,-1.0
2019-05-02,4.535714149475098,4.577310123321939,4.434942613606475,4.478024292877047,394684000,0.015071851570285011,NVDA,1277,551,70.75,61.810001373291016,-1.0
2019-05-03,4.531256198883057,4.554034804968513,4.469852096431354,4.544131206921117,336824000,-0.000982855278160999,NVDA,1276,550,70.8499984741211,61.939998626708984,-1.0
2019-05-06,4.45301628112793,4.4651484378754125,4.308172308225487,4.345311631039512,422176000,-0.017266716848721275,NVDA,1273,547,71.23999786376953,62.25,-1.0
2019-05-07,4.286136627197266,4.404735191064911,4.238102919582582,4.404735191064911,555220000,-0.03747564423644867,NVDA,1272,546,69.87999725341797,61.400001525878906,-1.0
2019-05-08,4.3061933517456055,4.386166916581625,4.246770317763194,4.258655019010135,419168000,0.004679441252775751,NVDA,1271,545,70.37000274658203,62.119998931884766,-1.0
2019-05-09,4.213839530944824,4.2470176146288425,4.0952413999958726,4.23736147233168,660248000,-0.02144674269290381,NVDA,1270,544,70.38999938964844,61.70000076293945,-1.0
2019-05-10,4.179917812347412,4.248502045374708,4.060576392127971,4.1831366828979535,569500000,-0.008050073655701429,NVDA,1269,543,70.62000274658203,61.65999984741211,-1.0
2019-05-13,3.923161029815674,4.071223656609961,3.9073148442360175,4.048197112847471,656912000,-0.06142627536198986,NVDA,1266,540,70.2300033569336,61.040000915527344,-1.0
2019-05-14,4.012045383453369,4.047204061783778,3.9241486876273477,3.962773458445312,524880000,0.02265631029727877,NVDA,1265,539,71.23999786376953,61.779998779296875,-1.0
2019-05-15,3.951138734817505,3.987535203998536,3.8974103775194577,3.956585690514067,502320000,-0.015180947076784745,NVDA,1264,538,71.7699966430664,62.02000045776367,-1.0
2019-05-16,3.966242790222168,4.0088295502210025,3.9033536714913817,3.9456924990787705,781088000,0.003822709456280604,NVDA,1263,537,72.62000274658203,62.869998931884766,-1.0
2019-05-17,3.875622272491455,4.053396399499504,3.8362546249082308,3.9243988357806634,1022068000,-0.022847950194606392,NVDA,1262,536,72.20999908447266,62.7599983215332,-1.0
2019-05-20,3.7572712898254395,3.8320453318194754,3.7325115825736925,3.7770789611764095,572064000,-0.030537285200895825,NVDA,1259,533,71.97000122070312,63.099998474121094,-1.0
2019-05-21,3.8392257690429688,3.8550719546521734,3.779307593697431,3.8179326268462255,361848000,0.021812233638667244,NVDA,1258,532,72.18000030517578,62.9900016784668,-1.0
2019-05-22,3.76841402053833,3.8265990392970126,3.7575196334454657,3.800601553083385,325868000,-0.018444278290591476,NVDA,1257,531,70.98999786376953,61.41999816894531,-1.0
2019-05-23,3.6475863456726074,3.70626650873821,3.587915633723811,3.70626650873821,591844000,-0.032063269642665704,NVDA,1256,530,67.76000213623047,57.90999984741211,1.0
2019-05-24,3.593858003616333,3.701562190682717,3.5871728021513483,3.666403490211776,357584000,-0.014729834187480195,NVDA,1255,529,68.69000244140625,58.630001068115234,1.0
2019-05-28,3.548795700073242,3.6441202754816437,3.546814838291281,3.611437590898888,428356000,-0.012538698940733561,NVDA,1251,525,70.11000061035156,59.13999938964844,1.0
2019-05-29,3.474764585494995,3.5361682325482295,3.440101038310798,3.501257225214244,559800000,-0.02086091193604611,NVDA,1250,524,69.44999694824219,58.810001373291016,1.0
2019-05-30,3.4482412338256836,3.5136812064222056,3.410067837679183,3.477986654424504,394300000,-0.007633136293615506,NVDA,1249,523,66.87000274658203,56.59000015258789,1.0
2019-05-31,3.357764959335327,3.4665837474737495,3.356029815893333,3.3994086383387545,389720000,-0.026238383093046158,NVDA,1248,522,64.48999786376953,53.5,1.0
2019-06-03,3.316122055053711,3.407589187225042,3.2868723543429175,3.3689200673298636,478644000,-0.012401971187959382,NVDA,1245,519,61.279998779296875,53.25,1.0
2019-06-04,3.544666290283203,3.5498717215125177,3.358013521019817,3.380074668095808,641836000,0.06891912644807352,NVDA,1244,518,61.970001220703125,53.47999954223633,1.0
2019-06-05,3.5020315647125244,3.623740092545585,3.465841284528512,3.6182866816974353,511616000,-0.01202785314023802,NVDA,1243,517,60.630001068115234,51.68000030517578,1.0
2019-06-06,3.564000368118286,3.5885403561906575,3.5037658304501402,3.506244674432135,408140000,0.017695101332088736,NVDA,1242,516,61.66999816894531,52.59000015258789,1.0
2019-06-07,3.606635808944702,3.6408429606015114,3.5508629964225635,3.569949813087888,348856000,0.011962804832404306,NVDA,1241,515,63.290000915527344,53.9900016784668,1.0
2019-06-10,3.679265022277832,3.7476795747385507,3.6626570467170203,3.6626570467170203,402780000,0.020137662126296307,NVDA,1238,512,62.290000915527344,53.2599983215332,1.0
2019-06-11,3.736772060394287,3.7766806010339296,3.6973594777116645,3.739002925618497,383872000,0.015630034196572273,NVDA,1237,511,62.290000915527344,53.27000045776367,1.0
2019-06-12,3.6239871978759766,3.6995902902123228,3.6088666266878255,3.6933931797938406,358892000,-0.03018243036917001,NVDA,1236,510,59.970001220703125,51.13999938964844,1.0
2019-06-13,3.6750502586364746,3.6933931379177904,3.6284488871211047,3.646048302277105,308080000,0.014090298329537676,NVDA,1235,509,61.310001373291016,52.279998779296875,1.0
2019-06-14,3.585318088531494,3.606387791213942,3.5407000753888216,3.5820957802225886,394428000,-0.02441658311858652,NVDA,1234,508,62.0099983215332,52.5099983215332,1.0
2019-06-17,3.5949854850769043,3.6319194595030355,3.5607780974032335,3.5835829437204834,276040000,0.002696384618238845,NVDA,1231,505,60.939998626708984,51.93000030517578,1.0
2019-06-18,3.7895705699920654,3.8448474284513017,3.6453051842075,3.656211768501924,581920000,0.05412680683215565,NVDA,1230,504,62.13999938964844,53.900001525878906,1.0
2019-06-19,3.7955193519592285,3.8361713558137254,3.7694919612169655,3.824769050974875,331644000,0.0015697773289324868,NVDA,1229,503,61.81999969482422,53.7599983215332,1.0
2019-06-20,3.8198113441467285,3.899876165789767,3.8054344736815104,3.885995016872234,350168000,0.006400176085246567,NVDA,1228,502,64.44999694824219,56.650001525878906,1.0
2019-06-21,3.761808156967163,3.854019232295706,3.7553633032182763,3.804939246760864,434428000,-0.015184830336829713,NVDA,1227,501,65.19999694824219,57.43000030517578,1.0
2019-06-24,3.7841169834136963,3.8136146627483147,3.7360284449265437,3.7831255402682706,282948000,0.005930346661941144,NVDA,1224,498,64.86000061035156,57.900001525878906,1.0
2019-06-25,3.7548675537109375,3.8639343450196217,3.752140966666686,3.7890749450453685,311868000,-0.007729525760160949,NVDA,1223,497,65.05000305175781,57.83000183105469,1.0
2019-06-26,3.94771671295166,4.008695191075361,3.8691392925448316,3.8820289983345857,584072000,0.05135977673836445,NVDA,1222,496,66.48999786376953,59.380001068115234,1.0
2019-06-27,4.046123504638672,4.065210078949406,3.9972912820059228,4.033233802497638,445440000,0.024927521107114714,NVDA,1221,495,66.55000305175781,59.43000030517578,1.0
2019-06-28,4.070911407470703,4.099169654771824,4.0243102864299924,4.089997981506512,397668000,0.006126333712654475,NVDA,1220,494,66.55000305175781,58.470001220703125,1.0
2019-07-01,4.119001388549805,4.311851028416398,4.081571454721185,4.277643639416192,709756000,0.01181307482910321,NVDA,1217,491,65.05999755859375,59.09000015258789,-1.0
2019-07-02,4.021335601806641,4.123461777611852,4.008198156968745,4.102391844578389,400228000,-0.023711035158827554,NVDA,1216,490,62.400001525878906,56.25,1.0
2019-07-03,4.034226894378662,4.050339146838911,3.974488303601062,4.044637757349251,246636000,0.0032057241296223893,NVDA,1215,489,63.81999969482422,57.34000015258789,1.0
2019-07-05,3.9717609882354736,3.9804367057867256,3.908551648600757,3.9759749757305314,396552000,-0.015483984361471914,NVDA,1213,487,64.2300033569336,57.5099983215332,1.0
2019-07-08,3.896902084350586,3.93110947574305,3.866908917626089,3.9122706362165114,329788000,-0.01884778668873155,NVDA,1210,484,64.11000061035156,57.65999984741211,1.0
2019-07-09,3.899380922317505,3.927391202558349,3.8421209396168536,3.8547626680172926,342860000,0.0006361047604643844,NVDA,1209,483,64.16000366210938,57.83000183105469,1.0
2019-07-10,3.9675469398498535,4.024806674809341,3.9288778253043866,3.9427589731733534,452076000,0.017481240968844736,NVDA,1208,482,67.01000213623047,60.43000030517578,1.0
2019-07-11,4.12172794342041,4.162379948970753,4.003241741369174,4.040423459528527,682560000,0.03886053672660306,NVDA,1207,481,66.5199966430664,60.20000076293945,-1.0
2019-07-12,4.154696464538574,4.2255900997530675,4.149491032461163,4.149491032461163,506392000,0.007998713542166858,NVDA,1206,480,66.72000122070312,60.209999084472656,-1.0
2019-07-15,4.146268844604492,4.191878551269397,4.118011052485283,4.175766768378244,289840000,-0.002028456231643827,NVDA,1203,477,66.4800033569336,59.58000183105469,-1.0
2019-07-16,4.141557693481445,4.168576288590352,4.08603262955534,4.131394575199453,341444000,-0.0011362387002901153,NVDA,1202,476,64.3499984741211,57.619998931884766,-1.0
2019-07-17,4.20674991607666,4.2136904899657095,4.114043138797341,4.143292835270089,348204000,0.015740991052188624,NVDA,1201,475,63.65999984741211,56.779998779296875,-1.0
2019-07-18,4.218400001525879,4.281113382454656,4.1606443085040645,4.217160815944709,442192000,0.0027693791363010423,NVDA,1200,474,61.93000030517578,55.29999923706055,-1.0
2019-07-19,4.175270080566406,4.2630191902095085,4.169320948320158,4.256574572737633,344896000,-0.010224236901164363,NVDA,1199,473,62.470001220703125,55.630001068115234,-1.0
2019-07-22,4.246657371520996,4.259547073722081,4.189149433024533,4.196585963337443,315940000,0.01709764627846666,NVDA,1196,470,63.2599983215332,56.220001220703125,-1.0
2019-07-23,4.354238986968994,4.3562218736358655,4.270207899975725,4.285824669049029,428176000,0.025333245900520218,NVDA,1195,469,63.83000183105469,56.77000045776367,-1.0
2019-07-24,4.428601264953613,4.434302653600209,4.321517848638418,4.397368680660208,366236000,0.017078134251970134,NVDA,1194,468,63.18000030517578,55.880001068115234,-1.0
2019-07-25,4.297723293304443,4.399849541066907,4.274422715691322,4.38720757233941,392700000,-0.029552891267247694,NVDA,1193,467,63.38999938964844,56.02000045776367,-1.0
2019-07-26,4.339613437652588,4.386214576385118,4.324740844455043,4.324740844455043,274160000,0.00974705477511928,NVDA,1192,466,63.459999084472656,56.20000076293945,-1.0
2019-07-29,4.333415985107422,4.349528234716801,4.245419150640539,4.332424542065347,248160000,-0.0014281116588389375,NVDA,1189,463,63.709999084472656,56.869998931884766,-1.0
2019-07-30,4.349033832550049,4.361179841544886,4.272687017505464,4.287064128736449,197772000,0.0036040498988096914,NVDA,1188,462,64.72000122070312,58.04999923706055,-1.0
2019-07-31,4.182211875915527,4.318545526536679,4.140072452675009,4.317553610213612,359416000,-0.03835839477401948,NVDA,1187,461,65.16999816894531,58.58000183105469,-1.0
2019-08-01,4.088016510009766,4.282849034536858,4.0359617263873595,4.192621089638232,421212000,-0.022522858406149315,NVDA,1186,460,60.5,53.95000076293945,1.0
2019-08-02,3.9955570697784424,4.064715540943148,3.9482124731246495,3.9955570697784424,428348000,-0.022617188557074175,NVDA,1185,459,61.88999938964844,55.65999984741211,1.0
2019-08-05,3.7377641201019287,3.813614963813844,3.6909150000458584,3.8123755415864156,589156000,-0.06451990177449984,NVDA,1182,456,59.810001373291016,54.689998626708984,1.0
2019-08-06,3.776432514190674,3.8577367578319723,3.728839936114921,3.8123750449167093,361272000,0.010345327539740712,NVDA,1181,455,58.939998626708984,53.630001068115234,1.0
2019-08-07,3.814605712890625,3.8265039749923058,3.698350624022929,3.715702059258234,372560000,0.01010826979073709,NVDA,1180,454,56.22999954223633,51.09000015258789,1.0
2019-08-08,3.922929525375366,3.924168947611292,3.814854412196198,3.8721143956805033,309300000,0.028397119030856732,NVDA,1179,453,57.380001068115234,52.540000915527344,1.0
2019-08-09,3.8217945098876953,3.885499339198525,3.7714751080978575,3.8820290519299565,341816000,-0.025780482375092784,NVDA,1178,452,58.529998779296875,54.5,1.0
2019-08-12,3.7541234493255615,3.8217942834487886,3.7323100475044235,3.7697397411088653,279200000,-0.017706619334727725,NVDA,1175,449,58.56999969482422,54.93000030517578,1.0
2019-08-13,3.8681480884552,3.914005764872741,3.713719815365377,3.752636680092983,351956000,0.03037317250452265,NVDA,1174,448,61.29999923706055,57.099998474121094,1.0
2019-08-14,3.719916820526123,3.7913059351939533,3.676290244404949,3.7801513712523787,419880000,-0.038320990959856305,NVDA,1173,447,59.47999954223633,55.22999954223633,1.0
2019-08-15,3.6876916885375977,3.7585850650011694,3.653484540473427,3.7387547862750132,477200000,-0.008662863591656245,NVDA,1172,446,58.22999954223633,54.470001220703125,1.0
2019-08-16,3.9551525115966797,4.004232245127325,3.8887208723906017,3.9499470817313758,1007960000,0.07252797838019553,NVDA,1171,445,58.63999938964844,54.869998931884766,1.0
2019-08-19,4.233273029327393,4.249137537708656,4.052073914585831,4.068186165550668,815112000,0.07031853181773684,NVDA,1168,442,59.7400016784668,56.209999084472656,1.0
2019-08-20,4.1611409187316895,4.228316040190973,4.14007097821964,4.227820082206071,463188000,-0.017039323968944142,NVDA,1167,441,60.029998779296875,56.34000015258789,1.0
2019-08-21,4.244428634643555,4.299457760352398,4.205511763858002,4.2270771937067675,427244000,0.02001559609215331,NVDA,1166,440,60.29999923706055,55.68000030517578,1.0
2019-08-22,4.250624179840088,4.296481607546231,4.211459110233813,4.254094466555244,303488000,0.0014596888603484182,NVDA,1165,439,59.91999816894531,55.349998474121094,1.0
2019-08-23,4.026543617248535,4.228564997651903,4.006713329605903,4.1742795675005215,568056000,-0.0527170959160127,NVDA,1164,438,59.34000015258789,54.16999816894531,1.0
2019-08-26,4.101153373718262,4.129163884209364,4.062980217889895,4.105119618507018,318208000,0.018529479266068405,NVDA,1161,435,58.70000076293945,53.63999938964844,1.0
2019-08-27,4.010679721832275,4.1420552049366774,3.9814300110383236,4.139328617115439,290968000,-0.022060538497724935,NVDA,1160,434,59.5099983215332,54.93000030517578,1.0
2019-08-28,4.0002570152282715,4.052859302388664,3.94517343006626,3.984377275928954,255612000,-0.002598738200726314,NVDA,1159,433,60.4900016784668,55.779998779296875,1.0
2019-08-29,4.143672466278076,4.175928389541459,4.088092439516701,4.09156616161059,357976000,0.03585155916328553,NVDA,1158,432,61.08000183105469,56.709999084472656,1.0
2019-08-30,4.156325817108154,4.239447619790014,4.13821277285186,4.189822620583614,290616000,0.0030536561306553356,NVDA,1157,431,60.43000030517578,55.099998474121094,1.0
2019-09-03,4.073453903198242,4.1166274499411415,4.050626717378443,4.083627083659792,296140000,-0.019938743389364966,NVDA,1153,427,58.2599983215332,53.939998626708984,1.0
2019-09-04,4.187341213226318,4.194785104889323,4.133994506122417,4.133994506122417,227728000,0.027958413850874386,NVDA,1152,426,60.70000076293945,56.2599983215332,1.0
2019-09-05,4.459781646728516,4.465984652966574,4.287583505448676,4.289320366125694,695676000,0.06506286916424564,NVDA,1151,425,60.95000076293945,56.29999923706055,1.0
2019-09-06,4.432735443115234,4.493277573665425,4.394772499349197,4.436457151873788,376976000,-0.006064468118774591,NVDA,1150,424,61.540000915527344,56.52000045776367,1.0
2019-09-09,4.478639602661133,4.564987152602954,4.462263416626171,4.4637522898818425,417524000,0.01035571829967763,NVDA,1147,421,62.59000015258789,57.849998474121094,1.0
2019-09-10,4.545137882232666,4.571686777215572,4.436211123418617,4.445887854419998,352812000,0.014847874683200812,NVDA,1146,420,62.380001068115234,57.400001525878906,1.0
2019-09-11,4.573672771453857,4.621808918966737,4.530747208573242,4.559777879101155,361512000,0.006278112999109853,NVDA,1145,419,60.810001373291016,55.75,1.0
2019-09-12,4.572183132171631,4.6746584193729,4.564243262622348,4.620071283804986,327840000,-0.0003256987013858792,NVDA,1144,418,60.380001068115234,55.09000015258789,1.0
2019-09-13,4.514369010925293,4.5426552320366245,4.470699030616971,4.5056847070655515,324592000,-0.012644751877836091,NVDA,1143,417,60.220001220703125,54.849998474121094,1.0
2019-09-16,4.471444129943848,4.5059333627447185,4.429015028616985,4.439436194793438,231832000,-0.009508500717943513,NVDA,1140,414,69.0199966430664,62.900001525878906,1.0
2019-09-17,4.492783069610596,4.497001228439258,4.431744470381749,4.47814374423788,223048000,0.004772270221123476,NVDA,1139,413,64.55000305175781,59.34000015258789,1.0
2019-09-18,4.465738296508789,4.501468424353486,4.3793911974396655,4.485836670893654,258152000,-0.006019603591532974,NVDA,1138,412,63.599998474121094,58.11000061035156,1.0
2019-09-19,4.390307426452637,4.4900534102224805,4.379637799741761,4.4716919031420375,245476000,-0.016891018919564238,NVDA,1137,411,64.4000015258789,58.130001068115234,1.0
2019-09-20,4.284853935241699,4.412886128741642,4.274681231729443,4.389314514699541,350244000,-0.024019614338521067,NVDA,1136,410,64.27999877929688,58.09000015258789,1.0
2019-09-23,4.338201522827148,4.383608372625145,4.281381081944904,4.2851032652130385,249712000,0.012450269808891301,NVDA,1133,407,64.7699966430664,58.63999938964844,1.0
2019-09-24,4.280886173248291,4.398993231110503,4.245404505643562,4.369466584959769,317268000,-0.013211776649210583,NVDA,1132,406,63.099998474121094,57.290000915527344,1.0
2019-09-25,4.422316074371338,4.441917996754072,4.2357265399009565,4.280388956161692,308432000,0.03303752900669421,NVDA,1131,405,62.38999938964844,56.4900016784668,1.0
2019-09-26,4.400233745574951,4.421324545641973,4.349368310807681,4.41264023774946,234564000,-0.00499338546250927,NVDA,1130,404,62.7400016784668,56.40999984741211,1.0
2019-09-27,4.26177978515625,4.409165469798091,4.201237158861238,4.358548034890815,362056000,-0.031465137632275986,NVDA,1129,403,61.90999984741211,55.90999984741211,1.0
2019-09-30,4.319096565246582,4.329269745292927,4.256321096915382,4.287585073796738,186184000,0.013449024346580796,NVDA,1126,400,60.779998779296875,54.06999969482422,1.0
2019-10-01,4.3173604011535645,4.4910475069552,4.312646265369863,4.342172912447982,366008000,-0.0004019739005114431,NVDA,1125,399,58.88999938964844,53.619998931884766,1.0
2019-10-02,4.293539524078369,4.30743441273116,4.221335322035488,4.295524372954725,293372000,-0.005517463186263227,NVDA,1124,398,57.689998626708984,52.63999938964844,1.0
2019-10-03,4.498737812042236,4.504940819375018,4.267734354712672,4.298005428034308,450588000,0.047792337024756826,NVDA,1123,397,57.709999084472656,52.45000076293945,1.0
2019-10-04,4.515113353729248,4.544391998494176,4.43596172311397,4.500970006837581,265524000,0.0036400302420775965,NVDA,1122,396,58.369998931884766,52.810001373291016,1.0
2019-10-07,4.573672771453857,4.673170328447725,4.571191473068121,4.57987578078856,480984000,0.012969645086815529,NVDA,1119,393,58.349998474121094,52.75,1.0
2019-10-08,4.39750337600708,4.482113596779682,4.379390327827567,4.482113596779682,444436000,-0.03851814597369574,NVDA,1118,392,58.2400016784668,52.630001068115234,1.0
2019-10-09,4.483850479125977,4.533227501509764,4.445391545825268,4.474173748849353,292412000,0.01963548307660412,NVDA,1117,391,58.31999969482422,52.59000015258789,1.0
2019-10-10,4.541416168212891,4.59228159976039,4.476407857066908,4.4816184414725875,309124000,0.012838449755384174,NVDA,1116,390,59.099998474121094,53.54999923706055,1.0
2019-10-11,4.614860534667969,4.697981884026245,4.60642421652328,4.625281701814051,446404000,0.016172128634487137,NVDA,1115,389,60.5099983215332,54.70000076293945,1.0
2019-10-14,4.628259658813477,4.649101996183618,4.5751609174816155,4.606176435689826,200040000,0.0029034732566348698,NVDA,1112,386,59.349998474121094,53.59000015258789,1.0
2019-10-15,4.872415065765381,4.9448677654368005,4.704434958383119,4.718330327309539,664124000,0.05275317828959003,NVDA,1111,385,58.7400016784668,52.810001373291016,1.0
2019-10-16,4.818818092346191,4.943128605047771,4.8074045009637905,4.838420013873234,428944000,-0.011000083674269301,NVDA,1110,384,59.41999816894531,53.36000061035156,1.0
2019-10-17,4.820804595947266,4.908144123758238,4.766464964828939,4.86323371063679,263436000,0.00041223876124929504,NVDA,1109,383,59.90999984741211,53.93000030517578,1.0
2019-10-18,4.726516246795654,4.853804039838178,4.652327188895104,4.821299651818596,307440000,-0.019558633268578762,NVDA,1108,382,59.41999816894531,53.779998779296875,1.0
2019-10-21,4.863481521606445,4.876880437999623,4.768946089803577,4.787803578592873,261868000,0.02897806072361364,NVDA,1105,379,58.959999084472656,53.310001373291016,1.0
2019-10-22,4.853555202484131,5.025256921130636,4.845863322136834,4.920300354826486,328720000,-0.002040990405374421,NVDA,1104,378,59.70000076293945,54.15999984741211,1.0
2019-10-23,4.840654373168945,4.854797253245495,4.739915931328009,4.771675887794921,279916000,-0.0026580163976671622,NVDA,1103,377,61.16999816894531,55.970001220703125,1.0
2019-10-24,4.884570598602295,4.918066931256039,4.847848058656728,4.881840840107468,232020000,0.009072373701533243,NVDA,1102,376,61.66999816894531,56.22999954223633,1.0
2019-10-25,5.075130462646484,5.095972796196652,4.957271420404589,4.964963301585127,423092000,0.03901261332955608,NVDA,1101,375,62.02000045776367,56.65999984741211,1.0
2019-10-28,5.130958557128906,5.183312379594485,5.089521403946788,5.1188000557823345,330792000,0.011000326965646012,NVDA,1098,372,61.56999969482422,55.810001373291016,1.0
2019-10-29,5.0349345207214355,5.123514917288467,5.015581059249241,5.117063447958273,211236000,-0.01871463886100888,NVDA,1097,371,61.59000015258789,55.540000915527344,1.0
2019-10-30,5.036919593811035,5.067439134059727,4.968933541298537,5.061732101187581,205960000,0.0003942599613619979,NVDA,1096,370,60.61000061035156,55.060001373291016,1.0
2019-10-31,4.987790107727051,5.036918664499523,4.908142489595868,5.016076332521951,209732000,-0.009753875393276212,NVDA,1095,369,60.22999954223633,54.18000030517578,1.0
2019-11-01,5.0267462730407715,5.059002197409222,4.927496255656585,4.952556747800937,283640000,0.007810305660891803,NVDA,1094,368,61.689998626708984,56.20000076293945,1.0
2019-11-04,5.223012447357178,5.235418937100487,5.0845595239398795,5.107634695669968,376716000,0.03904437655208759,NVDA,1091,365,62.130001068115234,56.540000915527344,1.0
2019-11-05,5.200930595397949,5.248818281598434,5.153042435938191,5.22276535854175,300868000,-0.004227799987419512,NVDA,1090,364,62.959999084472656,57.22999954223633,1.0
2019-11-06,5.151801109313965,5.202418072769225,5.064461125716639,5.1768616032258,269012000,-0.009446287579276014,NVDA,1089,363,61.7400016784668,56.349998474121094,1.0
2019-11-07,5.1694183349609375,5.252788157298014,5.124755913235387,5.238148828988384,280340000,0.0034196245687982962,NVDA,1088,362,62.290000915527344,57.150001525878906,1.0
2019-11-08,5.155523777008057,5.187035746056105,5.1150795123406825,5.152546502888041,189100000,-0.0026878377899717254,NVDA,1087,361,62.5099983215332,57.2400016784668,1.0
2019-11-11,5.165445804595947,5.1885209663458935,5.068677119487931,5.154776180705457,243436000,0.001924543075941143,NVDA,1084,358,62.18000030517578,56.86000061035156,1.0
2019-11-12,5.200930595397949,5.256758625704611,5.168674189772201,5.203659881633516,283504000,0.006869647295578929,NVDA,1083,357,62.060001373291016,56.79999923706055,1.0
2019-11-13,5.175124645233154,5.197207391905786,5.108875458696897,5.1696656005734,300188000,-0.004961794757966875,NVDA,1082,356,62.369998931884766,57.119998931884766,1.0
2019-11-14,5.205395221710205,5.207628531573418,5.1242587289005215,5.184056440523006,518080000,0.005849245873707165,NVDA,1081,355,62.279998779296875,56.77000045776367,1.0
2019-11-15,5.066447734832764,5.254773705357175,4.978363292156554,5.203163831012112,1053628000,-0.026692975453224244,NVDA,1080,354,63.29999923706055,57.720001220703125,1.0
2019-11-18,5.267178535461426,5.293727427889438,5.056024968744003,5.059002242127451,574588000,0.03961963315018546,NVDA,1077,351,62.439998626708984,57.04999923706055,1.0
2019-11-19,5.160731792449951,5.259733324857674,5.102670953310711,5.236161711716423,414564000,-0.020209442739565153,NVDA,1076,350,60.90999984741211,55.209999084472656,1.0
2019-11-20,5.239884853363037,5.3235026501880895,5.125251543434289,5.137906020437459,472588000,0.01533756530980468,NVDA,1075,349,62.400001525878906,57.11000061035156,1.0
2019-11-21,5.2150726318359375,5.290998551465639,5.19348586004434,5.235418991269967,288388000,-0.00473526083520226,NVDA,1074,348,63.970001220703125,58.58000183105469,1.0
2019-11-22,5.232688903808594,5.28405029690506,5.209116813293341,5.237651025737851,224100000,0.003377953331870298,NVDA,1073,347,63.38999938964844,57.77000045776367,1.0
2019-11-25,5.488752841949463,5.493715437128339,5.34757017994659,5.360472643456192,506476000,0.04893544081217849,NVDA,1070,344,63.650001525878906,58.0099983215332,1.0
2019-11-26,5.384294033050537,5.475851712081747,5.377842563094921,5.4711371035358365,385244000,-0.019031428797552596,NVDA,1069,343,64.2699966430664,58.40999984741211,1.0
2019-11-27,5.419055461883545,5.46399899846414,5.392735152261117,5.4297329618014505,215784000,0.006456079222202815,NVDA,1068,342,64.05999755859375,58.11000061035156,1.0
2019-11-29,5.381810188293457,5.41657304466473,5.357972530434071,5.388266417967206,141556000,-0.0068730194499877495,NVDA,1066,340,62.43000030517578,55.16999816894531,1.0
2019-12-02,5.195827484130859,5.388265925001773,5.18068101535842,5.374857125280522,372036000,-0.03455764838513786,NVDA,1063,337,60.91999816894531,55.959999084472656,1.0
2019-12-03,5.156348705291748,5.160321333465781,4.975332691476216,5.012578685454581,465232000,-0.007598169677435984,NVDA,1062,336,60.81999969482422,56.099998474121094,1.0
2019-12-04,5.20004940032959,5.262126202217156,5.171494128294318,5.239778515648959,273424000,0.008475124072387485,NVDA,1061,335,63.0,58.43000030517578,1.0
2019-12-05,5.183164596557617,5.237543838915353,5.152622538351522,5.2219005536134775,184884000,-0.0032470468013058307,NVDA,1060,334,63.38999938964844,58.43000030517578,1.0
2019-12-06,5.268334865570068,5.301111889703464,5.242262717109025,5.252195234775237,232236000,0.01643209807942747,NVDA,1059,333,64.38999938964844,59.20000076293945,1.0
2019-12-09,5.268334865570068,5.322962765517219,5.236800116557713,5.245490832711394,211880000,0.0,NVDA,1056,330,64.25,59.02000045776367,1.0
2019-12-10,5.313278675079346,5.3649266281715455,5.245738789092667,5.29837989918918,256388000,0.008530932572831773,NVDA,1055,329,64.33999633789062,59.2400016784668,1.0
2019-12-11,5.396708965301514,5.402172038649379,5.321223831413108,5.323706960460603,233796000,0.01570222367847518,NVDA,1054,328,63.720001220703125,58.7599983215332,1.0
2019-12-12,5.563818454742432,5.5819448661305096,5.35896533106347,5.367904214572435,404348000,0.03096507343926813,NVDA,1053,327,64.19999694824219,59.18000030517578,1.0
2019-12-13,5.561832904815674,5.6857383315718675,5.507950004779443,5.566799162383771,454704000,-0.0003568682089304387,NVDA,1052,326,65.22000122070312,60.06999969482422,1.0
2019-12-16,5.590635776519775,5.662893253864731,5.581200077545262,5.609259003698203,320976000,0.005178665414267147,NVDA,1049,323,65.33999633789062,60.209999084472656,1.0
2019-12-17,5.668604850769043,5.691200706121203,5.599823654351449,5.609259353915085,321196000,0.013946369852375629,NVDA,1048,322,66.0999984741211,60.939998626708984,1.0
2019-12-18,5.698897838592529,5.759236487706067,5.694924738269037,5.703367280451248,343548000,0.005343993561198079,NVDA,1047,321,66.16999816894531,60.93000030517578,1.0
2019-12-19,5.846640586853027,5.8600493863918635,5.728446414003654,5.733412671137176,445360000,0.025924793257390055,NVDA,1046,320,66.54000091552734,61.220001220703125,1.0
2019-12-20,5.943729400634766,5.969056556472386,5.893819601347594,5.912939172025918,603044000,0.01660591451440596,NVDA,1045,319,66.13999938964844,60.439998626708984,1.0
2019-12-23,5.93007230758667,6.004316104397407,5.919395280275833,5.9722845488565195,355060000,-0.0022977312942000783,NVDA,1042,316,66.38999938964844,60.52000045776367,1.0
2019-12-24,5.925106048583984,5.942239305321778,5.880410678591197,5.914677192066785,138864000,-0.0008374702271896073,NVDA,1041,315,67.19999694824219,61.11000061035156,1.0
2019-12-26,5.939259052276611,5.967317503415552,5.909710155763721,5.928581552767337,182852000,0.002388649853112712,NVDA,1039,313,67.91999816894531,61.68000030517578,1.0
2019-12-27,5.881652355194092,5.967814978639957,5.855331570059291,5.954406178482756,254644000,-0.009699307030636706,NVDA,1038,312,68.16000366210938,61.720001220703125,1.0
2019-12-30,5.768672466278076,5.865015772917134,5.73738589814169,5.859801344894404,258056000,-0.0192088688846499,NVDA,1035,309,68.44000244140625,61.68000030517578,1.0
2019-12-31,5.842667102813721,5.852102800539693,5.714292263757919,5.733411829947624,231004000,0.0128269782984205,NVDA,1034,308,66.0,61.060001373291016,1.0
2020-01-02,5.957137584686279,5.957137584686279,5.877928004293768,5.928334143962491,237536000,0.01959216225367899,NVDA,1032,306,66.25,61.18000030517578,1.0
2020-01-03,5.86178731918335,5.905489527898822,5.812870682746855,5.837701493917199,205384000,-0.016006053939066622,NVDA,1031,305,68.5999984741211,63.04999923706055,1.0
2020-01-06,5.886370658874512,5.89158508763454,5.742601138143197,5.7686732819433395,262636000,0.00419383003042606,NVDA,1028,302,68.91000366210938,63.27000045776367,1.0
2020-01-07,5.957634449005127,6.003322975997539,5.869733680543367,5.9146772215510675,314856000,0.012106575385832263,NVDA,1027,301,68.2699966430664,62.70000076293945,1.0
2020-01-08,5.968809127807617,6.0100282182750675,5.913436722472884,5.953414011589043,277108000,0.0018756905778862798,NVDA,1026,300,65.44000244140625,59.61000061035156,1.0
2020-01-09,6.034360885620117,6.106618363369138,5.9807266351536645,6.0549704262952675,255112000,0.010982384661473832,NVDA,1025,299,65.37000274658203,59.560001373291016,1.0
2020-01-10,6.066640377044678,6.1716743897886515,6.052487065850214,6.141380980474923,316296000,0.005349280899238584,NVDA,1024,298,64.9800033569336,59.040000915527344,1.0
2020-01-13,6.256844997406006,6.281923983662668,6.126980149927382,6.149576480886754,319840000,0.031352545814490096,NVDA,1021,295,64.19999694824219,58.08000183105469,1.0
2020-01-14,6.140141010284424,6.2394638021876485,6.126980379230819,6.214136170566636,359088000,-0.018652210046751327,NVDA,1020,294,64.48999786376953,58.22999954223633,1.0
2020-01-15,6.097679615020752,6.175151528370707,6.0718556439041,6.152803842842512,263104000,-0.006915377870402528,NVDA,1019,293,64.0,57.810001373291016,1.0
2020-01-16,6.181110858917236,6.187070273217819,6.127724774613784,6.151065616620908,284192000,0.013682457781311275,NVDA,1018,292,64.62000274658203,58.52000045776367,1.0
2020-01-17,6.189802169799805,6.207680414425977,6.142375495222458,6.200231027429631,253792000,0.0014061082353877818,NVDA,1017,291,64.8499984741211,58.540000915527344,1.0
2020-01-21,6.156529426574707,6.190050958426522,6.122511079468189,6.153301311440246,217916000,-0.005375413028131382,NVDA,1013,287,64.58999633789062,58.34000015258789,1.0
2020-01-22,6.210410118103027,6.296820901175091,6.182848008991251,6.2017194056451075,239240000,0.008751796311692095,NVDA,1012,286,63.209999084472656,56.7400016784668,1.0
2020-01-23,6.278695106506348,6.287137649039151,6.161742732978473,6.250388482356197,244516000,0.010995246224443811,NVDA,1011,285,62.040000915527344,55.59000015258789,1.0
2020-01-24,6.219597816467285,6.443570980494994,6.165466753379862,6.393909359136046,373512000,-0.009412352254184575,NVDA,1010,284,60.689998626708984,54.189998626708984,1.0
2020-01-27,5.964339256286621,6.015242215037423,5.766438191541949,5.915670782034059,470536000,-0.041041007427333964,NVDA,1007,281,59.31999969482422,53.13999938964844,1.0
2020-01-28,6.15727424621582,6.189553975862552,5.977002775723372,6.0301406941602735,310976000,0.03234809115290327,NVDA,1006,280,59.5099983215332,53.47999954223633,1.0
2020-01-29,6.096935272216797,6.1788766302299125,6.057205684032846,6.142871972143197,258848000,-0.009799624247061378,NVDA,1005,279,59.810001373291016,53.33000183105469,1.0
2020-01-30,6.103640079498291,6.117048882565472,5.944475427436228,5.99935102029385,290504000,0.0010997012403997086,NVDA,1004,278,58.290000915527344,52.13999938964844,1.0
2020-01-31,5.870727062225342,6.0698694486625415,5.8290116343504925,6.057950619667328,370420000,-0.038159690650057865,NVDA,1003,277,58.15999984741211,51.560001373291016,1.0
2020-02-03,5.967566967010498,5.986934708189254,5.846392841617823,5.852600426682379,255564000,0.016495385283411323,NVDA,1000,274,54.45000076293945,50.11000061035156,1.0
2020-02-04,6.136415958404541,6.155536003954367,6.059192684593247,6.109102487177571,271544000,0.028294444340124292,NVDA,999,273,53.959999084472656,49.61000061035156,1.0
2020-02-05,6.226551055908203,6.2672733245790635,6.143367902231967,6.257092639009255,208220000,0.01468855731336327,NVDA,998,272,55.279998779296875,50.75,1.0
2020-02-06,6.313209533691406,6.313209533691406,6.1798688956538586,6.260817085167685,218284000,0.01391757282725159,NVDA,997,271,54.93000030517578,50.95000076293945,1.0
2020-02-07,6.2471604347229,6.2953320882230726,6.221832806853207,6.273232574934326,189752000,-0.010462047650410589,NVDA,996,270,54.470001220703125,50.31999969482422,1.0
2020-02-10,6.529735088348389,6.530479600799783,6.264790955072942,6.269757213066146,529608000,0.04523249507966609,NVDA,993,267,53.27000045776367,49.56999969482422,1.0
2020-02-11,6.6519012451171875,6.766370970308543,6.575919305118348,6.637747932218731,638556000,0.018709205674636298,NVDA,992,266,54.0099983215332,49.939998626708984,1.0
2020-02-12,6.767364978790283,6.773821209071166,6.665807226145709,6.70454318700568,374644000,0.017358004789660875,NVDA,991,265,55.790000915527344,51.16999816894531,1.0
2020-02-13,6.723662376403809,6.790705436408653,6.6821951180236105,6.709509062531158,528016000,-0.006457846225738306,NVDA,990,264,56.34000015258789,51.41999816894531,1.0
2020-02-14,7.1956939697265625,7.3243170050003235,7.101585618170038,7.132872187223781,1041924000,0.07020453540012861,NVDA,989,263,57.31999969482422,52.04999923706055,-1.0
2020-02-18,7.364047527313232,7.382422588449085,7.0732798741144425,7.092647618588116,620164000,0.023396431017628005,NVDA,985,259,57.75,52.04999923706055,-1.0
2020-02-19,7.814226150512695,7.83185622029504,7.486212604505035,7.486212604505035,694332000,0.061131955155062645,NVDA,984,258,59.119998931884766,53.290000915527344,-1.0
2020-02-20,7.6652421951293945,7.854452034035954,7.358582702673338,7.766303106390214,810052000,-0.01906573376731946,NVDA,983,257,59.310001373291016,53.779998779296875,-1.0
2020-02-21,7.301969528198242,7.578335650197736,7.21729687382683,7.553256665361849,768180000,-0.047392196839126766,NVDA,982,256,58.5,53.380001068115234,-1.0
2020-02-24,6.785738945007324,6.999035117860609,6.654632773657176,6.709012016382708,856916000,-0.07069744418918411,NVDA,979,253,56.29999923706055,51.43000030517578,-1.0
2020-02-25,6.506890773773193,6.922557012925543,6.40533302083709,6.860728377866259,1055496000,-0.04109326537521696,NVDA,978,252,54.95000076293945,49.900001525878906,-1.0
2020-02-26,6.645941734313965,6.839621511425255,6.505648514112078,6.507138012452967,747732000,0.021369800934915473,NVDA,977,251,53.43000030517578,48.72999954223633,-1.0
2020-02-27,6.275991439819336,6.633767803366144,6.183814297198913,6.333136140736128,906416000,-0.05566559402477478,NVDA,976,250,52.18000030517578,47.09000015258789,1.0
2020-02-28,6.710043907165527,6.7694249063788705,6.007411321078499,6.02405771475287,1133252000,0.06916078065248077,NVDA,975,249,50.52000045776367,44.7599983215332,-1.0
2020-03-02,6.8680620193481445,6.896883166091774,6.484694989717539,6.879739659159656,890744000,0.023549490043406784,NVDA,972,246,51.900001525878906,46.75,-1.0
2020-03-03,6.606190204620361,6.983345951261071,6.520969778803869,6.9237166272843185,652792000,-0.03812892399487067,NVDA,971,245,51.86000061035156,47.18000030517578,-1.0
2020-03-04,7.068813323974609,7.078254667313152,6.6387362744594425,6.7132732703781945,597408000,0.07002873139055099,NVDA,970,244,51.130001068115234,46.779998779296875,-1.0
2020-03-05,6.7900471687316895,7.036266618537501,6.745573378098731,6.869801250527407,540328000,-0.03943606125478738,NVDA,969,243,49.9900016784668,45.900001525878906,-1.0
2020-03-06,6.6099162101745605,6.668303457897392,6.410157592567672,6.610909961054981,515412000,-0.026528675586619754,NVDA,968,242,45.27000045776367,41.279998779296875,-1.0
2020-03-09,6.0980987548828125,6.444942997326157,5.917719902224223,5.960454041923602,614160000,-0.07743176146528363,NVDA,965,239,34.36000061035156,31.1299991607666,-1.0
2020-03-10,6.486682891845703,6.486682891845703,6.111763432916438,6.373883859992634,580648000,0.0637221784333597,NVDA,964,238,37.220001220703125,34.36000061035156,-1.0
2020-03-11,6.123688220977783,6.375373996903059,6.026790637877311,6.347049964055862,499964000,-0.05595998400418711,NVDA,963,237,35.790000915527344,32.97999954223633,-1.0
2020-03-12,5.374345302581787,5.866535787380021,5.361673914199751,5.601682018569501,816540000,-0.1223679082532303,NVDA,962,236,33.220001220703125,31.5,1.0
2020-03-13,5.983807563781738,5.988279679616138,5.456336262840261,5.726904246684154,634836000,0.11340214051880348,NVDA,961,235,33.849998474121094,31.729999542236328,-1.0
2020-03-16,4.879669666290283,5.617583378912327,4.820040356746659,5.2774471896853195,726972000,-0.18452095688612768,NVDA,958,232,30.049999237060547,28.700000762939453,1.0
2020-03-17,5.398196220397949,5.487392094987451,4.745503441439184,4.991722819638062,833632000,0.10626263447498285,NVDA,957,231,28.729999542236328,26.950000762939453,1.0
2020-03-18,5.039177417755127,5.216077814958566,4.489096905227361,4.971597639823064,874268000,-0.06650717906218606,NVDA,956,230,24.8799991607666,20.3700008392334,1.0
2020-03-19,5.291360855102539,5.384780054624083,4.804884586490451,5.0178107182895655,765512000,0.050044564110575784,NVDA,955,229,28.469999313354492,25.219999313354492,1.0
2020-03-20,5.111976623535156,5.72243203505823,5.096572300669886,5.441180167876771,804636000,-0.03390134154135416,NVDA,954,228,26.979999542236328,22.43000030517578,1.0
2020-03-23,5.284404754638672,5.378569879183568,4.932343026928404,5.11098266460325,643876000,0.03373022683821936,NVDA,951,225,27.030000686645508,23.360000610351562,1.0
2020-03-24,6.191019058227539,6.277482011070205,5.666032412800152,5.689635534109391,1101644000,0.17156412986591119,NVDA,950,224,27.149999618530273,24.010000228881836,1.0
2020-03-25,6.102569103240967,6.505067080541429,6.053871523402629,6.305805593471,793432000,-0.014286816783260714,NVDA,949,223,27.389999389648438,24.489999771118164,1.0
2020-03-26,6.391274452209473,6.515005185894308,6.211392299943983,6.309283618914253,696108000,0.047308820938247065,NVDA,948,222,26.34000015258789,22.600000381469727,1.0
2020-03-27,6.279222011566162,6.537367412044874,6.178597267605432,6.211393417266331,638828000,-0.017532096529601193,NVDA,947,221,24.93000030517578,21.510000228881836,1.0
2020-03-30,6.598735809326172,6.60792883445587,6.3005887404953445,6.344565416561682,602252000,0.05088429699913033,NVDA,944,218,22.760000228881836,20.09000015258789,1.0
2020-03-31,6.549293518066406,6.842471369775912,6.403946662410681,6.638737263039747,949960000,-0.00749269143187814,NVDA,943,217,22.739999771118164,20.479999542236328,1.0
2020-04-01,6.03921365737915,6.497863134076744,5.994740340164623,6.351771317564638,656912000,-0.07788318835920038,NVDA,942,216,24.739999771118164,20.309999465942383,1.0
2020-04-02,6.347298622131348,6.36046665043996,6.020330892045501,6.0682825701850485,675764000,0.051014085977196144,NVDA,941,215,29.940000534057617,25.31999969482422,1.0
2020-04-03,6.060083389282227,6.351273226478855,5.922935826420933,6.309781168533182,663212000,-0.0452499953047234,NVDA,940,214,34.11000061035156,28.34000015258789,1.0
2020-04-06,6.668551921844482,6.70532354856808,6.2841906824190685,6.341584180506852,727884000,0.10040596696051818,NVDA,937,211,33.04999923706055,26.079999923706055,1.0
2020-04-07,6.435748100280762,6.913280185472903,6.392765179884151,6.889676590192596,784520000,-0.03491070089761383,NVDA,936,210,31.8700008392334,23.6299991607666,1.0
2020-04-08,6.63252592086792,6.657371589711409,6.474756468687239,6.544572565930502,542444000,0.030575749317872436,NVDA,935,209,32.84000015258789,25.09000015258789,1.0
2020-04-09,6.533143043518066,6.780853326872135,6.47028368318691,6.75799563614717,525564000,-0.014984167198979992,NVDA,934,208,31.479999542236328,22.760000228881836,1.0
2020-04-13,6.704577445983887,6.7132733578706585,6.385311898450525,6.47351356124016,398408000,0.02624072384821141,NVDA,930,204,31.739999771118164,22.40999984741211,1.0
2020-04-14,7.054901123046875,7.0889393446446505,6.804954510071242,6.832533113439113,530948000,0.05225141776426723,NVDA,929,203,29.600000381469727,20.110000610351562,1.0
2020-04-15,6.977631092071533,7.060366901130108,6.841974372039707,6.887193120753073,366148000,-0.010952673840164406,NVDA,928,202,27.690000534057617,19.8700008392334,1.0
2020-04-16,7.321989059448242,7.4288250826384346,7.119498012035005,7.132666038579894,745620000,0.04935170157791702,NVDA,927,201,27.81999969482422,19.8700008392334,1.0
2020-04-17,7.2628583908081055,7.425348280462446,7.129189174090118,7.4039809765502635,539120000,-0.008075765773486787,NVDA,926,200,28.079999923706055,18.270000457763672,1.0
2020-04-20,7.131921291351318,7.292175341512701,7.087696299119069,7.136642200158554,449388000,-0.018028315080809154,NVDA,923,197,25.56999969482422,-37.630001068115234,1.0
2020-04-21,6.69612979888916,7.075272975745173,6.636500486196766,7.014153273806916,735160000,-0.06110436089509719,NVDA,922,196,19.329999923706055,10.010000228881836,1.0
2020-04-22,7.109560966491699,7.152295573797261,6.8424713294529536,6.88793839640193,483356000,0.06174180907770399,NVDA,921,195,20.3700008392334,13.779999732971191,1.0
2020-04-23,7.056390762329102,7.283230864116009,7.031296775991979,7.151549634129626,424160000,-0.007478690233222007,NVDA,920,194,21.329999923706055,16.5,1.0
2020-04-24,7.195029258728027,7.1970167604675614,6.971667519957497,7.0462045218903055,352328000,0.01964722491547022,NVDA,919,193,21.440000534057617,16.940000534057617,1.0
2020-04-27,7.38112211227417,7.540630723793758,7.304597615042217,7.3291949610384926,479388000,0.025864085725627817,NVDA,916,190,19.989999771118164,12.779999732971191,1.0
2020-04-28,7.239006519317627,7.558023795022882,7.233540652145725,7.5282088970585805,442904000,-0.01925392789806535,NVDA,915,189,20.459999084472656,12.34000015258789,1.0
2020-04-29,7.415408134460449,7.468080710252546,7.298385346436263,7.373418970562811,379160000,0.02436820780200799,NVDA,914,188,22.540000915527344,15.0600004196167,1.0
2020-04-30,7.26186466217041,7.415410319910699,7.247951201131384,7.361495184492748,375916000,-0.020706004242234566,NVDA,913,187,25.270000457763672,18.84000015258789,1.0
2020-05-01,7.025829792022705,7.1778845491023535,6.977629328735813,7.064837231995706,342096000,-0.032503341927768714,NVDA,912,186,26.440000534057617,19.780000686645508,1.0
2020-05-04,7.2372660636901855,7.250931203108053,6.9786235872010405,6.9786235872010405,317556000,0.03009413520201565,NVDA,909,183,27.200000762939453,20.389999389648438,1.0
2020-05-05,7.29813814163208,7.460379689479762,7.237266284339808,7.341121062746931,368896000,0.008410921666579751,NVDA,908,182,30.969999313354492,24.559999465942383,1.0
2020-05-06,7.398762226104736,7.503362433621966,7.339630026481675,7.377395399557176,323464000,0.013787637685103382,NVDA,907,181,29.719999313354492,23.989999771118164,1.0
2020-05-07,7.57466983795166,7.637777522329543,7.486468166152815,7.5376498918987815,373732000,0.023775275711155563,NVDA,906,180,29.459999084472656,23.549999237060547,1.0
2020-05-08,7.764242649078369,7.77045394841928,7.612436161639053,7.646226066034026,339216000,0.02502720450954632,NVDA,905,179,30.969999313354492,24.739999771118164,1.0
2020-05-11,8.015679359436035,8.062388970419114,7.730700310360557,7.759272663656854,469060000,0.03238393256392014,NVDA,902,176,29.6299991607666,24.139999389648438,1.0
2020-05-12,7.754302501678467,8.122016839695085,7.744612838906281,8.073319732712656,493060000,-0.03260819776303503,NVDA,901,175,29.979999542236328,25.780000686645508,1.0
2020-05-13,7.731941223144531,8.028596901539283,7.5478352776957305,7.868591662059855,625852000,-0.002883725329144049,NVDA,900,174,29.190000534057617,25.290000915527344,1.0
2020-05-14,7.980895042419434,7.986360909028499,7.640013385344732,7.793310708554394,602312000,0.03219810033341841,NVDA,899,173,31.1299991607666,27.559999465942383,1.0
2020-05-15,8.438302040100098,8.447991229472853,7.825361531965535,7.841014174290787,987660000,0.05731274440391587,NVDA,898,172,32.5,29.43000030517578,1.0
2020-05-18,8.696197509765625,8.861420771854155,8.626878538742194,8.706384284090324,774460000,0.030562483831459097,NVDA,895,169,34.810001373291016,31.81999969482422,1.0
2020-05-19,8.751108169555664,9.031365836913162,8.70862188133378,8.735952164581962,717320000,0.006314329881350611,NVDA,894,168,34.650001525878906,32.5,1.0
2020-05-20,8.914588928222656,8.987137932047638,8.833840652951878,8.935459111696986,587536000,0.018681149346973847,NVDA,893,167,35.75,33.4900016784668,1.0
2020-05-21,8.721043586730957,8.99658028664725,8.683526534995123,8.995587009812692,761068000,-0.021711078665551775,NVDA,892,166,36.060001373291016,33.91999816894531,1.0
2020-05-22,8.970492362976074,9.03683055382397,8.659426119365394,8.770733780605472,1038764000,0.0286030878947392,NVDA,891,165,35.130001068115234,33.25,1.0
2020-05-26,8.663898468017578,9.125032953045377,8.61843140772294,9.100186813930394,770780000,-0.03417804536837932,NVDA,887,161,36.16999816894531,34.349998474121094,1.0
2020-05-27,8.472589492797852,8.579424587408813,7.9473535129374895,8.571722899357706,1175892000,-0.022081165416000137,NVDA,886,160,34.7400016784668,32.810001373291016,1.0
2020-05-28,8.434574127197266,8.706384140840894,8.327488838944653,8.360284982055731,734896000,-0.004486865040835619,NVDA,885,159,35.290000915527344,33.709999084472656,1.0
2020-05-29,8.820672988891602,8.820672988891602,8.432585161228797,8.501655807672739,745256000,0.045775738747657835,NVDA,884,158,35.33000183105469,35.4900016784668,1.0
2020-06-01,8.751851081848145,8.786138087525295,8.63582251257563,8.778684720302685,389876000,-0.007802341967571902,NVDA,881,155,38.31999969482422,35.439998626708984,1.0
2020-06-02,8.770734786987305,8.78266074460048,8.604518233665114,8.741914591556846,391320000,0.002157681267946465,NVDA,880,154,39.56999969482422,36.810001373291016,1.0
2020-06-03,8.715328216552734,8.811480823540192,8.646257567101596,8.767752949429001,365440000,-0.006317209650071098,NVDA,879,153,39.790000915527344,37.290000915527344,1.0
2020-06-04,8.716323852539062,8.892061426403298,8.627832561939305,8.678043432788487,424280000,0.00011423964325718572,NVDA,878,152,39.9900016784668,37.40999984741211,1.0
2020-06-05,8.868945121765137,8.945504066976902,8.658158641672431,8.74416371287131,481748000,0.017509820861189684,NVDA,877,151,42.29999923706055,39.54999923706055,1.0
2020-06-08,8.75460147857666,8.838865605411245,8.63603375625567,8.826437343641604,387736000,-0.0128925866175299,NVDA,874,148,40.79999923706055,38.189998626708984,1.0
2020-06-09,8.99422550201416,9.0576108996986,8.70116321490873,8.749634122486231,468488000,0.027371208617991583,NVDA,873,147,41.18000030517578,38.939998626708984,1.0
2020-06-10,9.313136100769043,9.445623635871778,9.101106547747797,9.1152757341884,632180000,0.035457260737288276,NVDA,872,146,41.72999954223633,39.599998474121094,1.0
2020-06-11,8.745905876159668,9.208243698238016,8.735714449990189,9.097630502445824,583652000,-0.06090646786129705,NVDA,871,145,38.54999923706055,36.34000015258789,1.0
2020-06-12,8.881372451782227,9.134664575727575,8.653434667947968,9.11005648138736,570908000,0.015489141724223776,NVDA,870,144,38.72999954223633,36.2599983215332,1.0
2020-06-15,9.121241569519043,9.129693016162985,8.69370248342079,8.764794008236555,400004000,0.027008113784112497,NVDA,867,141,39.720001220703125,37.119998931884766,1.0
2020-06-16,9.016597747802734,9.213713868123868,8.788162996447083,9.172202861752826,535716000,-0.011472541420896376,NVDA,866,140,40.959999084472656,38.380001068115234,1.0
2020-06-17,9.183137893676758,9.245777040629367,9.018336061726147,9.061587984964056,408304000,0.018470397652441406,NVDA,865,139,40.709999084472656,37.959999084472656,1.0
2020-06-18,9.165243148803711,9.22937385265454,9.062335144907347,9.174191464747707,254408000,-0.001948652528170003,NVDA,864,138,41.5099983215332,38.84000015258789,1.0
2020-06-19,9.208237648010254,9.390936004767724,9.17443281961045,9.18959573259862,524160000,0.004691037488967709,NVDA,863,137,42.189998626708984,39.75,1.0
2020-06-22,9.472221374511719,9.47669600474337,9.22017234709144,9.246769799517342,398468000,0.028668213896337447,NVDA,860,134,43.08000183105469,40.459999084472656,1.0
2020-06-23,9.39591121673584,9.587309525836865,9.353654927459205,9.496332960119092,375108000,-0.008056205060960386,NVDA,859,133,42.630001068115234,40.369998931884766,1.0
2020-06-24,9.18264102935791,9.501803887247242,9.092161313313138,9.422012461612931,449372000,-0.022698190995893652,NVDA,858,132,40.310001373291016,38.0099983215332,1.0
2020-06-25,9.435681343078613,9.450595828120123,9.129693078827199,9.302200068122893,376072000,0.027556376527374304,NVDA,857,131,41.04999923706055,38.720001220703125,1.0
2020-06-26,9.102601051330566,9.445626707798452,9.072773021964302,9.445626707798452,592084000,-0.03530007846146399,NVDA,856,130,41.02000045776367,38.4900016784668,1.0
2020-06-29,9.147343635559082,9.151818266693523,8.849060495094076,9.117267173394785,342248000,0.004915362540465873,NVDA,853,127,41.709999084472656,39.70000076293945,1.0
2020-06-30,9.443390846252441,9.471727334858345,9.21346457243952,9.260692369521378,367892000,0.032364282188166005,NVDA,852,126,41.150001525878906,39.27000045776367,1.0
2020-07-01,9.475456237792969,9.520945009112733,9.359126241090184,9.466259489767404,326648000,0.0033955379018599796,NVDA,851,125,42.029998779296875,39.81999969482422,1.0
2020-07-02,9.557233810424805,9.681766795044908,9.52342801780693,9.583830317693366,364056000,0.008630462806177519,NVDA,850,124,43.13999938964844,40.650001525878906,1.0
2020-07-06,9.78293514251709,9.852037332291824,9.656910597586103,9.685993330757256,315892000,0.02361575917982628,NVDA,846,120,43.099998474121094,40.630001068115234,1.0
2020-07-07,9.815248489379883,10.01236361484961,9.79436877481935,9.889322168841927,357800000,0.0033030319011682074,NVDA,845,119,43.08000183105469,40.619998931884766,1.0
2020-07-08,10.157527923583984,10.16647718547054,9.90846194337441,9.936549995462096,365480000,0.034872212820128645,NVDA,844,118,43.290000915527344,40.900001525878906,1.0
2020-07-09,10.448851585388184,10.509502323054798,10.17492811323484,10.32083863746605,494548000,0.02868056716120826,NVDA,843,117,42.349998474121094,39.619998931884766,1.0
2020-07-10,10.419272422790527,10.594264737914497,10.31934752397019,10.528145636030475,497676000,-0.0028308529751748246,NVDA,842,116,43.2400016784668,40.54999923706055,1.0
2020-07-13,9.99471378326416,10.730478013100093,9.967619466000675,10.534357598250097,457076000,-0.040747436317886465,NVDA,839,113,42.720001220703125,40.099998474121094,1.0
2020-07-14,10.317606925964355,10.343209704716779,9.729492105255805,10.01733538240931,542676000,0.03230639212909425,NVDA,838,112,42.900001525878906,40.290000915527344,1.0
2020-07-15,10.16871166229248,10.373283510935622,9.998193084193694,10.354641590213266,403984000,-0.01443118203090088,NVDA,837,111,43.790000915527344,41.20000076293945,1.0
2020-07-16,10.076744079589844,10.148331539727138,9.838863245920118,9.95767944646456,344964000,-0.009044172532069128,NVDA,836,110,43.369998931884766,40.75,1.0
2020-07-17,10.143110275268555,10.189841196144675,10.0300118318398,10.166973074910793,266284000,0.006586075338872011,NVDA,835,109,43.13999938964844,40.59000015258789,1.0
2020-07-20,10.450591087341309,10.470973936765288,10.098617130568732,10.21544491768399,284852000,0.03031425309675173,NVDA,832,106,43.279998779296875,40.810001373291016,1.0
2020-07-21,10.269386291503906,10.499561960626455,10.227875286408675,10.45283007760043,277036000,-0.01733919108718107,NVDA,831,105,44.31999969482422,41.959999084472656,1.0
2020-07-22,10.379003524780273,10.541815989518545,10.23259614351377,10.308161365872728,367292000,0.010674175667834795,NVDA,830,104,44.290000915527344,41.900001525878906,1.0
2020-07-23,10.071772575378418,10.486634124309322,9.973836090293624,10.390189182924372,411660000,-0.02960119906196479,NVDA,829,103,43.310001373291016,41.06999969482422,1.0
2020-07-24,10.136150360107422,10.305425850353402,9.721040433377166,9.818479092225905,473292000,0.0063919021450487,NVDA,828,102,43.34000015258789,41.290000915527344,1.0
2020-07-27,10.361852645874023,10.38198611518215,10.159268204168063,10.173685827717728,292132000,0.022267061729361437,NVDA,825,99,43.40999984741211,41.599998474121094,1.0
2020-07-28,10.15703010559082,10.322577211722987,10.150816447226648,10.31487200985098,271636000,-0.019766980605033124,NVDA,824,98,43.220001220703125,41.040000915527344,1.0
2020-07-29,10.405600547790527,10.456059859977755,10.287779025754707,10.331278432812663,284508000,0.02447274839353719,NVDA,823,97,43.75,41.27000045776367,1.0
2020-07-30,10.553251266479492,10.562199580657735,10.236325247506235,10.315618860396064,308880000,0.014189543218658063,NVDA,822,96,42.939998626708984,39.91999816894531,1.0
2020-07-31,10.553997039794922,10.704879069341306,10.373286978905037,10.502791478278828,386080000,7.066763565077849e-05,NVDA,821,95,43.29999923706055,40.27000045776367,1.0
2020-08-03,10.947234153747559,11.035227656630138,10.653922477472294,10.671073809707988,412720000,0.03725954370366935,NVDA,818,92,44.150001525878906,41.0099983215332,1.0
2020-08-04,11.163488388061523,11.163488388061523,10.843580218303728,10.986756094966408,310336000,0.01975423483930272,NVDA,817,91,44.43000030517578,41.70000076293945,1.0
2020-08-05,11.222147941589355,11.306661465559195,11.102338033544148,11.179643221178804,249924000,0.005254589917481622,NVDA,816,90,45.16999816894531,42.189998626708984,1.0
2020-08-06,11.270621299743652,11.292992559456534,11.114768727732969,11.284789542978082,244316000,0.0043194367430012814,NVDA,815,89,45.09000015258789,41.95000076293945,1.0
2020-08-07,11.135397911071777,11.438900929592537,10.974325440445547,11.247751053622988,342516000,-0.011997864631912547,NVDA,814,88,44.400001525878906,41.220001220703125,1.0
2020-08-10,11.101093292236328,11.342950862038203,10.794358808514744,11.269375017859808,427796000,-0.003080681903728011,NVDA,811,85,44.9900016784668,41.939998626708984,1.0
2020-08-11,10.787903785705566,11.07301250214631,10.733963555614846,11.010372387882288,354512000,-0.028212492074973783,NVDA,810,84,44.5,41.61000061035156,1.0
2020-08-12,11.374770164489746,11.40136666941188,10.895528625086735,10.927842871271675,464412000,0.054400409054611965,NVDA,809,83,45.43000030517578,42.66999816894531,1.0
2020-08-13,11.377504348754883,11.654659304257047,11.290753978168782,11.479914503905402,374460000,0.00024037270429189128,NVDA,808,82,44.959999084472656,42.2400016784668,1.0
2020-08-14,11.497810363769531,11.63775467378837,11.375017379271375,11.464004577753204,366436000,0.010574024964254525,NVDA,807,81,44.79999923706055,42.0099983215332,1.0
2020-08-17,12.266390800476074,12.3387245170589,11.749615873407611,11.783420725406646,621300000,0.06684580910539273,NVDA,804,78,45.369998931884766,42.88999938964844,1.0
2020-08-18,12.190574645996094,12.424478648175024,12.017073893181932,12.378741454160556,503448000,-0.006180803768051968,NVDA,803,77,45.459999084472656,42.88999938964844,1.0
2020-08-19,12.069024085998535,12.244513237961666,12.028755255290813,12.226119746907969,622624000,-0.009970863845822131,NVDA,802,76,45.369998931884766,42.93000030517578,1.0
2020-08-20,12.07150936126709,12.30417023970523,11.810760432923727,11.906460065788977,921388000,0.00020592180866030318,NVDA,801,75,44.900001525878906,42.58000183105469,1.0
2020-08-21,12.6109037399292,12.735436709967265,12.125447608200558,12.131910646894115,999868000,0.04468325894629399,NVDA,800,74,44.349998474121094,42.34000015258789,1.0
2020-08-24,12.647446632385254,12.838596552750959,12.435913860335274,12.810010684230033,490564000,0.0028977219404466847,NVDA,797,71,45.130001068115234,42.619998931884766,1.0
2020-08-25,12.677023887634277,12.688209041803288,12.501782219926314,12.558456133077177,289076000,0.0023385949835350583,NVDA,796,70,45.86000061035156,43.349998474121094,1.0
2020-08-26,12.699891090393066,12.794844470546327,12.605186142774583,12.7259907297815,321244000,0.001803830533213313,NVDA,795,69,45.63999938964844,43.38999938964844,1.0
2020-08-27,12.555967330932617,12.776448314895612,12.494570371885285,12.70833988594655,317604000,-0.011332676669118968,NVDA,794,68,45.09000015258789,43.040000915527344,1.0
2020-08-28,13.072501182556152,13.072749615184202,12.570142910372269,12.602457168125305,537160000,0.04113851509879396,NVDA,793,67,45.04999923706055,42.970001220703125,1.0
2020-08-31,13.297948837280273,13.497300775546966,12.963126258132377,13.10729583061837,500840000,0.017245946401210244,NVDA,790,64,45.279998779296875,42.61000061035156,-1.0
2020-09-01,13.746007919311523,13.917820106850497,13.36359369973899,13.406857617406526,511316000,0.03369384914274409,NVDA,789,63,45.58000183105469,42.7599983215332,-1.0
2020-09-02,14.268651962280273,14.64683858842854,13.82457403185685,14.623962680088011,874012000,0.03802151475807736,NVDA,788,62,44.43000030517578,41.5099983215332,-1.0
2020-09-03,12.944877624511719,13.809161891775185,12.808869413540275,13.75371449896683,945128000,-0.09277501065048066,NVDA,787,61,44.06999969482422,41.369998931884766,1.0
2020-09-04,12.554009437561035,13.103511288247317,11.641238886565278,12.714383643840854,1463684000,-0.030194815145301757,NVDA,786,60,42.65999984741211,39.77000045776367,1.0
2020-09-08,11.848357200622559,12.481900763409474,11.64074015776347,11.670825611564226,795728000,-0.056209312287690105,NVDA,782,56,39.779998779296875,36.7599983215332,1.0
2020-09-09,12.64600944519043,12.739747778070935,12.165380911486679,12.332718082144563,736200000,0.06732175870980317,NVDA,781,55,40.790000915527344,38.04999923706055,1.0
2020-09-10,12.244946479797363,12.994357950704119,12.100981305836067,12.918770116551691,698684000,-0.03171458689251572,NVDA,780,54,40.060001373291016,37.29999923706055,1.0
2020-09-11,12.098492622375488,12.583844529119057,11.831200737246611,12.417750894908565,636928000,-0.011960350963028388,NVDA,779,53,39.83000183105469,37.33000183105469,1.0
2020-09-14,12.802403450012207,13.242751020108157,12.562711914830903,13.010021471853284,1201744000,0.05818169664664463,NVDA,776,50,39.61000061035156,37.2599983215332,1.0
2020-09-15,12.920510292053223,13.226590173176504,12.758146125908663,13.207941722010666,727556000,0.00922536479202285,NVDA,775,49,40.529998779296875,38.279998779296875,1.0
2020-09-16,12.44659423828125,13.021706504588948,12.445848717637983,12.886941792074117,556384000,-0.03667936041686026,NVDA,774,48,42.220001220703125,40.15999984741211,1.0
2020-09-17,12.395872116088867,12.52143733948817,11.969448508524536,12.066419314288503,792512000,-0.004075180826284219,NVDA,773,47,43.29999923706055,40.970001220703125,1.0
2020-09-18,12.123111724853516,12.56395637634697,11.923700090803646,12.525416935450114,698460000,-0.02200413078490293,NVDA,772,46,43.150001525878906,41.11000061035156,1.0
2020-09-21,12.44933032989502,12.454551820156114,11.839905113708335,11.86029406096583,721044000,0.02690881783863497,NVDA,769,43,41.439998626708984,39.310001373291016,1.0
2020-09-22,12.56917667388916,12.579371147984176,12.08954412011194,12.506767294795011,646452000,0.009626730178919685,NVDA,768,42,41.720001220703125,39.599998474121094,1.0
2020-09-23,12.057962417602539,12.657939492376991,12.013704488182995,12.507260881383038,647012000,-0.0406720558991428,NVDA,767,41,41.77000045776367,39.93000030517578,1.0
2020-09-24,12.280997276306152,12.50129577509505,11.948809980000965,12.006744330754543,731240000,0.018496894498362337,NVDA,766,40,41.939998626708984,40.310001373291016,1.0
2020-09-25,12.803895950317383,12.81359341042278,12.179304208660158,12.37995930307491,588016000,0.04257786743590142,NVDA,765,39,41.91999816894531,40.25,1.0
2020-09-28,12.964269638061523,12.980929083477617,12.680816250113036,12.969491127871112,573808000,0.012525381990484252,NVDA,762,36,42.43000030517578,40.599998474121094,1.0
2020-09-29,13.153985977172852,13.369808525156131,12.863073561182524,12.86730007540991,621460000,0.014633785350649076,NVDA,761,35,41.029998779296875,39.290000915527344,1.0
2020-09-30,13.457080841064453,13.548581635739456,13.078894186765016,13.086104679681076,689184000,0.023042054660662226,NVDA,760,34,40.95000076293945,40.220001220703125,1.0
2020-10-01,13.54062557220459,13.688070771976735,13.387709427168113,13.683347244338666,525004000,0.006208235807367624,NVDA,759,33,40.93000030517578,38.720001220703125,1.0
2020-10-02,12.991372108459473,13.446140634224474,12.98018265968585,13.153239241621401,552496000,-0.04056337432980883,NVDA,758,32,39.27000045776367,37.04999923706055,1.0
2020-10-05,13.568472862243652,13.57021335878919,13.15100030117963,13.164178752952756,479820000,0.044421847743734144,NVDA,755,29,41.290000915527344,39.220001220703125,1.0
2020-10-06,13.661964416503906,14.065264550133465,13.590852555868134,13.754957214450531,784420000,0.006890352010093137,NVDA,754,28,42.650001525878906,40.66999816894531,1.0
2020-10-07,13.888228416442871,14.042636546603271,13.788273642421032,13.923784817097221,418084000,0.016561600736247906,NVDA,753,27,41.9900016784668,39.95000076293945,-1.0
2020-10-08,13.763659477233887,14.008076438662577,13.683348120251452,13.998627485782533,378900000,-0.008969390153570789,NVDA,752,26,43.34000015258789,41.189998626708984,1.0
2020-10-09,13.688071250915527,13.749238090470126,13.586625429092514,13.692298713449562,346892000,-0.00549186983617167,NVDA,751,25,42.849998474121094,40.599998474121094,1.0
2020-10-12,14.148809432983398,14.269153174271924,13.837011033053589,13.913592896510103,434744000,0.03365983224532498,NVDA,748,22,41.720001220703125,39.43000030517578,-1.0
2020-10-13,14.170934677124023,14.270640933002593,13.942680195915251,14.218923055262534,344604000,0.0015637530666747779,NVDA,747,21,42.45000076293945,40.20000076293945,-1.0
2020-10-14,14.018769264221191,14.264925797389301,13.884253040032485,14.212959397087152,276100000,-0.010737852962407035,NVDA,746,20,43.31999969482422,41.040000915527344,-1.0
2020-10-15,13.894197463989258,13.929752918930133,13.693044417342875,13.7358113145266,267224000,-0.008886072513502818,NVDA,745,19,43.15999984741211,40.959999084472656,-1.0
2020-10-16,13.736557006835938,14.04487533293222,13.717660049634887,13.960585020449875,242392000,-0.011345776361815108,NVDA,744,18,42.93000030517578,40.880001068115234,1.0
2020-10-19,13.42451000213623,13.90762351790688,13.334003224238439,13.82756066882384,298068000,-0.022716536941856602,NVDA,741,15,42.619998931884766,40.83000183105469,1.0
2020-10-20,13.57145881652832,13.724871990223454,13.43371011402251,13.509794959370556,229212000,0.01094630749045633,NVDA,740,14,43.15999984741211,41.459999084472656,1.0
2020-10-21,13.451361656188965,13.716664549188273,13.404368249373105,13.551067921694733,219596000,-0.008849244724752237,NVDA,739,13,41.72999954223633,40.029998779296875,1.0
2020-10-22,13.28850269317627,13.537891703010716,13.15995348572998,13.449126364383108,290480000,-0.012107247368355778,NVDA,738,12,42.459999084472656,40.63999938964844,1.0
2020-10-23,13.516509056091309,13.519493036025253,13.219131648332377,13.37701985042523,233484000,0.01715816809309323,NVDA,737,11,41.77000045776367,39.849998474121094,1.0
2020-10-26,13.069942474365234,13.618450238161603,12.967750191982374,13.354142321801762,336896000,-0.03303860337553843,NVDA,734,8,40.459999084472656,38.560001373291016,1.0
2020-10-27,13.32405948638916,13.369063898523823,13.119922439853289,13.233801206707778,250520000,0.019442856196371094,NVDA,733,7,41.20000076293945,39.56999969482422,1.0
2020-10-28,12.55848503112793,13.188050708710339,12.540583049206013,13.126386851090986,376520000,-0.057458048430606534,NVDA,732,6,39.119998931884766,37.38999938964844,1.0
2020-10-29,12.953329086303711,13.121163222090864,12.68081570346587,12.76883550581862,320080000,0.0314404208944874,NVDA,731,5,37.650001525878906,36.16999816894531,1.0
2020-10-30,12.465991973876953,12.866307246282572,12.233261433150004,12.780277369508292,416820000,-0.03762253774144031,NVDA,730,4,37.459999084472656,35.790000915527344,1.0
2020-11-02,12.512486457824707,12.767096951899822,12.32774434236848,12.589068316716522,299652000,0.0037297059107037622,NVDA,727,1,38.970001220703125,36.810001373291016,1.0
2020-11-03,12.948856353759766,13.033892198032655,12.53436767259809,12.639543959659182,272900000,0.03487475470250545,NVDA,726,0,39.709999084472656,37.65999984741211,1.0
2020-11-04,13.719400405883789,13.752470792021674,13.264631851760678,13.316598246406535,410228000,0.05950672639134602,NVDA,725,1462,41.22999954223633,39.150001525878906,1.0
2020-11-05,14.083166122436523,14.261194749998864,13.915083461408287,14.085653088319836,319028000,0.026514694942260553,NVDA,724,1461,40.93000030517578,38.790000915527344,-1.0
2020-11-06,14.482987403869629,14.509591872378675,13.819606703123585,14.033190817471162,383348000,0.02839001386173612,NVDA,723,1460,39.45000076293945,37.13999938964844,-1.0
2020-11-09,13.556787490844727,14.611781731679114,13.536896506652354,14.47353602436871,582976000,-0.06395088852852526,NVDA,720,1457,42.400001525878906,40.290000915527344,1.0
2020-11-10,12.700709342956543,13.53266964084014,12.55972815670973,13.53266964084014,644068000,-0.06314756711103697,NVDA,719,1456,43.61000061035156,41.36000061035156,1.0
2020-11-11,13.345191955566406,13.362099908071459,12.877990493799244,12.982918253581106,404744000,0.05074382817580769,NVDA,718,1455,43.79999923706055,41.45000076293945,1.0
2020-11-12,13.3837308883667,13.691302714348726,13.243744694427015,13.405860329921897,365812000,0.0028878515145087658,NVDA,717,1454,43.529998779296875,41.119998931884766,1.0
2020-11-13,13.224848747253418,13.59458146386751,12.988388755362086,13.55330655700008,346312000,-0.011871289286859765,NVDA,716,1453,42.779998779296875,40.130001068115234,1.0
2020-11-16,13.441913604736328,13.57543482478266,13.084612902797199,13.101022892269615,413776000,0.016413409456043082,NVDA,713,1450,43.81999969482422,41.34000015258789,1.0
2020-11-17,13.349417686462402,13.522473311365049,13.231560936588995,13.478960898278817,312028000,-0.006881157028217677,NVDA,712,1449,43.75,41.43000030517578,1.0
2020-11-18,13.35588264465332,13.531922248694801,13.113455665930692,13.392184564746637,510924000,0.0004842876552939579,NVDA,711,1448,44.34000015258789,41.81999969482422,1.0
2020-11-19,13.367319107055664,13.414312507891353,13.028915402073212,13.141053636014096,565936000,0.0008562865298102906,NVDA,710,1447,44.20000076293945,41.7400016784668,1.0
2020-11-20,13.016733169555664,13.421275773566174,12.994105766643468,13.380995847364288,341088000,-0.02622709420581948,NVDA,709,1446,44.959999084472656,42.150001525878906,1.0
2020-11-23,13.068699836730957,13.309883333882462,12.944875127706089,13.09978026741796,361356000,0.00399229718381533,NVDA,706,1443,46.060001373291016,43.060001373291016,1.0
2020-11-24,12.887438774108887,13.090579854954449,12.815083440234448,13.071185886209618,346500000,-0.013869861951578133,NVDA,705,1442,47.86000061035156,44.90999984741211,1.0
2020-11-25,13.16293716430664,13.197498593327106,12.949353072197923,12.961785056669386,259916000,0.021377280235948426,NVDA,704,1441,48.61000061035156,45.709999084472656,1.0
2020-11-27,13.189292907714844,13.334750064003929,13.099035582696706,13.302426146106399,167276000,0.002002269180443328,NVDA,702,1439,48.18000030517578,45.529998779296875,1.0
2020-11-30,13.328781127929688,13.339722070023917,12.901860540365371,13.193022390006243,286952000,0.010575867955229912,NVDA,699,1436,47.59000015258789,45.34000015258789,1.0
2020-12-01,13.317344665527344,13.455341867991653,13.156471550429629,13.419039943942463,296948000,-0.0008580276240247597,NVDA,698,1435,47.41999816894531,44.54999923706055,1.0
2020-12-02,13.471007347106934,13.599307099572938,13.162440495333444,13.278059756096301,283360000,0.011538537556766482,NVDA,697,1434,48.25,45.279998779296875,1.0
2020-12-03,13.327247619628906,13.589892631736793,13.260592045398973,13.517764495771466,199520000,-0.010671787474668792,NVDA,696,1433,48.709999084472656,45.63999938964844,1.0
2020-12-04,13.488665580749512,13.490406591655205,13.320035154421149,13.379478105518432,202244000,0.012111875289453122,NVDA,695,1432,49.25,46.2599983215332,1.0
2020-12-07,13.536914825439453,13.660776120123055,13.430713167655274,13.531443212803179,223244000,0.0035770213444092924,NVDA,692,1429,48.790000915527344,45.7599983215332,1.0
2020-12-08,13.281482696533203,13.528955743710782,13.2133337505307,13.51527623845567,271920000,-0.018869301624490187,NVDA,691,1428,48.84000015258789,45.599998474121094,1.0
2020-12-09,12.864385604858398,13.34515509436293,12.802206372644868,13.232237965404359,401300000,-0.03140440726423399,NVDA,690,1427,48.86000061035156,45.52000045776367,1.0
2020-12-10,12.905675888061523,13.001681040961946,12.783555565046225,12.80295621894301,207764000,0.003209658391111203,NVDA,689,1426,50.25,46.779998779296875,1.0
2020-12-11,12.946460723876953,12.953176186221913,12.75718677443914,12.900696337580094,209264000,0.003160224708041781,NVDA,688,1425,49.970001220703125,46.56999969482422,1.0
2020-12-14,13.240447044372559,13.320036392826733,13.01038405434784,13.020830120753207,270156000,0.022707852498514258,NVDA,685,1422,50.290000915527344,46.9900016784668,1.0
2020-12-15,13.291929244995117,13.39489745979019,13.11907107095995,13.3707718895099,193016000,0.0038882524472192426,NVDA,684,1421,50.7599983215332,47.619998931884766,1.0
2020-12-16,13.174534797668457,13.368285100210734,13.144688085865043,13.353610324590434,223116000,-0.008832009647573469,NVDA,683,1420,51.08000183105469,47.81999969482422,1.0
2020-12-17,13.272778511047363,13.310832168465264,13.110863557414445,13.29814698347281,231384000,0.007457091645945102,NVDA,682,1419,51.5,48.36000061035156,1.0
2020-12-18,13.203883171081543,13.336199985751847,13.003417409299962,13.31033340523875,342064000,-0.005190724753560527,NVDA,681,1418,52.2599983215332,49.099998474121094,1.0
2020-12-21,13.263825416564941,13.301381917619228,12.900947489997865,13.007647270428471,302332000,0.0045397437031766685,NVDA,678,1415,50.90999984741211,47.7400016784668,1.0
2020-12-22,13.210101127624512,13.268798334208665,12.987002216302992,13.250891065643227,185580000,-0.004050436978259242,NVDA,677,1414,50.08000183105469,47.02000045776367,1.0
2020-12-23,12.942482948303223,13.206868984202535,12.938255185424696,13.187966443845962,179144000,-0.020258601863513026,NVDA,676,1413,51.20000076293945,48.119998931884766,1.0
2020-12-24,12.927063941955566,13.065101934133372,12.87234685454828,12.970340640953479,97884000,-0.001191348399626646,NVDA,675,1412,51.290000915527344,48.22999954223633,1.0
2020-12-28,12.833795547485352,12.995461960961451,12.697748090643179,12.995461960961451,212564000,-0.007214971233143408,NVDA,671,1408,50.86000061035156,47.619998931884766,1.0
2020-12-29,12.876821517944336,13.005408696448747,12.776340043671759,12.858665667551723,170372000,0.00335255227495157,NVDA,670,1407,51.09000015258789,48.0,1.0
2020-12-30,13.07828426361084,13.145935118941386,12.830562567854294,12.923581900946338,225396000,0.015645378433315926,NVDA,669,1406,51.34000015258789,48.400001525878906,1.0
2020-12-31,12.987997055053711,13.083504065531555,12.848715246989599,13.069078819042725,192424000,-0.006903597347883372,NVDA,668,1405,51.79999923706055,48.52000045776367,1.0
2021-01-04,13.046196937561035,13.582431124501683,12.895971895425573,13.036994722740106,560640000,0.004481051409283898,NVDA,664,1401,51.09000015258789,47.619998931884766,1.0
2021-01-05,13.33595085144043,13.374501665941567,13.019831705704025,13.032515940766679,322760000,0.022209837492577655,NVDA,663,1400,53.599998474121094,49.93000030517578,1.0
2021-01-06,12.549758911132812,13.177022849780169,12.521405575778882,13.154638288108194,580424000,-0.0589528222670902,NVDA,662,1399,54.29999923706055,50.630001068115234,1.0
2021-01-07,13.275513648986816,13.30909096314701,12.820362197139659,12.900945853564691,461480000,0.05783017371036436,NVDA,661,1398,54.380001068115234,50.83000183105469,1.0
2021-01-08,13.208610534667969,13.352120129783836,12.975065526063036,13.293921024459769,292528000,-0.00503958762634793,NVDA,660,1397,55.9900016784668,52.2400016784668,1.0
2021-01-11,13.551591873168945,13.88934991932038,13.293921285257271,13.349882219992052,518344000,0.02596649644569138,NVDA,657,1394,55.65999984741211,52.25,1.0
2021-01-12,13.415541648864746,13.683907795701348,13.276509362154492,13.681917255790076,291476000,-0.010039427513572563,NVDA,656,1393,56.58000183105469,53.209999084472656,1.0
2021-01-13,13.462302207946777,13.555073904431215,13.316305857858495,13.420766522441607,210028000,0.0034855513333662547,NVDA,655,1392,56.060001373291016,52.90999984741211,1.0
2021-01-14,13.132501602172852,13.529951129095025,13.112853322479959,13.505328397210821,283120000,-0.02449808366203854,NVDA,654,1391,56.41999816894531,53.56999969482422,1.0
2021-01-15,12.793502807617188,13.256862241952655,12.78255958026351,13.160111360544299,277780000,-0.025813725733684678,NVDA,653,1390,55.099998474121094,52.36000061035156,1.0
2021-01-19,12.958401679992676,13.026798268994698,12.778081329831359,12.949447095978456,226188000,0.012889266907989194,NVDA,649,1386,55.900001525878906,52.97999954223633,1.0
2021-01-20,13.29715347290039,13.36157087660753,12.989739333786316,13.04445641294081,258572000,0.026141479580057858,NVDA,648,1385,56.08000183105469,53.2400016784668,1.0
2021-01-21,13.796329498291016,13.92740343699707,13.18498319061641,13.349633500056223,337780000,0.03754006648174335,NVDA,647,1384,56.099998474121094,53.130001068115234,1.0
2021-01-22,13.64212417602539,13.770711361469516,13.55731179569324,13.66948319202541,246820000,-0.011177271627553331,NVDA,646,1383,55.40999984741211,52.27000045776367,1.0
2021-01-25,13.583176612854004,13.75752722329833,13.168565561333795,13.71101709190849,251112000,-0.004320995939545935,NVDA,643,1380,55.880001068115234,52.77000045776367,1.0
2021-01-26,13.366293907165527,13.574718011567779,13.318788513278982,13.510797782058482,163980000,-0.015967009181286573,NVDA,642,1379,55.90999984741211,52.61000061035156,1.0
2021-01-27,12.85145378112793,13.164836718249127,12.728089628381658,13.162100437127794,371272000,-0.038517791813750035,NVDA,641,1378,55.810001373291016,52.849998474121094,1.0
2021-01-28,12.984017372131348,13.271286051874542,12.893981971050982,12.92954887671929,228316000,0.010315065770853504,NVDA,640,1377,55.529998779296875,52.34000015258789,1.0
2021-01-29,12.92308235168457,13.26631196684961,12.845234024057874,13.007894722708423,271552000,-0.004693079091034447,NVDA,639,1376,55.880001068115234,52.20000076293945,1.0
2021-02-01,13.169066429138184,13.202642802213429,12.836531396500265,12.986259306624243,217204000,0.01903447418808324,NVDA,636,1373,56.349998474121094,53.54999923706055,1.0
2021-02-02,13.487174034118652,13.502345023877039,13.217315428489607,13.329984932916615,220440000,0.024155668641523187,NVDA,635,1372,57.459999084472656,54.7599983215332,1.0
2021-02-03,13.461058616638184,13.860249190894029,13.447130528740699,13.566016436499996,245408000,-0.0019363150067170931,NVDA,634,1371,58.459999084472656,55.689998626708984,1.0
2021-02-04,13.594120025634766,13.603322239769158,13.269295813752072,13.46155368214579,201340000,0.009884914165080305,NVDA,633,1370,58.84000015258789,56.22999954223633,1.0
2021-02-05,13.521247863769531,13.666748000470225,13.476230156579192,13.654560923062117,169152000,-0.005360564841844662,NVDA,632,1369,59.34000015258789,56.849998474121094,1.0
2021-02-08,14.364645957946777,14.399466174887932,13.65679743774099,13.65679743774099,434624000,0.06237575870768186,NVDA,629,1366,60.560001373291016,57.970001220703125,-1.0
2021-02-09,14.190048217773438,14.50840560388812,14.149506854766857,14.267149863534422,287560000,-0.012154684541789806,NVDA,628,1365,61.09000015258789,58.36000061035156,-1.0
2021-02-10,14.688475608825684,14.828503172781936,14.267895756343098,14.389020780396104,485352000,0.035125137237232984,NVDA,627,1364,61.470001220703125,58.68000030517578,-1.0
2021-02-11,15.172478675842285,15.193868916559543,14.848401111304003,14.903367720561645,450828000,0.03295121154204628,NVDA,626,1363,61.13999938964844,58.2400016784668,-1.0
2021-02-12,14.884467124938965,15.212773443959367,14.699172302258715,14.972761533962338,374756000,-0.0189824983153144,NVDA,625,1362,62.43000030517578,59.470001220703125,-1.0
2021-02-16,15.251570701599121,15.293604492895591,14.873272272609666,14.986936092155004,321960000,0.024663535051588914,NVDA,621,1358,63.349998474121094,60.04999923706055,-1.0
2021-02-17,14.829500198364258,15.145370852242163,14.704146447914447,15.093139569433127,274756000,-0.027673903986204507,NVDA,620,1357,64.33999633789062,61.13999938964844,-1.0
2021-02-18,14.752891540527344,14.796913967120595,14.500194519548021,14.653404404862458,233868000,-0.005165963573429466,NVDA,619,1356,63.93000030517578,60.52000045776367,-1.0
2021-02-19,14.849894523620605,15.099108634072808,14.77055375591211,14.947391142889295,271724000,0.0065751844529451375,NVDA,618,1355,62.90999984741211,59.2400016784668,-1.0
2021-02-22,14.282072067260742,15.055581855788054,14.251479612238253,14.698921307165705,325884000,-0.03823747404108968,NVDA,615,1352,65.23999786376953,61.4900016784668,-1.0
2021-02-23,14.069419860839844,14.165673573330455,13.320781350681472,14.003011915069953,391780000,-0.014889450593682962,NVDA,614,1351,65.37000274658203,61.66999816894531,-1.0
2021-02-24,14.424585342407227,14.432296075073527,13.685398664118521,14.050267080329668,448320000,0.025243790083764095,NVDA,613,1350,67.04000091552734,63.220001220703125,-1.0
2021-02-25,13.239202499389648,14.300975358470478,13.148421348312327,13.973414817067304,824436000,-0.08217794930524891,NVDA,612,1349,66.87999725341797,63.529998779296875,-1.0
2021-02-26,13.644115447998047,13.78339633869806,13.292429301420695,13.681919583488115,500932000,0.03058439121443035,NVDA,611,1348,66.12999725341797,61.5,-1.0
2021-03-01,13.770710945129395,13.853533731594203,13.483691763689485,13.80379015389627,353184000,0.009278395335618583,NVDA,608,1345,63.689998626708984,60.63999938964844,-1.0
2021-03-02,13.337445259094238,13.849055782455864,13.32724777396713,13.828660812201646,264116000,-0.031462840790249746,NVDA,607,1344,62.70000076293945,59.75,-1.0
2021-03-03,12.739031791687012,13.382461933778034,12.733062069739823,13.357342042126135,377592000,-0.04486717326912315,NVDA,606,1343,64.06999969482422,61.279998779296875,1.0
2021-03-04,12.306760787963867,12.908407604408795,12.02173124079755,12.735051323937004,573344000,-0.03393279888077738,NVDA,605,1342,66.73999786376953,63.83000183105469,1.0
2021-03-05,12.39754581451416,12.485591641546508,11.619310040664693,12.485591641546508,542840000,0.007376841730691863,NVDA,604,1341,69.36000061035156,66.08999633789062,1.0
2021-03-08,11.5337495803833,12.407242680598653,11.507136309244094,12.38610197088301,543112000,-0.06967477652872145,NVDA,601,1338,68.23999786376953,65.05000305175781,1.0
2021-03-09,12.460290908813477,12.55632821655255,12.001498194954765,12.072158275042783,521824000,0.08033305404913982,NVDA,600,1337,67.5199966430664,64.01000213623047,1.0
2021-03-10,12.408538818359375,12.917837277415549,12.397840483205071,12.779005688253813,384376000,-0.004153361332639216,NVDA,599,1336,67.9000015258789,64.44000244140625,1.0
2021-03-11,12.931276321411133,12.983774296200266,12.673516798492331,12.88798468790623,299916000,0.04212724082212871,NVDA,598,1335,69.62999725341797,66.0199966430664,1.0
2021-03-12,12.794434547424316,12.827027841808514,12.52970858536921,12.587679111203993,243964000,-0.010582232610731435,NVDA,597,1334,69.22000122070312,65.61000061035156,1.0
2021-03-15,13.128079414367676,13.143505256096866,12.706110083817578,12.803143022661203,221988000,0.02607734368460446,NVDA,594,1331,68.87999725341797,65.38999938964844,1.0
2021-03-16,13.227601051330566,13.447791111083193,13.05393623427105,13.292538027663083,272128000,0.007580822283415722,NVDA,593,1330,68.38999938964844,64.80000305175781,1.0
2021-03-17,13.277360916137695,13.38882407684222,12.92729502883546,12.977304441307208,243864000,0.003761820802882676,NVDA,592,1329,68.0,64.5999984741211,1.0
2021-03-18,12.661571502685547,13.120861535601579,12.656098001762194,13.07358935587392,293896000,-0.04637890145049084,NVDA,591,1328,63.279998779296875,60.0,1.0
2021-03-19,12.784232139587402,12.859619725532603,12.552099497380718,12.688940826273994,299208000,0.009687631339904357,NVDA,590,1327,64.52999877929688,61.41999816894531,1.0
2021-03-22,13.123100280761719,13.33035300913703,12.844938809314465,12.850910591400218,297804000,0.02650672621353478,NVDA,587,1324,64.62000274658203,61.54999923706055,1.0
2021-03-23,13.008152961730957,13.280591297180031,12.958889559565165,13.190773499269278,222048000,-0.00875915877891087,NVDA,586,1323,60.790000915527344,57.7599983215332,1.0
2021-03-24,12.582451820373535,13.096230085998668,12.576232321336645,13.088268026267176,245840000,-0.03272571767950483,NVDA,585,1322,64.41000366210938,61.18000030517578,1.0
2021-03-25,12.47521686553955,12.653857795134899,12.21322820183372,12.439638638534921,295144000,-0.00852258020653407,NVDA,584,1321,61.95000076293945,58.560001373291016,1.0
2021-03-26,12.777762413024902,12.7946811973975,12.314243149074345,12.494376096658991,363968000,0.02425172650273333,NVDA,583,1320,64.56999969482422,60.970001220703125,1.0
2021-03-29,12.88624095916748,12.999944000887075,12.63917981486877,12.75885368993943,273520000,0.008489635558726727,NVDA,580,1317,64.9800033569336,61.560001373291016,1.0
2021-03-30,12.810108184814453,12.913112896753688,12.644156781650523,12.780500784061243,200204000,-0.005908066952516888,NVDA,579,1316,64.13999938964844,60.54999923706055,1.0
2021-03-31,13.284326553344727,13.405990711832604,12.92032779315816,12.953169750877729,314776000,0.037019076005339935,NVDA,578,1315,63.540000915527344,59.15999984741211,1.0
2021-04-01,13.745609283447266,13.803579814393816,13.446547439602472,13.507256145400948,308276000,0.03472383249916411,NVDA,577,1314,64.86000061035156,61.45000076293945,1.0
2021-04-05,13.920516014099121,13.946888858751477,13.667234391669156,13.801090791161734,255672000,0.012724552767732211,NVDA,573,1310,62.150001525878906,58.650001525878906,1.0
2021-04-06,13.79511547088623,13.986942346206133,13.707537565985167,13.932703725019438,191744000,-0.009008325775128001,NVDA,572,1309,62.7400016784668,59.33000183105469,1.0
2021-04-07,14.075767517089844,14.175288050539208,13.645836193052718,13.814275196569815,251284000,0.020344305692541198,NVDA,571,1308,63.15999984741211,59.77000045776367,1.0
2021-04-08,14.248437881469727,14.402198005906836,14.180762736178757,14.184495575099847,244416000,0.012267207750500164,NVDA,570,1307,63.20000076293945,59.599998474121094,1.0
2021-04-09,14.33104133605957,14.339003397951725,14.107119378716153,14.145932176310351,195172000,0.005797369176677947,NVDA,569,1306,62.95000076293945,59.31999969482422,1.0
2021-04-12,15.136165618896484,15.27897874166865,14.071538686150255,14.22131825641827,869324000,0.05618044522773591,NVDA,566,1303,63.279998779296875,59.70000076293945,-1.0
2021-04-13,15.604410171508789,15.624812178804676,15.053312053982292,15.158555698521697,676212000,0.03093548025318471,NVDA,565,1302,63.66999816894531,60.18000030517578,-1.0
2021-04-14,15.203841209411621,15.645216922969265,15.1545777941743,15.550174265451684,385500000,-0.025670240508580355,NVDA,564,1301,66.58000183105469,63.150001525878906,-1.0
2021-04-15,16.059968948364258,16.13659985814199,15.556640352730028,15.587492029138685,598480000,0.05630996319684445,NVDA,563,1300,66.94000244140625,63.459999084472656,-1.0
2021-04-16,15.836297035217285,16.08833436820493,15.789272566562536,15.976123314232588,335208000,-0.013927294247337518,NVDA,562,1299,66.7699966430664,63.130001068115234,-1.0
2021-04-19,15.288182258605957,15.731797798065214,15.160048993973174,15.46209570767448,404420000,-0.03461129678184316,NVDA,559,1296,67.05000305175781,63.380001068115234,-1.0
2021-04-20,15.09859561920166,15.422785011070824,14.891342877489341,15.24986717123968,334132000,-0.012400862064394613,NVDA,558,1295,66.56999969482422,62.439998626708984,1.0
2021-04-21,15.28693962097168,15.28892989880131,15.029926132714714,15.046346636639578,216776000,0.012474272874126946,NVDA,557,1294,65.31999969482422,61.349998474121094,-1.0
2021-04-22,14.779133796691895,15.364566882387335,14.712702932237502,15.301370575475275,277788000,-0.03321827892766338,NVDA,556,1293,65.4000015258789,61.43000030517578,1.0
2021-04-23,15.192148208618164,15.261564023839027,14.828896342837304,14.862732969877133,227500000,0.0279457793405129,NVDA,555,1292,66.11000061035156,62.13999938964844,-1.0
2021-04-26,15.403878211975098,15.404873825568805,15.052568979496371,15.112282067435485,197796000,0.013936804752656684,NVDA,552,1289,65.6500015258789,61.90999984741211,-1.0
2021-04-27,15.308090209960938,15.595457144527792,15.280970415828268,15.503897705170875,164572000,-0.006218434130418782,NVDA,551,1288,66.41999816894531,62.939998626708984,-1.0
2021-04-28,15.203592300415039,15.457869551472516,15.142635880213009,15.290922515939359,209416000,-0.006826319162785088,NVDA,550,1287,67.2699966430664,63.86000061035156,-1.0
2021-04-29,15.251360893249512,15.362575381790093,14.999323566610313,15.326250200272115,173196000,0.003141928031914487,NVDA,549,1286,68.55999755859375,65.01000213623047,-1.0
2021-04-30,14.937623023986816,15.291420848649159,14.925183073004172,15.10183379374444,201912000,-0.020571139287744566,NVDA,548,1285,67.25,63.58000183105469,1.0
2021-05-03,14.765698432922363,15.173734835232782,14.716684635138343,15.052568004352894,203912000,-0.011509501263244903,NVDA,545,1282,67.55999755859375,64.48999786376953,1.0
2021-05-04,14.282523155212402,14.567402449672667,13.94315656113804,14.567153783566326,405324000,-0.03272281903256591,NVDA,544,1281,68.87999725341797,65.69000244140625,1.0
2021-05-05,14.389257431030273,14.742557811854514,14.318597354865425,14.638557500689615,292024000,0.007473068634859414,NVDA,543,1280,68.95999908447266,65.62999725341797,1.0
2021-05-06,14.453451156616211,14.501470291554716,14.1499124041879,14.42583403228446,193380000,0.004461225736882346,NVDA,542,1279,68.08999633789062,64.70999908447266,1.0
2021-05-07,14.741316795349121,14.899057484920897,14.601489557572949,14.737336239196171,229328000,0.019916740687993872,NVDA,541,1278,68.27999877929688,64.9000015258789,1.0
2021-05-10,14.197432518005371,14.73509513395343,14.181758011696585,14.716434736221853,268904000,-0.03689523024939978,NVDA,538,1275,68.31999969482422,64.91999816894531,1.0
2021-05-11,14.237736701965332,14.286004495234742,13.684150974022726,13.758791607695967,285584000,0.002838836100037545,NVDA,537,1274,68.55000305175781,65.27999877929688,1.0
2021-05-12,13.692610740661621,14.191957855909237,13.643596947830634,13.94240815677202,303408000,-0.038287402886756805,NVDA,536,1273,69.31999969482422,66.08000183105469,1.0
2021-05-13,13.599806785583496,14.013317589093692,13.394544329389682,13.966541791864056,285404000,-0.006777666935534388,NVDA,535,1272,67.05000305175781,63.81999969482422,1.0
2021-05-14,14.17479419708252,14.259387193283878,13.68266206294746,13.823484928887614,258616000,0.04227908679618442,NVDA,534,1271,68.70999908447266,65.37000274658203,1.0
2021-05-17,14.097661972045898,14.101393861667164,13.787156796805611,14.089202579320993,216980000,-0.0054415058140665495,NVDA,531,1268,69.45999908447266,66.2699966430664,1.0
2021-05-18,13.948630332946777,14.335270069717708,13.936936381971368,14.19867739521661,186256000,-0.010571372713761629,NVDA,530,1267,68.70999908447266,65.48999786376953,1.0
2021-05-19,13.998390197753906,14.012074425864109,13.478392376887879,13.501530662163134,344000000,0.0035673656566548306,NVDA,529,1266,66.66000366210938,63.36000061035156,1.0
2021-05-20,14.542523384094238,14.613432141859077,14.202161157001548,14.234007504367282,321592000,0.038871125797567796,NVDA,528,1265,65.11000061035156,62.04999923706055,1.0
2021-05-21,14.919953346252441,15.149101021619929,14.798289203895255,15.09112955927418,672992000,0.025953539986809604,NVDA,527,1264,66.44000244140625,63.58000183105469,1.0
2021-05-24,15.537237167358398,15.66959967521389,15.1033242794954,15.139649464230473,554816000,0.04137303963225891,NVDA,524,1261,68.45999908447266,66.05000305175781,1.0
2021-05-25,15.572813034057617,15.742744980486313,15.408354588751854,15.6904966300758,435408000,0.002289716396552066,NVDA,523,1260,68.6500015258789,66.06999969482422,1.0
2021-05-26,15.6248140335083,15.718115073854618,15.511609264757215,15.658900271738665,370440000,0.003339216834939096,NVDA,522,1259,68.87000274658203,66.20999908447266,1.0
2021-05-27,15.413830757141113,15.674576171257446,15.385964965433507,15.624566756037233,581476000,-0.013503090399330286,NVDA,521,1258,69.45999908447266,66.8499984741211,1.0
2021-05-28,16.16670799255371,16.199550904569822,15.426769637119651,15.426769637119651,644536000,0.04884426508081363,NVDA,520,1257,69.62999725341797,66.31999969482422,1.0
2021-06-01,16.18661117553711,16.30976923688421,15.827091228848875,16.192085626438377,472804000,0.001231121573579852,NVDA,516,1253,70.25,67.72000122070312,1.0
2021-06-02,16.697900772094727,16.837728952367616,16.157750527142543,16.174420647544324,594168000,0.03158719209431138,NVDA,515,1252,71.3499984741211,68.83000183105469,1.0
2021-06-03,16.888490676879883,17.176356939266537,16.50359333830897,16.620779665523695,580008000,0.011414003915011017,NVDA,514,1251,71.30999755859375,68.80999755859375,1.0
2021-06-04,17.494077682495117,17.57642985599055,17.01363938469652,17.030556279639157,617120000,0.03585797080400299,NVDA,513,1250,71.88999938964844,69.62000274658203,1.0
2021-06-07,17.534624099731445,17.727197966588108,17.110416805068787,17.487104196499413,575756000,0.002317722487130469,NVDA,510,1247,71.48999786376953,69.2300033569336,1.0
2021-06-08,17.373395919799805,17.537107385076943,17.168381216387527,17.443309039141475,323848000,-0.009194846665353418,NVDA,509,1246,72.22000122070312,70.05000305175781,1.0
2021-06-09,17.279083251953125,17.494845805819946,17.177051714798523,17.435866151003694,381656000,-0.005428568385942079,NVDA,508,1245,72.22000122070312,69.95999908447266,1.0
2021-06-10,17.34552574157715,17.412221498632054,17.09766275489283,17.27086894747683,287772000,0.003845255483476695,NVDA,507,1244,72.5199966430664,70.29000091552734,1.0
2021-06-11,17.74395751953125,17.857437934785423,17.36419712973924,17.399783527756757,416308000,0.02297029123764527,NVDA,506,1243,72.69000244140625,70.91000366210938,1.0
2021-06-14,17.93657112121582,17.957226532251276,17.582195733025387,17.82433623634231,321376000,0.010855165848574488,NVDA,503,1240,72.86000061035156,70.87999725341797,1.0
2021-06-15,17.707368850708008,17.9340808879031,17.64714558818746,17.833292979468382,243032000,-0.012778488650860731,NVDA,502,1239,73.98999786376953,72.12000274658203,1.0
2021-06-16,17.729021072387695,17.872862771783062,17.50430069412692,17.70961117675783,307124000,0.00122278029346079,NVDA,501,1238,74.38999938964844,72.1500015258789,1.0
2021-06-17,18.572154998779297,18.749093928519862,17.675265325334816,17.693431602265857,809656000,0.04755671071454426,NVDA,500,1237,73.08000183105469,71.04000091552734,1.0
2021-06-18,18.553743362426758,19.286635432932194,18.499242623103743,18.698331232193887,968856000,-0.0009913570263520022,NVDA,499,1236,73.51000213623047,71.63999938964844,1.0
2021-06-21,18.343212127685547,18.451964908913617,17.741469142295177,18.351175066362384,672384000,-0.011347102879926574,NVDA,496,1233,74.9000015258789,73.66000366210938,1.0
2021-06-22,18.800613403320312,18.87726379771211,18.30214755921342,18.387258337480024,580144000,0.024935724040633378,NVDA,495,1232,74.80999755859375,73.05999755859375,1.0
2021-06-23,18.9703311920166,19.065396569450836,18.821513150301545,18.92105744176349,332356000,0.009027247412380479,NVDA,494,1231,75.19000244140625,73.08000183105469,1.0
2021-06-24,19.117904663085938,19.331426768379632,19.001188991925353,19.14005430634004,320924000,0.007779172096449294,NVDA,493,1230,75.55999755859375,73.30000305175781,1.0
2021-06-25,18.944204330444336,19.257270776737716,18.80832746643894,19.192566694456715,278364000,-0.009085741126065638,NVDA,492,1229,76.18000030517578,74.05000305175781,1.0
2021-06-28,19.893857955932617,19.987180404089194,19.230894919687486,19.27295191735017,495436000,0.05012897923414705,NVDA,489,1226,74.68000030517578,72.91000366210938,1.0
2021-06-29,19.93541145324707,20.007081674259897,19.567346857383377,19.79181849083902,367632000,0.0020887601292067792,NVDA,488,1225,74.76000213623047,72.9800033569336,1.0
2021-06-30,19.91126823425293,20.070538315202942,19.773151003264342,19.908032936134784,326568000,-0.0012110720187923363,NVDA,487,1224,75.12999725341797,73.47000122070312,1.0
2021-07-01,20.11981964111328,20.36270632131494,19.927699060494447,20.03321652568688,480136000,0.010474039343289387,NVDA,486,1223,75.83999633789062,75.2300033569336,-1.0
2021-07-02,20.3935604095459,20.411728585764077,20.195219897428057,20.34702451247123,342764000,0.013605527947837537,NVDA,485,1222,76.16999816894531,75.16000366210938,-1.0
2021-07-06,20.604097366333008,20.746942264644705,20.257436236959123,20.642919053523535,446708000,0.010323697900664675,NVDA,481,1218,74.52999877929688,73.37000274658203,-1.0
2021-07-07,20.278837203979492,20.779792073320536,20.239269348710295,20.758390496324644,418428000,-0.015786188376540555,NVDA,480,1217,73.43000030517578,72.19999694824219,-1.0
2021-07-08,19.811981201171875,20.041180526798016,19.61090277990758,19.765942737262215,503300000,-0.023021832963677102,NVDA,479,1216,74.12000274658203,72.94000244140625,1.0
2021-07-09,19.95880699157715,19.988670855681487,19.66415741395061,19.87145770478307,296624000,0.0074109595054829835,NVDA,478,1215,75.55000305175781,74.55999755859375,1.0
2021-07-12,20.418947219848633,20.439103283844226,20.09567744553801,20.14768905227268,321984000,0.02305449561517725,NVDA,475,1212,75.16000366210938,74.0999984741211,-1.0
2021-07-13,20.157644271850586,20.36793111155692,20.022264856454754,20.30745722182195,290708000,-0.012797082297369533,NVDA,474,1211,76.48999786376953,75.25,-1.0
2021-07-14,19.751007080078125,20.324629020047354,19.66266291046804,20.264903197063806,380100000,-0.020172852853659884,NVDA,473,1210,74.76000213623047,73.12999725341797,1.0
2021-07-15,18.87974739074707,19.756481081917247,18.77248888227508,19.72139214020743,550564000,-0.04411216530876805,NVDA,472,1209,73.47000122070312,71.6500015258789,1.0
2021-07-16,18.078170776367188,19.06962851714903,17.990572779108614,18.94370627742423,688224000,-0.042456956536014556,NVDA,471,1208,73.58999633789062,71.80999755859375,1.0
2021-07-19,18.69409942626953,18.955152344065727,17.784017850781378,17.833542224992588,749060000,0.034070297129149774,NVDA,468,1205,68.62000274658203,66.41999816894531,1.0
2021-07-20,18.527114868164062,18.752083971986252,18.081158128932074,18.644576730253064,434687000,-0.008932474054931805,NVDA,467,1204,69.3499984741211,67.41999816894531,1.0
2021-07-21,19.321474075317383,19.43794103502016,18.656521440989437,18.795882316770854,371017000,0.04287549425832626,NVDA,466,1203,72.2300033569336,70.30000305175781,1.0
2021-07-22,19.504636764526367,19.79629973923482,19.1880862893461,19.55241818326864,323826000,0.009479747171204256,NVDA,465,1202,73.79000091552734,71.91000366210938,1.0
2021-07-23,19.46879768371582,19.610150227595415,19.16220189145238,19.5663502862294,195672000,-0.0018374646625426427,NVDA,464,1201,74.0999984741211,72.06999969482422,1.0
2021-07-26,19.20600700378418,19.353330839467855,18.827738996164285,19.222929669807954,203943000,-0.013498043597804932,NVDA,461,1198,74.5,71.91000366210938,1.0
2021-07-27,19.120397567749023,19.53250898261361,18.655526474479164,19.177136815966357,248863000,-0.004457430220570546,NVDA,460,1197,74.4800033569336,71.6500015258789,1.0
2021-07-28,19.414051055908203,19.556398512743925,18.908368517411507,19.230890227163382,202191000,0.015358126687412321,NVDA,459,1196,74.73999786376953,72.38999938964844,1.0
2021-07-29,19.572324752807617,19.762453610725807,19.239846550542488,19.429975408460677,190781000,0.008152533257671069,NVDA,458,1195,76.05000305175781,73.62000274658203,1.0
2021-07-30,19.410070419311523,19.540471578419623,19.175146696320255,19.329438564431676,183497000,-0.008289987803968946,NVDA,457,1194,76.33000183105469,73.94999694824219,1.0
2021-08-02,19.659927368164062,19.86996551369806,19.27270151772006,19.610156159603356,217444000,0.012872542111127538,NVDA,454,1191,72.88999938964844,71.26000213623047,1.0
2021-08-03,19.724620819091797,20.12976401014439,19.132333503979492,19.649962147870436,301811000,0.003290625123696822,NVDA,453,1190,72.41000366210938,70.55999755859375,1.0
2021-08-04,20.181533813476562,20.225333759526567,19.737566897497963,19.89882869548474,231309000,0.023164602177929483,NVDA,452,1189,70.37999725341797,68.1500015258789,1.0
2021-08-05,20.54288101196289,20.63844385794253,20.249226327598258,20.40650668671892,211435000,0.017904843201017373,NVDA,451,1188,71.29000091552734,69.08999633789062,1.0
2021-08-06,20.273115158081055,20.476185237621273,20.117826497097322,20.430395502608686,178497000,-0.013131841328620886,NVDA,450,1187,70.69999694824219,68.27999877929688,1.0
2021-08-09,20.202436447143555,20.414464320594274,20.051129279869148,20.35274682348764,146443000,-0.003486327107914966,NVDA,447,1184,69.04000091552734,66.4800033569336,1.0
2021-08-10,19.845077514648438,20.336823982919242,19.744536419810593,20.229316742427432,179238000,-0.017688902693993813,NVDA,446,1183,70.62999725341797,68.29000091552734,1.0
2021-08-11,19.609155654907227,19.957559744802627,19.341383413828332,19.951586593338543,185925000,-0.011888180309049812,NVDA,445,1182,71.44000244140625,69.25,1.0
2021-08-12,19.81422233581543,19.937655472039182,19.5305222530475,19.779382108012353,151652000,0.010457700704562756,NVDA,444,1181,71.30999755859375,69.08999633789062,1.0
2021-08-13,20.095928192138672,20.121810585889133,19.7604652564139,19.81421982888038,183063000,0.014217356177236518,NVDA,443,1180,70.58999633789062,68.44000244140625,1.0
2021-08-16,19.859012603759766,20.194475504529578,19.364277685801866,20.043168322323123,210876000,-0.011789233426480195,NVDA,440,1177,69.51000213623047,67.29000091552734,1.0
2021-08-17,19.369258880615234,19.679836228431526,19.17912998166198,19.595222897143497,204585000,-0.024661534433580545,NVDA,439,1176,69.02999877929688,66.58999633789062,1.0
2021-08-18,18.953163146972656,19.54445389093999,18.913344667898965,19.41106426442262,285913000,-0.021482274371323884,NVDA,438,1175,68.2300033569336,65.45999908447266,1.0
2021-08-19,19.70770263671875,20.401524155483223,18.676426581461318,19.40508831506733,766555000,0.039810742085371276,NVDA,437,1174,66.44999694824219,63.689998626708984,1.0
2021-08-20,20.72106170654297,20.76983801312774,19.8420894983611,19.899823633457626,675741000,0.051419441854991366,NVDA,436,1173,65.18000030517578,62.31999969482422,1.0
2021-08-23,21.857852935791016,21.89667462197285,20.854450854471086,20.87535498538819,575807000,0.05486163041969472,NVDA,433,1170,68.75,65.63999938964844,-1.0
2021-08-24,21.693603515625,21.85884677029652,21.436780805743606,21.65378693903574,297299000,-0.007514435230601579,NVDA,432,1169,71.05000305175781,67.54000091552734,1.0
2021-08-25,22.11168670654297,22.3675145090299,21.62292691334413,21.637857891352155,347701000,0.01927218733470637,NVDA,431,1168,72.25,68.36000061035156,-1.0
2021-08-26,21.96735191345215,22.23811072383032,21.6906199517518,22.098749850642953,237940000,-0.006527534285663994,NVDA,430,1167,71.06999969482422,67.41999816894531,-1.0
2021-08-27,22.532758712768555,22.61836691419927,22.065897920601948,22.082820582434145,304722000,0.025738505102664178,NVDA,429,1166,72.69999694824219,68.73999786376953,-1.0
2021-08-30,22.58452796936035,22.93790848715854,22.448153642564538,22.72588055620961,262580000,0.0022975108042346815,NVDA,426,1163,73.41000366210938,69.20999908447266,-1.0
2021-08-31,22.28683853149414,22.595478601704784,22.02300120526445,22.595478601704784,259850000,-0.013181122858537342,NVDA,425,1162,72.98999786376953,68.5,-1.0
2021-09-01,22.34259033203125,22.597468221617223,22.25895905860022,22.386398003393204,201767000,0.0025015571615654153,NVDA,424,1161,71.58999633789062,68.58999633789062,-1.0
2021-09-02,22.29778480529785,22.493921385599155,22.197227896388572,22.419249529951113,187834000,-0.0020053863973490405,NVDA,423,1160,73.02999877929688,69.98999786376953,-1.0
2021-09-03,22.742826461791992,22.885199011095356,22.102646574319134,22.227098408861508,280532000,0.01995900760457614,NVDA,422,1159,72.61000061035156,69.29000091552734,-1.0
2021-09-07,22.5626220703125,22.798582279426377,22.42323471429615,22.73287172125641,198107000,-0.00792357061609017,NVDA,418,1155,71.69000244140625,68.3499984741211,-1.0
2021-09-08,22.24103546142578,22.510846929460918,21.880621559926695,22.41427219080018,254434000,-0.014253068986598727,NVDA,417,1154,72.5999984741211,69.30000305175781,-1.0
2021-09-09,22.079742431640625,22.43915932071534,22.033944636377743,22.21415061470284,196856000,-0.007252046788239652,NVDA,416,1153,71.44999694824219,68.13999938964844,-1.0
2021-09-10,22.379430770874023,22.52678058064279,22.172342704078865,22.249999779634756,248376000,0.013572999783002082,NVDA,415,1152,72.91999816894531,69.72000122070312,-1.0
2021-09-13,22.054859161376953,22.863298640935614,21.76214779147206,22.584525817265025,297500000,-0.014503121764807725,NVDA,412,1149,73.51000213623047,70.44999694824219,-1.0
2021-09-14,22.14446258544922,22.311725124711973,21.989146556569096,22.177316913239693,199755000,0.004062752041018802,NVDA,411,1148,73.5999984741211,70.45999908447266,-1.0
2021-09-15,22.243030548095703,22.268917505986135,21.86967498640837,22.211171283679054,166538000,0.004451133653216477,NVDA,410,1147,75.45999908447266,72.61000061035156,-1.0
2021-09-16,22.14446258544922,22.179308947795626,21.830843425347233,22.08572130335323,156033000,-0.004431408860107955,NVDA,409,1146,75.66999816894531,72.61000061035156,-1.0
2021-09-17,21.80396270751953,22.223116047519348,21.734269978657856,22.202208228860844,294503000,-0.01537629900097126,NVDA,408,1145,75.33999633789062,71.97000122070312,1.0
2021-09-20,21.020416259765625,21.339012693768538,20.57139376968549,21.053270591267214,349440000,-0.03593596532265597,NVDA,405,1142,73.91999816894531,70.29000091552734,1.0
2021-09-21,21.152833938598633,21.331047953116393,20.858132406328057,21.32308361140182,204688000,0.006299479382169126,NVDA,404,1141,74.36000061035156,70.55999755859375,1.0
2021-09-22,21.844783782958984,21.863699567380518,21.103049939355934,21.272304527219312,268726000,0.032711921550034884,NVDA,403,1140,76.19000244140625,72.2300033569336,-1.0
2021-09-23,22.383413314819336,22.43618040031982,21.79400836896139,22.04291208043508,248555000,0.024657123513418977,NVDA,402,1139,77.25,73.30000305175781,-1.0
2021-09-24,21.98416519165039,22.051867773910164,21.76513066495934,21.973213750163456,217655000,-0.017836784656280136,NVDA,401,1138,78.08999633789062,73.9800033569336,-1.0
2021-09-27,21.565013885498047,21.70340426569089,21.231483878149266,21.614793860062722,245215000,-0.019066055158261763,NVDA,398,1135,79.52999877929688,75.44999694824219,1.0
2021-09-28,20.60822296142578,21.3250665826315,20.560433133480885,21.120965695812398,343069000,-0.0443677397636959,NVDA,397,1134,79.08999633789062,75.29000091552734,1.0
2021-09-29,20.427026748657227,20.924834092595493,20.37724487487281,20.84817209585024,218394000,-0.008792422961830137,NVDA,396,1133,78.63999938964844,74.83000183105469,1.0
2021-09-30,20.62515640258789,20.97362197253502,20.59727930891089,20.67692841927155,221009000,0.00969938779483348,NVDA,395,1132,78.5199966430664,75.02999877929688,1.0
2021-10-01,20.65103530883789,20.767520876721406,20.114397666814803,20.658999647073383,240978000,0.001254725333707185,NVDA,394,1131,79.27999877929688,75.87999725341797,1.0
2021-10-04,19.64546775817871,20.451915057453423,19.469243927312622,20.4140815960762,345635000,-0.04869332387557501,NVDA,391,1128,81.26000213623047,77.62000274658203,1.0
2021-10-05,20.361310958862305,20.557447503272453,19.76692902150087,19.86250867540271,279282000,0.03643808381124325,NVDA,390,1127,82.55999755859375,78.93000030517578,1.0
2021-10-06,20.609224319458008,20.629135169524517,19.991942391773726,20.031767889875287,297202000,0.012175707207487063,NVDA,389,1126,81.08000183105469,77.43000030517578,1.0
2021-10-07,20.98258399963379,21.22850061256001,20.880035030674634,20.999507750816413,256919000,0.018116144226897335,NVDA,388,1125,81.94999694824219,78.30000305175781,1.0
2021-10-08,20.739654541015625,21.113010149793695,20.683900346508157,21.008471035092192,151258000,-0.011577671206863926,NVDA,387,1124,82.38999938964844,79.3499984741211,1.0
2021-10-11,20.604248046875,20.970634324809474,20.421054907907763,20.484775333931104,163388000,-0.006528869315197139,NVDA,384,1121,83.6500015258789,80.5199966430664,1.0
2021-10-12,20.580352783203125,20.964659771807728,20.437980218130104,20.736663894521275,162134000,-0.0011597251021979726,NVDA,383,1120,83.41999816894531,80.63999938964844,1.0
2021-10-13,20.847177505493164,20.897954452846133,20.62216872749453,20.826269685815685,180652000,0.0129650217904822,NVDA,382,1119,83.18000030517578,80.44000244140625,1.0
2021-10-14,21.6506404876709,21.659599896985824,21.029376283806112,21.194648710999132,243589000,0.0385406121267986,NVDA,381,1118,84.0,81.30999755859375,1.0
2021-10-15,21.76612663269043,21.834824285475865,21.56700484536949,21.71435462616983,226994000,0.0053340752244857015,NVDA,380,1117,84.86000061035156,82.27999877929688,1.0
2021-10-18,22.12454605102539,22.19324369618043,21.549079838891977,21.65362080703191,189494000,0.016466844302773342,NVDA,377,1114,84.33000183105469,82.44000244140625,1.0
2021-10-19,22.192251205444336,22.280859708119866,21.940360443621927,22.178310762287502,161473000,0.00306018276093889,NVDA,376,1113,85.08000183105469,82.95999908447266,1.0
2021-10-20,22.006071090698242,22.334623846905142,21.88560143025834,22.207184914348492,146276000,-0.008389419938632403,NVDA,375,1112,85.81999969482422,83.87000274658203,1.0
2021-10-21,22.592491149902344,22.61140883432753,21.98616246311229,22.000101009958392,187590000,0.026648103461411443,NVDA,374,1111,84.61000061035156,82.5,1.0
2021-10-22,22.6263427734375,23.02857050189633,22.462067311679963,22.722917534822606,249384000,0.0014983572776701148,NVDA,373,1110,85.52999877929688,83.76000213623047,1.0
2021-10-25,23.064411163330078,23.252581526641404,22.67014782202449,22.87225673076628,230235000,0.019360989722424504,NVDA,370,1107,85.98999786376953,83.76000213623047,1.0
2021-10-26,24.608612060546875,25.14823704248469,23.819090189484406,23.883805688435576,485898000,0.06695167226605414,NVDA,369,1106,86.4000015258789,84.6500015258789,1.0
2021-10-27,24.343774795532227,24.97997251638669,24.175515291453934,24.36667464722999,245990000,-0.010761974887614323,NVDA,368,1105,84.58000183105469,82.66000366210938,1.0
2021-10-28,24.831626892089844,24.840588199418896,24.41546066539416,24.768903437739628,234204000,0.020040117058885754,NVDA,367,1104,84.31999969482422,82.80999755859375,1.0
2021-10-29,25.454879760742188,25.596257241681755,24.890366803732874,24.89136187149755,292503000,0.025099155659868755,NVDA,366,1103,84.37999725341797,83.56999969482422,1.0
2021-11-01,25.7137451171875,25.78045075190704,25.116375810653224,25.536526170254046,265740000,0.01016957687007225,NVDA,363,1100,84.70999908447266,84.05000305175781,1.0
2021-11-02,26.285226821899414,26.56101256170564,25.68686246202582,25.70876724972974,294112000,0.022224755752514813,NVDA,362,1099,84.72000122070312,83.91000366210938,1.0
2021-11-03,26.48135757446289,26.666542716501237,26.119950495850016,26.553042329347175,239910000,0.007461634396096262,NVDA,361,1098,81.98999786376953,80.86000061035156,1.0
2021-11-04,29.670307159423828,31.227447356837214,26.999072997139965,27.109586263133128,1153631000,0.1204224358964201,NVDA,360,1097,80.54000091552734,78.80999755859375,1.0
2021-11-05,29.62152862548828,31.262300425460428,29.28102744943848,30.05462047753978,851260000,-0.0016440185021830978,NVDA,359,1096,82.73999786376953,81.2699966430664,1.0
2021-11-08,30.668914794921875,30.963616262925747,29.775847185212836,30.016786509890455,503101000,0.03535895066982997,NVDA,356,1093,83.43000030517578,81.93000030517578,-1.0
2021-11-09,30.522552490234375,32.168304991641484,29.83259276941459,32.14042790793094,646746000,-0.0047723339957151945,NVDA,355,1092,84.77999877929688,84.1500015258789,-1.0
2021-11-10,29.329818725585938,30.714719784134914,28.65180522750998,29.22727165268206,636206000,-0.0390771304277403,NVDA,354,1091,82.63999938964844,81.33999633789062,1.0
2021-11-11,30.256729125976562,30.45585281899345,29.646418368081974,30.334388087867172,332172000,0.03160300474622546,NVDA,353,1090,82.87000274658203,81.58999633789062,-1.0
2021-11-12,30.256729125976562,30.54545829095262,29.500061751090385,29.87839638802561,413054000,0.0,NVDA,352,1089,82.16999816894531,80.79000091552734,-1.0
2021-11-15,29.89333152770996,30.509616521619076,29.118743398652445,30.418020909460683,384909000,-0.012010472009501227,NVDA,349,1086,82.05000305175781,80.87999725341797,1.0
2021-11-16,30.070554733276367,30.256734985536692,29.575734406154066,29.628503391382946,264484000,0.0059285197236087495,NVDA,348,1085,82.43000030517578,80.76000213623047,1.0
2021-11-17,29.1326847076416,30.37521308737603,28.673705838544485,30.284610635448647,428508000,-0.031188983174856744,NVDA,347,1084,80.27999877929688,78.36000061035156,1.0
2021-11-18,31.536096572875977,32.616337669436994,31.183648858814088,32.225063319518526,781711000,0.08249881153603233,NVDA,346,1083,81.23999786376953,79.01000213623047,-1.0
2021-11-19,32.840354919433594,32.94290388231008,31.76509100701343,32.101608157533384,533867000,0.04135763421270733,NVDA,345,1082,78.88999938964844,76.0999984741211,-1.0
2021-11-22,31.815858840942383,34.49505765592671,31.760104667628156,33.37001211902883,754335000,-0.03119625476047938,NVDA,342,1079,79.69999694824219,76.75,-1.0
2021-11-23,31.60678482055664,32.21809257052514,30.744581358909567,31.39670967652622,532163000,-0.006571377545738111,NVDA,341,1078,82.30999755859375,78.5,-1.0
2021-11-24,32.53071212768555,32.71091813220103,30.792368699348174,31.323032237725272,435162000,0.029231929548493518,NVDA,340,1077,82.25,78.38999938964844,-1.0
2021-11-26,31.364850997924805,32.56655680344716,31.212522066253175,32.45703857581968,283069000,-0.035838782907200106,NVDA,338,1075,72.72000122070312,68.1500015258789,-1.0
2021-11-29,33.229644775390625,33.26548621557435,31.895520560316285,32.224075324268114,454964000,0.05945489036722029,NVDA,335,1072,73.44000244140625,69.94999694824219,-1.0
2021-11-30,32.532711029052734,33.206744258077826,31.72427335918427,33.02354920307182,622066000,-0.02097325298084529,NVDA,334,1071,70.56999969482422,66.18000030517578,-1.0
2021-12-01,31.300979614257812,33.1470772684117,31.24621379716434,33.07737601000796,484368000,-0.03786132098535988,NVDA,333,1070,68.87000274658203,65.56999969482422,-1.0
2021-12-02,31.989042282104492,32.33954284702799,30.89273615044909,31.080931498478538,472890000,0.02198214485061234,NVDA,332,1069,69.66999816894531,66.5,-1.0
2021-12-03,30.562137603759766,31.9920158706896,30.00153639421318,31.863564266703918,544325000,-0.04460604558777226,NVDA,331,1068,69.87999725341797,66.26000213623047,-1.0
2021-12-06,29.908945083618164,30.112073950169314,27.91846679531978,29.752612926604016,658938000,-0.02137260582392131,NVDA,328,1065,73.08000183105469,69.48999786376953,-1.0
2021-12-07,32.28874969482422,32.310659060877626,30.520322375117104,30.82501943857468,593053000,0.0795683232742812,NVDA,327,1064,75.44000244140625,72.05000305175781,-1.0
2021-12-08,31.690317153930664,32.15233969224195,31.287043097460884,31.8625799412448,475551000,-0.018533778686062985,NVDA,326,1063,75.81999969482422,72.36000061035156,-1.0
2021-12-09,30.36000633239746,32.06769651903593,30.29827039453706,31.59870204936308,488507000,-0.04197846348685719,NVDA,325,1062,74.41999816894531,70.94000244140625,-1.0
2021-12-10,30.069255828857422,31.171536668842634,29.733692678385772,31.01719680171708,488825000,-0.009576760306198473,NVDA,324,1061,75.1500015258789,71.66999816894531,-1.0
2021-12-13,28.040937423706055,30.16484489291169,27.9961292011688,30.12003667037444,598344000,-0.06745489202312727,NVDA,321,1058,74.38999938964844,71.29000091552734,-1.0
2021-12-14,28.2161865234375,28.55573229210016,27.1338209994663,27.580906118057847,667035000,0.006249758953610796,NVDA,320,1057,73.69999694824219,70.7300033569336,-1.0
2021-12-15,30.329143524169922,30.369969093174348,27.7193173668591,28.278921661014024,698297000,0.07488457020856853,NVDA,319,1056,73.87999725341797,70.87000274658203,-1.0
2021-12-16,28.265975952148438,31.027154448930762,27.97323064778504,31.01918913294205,707366000,-0.06802590948133114,NVDA,318,1055,75.0199966430664,72.37999725341797,-1.0
2021-12-17,27.68247413635254,28.79869516682683,27.64164857062036,27.865689688111814,713758000,-0.020643257348824995,NVDA,317,1054,73.5199966430664,70.86000061035156,1.0
2021-12-20,27.600820541381836,28.024007803925517,27.029268369795737,27.188586061521594,461847000,-0.002949649462996362,NVDA,314,1051,71.5199966430664,68.2300033569336,1.0
2021-12-21,28.9510440826416,28.995852308207283,27.284179231128302,28.25303247287371,524385000,0.048919688428660235,NVDA,313,1050,73.9800033569336,71.12000274658203,-1.0
2021-12-22,29.274654388427734,29.428994238441074,28.327708710251994,28.767825605381404,395184000,0.011177845775177442,NVDA,312,1049,75.29000091552734,72.76000213623047,-1.0
2021-12-23,29.513629913330078,29.930844139118374,29.305521344818228,29.628139385488993,343022000,0.008163222756843558,NVDA,311,1048,76.8499984741211,73.79000091552734,-1.0
2021-12-27,30.813072204589844,30.954467015008788,29.513635493426495,29.53355068344991,403686000,0.044028548676517065,NVDA,307,1044,78.5999984741211,75.56999969482422,-1.0
2021-12-28,30.19272232055664,31.196424124096993,29.884042641533675,31.178501216751027,420591000,-0.020132685241973314,NVDA,306,1043,78.94000244140625,75.9800033569336,-1.0
2021-12-29,29.87309455871582,30.41776338511472,29.240801560831677,30.14393618740853,343139000,-0.010586251827421456,NVDA,305,1042,79.2300033569336,76.55999755859375,-1.0
2021-12-30,29.459863662719727,30.32715053513794,29.41406024985419,29.699835409860693,308864000,-0.013832878786089076,NVDA,304,1041,79.31999969482422,76.98999786376953,-1.0
2021-12-31,29.285606384277344,29.90196867896362,29.205947537847756,29.547485577861092,266530000,-0.0059150741645453975,NVDA,303,1040,77.77999877929688,75.20999908447266,-1.0
2022-01-03,29.992584228515625,30.580069009930835,29.658016270092954,29.687889053615017,391547000,0.024140795821726124,NVDA,300,1037,78.9800033569336,76.08000183105469,-1.0
2022-01-04,29.165128707885742,30.338106033190847,28.228140493093743,30.147920339641463,527154000,-0.027588670396836767,NVDA,299,1036,80.0,76.98999786376953,-1.0
2022-01-05,27.486310958862305,29.290585804595278,27.41561451686952,28.825575893064034,498064000,-0.05756250095236215,NVDA,298,1035,80.80000305175781,77.8499984741211,-1.0
2022-01-06,28.057863235473633,28.316754959283724,26.949609518873476,27.522156879900578,454186000,0.02079407009062617,NVDA,297,1034,81.98999786376953,79.45999908447266,-1.0
2022-01-07,27.130836486816406,28.300828200556737,26.94164598984423,28.02102606266158,409939000,-0.03303981992061267,NVDA,296,1033,81.75,78.9000015258789,-1.0
2022-01-10,27.28318214416504,27.351888211869046,25.534668178229204,26.467673635110437,594681000,0.005615221536669601,NVDA,293,1030,80.87000274658203,78.2300033569336,-1.0
2022-01-11,27.698406219482422,27.94535000609593,26.724577023199927,27.20651282406831,404089000,0.015219048611094133,NVDA,292,1029,83.72000122070312,81.22000122070312,-1.0
2022-01-12,27.879627227783203,28.473084959973825,27.490293505962637,27.94733620165416,383413000,0.006542651113742304,NVDA,291,1028,84.66999816894531,82.63999938964844,-1.0
2022-01-13,26.461700439453125,28.358577413604603,26.38502715764647,28.258008185903833,540171000,-0.05085888619475709,NVDA,290,1027,84.47000122070312,82.12000274658203,-1.0
2022-01-14,26.827133178710938,27.08104705883841,26.098253685229988,26.18787012536713,395832000,0.013809873635821646,NVDA,289,1026,86.05999755859375,83.81999969482422,-1.0
2022-01-18,25.792566299438477,26.524433344257982,25.660133902473458,26.14804463261415,424270000,-0.038564198134053984,NVDA,285,1022,87.51000213623047,85.43000030517578,-1.0
2022-01-19,24.96013069152832,26.429837857961516,24.945195249139907,25.967817240669206,488315000,-0.03227424515443733,NVDA,284,1021,88.44000244140625,86.95999908447266,-1.0
2022-01-20,24.047040939331055,25.469949535319014,23.975347395495497,25.196122322501015,435181000,-0.036581929937857915,NVDA,283,1020,88.37999725341797,86.9000015258789,1.0
2022-01-21,23.274349212646484,24.717171038870582,23.163822382731063,23.40678161092132,718958000,-0.03213250763925657,NVDA,282,1019,87.88999938964844,85.13999938964844,1.0
2022-01-24,23.272356033325195,23.280321348926336,20.798947012783948,22.234798657209716,913982000,-8.563845558384742e-05,NVDA,279,1016,86.2699966430664,83.30999755859375,1.0
2022-01-25,22.228816986083984,22.84517914998822,21.906199011380952,22.449870570385034,664616000,-0.04484028371458826,NVDA,278,1015,88.19999694824219,85.5999984741211,1.0
2022-01-26,22.67491340637207,23.954434796117226,22.204925605698346,23.140918549293506,755959000,0.02006838333175165,NVDA,277,1014,89.95999908447266,87.3499984741211,1.0
2022-01-27,21.850444793701172,23.89270120895478,21.582590638157097,23.46752162349448,573353000,-0.03636038638362371,NVDA,276,1013,89.33999633789062,86.61000061035156,1.0
2022-01-28,22.74262237548828,22.76054528347654,21.205204558448763,21.918151515078176,543774000,0.04083109475392921,NVDA,275,1012,90.02999877929688,86.81999969482422,1.0
2022-01-31,24.381603240966797,24.40450589385948,22.953717129211963,23.08316203452803,564680000,0.07206648549223549,NVDA,272,1009,91.20999908447266,88.1500015258789,-1.0
2022-02-01,24.532960891723633,25.03779935981821,23.788148758594023,24.996973791149287,518925000,0.00620786292275155,NVDA,271,1008,89.16000366210938,88.19999694824219,-1.0
2022-02-02,25.13438606262207,25.706933518845947,24.448322405650178,25.6840327601272,543419000,0.02451498510729433,NVDA,270,1007,89.47000122070312,88.26000213623047,-1.0
2022-02-03,23.845903396606445,24.97008988703977,23.678620353637253,24.353729361756347,410178000,-0.05126374134643208,NVDA,269,1006,91.11000061035156,90.2699966430664,1.0
2022-02-04,24.215314865112305,24.529967566747224,23.531243653456503,23.869794196918324,354829000,0.01549161138338051,NVDA,268,1005,93.2699966430664,92.30999755859375,-1.0
2022-02-07,24.62257194519043,25.074634872099356,24.098813592190186,24.26808886721252,376868000,0.016818161661191988,NVDA,265,1002,92.69000244140625,91.31999969482422,-1.0
2022-02-08,25.00095558166504,25.122435194530542,23.877764383475125,24.255148284706152,410359000,0.01536734819241814,NVDA,264,1001,90.77999877929688,89.36000061035156,-1.0
2022-02-09,26.591148376464844,26.61106356618626,25.244913078299707,25.512765352949764,524282000,0.06360528059039483,NVDA,263,1000,91.55000305175781,89.66000366210938,-1.0
2022-02-10,25.71390724182129,26.810213321811034,25.490863164851714,25.88417966754192,513200000,-0.03298996802334342,NVDA,262,999,91.41000366210938,89.87999725341797,-1.0
2022-02-11,23.846893310546875,26.040501880764474,23.671644989793617,25.80550800141122,605472000,-0.07260716598673456,NVDA,261,998,94.44000244140625,93.0999984741211,1.0
2022-02-14,24.163543701171875,24.76895144242699,23.653725456398867,23.831963183959466,440424000,0.013278475585956295,NVDA,258,995,96.4800033569336,95.45999908447266,-1.0
2022-02-15,26.38204002380371,26.43182609028829,24.67833439160507,24.84262993037753,699869000,0.09181171230791962,NVDA,257,994,93.27999877929688,92.06999969482422,-1.0
2022-02-16,26.397977828979492,26.46867618972759,25.443066608099492,26.14705325081861,732676000,0.0006041157227190119,NVDA,256,993,94.80999755859375,93.66000366210938,-1.0
2022-02-17,24.40251922607422,25.675070604494053,24.061978217389743,25.52073073259493,810595000,-0.07559134323973382,NVDA,255,992,92.97000122070312,91.76000213623047,-1.0
2022-02-18,23.54120635986328,24.879476296810182,23.001517271399226,24.562831248228793,761255000,-0.03529606341998581,NVDA,254,991,93.54000091552734,91.06999969482422,1.0
2022-02-22,23.290279388427734,23.96140567068865,22.901942706800956,22.936793337243518,633422000,-0.010659053219267745,NVDA,250,987,96.83999633789062,92.3499984741211,1.0
2022-02-23,22.291555404663086,24.052019342712313,22.205923511795177,23.700523668904758,566511000,-0.04288158021242483,NVDA,249,986,96.83999633789062,92.0999984741211,1.0
2022-02-24,23.646751403808594,23.698529751346676,20.800936466850946,20.925403538862675,735801000,0.06079414264928418,NVDA,248,985,99.08000183105469,92.80999755859375,-1.0
2022-02-25,24.054012298583984,24.113755971900215,23.281321506147055,23.619872153634248,528866000,0.01722269955059441,NVDA,247,984,97.93000030517578,91.58999633789062,-1.0
2022-02-28,24.28104019165039,24.559847157502983,23.60593119558958,23.889716009396203,477319000,0.009438254634956289,NVDA,244,981,100.98999786376953,95.72000122070312,-1.0
2022-03-01,23.37691307067871,24.27307774574987,23.033384544712966,24.18744393692038,412056000,-0.037235930332283895,NVDA,243,980,104.97000122070312,103.41000366210938,1.0
2022-03-02,24.120853424072266,24.309080821194527,23.319150331128935,23.658754033910338,389642000,0.031823720742952366,NVDA,242,979,112.93000030517578,110.5999984741211,-1.0
2022-03-03,23.61692237854004,24.226416539633046,23.372924502534758,24.162677458354135,365095000,-0.02089192437234877,NVDA,241,978,110.45999908447266,107.66999816894531,-1.0
2022-03-04,22.84210968017578,23.58306351436936,22.38996771003813,23.288275695324913,431415000,-0.03280752190930292,NVDA,240,977,118.11000061035156,115.68000030517578,1.0
2022-03-07,21.264591217041016,22.938711412053266,21.24268191605436,22.723594140609173,450821000,-0.06906185484714067,NVDA,237,974,123.20999908447266,119.4000015258789,1.0
2022-03-08,21.425928115844727,22.281410884459255,20.565464751978574,21.22176739996016,557467000,0.007587114991160382,NVDA,236,973,127.9800033569336,123.69999694824219,1.0
2022-03-09,22.91978645324707,23.124942518382856,22.15592615939423,22.295352427006858,492742000,0.06972198960649068,NVDA,235,972,111.13999938964844,108.69999694824219,1.0
2022-03-10,22.565248489379883,22.6947154875098,21.792424138907304,22.438767569291258,428066000,-0.015468641673009986,NVDA,234,971,109.33000183105469,106.0199966430664,1.0
2022-03-11,22.00952911376953,23.050251249791206,21.955749323787682,22.927753683517206,367209000,-0.024627221626737028,NVDA,233,970,112.66999816894531,109.33000183105469,1.0
2022-03-14,21.242677688598633,22.17086141206027,21.072378211360963,21.77947065227046,385354000,-0.03484179153524658,NVDA,230,967,106.9000015258789,103.01000213623047,1.0
2022-03-15,22.878952026367188,22.943686459312385,21.23471186606526,21.42990862446335,491996000,0.07702768745800692,NVDA,229,966,99.91000366210938,96.44000244140625,1.0
2022-03-16,24.395723342895508,24.496309721640184,23.077143868450847,23.403800284654025,671422000,0.06629548918063621,NVDA,228,965,98.0199966430664,95.04000091552734,1.0
2022-03-17,24.66461181640625,24.740298995053305,23.808131941746627,24.02125655135491,471941000,0.011021951254790219,NVDA,227,964,106.63999938964844,102.9800033569336,1.0
2022-03-18,26.344707489013672,26.460233740028837,24.52319636276872,24.697479198946194,730719000,0.06811766125140739,NVDA,226,963,107.93000030517578,104.69999694824219,-1.0
2022-03-21,26.624557495117188,27.040847486368627,25.860697187971265,26.398487485905324,591727000,0.010622627190687961,NVDA,223,960,115.62000274658203,112.12000274658203,-1.0
2022-03-22,26.415414810180664,27.126492498169284,25.965265566055862,26.617582876634945,547007000,-0.007855254870428485,NVDA,222,959,115.4800033569336,111.76000213623047,-1.0
2022-03-23,25.5290584564209,26.503053388167388,25.470299979681194,26.019042949245076,502120000,-0.033554512019934646,NVDA,221,958,121.5999984741211,114.93000030517578,1.0
2022-03-24,28.034759521484375,28.204063653708854,25.800941854899072,26.058882339128612,877379000,0.09815093922640372,NVDA,220,957,119.02999877929688,112.33999633789062,-1.0
2022-03-25,27.57863998413086,28.24191402369098,27.159363852947997,27.771846072498157,579016000,-0.016269785977795492,NVDA,219,956,120.6500015258789,113.9000015258789,-1.0
2022-03-28,28.103477478027344,28.134350707606135,27.094623991150144,27.64237355173041,425494000,0.019030579252584,NVDA,216,953,112.4800033569336,105.95999908447266,-1.0
2022-03-29,28.538686752319336,28.827498547867677,27.8654536027074,28.57752665145035,488984000,0.015485958085872387,NVDA,215,952,110.2300033569336,104.23999786376953,-1.0
2022-03-30,27.57664680480957,28.37934706350977,27.390412047597884,28.188133610446798,463487000,-0.03371002863092787,NVDA,214,951,113.44999694824219,107.81999969482422,-1.0
2022-03-31,27.174299240112305,28.132361016808318,27.15836589385924,27.66826906522798,523440000,-0.014590155487181788,NVDA,213,950,107.91000366210938,100.27999877929688,-1.0
2022-04-01,26.60264778137207,27.38343868051935,26.1594698017538,27.26293373491524,517235000,-0.021036474710501962,NVDA,212,949,104.38999938964844,99.2699966430664,-1.0
2022-04-04,27.24799919128418,27.44518860912793,26.50405738303461,26.618586388901665,397120000,0.024258916451316725,NVDA,209,946,107.52999877929688,103.27999877929688,-1.0
2022-04-05,25.824846267700195,27.207164711525582,25.714300606563835,27.142430269538746,436615000,-0.052229630278292416,NVDA,208,945,106.63999938964844,101.95999908447266,-1.0
2022-04-06,24.307086944580078,25.19643100477937,23.90474143009996,24.831930039640117,703833000,-0.05877128201992121,NVDA,207,944,101.06999969482422,96.2300033569336,-1.0
2022-04-07,24.10889434814453,24.620790007832454,23.381883372233684,24.340940265125937,557992000,-0.008153695952436646,NVDA,206,943,100.58000183105469,96.02999877929688,-1.0
2022-04-08,23.024354934692383,23.825064370958277,22.96758907146771,23.819088417079787,524781000,-0.044985033232584404,NVDA,205,942,102.77999877929688,98.26000213623047,-1.0
2022-04-11,21.827280044555664,22.22863019589857,21.57133213415732,22.12306512210957,575207000,-0.05199167983347075,NVDA,202,939,98.4800033569336,94.29000091552734,-1.0
2022-04-12,21.415969848632812,22.631972169880864,21.194878517496804,22.44474204972869,662258000,-0.018843859385285322,NVDA,201,938,104.63999938964844,100.5999984741211,-1.0
2022-04-13,22.11210823059082,22.407893303585002,21.367171071947986,21.639054224925435,516943000,0.0325055734985753,NVDA,200,937,108.77999877929688,104.25,-1.0
2022-04-14,21.170974731445312,22.683757345759695,21.07636432042871,22.41286958131203,569097000,-0.04256190722888664,NVDA,199,936,111.69999694824219,106.94999694824219,-1.0
2022-04-18,21.69382667541504,21.9975764845038,20.992708207900467,21.113213152266766,525701000,0.024696640121776303,NVDA,195,932,113.16000366210938,108.20999908447266,-1.0
2022-04-19,22.107126235961914,22.28140906472453,21.226744362071575,21.631082424341212,512781000,0.01905148255910305,NVDA,194,931,107.25,102.55999755859375,-1.0
2022-04-20,21.394062042236328,22.577198594461343,21.113216842382243,22.42482503392664,468974000,-0.0322549473918341,NVDA,193,930,106.80000305175781,102.75,-1.0
2022-04-21,20.100378036499023,22.30033475649145,19.918126615701347,21.620130170301234,656209000,-0.06046930233180137,NVDA,192,929,108.33000183105469,103.79000091552734,-1.0
2022-04-22,19.435108184814453,20.402133738806455,19.42017020020564,20.219882348509838,624713000,-0.03309738008292917,NVDA,191,928,106.6500015258789,102.06999969482422,-1.0
2022-04-25,19.820526123046875,19.863349361314793,19.017825948530263,19.12339100546342,641566000,0.019831015838315036,NVDA,188,925,102.31999969482422,98.54000091552734,-1.0
2022-04-26,18.711090087890625,19.706996516542763,18.593573098917023,19.637283370463635,653143000,-0.05597409616015303,NVDA,187,924,104.98999786376953,101.69999694824219,-1.0
2022-04-27,18.33961296081543,19.088533303599878,18.215124690050864,18.52186245193841,499460000,-0.019853312945973478,NVDA,186,923,105.31999969482422,102.0199966430664,1.0
2022-04-28,19.701017379760742,19.954974541798094,18.414306664090166,18.88935323961421,570327000,0.0742329961844943,NVDA,185,922,107.58999633789062,105.36000061035156,-1.0
2022-04-29,18.471071243286133,20.04559815796076,18.441193376572677,19.322570499448265,500435000,-0.062430589891167676,NVDA,184,921,109.33999633789062,104.69000244140625,-1.0
2022-05-02,19.45304298400879,19.493873616471745,18.315717541395493,18.46510313938499,572049000,0.05316268492438314,NVDA,181,918,107.58000183105469,105.16999816894531,-1.0
2022-05-03,19.521751403808594,19.743839946636715,19.054671561830528,19.320578698241782,475751000,0.0035320139813748153,NVDA,180,917,104.97000122070312,102.41000366210938,-1.0
2022-05-04,20.250755310058594,20.316485100829365,18.67423569064355,19.841438581021603,648855000,0.037343161029484984,NVDA,179,916,110.13999938964844,107.80999755859375,-1.0
2022-05-05,18.766857147216797,19.843431175196322,18.424265535645223,19.785669950252917,626331000,-0.0732761884740537,NVDA,178,915,110.9000015258789,108.26000213623047,-1.0
2022-05-06,18.598548889160156,19.432122333318322,17.916353624000763,18.65929999241693,633297000,-0.008968377429227736,NVDA,177,914,112.38999938964844,109.7699966430664,-1.0
2022-05-09,16.880611419677734,18.180267458938104,16.75811385880719,17.960173412210224,644455000,-0.09236943590172741,NVDA,174,911,105.94000244140625,103.08999633789062,1.0
2022-05-10,17.52297019958496,18.12350232079174,16.955303927577983,17.61658525253339,761474000,0.03805305174896856,NVDA,173,910,102.45999908447266,99.76000213623047,1.0
2022-05-11,16.561918258666992,17.68032194709463,16.500173704044624,17.275983917823066,670167000,-0.05484526481365193,NVDA,172,909,107.51000213623047,105.70999908447266,1.0
2022-05-12,16.10878562927246,16.719277132650767,15.503275671521447,16.15260613492584,708728000,-0.0273599121984196,NVDA,171,908,107.44999694824219,106.12999725341797,1.0
2022-05-13,17.63351821899414,17.854609562915,16.52507542137206,16.719276866807252,670437000,0.09465223666214628,NVDA,170,907,111.55000305175781,110.48999786376953,1.0
2022-05-16,17.193326950073242,17.71518203809066,17.035974706114335,17.437324838562272,521446000,-0.024963326288836796,NVDA,167,904,114.23999786376953,114.19999694824219,1.0
2022-05-17,18.102590560913086,18.295796644400493,17.561814118646062,18.00001156413309,585830000,0.05288468098583854,NVDA,166,903,111.93000030517578,112.4000015258789,-1.0
2022-05-18,16.8686580657959,18.04382762467623,16.794961603480765,17.632518279068112,545161000,-0.06816331016078336,NVDA,165,902,109.11000061035156,109.58999633789062,1.0
2022-05-19,17.053903579711914,17.614598669841808,16.665498750139765,16.867668789295024,621310000,0.010981639036932833,NVDA,164,901,112.04000091552734,112.20999908447266,1.0
2022-05-20,16.625654220581055,17.33872248774147,15.690498401654581,17.26104270480304,739105000,-0.025111515209944257,NVDA,163,900,112.55000305175781,113.2300033569336,1.0
2022-05-23,16.828821182250977,16.845751782688478,16.112764867573357,16.207375258686408,639889000,0.012220088242808513,NVDA,160,897,113.41999816894531,110.29000091552734,1.0
2022-05-24,16.087867736816406,16.529054964044875,15.715399228807048,16.44241123290059,588550000,-0.04402883822997894,NVDA,159,896,113.55999755859375,109.7699966430664,1.0
2022-05-25,16.905506134033203,17.04094904216001,15.93449732347587,15.954415901019841,781132000,0.050823291849029006,NVDA,158,895,114.02999877929688,110.33000183105469,1.0
2022-05-26,17.777925491333008,18.017938165633957,15.956412162178278,15.970354791394591,996575000,0.05160563371382887,NVDA,157,894,117.4000015258789,114.08999633789062,-1.0
2022-05-27,18.73399543762207,18.80370857918977,18.02590557198039,18.111553959995266,738379000,0.053778487639357,NVDA,156,893,119.43000030517578,115.06999969482422,-1.0
2022-05-31,18.595563888549805,19.121402309598214,18.27488154857996,18.902301701134324,664100000,-0.007389323304427875,NVDA,152,889,122.83999633789062,114.66999816894531,-1.0
2022-06-01,18.2450008392334,18.97499986864279,18.047811461986903,18.64734816521392,544514000,-0.01885197197662103,NVDA,151,888,116.29000091552734,115.26000213623047,-1.0
2022-06-02,19.511795043945312,19.53868493920684,18.123502575652576,18.21711762991746,648656000,0.06943240046269805,NVDA,150,887,117.61000061035156,116.87000274658203,-1.0
2022-06-03,18.643362045288086,19.252858009305765,18.446172677395946,19.003881477132655,598779000,-0.044508103775244834,NVDA,149,886,119.72000122070312,118.87000274658203,-1.0
2022-06-06,18.709096908569336,19.257841926957315,18.48800556646816,19.060652505586596,422406000,0.003525912500200734,NVDA,146,883,119.51000213623047,118.5,-1.0
2022-06-07,18.848522186279297,18.92221865575563,18.113542511249516,18.396380279945216,388914000,0.007452271929068832,NVDA,145,882,120.56999969482422,119.41000366210938,-1.0
2022-06-08,18.57558822631836,19.105521994199414,18.463026152906487,18.726000947489727,363252000,-0.01448039041276239,NVDA,144,881,123.58000183105469,122.11000061035156,-1.0
2022-06-09,17.97791862487793,18.859482332873327,17.970945836791113,18.409237816459715,395574000,-0.03217500270562823,NVDA,143,880,123.06999969482422,121.51000213623047,-1.0
2022-06-10,16.9080867767334,17.628278767149297,16.803493073192044,17.531655320031188,465248000,-0.05950810382822025,NVDA,142,879,122.01000213623047,120.66999816894531,-1.0
2022-06-13,15.5862398147583,16.248657445936082,15.545398661343508,15.937868732069086,604153000,-0.07817838762183571,NVDA,139,876,122.2699966430664,120.93000030517578,1.0
2022-06-14,15.774504661560059,16.003611048891642,15.352150439310131,15.669911913017133,469680000,0.012078913775180888,NVDA,138,875,121.16999816894531,118.93000030517578,1.0
2022-06-15,16.462820053100586,16.802495430465633,15.864153172658016,16.032496557191926,563936000,0.04363467546577504,NVDA,137,874,118.51000213623047,115.30999755859375,-1.0
2022-06-16,15.540419578552246,15.880095995991596,15.341196388689442,15.79841368067241,545749000,-0.05602931159869029,NVDA,136,873,119.80999755859375,117.58999633789062,1.0
2022-06-17,15.818336486816406,15.932889702329279,15.268479912389294,15.587237016415061,630334000,0.01788348807825768,NVDA,135,872,113.12000274658203,109.55999755859375,1.0
2022-06-21,16.501667022705078,16.941949982642416,16.343284093469975,16.411020810356447,483089000,0.043198634474502784,NVDA,131,868,114.6500015258789,110.6500015258789,-1.0
2022-06-22,16.296472549438477,16.59729988882193,16.117171209417034,16.162992114105894,437135000,-0.012434772376891945,NVDA,130,867,111.73999786376953,106.19000244140625,-1.0
2022-06-23,16.161991119384766,16.52059177911531,15.791435077725597,16.454848103171535,463680000,-0.008252180319743174,NVDA,129,866,110.05000305175781,104.2699966430664,-1.0
2022-06-24,17.059497833251953,17.07344340934076,16.24666644132576,16.435929188204064,472153000,0.055531939551106024,NVDA,128,865,113.12000274658203,107.62000274658203,-1.0
2022-06-27,16.803497314453125,17.262707696564117,16.561440850774616,17.244777939984676,427968000,-0.015006333791363957,NVDA,125,862,115.08999633789062,109.56999969482422,-1.0
2022-06-28,15.919939041137695,17.135200852696613,15.883082065971653,16.834373533612357,461149000,-0.052581808226044635,NVDA,124,861,117.9800033569336,111.76000213623047,1.0
2022-06-29,15.481646537780762,15.758566876112974,15.111091360585093,15.752590608725741,482352000,-0.027531041558913616,NVDA,123,860,116.26000213623047,109.77999877929688,1.0
2022-06-30,15.100133895874023,15.50654951386169,14.804287295645784,15.301349140819207,686070000,-0.02464289834906841,NVDA,122,859,114.80999755859375,105.76000213623047,1.0
2022-07-01,14.46660327911377,15.004506284421517,14.336112418461335,14.841143578722336,577610000,-0.041955297954898274,NVDA,121,858,111.62999725341797,108.43000030517578,1.0
2022-07-05,14.905892372131348,14.912865159719473,14.000422705433717,14.11995661407491,651397000,0.0303657385595002,NVDA,117,854,102.7699966430664,99.5,1.0
2022-07-06,15.071246147155762,15.259512337175808,14.731569789510388,14.951712254279894,529066000,0.01109318187038344,NVDA,116,853,100.69000244140625,98.52999877929688,1.0
2022-07-07,15.796420097351074,15.883082152996206,15.329241452564782,15.395981666093258,492903000,0.048116389521789316,NVDA,115,852,104.6500015258789,102.7300033569336,1.0
2022-07-08,15.776496887207031,15.974724471417973,15.329240123320371,15.370081273576027,467972000,-0.0012612484361177456,NVDA,114,851,107.0199966430664,104.79000091552734,1.0
2022-07-11,15.093162536621094,15.466706345467303,14.97960489954158,15.465709825855997,437321000,-0.0433134399525692,NVDA,111,848,107.0999984741211,104.08999633789062,1.0
2022-07-12,15.023433685302734,15.371078433295626,14.819229812840817,15.208711284952944,458483000,-0.004619896668387025,NVDA,110,847,99.48999786376953,95.83999633789062,1.0
2022-07-13,15.10511589050293,15.315296992454249,14.408830785871842,14.533345395566592,521918000,0.005436986438067448,NVDA,109,846,99.56999969482422,96.30000305175781,1.0
2022-07-14,15.312308311462402,15.412915948428,14.670808992131683,15.049333517821207,456235000,0.013716705152175601,NVDA,108,845,99.0999984741211,95.77999877929688,1.0
2022-07-15,15.70079517364502,15.720717018310008,15.385025718454648,15.598195441188166,385935000,0.025370888195335395,NVDA,107,844,101.16000366210938,97.58999633789062,1.0
2022-07-18,16.038482666015625,16.831391475945008,15.939868037240583,16.23870243346267,670517000,0.021507668155396287,NVDA,104,841,106.2699966430664,102.5999984741211,1.0
2022-07-19,16.926021575927734,17.043563418815324,16.1092058948289,16.42198582931977,702366000,0.0553380845553888,NVDA,103,840,107.3499984741211,104.22000122070312,1.0
2022-07-20,17.73784828186035,17.863360331709984,16.735756321576044,16.881189260341582,760538000,0.047963232369217845,NVDA,102,839,106.91999816894531,102.26000213623047,-1.0
2022-07-21,17.979909896850586,18.07354475184099,17.476871681207573,17.815551590727683,557049000,0.01364661661007549,NVDA,101,838,103.86000061035156,96.3499984741211,-1.0
2022-07-22,17.251747131347656,17.897229633267205,17.07045276387724,17.823517582725398,536671000,-0.040498688240394154,NVDA,100,837,103.19999694824219,94.69999694824219,1.0
2022-07-25,16.95789337158203,17.057505436276674,16.584349553933702,16.95291172337914,480748000,-0.017033275385289648,NVDA,97,834,105.1500015258789,96.69999694824219,1.0
2022-07-26,16.468799591064453,16.853300347202065,16.414012864423395,16.823416159959134,397865000,-0.028841659149549725,NVDA,96,833,104.4000015258789,94.9800033569336,1.0
2022-07-27,17.720918655395508,17.86635161594308,16.84732342255859,16.965860804114296,569776000,0.07602977116865417,NVDA,95,832,106.62000274658203,97.26000213623047,-1.0
2022-07-28,17.914165496826172,18.069559869258693,17.372279182649145,17.90520156953599,474646000,0.010905012611850395,NVDA,94,831,107.13999938964844,96.41999816894531,-1.0
2022-07-29,18.092470169067383,18.173155009470385,17.623298471299282,17.743828897049305,435460000,0.009953278162625034,NVDA,93,830,110.01000213623047,98.62000274658203,-1.0
2022-08-01,18.369388580322266,18.772816539459214,17.9201397228468,18.111393572390696,476469000,0.015305727115600298,NVDA,90,827,100.02999877929688,93.88999938964844,-1.0
2022-08-02,18.454059600830078,18.864460391381805,18.021744878238078,18.051629067336524,489527000,0.004609354314520475,NVDA,89,826,100.54000091552734,94.41999816894531,-1.0
2022-08-03,18.81963539123535,18.89434491533446,18.066570532098716,18.113388905855146,418146000,0.019810047128536956,NVDA,88,825,96.77999877929688,90.66000366210938,-1.0
2022-08-04,19.140382766723633,19.199153667911663,18.68714973891171,18.775804825428892,409652000,0.0170432300530996,NVDA,87,824,94.12000274658203,88.54000091552734,-1.0
2022-08-05,18.915266036987305,19.154333889054843,18.593520291504326,18.736960242767893,386068000,-0.011761349419182054,NVDA,86,823,94.91999816894531,89.01000213623047,-1.0
2022-08-08,17.723907470703125,18.16817666184887,17.175048359813875,17.434038984708703,981859000,-0.06298397093408958,NVDA,83,820,96.6500015258789,90.76000213623047,-1.0
2022-08-09,17.0196475982666,17.3792457290548,16.659053898124192,17.185003308258562,668263000,-0.03973502308114818,NVDA,82,819,96.30999755859375,90.5,1.0
2022-08-10,18.0267276763916,18.047646040112355,17.249755809744542,17.62927686575505,597422000,0.059171617526767584,NVDA,81,818,97.4000015258789,91.93000030517578,-1.0
2022-08-11,17.872325897216797,18.634356491462075,17.80658220790549,18.06059303930121,509327000,-0.008565158466171008,NVDA,80,817,99.5999984741211,94.33999633789062,-1.0
2022-08-12,18.6363468170166,18.645312642416616,17.883282081436935,18.089478966160975,478094000,0.042748824310482325,NVDA,79,816,98.1500015258789,92.08999633789062,-1.0
2022-08-15,18.958097457885742,19.0895848654129,18.54072573092658,18.62838336929725,457666000,0.01726468411584592,NVDA,76,813,95.0999984741211,89.41000366210938,-1.0
2022-08-16,18.80569076538086,19.067669997846224,18.429158316805072,18.846531923284925,451240000,-0.008039134351083721,NVDA,75,812,92.33999633789062,86.52999877929688,-1.0
2022-08-17,18.26380157470703,18.615431461944837,18.074540740730857,18.45107316928741,446799000,-0.028815170760511766,NVDA,74,811,93.6500015258789,88.11000061035156,-1.0
2022-08-18,18.700101852416992,18.791743657859055,18.11239277422747,18.229934589865376,415447000,0.023888798612123452,NVDA,73,810,96.58999633789062,90.5,-1.0
2022-08-19,17.77968978881836,18.448083694133654,17.70099608999701,18.334526059114626,441588000,-0.04921962836687277,NVDA,72,809,96.72000122070312,90.7699966430664,-1.0
2022-08-22,16.967857360839844,17.48982283565492,16.9001206145131,17.422086089328175,409593000,-0.04566066324110318,NVDA,69,806,96.4800033569336,90.2300033569336,-1.0
2022-08-23,17.11428451538086,17.397182115122416,16.904103405013966,16.92303062961487,369986000,0.00862967854025909,NVDA,68,805,100.22000122070312,93.73999786376953,-1.0
2022-08-24,17.155122756958008,17.338408253803493,16.829392914726995,16.94593725189229,522661000,0.002386207938780416,NVDA,67,804,101.22000122070312,94.88999938964844,-1.0
2022-08-25,17.84343910217285,17.877307466202186,16.76763310909007,16.778590073936765,770691000,0.04012307897567613,NVDA,66,803,99.33999633789062,92.5199966430664,-1.0
2022-08-26,16.19685935974121,17.85439727044476,16.173947959014292,17.787658007376972,769127000,-0.09227928164538257,NVDA,65,802,100.98999786376953,93.05999755859375,-1.0
2022-08-29,15.739641189575195,16.274555614443177,15.705773773179859,15.957791581811284,496132000,-0.02822881646441122,NVDA,62,799,105.08999633789062,97.01000213623047,-1.0
2022-08-30,15.40793514251709,15.976716986717125,15.123045485635457,15.898024237946384,530181000,-0.02107456218746606,NVDA,61,798,99.30999755859375,91.63999938964844,-1.0
2022-08-31,15.035385131835938,15.479653272888758,14.90090915114216,15.32425893297207,573710000,-0.024179100394388864,NVDA,60,797,96.48999786376953,89.55000305175781,-1.0
2022-09-01,13.882880210876465,14.32415979672276,13.218470483091595,14.153823343963365,1178865000,-0.07665283668185907,NVDA,59,796,92.36000061035156,86.61000061035156,-1.0
2022-09-02,13.594006538391113,14.115970968690647,13.538223289757255,14.045247525726571,743157000,-0.020807906435656998,NVDA,58,795,93.0199966430664,86.87000274658203,-1.0
2022-09-06,13.412712097167969,13.72549288368182,13.299154469269991,13.67767894562563,535751000,-0.01333635089192775,NVDA,54,791,92.83000183105469,86.87999725341797,-1.0
2022-09-07,13.664806365966797,13.788362113873305,13.298126385508025,13.514347994091015,512657000,0.01879517482911286,NVDA,53,790,88.0,81.94000244140625,-1.0
2022-09-08,13.939815521240234,13.957751553071784,13.321043803751946,13.410720161896329,624873000,0.02012536057286307,NVDA,52,789,89.1500015258789,83.54000091552734,-1.0
2022-09-09,14.335391998291016,14.422079811274344,14.075328559341035,14.106216544794995,486612000,0.028377454238762256,NVDA,51,788,92.83999633789062,86.79000091552734,-1.0
2022-09-12,14.452967643737793,14.49481679850031,14.147068757337559,14.317455823482035,484159000,0.008201774005258677,NVDA,48,785,94.0,87.77999877929688,-1.0
2022-09-13,13.083897590637207,13.87206057353365,13.052012787776297,13.752491137425125,714956000,-0.09472587823122813,NVDA,47,784,93.16999816894531,87.30999755859375,-1.0
2022-09-14,13.080906867980957,13.242325437341442,12.866677974239867,13.20645432739914,588507000,-0.00022858040851603256,NVDA,46,783,94.0999984741211,88.4800033569336,-1.0
2022-09-15,12.882620811462402,13.185530199582288,12.744119495023593,12.968312751976555,523625000,-0.015158433472522659,NVDA,45,782,90.83999633789062,85.0999984741211,-1.0
2022-09-16,13.150655746459961,13.164605464480621,12.571739597842733,12.6962911946005,670751000,0.020805932187266896,NVDA,44,781,91.3499984741211,85.11000061035156,-1.0
2022-09-19,13.33399486541748,13.41470462187878,12.963329595471533,12.96532227645463,569685000,0.013941443110688345,NVDA,41,778,92.0,85.7300033569336,-1.0
2022-09-20,13.128735542297363,13.434634451270144,13.01016292838732,13.167596153339607,524818000,-0.015393685477746,NVDA,40,777,90.62000274658203,84.44999694824219,-1.0
2022-09-21,13.213430404663086,13.98066875064519,13.06297204241683,13.165603203916465,807679000,0.006451105827584014,NVDA,39,776,89.83000183105469,82.94000244140625,-1.0
2022-09-22,12.51594066619873,13.101831671038127,12.383418345633107,13.0231145909362,759162000,-0.05278642389626598,NVDA,38,775,90.45999908447266,83.48999786376953,-1.0
2022-09-23,12.471105575561523,12.56576508173938,12.213034769485242,12.375450203675948,663309000,-0.003582238988899311,NVDA,37,774,86.1500015258789,78.73999786376953,-1.0
2022-09-26,12.184137344360352,12.613592036444986,12.170187623758139,12.44619443896498,547343000,-0.023010648852457516,NVDA,34,771,84.05999755859375,76.70999908447266,1.0
2022-09-27,12.368473052978516,12.690314364148412,12.21402932430884,12.462135725855696,553854000,0.015129155508369907,NVDA,33,770,86.2699966430664,78.5,1.0
2022-09-28,12.690316200256348,12.77700402599907,12.309686459522334,12.365485345011257,542414000,0.026021251443024918,NVDA,32,769,89.31999969482422,82.1500015258789,-1.0
2022-09-29,12.176163673400879,12.455158968218063,11.903146421572972,12.403345461298121,532763000,-0.04051534404202495,NVDA,31,768,88.48999786376953,81.2300033569336,1.0
2022-09-30,12.095455169677734,12.587683536419725,12.031684619918396,12.043641657389104,565638000,-0.006628401677899132,NVDA,30,767,87.95999908447266,79.48999786376953,1.0
2022-10-03,12.467117309570312,12.632522202880898,12.061576751367282,12.3027092319889,547478000,0.030727420727770793,NVDA,27,764,88.86000061035156,83.62999725341797,-1.0
2022-10-04,13.119768142700195,13.17257847359488,12.832801128271297,12.832801128271297,584182000,0.052349778775954814,NVDA,26,763,91.80000305175781,86.5199966430664,-1.0
2022-10-05,13.161617279052734,13.273215984590474,12.575727163303043,12.864686858561551,507131000,0.003189777128479454,NVDA,25,762,93.37000274658203,87.76000213623047,-1.0
2022-10-06,13.082901000976562,13.60701418955063,13.055997427970787,13.172578310658011,644157000,-0.005980745102005969,NVDA,24,761,94.41999816894531,88.44999694824219,-1.0
2022-10-07,12.032681465148926,12.624550545260242,11.978875271525471,12.460142467451544,672478000,-0.08027420950057207,NVDA,23,760,97.91999816894531,92.63999938964844,1.0
2022-10-10,11.628138542175293,12.080509516858074,11.367078280478221,11.993821701559334,698699000,-0.03362034673196812,NVDA,20,757,96.19000244140625,91.12999725341797,1.0
2022-10-11,11.544439315795898,11.803505925509853,11.242525784323794,11.51952842526829,667482000,-0.007197990123338882,NVDA,19,756,94.29000091552734,89.3499984741211,1.0
2022-10-12,11.458745956420898,11.69290259691748,11.304302255253075,11.537463030403634,492590000,-0.007422912194423148,NVDA,18,755,92.44999694824219,87.2699966430664,1.0
2022-10-13,11.917097091674805,12.034673832144149,10.774211301684586,10.931644516028966,850103000,0.04000011318839558,NVDA,17,754,94.56999969482422,89.11000061035156,1.0
2022-10-14,11.186727523803711,12.067556325773387,11.163810263463406,12.013750129635845,713432000,-0.061287540266943386,NVDA,16,753,91.62999725341797,85.61000061035156,1.0
2022-10-17,11.845354080200195,11.90513926216049,11.475685618444233,11.476681483829186,580774000,0.05887571275826864,NVDA,13,750,91.62000274658203,85.45999908447266,1.0
2022-10-18,11.924070358276367,12.447186626800823,11.576322361329343,12.299717788184358,659362000,0.006645329261009358,NVDA,12,749,90.02999877929688,82.81999969482422,1.0
2022-10-19,12.007770538330078,12.305698708951443,11.791548948755544,11.83638760168255,523131000,0.007019430239743274,NVDA,11,748,92.41000366210938,85.55000305175781,1.0
2022-10-20,12.150259017944336,12.723196239361652,12.061577571391497,12.069549247006899,652398000,0.011866355970029607,NVDA,10,747,92.37999725341797,85.9800033569336,1.0
2022-10-21,12.421281814575195,12.453167564548195,11.844359270919771,12.054601866532238,609494000,0.022305927489331134,NVDA,9,746,93.5,85.05000305175781,1.0
2022-10-24,12.553807258605957,12.664409161491927,12.020726460130167,12.463134071674045,517457000,0.01066922448174834,NVDA,6,743,93.26000213623047,84.58000183105469,1.0
2022-10-25,13.213430404663086,13.252291014913888,12.618571815177777,12.64846488467942,505482000,0.05254367320359643,NVDA,5,742,93.5199966430664,85.31999969482422,1.0
2022-10-26,12.849739074707031,13.339973788252896,12.662413746395243,12.822836454280946,532953000,-0.02752436867777397,NVDA,4,741,95.69000244140625,87.91000366210938,1.0
2022-10-27,13.128735542297363,13.788361512216962,13.074929346453251,13.581107454000612,583113000,0.021712228238120357,NVDA,3,740,96.95999908447266,89.08000183105469,1.0
2022-10-28,13.78437614440918,13.800319496329138,13.014149183187982,13.056995159747698,521040000,0.049939356307354466,NVDA,2,739,95.7699966430664,87.9000015258789,1.0
2022-10-31,13.448583602905273,13.788360930226967,13.24930122851385,13.728575742782882,486341000,-0.024360372786265017,NVDA,1455,736,94.83000183105469,86.52999877929688,1.0
2022-11-01,13.494418144226074,13.875047785742884,13.470504070891979,13.761456412532556,432817000,0.0034081314935574536,NVDA,1454,735,94.6500015258789,88.37000274658203,1.0
2022-11-02,13.17158031463623,14.159025547914593,13.16360959020308,13.800317291584546,672628000,-0.02392380509773795,NVDA,1453,734,96.16000366210938,90.0,1.0
2022-11-03,13.372856140136719,13.731565367636188,12.909524971705448,12.996212781616933,500065000,0.01528106883855318,NVDA,1452,733,94.66999816894531,88.16999816894531,1.0
2022-11-04,14.105220794677734,14.177958888937177,13.647866699718021,13.935830529915377,612576000,0.05476501406030443,NVDA,1451,732,98.56999969482422,92.61000061035156,1.0
2022-11-07,14.2496976852417,14.360299555911872,13.903943306481167,14.176959603652595,410061000,0.010242795392361392,NVDA,1448,729,97.91999816894531,91.79000091552734,1.0
2022-11-08,14.54962158203125,14.837584472787446,14.165005566889713,14.74790715863396,595292000,0.021047737532016608,NVDA,1447,728,95.36000061035156,88.91000366210938,1.0
2022-11-09,13.726582527160645,14.160022506058544,13.70964331218987,14.111197542274558,454414000,-0.0565677292863106,NVDA,1446,727,92.6500015258789,85.83000183105469,1.0
2022-11-10,15.693500518798828,15.71641777595713,14.494815934563771,14.746908614064782,700819000,0.14329262128765574,NVDA,1445,726,93.66999816894531,86.47000122070312,1.0
2022-11-11,16.268430709838867,16.330208574296904,15.426462616385566,15.750296571579392,655487000,0.036634923505520334,NVDA,1444,725,95.98999786376953,88.95999908447266,1.0
2022-11-14,16.23654556274414,16.480667518589406,15.864883468839679,16.159822116780518,527852000,-0.00195993993910204,NVDA,1441,722,93.13999938964844,85.87000274658203,1.0
2022-11-15,16.606218338012695,16.93702626168871,16.323236669194443,16.662017219102463,545876000,0.022767944932621242,NVDA,1440,721,93.86000061035156,86.91999816894531,-1.0
2022-11-16,15.852927207946777,16.30330545087524,15.816060231495598,16.104024034799696,649547000,-0.045361991197091944,NVDA,1439,720,92.86000061035156,85.58999633789062,1.0
2022-11-17,15.620762825012207,16.20765063781741,15.479272015975031,15.65862661617727,710894000,-0.014644890491781859,NVDA,1438,719,89.77999877929688,81.63999938964844,1.0
2022-11-18,15.35372543334961,15.944598642065296,15.065761621009438,15.90872657967121,492072000,-0.017095028882649244,NVDA,1437,718,87.62000274658203,80.08000183105469,1.0
2022-11-21,15.262055397033691,15.421481294578124,15.025905097362354,15.092665143329405,404739000,-0.0059705402909447924,NVDA,1434,715,87.44999694824219,79.7300033569336,1.0
2022-11-22,15.980470657348633,16.00039937204481,15.067756049737582,15.273017439942477,472866000,0.04707198615296404,NVDA,1433,714,88.36000061035156,80.94999694824219,1.0
2022-11-23,16.459745407104492,16.467718033836586,15.99043611685495,16.040256006522444,427241000,0.02999127873217322,NVDA,1432,713,85.41000366210938,77.94000244140625,-1.0
2022-11-25,16.21163558959961,16.427856209576845,16.113987567674407,16.259463735177064,167934000,-0.015073733606948192,NVDA,1430,711,83.62999725341797,76.27999877929688,1.0
2022-11-28,15.770222663879395,16.298322052120255,15.668589288254715,15.968508188105691,303741000,-0.027228154943440663,NVDA,1427,708,83.19000244140625,77.23999786376953,1.0
2022-11-29,15.582898139953613,15.874847281240129,15.464325545701916,15.77022345370602,298384000,-0.011878368994423627,NVDA,1426,707,83.02999877929688,78.19999694824219,1.0
2022-11-30,16.866605758666992,16.873582401297774,15.545024337202593,15.644690524714274,565298000,0.0823792600826947,NVDA,1425,706,85.43000030517578,80.55000305175781,-1.0
2022-12-01,17.07790184020996,17.20746780911725,16.57956797350174,16.942355347832123,470977000,0.012527480903168353,NVDA,1424,705,86.87999725341797,81.22000122070312,-1.0
2022-12-02,16.819761276245117,16.876572437618908,16.390197799139116,16.60348535757367,371389000,-0.015115472988435297,NVDA,1423,704,85.56999969482422,79.9800033569336,-1.0
2022-12-05,16.554651260375977,16.93836855658918,16.41711062983356,16.623421575647185,352255000,-0.015761817989864202,NVDA,1420,701,82.68000030517578,76.93000030517578,-1.0
2022-12-06,15.933727264404297,16.51777403742583,15.766286867339783,16.474918055552177,352694000,-0.03750752499739329,NVDA,1419,700,79.3499984741211,74.25,1.0
2022-12-07,16.066286087036133,16.132066147916248,15.614794545863099,15.719445161170468,372388000,0.008319385692509673,NVDA,1418,699,77.16999816894531,72.01000213623047,1.0
2022-12-08,17.11178970336914,17.12175660926792,15.905820703517822,16.218775465562125,515456000,0.06507438064212145,NVDA,1417,698,76.1500015258789,71.45999908447266,-1.0
2022-12-09,16.944347381591797,17.524408725344184,16.91843494852363,17.102817944678048,465338000,-0.009785202172299723,NVDA,1416,697,76.0999984741211,71.0199966430664,-1.0
2022-12-12,17.47657012939453,17.479560391399467,16.74103030994318,16.98023035941477,457328000,0.0314100470095966,NVDA,1413,694,77.98999786376953,73.16999816894531,-1.0
2022-12-13,18.01177978515625,18.72738762856205,17.651982672461422,18.469249909930564,656589000,0.030624410384822998,NVDA,1412,693,80.68000030517578,75.38999938964844,-1.0
2022-12-14,17.61510467529297,18.191179623464766,17.36195136904166,17.927061390913362,496888000,-0.022023093475203703,NVDA,1411,692,82.69999694824219,77.27999877929688,-1.0
2022-12-15,16.895511627197266,17.26228539533921,16.64435244524807,17.088865417042985,478542000,-0.04085090956654991,NVDA,1410,691,81.20999908447266,76.11000061035156,-1.0
2022-12-16,16.515777587890625,16.984212566313406,16.355314807354187,16.80780235933555,478232000,-0.022475438902682887,NVDA,1409,690,79.04000091552734,74.29000091552734,-1.0
2022-12-19,16.1998348236084,16.553651364106894,16.09119880078537,16.51677591008969,354039000,-0.01912975411547535,NVDA,1406,687,79.80000305175781,75.19000244140625,-1.0
2022-12-20,16.031400680541992,16.255651316160492,15.799178230906909,16.010470747950464,403260000,-0.010397275336470946,NVDA,1405,686,79.98999786376953,76.08999633789062,-1.0
2022-12-21,16.446014404296875,16.571595897427166,16.048343794868938,16.060304842306547,325025000,0.025862601279632358,NVDA,1404,685,82.19999694824219,78.29000091552734,-1.0
2022-12-22,15.287885665893555,16.084223899243984,14.832408745526728,16.040369896727526,565045000,-0.07042002456842877,NVDA,1403,684,80.9800033569336,77.48999786376953,1.0
2022-12-23,15.155330657958984,15.287886895394593,14.83340700919184,15.14536375199491,349326000,-0.008670591266279115,NVDA,1402,683,83.91999816894531,79.55999755859375,1.0
2022-12-27,14.073945999145508,15.04968384623769,14.009162061218975,15.02377046116637,464902000,-0.0713534190193057,NVDA,1398,679,84.33000183105469,79.52999877929688,1.0
2022-12-28,13.989228248596191,14.214474984092547,13.837734330636081,13.880591262742838,351066000,-0.006019473895555683,NVDA,1397,678,83.26000213623047,78.95999908447266,1.0
2022-12-29,14.554339408874512,14.634072755943127,14.179592867751314,14.354009920900088,354923000,0.040396164122565414,NVDA,1396,677,82.26000213623047,78.4000015258789,1.0
2022-12-30,14.565302848815918,14.580252256779966,14.185571918188986,14.286235193865508,310490000,0.0007532763688828936,NVDA,1395,676,85.91000366210938,80.26000213623047,1.0
2023-01-03,14.26729965209961,14.94603115548883,14.049029532918041,14.801513863050983,401277000,-0.020459800926180827,NVDA,1391,672,82.0999984741211,76.93000030517578,1.0
2023-01-04,14.699851989746094,14.803505525216863,14.193545359327329,14.518459253168668,431324000,0.03031774394552844,NVDA,1390,671,77.83999633789062,72.83999633789062,1.0
2023-01-05,14.217463493347168,14.515466889422989,14.100852807580955,14.442710201080088,389168000,-0.03281587438672284,NVDA,1389,670,78.69000244140625,73.66999816894531,1.0
2023-01-06,14.80948543548584,14.959982279736408,13.987234779976571,14.42576814608272,405044000,0.041640475631655294,NVDA,1388,669,78.56999969482422,73.7699966430664,1.0
2023-01-09,15.575922012329102,16.00249525698764,15.090544411674909,15.233068483772803,504231000,0.05175308623530972,NVDA,1385,666,79.6500015258789,74.62999725341797,1.0
2023-01-10,15.855986595153809,15.908809480593666,15.42044254309106,15.455325759984621,384101000,0.017980610239510808,NVDA,1384,665,80.0999984741211,75.12000274658203,1.0
2023-01-11,15.94767951965332,15.97458997371224,15.511139335336974,15.787216717511937,353285000,0.005782858351276454,NVDA,1383,664,82.66999816894531,77.41000366210938,1.0
2023-01-12,16.45598030090332,16.58155988533878,15.44037584745414,16.046350570153667,551409000,0.03187302457536778,NVDA,1382,663,84.02999877929688,78.38999938964844,1.0
2023-01-13,16.842687606811523,16.865611678653806,16.11113426118995,16.22375667699758,447287000,0.02349949980719024,NVDA,1381,662,85.27999877929688,79.86000061035156,1.0
2023-01-17,17.64301109313965,17.668925426357585,16.842687440869174,16.842687440869174,511102000,0.047517564002342416,NVDA,1377,658,85.91999816894531,80.18000030517578,1.0
2023-01-18,17.319095611572266,17.81344118394388,17.224410962438323,17.60812825910423,439624000,-0.01835942174821481,NVDA,1376,657,84.9800033569336,79.4800033569336,1.0
2023-01-19,16.709131240844727,17.139692742246442,16.67524604897352,16.979228061683155,452932000,-0.035219181440396485,NVDA,1375,656,86.16000366210938,80.33000183105469,1.0
2023-01-20,17.77955436706543,17.79649791430325,16.768933461540048,16.954312559037017,564967000,0.06406216521922459,NVDA,1374,655,87.62999725341797,81.30999755859375,1.0
2023-01-23,19.12904167175293,19.18086843158552,17.758623747963394,18.003802360832424,655163000,0.07590107585526829,NVDA,1371,652,88.19000244140625,81.62000274658203,1.0
2023-01-24,19.200801849365234,19.430036855773828,18.75728504510627,18.764261688305943,496204000,0.003751373374771383,NVDA,1370,651,86.12999725341797,80.12999725341797,1.0
2023-01-25,19.25861167907715,19.30545594731295,18.518087479978714,18.84997803686339,449537000,0.0030108028907045448,NVDA,1369,650,86.12000274658203,80.1500015258789,1.0
2023-01-26,19.736013412475586,20.0988007667648,19.213759381728458,19.635350144248754,489535000,0.024789000440623266,NVDA,1368,649,87.47000122070312,81.01000213623047,1.0
2023-01-27,20.29714012145996,20.55926424729607,19.340339917531214,19.397149193004687,542142000,0.028431613682917023,NVDA,1367,648,86.66000366210938,79.68000030517578,1.0
2023-01-30,19.098146438598633,20.072886152093297,19.08618539248616,19.883520664577752,488611000,-0.05907205033253149,NVDA,1364,645,84.9000015258789,77.9000015258789,1.0
2023-01-31,19.471895217895508,19.621394975107712,18.886851453283832,19.106117637128893,498017000,0.019569898078773962,NVDA,1363,644,84.48999786376953,78.87000274658203,1.0
2023-02-01,20.873214721679688,21.121383652696668,19.54565246966647,19.625385818373413,660477000,0.07196626153248342,NVDA,1362,643,82.83999633789062,76.41000366210938,1.0
2023-02-02,21.636659622192383,21.875859651889073,20.631022997012753,20.9300225588854,564276000,0.03657533881064112,NVDA,1361,642,82.16999816894531,75.87999725341797,1.0
2023-02-03,21.029685974121094,21.67253700894129,20.7197215405838,20.93001883755329,429366000,-0.028053020136653894,NVDA,1360,641,79.94000244140625,73.38999938964844,1.0
2023-02-06,21.018728256225586,21.498124471655988,20.71673650906174,20.736670321605864,452197000,-0.0005210595112543626,NVDA,1357,638,80.98999786376953,74.11000061035156,1.0
2023-02-07,22.0991153717041,22.184829243176587,21.07952350178786,21.31075078020512,664150000,0.05140116482349555,NVDA,1356,637,83.69000244140625,77.13999938964844,1.0
2023-02-08,22.13100814819336,22.801765903840348,21.934664092168923,22.31240089472821,559651000,0.0014431698261594406,NVDA,1355,636,85.08999633789062,78.47000122070312,1.0
2023-02-09,22.2625675201416,22.943292158985646,22.046291560362647,22.530672149758068,523876000,0.00594457202614973,NVDA,1354,635,84.5,78.05999755859375,1.0
2023-02-10,21.19413948059082,22.00443010232316,20.74165374341449,21.6177244226343,550737000,-0.0479921302241596,NVDA,1353,634,86.38999938964844,79.72000122070312,1.0
2023-02-13,21.715394973754883,21.974528792175906,20.892147277807663,21.466228060003054,474919000,0.02459432210689272,NVDA,1350,631,86.61000061035156,80.13999938964844,1.0
2023-02-14,22.894453048706055,22.972192242637163,21.294800040276197,21.506093473695493,675474000,0.05429595346417493,NVDA,1349,630,85.58000183105469,79.05999755859375,-1.0
2023-02-15,22.68814468383789,22.778841054015846,22.032338260019806,22.473860964718224,420575000,-0.009011281659765391,NVDA,1348,629,85.37999725341797,78.58999633789062,1.0
2023-02-16,21.928686141967773,22.47485853992091,21.85393529520588,22.059248242228534,412026000,-0.033473805480935814,NVDA,1347,628,85.13999938964844,78.48999786376953,1.0
2023-02-17,21.316734313964844,21.66756071286323,20.905110349706753,21.558924652966695,465888000,-0.02790645203461406,NVDA,1346,627,83.0,76.33999633789062,1.0
2023-02-21,20.586172103881836,21.422375105842487,20.549294744904135,20.930021777294268,410015000,-0.034271769743098424,NVDA,1342,623,83.05000305175781,76.16000366210938,1.0
2023-02-22,20.684843063354492,21.03367717070481,20.3529525061691,20.6380006960692,513184000,0.00479306978367533,NVDA,1341,622,80.5999984741211,73.94999694824219,1.0
2023-02-23,23.585145950317383,23.808400461151948,22.94827529850247,23.361893340475753,1117995000,0.1402139178953261,NVDA,1340,621,82.20999908447266,75.38999938964844,1.0
2023-02-24,23.208404541015625,23.395779705379205,22.870535374988126,23.14760888799269,589716000,-0.01597367300992636,NVDA,1339,620,83.16000366210938,76.31999969482422,1.0
2023-02-27,23.422693252563477,23.800430121615086,23.3758508772317,23.59113076184768,452994000,0.009233237518293969,NVDA,1336,617,82.44999694824219,75.68000030517578,1.0
2023-02-28,23.138635635375977,23.74560738657694,23.128668730813548,23.294115924763044,455963000,-0.01212745324051967,NVDA,1335,616,83.88999938964844,77.05000305175781,1.0
2023-03-01,22.62236213684082,23.178503244860902,22.432994752211638,23.11471543588402,460026000,-0.02231218411797109,NVDA,1334,615,84.30999755859375,77.69000244140625,1.0
2023-03-02,23.236312866210938,23.30209292749656,22.357251874394603,22.41306693029748,389415000,0.02713910800544972,NVDA,1333,614,84.75,78.16000366210938,1.0
2023-03-03,23.810394287109375,23.82036119371135,23.052926494296837,23.242293917748235,412393000,0.024706218417864356,NVDA,1332,613,85.83000183105469,79.68000030517578,1.0
2023-03-06,23.47551155090332,24.16719726800564,23.408733477576387,23.811388454961868,437429000,-0.014064560719490249,NVDA,1329,610,86.18000030517578,80.45999908447266,1.0
2023-03-07,23.214340209960938,24.04869267419401,23.167487988654617,23.525353628386604,515154000,-0.011125267297203312,NVDA,1328,609,83.29000091552734,77.58000183105469,1.0
2023-03-08,24.104511260986328,24.12345216474366,23.349905807399413,23.412706254207755,513573000,0.038345739873469675,NVDA,1327,608,82.66000366210938,76.66000366210938,1.0
2023-03-09,23.36186981201172,24.376649400404656,23.30903605829536,24.098530680368395,501257000,-0.03080923072589281,NVDA,1326,607,81.58999633789062,75.72000122070312,1.0
2023-03-10,22.892362594604492,23.55226936391661,22.654118224508185,23.334958480231546,474866000,-0.020097159225064498,NVDA,1325,606,82.77999877929688,76.68000030517578,1.0
2023-03-13,22.89335823059082,23.224308845911295,22.22647555282617,22.680036313439018,421890000,4.3492059074834444e-05,NVDA,1322,603,80.7699966430664,74.80000305175781,1.0
2023-03-14,23.986886978149414,24.14239367745541,23.3857936653715,23.42168099679016,474910000,0.04776620085808925,NVDA,1321,602,77.44999694824219,71.33000183105469,1.0
2023-03-15,24.1513671875,24.209182394285897,23.286112651373358,23.685843355775486,524486000,0.006857088604303563,NVDA,1320,601,73.69000244140625,67.61000061035156,1.0
2023-03-16,25.460214614868164,25.507064935559395,23.818422785484607,23.951003432054158,583253000,0.05419351282297513,NVDA,1319,600,74.69999694824219,68.3499984741211,1.0
2023-03-17,25.64362907409668,26.31549691711218,25.586808261666317,25.899816121394398,848547000,0.007203963595868723,NVDA,1318,599,72.97000122070312,66.73999786376953,1.0
2023-03-20,25.818078994750977,25.941687335476704,25.050514016475315,25.533980590026932,432747000,0.006802856185067485,NVDA,1315,596,73.79000091552734,67.63999938964844,1.0
2023-03-21,26.116130828857422,26.308521152399816,25.300719308848564,26.097191824105813,547408000,0.011544307156510003,NVDA,1314,595,75.31999969482422,69.33000183105469,1.0
2023-03-22,26.38428497314453,27.501739659700768,26.15401470388089,26.341419806309574,797295000,0.010267759265120802,NVDA,1313,594,76.69000244140625,70.9000015258789,1.0
2023-03-23,27.10499382019043,27.412020167294642,26.60557904977676,27.029233998126443,564889000,0.027315837733691728,NVDA,1312,593,75.91000366210938,69.95999908447266,1.0
2023-03-24,26.694297790527344,27.08107103959281,26.27163910855887,26.945501524795564,454920000,-0.015152042918274322,NVDA,1311,592,74.98999786376953,69.26000213623047,1.0
2023-03-27,26.447084426879883,26.914600875564393,26.281609108296,26.752116326767855,361026000,-0.009260905290986443,NVDA,1308,589,78.12000274658203,72.80999755859375,1.0
2023-03-28,26.326465606689453,26.42914045882786,25.768237406573,26.363349230566957,356104000,-0.004560760583039447,NVDA,1307,588,78.6500015258789,73.19999694824219,1.0
2023-03-29,26.898651123046875,26.992353672026212,26.51287603862916,26.74015553257011,393694000,0.021734232194542402,NVDA,1306,587,78.27999877929688,72.97000122070312,1.0
2023-03-30,27.296390533447266,27.41202476602436,27.016279163221007,27.142878284799256,364516000,0.014786593148516936,NVDA,1305,586,79.2699966430664,74.37000274658203,1.0
2023-03-31,27.68914031982422,27.745959234891043,27.019265008815836,27.054154149877146,433933000,0.01438834141443368,NVDA,1304,585,79.7699966430664,75.66999816894531,1.0
2023-04-03,27.876548767089844,27.911437912375046,27.24953854012971,27.421991687577037,398716000,0.006768301402678478,NVDA,1301,582,84.93000030517578,80.41999816894531,1.0
2023-04-04,27.366168975830078,27.911439770704074,27.220630845431714,27.877546912651646,368592000,-0.018308571678797736,NVDA,1300,581,84.94000244140625,80.70999908447266,1.0
2023-04-05,26.795976638793945,26.91260524763218,26.31151378285065,26.744141067760594,515015000,-0.0208356652894941,NVDA,1299,580,84.98999786376953,80.61000061035156,1.0
2023-04-06,26.95148277282715,26.994346033960124,26.34341159102696,26.49991459021249,397654000,0.005803338916487544,NVDA,1298,579,85.12000274658203,80.69999694824219,1.0
2023-04-10,27.49176597595215,27.533632944199486,26.58464452796212,26.738156744869016,395279000,0.020046511269121048,NVDA,1294,575,84.18000030517578,79.73999786376953,1.0
2023-04-11,27.083065032958984,27.702101097960746,27.04019987081764,27.636309871277366,314378000,-0.014866303727111063,NVDA,1293,574,85.61000061035156,81.52999877929688,1.0
2023-04-12,26.411195755004883,27.381117678822534,26.36434353627186,27.28342808388289,446259000,-0.024807726789285667,NVDA,1292,573,87.33000183105469,83.26000213623047,1.0
2023-04-13,26.379295349121094,26.801953999694348,26.24572032443633,26.649438069211914,353615000,-0.0012078364864546165,NVDA,1291,572,86.08999633789062,82.16000366210938,1.0
2023-04-14,26.673364639282227,26.79796926788527,26.13706621130104,26.420168322960834,395660000,0.011147731062153943,NVDA,1290,571,86.30999755859375,82.5199966430664,1.0
2023-04-17,26.916593551635742,26.920580610646343,26.349393053761112,26.480975507689482,321471000,0.009118793809586023,NVDA,1287,568,84.76000213623047,80.83000183105469,1.0
2023-04-18,27.579492568969727,28.021092206518258,27.270473592429965,27.445917519730365,604812000,0.0246278941673026,NVDA,1286,567,84.7699966430664,80.86000061035156,1.0
2023-04-19,27.842655181884766,27.91143718116391,27.145866682608375,27.274458372050166,358660000,0.009541967179306665,NVDA,1285,566,83.12000274658203,79.16000366210938,1.0
2023-04-20,27.018266677856445,27.941338214808948,26.91459555187497,27.583472621656448,427713000,-0.029608832154940812,NVDA,1284,565,81.0999984741211,77.29000091552734,1.0
2023-04-21,27.03322410583496,27.097022758549475,26.637480426106034,26.866752496922075,345103000,0.0005536042765754701,NVDA,1283,564,81.66000366210938,77.87000274658203,1.0
2023-04-24,26.956466674804688,27.27944127802104,26.586639849155418,26.92755907031357,339282000,-0.0028393739026379983,NVDA,1280,561,82.7300033569336,78.76000213623047,1.0
2023-04-25,26.158000946044922,27.160819562060055,26.14205270882257,26.99235347251706,378527000,-0.029620563347275253,NVDA,1279,560,80.7699966430664,77.06999969482422,1.0
2023-04-26,26.870737075805664,27.243554654828017,26.620531540784825,26.916593006788613,406337000,0.027247347044251358,NVDA,1278,559,77.69000244140625,74.30000305175781,1.0
2023-04-27,27.139883041381836,27.40803318885761,26.540784192741274,27.27645073990056,377161000,0.010016322396251276,NVDA,1277,558,78.37000274658203,74.76000213623047,1.0
2023-04-28,27.66123390197754,27.67020431051468,26.98537693252425,27.13889108167587,292216000,0.01920976814088582,NVDA,1276,557,79.54000091552734,76.77999877929688,1.0
2023-05-01,28.818553924560547,28.966086497059674,27.692129091591358,27.751938771765403,570329000,0.04183905991627768,NVDA,1273,554,79.30999755859375,75.66000366210938,1.0
2023-05-02,28.12077522277832,28.74479663538686,27.994177999283473,28.589289902351595,402730000,-0.024212828430212996,NVDA,1272,553,75.31999969482422,71.66000366210938,1.0
2023-05-03,27.714061737060547,28.277275162589756,27.385105610028088,27.75194164873796,383387000,-0.014463096500566208,NVDA,1271,552,72.33000183105469,68.5999984741211,1.0
2023-05-04,27.474824905395508,27.77088451017767,27.15384285162396,27.56354220721835,321850000,-0.008632326576119342,NVDA,1270,551,72.5,68.55999755859375,1.0
2023-05-05,28.589284896850586,28.66404652957751,27.64328719583459,27.737986024481625,361494000,0.040562951549009574,NVDA,1269,550,75.30000305175781,71.33999633789062,1.0
2023-05-08,29.058794021606445,29.127576016939173,28.260328904734493,28.43178384704761,344979000,0.016422555738971223,NVDA,1266,547,77.01000213623047,73.16000366210938,1.0
2023-05-09,28.48063087463379,28.881359799846795,28.360015202328924,28.807594450396753,314869000,-0.019896322832350433,NVDA,1265,546,77.44000244140625,73.70999908447266,1.0
2023-05-10,28.793636322021484,29.02091579172388,28.370977656526804,28.91325569457964,369350000,0.010990116362431968,NVDA,1264,545,76.41000366210938,72.55999755859375,1.0
2023-05-11,28.487606048583984,28.858431044188475,28.15665734572962,28.80460099601504,322149000,-0.010628399623268336,NVDA,1263,544,74.9800033569336,70.87000274658203,1.0
2023-05-12,28.2503604888916,28.688969297483915,27.957289789783168,28.438761858901234,274222000,-0.00832802725816184,NVDA,1262,543,74.16999816894531,70.04000091552734,1.0
2023-05-15,28.861417770385742,28.877367906038913,28.062952724719878,28.417825655834598,293926000,0.02163007023341934,NVDA,1259,540,75.2300033569336,71.11000061035156,1.0
2023-05-16,29.120601654052734,29.775525121763952,28.74080810173077,28.74977851008436,449405000,0.00898028938595452,NVDA,1258,539,74.91000366210938,70.86000061035156,1.0
2023-05-17,30.082550048828125,30.103483537045584,29.33691669062859,29.490428937556633,432535000,0.033033259621595645,NVDA,1257,538,76.95999908447266,72.83000183105469,1.0
2023-05-18,31.577800750732422,31.727325914629347,30.22409635534029,30.313811833941568,748725000,0.04970491861485482,NVDA,1256,537,75.86000061035156,71.86000061035156,1.0
2023-05-19,31.16511344909668,31.480113941471256,30.818214581828073,31.436252487669602,473908000,-0.013068905744684223,NVDA,1255,536,75.58000183105469,71.55000305175781,1.0
2023-05-22,31.077390670776367,31.420302459294863,30.582959233506156,30.803258976791746,372000000,-0.0028147748752332946,NVDA,1252,533,75.98999786376953,71.98999786376953,1.0
2023-05-23,30.590932846069336,31.189035411939713,30.534113929383956,30.901946256374558,356253000,-0.015653110322562336,NVDA,1251,532,76.83999633789062,72.91000366210938,1.0
2023-05-24,30.44140625,30.510188241482325,29.711721267992726,30.114442718121378,721419000,-0.0048879384235106516,NVDA,1250,531,78.36000061035156,74.33999633789062,1.0
2023-05-25,37.8598747253418,39.35513045921453,36.51912753379368,38.40115657089839,1543911000,0.24369664181797757,NVDA,1249,530,76.26000213623047,71.83000183105469,1.0
2023-05-26,38.822811126708984,39.04610163074743,37.43122683133464,37.770151547520655,714397000,0.02543422048680566,NVDA,1248,529,76.94999694824219,72.66999816894531,1.0
2023-05-30,39.984130859375,41.8053518099001,39.82264450499864,40.4666011461992,923401000,0.02991333442794053,NVDA,1244,525,73.54000091552734,69.45999908447266,1.0
2023-05-31,37.71432876586914,40.1675430373075,37.70236568816468,39.36309641035941,1002580000,-0.056767573652877434,NVDA,1243,524,72.66000366210938,68.08999633789062,1.0
2023-06-01,39.644203186035156,39.92331629567859,38.218726142988906,38.367253104154614,635873000,0.05117085424340151,NVDA,1242,523,74.27999877929688,70.0999984741211,1.0
2023-06-02,39.202606201171875,40.37189627228211,38.934456059073696,39.970171105133474,482731000,-0.011139005185475281,NVDA,1241,522,76.12999725341797,71.73999786376953,1.0
2023-06-05,39.0471076965332,39.43985871743566,38.58457457981163,38.78593534052818,396094000,-0.003966534873745764,NVDA,1238,519,76.70999908447266,72.1500015258789,1.0
2023-06-06,38.5317268371582,39.03612674683027,38.02732692748613,38.70717259864525,388729000,-0.013198950953818178,NVDA,1237,518,76.29000091552734,71.73999786376953,1.0
2023-06-07,37.36033248901367,39.378141523481524,37.241697122376735,38.79592881153469,511998000,-0.030400774745836023,NVDA,1236,517,76.94999694824219,72.52999877929688,1.0
2023-06-08,38.39216613769531,38.74508306628558,37.39024395636986,37.60857182578051,417772000,0.027618427886985986,NVDA,1235,516,75.95999908447266,71.29000091552734,1.0
2023-06-09,38.65137481689453,39.589493696488056,38.44899682390139,38.91755616586712,427717000,0.006751603394024475,NVDA,1234,515,74.79000091552734,70.16999816894531,1.0
2023-06-12,39.36119079589844,39.40904425940009,38.49983605891858,39.08005597622932,388701000,0.018364572602308726,NVDA,1231,512,71.83999633789062,67.12000274658203,1.0
2023-06-13,40.89647674560547,40.975237387752834,39.618401830821284,40.063036270092226,613208000,0.03900506866441167,NVDA,1230,511,74.29000091552734,69.41999816894531,1.0
2023-06-14,42.865440368652344,42.86842954641151,40.42791802705582,40.69908893155934,740465000,0.04814506724612766,NVDA,1229,510,73.19999694824219,68.2699966430664,1.0
2023-06-15,42.52248764038086,43.15654315104166,42.01803541267758,42.471645001516485,568622000,-0.00800068132560905,NVDA,1228,509,75.66999816894531,70.62000274658203,1.0
2023-06-16,42.56136703491211,43.5872177031006,42.53045985415552,43.31704703395712,655709000,0.0009143254943140278,NVDA,1227,508,76.61000061035156,71.77999877929688,1.0
2023-06-20,43.673946380615234,43.85539247343839,42.54341754115194,42.86642741086615,451153000,0.026140592354340964,NVDA,1223,504,75.9000015258789,70.5,1.0
2023-06-21,42.91329574584961,43.48155524685511,41.951251954396085,43.36790182544375,551603000,-0.017416576650449933,NVDA,1222,503,77.12000274658203,72.52999877929688,1.0
2023-06-22,42.89335250854492,43.29312268887753,42.10477246580242,42.12371153008249,417737000,-0.0004647332943803484,NVDA,1221,502,74.13999938964844,69.51000213623047,1.0
2023-06-23,42.07985305786133,42.67801572091921,41.88644639488769,42.334073901022386,358140000,-0.018965629942810702,NVDA,1220,501,73.8499984741211,69.16000366210938,1.0
2023-06-26,40.5076789855957,42.633155713936866,39.97730524543673,42.3310813979573,594322000,-0.03736168161290465,NVDA,1217,498,74.18000030517578,69.37000274658203,1.0
2023-06-27,41.74787139892578,41.811674756586335,40.32424305595563,40.6741670319384,462175000,0.030616229919544047,NVDA,1216,497,72.26000213623047,67.69999694824219,1.0
2023-06-28,40.991188049316406,41.716961105450416,40.39402188289312,40.53558567810239,582639000,-0.018125076183617028,NVDA,1215,496,74.02999877929688,69.55999755859375,1.0
2023-06-29,40.69709014892578,41.4727094781301,40.47576930987673,41.430838173608656,380514000,-0.007174661540348515,NVDA,1214,495,74.33999633789062,69.86000061035156,1.0
2023-06-30,42.17256546020508,42.41980774252162,41.37401761190044,41.55247077216965,501148000,0.036255056709951106,NVDA,1213,494,74.9000015258789,70.63999938964844,1.0
2023-07-03,42.28322219848633,42.76673879586181,42.07286928017555,42.38690406882019,198209000,0.0026239034090935753,NVDA,1210,491,74.6500015258789,69.79000091552734,1.0
2023-07-05,42.1875114440918,43.04487665210042,41.95621911201376,42.006065351557105,323618000,-0.0022635634045401476,NVDA,1208,489,76.6500015258789,71.79000091552734,1.0
2023-07-06,41.97417449951172,42.04994216880029,41.21949078738844,41.71596810959315,303582000,-0.005056874351614615,NVDA,1207,488,76.5199966430664,71.80000305175781,1.0
2023-07-07,42.372955322265625,43.08178227500966,42.050945526720156,42.19250935690469,355881000,0.009500623359693261,NVDA,1206,487,78.47000122070312,73.86000061035156,1.0
2023-07-10,42.050926208496094,42.679995816404,41.52154907156506,42.52646773776905,353908000,-0.007599873818579628,NVDA,1203,484,77.69000244140625,72.98999786376953,1.0
2023-07-11,42.27524185180664,42.6271623304336,41.938278668558176,42.35100950902143,298244000,0.005334380560331864,NVDA,1202,483,79.4000015258789,74.83000183105469,1.0
2023-07-12,43.767662048339844,43.800562012799624,42.64610450369037,42.90132167106193,481277000,0.035302463833673414,NVDA,1201,482,80.11000061035156,75.75,1.0
2023-07-13,45.83631134033203,46.01376425594491,44.355854839154496,44.38177625260079,478204000,0.04726433159046595,NVDA,1200,481,81.36000061035156,76.88999938964844,-1.0
2023-07-14,45.32987976074219,47.940865860168145,44.922130787066145,46.44046966052176,772075000,-0.011048698396116996,NVDA,1199,480,79.87000274658203,75.41999816894531,-1.0
2023-07-17,46.31883239746094,46.353725148743315,45.123503715655524,46.147361621458764,510488000,0.021816793733814954,NVDA,1196,477,78.5,74.1500015258789,-1.0
2023-07-18,47.34867477416992,47.74944513877749,45.59406179064249,46.55810196861849,569164000,0.02223377238596891,NVDA,1195,476,79.62999725341797,75.75,-1.0
2023-07-19,46.93295669555664,47.6716905603688,46.59898261826371,47.31877361397163,427502000,-0.00877993060198734,NVDA,1194,475,79.45999908447266,75.3499984741211,-1.0
2023-07-20,45.38072204589844,46.942928804835816,44.92412321467116,46.36470161642384,537865000,-0.03307344686863001,NVDA,1193,474,79.63999938964844,75.62999725341797,-1.0
2023-07-21,44.17341995239258,45.72565880367255,43.965059822678604,45.64789454996022,963769000,-0.026603853774842645,NVDA,1192,473,81.06999969482422,77.06999969482422,1.0
2023-07-24,44.47549819946289,44.970979149441135,43.9052497727291,44.59413357267698,382516000,0.006838461848683641,NVDA,1189,470,82.73999786376953,78.73999786376953,1.0
2023-07-25,45.53922653198242,46.04168213917605,44.7855393181674,44.803485791149136,348081000,0.023917176323668077,NVDA,1188,469,83.63999938964844,79.62999725341797,-1.0
2023-07-26,45.312923431396484,45.912086196628444,44.493440026375104,45.88018262099463,364237000,-0.004969410282517739,NVDA,1187,468,82.91999816894531,78.77999877929688,-1.0
2023-07-27,45.759552001953125,47.24997638304764,45.61000946610031,46.37665740516835,455976000,0.00985653841630496,NVDA,1186,467,84.23999786376953,80.08999633789062,-1.0
2023-07-28,46.60695266723633,46.883105518604516,46.23908226392985,46.525202843607126,331194000,0.018518552481611605,NVDA,1185,466,84.98999786376953,80.58000183105469,-1.0
2023-07-31,46.58601379394531,46.985787745643954,46.36369657868276,46.610938817532,251055000,-0.0004492650150400568,NVDA,1182,463,85.55999755859375,81.80000305175781,-1.0
2023-08-01,46.36469650268555,46.75649554152621,45.886165676964275,46.31783943234634,237858000,-0.004750723945574631,NVDA,1181,462,84.91000366210938,81.37000274658203,-1.0
2023-08-02,44.133544921875,45.69973706046443,43.25424373168055,45.69076572472491,530142000,-0.04812177689292785,NVDA,1180,461,83.19999694824219,79.48999786376953,1.0
2023-08-03,44.3787841796875,44.97993964791756,43.665971916513115,43.665971916513115,324176000,0.005556754125385144,NVDA,1179,460,85.13999938964844,81.55000305175781,1.0
2023-08-04,44.54328155517578,45.50233587133729,44.25716100939372,44.84734857341807,362666000,0.0037066670150818215,NVDA,1178,459,86.23999786376953,82.81999969482422,1.0
2023-08-07,45.27803421020508,45.400658953676526,44.426647163135996,44.972970743442104,322154000,0.016495252019525397,NVDA,1175,456,85.33999633789062,81.94000244140625,-1.0
2023-08-08,44.527339935302734,45.10357050648728,43.92119857113271,44.71576081749796,353843000,-0.016579656957217193,NVDA,1174,455,86.16999816894531,82.91999816894531,1.0
2023-08-09,42.423789978027344,44.17641010034291,42.00507315736143,44.13852436844698,586449000,-0.04724176113668155,NVDA,1173,454,87.55000305175781,84.4000015258789,1.0
2023-08-10,42.258296966552734,43.440668733202855,41.70698769798923,42.03099398742127,492705000,-0.0039009483018920266,NVDA,1172,453,86.4000015258789,82.81999969482422,1.0
2023-08-11,40.72998809814453,41.889431464332574,40.51464942799337,41.623246353337215,533085000,-0.03616588878671223,NVDA,1171,452,86.80999755859375,83.19000244140625,1.0
2023-08-14,43.61912155151367,43.665978621737146,40.187655955736346,40.36211972462702,690286000,0.07093381531090492,NVDA,1168,449,86.20999908447266,82.51000213623047,1.0
2023-08-15,43.805545806884766,45.12948515568442,43.5762500445296,44.423651395520004,676512000,0.004273911274231601,NVDA,1167,448,84.88999938964844,80.98999786376953,1.0
2023-08-16,43.35293960571289,44.53830062758481,43.27318256792619,44.38377612065419,527451000,-0.010332166688829192,NVDA,1166,447,83.44999694824219,79.37999725341797,1.0
2023-08-17,43.21136474609375,43.9271661027777,42.86941204850427,43.83544857522126,452395000,-0.0032656346007153836,NVDA,1165,446,84.12000274658203,80.38999938964844,1.0
2023-08-18,43.166507720947266,43.44465333013322,41.5325230130091,42.504538056513674,583768000,-0.0010380839718916457,NVDA,1164,445,84.80000305175781,81.25,1.0
2023-08-21,46.82328414916992,46.92098385181181,44.08668467367108,44.35785173857862,692573000,0.08471327937534645,NVDA,1161,442,84.45999908447266,80.72000122070312,-1.0
2023-08-22,45.52825164794922,48.039544316581626,45.19427768665655,47.987701493466304,755293000,-0.027657874169931818,NVDA,1160,441,84.02999877929688,80.3499984741211,-1.0
2023-08-23,46.97182846069336,47.05557105969461,45.06966590460551,45.72565339980645,779046000,0.03170727538379281,NVDA,1159,440,83.20999908447266,78.88999938964844,-1.0
2023-08-24,47.01869201660156,50.112198303952155,47.01470644607622,50.062352051208165,1156044000,0.0009976949470344998,NVDA,1158,439,83.36000061035156,79.05000305175781,-1.0
2023-08-25,45.877193450927734,47.65872425455991,44.88623165435981,46.8681514444708,925341000,-0.024277548283792805,NVDA,1157,438,84.4800033569336,79.83000183105469,-1.0
2023-08-28,46.691688537597656,46.836245308048305,44.75064756794707,46.339768044393274,685192000,0.017753812415337578,NVDA,1154,435,84.41999816894531,80.0999984741211,-1.0
2023-08-29,48.63473129272461,48.93082341552477,46.249051833640735,46.52321191086775,701397000,0.04161431757950562,NVDA,1153,434,85.48999786376953,81.16000366210938,-1.0
2023-08-30,49.11326599121094,49.77423560314373,48.276832394862886,48.89393791220456,735206000,0.009839361414502479,NVDA,1152,433,85.86000061035156,81.62999725341797,-1.0
2023-08-31,49.20398712158203,49.59179683011506,48.80820246885937,49.22891214982183,528570000,0.0018471817856162698,NVDA,1151,432,86.86000061035156,83.62999725341797,-1.0
2023-09-01,48.36056900024414,49.64761910935292,47.99469138418687,49.609737178375475,463830000,-0.017141255631455632,NVDA,1150,431,88.55000305175781,85.55000305175781,-1.0
2023-09-05,48.399452209472656,48.70152648362675,47.71355763922135,48.07544589025944,382653000,0.000804027124418738,NVDA,1146,427,90.04000091552734,86.69000244140625,-1.0
2023-09-06,46.920860290527344,48.404428217365016,46.44129363976494,48.29675192445169,468670000,-0.03054976557474187,NVDA,1145,426,90.5999984741211,87.54000091552734,-1.0
2023-09-07,46.103309631347656,46.206003567946354,45.01755163903208,45.38944205496558,433330000,-0.017424033875711786,NVDA,1144,425,89.91999816894531,86.87000274658203,-1.0
2023-09-08,45.43629837036133,46.46721981309031,45.13619596961709,45.805199355822154,473069000,-0.014467752235574838,NVDA,1143,424,90.6500015258789,87.51000213623047,-1.0
2023-09-11,45.04347610473633,46.025539902373815,44.180053643461356,46.010585175997676,473966000,-0.008645560481688408,NVDA,1140,421,90.63999938964844,87.29000091552734,-1.0
2023-09-12,44.73638916015625,45.536999459957386,44.39839790348207,44.60478224808882,349256000,-0.0068175676287955955,NVDA,1139,420,92.05999755859375,88.83999633789062,-1.0
2023-09-13,45.34955596923828,45.79323054977972,44.37047790444444,44.46718918081737,398355000,0.013706220385532042,NVDA,1138,419,91.87999725341797,88.5199966430664,-1.0
2023-09-14,45.44527816772461,45.8500674873585,44.99661733815953,45.81317890696642,370097000,0.0021107637426760473,NVDA,1137,418,93.69999694824219,90.16000366210938,-1.0
2023-09-15,43.7692756652832,45.46321387121769,43.67754676368698,45.20598272428771,506831000,-0.0368795740727077,NVDA,1136,417,93.93000030517578,90.7699966430664,1.0
2023-09-18,43.835079193115234,44.110258303658966,41.874933874444345,42.62070760166484,500271000,0.00150341825017275,NVDA,1133,414,94.43000030517578,91.4800033569336,1.0
2023-09-19,43.39040756225586,43.83507862136541,42.873948499445426,43.702475243933286,373064000,-0.01014419590530169,NVDA,1132,413,94.33999633789062,91.19999694824219,1.0
2023-09-20,42.113216400146484,43.772262694137574,42.09726520219276,43.47016358744601,367108000,-0.02943487360142638,NVDA,1131,412,93.52999877929688,90.27999877929688,1.0
2023-09-21,40.89485168457031,41.974626746319814,40.85796311624776,41.45916805082353,450736000,-0.02893069728988773,NVDA,1130,411,93.30000305175781,89.62999725341797,1.0
2023-09-22,41.48609924316406,41.98959657847822,41.10822617218465,41.448210386933276,479236000,0.0144577504071699,NVDA,1129,410,93.2699966430664,90.02999877929688,1.0
2023-09-25,42.096275329589844,42.40933950772004,41.05438505683627,41.46715374615769,419091000,0.014707964777534999,NVDA,1126,407,93.29000091552734,89.68000030517578,1.0
2023-09-26,41.78619384765625,42.6924873606105,41.53095566477393,41.87592599161224,402282000,-0.007366007550687836,NVDA,1125,406,93.95999908447266,90.38999938964844,1.0
2023-09-27,42.34153747558594,42.744337580019156,41.50503894981491,42.20395172792175,444935000,0.013290122329742582,NVDA,1124,405,96.55000305175781,93.68000030517578,1.0
2023-09-28,42.960697174072266,43.31663260486512,41.98959836899157,42.33356849695518,424663000,0.014622985734595417,NVDA,1123,404,95.37999725341797,91.70999908447266,1.0
2023-09-29,43.369476318359375,44.01255619893268,43.178046685877014,43.696498771068015,397830000,0.00951518879292812,NVDA,1122,403,95.30999755859375,90.79000091552734,1.0
2023-10-02,44.64864730834961,45.040474760812266,43.73038848028064,43.89888394531724,433298000,0.029494729901747174,NVDA,1119,400,90.70999908447266,88.81999969482422,1.0
2023-10-03,43.387413024902344,44.995612589410996,43.117220102153354,44.67456903988094,470850000,-0.028247984193944586,NVDA,1118,399,90.91999816894531,89.2300033569336,1.0
2023-10-04,43.90986251831055,44.0115599865903,43.16309221624776,43.611753042966086,361821000,0.012041499065831518,NVDA,1117,398,85.80999755859375,84.22000122070312,1.0
2023-10-05,44.554931640625,44.7663021604217,43.75731457253386,43.918830935362585,393483000,0.014690757049067527,NVDA,1116,397,84.06999969482422,82.30999755859375,1.0
2023-10-06,45.625736236572266,45.65265626506475,43.89490543600504,44.061407980133865,434436000,0.024033357397655886,NVDA,1115,396,84.58000183105469,82.79000091552734,-1.0
2023-10-09,45.13819122314453,45.46920337034592,44.235887222293606,44.70847483791379,409675000,-0.010685745669939073,NVDA,1112,393,88.1500015258789,86.37999725341797,-1.0
2023-10-10,45.66162109375,46.12124684777387,44.95373627488307,45.17507531550578,368582000,0.011596164055795777,NVDA,1111,392,87.6500015258789,85.97000122070312,-1.0
2023-10-11,46.6666259765625,46.71946955859621,45.91287659330196,46.05844175921358,378137000,0.022009837993904657,NVDA,1110,391,85.81999969482422,83.48999786376953,-1.0
2023-10-12,46.80521011352539,47.4672343606174,46.19204354796514,46.637711102575786,481325000,0.0029696626671165127,NVDA,1109,390,86.0,82.91000366210938,-1.0
2023-10-13,45.325626373291016,46.97570075879303,45.14516559213605,46.82016325151491,474115000,-0.03161151796233075,NVDA,1108,389,90.88999938964844,87.69000244140625,-1.0
2023-10-16,45.95774459838867,46.08735476029038,44.77826474104746,44.928816083518186,375099000,0.013946155313810271,NVDA,1105,386,89.6500015258789,86.66000366210938,-1.0
2023-10-17,43.80715560913086,44.62072750788772,42.35349724282602,43.868971251552885,812333000,-0.04679492016092568,NVDA,1104,385,89.9000015258789,86.66000366210938,1.0
2023-10-18,42.07035446166992,43.09031094806606,41.70046078038666,42.46417874850183,627294000,-0.03964651717992229,NVDA,1103,384,91.5,88.31999969482422,1.0
2023-10-19,41.97563171386719,43.16806936588705,41.75728209596725,42.68351653502678,501233000,-0.0022515319638923836,NVDA,1102,383,92.37999725341797,89.37000274658203,1.0
2023-10-20,41.263771057128906,42.343546602351324,40.95568918912639,41.76527172933952,477266000,-0.016958902765079942,NVDA,1101,382,92.16000366210938,88.75,1.0
2023-10-23,42.8470344543457,43.119224175669935,40.82308027803106,41.10623502417962,478530000,0.038369333598347044,NVDA,1098,379,89.83000183105469,85.48999786376953,1.0
2023-10-24,43.532981872558594,43.5668810255137,42.56387990123347,42.9487282788918,401463000,0.016009215735660387,NVDA,1097,378,88.06999969482422,83.73999786376953,1.0
2023-10-25,41.65459442138672,43.52002535417708,41.43126239759443,43.26877302407248,398379000,-0.0431486052729122,NVDA,1096,377,90.12999725341797,85.38999938964844,1.0
2023-10-26,40.205928802490234,42.130182496077914,39.76125762768324,41.728382557734925,541001000,-0.034778051233471996,NVDA,1095,376,87.93000030517578,83.20999908447266,1.0
2023-10-27,40.3794059753418,41.08330504631517,39.895849517473295,41.00753113322634,416784000,0.004314716212719727,NVDA,1094,375,90.4800033569336,85.54000091552734,1.0
2023-10-30,41.038429260253906,41.64162722288695,40.36045387343674,40.96465211390715,388028000,0.016320777113822516,NVDA,1091,372,87.44999694824219,82.30999755859375,1.0
2023-10-31,40.658573150634766,40.757281200093225,39.11318915725788,40.32955772912268,517969000,-0.00925610742092986,NVDA,1090,371,87.41000366210938,81.0199966430664,1.0
2023-11-01,42.198970794677734,42.25480380163395,40.74730500713954,40.7622597335259,437593000,0.03788617073048761,NVDA,1089,370,84.62999725341797,80.44000244140625,1.0
2023-11-02,43.37645721435547,43.7533300399268,42.76627999009409,43.198985826861175,409172000,0.027903202317584475,NVDA,1088,369,86.8499984741211,82.45999908447266,1.0
2023-11-03,44.8709831237793,45.174074907327345,43.59279923092805,43.888915693159674,424610000,0.03445477121467655,NVDA,1087,368,84.88999938964844,80.51000213623047,1.0
2023-11-06,45.614768981933594,45.798223011195105,44.765304753189504,45.15015696243412,400733000,0.016576098992583166,NVDA,1084,365,85.18000030517578,80.81999969482422,1.0
2023-11-07,45.81816482543945,46.08037839216094,45.02353711440928,45.582867485335434,343165000,0.004458990981329292,NVDA,1083,364,81.61000061035156,77.37000274658203,1.0
2023-11-08,46.43532180786133,46.72744863605115,45.831123444068034,45.96273036829276,346719000,0.013469701040474957,NVDA,1082,363,79.54000091552734,75.33000183105469,1.0
2023-11-09,46.810203552246094,48.08639103748271,46.61079830684319,47.32566244139073,540496000,0.008073202247546485,NVDA,1081,362,80.01000213623047,75.73999786376953,1.0
2023-11-10,48.19107437133789,48.32766746778713,47.14220871523475,47.358561621942854,421245000,0.029499355147015516,NVDA,1080,361,81.43000030517578,77.16999816894531,1.0
2023-11-13,48.475215911865234,48.96974108943456,47.95576746252599,48.17611002726251,384136000,0.005896144550293414,NVDA,1077,358,82.5199966430664,78.26000213623047,1.0
2023-11-14,49.50813674926758,49.6856081153753,48.89397370012533,49.532067353089744,416954000,0.02130822561534007,NVDA,1076,357,82.47000122070312,78.26000213623047,1.0
2023-11-15,48.74242401123047,49.811230458479834,48.05647298035821,49.78630718435211,475497000,-0.015466401854609013,NVDA,1075,356,81.18000030517578,76.66000366210938,1.0
2023-11-16,49.33266830444336,49.377536290551284,48.18609481694431,48.53405466377334,339756000,0.012109457114338307,NVDA,1074,355,77.41999816894531,72.9000015258789,1.0
2023-11-17,49.15120315551758,49.568954199838785,48.86106931599939,49.3765281147281,325205000,-0.0036783971993146203,NVDA,1073,354,80.61000061035156,75.88999938964844,1.0
2023-11-20,50.25889205932617,50.39747808312561,49.034548168899995,49.16515859327281,414120000,0.02253635379593444,NVDA,1070,351,82.31999969482422,77.5999984741211,1.0
2023-11-21,49.795284271240234,50.36657612795036,49.07543401602206,49.97674154704206,565747000,-0.009224393318075674,NVDA,1069,350,82.44999694824219,77.7699966430664,1.0
2023-11-22,48.57093811035156,50.18511670142029,47.547992253967436,49.703557028583894,899420000,-0.024587592556345794,NVDA,1068,349,81.95999908447266,77.0999984741211,1.0
2023-11-24,47.63373947143555,48.77533048753054,47.60282974083701,48.32567320692598,294645000,-0.019295460935646935,NVDA,1066,347,80.58000183105469,75.54000091552734,1.0
2023-11-27,48.098350524902344,48.38549115302334,47.51010721393193,47.65766532815117,395662000,0.009753822786586097,NVDA,1063,344,79.9800033569336,74.86000061035156,1.0
2023-11-28,47.67860412597656,48.17911204503058,47.33164078012809,48.09236930689928,401491000,-0.008726835626274965,NVDA,1062,343,81.68000030517578,76.41000366210938,1.0
2023-11-29,47.99665069580078,48.616800180789156,47.71748568176772,48.2349412356402,382005000,0.006670635092081767,NVDA,1061,342,83.0999984741211,77.86000061035156,1.0
2023-11-30,46.6307373046875,47.96674744990859,46.283773941411816,47.88100118212253,526247000,-0.02845851473617067,NVDA,1060,341,82.83000183105469,75.95999908447266,1.0
2023-12-01,46.62574768066406,47.05945375436282,46.04946966832762,46.38646445632827,369317000,-0.00010700289791332196,NVDA,1059,340,78.87999725341797,74.06999969482422,1.0
2023-12-04,45.374481201171875,45.93979415914972,44.87597007312704,45.93979415914972,437543000,-0.026836384224055987,NVDA,1056,337,78.02999877929688,73.04000091552734,1.0
2023-12-05,46.43142318725586,46.46532151700449,45.140163841646064,45.33459997495961,371718000,0.023293753627682046,NVDA,1055,336,77.19999694824219,72.31999969482422,1.0
2023-12-06,45.371490478515625,47.25004822206123,45.2807538725136,47.07854443551646,380590000,-0.022827917732901937,NVDA,1054,335,74.30000305175781,69.37999725341797,1.0
2023-12-07,46.461334228515625,46.49423979899288,45.47220061553475,45.56792383673814,350823000,0.024020452899074618,NVDA,1053,334,74.05000305175781,69.33999633789062,1.0
2023-12-08,47.368709564208984,47.60303102965734,46.41547109826504,46.4603430274887,359224000,0.01952968744355288,NVDA,1052,333,75.83999633789062,71.2300033569336,1.0
2023-12-11,46.49224090576172,47.393627560593224,45.69754725900702,47.353746056504626,509728000,-0.018503114535117327,NVDA,1049,330,76.02999877929688,71.31999969482422,1.0
2023-12-12,47.51927185058594,47.52824471452688,45.912927610504205,45.912927610504205,372387000,0.02209037303463135,NVDA,1048,329,73.23999786376953,68.61000061035156,1.0
2023-12-13,47.94902420043945,48.45356234904266,47.47041188410191,47.49135110162281,447792000,0.009043748633286608,NVDA,1047,328,74.26000213623047,69.47000122070312,1.0
2023-12-14,48.21025848388672,48.52933332337193,47.28494297084845,48.2501437897404,391232000,0.005448166835580137,NVDA,1046,327,76.61000061035156,71.58000183105469,1.0
2023-12-15,48.74869918823242,49.26121358218172,47.980924159413945,48.05471159561218,479948000,0.011168591940357686,NVDA,1045,326,76.55000305175781,71.43000030517578,1.0
2023-12-18,49.93227005004883,50.2872401555101,49.007951067399034,49.25722853202736,412587000,0.024279024497583235,NVDA,1042,323,77.94999694824219,72.47000122070312,1.0
2023-12-19,49.46064376831055,49.55636699628033,48.75369315436852,49.281163666785375,464444000,-0.009445320256129985,NVDA,1041,322,79.2300033569336,73.44000244140625,1.0
2023-12-20,47.971961975097656,49.85450624808912,47.958999057496804,49.511498623849185,397894000,-0.030098310086426494,NVDA,1040,321,79.69999694824219,74.22000122070312,1.0
2023-12-21,48.848419189453125,48.953115280045736,48.27906644393615,48.66993565248791,300425000,0.01827019738759983,NVDA,1039,320,79.38999938964844,73.88999938964844,1.0
2023-12-22,48.68887710571289,49.24027646361489,48.32692345139222,49.05282008065704,252507000,-0.003266064416976744,NVDA,1038,319,79.06999969482422,73.55999755859375,1.0
2023-12-26,49.13657760620117,49.456649028909844,48.81849930781512,48.82647560877794,244200000,0.009195128889833315,NVDA,1034,315,81.06999969482422,75.56999969482422,1.0
2023-12-27,49.27418518066406,49.536425600159234,48.94314392704513,49.36791528650649,233648000,0.002800511984488052,NVDA,1033,314,79.6500015258789,74.11000061035156,1.0
2023-12-28,49.37887954711914,49.73983287122963,49.26919684127221,49.49953204501984,246587000,0.0021247305474705325,NVDA,1032,313,78.38999938964844,71.7699966430664,1.0
2023-12-29,49.37887954711914,49.85250906748791,48.61010784761711,49.66903891502132,389293000,0.0,NVDA,1031,312,77.04000091552734,71.6500015258789,1.0
2024-01-02,48.028785705566406,49.152527391898126,47.45744371873841,49.10167609887842,411254000,-0.027341524431805375,NVDA,1027,308,75.88999938964844,70.37999725341797,1.0
2024-01-03,47.43152618408203,48.04474670855863,47.183245244517686,47.34776930861543,320896000,-0.012435449131397713,NVDA,1026,307,78.25,72.69999694824219,1.0
2024-01-04,47.859283447265625,48.35983153595327,47.3706979086473,47.62894825426151,306535000,0.00901841660172309,NVDA,1025,306,77.58999633789062,72.19000244140625,1.0
2024-01-05,48.95510482788086,49.40380504311915,48.166390532700504,48.321941715696894,415039000,0.022896736049604183,NVDA,1024,305,78.76000213623047,73.80999755859375,1.0
2024-01-08,52.101985931396484,52.1239255155236,49.336004592518634,49.36891016503661,642510000,0.06428095935203504,NVDA,1021,302,76.12000274658203,70.7699966430664,1.0
2024-01-09,52.986419677734375,54.16799628302355,51.54060955653382,52.249557041176296,773100000,0.0169750486575011,NVDA,1020,301,77.58999633789062,72.23999786376953,1.0
2024-01-10,54.19292449951172,54.442201988108685,53.334412767924995,53.46104844034716,533796000,0.022770076353815893,NVDA,1019,300,76.80000305175781,71.37000274658203,1.0
2024-01-11,54.66355895996094,55.186046630349715,53.40520900250216,54.84004936433209,596759000,0.008684426330479056,NVDA,1018,299,77.41000366210938,72.0199966430664,1.0
2024-01-12,54.5518913269043,54.81114207663485,54.172992236795146,54.46215126794727,352994000,-0.002042816735339792,NVDA,1017,298,78.29000091552734,72.68000030517578,1.0
2024-01-16,56.219051361083984,56.67074127144449,54.74133601464206,54.858995015384636,449580000,0.030560994195218072,NVDA,1013,294,78.29000091552734,72.4000015258789,1.0
2024-01-17,55.89100646972656,56.3077977062965,54.581801354818275,56.18415552246115,474394000,-0.005835119650996146,NVDA,1012,293,77.87999725341797,72.55999755859375,1.0
2024-01-18,56.941959381103516,57.43353464294008,55.94484937824919,57.094517089822695,491650000,0.018803613993714663,NVDA,1011,292,79.0999984741211,74.08000183105469,1.0
2024-01-19,59.31907272338867,59.328045587590395,57.05961879365457,57.82141078034066,543501000,0.041746251237607,NVDA,1010,291,78.55999755859375,73.41000366210938,1.0
2024-01-22,59.48160171508789,60.15664716031092,58.89928981630902,59.87546063771517,452955000,0.002739911199507672,NVDA,1007,288,80.05999755859375,75.19000244140625,1.0
2024-01-23,59.6999626159668,59.73685443495751,58.41568304614902,59.39783691409728,294654000,0.0036710662554926277,NVDA,1006,287,79.55000305175781,74.37000274658203,1.0
2024-01-24,61.18466567993164,62.66736781993211,59.764781198476165,60.12972459836109,560271000,0.024869413629544868,NVDA,1005,286,80.04000091552734,75.08999633789062,1.0
2024-01-25,61.43891906738281,62.53773532424112,60.67413370207847,62.16979849805745,482777000,0.00415550832264433,NVDA,1004,285,82.43000030517578,77.36000061035156,1.0
2024-01-26,60.8546142578125,61.60444363196895,60.39794153183259,60.78382030493906,390309000,-0.00951033674484869,NVDA,1003,284,83.55000305175781,78.01000213623047,1.0
2024-01-29,62.28447341918945,62.30840232360706,60.73097744998884,61.055035142050976,348733000,0.0234963145985827,NVDA,1000,281,82.4000015258789,76.77999877929688,1.0
2024-01-30,62.59257507324219,63.30949885561756,62.08006064595033,62.718214176475605,410735000,0.004946684737609175,NVDA,999,280,82.87000274658203,77.81999969482422,1.0
2024-01-31,61.349185943603516,62.08904212424609,60.52457632784889,61.262435580323725,453795000,-0.019864802305764373,NVDA,998,279,81.70999908447266,75.8499984741211,1.0
2024-02-01,62.844844818115234,63.00837229900728,61.47182560913307,61.920522012090565,369146000,0.024379441251048295,NVDA,997,278,78.69999694824219,73.81999969482422,1.0
2024-02-02,65.96879577636719,66.40751896695984,63.50592925992764,63.789108872006786,476578000,0.049708945376398805,NVDA,996,277,77.33000183105469,72.27999877929688,1.0
2024-02-05,69.13163757324219,69.2961616511714,67.010785504722,68.02783445051155,680078000,0.0479445131543248,NVDA,993,274,77.98999786376953,72.77999877929688,1.0
2024-02-06,68.02584075927734,69.552414531284,66.10840153882174,69.42877233327619,683111000,-0.015995524665436966,NVDA,992,273,78.58999633789062,73.30999755859375,1.0
2024-02-07,69.89640045166016,70.01705293105977,67.40462245828914,68.12154618534456,495575000,0.027497781306403235,NVDA,991,272,79.20999908447266,73.86000061035156,1.0
2024-02-08,69.43973541259766,70.5894031052992,69.25427593719057,69.87148269785355,414422000,-0.006533455744667793,NVDA,990,271,81.62999725341797,76.22000122070312,1.0
2024-02-09,71.92454528808594,71.97638935285751,70.00909157292358,70.32916305952648,436637000,0.03578368870105875,NVDA,989,270,82.19000244140625,76.83999633789062,1.0
2024-02-12,72.03919219970703,74.39536169687851,71.04407549243956,72.39017224345903,613710000,0.0015939886885887322,NVDA,986,267,82.0,76.91999816894531,1.0
2024-02-13,71.91954040527344,73.23771827831571,69.41879318637284,70.19653768234375,602580000,-0.0016609263760467563,NVDA,985,266,82.7699966430664,77.87000274658203,1.0
2024-02-14,73.68641662597656,74.02144406218807,71.73008918323228,72.99043592470231,504917000,0.02456740144259273,NVDA,984,265,81.5999984741211,76.63999938964844,1.0
2024-02-15,72.44801330566406,73.76120847442633,72.19076331535655,73.65551962549853,420122000,-0.01680639902193215,NVDA,983,264,82.86000061035156,78.02999877929688,1.0
2024-02-16,72.40314483642578,74.18697602398943,72.29146900724291,73.8858468671519,495327000,-0.0006193195256987138,NVDA,982,263,83.47000122070312,79.19000244140625,1.0
2024-02-20,69.25128173828125,71.74804279084927,67.53824458047887,71.73906612377016,704833000,-0.04353212978890997,NVDA,978,259,82.33999633789062,78.18000030517578,1.0
2024-02-21,67.27700805664062,68.68891622407938,66.05654635382845,67.8094614044966,673755000,-0.02850883957790018,NVDA,977,258,83.02999877929688,77.91000366210938,1.0
2024-02-22,78.31101989746094,78.34790791274914,74.00549852714776,74.80817230671141,865100000,0.16400865852314306,NVDA,976,257,83.66999816894531,78.61000061035156,1.0
2024-02-23,78.58921813964844,82.15587637734276,77.3458203592003,80.55651569183838,829388000,0.0035524788535734597,NVDA,975,256,81.62000274658203,76.48999786376953,1.0
2024-02-26,78.8634262084961,80.41293598535317,78.27811704521838,79.46966317926245,503973000,0.0034891308927440523,NVDA,972,253,82.52999877929688,77.58000183105469,1.0
2024-02-27,78.47354125976562,79.25029679601072,76.9389952975712,79.151576284054,391705000,-0.00494379926760613,NVDA,971,252,83.6500015258789,78.87000274658203,1.0
2024-02-28,77.43855285644531,78.7048791588161,76.90210568945557,77.39567785845682,393110000,-0.013189011056532585,NVDA,970,251,83.68000030517578,78.54000091552734,1.0
2024-02-29,78.88336181640625,79.75882270864132,78.12356300049603,78.86541608909434,507289000,0.018657489153229845,NVDA,969,250,83.62000274658203,78.26000213623047,1.0
2024-03-01,82.04120635986328,82.06214938054762,79.20542398518815,79.76879352380037,479135000,0.04003182002824146,NVDA,968,249,83.55000305175781,79.97000122070312,1.0
2024-03-04,84.99066162109375,87.44155809825308,83.47705094561937,83.88685863778845,615616000,0.0359509006765828,NVDA,965,246,82.80000305175781,78.73999786376953,1.0
2024-03-05,85.7195816040039,85.85220668028344,83.17982622827054,85.02755456111447,520639000,0.008576471450002732,NVDA,964,245,82.04000091552734,78.1500015258789,1.0
2024-03-06,88.44779205322266,89.4688825349032,86.78254226902789,87.77172605056263,582520000,0.03182715545465653,NVDA,963,244,82.95999908447266,79.12999725341797,-1.0
2024-03-07,92.40550994873047,92.50323087612081,89.34722911034507,89.90164797406622,608119000,0.044746373014334706,NVDA,962,243,82.95999908447266,78.93000030517578,-1.0
2024-03-08,87.27913665771484,97.12306982330983,86.26003928547323,94.86750020038097,1142269000,-0.055476922251280314,NVDA,961,242,82.08000183105469,78.01000213623047,-1.0
2024-03-11,85.53012084960938,88.54452056286361,83.92669117198699,86.18325727083518,678364000,-0.02003933442839423,NVDA,958,239,82.20999908447266,77.93000030517578,1.0
2024-03-12,91.65167236328125,91.69853581019218,85.90505740123257,87.79866017993605,668075000,0.07157187962397038,NVDA,957,238,81.91999816894531,77.55999755859375,-1.0
2024-03-13,90.62957763671875,91.24382347923168,88.18354935724443,90.7961026211969,635713000,-0.011151948461029737,NVDA,956,237,84.02999877929688,79.72000122070312,-1.0
2024-03-14,87.69395446777344,90.3882755061813,86.35377401546849,89.32231468480107,602318000,-0.03239144709150599,NVDA,955,236,85.41999816894531,81.26000213623047,-1.0
2024-03-15,87.58726501464844,89.29140572149215,86.01176295929899,86.68284605628648,642086000,-0.001216611267817913,NVDA,954,235,85.33999633789062,81.04000091552734,-1.0
2024-03-18,88.20348358154297,92.14224887190903,86.83737638281593,90.13098583462606,668976000,0.007035481320160741,NVDA,951,232,86.88999938964844,82.72000122070312,-1.0
2024-03-19,89.1438217163086,90.28655945618765,84.76829741224358,86.45348714580204,672171000,0.010661009028019697,NVDA,950,231,87.37999725341797,83.47000122070312,-1.0
2024-03-20,90.11505126953125,90.15294523438696,87.97215934887909,89.54168157483528,479063000,0.01089508543074924,NVDA,949,230,85.94999694824219,81.68000030517578,-1.0
2024-03-21,91.17501831054688,92.38457441104313,90.14794815065484,92.03756431354115,480372000,0.011762375164669159,NVDA,948,229,85.77999877929688,81.06999969482422,-1.0
2024-03-22,94.02091217041016,94.50852022791372,90.57573384993215,90.88186017417289,586719000,0.031213526606268527,NVDA,947,228,85.43000030517578,80.62999725341797,-1.0
2024-03-25,94.73188781738281,96.4908723257128,93.2441331194467,93.67390745044557,552136000,0.007561888419929774,NVDA,944,225,86.75,81.94999694824219,-1.0
2024-03-26,92.29782104492188,96.10097979295517,92.23899068459922,95.57846759747075,513648000,-0.025694270731236313,NVDA,943,224,86.25,81.62000274658203,-1.0
2024-03-27,89.99339294433594,92.97488937266765,88.8695984293379,92.84725495724012,586067000,-0.02496730772727951,NVDA,942,223,86.08999633789062,81.3499984741211,-1.0
2024-03-28,90.0990982055664,91.04041442208826,88.93940289555813,89.74410760252643,435212000,0.0011745891311805146,NVDA,941,222,87.4800033569336,83.16999816894531,-1.0
2024-04-01,90.10607147216797,91.96277679415357,88.9503702442798,90.04225806770008,452441000,7.739552049290666e-05,NVDA,937,218,87.41999816894531,83.70999908447266,-1.0
2024-04-02,89.1976547241211,89.8378275505344,87.37086312159137,88.19650409145588,433064000,-0.010081637487962869,NVDA,936,217,88.91999816894531,85.1500015258789,-1.0
2024-04-03,88.71105194091797,90.11704664082849,88.14866014711569,88.23242095077572,370067000,-0.005455331585882295,NVDA,935,216,89.3499984741211,85.43000030517578,-1.0
2024-04-04,85.66073608398438,90.3762935173085,85.63580564756691,90.14893737073052,434965000,-0.0343848459712226,NVDA,934,215,90.6500015258789,86.58999633789062,-1.0
2024-04-05,87.75776672363281,88.22942139866663,85.68168582327746,86.61900791219938,399678000,0.024480651644090967,NVDA,933,214,91.16999816894531,86.91000366210938,-1.0
2024-04-08,86.88525390625,88.57742734725042,86.48539311445134,88.44779211337963,283220000,-0.009942286021595526,NVDA,930,211,90.37999725341797,86.43000030517578,-1.0
2024-04-09,85.11129760742188,87.38581757145292,82.78593537872872,87.19336556349879,501700000,-0.0204172309922952,NVDA,929,210,89.41999816894531,85.2300033569336,-1.0
2024-04-10,86.7915267944336,87.15150043777531,83.47099303047223,83.68737890315158,431929000,0.019741552934157136,NVDA,928,209,90.4800033569336,86.20999908447266,-1.0
2024-04-11,90.35835266113281,90.48100403591603,86.67884945614712,87.17144056555283,431637000,0.04109647564038443,NVDA,927,208,89.73999786376953,85.0199966430664,-1.0
2024-04-12,87.93526458740234,89.91861544290224,87.2811315064311,89.44396327846418,426805000,-0.02681642595696354,NVDA,926,207,90.44999694824219,85.66000366210938,-1.0
