Date,Close,High,Low,Open,Volume,Retorno_Diario,Ticker,DiasParaEleicaoBR,DiasParaEleicaoUSA,Petroleo_Brent,Petroleo_WTI,Alvo
2015-01-02,2.3447840213775635,2.502606057274037,2.342279091720304,2.502606057274037,49559500,,PETR4.SA,1395,676,56.41999816894531,52.689998626708984,-1.0
2015-01-05,2.144374370574951,2.302196098099133,2.1368588681931,2.2896707386078843,78385100,-0.08547040963067953,PETR4.SA,1392,673,53.11000061035156,50.040000915527344,1.0
2015-01-06,2.0742318630218506,2.2120130172587933,2.0141092557240587,2.1819517136098976,84723300,-0.032710010208848894,PETR4.SA,1391,672,51.099998474121094,47.93000030517578,1.0
2015-01-07,2.171931028366089,2.1869615590026426,2.0942724903906402,2.144374896261757,85531000,0.047101371397267444,PETR4.SA,1390,671,51.150001525878906,48.650001525878906,1.0
2015-01-08,2.3122172355651855,2.352299210464898,2.189466859357918,2.2019924615824538,83306300,0.06459054425159705,PETR4.SA,1389,670,50.959999084472656,48.790000915527344,1.0
2015-01-09,2.3823599815368652,2.3823599815368652,2.237063601486809,2.30470145617621,50813100,0.030335707602549,PETR4.SA,1388,669,50.11000061035156,48.36000061035156,-1.0
2015-01-12,2.214517593383789,2.399895702428438,2.2019919938200285,2.3222374151638148,58728900,-0.07045215225819934,PETR4.SA,1385,666,47.43000030517578,46.06999969482422,1.0
2015-01-13,2.2771458625793457,2.3522992378969927,2.2170232578876257,2.229548621352238,65834800,0.028280772924391462,PETR4.SA,1384,665,46.59000015258789,45.88999938964844,1.0
2015-01-14,2.232053518295288,2.2445791191433737,2.1644156559651706,2.2245382533488227,55736500,-0.019802132584067822,PETR4.SA,1383,664,48.689998626708984,48.47999954223633,1.0
2015-01-15,2.3322582244873047,2.352299091470368,2.2220332171744763,2.2545996857484494,80907800,0.044893505182862725,PETR4.SA,1382,663,47.66999816894531,46.25,-1.0
2015-01-16,2.364824056625366,2.4124212868884714,2.314721897589944,2.3698343919818776,56978300,0.013963218907812047,PETR4.SA,1381,662,47.689998626708984,48.689998626708984,-1.0
2015-01-19,2.2971861362457275,2.3898751875485864,2.2921758010318762,2.3422781975466602,30873100,-0.028601671312562194,PETR4.SA,1378,659,47.689998626708984,48.689998626708984,1.0
2015-01-20,2.3322582244873047,2.4675341960759725,2.2921762516151984,2.4049064270274045,72842900,0.015267412460922891,PETR4.SA,1377,658,47.9900016784668,46.38999938964844,-1.0
2015-01-21,2.4800596237182617,2.4850699600482473,2.33476321483248,2.3673296842594294,48003500,0.06337265645764756,PETR4.SA,1376,657,49.029998779296875,47.779998779296875,-1.0
2015-01-22,2.562727451324463,2.620345106364905,2.4975947719780165,2.5301612311041946,74782400,0.033333000068062946,PETR4.SA,1375,656,48.52000045776367,46.310001373291016,-1.0
2015-01-23,2.5001003742218018,2.607820211215358,2.4750494104622134,2.5326668421246437,43659400,-0.024437665843199396,PETR4.SA,1374,655,48.790000915527344,45.59000015258789,-1.0
2015-01-26,2.4625234603881836,2.4975950913719513,2.419936565231445,2.452503028522242,33202100,-0.015030162077118492,PETR4.SA,1371,652,48.15999984741211,45.150001525878906,-1.0
2015-01-27,2.54018235206604,2.597799783859986,2.3873704454880573,2.4349676828800755,58750400,0.03153630530919482,PETR4.SA,1370,651,49.599998474121094,46.22999954223633,-1.0
2015-01-28,2.282155752182007,2.3898755882829503,2.24207401937402,2.3623194567039527,106337900,-0.10157798304289811,PETR4.SA,1369,650,48.470001220703125,44.45000076293945,1.0
2015-01-29,2.171931028366089,2.274640530371119,2.089262393147115,2.2671252650528424,111506300,-0.04829851061240242,PETR4.SA,1368,649,49.130001068115234,44.529998779296875,1.0
2015-01-30,2.079241991043091,2.089262424586909,2.024129487099101,2.054190787730555,87497200,-0.042675865905708155,PETR4.SA,1367,648,52.9900016784668,48.2400016784668,1.0
2015-02-02,2.2019925117492676,2.2019925117492676,2.0366552275553835,2.1193238696523253,57585100,0.05903618781986819,PETR4.SA,1364,645,54.75,49.56999969482422,1.0
2015-02-03,2.4975955486297607,2.505110814178621,2.2571049009123736,2.2571049009123736,98061700,0.13424343420934948,PETR4.SA,1363,644,57.90999984741211,53.04999923706055,-1.0
2015-02-04,2.5101208686828613,2.7005090876179345,2.3948857746112857,2.5802638967115725,117595000,0.005014951303853987,PETR4.SA,1362,643,54.15999984741211,48.45000076293945,-1.0
2015-02-05,2.4625234603881836,2.577758546299488,2.429956997097387,2.4700387245611553,78992700,-0.018962197752514398,PETR4.SA,1361,642,56.56999969482422,50.47999954223633,-1.0
2015-02-06,2.284660816192627,2.4575135796898695,2.2220330518049805,2.455008411776933,117747100,-0.07222779683387015,PETR4.SA,1360,641,57.79999923706055,51.689998626708984,1.0
2015-02-09,2.3548038005828857,2.3723397367336356,2.1844564471475767,2.204497312257613,72534200,0.030701705869474072,PETR4.SA,1357,638,58.34000015258789,52.86000061035156,-1.0
2015-02-10,2.232053518295288,2.455008448892122,2.227043421299633,2.309712052428646,75478700,-0.05212760496531099,PETR4.SA,1356,637,56.43000030517578,50.02000045776367,1.0
2015-02-11,2.2746403217315674,2.302196451308336,2.2070024622591515,2.2395686886198987,48681100,0.01907965157968272,PETR4.SA,1355,636,54.65999984741211,48.84000015258789,1.0
2015-02-12,2.3673291206359863,2.3898751509410987,2.322237298931691,2.342278161668251,61706000,0.04074877158330681,PETR4.SA,1354,635,57.04999923706055,51.209999084472656,-1.0
2015-02-13,2.5126264095306396,2.5301623499876977,2.4199373259085344,2.424947662869412,72282500,0.06137604088425985,PETR4.SA,1353,634,57.38999938964844,52.779998779296875,-1.0
2015-02-18,2.5151307582855225,2.5902841158627785,2.507615494199578,2.5451920535352373,42896700,0.0009967055768351774,PETR4.SA,1348,629,60.529998779296875,52.13999938964844,-1.0
2015-02-19,2.432461977005005,2.497594898558356,2.417431210913492,2.4950897310587834,38492400,-0.03286858188513031,PETR4.SA,1347,628,60.209999084472656,51.15999984741211,-1.0
2015-02-20,2.414926528930664,2.4800592182294037,2.387370161433172,2.4600183539981075,35272700,-0.007208929981274204,PETR4.SA,1346,627,60.220001220703125,50.34000015258789,-1.0
2015-02-23,2.3798553943634033,2.4024014310612793,2.3522992600137753,2.392380996851778,41168500,-0.014522650750286137,PETR4.SA,1343,624,58.900001525878906,49.45000076293945,-1.0
2015-02-24,2.4800596237182617,2.480059623718262,2.402401321851371,2.4174318530293566,48578000,0.04210517563049776,PETR4.SA,1342,623,58.65999984741211,49.279998779296875,-1.0
2015-02-25,2.3548038005828857,2.3548038005828857,2.254599475032704,2.279650675873228,96303900,-0.05050516606031619,PETR4.SA,1341,622,61.630001068115234,50.9900016784668,-1.0
2015-02-26,2.3122172355651855,2.3848656806862936,2.294681535794431,2.3548041397850117,44179900,-0.018084973791514525,PETR4.SA,1340,621,60.04999923706055,48.16999816894531,1.0
2015-02-27,2.392380475997925,2.414926507787222,2.2796505559573825,2.329752716096963,46969600,0.03466942430828501,PETR4.SA,1339,620,62.58000183105469,49.7599983215332,-1.0
2015-03-02,2.359813928604126,2.432462117960052,2.322237369556761,2.3648240249876715,38009000,-0.01361261209098208,PETR4.SA,1336,617,59.540000915527344,49.59000015258789,-1.0
2015-03-03,2.3973913192749023,2.45500900056107,2.3848659545181876,2.4274526247218517,42133600,0.01592387866487588,PETR4.SA,1335,616,61.02000045776367,50.52000045776367,-1.0
2015-03-04,2.322237253189087,2.36732907400518,2.3072064869797733,2.357308642834279,48308500,-0.031348268212027186,PETR4.SA,1334,615,60.54999923706055,51.529998779296875,-1.0
2015-03-05,2.3147222995758057,2.349793936444281,2.294681432481243,2.3322582374630336,52913800,-0.0032360834806870464,PETR4.SA,1333,614,60.47999954223633,50.7599983215332,1.0
2015-03-06,2.3172271251678467,2.3422783247860934,2.2971862610356273,2.3047015253587233,27181900,0.0010821279047166232,PETR4.SA,1332,613,59.72999954223633,49.61000061035156,1.0
2015-03-09,2.23455810546875,2.29969102182552,2.2295477708693507,2.2871654242329256,37625700,-0.035675838074400446,PETR4.SA,1329,610,58.529998779296875,50.0,1.0
2015-03-10,2.134354829788208,2.249589714165206,2.13184966128279,2.2120131422080127,72090500,-0.04484254646827457,PETR4.SA,1328,609,56.38999938964844,48.290000915527344,1.0
2015-03-11,2.189466714859009,2.212012749593997,2.1493849815105746,2.171931016245563,44035300,0.025821332189769786,PETR4.SA,1327,608,57.540000915527344,48.16999816894531,1.0
2015-03-12,2.12182879447937,2.2746404586299245,2.114313290492152,2.2470843273947008,63029900,-0.030892417738350608,PETR4.SA,1326,607,57.08000183105469,47.04999923706055,1.0
2015-03-13,2.0892624855041504,2.1017880875256307,2.0441704137892156,2.066716449646683,72933500,-0.015348226520420338,PETR4.SA,1325,606,54.66999816894531,44.84000015258789,1.0
2015-03-16,2.101788282394409,2.1293444182717627,2.051685869663207,2.1268392498540005,53380500,0.005995319868693505,PETR4.SA,1322,603,53.439998626708984,43.880001068115234,1.0
2015-03-17,2.2195279598236084,2.23706389690812,2.0842519936746475,2.0917674976705682,63896300,0.05601880951351923,PETR4.SA,1321,602,53.43000030517578,43.459999084472656,1.0
2015-03-18,2.304701089859009,2.3272471174739113,2.1719303303451283,2.2170223855749334,65324600,0.03837443437395094,PETR4.SA,1320,601,55.90999984741211,44.65999984741211,1.0
2015-03-19,2.23455810546875,2.312216380512212,2.217022412182659,2.29969102182552,42857200,-0.03043474257850498,PETR4.SA,1319,600,54.43000030517578,43.959999084472656,1.0
2015-03-20,2.309711456298828,2.3422779145361563,2.244578539824172,2.2746398307572666,65339300,0.03363230996148703,PETR4.SA,1318,599,55.31999969482422,45.720001220703125,1.0
2015-03-23,2.3372678756713867,2.3648240027870324,2.304701413313296,2.329752611713653,34124600,0.011930676144593422,PETR4.SA,1315,596,55.91999816894531,47.45000076293945,1.0
2015-03-24,2.359813928604126,2.367329192632412,2.309711770238994,2.3472883292863593,36392400,0.0096463281626471,PETR4.SA,1314,595,55.11000061035156,47.5099983215332,1.0
2015-03-25,2.4550087451934814,2.477554781659982,2.3873706357939803,2.417431938113983,84659600,0.04033996724719091,PETR4.SA,1313,594,56.47999954223633,49.209999084472656,1.0
2015-03-26,2.3372678756713867,2.4950898522193947,2.3322577793348755,2.4850694206404387,58862000,-0.04795945014559022,PETR4.SA,1312,593,59.189998626708984,51.43000030517578,1.0
2015-03-27,2.3447840213775635,2.4074118020234963,2.2971870132053045,2.3297534878099126,51152500,0.0032157827454919463,PETR4.SA,1311,592,56.40999984741211,48.869998931884766,1.0
2015-03-30,2.432461977005005,2.4424824080973724,2.3598137918588584,2.379854654043594,33372200,0.03739276403629299,PETR4.SA,1308,589,56.290000915527344,48.68000030517578,1.0
2015-03-31,2.4199366569519043,2.485069586002167,2.372339663511143,2.399895792460431,46908300,-0.005149235700910082,PETR4.SA,1307,588,55.11000061035156,47.599998474121094,1.0
2015-04-01,2.5702435970306396,2.59779972831165,2.4725441951881995,2.4875749642816403,59374600,0.062111931585869806,PETR4.SA,1306,587,57.099998474121094,50.09000015258789,1.0
2015-04-02,2.6779637336730957,2.685479239189989,2.547698077158509,2.547698077158509,69001800,0.04191047757765198,PETR4.SA,1305,586,54.95000076293945,49.13999938964844,1.0
2015-04-06,2.682973623275757,2.753116657394358,2.6754583579181155,2.705519658254659,45227600,0.0018707832147486503,PETR4.SA,1301,582,58.119998931884766,52.13999938964844,1.0
2015-04-07,2.7355799674987793,2.7456003973139222,2.620344905171692,2.6554165289776375,61721500,0.01960747722849132,PETR4.SA,1300,581,59.099998474121094,53.97999954223633,1.0
2015-04-08,2.647901773452759,2.8382902324861234,2.62786090817619,2.7806728045424776,73904600,-0.032051044051981115,PETR4.SA,1299,580,55.54999923706055,50.41999816894531,1.0
2015-04-09,2.9009180068969727,2.9059283426875666,2.650406951110319,2.6804682491360023,79280800,0.0955534816211443,PETR4.SA,1298,579,56.56999969482422,50.790000915527344,1.0
2015-04-10,2.958535671234131,2.988596969232127,2.8232597107901682,2.88588747467915,70021600,0.01986187275895812,PETR4.SA,1297,578,57.869998931884766,51.63999938964844,1.0
2015-04-13,3.073770523071289,3.1940157055464207,2.981081229614283,2.9986171645713617,104809600,0.038949961955026424,PETR4.SA,1294,575,57.93000030517578,51.90999984741211,1.0
2015-04-14,3.1213672161102295,3.1915102325099203,2.9986168776842903,3.173974538136477,87127100,0.015484790644482604,PETR4.SA,1293,574,58.43000030517578,53.290000915527344,1.0
2015-04-15,3.341817617416382,3.3518380503764593,3.123873021355222,3.181490451149176,103042800,0.07062623076463015,PETR4.SA,1292,573,60.31999969482422,56.38999938964844,-1.0
2015-04-16,3.251633882522583,3.3393128609061766,3.1363990087359115,3.319271992516669,109852700,-0.02698643230073139,PETR4.SA,1291,572,60.400001525878906,56.709999084472656,1.0
2015-04-17,3.2441184520721436,3.3167666560261333,3.1363988496682174,3.158944646283469,71274400,-0.002311278182588361,PETR4.SA,1290,571,63.45000076293945,55.7400016784668,1.0
2015-04-20,3.274179697036743,3.351838235956512,3.261654334322634,3.3142614310962446,52514600,0.009266383274445067,PETR4.SA,1287,568,63.45000076293945,56.380001068115234,1.0
2015-04-22,3.256643533706665,3.329291726056191,3.171469741523232,3.304240526388377,65914800,-0.005355895202071248,PETR4.SA,1285,566,62.72999954223633,56.15999984741211,1.0
2015-04-23,3.224076747894287,3.3217761301599036,2.9785760668401675,3.081285545195704,182613700,-0.010000107618567289,PETR4.SA,1284,565,64.8499984741211,57.7400016784668,1.0
2015-04-24,3.3117563724517822,3.4520424361767335,3.2967256033139805,3.304240868429896,106143700,0.027195265936135193,PETR4.SA,1283,564,65.27999877929688,57.150001525878906,-1.0
2015-04-27,3.1363985538482666,3.286705044969869,3.133893385936416,3.244118146092258,53111300,-0.05295009622754754,PETR4.SA,1280,561,64.83000183105469,56.9900016784668,1.0
2015-04-28,3.199026346206665,3.2240773088265313,3.068760480521894,3.1965211782728895,60884300,0.019968059314896758,PETR4.SA,1279,560,64.63999938964844,57.060001373291016,1.0
2015-04-29,3.211552143096924,3.239108516289285,3.1389039355183286,3.151429537977948,35821900,0.00391550288578002,PETR4.SA,1278,559,65.83999633789062,58.58000183105469,1.0
2015-04-30,3.2716739177703857,3.2942197081413798,3.2065409973939563,3.2140562608509544,48515300,0.01872047284136147,PETR4.SA,1277,558,66.77999877929688,59.630001068115234,1.0
2015-05-04,3.4545469284057617,3.469577694603246,3.3317965869323514,3.334301754449586,55651100,0.05589585491453941,PETR4.SA,1273,554,66.44999694824219,58.93000030517578,-1.0
2015-05-05,3.614875078201294,3.6599669116090627,3.4244865938831874,3.432001859633484,76329800,0.046410760403107876,PETR4.SA,1272,553,67.5199966430664,60.400001525878906,-1.0
2015-05-06,3.4545469284057617,3.7451396710391114,3.3994344375562195,3.6950375152240382,72197500,-0.04435233481852685,PETR4.SA,1271,552,67.7699966430664,60.93000030517578,-1.0
2015-05-07,3.4219810962677,3.5196804972410622,3.339312464254074,3.457052731236438,44978900,-0.00942694738643779,PETR4.SA,1270,551,65.54000091552734,58.939998626708984,-1.0
2015-05-08,3.3844048976898193,3.5297013113977975,3.34682809068576,3.5171757090631113,43687900,-0.010980831723139683,PETR4.SA,1269,550,65.38999938964844,59.38999938964844,-1.0
2015-05-11,3.4495372772216797,3.4645678064519783,3.3643634818968056,3.426991244470277,28040500,0.019244854413347445,PETR4.SA,1266,547,64.91000366210938,59.25,-1.0
2015-05-12,3.43951678276062,3.5221856534028864,3.414465819786389,3.4320015177589474,30765100,-0.002904880758131778,PETR4.SA,1265,546,66.86000061035156,60.75,-1.0
2015-05-13,3.5021445751190186,3.539721378224337,3.444527144825887,3.47458844396656,45346800,0.018208311316374015,PETR4.SA,1264,545,66.80999755859375,60.5,-1.0
2015-05-14,3.4821038246154785,3.5647724597230503,3.4470324272401305,3.532206230419078,49457700,-0.005722422382536507,PETR4.SA,1263,544,66.58999633789062,59.880001068115234,-1.0
2015-05-15,3.5171756744384766,3.5372165424142863,3.4094558298890063,3.487114372474762,54224100,0.010072028747411421,PETR4.SA,1262,543,66.56999969482422,59.689998626708984,-1.0
2015-05-18,3.4320008754730225,3.6699862931729696,3.3869090549957828,3.667481364578511,82200400,-0.02421681680118304,PETR4.SA,1259,540,66.2699966430664,59.43000030517578,-1.0
2015-05-19,3.2290878295898438,3.404445533593643,3.2040366266295965,3.3944251001907397,70521100,-0.05912383278608924,PETR4.SA,1258,539,64.0199966430664,57.2599983215332,-1.0
2015-05-20,3.216562271118164,3.286705305876366,3.163954935323017,3.196521404044392,43164900,-0.0038789773250827997,PETR4.SA,1257,538,65.02999877929688,58.97999954223633,-1.0
2015-05-21,3.376889228820801,3.3869099013263173,3.2215723885750296,3.2215723885750296,53682900,0.04984419519629024,PETR4.SA,1256,537,66.54000091552734,60.720001220703125,-1.0
2015-05-22,3.274179697036743,3.419476102455425,3.236603131082456,3.3869098727115654,53753700,-0.030415428172017145,PETR4.SA,1255,536,65.37000274658203,59.720001220703125,-1.0
2015-05-25,3.2140567302703857,3.259148795409996,3.1865006009661534,3.2516332919494255,24377600,-0.018362757187936563,PETR4.SA,1252,533,65.37000274658203,59.720001220703125,-1.0
2015-05-26,3.103832721710205,3.2215727707455697,3.0963172164395147,3.2065422380162087,44844200,-0.034294356886136246,PETR4.SA,1251,532,63.720001220703125,58.029998779296875,-1.0
2015-05-27,3.1414082050323486,3.1714694989912795,3.0787804495580944,3.131387773712705,47223300,0.012106156062895002,PETR4.SA,1250,531,62.060001373291016,57.5099983215332,-1.0
2015-05-28,3.168964147567749,3.211551037931773,3.106336395727233,3.1238723286985985,96419400,0.008771843942871671,PETR4.SA,1249,530,62.58000183105469,57.68000030517578,-1.0
2015-05-29,3.088801383972168,3.2015313144057425,3.081286118984854,3.183995616466688,75971600,-0.025296204015784696,PETR4.SA,1248,529,65.55999755859375,60.29999923706055,-1.0
2015-06-01,3.0963170528411865,3.1689652609439865,3.068760918355986,3.113852991973585,40498000,0.002433199139322273,PETR4.SA,1245,526,64.87999725341797,60.20000076293945,-1.0
2015-06-02,3.2265818119049072,3.244117506016081,3.123872336843608,3.1439131983723536,47041600,0.042070872213874067,PETR4.SA,1244,525,65.48999786376953,61.2599983215332,-1.0
2015-06-03,3.204035758972168,3.2816942759941163,3.186500064992272,3.246622649128412,90062100,-0.006987596858555545,PETR4.SA,1243,524,63.79999923706055,59.63999938964844,-1.0
2015-06-05,3.1489241123199463,3.201531447225563,3.111347546918496,3.1514292803883035,36719100,-0.017200696495940804,PETR4.SA,1241,522,63.310001373291016,59.130001068115234,-1.0
2015-06-08,3.1489241123199463,3.199026518063182,3.123873148354305,3.1589445456873984,23667600,0.0,PETR4.SA,1238,519,62.689998626708984,58.13999938964844,-1.0
2015-06-09,3.256643533706665,3.2992304297983814,3.148923709603388,3.1589441416893247,88228800,0.03420832561993925,PETR4.SA,1237,518,64.87999725341797,60.13999938964844,-1.0
2015-06-10,3.2766852378845215,3.366869149777359,3.2366034992654824,3.3317977479387033,45583600,0.006154098221196946,PETR4.SA,1236,517,65.69999694824219,61.43000030517578,-1.0
2015-06-11,3.2816948890686035,3.2917153216299417,3.219067125833752,3.289210153763118,35341600,0.0015288777591944136,PETR4.SA,1235,516,65.11000061035156,60.77000045776367,-1.0
2015-06-12,3.2616539001464844,3.2666639967840116,3.2140566681072635,3.221571932516528,30067700,-0.006106901951450805,PETR4.SA,1234,515,63.869998931884766,59.959999084472656,-1.0
2015-06-15,3.2591488361358643,3.279189701135907,3.2315924675813386,3.2491284036358428,31713200,-0.0007680348949676841,PETR4.SA,1231,512,62.61000061035156,59.52000045776367,-1.0
2015-06-16,3.3518381118774414,3.3768890752842977,3.234097843256707,3.266664310700994,49988000,0.028439718589676977,PETR4.SA,1230,511,62.630001068115234,59.970001220703125,-1.0
2015-06-17,3.291715145111084,3.404445065107462,3.286704809646117,3.381899033326998,40920200,-0.017937312232744196,PETR4.SA,1229,510,63.869998931884766,59.91999816894531,-1.0
2015-06-18,3.369373321533203,3.369373321533203,3.2942199643992782,3.3267864271208434,26832100,0.02359200993969912,PETR4.SA,1228,509,64.26000213623047,60.45000076293945,-1.0
2015-06-19,3.294220447540283,3.3668686476798446,3.2816950852692326,3.3343024190879476,36247800,-0.022304703819142957,PETR4.SA,1227,508,63.02000045776367,59.61000061035156,-1.0
2015-06-22,3.299231767654419,3.349333948400802,3.289211331505142,3.3317982448660786,22567300,0.001521246132109244,PETR4.SA,1224,505,63.34000015258789,59.68000030517578,-1.0
2015-06-23,3.2491283416748047,3.3643634326804897,3.244118006067364,3.3242817034447647,48007400,-0.015186391714224756,PETR4.SA,1223,504,64.44999694824219,61.0099983215332,-1.0
2015-06-24,3.3117563724517822,3.3443228398287097,3.2691694719516433,3.2716746399589387,39613200,0.019275333009681983,PETR4.SA,1222,503,63.4900016784668,60.27000045776367,-1.0
2015-06-25,3.156440258026123,3.3167672244895035,3.1363993872182006,3.314262055912007,48369000,-0.04689841188730759,PETR4.SA,1221,502,63.20000076293945,59.70000076293945,-1.0
2015-06-26,3.309251070022583,3.3092510700225826,3.1664598440905207,3.171469940995631,34536800,0.04841238848348106,PETR4.SA,1220,501,63.2599983215332,59.630001068115234,-1.0
2015-06-29,3.219067096710205,3.404445216870783,3.1614494308243226,3.2566436587487706,63175500,-0.0272520795201443,PETR4.SA,1217,498,62.0099983215332,58.33000183105469,-1.0
2015-06-30,3.1789848804473877,3.2541382375800167,3.168964448756766,3.2315922065496343,32876500,-0.012451500717018393,PETR4.SA,1216,497,63.59000015258789,59.470001220703125,-1.0
2015-07-01,3.0462148189544678,3.219067604999538,3.008638250982579,3.206542002706911,62627200,-0.041764923862813386,PETR4.SA,1215,496,62.0099983215332,56.959999084472656,-1.0
2015-07-02,3.0938117504119873,3.1389035796865303,3.0462145142423434,3.0938117504119873,37421500,0.015624942522555196,PETR4.SA,1214,495,62.06999969482422,56.93000030517578,-1.0
2015-07-03,2.9460103511810303,3.0837914926368843,2.9259694839408312,3.068760722753744,31574500,-0.04777323610955808,PETR4.SA,1213,494,62.06999969482422,56.93000030517578,-1.0
2015-07-06,2.883382558822632,2.938494823850008,2.825764886777309,2.883382558822632,51206800,-0.02125851062719164,PETR4.SA,1210,491,56.540000915527344,52.529998779296875,-1.0
2015-07-07,2.948514938354492,2.9685558016459574,2.7105292686829587,2.845805215353315,72452800,0.02258887893060435,PETR4.SA,1209,490,56.849998474121094,52.33000183105469,-1.0
2015-07-08,2.870856761932373,3.003627557059589,2.838290295409478,2.9109384933741014,44001500,-0.026338064430990737,PETR4.SA,1208,489,57.04999923706055,51.650001525878906,-1.0
2015-07-10,2.958535671234131,3.001122330885156,2.943504902782153,2.981081465553158,30885900,0.03054102540551029,PETR4.SA,1206,487,58.72999954223633,52.7400016784668,-1.0
2015-07-13,2.9535255432128906,2.988597179463968,2.900918208289262,2.973566409954656,29585400,-0.0016934485765893736,PETR4.SA,1203,484,57.849998474121094,52.20000076293945,-1.0
2015-07-14,3.0036280155181885,3.026174052621965,2.9009185032952085,2.9284746381409343,37058500,0.016963615710191338,PETR4.SA,1202,483,58.5099983215332,53.040000915527344,-1.0
2015-07-15,2.9510200023651123,3.021163266006635,2.935989473660462,2.996112066290956,33375100,-0.0175148230344363,PETR4.SA,1201,482,57.04999923706055,51.40999984741211,-1.0
2015-07-16,3.0036280155181885,3.003628015518189,2.9610411096346114,2.978577048996438,26442500,0.017827060850456267,PETR4.SA,1200,481,57.5099983215332,50.90999984741211,-1.0
2015-07-17,2.858330488204956,2.9810808215731166,2.853320392407229,2.961039960570393,39929900,-0.04837400855317486,PETR4.SA,1199,480,57.52000045776367,50.88999938964844,-1.0
2015-07-20,2.703015089035034,2.8908984369445294,2.6929946533694356,2.8708575656133326,48763200,-0.054337803067503465,PETR4.SA,1196,477,56.650001525878906,50.150001525878906,-1.0
2015-07-21,2.6879842281341553,2.815744957869794,2.6554179924660337,2.7330763066069745,40357600,-0.005560775802492812,PETR4.SA,1195,476,57.040000915527344,50.36000061035156,-1.0
2015-07-22,2.595294952392578,2.685479102765737,2.5877796861634836,2.657922728415714,30155200,-0.03448281979166101,PETR4.SA,1194,475,56.130001068115234,49.189998626708984,-1.0
2015-07-23,2.5351722240448,2.6453972383849185,2.5351722240448,2.560223428823734,50696500,-0.023166048349283708,PETR4.SA,1193,474,55.27000045776367,48.45000076293945,-1.0
2015-07-24,2.5126264095306396,2.5627285846093435,2.444988532900894,2.5476980515387404,45143700,-0.008893208240578154,PETR4.SA,1192,473,54.619998931884766,48.13999938964844,-1.0
2015-07-27,2.3798553943634033,2.502605773156287,2.3798553943634033,2.4950905072256604,54768800,-0.05284152656504082,PETR4.SA,1189,470,53.470001220703125,47.38999938964844,1.0
2015-07-28,2.5101208686828613,2.560223031560512,2.40741113615123,2.4274520013022904,72306100,0.05473671830145088,PETR4.SA,1188,469,53.29999923706055,47.97999954223633,-1.0
2015-07-29,2.6804680824279785,2.6980040176984734,2.4825643702211098,2.507615569804134,88194700,0.06786414784659511,PETR4.SA,1187,468,53.380001068115234,48.790000915527344,-1.0
2015-07-30,2.6103250980377197,2.7380857878369396,2.5652330336601246,2.713034587870287,47498400,-0.02616818489654349,PETR4.SA,1186,467,53.310001373291016,48.52000045776367,-1.0
2015-07-31,2.6278607845306396,2.680468113132854,2.5852738880952306,2.6253556167624517,37462200,0.006717817066580034,PETR4.SA,1185,466,52.209999084472656,47.119998931884766,-1.0
2015-08-03,2.5126264095306396,2.6078206616331845,2.4925855394991583,2.5952950581370047,41499600,-0.043851019688085136,PETR4.SA,1182,463,49.52000045776367,45.16999816894531,-1.0
2015-08-04,2.5451924800872803,2.61784068217578,2.5301619493964056,2.540182382825648,30786900,0.01296096802656943,PETR4.SA,1181,462,49.9900016784668,45.7400016784668,-1.0
2015-08-05,2.507615089416504,2.6428910156567422,2.507615089416504,2.6078193907404215,43759700,-0.014764066358347816,PETR4.SA,1180,461,49.59000015258789,45.150001525878906,-1.0
2015-08-06,2.5902838706970215,2.6028094689253614,2.439977169768771,2.470038462173238,60293400,0.03296709356608374,PETR4.SA,1179,460,49.52000045776367,44.65999984741211,-1.0
2015-08-07,2.427452325820923,2.642892013355227,2.4249473965216324,2.5677386395387485,65832700,-0.06286243246084156,PETR4.SA,1178,459,48.61000061035156,43.869998931884766,-1.0
2015-08-10,2.5026049613952637,2.5126253923544732,2.397390316870605,2.4575131415317806,51017800,0.030959469224148606,PETR4.SA,1175,456,50.40999984741211,44.959999084472656,-1.0
2015-08-11,2.5001003742218018,2.5001003742218018,2.37233990956416,2.452503375844402,45648700,-0.0010007920595128672,PETR4.SA,1174,455,49.18000030517578,43.08000183105469,-1.0
2015-08-12,2.4600186347961426,2.5076158719579023,2.422442069799784,2.455008537619416,40039100,-0.01603205208836278,PETR4.SA,1173,454,49.65999984741211,43.29999923706055,-1.0
2015-08-13,2.3798553943634033,2.497595675504535,2.3798553943634033,2.4825649047372855,31405700,-0.03258643625656199,PETR4.SA,1172,453,49.220001220703125,42.22999954223633,-1.0
2015-08-14,2.3297536373138428,2.424947898673148,2.3297536373138428,2.407411956510882,28018600,-0.021052437542308122,PETR4.SA,1171,452,49.029998779296875,42.5,-1.0
2015-08-17,2.2921762466430664,2.3447835820859884,2.2846609812672143,2.304701848206806,33125100,-0.016129340917824364,PETR4.SA,1168,449,49.029998779296875,41.869998931884766,-1.0
2015-08-18,2.252094268798828,2.304701598542899,2.209507371439059,2.2696302046508205,38013600,-0.01748642928437072,PETR4.SA,1167,448,48.810001373291016,42.619998931884766,-1.0
2015-08-19,2.189466714859009,2.267125252401082,2.161910582908454,2.2420740496053226,37036000,-0.027808584572803996,PETR4.SA,1166,447,47.15999984741211,40.79999923706055,-1.0
2015-08-20,2.17694091796875,2.2445790160997174,2.1443746917271223,2.164415556601641,38857700,-0.005720935059323473,PETR4.SA,1165,446,46.619998931884766,41.13999938964844,-1.0
2015-08-21,2.079241991043091,2.164415795618535,2.076736822930641,2.154395362074717,39848800,-0.04487899791824379,PETR4.SA,1164,445,45.459999084472656,40.45000076293945,1.0
2015-08-24,1.9765321016311646,2.046675246436587,1.8863482118923023,1.943965756729729,70881000,-0.04939775642006916,PETR4.SA,1161,442,42.689998626708984,38.2400016784668,1.0
2015-08-25,1.9665120840072632,2.061706209911033,1.9665120840072632,2.0291399775971373,58283200,-0.005069493996901042,PETR4.SA,1160,441,43.209999084472656,39.310001373291016,1.0
2015-08-26,2.0366549491882324,2.0366549491882324,1.966511799735259,2.0216241804495376,43893300,0.035668667256819164,PETR4.SA,1159,440,43.13999938964844,38.599998474121094,1.0
2015-08-27,2.23455810546875,2.2370632727684496,2.0617053842839295,2.0667157188833287,66820200,0.09717068488179481,PETR4.SA,1158,439,47.560001373291016,42.560001373291016,-1.0
2015-08-28,2.2596099376678467,2.3522990037338753,2.1569001995780597,2.171930968707726,77260900,0.011211090075387231,PETR4.SA,1157,438,50.04999923706055,45.220001220703125,-1.0
2015-08-31,2.3021957874298096,2.3272469808436154,2.134353651618499,2.181950632417667,76576400,0.018846549155256298,PETR4.SA,1154,435,54.150001525878906,49.20000076293945,-1.0
2015-09-01,2.151890277862549,2.2771458214968674,2.139364675717919,2.1919720136005725,52756400,-0.06528789184132033,PETR4.SA,1153,434,49.560001373291016,45.40999984741211,-1.0
2015-09-02,2.209507465362549,2.214517801220659,2.086757103710399,2.191971767671088,56050600,0.02677515117417162,PETR4.SA,1152,433,50.5,46.25,-1.0
2015-09-03,2.194477081298828,2.307207017625238,2.1393645777303245,2.2370639832964017,56645400,-0.006802594831357367,PETR4.SA,1151,432,50.68000030517578,46.75,-1.0
2015-09-04,2.1318490505218506,2.1944768117787374,2.1318490505218506,2.1543950827992817,35463400,-0.02853893135211527,PETR4.SA,1150,431,49.61000061035156,46.04999923706055,-1.0
2015-09-08,2.1644155979156494,2.201992160546139,2.149384829519878,2.1794461274054617,29383000,0.015276197620946341,PETR4.SA,1146,427,49.52000045776367,45.939998626708984,-1.0
2015-09-09,2.101788282394409,2.229548765922148,2.094272777141123,2.207002966880318,38706300,-0.028934976989424266,PETR4.SA,1145,426,47.58000183105469,44.150001525878906,-1.0
2015-09-10,1.9965730905532837,2.041665038235313,1.956491359280369,1.9790373928478744,62858700,-0.05005984319279855,PETR4.SA,1144,425,48.88999938964844,45.91999816894531,-1.0
2015-09-11,1.9189149141311646,2.0015835548460377,1.9013792142540682,1.9890580719985398,53647300,-0.03889573429069848,PETR4.SA,1143,424,48.13999938964844,44.630001068115234,-1.0
2015-09-14,1.9339457750320435,1.9589969823508158,1.8688129465810595,1.9289355574588907,52851400,0.007833000197241313,PETR4.SA,1140,421,46.369998931884766,44.0,-1.0
2015-09-15,1.9164094924926758,1.97152186909578,1.8888532444646366,1.9164094924926756,35102900,-0.009067618526727883,PETR4.SA,1139,420,46.630001068115234,44.59000015258789,-1.0
2015-09-16,2.0391604900360107,2.064211457307023,1.9389559042339366,1.9464712899776437,66613400,0.06405259315621148,PETR4.SA,1138,419,46.61000061035156,47.150001525878906,-1.0
2015-09-17,1.9690170288085938,2.031644676383654,1.969017028808594,2.016614146084267,72887600,-0.03439820532526028,PETR4.SA,1137,418,49.08000183105469,46.900001525878906,-1.0
2015-09-18,1.9038845300674438,1.9439663913788199,1.8788334414059669,1.9414612227861656,68097000,-0.03307868737964148,PETR4.SA,1136,417,47.470001220703125,44.68000030517578,-1.0
2015-09-21,1.8287307024002075,1.9239248100755655,1.8287307024002075,1.9189145938821257,41063600,-0.039473942080181734,PETR4.SA,1133,414,48.91999816894531,46.68000030517578,-1.0
2015-09-22,1.7460620403289795,1.8137000219324726,1.7059803088463115,1.8137000219324726,66720700,-0.04520548704231053,PETR4.SA,1132,413,49.08000183105469,45.83000183105469,1.0
2015-09-23,1.7084858417510986,1.7936595393462682,1.6784244172645018,1.7435573642902862,64774800,-0.021520540341625538,PETR4.SA,1131,412,47.75,44.47999954223633,1.0
2015-09-24,1.7435569763183594,1.788648923834996,1.6533729618321045,1.6558781297539638,56577300,0.020527612058707456,PETR4.SA,1130,411,48.16999816894531,44.90999984741211,1.0
2015-09-25,1.7084858417510986,1.808690191863063,1.6959602382605994,1.783639104335072,44843100,-0.02011470519381353,PETR4.SA,1129,410,48.599998474121094,45.70000076293945,1.0
2015-09-28,1.6132909059524536,1.690949304102821,1.6132909059524536,1.6884441366852492,37466900,-0.055718890652951325,PETR4.SA,1126,407,47.34000015258789,44.43000030517578,1.0
2015-09-29,1.6508679389953613,1.7009701036806446,1.628321905160492,1.6383423380975488,52387600,0.023292161943182288,PETR4.SA,1125,406,48.22999954223633,45.22999954223633,1.0
2015-09-30,1.813699722290039,1.8187100573505943,1.746061751861056,1.8162048898203167,107779500,0.09863404543053234,PETR4.SA,1124,405,48.369998931884766,45.09000015258789,1.0
2015-10-01,1.7585878372192383,1.868812730539187,1.751072452001812,1.8312360433580461,69296500,-0.030386444014676606,PETR4.SA,1123,404,47.689998626708984,44.7400016784668,1.0
2015-10-02,1.946470856666565,1.9615015053549463,1.7285262715055656,1.7510721848116495,88891400,0.10683743823931824,PETR4.SA,1122,403,48.130001068115234,45.540000915527344,1.0
2015-10-05,1.958997130393982,2.0391607370754685,1.9414613078362453,1.979038002201099,68350300,0.0064353769718745735,PETR4.SA,1119,400,49.25,46.2599983215332,1.0
2015-10-06,2.0516858100891113,2.089262618546408,1.9640070681674244,1.9690172854044636,81259300,0.04731435194929978,PETR4.SA,1118,399,51.91999816894531,48.529998779296875,-1.0
2015-10-07,2.12182879447937,2.2295483903304953,2.071726629094432,2.131849227556358,116610600,0.03418797558833453,PETR4.SA,1117,398,51.33000183105469,47.810001373291016,-1.0
2015-10-08,2.191972255706787,2.214518294276162,2.0742319647922804,2.1193240419310313,68670000,0.03305802117961543,PETR4.SA,1116,397,53.04999923706055,49.43000030517578,-1.0
2015-10-09,2.2044966220855713,2.272134460929761,2.1493841408343144,2.259609103336828,71885200,0.0057137431124765214,PETR4.SA,1115,396,52.650001525878906,49.630001068115234,-1.0
2015-10-13,2.0366549491882324,2.121828747926918,2.0216241804495376,2.0942723783903054,56100600,-0.07613605356244624,PETR4.SA,1111,392,49.2400016784668,46.65999984741211,-1.0
2015-10-14,1.994067907333374,2.0617057645595462,1.9765320913599018,2.0216240359950075,75339100,-0.020910288152557577,PETR4.SA,1110,391,49.150001525878906,46.63999938964844,-1.0
2015-10-15,2.0040886402130127,2.021624339364962,1.9214200029167046,2.0040886402130127,61444100,0.005025271628306349,PETR4.SA,1109,390,48.709999084472656,46.380001068115234,-1.0
2015-10-16,1.9915632009506226,2.0241296726803664,1.9564916803317454,2.001583635413159,42963800,-0.006249942747571735,PETR4.SA,1108,389,48.72999954223633,47.2599983215332,-1.0
2015-10-19,1.9915632009506226,1.9940683692927574,1.9439661969800754,1.9790377175989529,40096200,0.0,PETR4.SA,1105,386,48.61000061035156,45.88999938964844,-1.0
2015-10-20,2.0166139602661133,2.051685353670391,1.9965729763232798,2.0040883602334643,47938700,0.012578440545363279,PETR4.SA,1104,385,48.709999084472656,45.54999923706055,-1.0
2015-10-21,1.9414606094360352,2.019119138932095,1.9314401771371195,1.9915627709306136,45394400,-0.03726709836926889,PETR4.SA,1103,384,47.849998474121094,45.20000076293945,-1.0
2015-10-22,2.009099245071411,2.0316450446067784,1.95649178222385,1.9589969506964513,46174500,0.03483904608037558,PETR4.SA,1102,383,48.08000183105469,45.380001068115234,-1.0
2015-10-23,2.0015830993652344,2.074231289489068,1.989057619368038,2.0692211930525652,45715300,-0.0037410524764343034,PETR4.SA,1101,382,47.9900016784668,44.599998474121094,-1.0
2015-10-26,1.9665120840072632,2.0366552435998826,1.953986600851688,2.0166143749885626,35069500,-0.017521638431646114,PETR4.SA,1098,379,47.540000915527344,43.97999954223633,-1.0
2015-10-27,1.9038845300674438,1.9690174800402969,1.8913590454632119,1.9690174800402969,44085700,-0.03184702217145796,PETR4.SA,1097,378,46.810001373291016,43.20000076293945,1.0
2015-10-28,1.9915632009506226,1.9915632009506226,1.9690172831364166,1.97152233202555,4630900,0.04605251500209029,PETR4.SA,1096,377,49.04999923706055,45.939998626708984,-1.0
2015-10-29,1.9063891172409058,1.9865525765090168,1.896368684832392,1.896368684832392,41336300,-0.042767452054276345,PETR4.SA,1095,376,48.79999923706055,46.060001373291016,1.0
2015-10-30,1.9314403533935547,1.948976171243402,1.8888534525103449,1.9038841023303625,36951300,0.01314067307985134,PETR4.SA,1094,375,49.560001373291016,46.59000015258789,1.0
2015-11-03,2.1243338584899902,2.1243338584899902,1.9464711003505344,1.9640069190754912,60306200,0.09987028838737899,PETR4.SA,1090,371,50.540000915527344,47.900001525878906,-1.0
2015-11-04,2.0241291522979736,2.166920366405493,2.0090986239213615,2.1493846703307984,55661500,-0.04716994261120688,PETR4.SA,1089,370,48.58000183105469,46.31999969482422,-1.0
2015-11-05,2.0316450595855713,2.0466758316259823,1.9715224492359602,2.024129793018374,92690300,0.0037131559905971834,PETR4.SA,1088,369,47.97999954223633,45.20000076293945,-1.0
2015-11-06,1.958997130393982,2.024129963767112,1.936451089884466,2.0141095278635537,39680600,-0.03575817973165474,PETR4.SA,1087,368,47.41999816894531,44.290000915527344,-1.0
2015-11-09,1.9815423488616943,1.9865525650370182,1.9013788900565134,1.961501484160399,36340400,0.01150855104273596,PETR4.SA,1084,365,47.189998626708984,43.869998931884766,-1.0
2015-11-10,1.9063891172409058,1.9264299820579336,1.881338036219621,1.903883949412289,34554300,-0.037926634100936885,PETR4.SA,1083,364,47.439998626708984,44.209999084472656,1.0
2015-11-11,1.9339457750320435,1.9615020314108873,1.913904904739433,1.9314407259719717,44596400,0.014454896716479482,PETR4.SA,1082,363,45.810001373291016,42.93000030517578,1.0
2015-11-12,1.8988741636276245,1.9389559023470457,1.8863486800043077,1.933945685007118,41641400,-0.018134743929848707,PETR4.SA,1081,362,44.060001373291016,41.75,1.0
2015-11-13,1.8212151527404785,1.8938633406643504,1.8111947212649766,1.8788326934510975,67000600,-0.040897397191810514,PETR4.SA,1080,361,43.61000061035156,40.7400016784668,1.0
2015-11-16,1.9289354085922241,1.928935408592224,1.8312361137292412,1.8312361137292412,56587800,0.05914746299450302,PETR4.SA,1077,358,43.58000183105469,41.7400016784668,1.0
2015-11-17,1.9439659118652344,1.9690169943474187,1.9139044934336296,1.953986344858108,52072800,0.007792123679237095,PETR4.SA,1076,357,43.56999969482422,40.66999816894531,-1.0
2015-11-18,1.958997130393982,2.0116043591611548,1.9514817437398038,1.956491961691583,38137700,0.007732243881954259,PETR4.SA,1075,356,44.13999938964844,40.75,-1.0
2015-11-19,1.9640063047409058,1.9990778117675776,1.9088938171031806,1.994067596478053,51878600,0.002557009537791588,PETR4.SA,1074,355,44.18000030517578,40.540000915527344,-1.0
2015-11-23,2.0241291522979736,2.029139487694138,1.9665116092247554,1.979037208809226,47415800,0.030612349569315356,PETR4.SA,1070,351,44.83000183105469,41.75,-1.0
2015-11-24,2.1293439865112305,2.1293439865112305,1.9915628572499,2.016614058535946,63001700,0.051980296856950714,PETR4.SA,1069,350,46.119998931884766,42.869998931884766,-1.0
2015-11-25,1.9790374040603638,2.091767453083596,1.979037404060364,2.074231516372871,54732800,-0.07058821092459222,PETR4.SA,1068,349,46.16999816894531,43.040000915527344,-1.0
2015-11-26,1.984047770500183,2.0141090713979457,1.9589966864187145,1.9915630359981282,21697100,0.002531718920289139,PETR4.SA,1067,348,46.16999816894531,43.040000915527344,-1.0
2015-11-27,1.9038845300674438,1.9690174800402969,1.8963692631955071,1.9564918759830519,38334200,-0.04040388624943736,PETR4.SA,1066,347,44.86000061035156,41.709999084472656,-1.0
2015-11-30,1.921419620513916,1.9640065147552361,1.8587918629714961,1.8888531579231453,72764300,0.009210164886339411,PETR4.SA,1063,344,44.61000061035156,41.650001525878906,-1.0
2015-12-01,1.8763272762298584,1.9439653588703993,1.8663068460874706,1.9214193313235524,35865600,-0.023468243897705632,PETR4.SA,1062,343,44.439998626708984,41.849998474121094,-1.0
2015-12-02,1.8838434219360352,1.9013792415175705,1.8412565168473045,1.888853639037474,47713500,0.004005775432353698,PETR4.SA,1061,342,42.4900016784668,39.939998626708984,-1.0
2015-12-03,1.9990777969360352,2.046674901559864,1.9514806923122063,2.0015828448357347,76680900,0.06116982635508683,PETR4.SA,1060,341,43.84000015258789,41.08000183105469,-1.0
2015-12-04,1.8838434219360352,1.9965733664449115,1.85879233642884,1.9965733664449115,63662600,-0.05764376712933261,PETR4.SA,1059,340,43.0,39.970001220703125,-1.0
2015-12-07,1.8011744022369385,1.9063890587512338,1.79115397013586,1.9038838909994777,47395000,-0.04388316923608082,PETR4.SA,1056,337,40.72999954223633,37.650001525878906,-1.0
2015-12-08,1.7861440181732178,1.8036797172163352,1.7410519475983652,1.8036797172163352,46590500,-0.008344768860280238,PETR4.SA,1055,336,40.2599983215332,37.5099983215332,-1.0
2015-12-09,1.9164094924926758,1.9589963886851975,1.8212152679979763,1.8387510839163599,82102800,0.072931114733227,PETR4.SA,1054,335,40.11000061035156,37.15999984741211,-1.0
2015-12-10,1.8663074970245361,1.8963689173895732,1.8312359792938164,1.8813382669335503,43458400,-0.02614367945076912,PETR4.SA,1053,334,39.72999954223633,36.7599983215332,-1.0
2015-12-11,1.8162051439285278,1.88634829170163,1.8061847113113674,1.8187103118093075,50750600,-0.02684571174679773,PETR4.SA,1052,333,37.93000030517578,35.619998931884766,-1.0
2015-12-14,1.8061842918395996,1.8111945069845976,1.7711127858246132,1.7911536464046054,33538000,-0.005517467078224869,PETR4.SA,1049,330,37.91999816894531,36.310001373291016,-1.0
2015-12-15,1.8587924242019653,1.8713179078205235,1.8287311201738214,1.8387515548498694,34188900,0.029126669188770604,PETR4.SA,1048,329,38.45000076293945,37.349998474121094,-1.0
2015-12-16,1.8262256383895874,1.8437614557899464,1.7761234736071094,1.8237205898769553,39840300,-0.0175203994745996,PETR4.SA,1047,328,37.189998626708984,35.52000045776367,-1.0
2015-12-17,1.8036797046661377,1.883843292222429,1.8011746560144046,1.8412563900660552,43789300,-0.012345645165364849,PETR4.SA,1046,327,37.18000030517578,34.95000076293945,-1.0
2015-12-18,1.7585878372192383,1.778628705195048,1.7335367522494762,1.7585878372192383,60061600,-0.02499993060311445,PETR4.SA,1045,326,36.880001068115234,34.72999954223633,-1.0
2015-12-21,1.663393259048462,1.7761232978321246,1.6583830430660527,1.7686079141320252,54032100,-0.05413126154750536,PETR4.SA,1042,323,36.349998474121094,34.7400016784668,-1.0
2015-12-22,1.7009698152542114,1.708485198409143,1.6583829227665126,1.6934545515522426,40463400,0.022590302083612457,PETR4.SA,1041,322,36.11000061035156,36.13999938964844,-1.0
2015-12-23,1.73604154586792,1.7635977950111188,1.7210108970951692,1.7310313296103363,38789700,0.020618667244525435,PETR4.SA,1040,321,37.36000061035156,37.5,-1.0
2015-12-28,1.6784242391586304,1.7285265283510194,1.6658987564502796,1.7285265283510194,28617600,-0.03318889852977813,PETR4.SA,1035,316,36.619998931884766,36.810001373291016,-1.0
2015-12-29,1.6759190559387207,1.721011005086436,1.6734138879262437,1.7059803553705308,22441300,-0.0014925804581834567,PETR4.SA,1034,315,37.790000915527344,37.869998931884766,-1.0
2015-12-30,1.6784242391586304,1.6934550095334437,1.633332286393176,1.6684038052107517,30041600,0.0014948115847435162,PETR4.SA,1033,314,36.459999084472656,36.599998474121094,-1.0
2016-01-04,1.7210110425949097,1.7610928954972036,1.640847575696298,1.6458577923774613,45962100,0.02537308651931025,PETR4.SA,1028,309,37.220001220703125,36.7599983215332,-1.0
2016-01-05,1.6734139919281006,1.7535775815147074,1.658383341278048,1.733536713981304,29446700,-0.027656446988883365,PETR4.SA,1027,308,36.41999816894531,35.970001220703125,-1.0
2016-01-06,1.6032707691192627,1.6383422832243058,1.6032707691192627,1.6358372348004349,67507200,-0.04191624018155793,PETR4.SA,1026,307,34.22999954223633,33.970001220703125,-1.0
2016-01-07,1.5681992769241333,1.6107860563487637,1.5231072101346719,1.5506634599001228,57387900,-0.02187496514665177,PETR4.SA,1025,306,33.75,33.27000045776367,-1.0
2016-01-08,1.5707041025161743,1.6157960434545704,1.535632592897422,1.598260348371676,52100300,0.0015972623051796475,PETR4.SA,1024,305,33.54999923706055,33.15999984741211,-1.0
2016-01-11,1.5256121158599854,1.57821943843812,1.5155916848406226,1.5707040554471179,51334000,-0.0287081357869724,PETR4.SA,1021,302,31.549999237060547,31.40999984741211,-1.0
2016-01-12,1.3853261470794678,1.5331275840733054,1.3803159309009136,1.5331275840733054,81627800,-0.09195389006296573,PETR4.SA,1020,301,30.860000610351562,30.440000534057617,-1.0
2016-01-13,1.3201932907104492,1.4379334371795292,1.315183074253318,1.4279130042652664,70874300,-0.04701626148205684,PETR4.SA,1019,300,30.309999465942383,30.479999542236328,-1.0
2016-01-14,1.4254080057144165,1.4254080057144165,1.285121820545641,1.3302137702400014,76854200,0.07969644728867475,PETR4.SA,1018,299,31.030000686645508,31.200000762939453,-1.0
2016-01-15,1.2951419353485107,1.3627799029850405,1.2926367679216597,1.3402338739552113,75571500,-0.09138861985036784,PETR4.SA,1017,298,31.010000228881836,29.420000076293945,-1.0
2016-01-18,1.2024530172348022,1.3051625034840149,1.2024530172348022,1.300152287556077,46407200,-0.07156661025632438,PETR4.SA,1014,295,31.010000228881836,29.420000076293945,-1.0
2016-01-19,1.1673812866210938,1.2650806680542541,1.162371071120903,1.2600704525540634,66529300,-0.02916681991813741,PETR4.SA,1013,294,28.760000228881836,28.459999084472656,1.0
2016-01-20,1.1097639799118042,1.1272997975433308,1.0671771990117858,1.1272997975433308,92914100,-0.04935603077556516,PETR4.SA,1012,293,27.8799991607666,26.549999237060547,1.0
2016-01-21,1.1272999048233032,1.1698868092291075,1.0922283856756394,1.0947334344596888,87455300,0.01580149043303125,PETR4.SA,1011,292,29.25,29.530000686645508,1.0
2016-01-22,1.1047537326812744,1.1949377474265768,1.1022486842052006,1.1849173146163188,100576600,-0.02000015439153502,PETR4.SA,1010,291,32.18000030517578,32.189998626708984,1.0
2016-01-26,1.0521461963653564,1.0797024409684035,1.0321053346369433,1.0596615792399904,71933300,-0.047619242877086965,PETR4.SA,1006,287,31.799999237060547,31.450000762939453,1.0
2016-01-27,1.1448354721069336,1.1623711680940723,1.0421258666048256,1.0571565143593602,79437900,0.08809543394423014,PETR4.SA,1005,286,33.099998474121094,32.29999923706055,1.0
2016-01-28,1.1523505449295044,1.285121423896335,1.0897227966240646,1.1698863574580898,131960900,0.006564325622039124,PETR4.SA,1004,285,33.88999938964844,33.220001220703125,1.0
2016-01-29,1.2124738693237305,1.217484086988167,1.132310267239736,1.177402226219664,93013900,0.05217450944834168,PETR4.SA,1003,284,34.7400016784668,33.619998931884766,-1.0
2016-02-01,1.182412028312683,1.2174836590904479,1.1673813806020563,1.1874222442162252,51910300,-0.02479380527005881,PETR4.SA,1000,281,34.689998626708984,31.6200008392334,-1.0
2016-02-02,1.0771974325180054,1.1648762655245959,1.0771974325180054,1.1423302355260865,53610300,-0.0889830222251885,PETR4.SA,999,280,32.720001220703125,29.8799991607666,1.0
2016-02-03,1.1247947216033936,1.132310106761425,1.057156732993089,1.1072590219896445,73786400,0.04418622589373156,PETR4.SA,998,279,35.040000915527344,32.279998779296875,1.0
2016-02-04,1.1849172115325928,1.2375245389362806,1.092228156374846,1.1423303160674194,91974200,0.053451966633960346,PETR4.SA,997,278,34.459999084472656,31.719999313354492,-1.0
2016-02-05,1.1373201608657837,1.1974428751622317,1.1348151124737944,1.1849172748433532,52704500,-0.04016909384348144,PETR4.SA,996,277,34.060001373291016,30.889999389648438,1.0
2016-02-10,1.079702615737915,1.1047536969534046,1.0721873510997568,1.0771975673428549,45747400,-0.05066079641462384,PETR4.SA,991,272,30.84000015258789,27.450000762939453,1.0
2016-02-11,1.059661626815796,1.0696820581298914,1.0321053809755512,1.0521462436037423,59451500,-0.01856158226348492,PETR4.SA,990,271,30.059999465942383,26.209999084472656,1.0
2016-02-12,1.114774227142334,1.129804996641955,1.077197661752246,1.0947333604134901,64027200,0.05200962168663903,PETR4.SA,989,270,33.36000061035156,29.440000534057617,1.0
2016-02-15,1.1448354721069336,1.152350736257716,1.1323098725850032,1.1423303044213595,28490400,0.026966218120829666,PETR4.SA,986,267,33.36000061035156,29.440000534057617,1.0
2016-02-16,1.1122691631317139,1.16237132926031,1.107258946518854,1.1272998129702927,80343900,-0.02844627876116146,PETR4.SA,985,266,32.18000030517578,29.040000915527344,1.0
2016-02-17,1.1723920106887817,1.2074636538566728,1.1298052201900772,1.1373204869739024,84473100,0.054054224957370556,PETR4.SA,984,265,34.5,30.65999984741211,1.0
2016-02-18,1.149845838546753,1.2199888705833868,1.1398254053986625,1.1748969214169793,65026900,-0.019230915885193434,PETR4.SA,983,264,34.279998779296875,30.770000457763672,1.0
2016-02-19,1.117279052734375,1.1448352957663126,1.1022484072950323,1.1272994830272702,56031000,-0.02832274094546261,PETR4.SA,982,263,33.0099983215332,29.639999389648438,1.0
2016-02-22,1.2625757455825806,1.2625757455825806,1.1598662481712425,1.1698866811161055,80150300,0.1300451239040179,PETR4.SA,979,260,34.689998626708984,31.479999542236328,1.0
2016-02-23,1.2325142621994019,1.3226982646525929,1.2074631835882281,1.2400295260562715,85037400,-0.0238096474515338,PETR4.SA,978,259,33.27000045776367,31.8700008392334,1.0
2016-02-24,1.2199889421463013,1.2350195927501149,1.1648765565989845,1.1949378578066119,75039700,-0.010162413886188548,PETR4.SA,977,258,34.40999984741211,32.150001525878906,1.0
2016-02-25,1.224998950958252,1.2725960628461803,1.1999478708732823,1.2049580868902763,70393700,0.0041066018214368505,PETR4.SA,976,257,35.290000915527344,33.06999969482422,1.0
2016-02-26,1.2199889421463013,1.277606495854083,1.2099685084104255,1.2575656283823315,61396800,-0.004089806614145819,PETR4.SA,975,256,35.099998474121094,32.779998779296875,1.0
2016-02-29,1.28762686252594,1.3101728969838817,1.2475451296700308,1.272596212704974,84165000,0.0554414208547207,PETR4.SA,972,253,35.970001220703125,33.75,1.0
2016-03-01,1.3302137851715088,1.3452444352383466,1.277606450211083,1.330213785171509,80939200,0.03307396256243522,PETR4.SA,971,252,35.959999084472656,34.400001525878906,1.0
2016-03-02,1.4153878688812256,1.4153878688812254,1.2901323073776305,1.3051629604237005,88545800,0.0640303721546045,PETR4.SA,970,251,36.93000030517578,34.65999984741211,1.0
2016-03-03,1.645857572555542,1.6458575725555422,1.6458575725555422,1.6458575725555422,186772500,0.16283148156165006,PETR4.SA,969,250,37.06999969482422,34.56999969482422,1.0
2016-03-04,1.8086897134780884,1.9790373025187729,1.6458576278875179,1.6458576278875179,175922100,0.09893452728702101,PETR4.SA,968,249,38.720001220703125,35.91999816894531,1.0
2016-03-07,1.8462663888931274,1.8863482376665912,1.7410517299738706,1.8162050919027615,85041400,0.02077563394927462,PETR4.SA,965,246,40.84000015258789,37.900001525878906,-1.0
2016-03-08,1.871317744255066,1.9640069360863721,1.7736184549766552,1.8462666597545752,137169400,0.013568657000226914,PETR4.SA,964,245,39.650001525878906,36.5,-1.0
2016-03-09,1.9038845300674438,1.9489766091111154,1.8437619172798991,1.9289356187289206,84821900,0.017403129913323268,PETR4.SA,963,244,41.06999969482422,38.290000915527344,-1.0
2016-03-10,1.9915632009506226,1.9940683692927574,1.8312361300970394,1.953986631442612,117672300,0.04605251500209029,PETR4.SA,962,243,40.04999923706055,37.84000015258789,-1.0
2016-03-11,2.026634454727173,2.059200920249446,1.9214197934724302,1.989057772928625,92331300,0.017609912534942262,PETR4.SA,961,242,40.38999938964844,38.5,-1.0
2016-03-14,1.8537817001342773,2.054190458326677,1.8537817001342773,2.036654762163462,86084700,-0.08529054373358369,PETR4.SA,958,239,39.529998779296875,37.18000030517578,-1.0
2016-03-15,1.6558781862258911,1.7435570357804784,1.6433525850953847,1.7109905684035505,104913200,-0.10675664448195343,PETR4.SA,957,238,38.7400016784668,36.34000015258789,1.0
2016-03-16,1.811194896697998,1.811194896697998,1.6057757926473053,1.6308269932154944,85533000,0.0937971837325231,PETR4.SA,956,237,40.33000183105469,38.459999084472656,1.0
2016-03-17,2.029139757156372,2.051685552715288,1.9314403541105116,2.0416651194982234,118294200,0.12033208621320157,PETR4.SA,955,236,41.540000915527344,40.20000076293945,1.0
2016-03-18,2.0341498851776123,2.046675486615497,1.9339454320335008,2.0266346198772722,77182400,0.0024690896738730483,PETR4.SA,954,235,41.20000076293945,39.439998626708984,1.0
2016-03-21,2.0191190242767334,2.0717263505852297,1.9865524419750826,2.0241291206887184,65837300,-0.007389259272586268,PETR4.SA,951,232,41.540000915527344,39.90999984741211,1.0
2016-03-22,2.0316450595855713,2.049181000117054,1.9364509265320204,1.966512231706826,84549700,0.006203713182943549,PETR4.SA,950,231,41.790000915527344,41.45000076293945,1.0
2016-03-23,1.9489758014678955,1.9940677423727393,1.918914388078369,1.9740268797483642,61437900,-0.04069079769993844,PETR4.SA,949,230,40.470001220703125,39.790000915527344,1.0
2016-03-24,1.956491470336914,2.0040885886517517,1.8337411016194285,1.886348436627776,52343300,0.003856214563237703,PETR4.SA,948,229,40.439998626708984,39.459999084472656,1.0
2016-03-28,2.1143131256103516,2.12433355790591,1.9815423379677202,2.0416649317410682,69818700,0.08066564953961186,PETR4.SA,944,225,40.27000045776367,39.38999938964844,-1.0
2016-03-29,2.1268386840820312,2.217022811883015,2.051685323883193,2.0892621234355855,89050200,0.005924173822675405,PETR4.SA,943,224,39.13999938964844,38.279998779296875,-1.0
2016-03-30,2.1143131256103516,2.254599416654115,2.07423139642812,2.1794460549844543,90059600,-0.005889284676560136,PETR4.SA,942,223,39.2599983215332,38.31999969482422,-1.0
2016-03-31,2.08174729347229,2.08174729347229,2.08174729347229,2.08174729347229,737700,-0.015402558752342088,PETR4.SA,941,222,39.599998474121094,38.34000015258789,1.0
2016-04-01,2.094273090362549,2.094273090362549,2.094273090362549,2.094273090362549,374500,0.006016963216205928,PETR4.SA,940,221,39.65999984741211,36.790000915527344,1.0
2016-04-04,1.8888535499572754,1.8888535499572754,1.8888535499572754,1.8888535499572754,865300,-0.09808631995061945,PETR4.SA,937,218,37.689998626708984,35.70000076293945,1.0
2016-04-05,1.9539862871170044,1.9539862871170042,1.9539862871170042,1.9539862871170042,684100,0.034482682451057345,PETR4.SA,936,217,37.869998931884766,35.88999938964844,1.0
2016-04-06,1.8988741636276245,1.8988741636276247,1.8988741636276247,1.8988741636276247,457400,-0.028204969427239268,PETR4.SA,935,216,39.84000015258789,37.75,1.0
2016-04-07,1.9289354085922241,1.928935408592224,1.928935408592224,1.928935408592224,324800,0.01583108851571846,PETR4.SA,934,215,39.43000030517578,37.2599983215332,1.0
2016-04-08,2.069221019744873,2.089261881624239,2.0141085301236563,2.036654559464423,84448200,0.07272696147717683,PETR4.SA,933,214,41.939998626708984,39.720001220703125,1.0
2016-04-11,2.101788282394409,2.101788282394409,2.101788282394409,2.101788282394409,449600,0.015738899971909026,PETR4.SA,930,211,42.83000183105469,40.36000061035156,1.0
2016-04-12,2.264620065689087,2.264620065689087,2.264620065689087,2.264620065689087,648900,0.07747297130668929,PETR4.SA,929,210,44.689998626708984,42.16999816894531,1.0
2016-04-13,2.377349853515625,2.377349853515625,2.377349853515625,2.377349853515625,782300,0.049778675696859676,PETR4.SA,928,209,44.18000030517578,41.7599983215332,-1.0
2016-04-14,2.2946815490722656,2.4474934670650383,2.2846611150158536,2.4374727941026335,77355500,-0.034773302011527396,PETR4.SA,927,208,43.84000015258789,41.5,1.0
2016-04-15,2.427452325820923,2.4625239639768766,2.2721354806833953,2.3172275527544803,95590000,0.05786021890590276,PETR4.SA,926,207,43.099998474121094,40.36000061035156,-1.0
2016-04-18,2.3147222995758057,2.434967741049162,2.2270435657635894,2.4174318031619344,88873100,-0.046439645815492536,PETR4.SA,923,204,42.90999984741211,39.779998779296875,1.0
2016-04-19,2.4074113368988037,2.407411336898804,2.407411336898804,2.407411336898804,370500,0.04004326451600004,PETR4.SA,922,203,44.029998779296875,41.08000183105469,-1.0
2016-04-20,2.3748440742492676,2.4149260333930753,2.3397726884940444,2.354803214130312,53295800,-0.013527917788859867,PETR4.SA,921,202,45.79999923706055,42.630001068115234,-1.0
2016-04-22,2.4424829483032227,2.4875750176448865,2.327247845801396,2.334763111056348,63322900,0.028481395805043386,PETR4.SA,919,200,45.11000061035156,43.72999954223633,-1.0
2016-04-25,2.3372678756713867,2.480059085397994,2.3372678756713867,2.432462095124436,56585400,-0.04307709607755017,PETR4.SA,916,197,44.47999954223633,42.63999938964844,-1.0
2016-04-26,2.4224419593811035,2.4399776570593033,2.3397733290325,2.3748447243888995,40460400,0.03644172950661484,PETR4.SA,915,196,45.7400016784668,44.040000915527344,-1.0
2016-04-27,2.5677380561828613,2.5802636554576233,2.447492876519391,2.467533739796636,86397900,0.05997918597763996,PETR4.SA,914,195,47.18000030517578,45.33000183105469,-1.0
2016-04-28,2.562727451324463,2.6403859675339514,2.525150896358978,2.562727451324463,57741500,-0.0019513691617933926,PETR4.SA,913,194,48.13999938964844,46.029998779296875,-1.0
2016-04-29,2.562727451324463,2.6403859675339514,2.5076152025625396,2.562727451324463,53931300,0.0,PETR4.SA,912,193,48.130001068115234,45.91999816894531,-1.0
2016-05-02,2.547696828842163,2.5952938125975726,2.4875742476018874,2.567737689255588,48618800,-0.005865088179600075,PETR4.SA,909,190,48.099998474121094,44.779998779296875,-1.0
2016-05-03,2.449997901916504,2.527656429359368,2.4324622055835112,2.5076155652913923,47074700,-0.038347940704569594,PETR4.SA,908,189,46.75,43.650001525878906,-1.0
2016-05-04,2.485069513320923,2.5426869373222742,2.4675338171302403,2.4675338171302403,43389500,0.01431495568913932,PETR4.SA,907,188,44.619998931884766,43.779998779296875,-1.0
2016-05-05,2.4575133323669434,2.5802636808757655,2.4049060060194574,2.5752533455541298,65074500,-0.011088696234156759,PETR4.SA,906,187,45.0099983215332,44.31999969482422,-1.0
2016-05-06,2.525151491165161,2.5376770920727316,2.3998959599013894,2.41242156080896,45330900,0.027523007874415972,PETR4.SA,905,186,45.369998931884766,44.65999984741211,-1.0
2016-05-09,2.3748440742492676,2.517635501229195,2.2145171932976258,2.5076150711697176,94688100,-0.059524118628834555,PETR4.SA,902,183,43.630001068115234,43.439998626708984,-1.0
2016-05-10,2.557717800140381,2.557717800140381,2.434967444413536,2.4600184057769594,53055800,0.07700451910676409,PETR4.SA,901,182,45.52000045776367,44.65999984741211,-1.0
2016-05-11,2.5677380561828613,2.630365813650736,2.502605131078847,2.6028096863710077,74542300,0.003917655044638035,PETR4.SA,900,181,47.599998474121094,46.22999954223633,-1.0
2016-05-12,2.452502489089966,2.6228500322486767,2.452502489089966,2.6053141011608822,67229100,-0.04487824091535331,PETR4.SA,899,180,48.08000183105469,46.70000076293945,-1.0
2016-05-13,2.3698344230651855,2.5201411410488483,2.35229872689927,2.4875746775221903,70472200,-0.033707637970820326,PETR4.SA,898,179,47.83000183105469,46.209999084472656,-1.0
2016-05-16,2.4424829483032227,2.467534151027697,2.3848655165052968,2.392380781760249,61487700,0.030655527884548173,PETR4.SA,895,176,48.970001220703125,47.720001220703125,-1.0
2016-05-17,2.3798553943634033,2.475049638806659,2.3698349601539026,2.462524036318284,46379500,-0.025640938039434902,PETR4.SA,894,175,49.279998779296875,48.310001373291016,-1.0
2016-05-18,2.3347625732421875,2.4174311887218156,2.3222372136711504,2.332257644671532,51929100,-0.018947714734271814,PETR4.SA,893,174,48.93000030517578,48.189998626708984,-1.0
2016-05-19,2.244579553604126,2.3172277658976497,2.1669210044391813,2.3172277658976497,75430200,-0.03862620579566178,PETR4.SA,892,173,48.810001373291016,48.15999984741211,-1.0
2016-05-20,2.229548454284668,2.3698347602925507,2.229548454284668,2.30470182397082,65173100,-0.006696621331742314,PETR4.SA,891,172,48.720001220703125,47.75,1.0
2016-05-23,2.1293439865112305,2.171930885353932,2.1093031210447784,2.141869587154254,51330000,-0.04494383944913516,PETR4.SA,888,169,48.349998474121094,48.08000183105469,1.0
2016-05-24,2.136859178543091,2.2170228765841054,2.1168183137593255,2.1769409081106215,44823400,0.0035293461645777846,PETR4.SA,887,168,48.61000061035156,48.619998931884766,1.0
2016-05-25,2.171931028366089,2.239568894042533,2.151890161580033,2.1744361964408405,45512600,0.016412803508610185,PETR4.SA,886,167,49.7400016784668,49.560001373291016,1.0
2016-05-27,2.0617058277130127,2.146879622974645,2.0617058277130127,2.1293439259169986,47488600,-0.05074986231767997,PETR4.SA,884,165,49.31999969482422,49.33000183105469,1.0
2016-05-30,2.0992825031280518,2.159405094223829,2.019119048333682,2.0491803438815706,32281900,0.01822601212546493,PETR4.SA,881,162,49.31999969482422,49.33000183105469,1.0
2016-05-31,2.014108896255493,2.1468796900683182,2.014108896255493,2.0942723583453557,58662600,-0.04057272270199219,PETR4.SA,880,161,49.689998626708984,49.099998474121094,1.0
2016-06-01,2.049180030822754,2.0667157241535614,1.9690164688222198,2.0266340028797707,45884400,0.017412730082500882,PETR4.SA,879,160,49.709999084472656,49.0099983215332,1.0
2016-06-02,2.084251880645752,2.1067979135989034,2.011603684966685,2.0516854151474178,52835100,0.017115065194597268,PETR4.SA,878,159,50.040000915527344,49.16999816894531,1.0
2016-06-03,2.1468794345855713,2.171930632960494,2.116818139879224,2.1318489066853643,45595300,0.030047977656335823,PETR4.SA,877,158,49.63999938964844,48.619998931884766,1.0
2016-06-06,2.119323253631592,2.199486704144356,2.1168180860765857,2.179445841516165,37117600,-0.01283545806534725,PETR4.SA,874,155,50.54999923706055,49.689998626708984,1.0
2016-06-07,2.15940523147583,2.184456432144297,2.1017878044066927,2.1093030690448504,34401600,0.018912630612416104,PETR4.SA,873,154,51.439998626708984,50.36000061035156,1.0
2016-06-08,2.3522987365722656,2.357308833109154,2.204497185691935,2.204497185691935,77194700,0.08932714540318298,PETR4.SA,872,153,52.5099983215332,51.22999954223633,-1.0
2016-06-09,2.299691677093506,2.3497938428339586,2.267125209635719,2.3247426405107467,46539900,-0.022364106506054582,PETR4.SA,871,152,51.95000076293945,50.560001373291016,1.0
2016-06-10,2.1994869709014893,2.25209430140727,2.1994869709014893,2.247084204595554,38859900,-0.04357310468621667,PETR4.SA,870,151,50.540000915527344,49.06999969482422,1.0
2016-06-13,2.15940523147583,2.2145177296028846,2.134354269713318,2.149384798989634,37094100,-0.018223222031286346,PETR4.SA,867,148,50.349998474121094,48.880001068115234,1.0
2016-06-14,2.079241991043091,2.196982264362439,2.066716389386823,2.154395362074717,66180300,-0.0371228332988488,PETR4.SA,866,147,49.83000183105469,48.4900016784668,1.0
2016-06-15,2.1318490505218506,2.176940876170763,2.0717264570526672,2.079241721509828,84556900,0.025301075923523708,PETR4.SA,865,146,48.970001220703125,48.0099983215332,1.0
2016-06-16,2.1293439865112305,2.139364419244457,2.0742314870255063,2.1067979531349814,46834500,-0.0011750663162605202,PETR4.SA,864,145,47.189998626708984,46.209999084472656,1.0
2016-06-17,2.2420735359191895,2.2420735359191895,2.186961045739042,2.1919713807126557,63144100,0.05294097624529792,PETR4.SA,863,144,49.16999816894531,47.97999954223633,1.0
2016-06-20,2.299691677093506,2.3472886748204433,2.2846609079183846,2.3097121102415965,63791500,0.02569859563089416,PETR4.SA,860,141,50.650001525878906,49.369998931884766,1.0
2016-06-21,2.3873701095581055,2.3898752772590695,2.2395685598844097,2.2771453586810453,53703900,0.038126168537259364,PETR4.SA,859,140,50.619998931884766,48.849998474121094,1.0
2016-06-22,2.339773654937744,2.442483165198036,2.339773654937744,2.4074115260505717,61983000,-0.019936772446720208,PETR4.SA,858,139,49.880001068115234,49.130001068115234,1.0
2016-06-23,2.4224419593811035,2.429957224256623,2.382360228170382,2.4024010937757425,48031300,0.035331752825278784,PETR4.SA,857,138,50.90999984741211,50.11000061035156,1.0
2016-06-24,2.3172271251678467,2.3372679893000656,2.2345585008959556,2.254599365028175,75974900,-0.04343337672376579,PETR4.SA,856,137,48.40999984741211,47.63999938964844,1.0
2016-06-27,2.1994869709014893,2.33977326521889,2.1994869709014893,2.309711967630723,58818400,-0.05081079579449033,PETR4.SA,853,134,47.15999984741211,46.33000183105469,1.0
2016-06-28,2.304701089859009,2.324741950204278,2.2721346320714724,2.279650133880373,45291700,0.04783575458707823,PETR4.SA,852,133,48.58000183105469,47.849998474121094,1.0
2016-06-29,2.3798553943634033,2.3973910945035306,2.3347633209676517,2.362319694223276,56093600,0.03260913306071811,PETR4.SA,851,132,50.61000061035156,49.880001068115234,1.0
2016-06-30,2.359813928604126,2.3773496243054386,2.314721866622539,2.3598139286041264,43741300,-0.008421295599196799,PETR4.SA,850,131,49.68000030517578,48.33000183105469,1.0
2016-07-01,2.4600186347961426,2.4675341389201932,2.3472887009010925,2.374844832638024,49290800,0.04246296921015702,PETR4.SA,849,130,49.84000015258789,48.9900016784668,1.0
2016-07-04,2.4725441932678223,2.517636261607153,2.452503327096113,2.492585059439531,24505100,0.005091651865766211,PETR4.SA,846,127,49.84000015258789,48.9900016784668,1.0
2016-07-05,2.3272478580474854,2.4224420944330394,2.3122170885525133,2.41743175829939,69691200,-0.058763898180645646,PETR4.SA,845,126,47.959999084472656,46.599998474121094,1.0
2016-07-06,2.3798553943634033,2.384865730921152,2.2420742448032702,2.277145883989521,68781500,0.022605042318120105,PETR4.SA,844,125,48.79999923706055,47.43000030517578,1.0
2016-07-07,2.394885778427124,2.5001002011848534,2.384865345835628,2.419936740452885,81610300,0.006315671153516167,PETR4.SA,843,124,46.400001525878906,45.13999938964844,1.0
2016-07-08,2.4650285243988037,2.4900794835570124,2.422441631033326,2.467533691986404,42647600,0.029288555890021106,PETR4.SA,842,123,46.7599983215332,45.40999984741211,1.0
2016-07-11,2.595294952392578,2.597800120770945,2.5001007041686916,2.505111040925425,66717300,0.052845809573560665,PETR4.SA,839,120,46.25,44.7599983215332,1.0
2016-07-12,2.6679422855377197,2.705519082136207,2.650406590468649,2.6579218542259753,58174200,0.0279919371315267,PETR4.SA,838,119,48.470001220703125,46.79999923706055,1.0
2016-07-13,2.6629326343536377,2.6629326343536377,2.557717968544296,2.6228509024083584,64252100,-0.0018777209729153865,PETR4.SA,837,118,46.2599983215332,44.75,1.0
2016-07-14,2.7380857467651367,2.7506111076546316,2.6704476512133284,2.7355805790248597,53059500,0.0282219352611377,PETR4.SA,836,117,47.369998931884766,45.68000030517578,1.0
2016-07-15,2.760632038116455,2.770652471113543,2.7105296342250456,2.7330756681949864,51223500,0.008234326254375146,PETR4.SA,835,116,47.61000061035156,45.95000076293945,1.0
2016-07-18,2.893402338027954,2.940999326861458,2.7230547674336596,2.7481059650760886,77358900,0.04809416759579688,PETR4.SA,832,113,46.959999084472656,45.2400016784668,1.0
2016-07-19,2.9510200023651123,2.998617234043713,2.8808769776295367,2.883382145382294,53692000,0.019913464359895494,PETR4.SA,831,112,46.65999984741211,44.650001525878906,1.0
2016-07-20,2.961040496826172,2.981081361458373,2.8908974706134676,2.961040496826172,49261200,0.003395603707541328,PETR4.SA,830,111,47.16999816894531,44.939998626708984,1.0
2016-07-21,2.968557119369507,3.0036285262445763,2.938495572182245,2.9485162471820265,37748600,0.002538507173877491,PETR4.SA,829,110,46.20000076293945,44.75,1.0
2016-07-22,2.9911022186279297,2.998617723111964,2.935989952514255,2.966051253732437,33938400,0.007594632123235412,PETR4.SA,828,109,45.689998626708984,44.189998626708984,1.0
2016-07-25,3.0136477947235107,3.0687602913391863,2.98358649808931,3.0011221947327735,47192000,0.00753754784947569,PETR4.SA,825,106,44.720001220703125,43.130001068115234,1.0
2016-07-26,2.976071357727051,3.0236683529889916,2.968556092981683,2.993607055101562,38304800,-0.012468755327763037,PETR4.SA,824,105,44.869998931884766,42.91999816894531,1.0
2016-07-27,2.883382558822632,3.016153362979101,2.883382558822632,3.00362776132525,51952100,-0.031144682960562164,PETR4.SA,823,104,43.470001220703125,41.91999816894531,1.0
2016-07-28,2.8658463954925537,2.8934027647444,2.79319819830253,2.8558259627389626,40663100,-0.006081802526140878,PETR4.SA,822,103,42.70000076293945,41.13999938964844,1.0
2016-07-29,2.9735662937164307,3.001122424682681,2.908433359898785,2.946010162750181,60740000,0.03758746400131585,PETR4.SA,821,102,42.459999084472656,41.599998474121094,1.0
2016-08-01,2.818248748779297,2.9986167355948257,2.810733485676206,2.988596305155402,52012300,-0.05223275003666206,PETR4.SA,818,99,42.45000076293945,40.060001373291016,1.0
2016-08-02,2.8458056449890137,2.9109385799724627,2.780672948911536,2.838290379846607,49134600,0.009778021270000714,PETR4.SA,817,98,41.79999923706055,39.5099983215332,1.0
2016-08-03,2.981081247329712,2.981081247329712,2.8382900325654545,2.9009177918699103,55695500,0.047535081174252314,PETR4.SA,816,97,43.099998474121094,40.83000183105469,1.0
2016-08-04,3.0086376667022705,3.0361937952698295,2.9735660348750574,2.988596802488419,63207500,0.009243766635760764,PETR4.SA,815,96,44.290000915527344,41.93000030517578,1.0
2016-08-05,2.9184539318084717,3.0487198056449594,2.9184539318084717,3.0361942040982233,54225900,-0.02997494044959159,PETR4.SA,814,95,44.27000045776367,41.79999923706055,1.0
2016-08-08,2.9835870265960693,2.998617797028665,2.9309796884409702,2.9535257246368687,41552000,0.02231767103729365,PETR4.SA,811,92,45.38999938964844,43.02000045776367,1.0
2016-08-09,2.976071357727051,3.0236683529889916,2.9435048919558455,2.986091790356194,33596200,-0.002519004407118941,PETR4.SA,810,91,44.97999954223633,42.77000045776367,1.0
2016-08-10,2.895907402038574,2.9986168786697855,2.895907402038574,2.9936065437580592,41638400,-0.02693616719919678,PETR4.SA,809,90,44.04999923706055,41.709999084472656,1.0
2016-08-11,3.031184196472168,3.0311841964721684,2.9059286551122603,2.9134439207001788,55881500,0.046713093912590375,PETR4.SA,808,89,46.040000915527344,43.4900016784668,1.0
2016-08-12,3.006132125854492,3.116356865350553,3.0011217909698944,3.018657724160069,71281300,-0.008264780031128627,PETR4.SA,807,88,46.970001220703125,44.4900016784668,1.0
2016-08-15,3.0837912559509277,3.098821785774468,3.0236684199388733,3.0537297184919185,53568000,0.02583357179430723,PETR4.SA,804,85,48.349998474121094,45.7400016784668,1.0
2016-08-16,3.1288836002349854,3.146419539795157,3.0412048580581432,3.0837917644234105,48218700,0.014622372443997556,PETR4.SA,803,84,49.22999954223633,46.58000183105469,1.0
2016-08-17,3.196521043777466,3.1965210437774663,3.0862960483887516,3.123872849096431,46809100,0.02161711721631354,PETR4.SA,802,83,49.849998474121094,46.790000915527344,1.0
2016-08-18,3.2265818119049072,3.2641583675448267,3.2015306155410186,3.2065409503761617,44941100,0.009404214055139581,PETR4.SA,801,82,50.88999938964844,48.220001220703125,1.0
2016-08-19,3.204035758972168,3.2366022184390553,3.1814897301946377,3.2115510222627073,33360000,-0.006987596858555545,PETR4.SA,800,81,50.880001068115234,48.52000045776367,1.0
2016-08-22,3.0938117504119873,3.1639547817659186,3.081286149372293,3.1639547817659186,43258900,-0.03440161622776017,PETR4.SA,797,78,49.15999984741211,47.04999923706055,1.0
2016-08-23,3.173975706100464,3.221572710731444,3.111347930114119,3.1263784625634785,61048000,0.025911064458851385,PETR4.SA,796,77,49.959999084472656,48.099998474121094,1.0
2016-08-24,3.1063363552093506,3.183994871597244,3.0988210919801706,3.131387551181164,44694700,-0.02131060762724446,PETR4.SA,795,76,49.04999923706055,46.77000045776367,1.0
2016-08-25,3.1389033794403076,3.166459747750871,3.0938115530423964,3.111347250035698,40290500,0.010484062415308637,PETR4.SA,794,75,49.66999816894531,47.33000183105469,1.0
2016-08-26,3.143913745880127,3.2315924706110257,3.1188625451536094,3.178985140210104,50650500,0.0015962155677160528,PETR4.SA,793,74,49.91999816894531,47.63999938964844,1.0
2016-08-29,3.224076747894287,3.246622777563731,3.1188621020408296,3.131387700624512,36990100,0.02549783756606172,PETR4.SA,790,71,49.2599983215332,46.97999954223633,1.0
2016-08-30,3.2791903018951416,3.314261702617443,3.2491289988877408,3.2666646992488917,51893700,0.017094367879688432,PETR4.SA,789,70,48.369998931884766,46.349998474121094,1.0
2016-08-31,3.219067096710205,3.311756156790494,3.1839954636098438,3.2892101240049727,61016100,-0.01833477158986152,PETR4.SA,788,69,47.040000915527344,44.70000076293945,1.0
2016-09-01,3.256643533706665,3.2791895656265084,3.196520941191046,3.249128269368699,45370000,0.011673082873874252,PETR4.SA,787,68,47.04999923706055,43.15999984741211,1.0
2016-09-02,3.399435520172119,3.4019406884871732,3.294220839999856,3.3117567792992335,57017000,0.04384636666172992,PETR4.SA,786,67,46.83000183105469,44.439998626708984,1.0
2016-09-05,3.464567184448242,3.4896183805424994,3.439515988353985,3.4545467537917216,26292200,0.01915955278152337,PETR4.SA,783,64,46.83000183105469,44.439998626708984,1.0
2016-09-06,3.5021445751190186,3.5021445751190186,3.3894146436150017,3.429496375802566,42086900,0.010846200598866762,PETR4.SA,782,63,47.2599983215332,44.83000183105469,1.0
2016-09-08,3.562268018722534,3.5798037198132597,3.49713507337697,3.524691209220397,42797300,0.017167607537011076,PETR4.SA,780,61,49.9900016784668,47.619998931884766,1.0
2016-09-09,3.3844048976898193,3.512165611472833,3.3844048976898193,3.49713484089001,43155300,-0.04992974141695783,PETR4.SA,779,60,48.0099983215332,45.880001068115234,1.0
2016-09-12,3.494629144668579,3.494629144668579,3.3242817909335303,3.336807152469875,44141000,0.032568280188342236,PETR4.SA,776,57,48.31999969482422,46.290000915527344,1.0
2016-09-13,3.2591488361358643,3.469578157542269,3.24161290008136,3.4320013564877216,64134000,-0.0673834901457182,PETR4.SA,775,56,47.099998474121094,44.900001525878906,1.0
2016-09-14,3.2841999530792236,3.3468277188893945,3.2491285571253465,3.2942203860526122,43932500,0.007686398566891128,PETR4.SA,774,55,45.849998474121094,43.58000183105469,1.0
2016-09-15,3.3844048976898193,3.396930500024506,3.296725920253008,3.3092515225876946,42169100,0.030511219183425364,PETR4.SA,773,54,46.59000015258789,43.90999984741211,1.0
2016-09-16,3.2967255115509033,3.361858444491809,3.2967255115509033,3.341817578803217,44651900,-0.025906884308897427,PETR4.SA,772,53,45.77000045776367,43.029998779296875,1.0
2016-09-19,3.2691686153411865,3.3919189486631094,3.2616533521944726,3.361857657170347,51105500,-0.008358868857344715,PETR4.SA,769,50,45.95000076293945,43.29999923706055,1.0
2016-09-20,3.381899833679199,3.414466305190756,3.33931292777224,3.3693742309584462,52063100,0.034483145901071044,PETR4.SA,768,49,45.880001068115234,43.439998626708984,1.0
2016-09-21,3.4219810962677,3.4294963612945844,3.356848162285459,3.4069505662139323,61094100,0.011851700097485152,PETR4.SA,767,48,46.83000183105469,45.34000015258789,1.0
2016-09-22,3.5071544647216797,3.5297004959341267,3.467072737635525,3.479598337076433,47574500,0.02489007567776369,PETR4.SA,766,47,47.650001525878906,46.31999969482422,1.0
2016-09-23,3.4294965267181396,3.502144729231489,3.3919199608652275,3.502144729231489,53264300,-0.02214271962774894,PETR4.SA,765,46,45.88999938964844,44.47999954223633,1.0
2016-09-26,3.3568484783172607,3.4294966841658794,3.354343549009784,3.404445718749178,35545800,-0.021183298433137487,PETR4.SA,762,43,47.349998474121094,45.93000030517578,1.0
2016-09-27,3.2867047786712646,3.3568478021781494,3.224077019385061,3.3568478021781494,58098200,-0.020895700267400286,PETR4.SA,761,42,45.970001220703125,44.66999816894531,1.0
2016-09-28,3.4695780277252197,3.4695780277252197,3.286704842809732,3.3317969068256503,69032100,0.05564030278614984,PETR4.SA,760,41,48.689998626708984,47.04999923706055,1.0
2016-09-29,3.3643639087677,3.482103945332409,3.3643639087676998,3.457052980468124,53143200,-0.030324759413611346,PETR4.SA,759,40,49.2400016784668,47.83000183105469,1.0
2016-09-30,3.399435520172119,3.4495379308491967,3.3668690487944186,3.389415085817904,39275000,0.010424440505089505,PETR4.SA,758,39,49.060001373291016,48.2400016784668,1.0
2016-10-03,3.4996399879455566,3.499639987945557,3.4119610110396987,3.4244866132985345,34444500,0.029476796126541638,PETR4.SA,755,36,49.099998474121094,48.810001373291016,1.0
2016-10-04,3.5121655464172363,3.537216511716599,3.464568306208267,3.502144873610305,39717400,0.0035790991401469796,PETR4.SA,754,35,50.869998931884766,48.689998626708984,1.0
2016-10-05,3.652451276779175,3.667482045666902,3.5472366112829876,3.5547518762738677,65242200,0.03994280124552896,PETR4.SA,753,34,51.86000061035156,49.83000183105469,1.0
2016-10-06,3.782716751098633,3.782716751098633,3.6624713292081124,3.6850173607442063,77003800,0.03566521890316077,PETR4.SA,752,33,52.5099983215332,50.439998626708984,1.0
2016-10-07,3.822798490524292,3.8528597863629463,3.750150299187726,3.815282987385172,71691000,0.010596019227191222,PETR4.SA,751,32,51.93000030517578,49.810001373291016,1.0
2016-10-10,3.9405388832092285,3.950559555020199,3.885426621684683,3.8879317896374257,38724300,0.030799528925415265,PETR4.SA,748,29,51.93000030517578,49.810001373291016,1.0
2016-10-11,3.85536527633667,3.923003137900842,3.830314074924184,3.9104775371945992,69314500,-0.02161471042336016,PETR4.SA,747,28,52.40999984741211,50.790000915527344,1.0
2016-10-13,3.948054790496826,3.9630853219372364,3.7651815726612474,3.805263308376994,58212500,0.024041694500145816,PETR4.SA,745,26,52.029998779296875,50.439998626708984,1.0
2016-10-14,4.073309898376465,4.080825402198794,4.003166629470509,4.010682133292838,66150000,0.03172577750975858,PETR4.SA,744,25,51.95000076293945,50.349998474121094,1.0
2016-10-17,4.233637809753418,4.233637809753418,4.025713600379975,4.0683005096642715,75002000,0.03936059749366394,PETR4.SA,741,22,51.52000045776367,49.939998626708984,-1.0
2016-10-18,4.363902568817139,4.41901482854624,4.303779973345779,4.311294999147252,76995000,0.03076898991302901,PETR4.SA,740,21,51.68000030517578,50.290000915527344,-1.0
2016-10-19,4.414004802703857,4.45659169926919,4.343861538416282,4.4390555248383725,65212400,0.011481061526151137,PETR4.SA,739,20,52.66999816894531,51.599998474121094,-1.0
2016-10-20,4.444066047668457,4.444066047668457,4.313800184707065,4.3363462178277645,62901500,0.006810424163151252,PETR4.SA,738,19,51.380001068115234,50.43000030517578,-1.0
2016-10-21,4.496673107147217,4.531744497882136,4.378932619145364,4.421519512671423,47961800,0.011837596227076697,PETR4.SA,737,18,51.779998779296875,50.849998474121094,-1.0
2016-10-24,4.559300899505615,4.616918321255361,4.509198502794266,4.574331427394274,51678900,0.013927583986226288,PETR4.SA,734,15,51.459999084472656,50.52000045776367,-1.0
2016-10-25,4.509199619293213,4.581848064731579,4.4365511738548475,4.56431188707226,57674100,-0.010988807564298986,PETR4.SA,733,14,50.790000915527344,49.959999084472656,-1.0
2016-10-26,4.534249305725098,4.571825861075683,4.411498970080211,4.434044998852927,51424400,0.005555240075135748,PETR4.SA,732,13,49.97999954223633,49.18000030517578,-1.0
2016-10-27,4.531744956970215,4.631949281943935,4.531744956970215,4.536755292671878,43645900,-0.0005523182749833655,PETR4.SA,731,12,50.470001220703125,49.720001220703125,-1.0
2016-10-28,4.531744956970215,4.581847358363031,4.49667356268239,4.5066937562738065,37689700,0.0,PETR4.SA,730,11,49.709999084472656,48.70000076293945,-1.0
2016-10-31,4.431540489196777,4.551785675290522,4.41149962484782,4.516714282132821,42059100,-0.022111674139850823,PETR4.SA,727,8,48.29999923706055,46.86000061035156,-1.0
2016-11-01,4.223615646362305,4.4791365052497465,4.148462059079796,4.4791365052497465,68718800,-0.046919314703623316,PETR4.SA,726,7,48.33000183105469,46.66999816894531,-1.0
2016-11-03,4.04074239730835,4.266202689464265,4.04074239730835,4.165997902811932,56998700,-0.04329779609834039,PETR4.SA,724,5,46.349998474121094,44.65999984741211,-1.0
2016-11-04,4.005671977996826,4.1534735484823955,3.985631111379051,4.1259171777034735,61347700,-0.008679201954295501,PETR4.SA,723,4,45.58000183105469,44.06999969482422,-1.0
2016-11-07,4.311295509338379,4.311295509338379,4.1860399678308795,4.1860399678308795,51625300,0.07629769312623313,PETR4.SA,720,1,46.150001525878906,44.88999938964844,-1.0
2016-11-08,4.268709659576416,4.378934206942579,4.191050869344576,4.283740192796886,56241000,-0.009877738528876301,PETR4.SA,719,0,46.040000915527344,44.97999954223633,-1.0
2016-11-09,4.171009063720703,4.283739232123396,3.9605799734829263,3.970600406351392,111417100,-0.022887617956525053,PETR4.SA,718,1455,46.36000061035156,45.27000045776367,-1.0
2016-11-10,3.8829212188720703,4.3037798532384315,3.8829212188720703,4.2837389886406,94683900,-0.06906910065346328,PETR4.SA,717,1454,45.84000015258789,44.65999984741211,-1.0
2016-11-11,3.5096592903137207,3.8729002052602777,3.4921233572432557,3.8027571896961634,129811400,-0.09612915316030457,PETR4.SA,716,1453,45.84000015258789,44.65999984741211,1.0
2016-11-14,3.5071544647216797,3.5522465271465733,3.339312053368953,3.4570523058639866,86623000,-0.0007136948019296208,PETR4.SA,713,1450,44.43000030517578,43.31999969482422,1.0
2016-11-16,3.692532777786255,3.747645275054902,3.552246725164547,3.644935783944663,77406600,0.05285718519936533,PETR4.SA,711,1448,46.630001068115234,45.56999969482422,-1.0
2016-11-17,3.579802989959717,3.837829311414644,3.5798029899597172,3.7952424126718163,51535300,-0.030529123127817415,PETR4.SA,710,1447,46.4900016784668,45.41999816894531,1.0
2016-11-18,3.637420654296875,3.6800073140995164,3.559762121679435,3.5998438524861287,55041300,0.016095205378273247,PETR4.SA,709,1446,46.86000061035156,45.689998626708984,1.0
2016-11-21,3.902963399887085,3.902963399887085,3.727605656057271,3.7701925674181442,59122000,0.07300303452022394,PETR4.SA,706,1443,48.900001525878906,47.4900016784668,-1.0
2016-11-22,3.990640878677368,4.028217438503198,3.8202932978009336,3.990640878677368,58636100,0.02246433537983461,PETR4.SA,705,1442,49.119998931884766,48.029998779296875,-1.0
2016-11-23,3.9706010818481445,4.005672483401298,3.890437366356639,3.938034609758784,42490100,-0.005021698879570824,PETR4.SA,704,1441,48.95000076293945,47.959999084472656,-1.0
2016-11-24,3.902963399887085,3.9831268853164787,3.902963399887085,3.9831268853164787,14725000,-0.017034620342564644,PETR4.SA,703,1440,48.95000076293945,47.959999084472656,-1.0
2016-11-25,3.8328189849853516,3.887931481041429,3.7701912245735185,3.8202933851217953,47630600,-0.017972091386704414,PETR4.SA,702,1439,47.2400016784668,46.060001373291016,-1.0
2016-11-28,3.87290096282959,3.897952164169939,3.8077680304694503,3.8077680304694503,38747500,0.010457571307503688,PETR4.SA,699,1436,48.2400016784668,47.08000183105469,-1.0
2016-11-29,3.672492265701294,3.85286030386556,3.6549565671665647,3.8328194372813056,54075900,-0.051746403807308994,PETR4.SA,698,1435,46.380001068115234,45.22999954223633,1.0
2016-11-30,4.008177280426025,4.055774519418435,3.910477873209487,3.9831260768609695,82547300,0.09140523394965672,PETR4.SA,697,1434,50.470001220703125,49.439998626708984,-1.0
2016-12-01,3.867891550064087,4.095856867728062,3.840335413138252,4.008177881018378,66775400,-0.03499988162874568,PETR4.SA,696,1433,50.459999084472656,51.060001373291016,-1.0
2016-12-02,3.9655909538269043,3.9856318240280775,3.69503896720505,3.78772805161198,58381500,0.025259085602128195,PETR4.SA,695,1432,54.459999084472656,51.68000030517578,-1.0
2016-12-05,3.9230031967163086,4.0307230299366354,3.89544706587421,4.01068216406857,47586500,-0.010739321731984774,PETR4.SA,692,1429,54.939998626708984,51.790000915527344,-1.0
2016-12-06,4.04575252532959,4.058278361926558,3.9430430542935,4.008175971162305,63916700,0.03128963257435702,PETR4.SA,691,1428,53.93000030517578,50.93000030517578,-1.0
2016-12-07,3.973104476928711,4.090844716872768,3.950558687025558,4.083329214665804,50247400,-0.017956621900634073,PETR4.SA,690,1427,53.0,49.77000045776367,-1.0
2016-12-08,3.9330241680145264,4.008177544759976,3.887932333092056,4.000662278757231,41104800,-0.010087907113171979,PETR4.SA,689,1426,53.88999938964844,50.84000015258789,-1.0
2016-12-09,3.902963399887085,3.9831268853164787,3.8879328658220893,3.978116786930157,37161200,-0.0076431689314069295,PETR4.SA,688,1425,54.33000183105469,51.5,-1.0
2016-12-12,3.907972574234009,3.9956513006042185,3.8779110372377508,3.955569569817156,35436700,0.00128342847054852,PETR4.SA,685,1422,55.689998626708984,52.83000183105469,-1.0
2016-12-13,3.8703954219818115,3.9305180127183745,3.8528597260767987,3.895446620908349,33455000,-0.009615510738215094,PETR4.SA,684,1421,55.720001220703125,52.97999954223633,-1.0
2016-12-14,3.692532777786255,3.875405966443421,3.692532777786255,3.8653855341132988,44215700,-0.045954644113464616,PETR4.SA,683,1420,53.900001525878906,51.040000915527344,-1.0
2016-12-15,3.720088481903076,3.7351190082625987,3.5898226459557034,3.7025525492757554,43338800,0.00746254827650894,PETR4.SA,682,1419,54.02000045776367,50.900001525878906,-1.0
2016-12-16,3.697542667388916,3.792736882495267,3.6975426673889165,3.732614056860888,37876200,-0.006060558673224525,PETR4.SA,681,1418,55.209999084472656,51.900001525878906,-1.0
2016-12-19,3.5973386764526367,3.730109708082139,3.5948337474623506,3.7276045401858933,39128600,-0.02710015811853772,PETR4.SA,678,1415,54.91999816894531,52.119998931884766,1.0
2016-12-20,3.594834089279175,3.654956691070103,3.532206319353795,3.622390222040188,31810000,-0.0006962333543562016,PETR4.SA,677,1414,55.349998474121094,52.22999954223633,1.0
2016-12-21,3.5923287868499756,3.6274001837972585,3.517175417967839,3.619884918580837,32856800,-0.0006969174006307144,PETR4.SA,676,1413,54.459999084472656,52.4900016784668,1.0
2016-12-22,3.5096592903137207,3.622389196482526,3.5096592903137207,3.622389196482526,42240500,-0.023012786813632835,PETR4.SA,675,1412,55.04999923706055,52.95000076293945,1.0
2016-12-23,3.567277669906616,3.5948340412050976,3.509660237020662,3.519680670518479,21776900,0.016417086339952203,PETR4.SA,674,1411,55.15999984741211,53.02000045776367,1.0
2016-12-26,3.612368583679199,3.6198838466702203,3.574792029818189,3.587317388501257,5734300,0.012640146897721971,PETR4.SA,671,1408,55.15999984741211,53.02000045776367,1.0
2016-12-27,3.6098647117614746,3.6449363498146883,3.5722881444163086,3.63241074773097,14949200,-0.0006931385487729536,PETR4.SA,670,1407,56.09000015258789,53.900001525878906,1.0
2016-12-28,3.7025537490844727,3.7100692536055337,3.597339074849475,3.6148750131592986,18979900,0.025676595862721197,PETR4.SA,669,1406,56.220001220703125,54.060001373291016,-1.0
2016-12-29,3.7250993251800537,3.7276044930446175,3.6374206000739258,3.7200892283568825,18090600,0.006089196166606969,PETR4.SA,668,1405,56.13999938964844,53.77000045776367,-1.0
2017-01-02,3.672492265701294,3.682512698993421,3.6574617352160903,3.6674821685082173,7525700,-0.014122323966815786,PETR4.SA,664,1401,56.130001068115234,53.720001220703125,-1.0
2017-01-03,3.8829212188720703,3.9204977802665164,3.7451400955825163,3.7451400955825163,39947800,0.057298678376002776,PETR4.SA,663,1400,55.470001220703125,52.33000183105469,-1.0
2017-01-04,3.8829212188720703,3.9280132836701664,3.8353242251787085,3.870395618771938,37071700,0.0,PETR4.SA,662,1399,56.459999084472656,53.2599983215332,-1.0
2017-01-05,3.9455480575561523,3.985629777376224,3.91298160047587,3.933022460385906,47586300,0.016128794573451177,PETR4.SA,661,1398,56.88999938964844,53.7599983215332,-1.0
2017-01-06,3.9230031967163086,3.988136130240505,3.8829214649801775,3.953064495518407,25592000,-0.005713999807116288,PETR4.SA,660,1397,57.099998474121094,53.9900016784668,-1.0
2017-01-09,3.840334892272949,3.907972999516255,3.840334892272949,3.882921795595182,25599000,-0.02107270891661661,PETR4.SA,657,1394,54.939998626708984,51.959999084472656,-1.0
2017-01-10,3.877911329269409,3.9280137354322315,3.855365533183313,3.907972868529494,26239900,0.009784677131170705,PETR4.SA,656,1393,53.63999938964844,50.81999969482422,-1.0
2017-01-11,3.9230031967163086,3.9280135326363084,3.825304035335981,3.9179930997022754,34399300,0.011627874806357408,PETR4.SA,655,1392,55.099998474121094,52.25,-1.0
2017-01-12,3.983126401901245,4.07080538262794,3.983126401901245,4.0457541770185985,49890300,0.015325810908148663,PETR4.SA,654,1391,56.0099983215332,53.0099983215332,-1.0
2017-01-13,3.9280126094818115,3.9956504561639155,3.900456246209994,3.9505586380111493,34450000,-0.013836817328500173,PETR4.SA,653,1390,55.45000076293945,52.369998931884766,-1.0
2017-01-16,3.9455480575561523,3.9455480575561523,3.9029611705208525,3.933022460385906,20069600,0.004464203610755169,PETR4.SA,650,1387,55.45000076293945,52.369998931884766,-1.0
2017-01-17,3.9630846977233887,4.000661498217782,3.938033736299746,3.9405386652079435,28663300,0.004444665205294296,PETR4.SA,649,1386,55.470001220703125,52.47999954223633,-1.0
2017-01-18,3.955568790435791,3.9906404174171497,3.9355279289909895,3.958073957842869,24725200,-0.0018964790966782274,PETR4.SA,648,1385,53.91999816894531,51.08000183105469,-1.0
2017-01-19,3.9505598545074463,3.978115987358717,3.9029626154209085,3.963085217408762,21677600,-0.0012662997899204331,PETR4.SA,647,1384,54.15999984741211,51.369998931884766,-1.0
2017-01-20,4.008177280426025,4.055774519418435,3.960580280339599,3.9680955458467224,34863500,0.014584622949792792,PETR4.SA,646,1383,55.4900016784668,52.41999816894531,-1.0
2017-01-23,4.005671977996826,4.030723180722031,3.955569811452389,3.993146376634223,25139100,-0.0006250478094953493,PETR4.SA,643,1380,55.22999954223633,52.75,-1.0
2017-01-24,4.018198490142822,4.1158976715141256,4.000662549740627,4.038239360111603,49710600,0.0031271936930443722,PETR4.SA,642,1379,55.439998626708984,53.18000030517578,-1.0
2017-01-26,3.9580748081207275,4.055774207831458,3.958074808120728,4.045753536050493,37391900,-0.014962845207768138,PETR4.SA,640,1377,56.2400016784668,53.779998779296875,-1.0
2017-01-27,3.912982940673828,3.975610709069195,3.8929420738997886,3.940539072761638,23275300,-0.011392373725323535,PETR4.SA,639,1376,55.52000045776367,53.16999816894531,-1.0
2017-01-30,3.7175848484039307,3.890437406292261,3.717584848403931,3.885427308407241,26779500,-0.04993584056777134,PETR4.SA,636,1373,55.22999954223633,52.630001068115234,-1.0
2017-01-31,3.7626757621765137,3.8503544787947104,3.7326142285238326,3.755160259310377,30807200,0.01212908799968404,PETR4.SA,635,1372,55.70000076293945,52.810001373291016,-1.0
2017-02-01,3.7626757621765137,3.8603749103769593,3.7351193961458784,3.822798351670009,35977000,0.0,PETR4.SA,634,1371,55.65999984741211,53.880001068115234,-1.0
2017-02-02,3.730109691619873,3.827808850082675,3.722594187964304,3.755160653753891,39306700,-0.008655029722200336,PETR4.SA,633,1370,56.560001373291016,53.540000915527344,-1.0
2017-02-03,3.842839241027832,3.8428392410278316,3.700048030281014,3.7376245892440916,40213400,0.03022151055268396,PETR4.SA,632,1369,56.810001373291016,53.83000183105469,-1.0
2017-02-06,3.7476465702056885,3.875407305747095,3.7451414015309075,3.8528612654861365,29686500,-0.02477144237672635,PETR4.SA,629,1366,55.720001220703125,53.0099983215332,-1.0
2017-02-07,3.682511568069458,3.797746634992449,3.682511568069458,3.78271610912322,29163900,-0.017380241417123687,PETR4.SA,628,1365,55.04999923706055,52.16999816894531,-1.0
2017-02-08,3.782716751098633,3.782716751098633,3.574792609675009,3.7000481280702497,58912900,0.02721109796315102,PETR4.SA,627,1364,55.119998931884766,52.34000015258789,-1.0
2017-02-09,3.770190715789795,3.8177877021610027,3.7476446868591493,3.8027571754778484,33910300,-0.003311386004569261,PETR4.SA,626,1363,55.630001068115234,53.0,-1.0
2017-02-10,3.902963399887085,3.9154890042119357,3.792738607421669,3.8077691414866646,44467000,0.03521643707338984,PETR4.SA,625,1362,56.70000076293945,53.86000061035156,-1.0
2017-02-13,3.912982940673828,3.985631142456215,3.8954472419730375,3.950559745054634,36439100,0.0025671623738601212,PETR4.SA,622,1359,55.59000015258789,52.93000030517578,-1.0
2017-02-14,3.9630846977233887,3.9956511625894815,3.8979520068971554,3.9430438330220934,34417400,0.012803980443863772,PETR4.SA,621,1358,55.970001220703125,53.20000076293945,-1.0
2017-02-15,3.968095541000366,4.020702638391963,3.953064771098494,3.985631240130899,47953300,0.0012643795576350314,PETR4.SA,620,1357,55.75,53.11000061035156,-1.0
2017-02-16,3.973104476928711,4.025711797847893,3.945548352220915,3.968094381029981,37276900,0.001262302249678715,PETR4.SA,619,1356,55.650001525878906,53.36000061035156,-1.0
2017-02-17,3.9104793071746826,3.983127537466131,3.9079743770244106,3.943045788188928,24866600,-0.015762276103657546,PETR4.SA,618,1355,55.810001373291016,53.400001525878906,-1.0
2017-02-20,3.988135814666748,4.003166343425477,3.920497718534629,3.943043750578669,33514000,0.019858564997284667,PETR4.SA,615,1352,55.810001373291016,53.400001525878906,-1.0
2017-02-21,4.030723571777344,4.0657949723080415,4.018198208105522,4.033228740074107,33685800,0.010678612537209808,PETR4.SA,614,1351,56.65999984741211,54.060001373291016,-1.0
2017-02-22,3.9330241680145264,4.013187881365805,3.9004576967946316,4.008177544759976,45255400,-0.024238676263214187,PETR4.SA,613,1350,55.84000015258789,53.59000015258789,-1.0
2017-02-23,3.897951602935791,4.033227545103286,3.877910501405488,3.9931455809486085,41208700,-0.008917454757579213,PETR4.SA,612,1349,56.58000183105469,54.45000076293945,-1.0
2017-02-24,3.802757978439331,3.875406176496856,3.782717112692839,3.845344877877118,30412200,-0.024421448543579527,PETR4.SA,611,1348,55.9900016784668,53.9900016784668,-1.0
2017-03-01,3.8879318237304688,3.8954470887486323,3.837829419860133,3.8854266557557584,25661000,0.022397913770492828,PETR4.SA,606,1343,55.599998474121094,53.83000183105469,-1.0
2017-03-02,3.7852225303649902,3.8703963402356267,3.7551612278646465,3.867891171967433,38490800,-0.026417462553890436,PETR4.SA,605,1342,55.08000183105469,52.61000061035156,-1.0
2017-03-03,3.837829828262329,3.842840164744924,3.7676867898479505,3.8127788625673333,24516800,0.013898072695944341,PETR4.SA,604,1341,55.900001525878906,53.33000183105469,-1.0
2017-03-06,3.782716751098633,3.8754058060423975,3.76768598377259,3.785221679898022,23325000,-0.014360479653849123,PETR4.SA,601,1338,56.0099983215332,53.20000076293945,-1.0
2017-03-07,3.802757978439331,3.8528601428055613,3.7877272096764796,3.802757978439331,30927300,0.005298104156193473,PETR4.SA,600,1337,55.91999816894531,53.13999938964844,-1.0
2017-03-08,3.6449358463287354,3.802757837408787,3.6449358463287354,3.797747501704997,49300700,-0.04150201853639046,PETR4.SA,599,1336,53.11000061035156,50.279998779296875,-1.0
2017-03-09,3.6324102878570557,3.654956320972156,3.5497416590389923,3.592328557388414,46467600,-0.0034364276902968394,PETR4.SA,598,1335,52.189998626708984,49.279998779296875,-1.0
2017-03-10,3.5848135948181152,3.7276048313751,3.567277657080501,3.6875230975279445,42454600,-0.013103336150669276,PETR4.SA,597,1334,51.369998931884766,48.4900016784668,-1.0
2017-03-13,3.599843978881836,3.6073592439454725,3.547236645624441,3.5898235458283305,28295100,0.004192793757936908,PETR4.SA,594,1331,51.349998474121094,48.400001525878906,-1.0
2017-03-14,3.404444932937622,3.532205615462939,3.4044449329376216,3.5246901125572605,67172700,-0.05427986520818817,PETR4.SA,593,1330,50.91999816894531,47.720001220703125,1.0
2017-03-15,3.5572574138641357,3.5572574138641357,3.3944253016751613,3.4720836054307678,55593200,0.04488616615533125,PETR4.SA,592,1329,51.810001373291016,48.86000061035156,1.0
2017-03-16,3.4345061779022217,3.58731781784,3.426990914011756,3.5722872900590676,35362300,-0.03450726829143724,PETR4.SA,591,1328,51.7400016784668,48.75,1.0
2017-03-17,3.2967255115509033,3.477093541654195,3.2691693809555806,3.4595578439031676,81797400,-0.04011658713494415,PETR4.SA,590,1327,51.7599983215332,48.779998779296875,1.0
2017-03-20,3.406949996948242,3.4244856920495956,3.2340972578700216,3.2516329529713754,52351600,0.03343453527178397,PETR4.SA,587,1324,51.619998931884766,48.220001220703125,1.0
2017-03-21,3.256643533706665,3.4144655182396244,3.211551469866978,3.409455182743683,46384300,-0.0441176017776056,PETR4.SA,586,1323,50.959999084472656,47.34000015258789,1.0
2017-03-22,3.4219810962677,3.437011865227436,3.2641590972673318,3.3067459972629534,62807700,0.05076931535483409,PETR4.SA,585,1322,50.63999938964844,48.040000915527344,1.0
2017-03-23,3.399435520172119,3.4620632946124665,3.361858951070311,3.3768894831486342,36467200,-0.006588457230278455,PETR4.SA,584,1321,50.560001373291016,47.70000076293945,1.0
2017-03-24,3.376889228820801,3.4495376710499017,3.341817830675422,3.4320017330712305,30084700,-0.006632363290178467,PETR4.SA,583,1320,50.79999923706055,47.970001220703125,1.0
2017-03-27,3.4495372772216797,3.454547373996461,3.2616539895012644,3.3167662485536322,32021200,0.021513305139193806,PETR4.SA,580,1317,50.75,47.72999954223633,1.0
2017-03-28,3.494629144668579,3.534710874959179,3.4495373175446336,3.4821035442262773,44850600,0.013071859737436187,PETR4.SA,579,1316,51.33000183105469,48.369998931884766,1.0
2017-03-29,3.619884967803955,3.6299054011974325,3.489619333688746,3.5171754657943155,43051400,0.03584237924830069,PETR4.SA,578,1315,52.41999816894531,49.5099983215332,-1.0
2017-03-30,3.619884967803955,3.667482205602456,3.5948340037732494,3.6449361707406376,32928600,0.0,PETR4.SA,577,1314,52.959999084472656,50.349998474121094,-1.0
2017-03-31,3.6299054622650146,3.669987196513239,3.5722880290096883,3.597338993461838,33553000,0.0027681803566090846,PETR4.SA,576,1313,52.83000183105469,50.599998474121094,-1.0
2017-04-03,3.6749978065490723,3.695038675166308,3.6399261670159104,3.6424313353195648,39427200,0.012422456935261561,PETR4.SA,573,1310,53.119998931884766,50.2400016784668,-1.0
2017-04-04,3.720088481903076,3.7301089124447273,3.64994522920561,3.674996425012692,24132000,0.012269578848087992,PETR4.SA,572,1309,54.16999816894531,51.029998779296875,-1.0
2017-04-05,3.6499462127685547,3.7977477822659123,3.6324105143217404,3.770191650577208,49920900,-0.018855000217263385,PETR4.SA,571,1308,54.36000061035156,51.150001525878906,-1.0
2017-04-06,3.639925956726074,3.72509976288157,3.612369823695879,3.66247199234441,34602700,-0.002745316083680005,PETR4.SA,570,1307,54.88999938964844,51.70000076293945,-1.0
2017-04-07,3.682511568069458,3.7326137191433886,3.6574606119854436,3.659965540359714,33024900,0.011699581763384925,PETR4.SA,569,1306,55.2400016784668,52.2400016784668,-1.0
2017-04-10,3.742635488510132,3.7426354885101323,3.682512885708954,3.7326150547099357,37906000,0.01632687890569029,PETR4.SA,566,1303,55.97999954223633,53.08000183105469,-1.0
2017-04-11,3.6775028705596924,3.7551611745226112,3.644936400253761,3.7501510769633866,38593200,-0.01740287509975158,PETR4.SA,565,1302,56.22999954223633,53.400001525878906,-1.0
2017-04-12,3.6699867248535156,3.7150787895406117,3.6524510281000677,3.6574613636901674,42628900,-0.0020438177673082203,PETR4.SA,564,1301,55.86000061035156,53.11000061035156,-1.0
2017-04-13,3.5271952152252197,3.6800068545703626,3.5271952152252197,3.6699864231199584,44572600,-0.03890790902901575,PETR4.SA,563,1300,55.88999938964844,53.18000030517578,1.0
2017-04-17,3.5772974491119385,3.5948333837052573,3.4996391634341553,3.542226057737173,46459500,0.014204553711813617,PETR4.SA,559,1296,55.36000061035156,52.650001525878906,-1.0
2017-04-18,3.532205820083618,3.599843677811442,3.494629020096206,3.5447311811734736,45349800,-0.012604942605349834,PETR4.SA,558,1295,54.88999938964844,52.40999984741211,1.0
2017-04-19,3.406949996948242,3.5772973295615045,3.39442439805902,3.5672768982313126,41014100,-0.035461077161242804,PETR4.SA,557,1294,52.93000030517578,50.439998626708984,1.0
2017-04-20,3.4770936965942383,3.4821037937866555,3.414465928800191,3.4570528300126213,28227600,0.020588414772399588,PETR4.SA,556,1293,52.9900016784668,50.27000045776367,1.0
2017-04-24,3.514669418334961,3.547235878441997,3.4871132931240454,3.5397206150037324,27546200,0.01080664630278072,PETR4.SA,552,1289,51.599998474121094,49.22999954223633,1.0
2017-04-25,3.5923287868499756,3.5923287868499756,3.4570528184245193,3.4821037821145824,32268100,0.022095781785305135,PETR4.SA,551,1288,52.099998474121094,49.560001373291016,-1.0
2017-04-26,3.5071544647216797,3.6299048136495133,3.5071544647216797,3.547236191807835,37045000,-0.023710057509235716,PETR4.SA,550,1287,51.81999969482422,49.619998931884766,1.0
2017-04-27,3.43951678276062,3.514670149495247,3.3969301218138304,3.504649716524361,29078500,-0.019285629601269116,PETR4.SA,549,1286,51.439998626708984,48.970001220703125,1.0
2017-04-28,3.4996399879455566,3.532206458256133,3.4294967108584733,3.4695786858679463,31061200,0.017480131362138662,PETR4.SA,548,1285,51.72999954223633,49.33000183105469,1.0
2017-05-02,3.504650592803955,3.5923295824013546,3.469579188089817,3.522186534067051,37830100,0.001431748658621279,PETR4.SA,544,1281,50.459999084472656,47.65999984741211,1.0
2017-05-03,3.547236919403076,3.569782955240077,3.494629582085404,3.5171756179224043,38357600,0.012151375856572777,PETR4.SA,543,1280,50.790000915527344,47.81999969482422,1.0
2017-05-04,3.406949996948242,3.507154310250161,3.4019396618301823,3.507154310250161,37695400,-0.03954822461603191,PETR4.SA,542,1279,48.380001068115234,45.52000045776367,1.0
2017-05-05,3.559762954711914,3.559762954711914,3.421981793641786,3.4294970602002244,32788100,0.044853302191271816,PETR4.SA,541,1278,49.099998474121094,46.220001220703125,1.0
2017-05-08,3.5271952152252197,3.5948333066948943,3.5021440171462443,3.539720814264707,36464300,-0.009148850611972792,PETR4.SA,538,1275,49.34000015258789,46.43000030517578,1.0
2017-05-09,3.542226552963257,3.5672775161752415,3.5171753508453025,3.5447314820502767,28008600,0.004261555377812476,PETR4.SA,537,1274,48.72999954223633,45.880001068115234,1.0
2017-05-10,3.690027952194214,3.695038288276914,3.5848135224232145,3.5923287876412915,46271700,0.04172556357450197,PETR4.SA,536,1273,50.220001220703125,47.33000183105469,-1.0
2017-05-11,3.712573528289795,3.7376247277977845,3.6674817036437353,3.7276042957757776,29318000,0.006109865938054737,PETR4.SA,535,1272,50.77000045776367,47.83000183105469,-1.0
2017-05-12,3.8703954219818115,3.9029618850239345,3.845344461961213,3.8829210214450804,83518200,0.042510105857679115,PETR4.SA,534,1271,50.84000015258789,47.84000015258789,-1.0
2017-05-15,3.9280126094818115,3.9756095950058175,3.9204971073680923,3.9505586380111493,46914700,0.014886641083948327,PETR4.SA,531,1268,51.81999969482422,48.849998474121094,-1.0
2017-05-16,3.9330241680145264,3.9530650366258464,3.887932333092056,3.9505601072289305,34469300,0.0012758509279267027,PETR4.SA,530,1267,51.650001525878906,48.65999984741211,-1.0
2017-05-17,3.9104793071746826,3.938035688982313,3.8854283333294664,3.89795393970511,30023400,-0.005732194839581872,PETR4.SA,529,1266,52.209999084472656,49.06999969482422,-1.0
2017-05-18,3.294220447540283,3.5071549508317417,3.1188627477798905,3.1188627477798905,142924900,-0.1575916431788117,PETR4.SA,528,1265,52.5099983215332,49.349998474121094,-1.0
2017-05-19,3.4119608402252197,3.4821038748947104,3.3718791061283686,3.444527308905407,70983900,0.035741503812487974,PETR4.SA,527,1264,53.61000061035156,50.33000183105469,-1.0
2017-05-22,3.3568484783172607,3.38440485085342,3.2566441388384733,3.344323115061905,55014900,-0.01615269473735259,PETR4.SA,524,1261,53.869998931884766,50.72999954223633,-1.0
2017-05-23,3.37939453125,3.4069509039233417,3.351838397482649,3.3693740972522366,48520100,0.006716434500505519,PETR4.SA,523,1260,54.150001525878906,51.470001220703125,-1.0
2017-05-24,3.519681215286255,3.5297016503350105,3.429497060941435,3.444527832967577,54065800,0.04151237233149119,PETR4.SA,522,1259,53.959999084472656,51.36000061035156,-1.0
2017-05-25,3.4420220851898193,3.554752020242486,3.4144659531699157,3.499639756202679,45030800,-0.022064251091591935,PETR4.SA,521,1258,51.459999084472656,48.900001525878906,-1.0
2017-05-26,3.4269914627075195,3.4545475939885297,3.356848192146089,3.3743841292394317,63326900,-0.004366800128033144,PETR4.SA,520,1257,52.150001525878906,49.79999923706055,-1.0
2017-05-29,3.4269914627075195,3.42699146270752,3.42699146270752,3.42699146270752,0,0.0,PETR4.SA,517,1254,52.150001525878906,49.79999923706055,-1.0
2017-05-30,3.346827983856201,3.4169712591290993,3.346827983856201,3.394425223427524,34663800,-0.023391794150541823,PETR4.SA,516,1253,51.84000015258789,49.65999984741211,-1.0
2017-05-31,3.2466225624084473,3.334301507777775,3.244117395076545,3.3092503122705654,45628800,-0.02994041580000706,PETR4.SA,515,1252,50.310001373291016,48.31999969482422,-1.0
2017-06-01,3.211552143096924,3.329292423967749,3.211552143096924,3.2967259531351383,42873400,-0.0108021239418441,PETR4.SA,514,1251,50.33000183105469,48.36000061035156,1.0
2017-06-02,3.2691686153411865,3.2691686153411865,3.1764795735120255,3.204035697653914,43192600,0.017940381995075638,PETR4.SA,513,1250,49.95000076293945,47.65999984741211,-1.0
2017-06-05,3.3017358779907227,3.3167664079433243,3.236602944446871,3.2466233773839277,31419400,0.009961940322291252,PETR4.SA,510,1247,49.470001220703125,47.400001525878906,-1.0
2017-06-06,3.3017358779907227,3.3393124417781936,3.264159075297285,3.3142612399825686,35558700,0.0,PETR4.SA,509,1246,50.119998931884766,48.189998626708984,-1.0
2017-06-07,3.224076747894287,3.3418169923314265,3.2090462207186055,3.326786226249823,44355600,-0.02352069728354378,PETR4.SA,508,1245,48.060001373291016,45.720001220703125,1.0
2017-06-08,3.216562271118164,3.246623571728822,3.183995802396789,3.2015315013598444,27749200,-0.002330737561080376,PETR4.SA,507,1244,47.86000061035156,45.63999938964844,1.0
2017-06-09,3.219067096710205,3.281694859378451,3.214056761021887,3.2466232262780896,30382100,0.0007787275298638541,PETR4.SA,506,1243,48.150001525878906,45.83000183105469,1.0
2017-06-12,3.2315926551818848,3.2641591224239934,3.1990264268457462,3.249128592254386,30680700,0.0038910523127897445,PETR4.SA,503,1240,48.290000915527344,46.08000183105469,1.0
2017-06-13,3.2416129112243652,3.261654015199255,3.19902625213235,3.2441180790844713,22891000,0.003100717544463061,PETR4.SA,502,1239,48.720001220703125,46.459999084472656,-1.0
2017-06-14,3.161450147628784,3.2666648318795337,3.158944979216621,3.241613625569923,67382800,-0.024729283165800142,PETR4.SA,501,1238,47.0,44.72999954223633,1.0
2017-06-15,3.161450147628784,3.161450147628784,3.161450147628784,3.161450147628784,0,0.0,PETR4.SA,500,1237,46.91999816894531,44.459999084472656,1.0
2017-06-16,3.076275587081909,3.153934116690139,3.058739890259966,3.151428948885304,73551400,-0.02694161114979443,PETR4.SA,499,1236,47.369998931884766,44.7400016784668,1.0
2017-06-19,3.0787811279296875,3.123873198256531,3.061245428983017,3.083791464146439,45926200,0.0008144721683258638,PETR4.SA,496,1233,46.90999984741211,44.20000076293945,1.0
2017-06-20,2.9710612297058105,3.0386993338614743,2.946010265834287,3.036194165802529,54014700,-0.03498783893621982,PETR4.SA,495,1232,46.02000045776367,43.22999954223633,1.0
2017-06-21,2.9159493446350098,3.0361945602128624,2.9034237416191484,2.9936076533025378,58778300,-0.018549562196756852,PETR4.SA,494,1231,44.81999969482422,42.529998779296875,1.0
2017-06-22,3.016153573989868,3.0161535739898677,2.935990100046535,2.9460105342894516,42284600,0.03436418727205326,PETR4.SA,493,1230,45.220001220703125,42.7400016784668,1.0
2017-06-23,2.988598108291626,3.0437103895068613,2.9735673341108932,3.033689953021723,33601000,-0.009135962417785914,PETR4.SA,492,1229,45.540000915527344,43.0099983215332,1.0
2017-06-26,3.073770523071289,3.0812857872494996,3.0161528606225,3.031183627884862,42731300,0.02849911955152451,PETR4.SA,489,1226,45.83000183105469,43.380001068115234,1.0
2017-06-27,3.0587401390075684,3.1263780028970087,3.0386992727509954,3.0913066064009915,45097600,-0.004889884898988006,PETR4.SA,488,1225,46.650001525878906,44.2400016784668,1.0
2017-06-28,3.0261733531951904,3.0862959456387107,3.0086376567923168,3.0737705847257697,32077400,-0.010647124087809767,PETR4.SA,487,1224,47.310001373291016,44.7400016784668,1.0
2017-06-29,3.0512242317199707,3.081285524778059,3.0286782021999246,3.0712650937586963,24380300,0.00827807121437063,PETR4.SA,486,1223,47.41999816894531,44.93000030517578,1.0
2017-06-30,3.0988214015960693,3.1263775287935807,3.053729339903837,3.0687601067698926,29687600,0.015599368077012121,PETR4.SA,485,1222,47.91999816894531,46.040000915527344,1.0
2017-07-03,3.0963170528411865,3.1088426553911863,3.0612456523883855,3.0762761843235866,31542500,-0.0008081616945051495,PETR4.SA,482,1219,49.68000030517578,47.06999969482422,1.0
2017-07-04,3.1138525009155273,3.1138525009155273,3.0862961318699993,3.0913064676622626,12523500,0.005663324451302687,PETR4.SA,481,1218,49.68000030517578,47.06999969482422,1.0
2017-07-05,3.0587401390075684,3.136398674931266,3.036194104742431,3.101327039529278,41958400,-0.017699092006366657,PETR4.SA,480,1217,47.790000915527344,45.130001068115234,1.0
2017-07-06,3.0487194061279297,3.096316399081042,3.0261733740795282,3.076275534794895,51976900,-0.003276098139834094,PETR4.SA,479,1216,48.11000061035156,45.52000045776367,1.0
2017-07-07,2.988598108291626,3.048720727202456,2.968557235321349,3.0387002907173173,42677000,-0.01972018077998905,PETR4.SA,478,1215,46.709999084472656,44.22999954223633,1.0
2017-07-10,3.0011215209960938,3.008637022646913,2.940998941224909,2.963544968365577,21748800,0.004190397052625583,PETR4.SA,475,1212,46.880001068115234,44.400001525878906,1.0
2017-07-11,3.088801383972168,3.1188626828273898,2.98108155056148,2.9936071514776477,45500900,0.02921569898541554,PETR4.SA,474,1211,47.52000045776367,45.040000915527344,1.0
2017-07-12,3.2416129112243652,3.2541385116189376,3.1338933212053397,3.166459786668845,66332200,0.049472759253844645,PETR4.SA,473,1210,47.7400016784668,45.4900016784668,1.0
2017-07-13,3.224076747894287,3.266663639735254,3.206541053220685,3.246622777563731,32983300,-0.005409703073848693,PETR4.SA,472,1209,48.41999816894531,46.08000183105469,1.0
2017-07-14,3.2691686153411865,3.2716737826920603,3.234096989146676,3.2466225869951377,35977500,0.013985978304130064,PETR4.SA,471,1208,48.90999984741211,46.540000915527344,1.0
2017-07-17,3.2290878295898438,3.2691695632014577,3.2240774934354035,3.264159227047017,28118700,-0.012260238142277613,PETR4.SA,468,1205,48.41999816894531,46.02000045776367,1.0
2017-07-18,3.2416129112243652,3.261654015199255,3.2140567814810717,3.256643679479043,19300700,0.0038788296557770163,PETR4.SA,467,1204,48.84000015258789,46.400001525878906,1.0
2017-07-19,3.3142621517181396,3.324282826317796,3.2491294391625978,3.256644706206308,36513700,0.02241144840033793,PETR4.SA,466,1203,49.70000076293945,47.119998931884766,1.0
2017-07-20,3.2816948890686035,3.3443226523034553,3.2641589529067945,3.32929188400847,30114300,-0.009826399107461414,PETR4.SA,465,1202,49.29999923706055,46.790000915527344,1.0
2017-07-21,3.1789848804473877,3.266663836919778,3.1739747840550447,3.2566434052291564,38738300,-0.031297854338422804,PETR4.SA,464,1201,48.060001373291016,45.77000045776367,1.0
2017-07-24,3.2265818119049072,3.23660224266928,3.1990256870293607,3.2140562137229627,16250400,0.01497236798773982,PETR4.SA,461,1198,48.599998474121094,46.34000015258789,1.0
2017-07-25,3.3117563724517822,3.3192716375676974,3.2591490388284323,3.2591490388284323,29930100,0.026397768757206785,PETR4.SA,460,1197,50.20000076293945,47.88999938964844,1.0
2017-07-26,3.2716739177703857,3.3418169341495085,3.251632817041862,3.331796503238205,29333000,-0.012103080714153558,PETR4.SA,459,1196,50.970001220703125,48.75,1.0
2017-07-27,3.256643533706665,3.2992304297983814,3.256643533706665,3.269169133540572,21825900,-0.004594096001463321,PETR4.SA,458,1195,51.4900016784668,49.040000915527344,1.0
2017-07-28,3.2892098426818848,3.2892098426818843,3.2340973493538816,3.251633044951273,20980200,0.009999961198747798,PETR4.SA,457,1194,52.52000045776367,49.709999084472656,1.0
2017-07-31,3.3292922973632812,3.334302633718997,3.274179791980343,3.3117565979302497,31397700,0.012186043639196509,PETR4.SA,454,1191,52.650001525878906,50.16999816894531,1.0
2017-08-01,3.2867047786712646,3.3368069383190395,3.27668434674171,3.331796841807233,22999400,-0.012791763200168615,PETR4.SA,453,1190,52.630001068115234,49.15999984741211,1.0
2017-08-02,3.3844048976898193,3.4094558634531986,3.276685052079907,3.289210654414594,46342000,0.029725857841741643,PETR4.SA,452,1189,52.36000061035156,49.59000015258789,1.0
2017-08-03,3.3343026638031006,3.421981400665335,3.334302663803101,3.399435364673164,31300700,-0.014803853380816911,PETR4.SA,451,1188,52.0099983215332,49.029998779296875,1.0
2017-08-04,3.3568484783172607,3.3768893462130185,3.3217770789526804,3.359353646530728,21560500,0.006761778035004218,PETR4.SA,450,1187,52.41999816894531,49.58000183105469,1.0
2017-08-07,3.3944246768951416,3.4119603734369712,3.3393121805988883,3.344322516128524,29832200,0.01119389177694341,PETR4.SA,447,1184,52.369998931884766,49.38999938964844,1.0
2017-08-08,3.37939453125,3.4294967012388153,3.3718792654781753,3.3818996994759383,28907900,-0.004427891933336259,PETR4.SA,446,1183,52.13999938964844,49.16999816894531,1.0
2017-08-09,3.386908769607544,3.4094545584934455,3.3668676701991274,3.3844036023182538,26980300,0.0022235457529620195,PETR4.SA,445,1182,52.70000076293945,49.560001373291016,1.0
2017-08-10,3.3042404651641846,3.4219807191717915,3.294220033263916,3.40695019077436,56194400,-0.02440818754410634,PETR4.SA,444,1181,51.900001525878906,48.59000015258789,1.0
2017-08-11,3.2441184520721436,3.3067462223395823,3.2416132839240097,3.2917156912627483,43025100,-0.0181954109350978,PETR4.SA,443,1180,52.099998474121094,48.81999969482422,1.0
2017-08-14,3.2766852378845215,3.311756878629184,3.2340983308752906,3.2516340317946186,31607400,0.010038716617013943,PETR4.SA,440,1177,50.72999954223633,47.59000015258789,1.0
2017-08-15,3.294220447540283,3.3167664818777283,3.2691694840922105,3.2766847492360354,24737300,0.005351508729926957,PETR4.SA,439,1176,50.79999923706055,47.54999923706055,1.0
2017-08-16,3.2892098426818848,3.351837599993636,3.281694578698136,3.33179673676635,44946600,-0.0015210290076791422,PETR4.SA,438,1175,50.27000045776367,46.779998779296875,1.0
2017-08-17,3.2691686153411865,3.3217759351799976,3.2616533521944726,3.2867043089854873,23503300,-0.006093021819598254,PETR4.SA,437,1174,51.029998779296875,47.09000015258789,1.0
2017-08-18,3.406949996948242,3.4069499969482417,3.296725013410203,3.296725013410203,66263500,0.04214569446203864,PETR4.SA,436,1173,52.720001220703125,48.5099983215332,1.0
2017-08-21,3.341817617416382,3.4219810810970017,3.3267868485232825,3.416970984069946,40485900,-0.019117503805515912,PETR4.SA,433,1170,51.65999984741211,47.369998931884766,1.0
2017-08-22,3.4545469284057617,3.4745877907317912,3.416970371270938,3.432000898562498,55240700,0.033732933359939876,PETR4.SA,432,1169,51.869998931884766,47.63999938964844,1.0
2017-08-23,3.4470326900482178,3.4896195948845956,3.4194763169740945,3.4520427876669713,47679700,-0.0021751733333701395,PETR4.SA,431,1168,52.56999969482422,48.40999984741211,1.0
2017-08-24,3.4570529460906982,3.4795989814785435,3.426991645208899,3.452042609824074,32300600,0.00290692225559952,PETR4.SA,430,1167,52.040000915527344,47.43000030517578,1.0
2017-08-25,3.4770936965942383,3.4921242270774644,3.459557998061817,3.4745885285450426,24185600,0.005797062068778169,PETR4.SA,429,1166,52.40999984741211,47.869998931884766,1.0
2017-08-28,3.47458815574646,3.51466988460921,3.4470320268798065,3.4896189235229658,27208100,-0.0007205847947763244,PETR4.SA,426,1163,51.88999938964844,46.56999969482422,1.0
2017-08-29,3.4695780277252197,3.4695780277252197,3.4269911314670627,3.4470319957172606,27306400,-0.0014419343521200334,PETR4.SA,425,1162,52.0,46.439998626708984,1.0
2017-08-30,3.369373321533203,3.482103237781122,3.3668681538840204,3.4545471103579217,58871700,-0.02888094903509475,PETR4.SA,424,1161,50.86000061035156,45.959999084472656,1.0
2017-08-31,3.4194767475128174,3.4495382926342972,3.3743849076426473,3.3894154412973623,82909400,0.014870250696000342,PETR4.SA,423,1160,52.380001068115234,47.22999954223633,1.0
2017-09-01,3.5121655464172363,3.554752211316751,3.4620631380065343,3.469578642611733,60260300,0.027106135162883183,PETR4.SA,422,1159,52.31999969482422,47.290000915527344,1.0
2017-09-04,3.5497419834136963,3.5522471515233973,3.4921243114204636,3.4971346476398666,18139300,0.010698936738557707,PETR4.SA,419,1156,52.31999969482422,47.290000915527344,1.0
2017-09-05,3.6098647117614746,3.669987315076136,3.5647726398224844,3.6499464473045826,56476800,0.016937210825097804,PETR4.SA,418,1155,53.380001068115234,48.65999984741211,1.0
2017-09-06,3.7626757621765137,3.762675762176514,3.6349150803233874,3.6699864714082926,68418200,0.0423315172774088,PETR4.SA,417,1154,54.20000076293945,49.15999984741211,1.0
2017-09-07,3.7626757621765137,3.762675762176514,3.762675762176514,3.762675762176514,0,0.0,PETR4.SA,416,1153,54.4900016784668,49.09000015258789,1.0
2017-09-08,3.6850178241729736,3.7952425891040646,3.6800074881322105,3.782717226814101,36337400,-0.020639019387261537,PETR4.SA,415,1152,53.779998779296875,47.47999954223633,1.0
2017-09-11,3.7551608085632324,3.7701915775880654,3.7100689793006705,3.727604677408002,34915900,0.01903463910815706,PETR4.SA,412,1149,53.84000015258789,48.06999969482422,1.0
2017-09-12,3.7250993251800537,3.797747520910711,3.7225941573154895,3.7526554549723867,49702800,-0.008005378442016875,PETR4.SA,411,1148,54.27000045776367,48.22999954223633,1.0
2017-09-13,3.765181541442871,3.7827174798526055,3.710069274743669,3.742635505563203,37010200,0.010760039602670135,PETR4.SA,410,1147,55.15999984741211,49.29999923706055,1.0
2017-09-14,3.7676868438720703,3.822799351440897,3.762676746223629,3.7651816755948513,34413800,0.000665386888154984,PETR4.SA,409,1146,55.470001220703125,49.88999938964844,1.0
2017-09-15,3.7676868438720703,3.8002533147579225,3.7551612413919733,3.7752021097977293,47784700,0.0,PETR4.SA,408,1145,55.619998931884766,49.88999938964844,1.0
2017-09-18,3.7676868438720703,3.8052634124063633,3.7526560731147547,3.762676746223629,47601200,0.0,PETR4.SA,405,1142,55.47999954223633,49.90999984741211,1.0
2017-09-19,3.792738199234009,3.800253465457688,3.7376256894796853,3.782717764633769,35822100,0.006649001469610782,PETR4.SA,404,1141,55.13999938964844,49.47999954223633,1.0
2017-09-20,3.9756109714508057,3.9781161396893903,3.7752020515778857,3.8202941242484405,80267000,0.04821655558871174,PETR4.SA,403,1140,56.290000915527344,50.40999984741211,1.0
2017-09-21,3.9255082607269287,3.998156457301398,3.9029622274958933,3.970600327188999,46258800,-0.012602518476699243,PETR4.SA,402,1139,56.43000030517578,50.54999923706055,1.0
2017-09-22,3.9305176734924316,3.95807403771454,3.8653849919354437,3.907971883091504,40928300,0.0012761182585245834,PETR4.SA,401,1138,56.86000061035156,50.65999984741211,1.0
2017-09-25,3.968095541000366,3.998156841898129,3.933023903833319,3.9555699392331363,36733200,0.009560539000081691,PETR4.SA,398,1135,59.02000045776367,52.220001220703125,1.0
2017-09-26,3.897951602935791,3.983125149636421,3.8979516029357906,3.9731047183242336,37874200,-0.017676978122077136,PETR4.SA,397,1134,58.439998626708984,51.880001068115234,1.0
2017-09-27,3.835324764251709,3.938034269478388,3.7852223568090495,3.9330239331717287,41819300,-0.016066602427006527,PETR4.SA,396,1133,57.900001525878906,52.13999938964844,1.0
2017-09-28,3.842839241027832,3.8829209676300307,3.8127779460761824,3.85035450503926,33829000,0.001959280435952726,PETR4.SA,395,1132,57.40999984741211,51.560001373291016,1.0
2017-09-29,3.8328189849853516,3.887931481041429,3.832818984985351,3.8829211455336283,28638300,-0.002607513719413479,PETR4.SA,394,1131,57.540000915527344,51.66999816894531,1.0
2017-10-02,3.8578708171844482,3.857870817184448,3.772697244467181,3.805263476999842,29826200,0.006536137578433632,PETR4.SA,391,1128,56.119998931884766,50.58000183105469,1.0
2017-10-03,4.003166198730469,4.003166198730469,3.887931352725573,3.9079722162834627,50636700,0.037662065017527,PETR4.SA,390,1127,56.0,50.41999816894531,1.0
2017-10-04,3.9230031967163086,3.993146227254538,3.920498028756309,3.9831257943205056,47798600,-0.020024899800458518,PETR4.SA,389,1126,55.79999923706055,49.97999954223633,1.0
2017-10-05,3.983126401901245,4.035733981462064,3.970601038002577,3.9781163041229783,55361300,0.015325810908148663,PETR4.SA,388,1125,57.0,50.790000915527344,1.0
2017-10-06,3.9305176734924316,3.950558774247564,3.8929411172516337,3.9230024100254552,41741300,-0.013207898294089304,PETR4.SA,387,1124,55.619998931884766,49.290000915527344,1.0
2017-10-09,3.9806203842163086,3.980620384216308,3.905467026840215,3.9104771232487883,27904700,0.012747102261305487,PETR4.SA,384,1121,55.790000915527344,49.58000183105469,1.0
2017-10-10,4.055774211883545,4.055774211883545,4.010682144448008,4.04074320419708,47066600,0.01887992835620067,PETR4.SA,383,1120,56.61000061035156,50.91999816894531,1.0
2017-10-11,4.028217792510986,4.070804691472716,4.010682094905319,4.05076382595025,40422100,-0.006794367223850184,PETR4.SA,382,1119,56.939998626708984,51.29999923706055,1.0
2017-10-12,4.028217792510986,4.028217792510986,4.028217792510986,4.028217792510986,0,0.0,PETR4.SA,381,1118,56.25,50.599998474121094,1.0
2017-10-13,4.028217792510986,4.080825363139911,4.0232074566773885,4.0657943556391185,24210000,0.0,PETR4.SA,380,1117,57.16999816894531,51.45000076293945,1.0
2017-10-16,4.038238048553467,4.073309440155173,4.0081765144578085,4.048258241377437,44699700,0.0024875159583250817,PETR4.SA,377,1114,57.81999969482422,51.869998931884766,1.0
2017-10-17,4.04074239730835,4.0632884265239415,4.0257118704352335,4.043247564755842,25524800,0.0006201587733987157,PETR4.SA,376,1113,57.880001068115234,51.880001068115234,1.0
2017-10-18,4.048258304595947,4.078319839161053,4.0407428015017,4.063288832972559,25706200,0.0018600312884593517,PETR4.SA,375,1112,58.150001525878906,52.040000915527344,1.0
2017-10-19,4.04575252532959,4.048257692648983,3.9831247757801784,4.008175971162305,24672800,-0.0006189771199907046,PETR4.SA,374,1111,57.22999954223633,51.290000915527344,1.0
2017-10-20,4.063290119171143,4.105877027895288,4.05076475452782,4.055775091509962,32417500,0.004334816262673957,PETR4.SA,373,1110,57.75,51.470001220703125,1.0
2017-10-23,4.058279514312744,4.080825548777633,4.0382386478786145,4.080825548777633,29389900,-0.00123313982301132,PETR4.SA,370,1107,57.369998931884766,51.900001525878906,1.0
2017-10-24,4.1359381675720215,4.1359381675720215,4.038238995033245,4.080825899593325,46249500,0.01913585621330194,PETR4.SA,369,1106,58.33000183105469,52.470001220703125,1.0
2017-10-25,4.188546180725098,4.191051349517535,4.120908534577651,4.140949407105059,37608200,0.012719729121085876,PETR4.SA,368,1105,58.439998626708984,52.18000030517578,-1.0
2017-10-26,4.191050052642822,4.231131785294784,4.173514354334082,4.203575892729025,37848300,0.0005977902139999713,PETR4.SA,367,1104,59.29999923706055,52.63999938964844,-1.0
2017-10-27,4.266204357147217,4.281234889895852,4.171009868177813,4.201071411487104,45640100,0.017932094239008878,PETR4.SA,366,1103,60.439998626708984,53.900001525878906,-1.0
2017-10-30,4.203576564788818,4.301275744021441,4.193555891117771,4.251173331290239,55355600,-0.014679979465464954,PETR4.SA,363,1100,60.900001525878906,54.150001525878906,-1.0
2017-10-31,4.201071262359619,4.24616333681689,4.188545420670375,4.233637495127645,32249000,-0.0005959930527220658,PETR4.SA,362,1099,61.369998931884766,54.380001068115234,-1.0
2017-11-01,4.233637809753418,4.283740224609782,4.228627472705374,4.256183848657578,38876600,0.007751962620959452,PETR4.SA,361,1098,61.290000915527344,54.29999923706055,-1.0
2017-11-02,4.233637809753418,4.233637809753418,4.233637809753418,4.233637809753418,0,0.0,PETR4.SA,360,1097,60.619998931884766,54.540000915527344,-1.0
2017-11-03,4.24365758895874,4.261193287116977,4.178524654505336,4.24866744713828,32605400,0.0023667067556507604,PETR4.SA,359,1096,62.06999969482422,55.63999938964844,-1.0
2017-11-06,4.366408824920654,4.368913993416142,4.25367863168386,4.271214333340242,46056100,0.028925810668912533,PETR4.SA,356,1093,64.2699966430664,57.349998474121094,-1.0
2017-11-07,4.133432388305664,4.346366879629248,4.133432388305664,4.33634620812606,61098400,-0.05335653301296717,PETR4.SA,355,1092,63.689998626708984,57.20000076293945,1.0
2017-11-08,4.246163368225098,4.246163368225098,4.135938349604453,4.181030424395263,41179600,0.027272970579698574,PETR4.SA,354,1091,63.4900016784668,56.810001373291016,-1.0
2017-11-09,4.188546180725098,4.243658938534539,4.188546180725098,4.2311330945723515,29399400,-0.013569234742864866,PETR4.SA,353,1090,63.93000030517578,57.16999816894531,-1.0
2017-11-10,4.188546180725098,4.211092222044943,4.135939069520185,4.1860410119326605,35959400,0.0,PETR4.SA,352,1089,63.52000045776367,56.7400016784668,-1.0
2017-11-13,4.168503761291504,4.201070465695795,4.10587599815762,4.181029600605429,28697700,-0.00478505394683848,PETR4.SA,349,1086,63.15999984741211,56.7599983215332,-1.0
2017-11-14,3.845344305038452,4.168503276786328,3.827808370943116,4.168503276786328,88765600,-0.07752408891984042,PETR4.SA,348,1085,62.209999084472656,55.70000076293945,1.0
2017-11-15,3.845344305038452,3.845344305038452,3.845344305038452,3.845344305038452,0,0.0,PETR4.SA,347,1084,61.869998931884766,55.33000183105469,1.0
2017-11-16,3.960580587387085,4.018198264491181,3.877911704775816,3.9129833447046574,42703800,0.02996774104145672,PETR4.SA,346,1083,61.36000061035156,55.13999938964844,1.0
2017-11-17,4.013186931610107,4.038238130898672,3.960579604228876,3.988135732321543,38376900,0.013282482974984244,PETR4.SA,345,1082,62.720001220703125,56.54999923706055,1.0
2017-11-20,4.013186931610107,4.013186931610107,4.013186931610107,4.013186931610107,0,0.0,PETR4.SA,342,1079,62.220001220703125,56.09000015258789,1.0
2017-11-21,3.983126401901245,4.085835914868744,3.970601038002577,4.0457541770185985,45817800,-0.007490438452315451,PETR4.SA,341,1078,62.56999969482422,56.83000183105469,1.0
2017-11-22,4.0357346534729,4.068300891719413,3.9906425714299725,4.030724315954334,37444900,0.013207778579797047,PETR4.SA,340,1077,63.31999969482422,58.02000045776367,1.0
2017-11-23,4.055774211883545,4.073309909705825,3.993146207719764,4.003166640604776,15403600,0.004965529236021338,PETR4.SA,339,1076,63.31999969482422,58.02000045776367,1.0
2017-11-24,4.033227920532227,4.100866017364962,4.018197391617807,4.070804481724224,18790700,-0.005559059793135646,PETR4.SA,338,1075,63.86000061035156,58.95000076293945,1.0
2017-11-27,3.9756109714508057,4.013187778311599,3.953064935115528,4.010682610073014,28445800,-0.014285567346220773,PETR4.SA,335,1072,63.84000015258789,58.11000061035156,1.0
2017-11-28,3.968095541000366,4.018197948069287,3.9605802755024215,3.990641576400184,30429600,-0.0018903837685347868,PETR4.SA,334,1071,63.61000061035156,57.9900016784668,1.0
2017-11-29,3.840334892272949,3.9881364698141106,3.837829724099645,3.975610867853574,45973000,-0.03219696890040313,PETR4.SA,333,1070,63.11000061035156,57.29999923706055,1.0
2017-11-30,3.852860689163208,3.8754067260516596,3.7551612756152504,3.832819820574806,52811400,0.0032616418207334075,PETR4.SA,332,1069,63.56999969482422,57.400001525878906,1.0
2017-12-01,3.9104793071746826,3.9505612953579563,3.8228005403573193,3.8428414149959207,42703800,0.014954762878797156,PETR4.SA,331,1068,63.4900016784668,58.36000061035156,1.0
2017-12-04,3.877911329269409,3.958075035786338,3.872901231996714,3.9204982311642214,43821500,-0.008328385179156905,PETR4.SA,328,1065,62.45000076293945,57.470001220703125,1.0
2017-12-05,3.835324764251709,3.9655904024470634,3.8102735605303795,3.8829217646350536,30228000,-0.010981830527239889,PETR4.SA,327,1064,62.86000061035156,57.619998931884766,1.0
2017-12-06,3.8879318237304688,3.9330236527454168,3.792737590845185,3.8127784568309324,39238500,0.013716454984229687,PETR4.SA,326,1063,61.220001220703125,55.959999084472656,1.0
2017-12-07,3.822798490524292,3.8804159144885606,3.7752012596003,3.8328189224705103,37281400,-0.016752694275302793,PETR4.SA,325,1062,62.20000076293945,56.689998626708984,1.0
2017-12-08,3.845344305038452,3.928012923654128,3.845344305038452,3.8854260305604855,39584500,0.005897725074979876,PETR4.SA,324,1061,63.400001525878906,57.36000061035156,1.0
2017-12-11,3.852860689163208,3.9004576923341623,3.850355520863158,3.8779116554457107,21281600,0.0019546712929989773,PETR4.SA,321,1058,64.69000244140625,57.9900016784668,1.0
2017-12-12,3.8804168701171875,3.8804168701171875,3.802758563135605,3.8478503985453623,36201200,0.007152135303382767,PETR4.SA,320,1057,63.34000015258789,57.13999938964844,1.0
2017-12-13,3.802757978439331,3.928013508807889,3.785222041731677,3.920498004973481,46828900,-0.020013028052707993,PETR4.SA,319,1056,62.439998626708984,56.599998474121094,1.0
2017-12-14,3.7601706981658936,3.835324056556578,3.757665530474818,3.7827167295736928,37177300,-0.011199050929587506,PETR4.SA,318,1055,63.310001373291016,57.040000915527344,1.0
2017-12-15,3.7451398372650146,3.817788026147801,3.7451398372650146,3.7701910357373967,55668300,-0.003997387913322825,PETR4.SA,317,1054,63.22999954223633,57.29999923706055,1.0
2017-12-18,3.8127782344818115,3.8403343638787364,3.790232201836167,3.797747466416064,42760400,0.018060312873708684,PETR4.SA,314,1051,63.40999984741211,57.15999984741211,1.0
2017-12-19,3.792738199234009,3.8202943346581684,3.772697330033529,3.8027586338342494,22639700,-0.00525601910611162,PETR4.SA,313,1050,63.79999923706055,57.459999084472656,1.0
2017-12-20,3.8177874088287354,3.832818173262944,3.8002517160770712,3.8102721460645785,20149700,0.006604518497951073,PETR4.SA,312,1049,64.55999755859375,58.09000015258789,1.0
2017-12-21,3.973104476928711,3.975609644331032,3.8328184470815003,3.8353236144838214,47219400,0.04068248214680592,PETR4.SA,311,1048,64.9000015258789,58.36000061035156,1.0
2017-12-22,3.9455480575561523,3.9806196818516626,3.930517293170678,3.9455480575561523,18708500,-0.00693573993147556,PETR4.SA,310,1047,65.25,58.470001220703125,1.0
2017-12-25,3.9455480575561523,3.9455480575561523,3.9455480575561523,3.9455480575561523,0,0.0,PETR4.SA,307,1044,65.25,58.470001220703125,1.0
2017-12-26,4.000661373138428,4.0056714697041365,3.9305181099709476,3.9455488774799634,22173100,0.013968481635074026,PETR4.SA,306,1043,67.0199966430664,59.970001220703125,1.0
2017-12-27,4.020702362060547,4.04324839591084,4.003166664135193,4.005671832097662,23552200,0.005009418956745559,PETR4.SA,305,1042,66.44000244140625,59.63999938964844,1.0
2017-12-28,4.033227920532227,4.040742946083487,4.0081767204669285,4.033227920532227,19011500,0.003115266275333095,PETR4.SA,304,1041,66.72000122070312,59.84000015258789,1.0
2017-12-29,4.033227920532227,4.033227920532227,4.033227920532227,4.033227920532227,0,0.0,PETR4.SA,303,1040,66.5999984741211,60.41999816894531,1.0
2018-01-02,4.1459574699401855,4.1459574699401855,4.055773821560219,4.055773821560219,33461800,0.0279502055497729,PETR4.SA,299,1036,66.56999969482422,60.369998931884766,1.0
2018-01-03,4.183535575866699,4.18854543474723,4.1008669316878725,4.130927996219079,55940900,0.009063794358473265,PETR4.SA,298,1035,67.83999633789062,61.630001068115234,1.0
2018-01-04,4.191050052642822,4.2486674836035245,4.163494160077063,4.203575892729025,37064900,0.0017962024320938852,PETR4.SA,297,1034,68.06999969482422,62.0099983215332,1.0
2018-01-05,4.21610164642334,4.223617151172795,4.150968705364017,4.183535414799672,26958200,0.005977402671371257,PETR4.SA,296,1033,67.62000274658203,61.439998626708984,1.0
2018-01-08,4.266204357147217,4.266204357147217,4.186040400926448,4.193555906206776,28400000,0.011883658157620713,PETR4.SA,293,1030,67.77999877929688,61.72999954223633,1.0
2018-01-09,4.266204357147217,4.298770591071262,4.248668178159784,4.266204357147217,35070900,0.0,PETR4.SA,292,1029,68.81999969482422,62.959999084472656,1.0
2018-01-10,4.208584785461426,4.271212538089196,4.201069760945666,4.2386463169599615,28547700,-0.013506050545670778,PETR4.SA,291,1028,69.19999694824219,63.56999969482422,1.0
2018-01-11,4.321315765380859,4.333841127199222,4.218606269472123,4.228626463364428,37921500,0.026785959096954137,PETR4.SA,290,1027,69.26000213623047,63.79999923706055,1.0
2018-01-12,4.333840370178223,4.3613967347394755,4.26369759174862,4.268707926725547,45912100,0.002898331313277547,PETR4.SA,289,1026,69.87000274658203,64.30000305175781,1.0
2018-01-15,4.346366882324219,4.368912915408455,4.296264480401044,4.338851378692167,28945400,0.0028903953713184105,PETR4.SA,286,1023,69.87000274658203,64.30000305175781,1.0
2018-01-16,4.421518802642822,4.469116023719583,4.333839862073563,4.346365698047335,58618300,0.01729074474228831,PETR4.SA,285,1022,69.1500015258789,63.72999954223633,1.0
2018-01-17,4.599383354187012,4.599383354187012,4.461601980315318,4.489158350652045,58488900,0.04022702593458982,PETR4.SA,284,1021,69.37999725341797,63.970001220703125,1.0
2018-01-18,4.564311504364014,4.64197027976494,4.491663542829016,4.596878210902968,48575800,-0.007625337381601538,PETR4.SA,283,1020,69.30999755859375,63.95000076293945,1.0
2018-01-19,4.574331283569336,4.61441300855343,4.516713863631183,4.586856643447422,33470200,0.0021952443858712645,PETR4.SA,282,1019,68.61000061035156,63.369998931884766,1.0
2018-01-22,4.62693977355957,4.62693977355957,4.531745767266403,4.574332672721451,33920000,0.01150080453927771,PETR4.SA,279,1016,69.02999877929688,63.4900016784668,1.0
2018-01-23,4.569321632385254,4.62443389303409,4.5091990359105445,4.6094033633683935,35567700,-0.01245275365449372,PETR4.SA,278,1015,69.95999908447266,64.47000122070312,1.0
2018-01-24,4.844883918762207,4.917531877402166,4.614413725394597,4.614413725394597,89768200,0.06030704523487551,PETR4.SA,277,1014,70.52999877929688,65.61000061035156,1.0
2018-01-25,4.844883918762207,4.844883918762206,4.844883918762206,4.844883918762206,0,0.0,PETR4.SA,276,1013,70.41999816894531,65.51000213623047,1.0
2018-01-26,4.992684841156006,5.005210201372721,4.784760708000238,4.915026556626274,81989500,0.030506597241974687,PETR4.SA,275,1012,70.5199966430664,66.13999938964844,1.0
2018-01-29,4.97264289855957,5.0227448063611515,4.902499654263245,4.927550847069916,55726200,-0.004014261511406603,PETR4.SA,272,1009,69.45999908447266,65.55999755859375,1.0
2018-01-30,4.8824591636657715,4.952602413250152,4.849892945030185,4.952602413250152,46203000,-0.01813597652868304,PETR4.SA,271,1008,69.0199966430664,64.5,1.0
2018-01-31,4.935068130493164,4.992685560288083,4.930057794560058,4.945088324547443,41576600,0.010775096127561667,PETR4.SA,270,1007,69.05000305175781,64.7300033569336,1.0
2018-02-01,5.140487194061279,5.165538396248358,4.950098726376202,4.950098726376202,51950200,0.04162436224514443,PETR4.SA,269,1006,69.08000183105469,65.80000305175781,1.0
2018-02-02,5.002705097198486,5.115435251825731,4.972644041172468,5.085373717987842,50657800,-0.02680331487295029,PETR4.SA,268,1005,68.58000183105469,65.44999694824219,1.0
2018-02-05,4.769729137420654,5.00270394007695,4.769729137420654,4.922540505466815,62268600,-0.04656999668205475,PETR4.SA,265,1002,67.62000274658203,64.1500015258789,1.0
2018-02-06,5.007715702056885,5.007715702056885,4.664515840048245,4.674536033325717,74146500,0.04989519483802951,PETR4.SA,264,1001,66.86000061035156,63.38999938964844,1.0
2018-02-07,4.869934558868408,5.065332856544287,4.849893695573142,5.002705099020096,61910300,-0.02751377102575614,PETR4.SA,263,1000,65.51000213623047,61.790000915527344,1.0
2018-02-08,4.772235870361328,4.945088648895418,4.709608100525552,4.897491410032879,51115100,-0.020061601922178984,PETR4.SA,262,999,64.80999755859375,61.150001525878906,1.0
2018-02-09,4.70209264755249,4.857409235086186,4.636959715492194,4.767225579612786,68727600,-0.014698188587968342,PETR4.SA,261,998,62.790000915527344,59.20000076293945,1.0
2018-02-14,4.8223371505737305,4.849893515762517,4.749688725189424,4.762214562916987,43402800,0.02557255078413423,PETR4.SA,256,993,64.36000061035156,60.599998474121094,1.0
2018-02-15,4.859913349151611,4.894985214386326,4.8022959332963335,4.884964544944459,31978000,0.007792113534287104,PETR4.SA,255,992,64.33000183105469,61.34000015258789,1.0
2018-02-16,4.86492395401001,4.905005678379481,4.837367589326557,4.874944146196455,34736300,0.0010310070362207213,PETR4.SA,254,991,64.83999633789062,61.68000030517578,1.0
2018-02-19,5.022745132446289,5.035270968568703,4.897489638092898,4.897489638092898,40925500,0.03244062598474784,PETR4.SA,251,988,64.83999633789062,61.68000030517578,1.0
2018-02-20,5.120446681976318,5.215640683495988,4.965129599925099,4.980160131152,67418700,0.019451823047697436,PETR4.SA,250,987,65.25,61.900001525878906,1.0
2018-02-21,5.072849273681641,5.230671040847809,5.072849273681641,5.158023077489401,55678400,-0.009295557839166246,PETR4.SA,249,986,65.41999816894531,61.68000030517578,1.0
2018-02-22,5.195598602294922,5.215639465186815,5.145496683971119,5.158022044099105,38170900,0.024197314367315093,PETR4.SA,248,985,66.38999938964844,62.77000045776367,1.0
2018-02-23,5.2907938957214355,5.295803753877436,5.165538363394632,5.248206995617845,55755600,0.018322295603141026,PETR4.SA,247,984,67.30999755859375,63.54999923706055,1.0
2018-02-26,5.390996932983398,5.433583822872473,5.355925067431806,5.360935402198009,48160500,0.01893913073102227,PETR4.SA,244,981,67.5,63.90999984741211,1.0
2018-02-27,5.385988235473633,5.473667209287923,5.345906500783437,5.378472731039733,42912500,-0.0009290855795375252,PETR4.SA,243,980,66.62999725341797,63.0099983215332,1.0
2018-02-28,5.3759684562683105,5.453627248221298,5.305825647810188,5.41855536618019,66229400,-0.0018603418290684681,PETR4.SA,242,979,65.77999877929688,61.63999938964844,1.0
2018-03-01,5.268247127532959,5.375966468960997,5.200609034827174,5.360935940963668,66380900,-0.020037567112163757,PETR4.SA,241,978,65.70999908447266,60.9900016784668,1.0
2018-03-02,5.388492584228516,5.388492584228516,5.137981541602245,5.185578773488566,52682900,0.022824566461039586,PETR4.SA,240,977,64.37000274658203,61.25,1.0
2018-03-05,5.541304588317871,5.5538299495847925,5.350916134626859,5.383482360607997,54242600,0.02835895228595442,PETR4.SA,237,974,65.54000091552734,62.56999969482422,1.0
2018-03-06,5.48619270324707,5.6690656818658445,5.476172508241154,5.636499450831644,57240800,-0.009945651640768327,PETR4.SA,236,973,65.79000091552734,62.599998474121094,1.0
2018-03-07,5.428574085235596,5.503727203747991,5.353420966723201,5.433584420552922,50956600,-0.010502477971175206,PETR4.SA,235,972,64.33999633789062,61.150001525878906,1.0
2018-03-08,5.436089992523193,5.481181580297212,5.340895525661362,5.473666554574164,36156800,0.0013845085596306816,PETR4.SA,234,971,63.61000061035156,60.119998931884766,1.0
2018-03-09,5.608942031860352,5.608942031860352,5.408533391015116,5.456130622395317,45560000,0.0317971261651111,PETR4.SA,233,970,65.48999786376953,62.040000915527344,1.0
2018-03-12,5.593911170959473,5.6590440948181095,5.568859972888942,5.646518734688775,32363900,-0.0026798032169880193,PETR4.SA,230,967,64.94999694824219,61.36000061035156,1.0
2018-03-13,5.538800239562988,5.64652008251065,5.526274398631879,5.623974046646629,34732800,-0.009851949684612449,PETR4.SA,229,966,64.63999938964844,60.709999084472656,1.0
2018-03-14,5.606438636779785,5.621469647954634,5.533790660682843,5.586397766358694,31947600,0.012211741585057334,PETR4.SA,228,965,64.88999938964844,60.959999084472656,1.0
2018-03-15,5.338390350341797,5.556335174431329,5.338390350341797,5.523768470304018,81097800,-0.0478107946601819,PETR4.SA,227,964,65.12000274658203,61.189998626708984,1.0
2018-03-16,5.368449687957764,5.4461079479907095,5.318347307271642,5.37846987740796,57891900,0.005630786743431315,PETR4.SA,226,963,66.20999908447266,62.34000015258789,1.0
2018-03-19,5.243196487426758,5.350916318139449,5.22566078992691,5.328370284836238,42218400,-0.023331354080111333,PETR4.SA,223,960,66.05000305175781,62.060001373291016,1.0
2018-03-20,5.300812721252441,5.363440471246267,5.2882873623784015,5.3058230559267825,30106800,0.010988761142911141,PETR4.SA,222,959,67.41999816894531,63.400001525878906,1.0
2018-03-21,5.523768901824951,5.533789573973688,5.310834874595721,5.323360236969695,53106300,0.042060754132779765,PETR4.SA,221,958,69.47000122070312,65.16999816894531,1.0
2018-03-22,5.441099166870117,5.521263094403451,5.40602777706993,5.476171034482154,50033300,-0.014966182768348824,PETR4.SA,220,957,68.91000366210938,64.30000305175781,1.0
2018-03-23,5.448615074157715,5.538799200698749,5.393502817833686,5.413543681752595,52815800,0.0013813215045519467,PETR4.SA,219,956,70.44999694824219,65.87999725341797,1.0
2018-03-26,5.518759727478027,5.561346633763869,5.471162484496908,5.528779923056575,30174900,0.01287385002713859,PETR4.SA,216,953,70.12000274658203,65.55000305175781,1.0
2018-03-27,5.370956897735596,5.556335012288174,5.353421201168877,5.54631434121468,43568100,-0.02678189249778684,PETR4.SA,215,952,70.11000061035156,65.25,1.0
2018-03-28,5.310834884643555,5.363441980088109,5.258227311387052,5.3258654150831495,38539300,-0.011193910924399475,PETR4.SA,214,951,69.52999877929688,64.37999725341797,1.0
2018-03-29,5.363440990447998,5.401017548519487,5.3183489296374695,5.325864432376511,34318800,0.009905430492022083,PETR4.SA,213,950,70.2699966430664,64.94000244140625,1.0
2018-04-02,5.235681056976318,5.375967116749825,5.203114829422656,5.350916393006359,37275000,-0.02382051628781101,PETR4.SA,209,946,67.63999938964844,63.0099983215332,1.0
2018-04-03,5.188084125518799,5.308329804461626,5.175558762913816,5.288288937606481,39245800,-0.009090876800850745,PETR4.SA,208,945,68.12000274658203,63.5099983215332,1.0
2018-04-04,5.105413913726807,5.1605266389214615,5.037776307606162,5.0878782203691655,58475700,-0.01593463208997703,PETR4.SA,207,944,68.0199966430664,63.369998931884766,1.0
2018-04-05,5.298309803009033,5.343401878595734,5.2682487378259095,5.298309803009033,88599000,0.03778261518886694,PETR4.SA,206,943,68.33000183105469,63.540000915527344,1.0
2018-04-06,5.330874919891357,5.3308749198913565,5.218144764643225,5.255721323788644,47908900,0.006146321769223473,PETR4.SA,205,942,67.11000061035156,62.060001373291016,1.0
2018-04-09,5.142991065979004,5.370956040589409,5.142991065979004,5.368450873220833,44248900,-0.0352444686352128,PETR4.SA,202,939,68.6500015258789,63.41999816894531,1.0
2018-04-10,5.360936164855957,5.388492532178473,5.200609252023625,5.238185812492216,58545100,0.042377110144846464,PETR4.SA,201,938,71.04000091552734,65.51000213623047,1.0
2018-04-11,5.461141109466553,5.486192311912388,5.343401079126655,5.3484114151782105,62378300,0.018691687706989812,PETR4.SA,200,937,72.05999755859375,66.81999969482422,1.0
2018-04-12,5.431079864501953,5.496212797526355,5.431079864501952,5.458636234038565,36238700,-0.005504572096203586,PETR4.SA,199,936,72.0199966430664,67.06999969482422,1.0
2018-04-13,5.310834884643555,5.446110614223801,5.27576300986857,5.421059411616512,43347800,-0.022140160494477534,PETR4.SA,198,935,72.58000183105469,67.38999938964844,1.0
2018-04-16,5.165538311004639,5.320854901939937,5.1605279750875175,5.27325766635115,48474200,-0.027358518348790217,PETR4.SA,195,932,71.41999816894531,66.22000122070312,1.0
2018-04-17,5.268247127532959,5.280772487895421,5.165537643562783,5.185578506829845,36570400,0.019883468158489848,PETR4.SA,194,931,71.58000183105469,66.5199966430664,1.0
2018-04-18,5.461141109466553,5.478677285646999,5.338390743075099,5.3484114151782105,65237400,0.03661445206803027,PETR4.SA,193,930,73.4800033569336,68.47000122070312,1.0
2018-04-19,5.56134557723999,5.611447501238564,5.493707478139404,5.528778872719598,62475200,0.0183486318637216,PETR4.SA,192,929,73.77999877929688,68.29000091552734,1.0
2018-04-20,5.60142707824707,5.626477800314849,5.486191749925325,5.526273478608046,61494800,0.0072071588521875896,PETR4.SA,191,928,74.05999755859375,68.37999725341797,1.0
2018-04-23,5.631489276885986,5.631489276885985,5.496213534625674,5.533790103152873,37023300,0.0053668820853995935,PETR4.SA,188,925,74.70999908447266,68.63999938964844,1.0
2018-04-24,5.611448287963867,5.704137600964743,5.568861383797841,5.661550696798717,46710300,-0.00355873694093245,PETR4.SA,187,924,73.86000061035156,67.69999694824219,1.0
2018-04-25,5.443604946136475,5.543809269548992,5.428574417077573,5.513748211431189,68160600,-0.02991087740885079,PETR4.SA,186,923,74.0,68.05000305175781,1.0
2018-04-26,5.669064998626709,5.66906499862671,5.5037277395538196,5.511243243261467,56674700,0.04141741634837981,PETR4.SA,185,922,74.73999786376953,68.19000244140625,1.0
2018-04-27,5.689105033874512,5.744217764064644,5.676579674001401,5.721671734043563,37858300,0.003534980680704347,PETR4.SA,184,921,74.63999938964844,68.0999984741211,1.0
2018-04-30,5.754238128662109,5.76676396672205,5.669064341101971,5.694115539409988,23681500,0.011448741831936227,PETR4.SA,181,918,75.16999816894531,68.56999969482422,1.0
2018-05-02,5.661551475524902,5.744220127004793,5.639005436229291,5.679087177685477,31778100,-0.016107545615036467,PETR4.SA,179,916,73.36000061035156,67.93000030517578,1.0
2018-05-03,5.6239728927612305,5.671569645097967,5.503727233553579,5.646518923999422,48855700,-0.006637506154651307,PETR4.SA,178,915,73.62000274658203,68.43000030517578,1.0
2018-05-04,5.578881740570068,5.671570570506879,5.578881740570068,5.623973810403957,33599400,-0.008017668834997438,PETR4.SA,177,914,74.87000274658203,69.72000122070312,1.0
2018-05-07,5.674075126647949,5.804340985938672,5.633993397298789,5.654034261973369,47815100,0.017063166151314313,PETR4.SA,174,911,76.16999816894531,70.7300033569336,1.0
2018-05-08,5.7392072677612305,5.799329853524495,5.641508125622407,5.776783824136791,81198700,0.011478900025026384,PETR4.SA,173,910,74.8499984741211,69.05999755859375,1.0
2018-05-09,6.20766544342041,6.2126753024555175,5.816867769960864,5.836908639537352,118032300,0.08162419543386124,PETR4.SA,172,909,77.20999908447266,71.13999938964844,1.0
2018-05-10,6.450660228729248,6.636038368256266,6.242736054061328,6.297848318954671,126907200,0.03914431077570257,PETR4.SA,171,908,77.47000122070312,71.36000061035156,-1.0
2018-05-11,6.373001575469971,6.590945932669812,6.367991239535923,6.4707007371242495,72996400,-0.012038868969320382,PETR4.SA,170,907,77.12000274658203,70.69999694824219,-1.0
2018-05-14,6.573409557342529,6.633532148919859,6.465689734920357,6.475710405755854,66938700,0.03144640394314968,PETR4.SA,167,904,78.2300033569336,70.95999908447266,-1.0
2018-05-15,6.711191654205322,6.738747546416539,6.485731313673949,6.600966651924644,75230200,0.020960522185764274,PETR4.SA,166,903,78.43000030517578,71.30999755859375,-1.0
2018-05-16,6.861496448516846,6.896568315020655,6.723715583388234,6.7312310857415865,64486500,0.022396140962140487,PETR4.SA,165,902,79.27999877929688,71.48999786376953,-1.0
2018-05-17,6.500761985778809,6.914105125714661,6.380516317769542,6.851477362760383,112487000,-0.052573730154157894,PETR4.SA,164,901,79.30000305175781,71.48999786376953,-1.0
2018-05-18,6.425609588623047,6.555875474673226,6.252756796664616,6.265282638291749,83206900,-0.011560552027618742,PETR4.SA,163,900,78.51000213623047,71.27999877929688,-1.0
2018-05-21,6.275302410125732,6.585936572139214,6.247746516030385,6.538339332793475,75971900,-0.023391894017875448,PETR4.SA,160,897,79.22000122070312,72.23999786376953,-1.0
2018-05-22,6.202507019042969,6.348094455767525,6.061940416579978,6.227608317746081,88109900,-0.011600300085188309,PETR4.SA,159,896,79.56999969482422,72.12999725341797,-1.0
2018-05-23,5.841050624847412,6.144774981073877,5.841050624847412,6.08202196743031,74622500,-0.05827585411605518,PETR4.SA,158,895,79.80000305175781,71.83999633789062,-1.0
2018-05-24,5.0403218269348145,5.208499915651116,4.932386571357079,5.032791293254689,240343800,-0.1370864334759152,PETR4.SA,157,894,78.79000091552734,70.70999908447266,-1.0
2018-05-25,4.970038890838623,5.339026947302782,4.934897353563004,5.183399250228181,131188100,-0.013944136606636626,PETR4.SA,156,893,76.44000244140625,67.87999725341797,-1.0
2018-05-28,4.244615077972412,4.81943308520649,4.244615077972412,4.81943308520649,134504900,-0.14595938357814464,PETR4.SA,153,890,76.44000244140625,67.87999725341797,1.0
2018-05-29,4.8445329666137695,4.879674983478133,4.417812716630499,4.5182174531696475,181509800,0.14133622899156473,PETR4.SA,152,889,75.38999938964844,66.7300033569336,-1.0
2018-05-30,4.764208793640137,5.012710676096302,4.550848446450244,4.616111639635829,125430000,-0.016580374935455944,PETR4.SA,151,888,77.5,68.20999908447266,-1.0
2018-06-01,4.056354522705078,4.957487783408285,3.740079295273516,4.9097953618168075,216954700,-0.14857750816462767,PETR4.SA,149,886,77.58999633789062,65.80999755859375,-1.0
2018-06-04,4.400241374969482,4.427852374694954,4.279755228034069,4.339998540885519,93547600,0.08477731676053679,PETR4.SA,146,883,75.29000091552734,64.75,-1.0
2018-06-05,4.164290904998779,4.468015325504004,4.164290904998779,4.357570342829885,67006400,-0.05362216520959362,PETR4.SA,145,882,75.37999725341797,65.5199966430664,-1.0
2018-06-06,4.099026203155518,4.186880504530998,3.9835606661912615,4.13416773219874,69496800,-0.01567246461214289,PETR4.SA,144,881,75.36000061035156,64.7300033569336,-1.0
2018-06-07,3.9559504985809326,4.05635523635861,3.7476104881544186,4.016193341247539,118752700,-0.03490480360053372,PETR4.SA,143,880,77.31999969482422,65.94999694824219,1.0
2018-06-08,3.8279337882995605,4.063885250944727,3.780241603806972,3.9685006425758034,91461500,-0.03236054402786226,PETR4.SA,142,879,76.45999908447266,65.73999786376953,1.0
2018-06-11,3.868096113204956,3.965990910550375,3.797812797855918,3.8906872386988045,44872500,0.01049190689456414,PETR4.SA,139,876,76.45999908447266,66.0999984741211,1.0
2018-06-12,3.8806464672088623,3.935869187579093,3.8254237468386307,3.8856665839422893,69592600,0.003244581736493446,PETR4.SA,138,875,75.87999725341797,66.36000061035156,1.0
2018-06-13,3.8078529834747314,3.8906869444312777,3.699917720671578,3.870605998707494,72301200,-0.018758081765301138,PETR4.SA,137,874,76.73999786376953,66.63999938964844,1.0
2018-06-14,3.7902820110321045,3.903237384471606,3.777731360786884,3.8480146670228805,57324600,-0.0046144041061672025,PETR4.SA,136,873,75.94000244140625,66.88999938964844,1.0
2018-06-15,3.7576510906219482,3.782752156234125,3.632145044409708,3.7727116821124973,75239300,-0.0086091009363366,PETR4.SA,135,872,73.44000244140625,65.05999755859375,1.0
2018-06-18,3.6396749019622803,3.7375696924001076,3.63967490196228,3.707448273661643,47363800,-0.031396259475528154,PETR4.SA,132,869,75.33999633789062,65.8499984741211,1.0
2018-06-19,3.8706061840057373,3.9459098537668305,3.556841092820991,3.5794322176876956,97301500,0.0634483266400947,PETR4.SA,131,868,75.08000183105469,65.06999969482422,1.0
2018-06-20,4.068904399871826,4.13667775660288,3.965989754782779,3.976030225478079,88397300,0.05123182427742301,PETR4.SA,130,867,74.73999786376953,66.22000122070312,1.0
2018-06-21,3.7902820110321045,4.096516536466532,3.7902820110321045,4.038783880475756,67884300,-0.06847602240261497,PETR4.SA,129,866,73.05000305175781,65.54000091552734,1.0
2018-06-22,3.792793035507202,3.935870106253824,3.7676919672136946,3.8680967191553486,52184500,0.000662490143949368,PETR4.SA,128,865,75.55000305175781,68.58000183105469,1.0
2018-06-25,3.940889835357666,3.96348096216169,3.780242248100231,3.815383788120901,60347200,0.039046897224293,PETR4.SA,125,862,74.7300033569336,68.08000183105469,1.0
2018-06-26,4.0262346267700195,4.04631557718022,3.8982181489833208,3.991092604476451,59595900,0.021656223588550905,PETR4.SA,124,861,76.30999755859375,70.52999877929688,1.0
2018-06-27,4.15424919128418,4.262184448225359,4.031253345559984,4.041294057260319,78095000,0.03179510793111873,PETR4.SA,123,860,77.62000274658203,72.76000213623047,1.0
2018-06-28,4.1668009757995605,4.284776491010797,4.099027593569289,4.196922159834622,94960700,0.00302143273969091,PETR4.SA,122,859,77.8499984741211,73.44999694824219,1.0
2018-06-29,4.314897537231445,4.314897537231445,4.199431738216418,4.229553396714801,75735100,0.03554202907506676,PETR4.SA,121,858,79.44000244140625,74.1500015258789,1.0
2018-07-02,4.385181903839111,4.387692082685733,4.242105060955308,4.264696191807241,54545600,0.01628876838933291,PETR4.SA,118,855,77.30000305175781,73.94000244140625,1.0
2018-07-03,4.392712116241455,4.490606690197768,4.382671401595871,4.45295496781208,57456700,0.0017171949915582019,PETR4.SA,117,854,77.76000213623047,74.13999938964844,1.0
2018-07-04,4.420322895050049,4.631173081173674,4.327448214518253,4.3625897526163415,54211000,0.006285588055385372,PETR4.SA,116,853,77.76000213623047,74.13999938964844,1.0
2018-07-05,4.483075141906738,4.71902611238896,4.430362365084989,4.668823992161185,76084700,0.014196303832681556,PETR4.SA,115,852,77.38999938964844,72.94000244140625,1.0
2018-07-06,4.5031561851501465,4.540807895843936,4.4303624628770075,4.510686240028418,33878700,0.004479301061830476,PETR4.SA,114,851,77.11000061035156,73.80000305175781,1.0
2018-07-10,4.455463409423828,4.606070719016995,4.405260813303626,4.603560541334241,70886200,-0.010590966372339583,PETR4.SA,110,847,78.86000061035156,74.11000061035156,1.0
2018-07-11,4.370120048522949,4.538298152577286,4.342508567945103,4.390200994733876,85806300,-0.019154766420114155,PETR4.SA,109,846,73.4000015258789,70.37999725341797,1.0
2018-07-12,4.505666255950928,4.52323702193928,4.397731003431092,4.422832302886222,49397900,0.0310165867122556,PETR4.SA,108,845,74.44999694824219,70.33000183105469,1.0
2018-07-13,4.5458292961120605,4.563400066555268,4.462995322045805,4.5157076333754285,44951900,0.008913895943377215,PETR4.SA,107,844,75.33000183105469,71.01000213623047,1.0
2018-07-16,4.488095760345459,4.513197063990485,4.417812684660442,4.505667008034259,62798900,-0.012700330788043335,PETR4.SA,104,841,71.83999633789062,68.05999755859375,1.0
2018-07-17,4.591011047363281,4.6186220498457,4.44542358533082,4.4655050107980845,40884300,0.022930724412596026,PETR4.SA,103,840,72.16000366210938,68.08000183105469,1.0
2018-07-18,4.530767917633057,4.618622242649671,4.503156913998018,4.5809705258618525,40643800,-0.013121974464605946,PETR4.SA,102,839,72.9000015258789,68.76000213623047,1.0
2018-07-19,4.618620872497559,4.618620872497559,4.4529529847638605,4.478054281431751,60404900,0.019390301260541642,PETR4.SA,101,838,72.58000183105469,69.45999908447266,1.0
2018-07-20,4.842024803161621,4.889716768917362,4.751660272226194,4.811903133260578,98035200,0.04837026827518209,PETR4.SA,100,837,73.06999969482422,70.45999908447266,1.0
2018-07-23,4.834493637084961,4.887205954094921,4.821942743439038,4.844533873234061,35231500,-0.0015553753610973997,PETR4.SA,97,834,73.05999755859375,67.88999938964844,1.0
2018-07-24,4.934896945953369,4.987609726280398,4.902265589573778,4.912305822779999,39934600,0.020768112734335542,PETR4.SA,96,833,73.44000244140625,68.5199966430664,1.0
2018-07-25,5.0102009773254395,5.020241690514896,4.922347130755473,4.9700390821027245,48759900,0.015259494209665325,PETR4.SA,95,832,73.93000030517578,69.30000305175781,-1.0
2018-07-26,4.8721442222595215,5.007690969363293,4.862103988456017,5.007690969363293,48144300,-0.02755513315547986,PETR4.SA,94,831,74.54000091552734,69.61000061035156,1.0
2018-07-27,4.962507724761963,4.972547956551221,4.907284774235041,4.919835662430901,36509400,0.018546967901646783,PETR4.SA,93,830,74.29000091552734,68.69000244140625,-1.0
2018-07-30,4.992629528045654,5.045342307576029,4.944937583193756,5.007690595778613,37053900,0.006069875344151043,PETR4.SA,90,827,74.97000122070312,70.12999725341797,-1.0
2018-07-31,4.949957370758057,4.967528616128523,4.887204359308838,4.924856549192355,38641200,-0.008547030587366944,PETR4.SA,89,826,74.25,68.76000213623047,1.0
2018-08-01,5.022751331329346,5.022751331329347,4.904775836583084,4.917326247959333,39141700,0.014705977267869041,PETR4.SA,88,825,74.25,67.66000366210938,-1.0
2018-08-02,5.1231560707092285,5.216030742921754,5.007690753719744,5.017730987090892,69008900,0.01998998810743613,PETR4.SA,87,824,73.44999694824219,68.95999908447266,-1.0
2018-08-03,5.298864841461182,5.409309805267396,5.293844485260667,5.371658091298572,86908000,0.03429697794227615,PETR4.SA,86,823,73.20999908447266,68.48999786376953,-1.0
2018-08-06,5.281294822692871,5.389229623709672,5.266233751954872,5.308905828177361,44528300,-0.0033158080634239084,PETR4.SA,83,820,73.75,69.01000213623047,-1.0
2018-08-07,5.198460102081299,5.386719167697779,5.1633185630385094,5.354087806981983,69136700,-0.01568454770895289,PETR4.SA,82,819,74.6500015258789,69.16999816894531,-1.0
2018-08-08,5.05538272857666,5.288824020673876,5.050362851246539,5.223560827707208,58211500,-0.02752303003101919,PETR4.SA,81,818,72.27999877929688,66.94000244140625,-1.0
2018-08-09,5.105584621429443,5.108094799128896,4.97003789826369,5.0855036786012695,51253100,0.009930384215819377,PETR4.SA,80,817,72.06999969482422,66.80999755859375,-1.0
2018-08-10,4.917325973510742,5.057892583902874,4.859593318374195,5.0453421732270956,61789800,-0.036873083471877344,PETR4.SA,79,816,72.80999755859375,67.62999725341797,1.0
2018-08-13,5.030282020568848,5.030282020568848,4.837002615301093,4.894735275440546,58306700,0.022971030935632797,PETR4.SA,76,813,72.61000061035156,67.19999694824219,-1.0
2018-08-14,5.027764320373535,5.110805455516102,4.964854354963561,5.103256566844471,55180600,-0.0005005087557750088,PETR4.SA,75,812,72.45999908447266,67.04000091552734,-1.0
2018-08-15,4.793741226196289,4.949758218445158,4.793741226196289,4.942208846573952,65651700,-0.046546154367048675,PETR4.SA,74,811,70.76000213623047,65.01000213623047,1.0
2018-08-16,4.768576622009277,4.869232492876916,4.723281360127577,4.861683122574949,51201600,-0.005249470716002569,PETR4.SA,73,810,71.43000030517578,65.45999908447266,1.0
2018-08-17,4.645273685455322,4.745930058936413,4.630175421419223,4.718249508232597,68328400,-0.02585738813231031,PETR4.SA,72,809,71.83000183105469,65.91000366210938,1.0
2018-08-20,4.6201090812683105,4.657854973246537,4.55216618772847,4.6226255380622,56315600,-0.005417248991335777,PETR4.SA,69,806,72.20999908447266,66.43000030517578,1.0
2018-08-21,4.459059238433838,4.662887920526131,4.441444520714394,4.597461483307439,68735300,-0.034858450309632416,PETR4.SA,68,805,72.62999725341797,67.3499984741211,1.0
2018-08-22,4.617592811584473,4.625141702306973,4.4414446685949525,4.454026953074248,56623700,0.0355531435384826,PETR4.SA,67,804,74.77999877929688,67.86000061035156,1.0
2018-08-23,4.516936302185059,4.660370965380265,4.499321106384149,4.617592164079501,56284100,-0.02179848104988602,PETR4.SA,66,803,74.7300033569336,67.83000183105469,1.0
2018-08-24,4.605010032653809,4.640239945448035,4.542100056907363,4.617592315782113,37893000,0.019498554900175158,PETR4.SA,65,802,75.81999969482422,68.72000122070312,1.0
2018-08-27,4.708182334899902,4.7207646179758775,4.605010013502017,4.632690556304141,35428000,0.022404359928535733,PETR4.SA,62,799,76.20999908447266,68.87000274658203,1.0
2018-08-28,4.617592811584473,4.743412776586964,4.615076354688613,4.7207651444893095,38079200,-0.01924086980317763,PETR4.SA,61,798,75.94999694824219,68.52999877929688,1.0
2018-08-29,4.856649875640869,4.859166332235441,4.6427563447174,4.655338147725244,71434300,0.05177092779957948,PETR4.SA,60,797,77.13999938964844,69.51000213623047,1.0
2018-08-30,4.730830669403076,4.917044646954697,4.700634145451258,4.8189047441985515,63981900,-0.025906583645004977,PETR4.SA,59,796,77.7699966430664,70.25,1.0
2018-08-31,4.84658670425415,4.88936552562991,4.758512603778735,4.7685784346743185,75767400,0.0244684375620825,PETR4.SA,58,795,77.41999816894531,69.80000305175781,1.0
2018-09-03,4.781158924102783,4.813871905556737,4.720765395288876,4.778642467073233,25401600,-0.01349976470944736,PETR4.SA,55,792,77.41999816894531,69.80000305175781,1.0
2018-09-04,4.693084239959717,4.828970022161406,4.685535349814094,4.813871281940081,39759800,-0.018421199868313143,PETR4.SA,54,791,78.16999816894531,69.87000274658203,1.0
2018-09-05,4.718247890472412,4.730829692861008,4.587395033785046,4.67043617745876,53967300,0.005361857837205886,PETR4.SA,53,790,77.2699966430664,68.72000122070312,1.0
2018-09-06,4.778640270233154,4.786189637851205,4.65030390051558,4.778640270233154,54304300,0.012799747101607917,PETR4.SA,52,789,76.5,67.7699966430664,1.0
2018-09-10,4.84658670425415,4.93214434700567,4.793742051982807,4.871750801527874,58578100,0.014218779857576802,PETR4.SA,48,785,77.37000274658203,67.54000091552734,1.0
2018-09-11,4.655337810516357,4.75347721077088,4.6377230955952875,4.748444777911278,56495200,-0.03946053282610662,PETR4.SA,47,784,79.05999755859375,69.25,1.0
2018-09-12,4.768576622009277,4.836519034866776,4.6905679021174365,4.7333467072318145,59695700,0.024324510078971073,PETR4.SA,46,783,79.73999786376953,70.37000274658203,1.0
2018-09-13,4.708182334899902,4.813871112912983,4.685535185293192,4.788707506691077,36808700,-0.012665055402617642,PETR4.SA,45,782,78.18000030517578,68.58999633789062,1.0
2018-09-14,4.728313446044922,4.771091763706572,4.650304739807285,4.73082942240681,55756300,0.004275771351460955,PETR4.SA,44,781,78.08999633789062,68.98999786376953,1.0
2018-09-17,4.8818135261535645,4.904461153519484,4.6880507053406895,4.6880507053406895,71289500,0.032464023770894634,PETR4.SA,41,778,78.05000305175781,68.91000366210938,1.0
2018-09-18,5.09570837020874,5.09570837020874,4.899429060198465,4.90697843057138,72959100,0.04381462809041503,PETR4.SA,40,777,79.02999877929688,69.8499984741211,1.0
2018-09-19,5.027764320373535,5.1485513387690975,4.99001843712054,5.015182519277518,60563700,-0.013333582869936023,PETR4.SA,39,776,79.4000015258789,71.12000274658203,1.0
2018-09-20,5.000085830688477,5.120872886979583,4.969888826633151,5.098225253929364,56206900,-0.00550512870559583,PETR4.SA,38,775,78.69999694824219,70.80000305175781,1.0
2018-09-21,5.068027496337891,5.108289842448547,5.020216260309627,5.070543952965434,58517300,0.013588099874689341,PETR4.SA,37,774,78.80000305175781,70.77999877929688,1.0
2018-09-24,5.0327982902526855,5.135970616805662,5.0126671162902765,5.083126465141231,54332900,-0.006951265775621995,PETR4.SA,34,771,81.19999694824219,72.08000183105469,1.0
2018-09-25,5.052928447723389,5.070543161401334,4.914526714569573,4.9573055106295625,54462300,0.003999794211838381,PETR4.SA,33,770,81.87000274658203,72.27999877929688,1.0
2018-09-26,5.080610275268555,5.108290340942657,5.025249183990203,5.093192079669049,60060800,0.005478373151640126,PETR4.SA,32,769,81.33999633789062,71.56999969482422,1.0
2018-09-27,5.400193214416504,5.400193214416504,5.15106971607794,5.158619087530063,104177300,0.06290247073341138,PETR4.SA,31,768,81.72000122070312,72.12000274658203,1.0
2018-09-28,5.307085037231445,5.5209790283884566,5.289470322659392,5.3171503827162,91254600,-0.01724163812074253,PETR4.SA,30,767,82.72000122070312,73.25,1.0
2018-10-01,5.28443717956543,5.375027684803907,5.23410901444073,5.347347145988827,56540400,-0.004267475932104192,PETR4.SA,27,764,84.9800033569336,75.30000305175781,1.0
2018-10-02,5.742421627044678,5.742421627044679,5.510912932669395,5.536077015094634,127231800,0.08666664621357278,PETR4.SA,26,763,84.80000305175781,75.2300033569336,1.0
2018-10-03,5.986511707305908,6.396684413623846,5.9034701037323725,6.353905623888182,152189200,0.04250647133112917,PETR4.SA,25,762,86.29000091552734,76.41000366210938,1.0
2018-10-04,6.0443902015686035,6.170210145081864,5.840561547502327,5.900955542757887,99743300,0.009668150183697266,PETR4.SA,24,761,84.58000183105469,74.33000183105469,1.0
2018-10-05,6.029291152954102,6.187824542414888,5.953799382711325,6.162660459012306,104693400,-0.002498026783675167,PETR4.SA,23,760,84.16000366210938,74.33999633789062,1.0
2018-10-08,6.693623065948486,6.786729582840322,6.479729002870416,6.779180691179714,188109000,0.11018408236412491,PETR4.SA,20,757,83.91000366210938,74.29000091552734,-1.0
2018-10-09,6.748982906341553,6.794278170942247,6.61309759250455,6.663425290976925,90128800,0.008270534484484227,PETR4.SA,19,756,85.0,74.95999908447266,-1.0
2018-10-10,6.555219650268555,6.6407772605032465,6.454563779393932,6.620646086328321,82688000,-0.028709993603766915,PETR4.SA,18,755,83.08999633789062,73.16999816894531,-1.0
2018-10-11,6.363973617553711,6.731367659423116,6.3060960729048645,6.681039484936739,119307500,-0.029174618535781405,PETR4.SA,17,754,80.26000213623047,70.97000122070312,1.0
2018-10-15,6.484760284423828,6.572834344686574,6.429399199705236,6.517473259967983,92331900,0.01897975606576252,PETR4.SA,13,750,80.77999877929688,71.77999877929688,-1.0
2018-10-16,6.7263336181640625,6.7263336181640625,6.565284254755184,6.592964794077947,74144800,0.037252469350406825,PETR4.SA,12,749,81.41000366210938,71.91999816894531,-1.0
2018-10-17,6.655876159667969,6.701170942666796,6.6080644398766335,6.653359702840524,80990300,-0.010474868255988312,PETR4.SA,11,748,80.05000305175781,69.75,-1.0
2018-10-18,6.4671454429626465,6.628194820915676,6.4671454429626465,6.615613018249972,56268900,-0.028355503043905328,PETR4.SA,10,747,79.29000091552734,68.6500015258789,-1.0
2018-10-19,6.522505760192871,6.628194529824248,6.4671451589440485,6.615612727711102,61858300,0.008560240019105603,PETR4.SA,9,746,79.77999877929688,69.12000274658203,-1.0
2018-10-22,6.676008224487305,6.693622944663068,6.61058177814509,6.61058177814509,63678000,0.023534278073200854,PETR4.SA,6,743,79.83000183105469,69.16999816894531,-1.0
2018-10-23,6.592965126037598,6.663423986094145,6.49482524529957,6.580382843909652,77457300,-0.012439034773071178,PETR4.SA,5,742,76.44000244140625,66.43000030517578,-1.0
2018-10-24,6.462112903594971,6.791761048142017,6.46211290359497,6.645809920940917,93377100,-0.019847249293925784,PETR4.SA,4,741,76.16999816894531,66.81999969482422,-1.0
2018-10-25,6.623163223266602,6.703687928235845,6.46463027035404,6.587933784833832,79732200,0.024922238604348168,PETR4.SA,3,740,76.88999938964844,67.33000183105469,-1.0
2018-10-26,6.9452619552612305,6.945261955261231,6.572834985245709,6.706203836959815,110184900,0.048632159760629845,PETR4.SA,2,739,77.62000274658203,67.58999633789062,-1.0
2018-10-29,6.648326396942139,6.862220415004867,6.535088246213332,6.731367547488253,160890100,-0.04275368736727847,PETR4.SA,1462,736,77.33999633789062,67.04000091552734,-1.0
2018-10-30,7.045917510986328,7.045917510986328,6.648326470636415,6.718785818533693,107525500,0.059803188096640314,PETR4.SA,1461,735,75.91000366210938,66.18000030517578,-1.0
2018-10-31,6.95029354095459,7.128957621365636,6.8697683779894305,7.111342906954966,84131500,-0.0135715426532651,PETR4.SA,1460,734,75.47000122070312,65.30999755859375,-1.0
2018-11-01,6.874802589416504,7.050950726730042,6.82195843620148,6.985524289441158,98037100,-0.010861548666003196,PETR4.SA,1459,733,75.5,63.689998626708984,-1.0
2018-11-05,7.086178779602051,7.086178779602051,6.89744887500335,6.920096501952391,60389900,0.030746510526855397,PETR4.SA,1455,729,73.16999816894531,63.099998474121094,-1.0
2018-11-06,6.842089653015137,7.121409641669185,6.7917614763389675,6.869769718218471,95344400,-0.03444580417439336,PETR4.SA,1454,728,72.12999725341797,62.209999084472656,-1.0
2018-11-07,6.618130207061768,6.957844220876632,6.608064859078525,6.947778872893389,95817100,-0.03273260908744102,PETR4.SA,1453,727,72.06999969482422,61.66999816894531,-1.0
2018-11-08,6.37907075881958,6.801825814452185,6.37907075881958,6.743948279956919,119096300,-0.036121901619146635,PETR4.SA,1452,726,70.6500015258789,60.66999816894531,-1.0
2018-11-09,6.406750202178955,6.4721766192588825,6.210471430904086,6.341324265063941,94206400,0.004339102732338507,PETR4.SA,1451,725,70.18000030517578,60.189998626708984,-1.0
2018-11-12,6.374039173126221,6.522506764759574,6.363973825878482,6.426883806063291,63162600,-0.005105713196311146,PETR4.SA,1448,722,70.12000274658203,59.93000030517578,-1.0
2018-11-13,6.0997514724731445,6.371522561049892,6.026776146818995,6.371522561049892,112776300,-0.0430320073666175,PETR4.SA,1447,721,65.47000122070312,55.689998626708984,-1.0
2018-11-14,6.316162109375,6.338809740648873,6.016710469171056,6.099751623853571,104423900,0.03547859906726858,PETR4.SA,1446,720,66.12000274658203,56.25,-1.0
2018-11-16,6.4923095703125,6.55270357186591,6.3337766361386665,6.389137244270075,100628900,0.02788836921649729,PETR4.SA,1444,718,66.76000213623047,56.459999084472656,-1.0
2018-11-19,6.542636871337891,6.615612666824465,6.399202216722187,6.431915189894285,79946400,0.007751833223653248,PETR4.SA,1441,715,66.79000091552734,56.7599983215332,-1.0
2018-11-21,6.333776473999023,6.411784710724751,6.293514127304129,6.316161757315636,77228100,-0.03192296950696538,PETR4.SA,1439,713,63.47999954223633,54.630001068115234,-1.0
2018-11-22,6.353987216949463,6.407042629983985,6.33377574576476,6.386831158799282,31253600,0.0031909466703485823,PETR4.SA,1438,712,63.47999954223633,54.630001068115234,-1.0
2018-11-23,6.156927108764648,6.265563493710732,6.065975223630652,6.227667035531437,77961200,-0.03101361420104065,PETR4.SA,1437,711,58.79999923706055,50.41999816894531,-1.0
2018-11-26,6.126608371734619,6.3135646106135574,6.076079450143768,6.265562183290199,62111600,-0.004924329376397751,PETR4.SA,1434,708,60.47999954223633,51.630001068115234,-1.0
2018-11-27,6.449993133544922,6.492942577152717,6.131662048312949,6.15692651194334,90759000,0.05278365160441023,PETR4.SA,1433,707,60.209999084472656,51.560001373291016,-1.0
2018-11-28,6.412095546722412,6.535891357765637,6.328723162515036,6.44241299637942,92811300,-0.005875601111172246,PETR4.SA,1432,706,58.7599983215332,50.290000915527344,-1.0
2018-11-29,6.359042644500732,6.442415055353652,6.285775732176822,6.30598721111451,65584300,-0.008273878926959854,PETR4.SA,1431,705,59.5099983215332,51.45000076293945,-1.0
2018-11-30,6.43230676651001,6.457571226585093,6.333775902284632,6.343881879066463,90874500,0.011521250305285502,PETR4.SA,1430,704,58.709999084472656,50.93000030517578,-1.0
2018-12-03,6.553577899932861,6.7026377257366585,6.518207453245426,6.644529306850025,90530000,0.018853443690567406,PETR4.SA,1427,701,61.689998626708984,52.95000076293945,-1.0
2018-12-04,6.40199089050293,6.652108075906781,6.401990890502929,6.631896600779589,66867500,-0.023130420015528452,PETR4.SA,1426,700,62.08000183105469,53.25,-1.0
2018-12-05,6.4575724601745605,6.4979954112648874,6.303460139847535,6.434834489951303,54183300,0.00868191951883035,PETR4.SA,1425,699,62.08000183105469,53.25,-1.0
2018-12-06,6.212507247924805,6.346408552795022,6.141766854089302,6.313564609204445,99037200,-0.03795005224658854,PETR4.SA,1424,698,60.060001373291016,51.4900016784668,-1.0
2018-12-07,6.257983207702637,6.434833470227577,6.1771373183335765,6.194822296398119,87994700,0.007320065468418235,PETR4.SA,1423,697,61.66999816894531,52.61000061035156,-1.0
2018-12-10,5.921966075897217,6.290825497914959,5.921966075897216,6.257982042180546,73871100,-0.05369415683184209,PETR4.SA,1420,694,59.970001220703125,51.0,1.0
2018-12-11,5.884072303771973,6.081134091398474,5.828490378540177,6.043237630845658,64017600,-0.006398849915651206,PETR4.SA,1419,693,60.20000076293945,51.650001525878906,1.0
2018-12-12,5.886597633361816,6.038183939852248,5.861333650513064,5.997760989038744,63296400,0.00042918058437613205,PETR4.SA,1418,692,60.150001525878906,51.150001525878906,1.0
2018-12-13,5.901756286621094,5.924494255476157,5.800698433096563,5.884071306818168,61946100,0.002575112858634432,PETR4.SA,1417,691,61.45000076293945,52.58000183105469,1.0
2018-12-14,5.8234357833862305,5.8941761769634455,5.800697816946394,5.831015266159345,45231700,-0.013270711197006069,PETR4.SA,1416,690,60.279998779296875,51.20000076293945,1.0
2018-12-17,5.777961730957031,5.879019116328898,5.760276266872284,5.86638664198265,53832000,-0.00780880121644556,PETR4.SA,1413,687,59.61000061035156,49.880001068115234,1.0
2018-12-18,5.558161735534668,5.760276514984071,5.558161735534668,5.755224006907569,74740000,-0.038041095745706244,PETR4.SA,1412,686,56.2599983215332,46.2400016784668,1.0
2018-12-19,5.621321678161621,5.823436422152686,5.573319245758908,5.684482595893774,171157500,0.011363458933401738,PETR4.SA,1411,685,57.2400016784668,47.20000076293945,1.0
2018-12-20,5.429310321807861,5.63900446796292,5.393940375816209,5.63647797440932,141767000,-0.0341576887691214,PETR4.SA,1410,684,54.349998474121094,45.880001068115234,1.0
2018-12-21,5.444470405578613,5.55310725099869,5.368677504154126,5.40657395486637,90384300,0.002792266949608324,PETR4.SA,1409,683,53.81999969482422,45.59000015258789,1.0
2018-12-26,5.665705680847168,5.665705680847168,5.336425682961732,5.380852361211045,77104200,0.04063485679743395,PETR4.SA,1404,678,54.470001220703125,46.220001220703125,1.0
2018-12-27,5.663092613220215,5.744105796399713,5.561172786044277,5.623892718033601,74083700,-0.0004612077954889715,PETR4.SA,1403,677,52.15999984741211,44.61000061035156,1.0
2018-12-28,5.927038669586182,5.966238560568953,5.770238607201439,5.778078784779457,61634700,0.046608112279463265,PETR4.SA,1402,676,52.20000076293945,45.33000183105469,1.0
2019-01-02,6.287678241729736,6.324265237925995,5.822505347161175,5.8930649501714045,104534800,0.060846502317275064,PETR4.SA,1397,671,54.90999984741211,46.540000915527344,1.0
2019-01-03,6.441866874694824,6.486293563421842,6.219733431059734,6.261546726514127,95206400,0.02452234784244789,PETR4.SA,1396,670,55.95000076293945,47.09000015258789,1.0
2019-01-04,6.460159778594971,6.5176534305652725,6.3948264456860064,6.494133390841744,72119800,0.0028396898377403,PETR4.SA,1395,669,57.060001373291016,47.959999084472656,1.0
2019-01-07,6.562078952789307,6.773758774295956,6.454932345702379,6.494132238803065,121711900,0.015776571739298806,PETR4.SA,1392,666,57.33000183105469,48.52000045776367,1.0
2019-01-08,6.522879123687744,6.6430927044764285,6.473226154090467,6.637865918691327,68761800,-0.005973690561114076,PETR4.SA,1391,665,58.720001220703125,49.779998779296875,1.0
2019-01-09,6.658771991729736,6.663998777066124,6.572532027494087,6.611731920609621,70177600,0.020833264799971385,PETR4.SA,1390,664,61.439998626708984,52.36000061035156,1.0
2019-01-10,6.601280689239502,6.640480593286416,6.551627211604705,6.601280689239502,54763700,-0.008633919671921397,PETR4.SA,1389,663,61.68000030517578,52.59000015258789,1.0
2019-01-11,6.530718803405762,6.582985660356027,6.491518909919908,6.572532089584499,53980700,-0.01068912066544303,PETR4.SA,1388,662,60.47999954223633,51.59000015258789,1.0
2019-01-14,6.494132995605469,6.556852931566454,6.444479526049536,6.4862928166901925,46577300,-0.005602110411064287,PETR4.SA,1385,659,58.9900016784668,50.5099983215332,1.0
2019-01-15,6.4889068603515625,6.5646937687710425,6.454933745219452,6.488906860351562,53731500,-0.0008047471860281874,PETR4.SA,1384,658,60.63999938964844,52.11000061035156,1.0
2019-01-16,6.486293315887451,6.507199962816794,6.444480022028766,6.481066529541671,40425000,-0.00040277114780007395,PETR4.SA,1383,657,61.31999969482422,52.310001373291016,1.0
2019-01-17,6.575146675109863,6.611733182540189,6.449706793816937,6.468000047532099,50359400,0.0136986341651828,PETR4.SA,1382,656,61.18000030517578,52.06999969482422,1.0
2019-01-18,6.637866020202637,6.6796793102154295,6.606506301919909,6.648319591932702,67021300,0.009538851099732293,PETR4.SA,1381,655,62.70000076293945,53.79999923706055,1.0
2019-01-21,6.671839714050293,6.671839714050293,6.559466308802944,6.614346065717003,45336500,0.0051181650464555695,PETR4.SA,1378,652,62.70000076293945,53.79999923706055,1.0
2019-01-22,6.567305088043213,6.663998620682537,6.538558766275041,6.601278693478789,61307000,-0.015668036177029165,PETR4.SA,1377,651,61.5,52.56999969482422,1.0
2019-01-23,6.645706653594971,6.674453479365322,6.5751465349516165,6.6195732209359015,52931600,0.011938164056745304,PETR4.SA,1376,650,61.13999938964844,52.619998931884766,1.0
2019-01-24,6.674453258514404,6.674453258514404,6.6169596088761065,6.637866254620828,40109000,0.004325590402622259,PETR4.SA,1375,649,61.09000015258789,53.130001068115234,1.0
2019-01-28,6.4732255935668945,6.671838950119039,6.465385415568132,6.609119021489995,65079900,-0.03014893612309133,PETR4.SA,1371,645,59.93000030517578,51.9900016784668,1.0
2019-01-29,6.6300272941589355,6.679680271662398,6.562080563494726,6.598667072908605,59419200,0.0242231169492797,PETR4.SA,1370,644,61.31999969482422,53.310001373291016,1.0
2019-01-30,6.695358753204346,6.7763719292307725,6.6561583630252255,6.74501171677821,62607500,0.009853874825367148,PETR4.SA,1369,643,61.650001525878906,54.22999954223633,1.0
2019-01-31,6.6849045753479,6.784210991923877,6.679677790671896,6.7606914577891,63253600,-0.0015614066761459044,PETR4.SA,1368,642,61.88999938964844,53.790000915527344,1.0
2019-02-01,6.7423996925354,6.755466658064865,6.630026779704617,6.663999893173688,47957400,0.008600738655197393,PETR4.SA,1367,641,61.869998931884766,55.2599983215332,1.0
2019-02-04,6.802505016326904,6.82602504987663,6.6901316334679075,6.752851556782631,53874900,0.008914529919969993,PETR4.SA,1364,638,62.5099983215332,54.560001373291016,1.0
2019-02-05,6.815572261810303,6.8207990472994275,6.745012153068222,6.771145582060145,40989100,0.0019209461003020234,PETR4.SA,1363,637,61.97999954223633,53.65999984741211,1.0
2019-02-06,6.6613850593566895,6.75285180446562,6.616958383072561,6.742398234302926,64527000,-0.02262278155534647,PETR4.SA,1362,636,62.689998626708984,54.0099983215332,1.0
2019-02-07,6.556852340698242,6.755465702570267,6.44447894530781,6.69013237952501,55614100,-0.01569233991534824,PETR4.SA,1361,635,61.630001068115234,52.63999938964844,1.0
2019-02-08,6.567305088043213,6.60650547869252,6.462771876036967,6.481065125831351,40153900,0.0015941715325951122,PETR4.SA,1360,634,62.099998474121094,52.720001220703125,1.0
2019-02-11,6.491519927978516,6.5777599065538,6.413120128711445,6.5777599065538,39617300,-0.011539765405855107,PETR4.SA,1357,631,61.5099983215332,52.40999984741211,1.0
2019-02-12,6.72149133682251,6.755464940105637,6.593438097921151,6.6169581314391195,72467200,0.03542643500989895,PETR4.SA,1356,630,62.41999816894531,53.099998474121094,1.0
2019-02-13,6.807732105255127,6.849545392393874,6.755465745558545,6.799892425450175,69042200,0.012830600250893998,PETR4.SA,1355,629,63.61000061035156,53.900001525878906,1.0
2019-02-14,7.042932510375977,7.042932510375977,6.794665680365746,6.83909236052167,81125500,0.03454901007918476,PETR4.SA,1354,628,64.56999969482422,54.40999984741211,-1.0
2019-02-15,7.014185428619385,7.061225499801696,6.980211822341632,7.019412213962682,63841800,-0.004081692067081422,PETR4.SA,1353,627,66.25,55.59000015258789,1.0
2019-02-18,6.993281364440918,7.001121545346896,6.901814581019977,6.94885466954811,43379000,-0.0029802554254089175,PETR4.SA,1350,624,66.25,55.59000015258789,1.0
2019-02-19,7.155306339263916,7.160533125480536,7.014186600591536,7.019413386808156,58041900,0.023168662374554838,PETR4.SA,1349,623,66.44999694824219,56.09000015258789,-1.0
2019-02-20,7.0664520263671875,7.228478378446441,7.022025349483456,7.186665094138656,55114500,-0.012417960697105435,PETR4.SA,1348,622,67.08000183105469,56.91999816894531,-1.0
2019-02-21,7.1605305671691895,7.184050598286987,7.008957310217597,7.103037434688789,46559400,0.013313405433301506,PETR4.SA,1347,621,67.06999969482422,56.959999084472656,-1.0
2019-02-22,7.089972019195557,7.238932414894586,7.089972019195557,7.199732022184805,36602000,-0.009853815623264262,PETR4.SA,1346,620,67.12000274658203,57.2599983215332,-1.0
2019-02-25,6.977599143981934,7.063839110999522,6.959305394714457,7.055998932742032,54190800,-0.015849551297153486,PETR4.SA,1343,617,64.76000213623047,55.47999954223633,1.0
2019-02-26,6.9462385177612305,7.092585014052428,6.9436251251636065,6.993278587611104,46504200,-0.004494472321149523,PETR4.SA,1342,616,65.20999908447266,55.5,1.0
2019-02-27,7.076905727386475,7.121332408219941,6.959305543282093,7.014185795348708,49131400,0.018811218372523975,PETR4.SA,1341,615,66.38999938964844,56.939998626708984,-1.0
2019-02-28,7.071677207946777,7.251997279878324,6.951464158961472,7.244157103375705,93065100,-0.0007388143407738301,PETR4.SA,1340,614,66.02999877929688,57.220001220703125,-1.0
2019-03-01,6.977599143981934,7.121332256193347,6.959305394714457,7.092585434369584,41978700,-0.01330350088082699,PETR4.SA,1339,613,65.06999969482422,55.79999923706055,1.0
2019-03-06,6.993281364440918,6.993281364440918,6.9174944443780655,6.938401095006806,18423400,0.0022475095137144407,PETR4.SA,1334,608,65.98999786376953,56.220001220703125,1.0
2019-03-07,6.995893955230713,7.03248046501889,6.922720437200545,7.003733636783144,32835300,0.00037358582525781614,PETR4.SA,1333,607,66.30000305175781,56.65999984741211,1.0
2019-03-08,6.969758033752441,6.990664674523151,6.852157867883683,6.922717967404939,49564400,-0.0037358944611689537,PETR4.SA,1332,606,65.73999786376953,56.06999969482422,1.0
2019-03-11,7.251999855041504,7.259840034328148,7.058613252054849,7.061226645150397,66742800,0.04049521086991126,PETR4.SA,1329,603,66.58000183105469,56.790000915527344,-1.0
2019-03-12,7.186666488647461,7.306879579745212,7.121333156932484,7.262453392694641,64287300,-0.009009013747928285,PETR4.SA,1328,602,66.66999816894531,56.869998931884766,-1.0
2019-03-13,7.343467712402344,7.351307394401898,7.191894379480258,7.210187635417673,61057200,0.021818352639930705,PETR4.SA,1327,601,67.55000305175781,58.2599983215332,-1.0
2019-03-14,7.36698579788208,7.369599190672159,7.293812295120965,7.35653222672176,42777800,0.003202585808339098,PETR4.SA,1326,600,67.2300033569336,58.61000061035156,-1.0
2019-03-15,7.382667541503906,7.419254053000822,7.34608103000699,7.359147498840507,61041100,0.0021286512628182486,PETR4.SA,1325,599,67.16000366210938,58.52000045776367,-1.0
2019-03-18,7.510718822479248,7.523785786273622,7.385278960775465,7.408798997151637,91920600,0.017344852691180135,PETR4.SA,1322,596,67.54000091552734,59.09000015258789,-1.0
2019-03-19,7.630932331085205,7.709332119358217,7.474132256085485,7.539465579130894,69423600,0.01600559299945603,PETR4.SA,1321,595,67.61000061035156,59.029998779296875,-1.0
2019-03-20,7.570825099945068,7.735465348910498,7.552531849716394,7.630932134422589,68878000,-0.007876787335052815,PETR4.SA,1320,594,68.5,59.83000183105469,-1.0
2019-03-21,7.46367883682251,7.570825448918192,7.296425685932412,7.536852339563781,80121300,-0.01415252125205424,PETR4.SA,1319,593,67.86000061035156,59.97999954223633,-1.0
2019-03-22,7.055999755859375,7.353919586046013,7.055999755859375,7.30165322026005,104731100,-0.05462173411747373,PETR4.SA,1318,592,67.02999877929688,59.040000915527344,-1.0
2019-03-25,7.144852638244629,7.21018596485736,7.008959199261253,7.011572592140209,104772900,0.012592529118424345,PETR4.SA,1315,589,67.20999908447266,58.81999969482422,-1.0
2019-03-26,7.481972694396973,7.495039659403061,7.244159414277389,7.249386200279825,91549100,0.047183626202145,PETR4.SA,1314,588,67.97000122070312,59.939998626708984,-1.0
2019-03-27,7.144852638244629,7.372212335722849,7.144852638244629,7.372212335722849,66415400,-0.04505764320749295,PETR4.SA,1313,587,67.83000183105469,59.40999984741211,-1.0
2019-03-28,7.333012104034424,7.333012104034424,7.042932486090652,7.121332275058439,69412700,0.026334968027559302,PETR4.SA,1312,586,67.81999969482422,59.29999923706055,-1.0
2019-03-29,7.333012104034424,7.455839071458644,7.249385529547798,7.434932427836988,51587400,0.0,PETR4.SA,1311,585,68.38999938964844,60.13999938964844,-1.0
2019-04-01,7.3173322677612305,7.427092271715797,7.283359158694825,7.421865486181364,42289800,-0.002138253155830272,PETR4.SA,1308,582,69.01000213623047,61.59000015258789,-1.0
2019-04-02,7.393118858337402,7.395731752543365,7.280745466241079,7.35391846689641,38460600,0.010357133966715226,PETR4.SA,1307,581,69.37000274658203,62.58000183105469,-1.0
2019-04-03,7.197120189666748,7.463679809005175,7.197120189666748,7.45584012806961,55120900,-0.026510958693653608,PETR4.SA,1306,580,69.30999755859375,62.459999084472656,-1.0
2019-04-04,7.440160274505615,7.440160274505615,7.152693989062693,7.257227229083193,52248100,0.0337690740787977,PETR4.SA,1305,579,69.4000015258789,62.099998474121094,-1.0
2019-04-05,7.521174430847168,7.549920762074181,7.372213993963173,7.458454483005724,54708900,0.01088876493953439,PETR4.SA,1304,578,70.33999633789062,63.08000183105469,-1.0
2019-04-08,7.644001007080078,7.680587519061728,7.573440878155032,7.594347527637953,55270000,0.01633077086061885,PETR4.SA,1301,575,71.0999984741211,64.4000015258789,-1.0
2019-04-09,7.620478630065918,7.6413852731454455,7.492425378897107,7.586505521981821,43863700,-0.0030772336362034913,PETR4.SA,1300,574,70.61000061035156,63.97999954223633,-1.0
2019-04-10,7.521174430847168,7.727627530185188,7.521174430847167,7.722400743251609,62005200,-0.013031228619545532,PETR4.SA,1299,573,71.7300033569336,64.61000061035156,-1.0
2019-04-11,7.3173322677612305,7.500265773836742,7.283359158694825,7.500265773836742,56126400,-0.02710243791845912,PETR4.SA,1298,572,70.83000183105469,63.58000183105469,-1.0
2019-04-12,6.75023889541626,7.048158688040541,6.682292179852992,6.917492042369724,227307600,-0.07750001661718653,PETR4.SA,1297,571,71.55000305175781,63.88999938964844,1.0
2019-04-15,6.776371479034424,6.946237997528549,6.6770645615769375,6.886131467645858,117567200,0.003871356854630692,PETR4.SA,1294,568,71.18000030517578,63.400001525878906,1.0
2019-04-16,6.982826232910156,7.07167960288377,6.697972870074825,6.781599952396981,95149300,0.030466858925088047,PETR4.SA,1293,567,71.72000122070312,64.05000305175781,1.0
2019-04-17,6.99066686630249,7.144853577248643,6.852160016237058,7.087360421716809,103988400,0.0011228452679203915,PETR4.SA,1292,566,71.62000274658203,63.7599983215332,1.0
2019-04-18,7.212798595428467,7.28858498709357,7.1213318481468555,7.150078668323449,100942100,0.03177547054870122,PETR4.SA,1291,565,71.97000122070312,64.0,-1.0
2019-04-22,7.170988082885742,7.288587804749772,7.139627857983016,7.23632142785038,45321900,-0.0057967114968695554,PETR4.SA,1287,561,74.04000091552734,65.69999694824219,-1.0
2019-04-23,7.233705520629883,7.3173320933729835,7.233705520629883,7.244158592995925,52199500,0.008745996649167864,PETR4.SA,1286,560,74.51000213623047,66.30000305175781,-1.0
2019-04-24,7.212798595428467,7.28858498709357,7.11087827773585,7.24415830975414,57704700,-0.002890209608587324,PETR4.SA,1285,559,74.56999969482422,65.88999938964844,-1.0
2019-04-25,7.265064239501953,7.335624337494079,7.168371214953002,7.173597999645817,55201700,0.007246236447890464,PETR4.SA,1284,558,74.3499984741211,65.20999908447266,-1.0
2019-04-26,7.126330375671387,7.262319185121819,7.076642060909971,7.238782641224493,52616600,-0.019096027131630278,PETR4.SA,1283,557,72.1500015258789,63.29999923706055,-1.0
2019-04-29,7.157712459564209,7.223091636035626,7.149866778818368,7.204785047628663,27689800,0.004403680749907046,PETR4.SA,1280,554,72.04000091552734,63.5,-1.0
2019-04-30,7.089717388153076,7.233551363316108,7.055719940261352,7.196939187559006,39570700,-0.009499553355245105,PETR4.SA,1279,553,72.80000305175781,63.90999984741211,-1.0
2019-05-02,6.990342140197754,7.013878686027665,6.935423865797015,7.008648231664667,37820300,-0.014016813719737065,PETR4.SA,1277,551,70.75,61.810001373291016,1.0
2019-05-03,7.021724224090576,7.079257724497178,7.021724224090576,7.034799860927304,33334800,0.004489348770550183,PETR4.SA,1276,550,70.8499984741211,61.939998626708984,1.0
2019-05-06,7.000802993774414,7.000802993774414,6.893581174195502,6.901426356874617,31715900,-0.002979500425890347,PETR4.SA,1273,547,71.23999786376953,62.25,1.0
2019-05-07,6.890966892242432,6.972036950136019,6.830818155702146,6.9694217226164,52454400,-0.01568907190070279,PETR4.SA,1272,546,69.87999725341797,61.400001525878906,1.0
2019-05-08,7.157712459564209,7.183863731109951,6.875274437159832,6.880504392186862,71780300,0.038709454201857785,PETR4.SA,1271,545,70.37000274658203,62.119998931884766,-1.0
2019-05-09,7.01649284362793,7.0923329239197415,6.966804532361002,7.087102470354063,46663300,-0.01972971347117758,PETR4.SA,1270,544,70.38999938964844,61.70000076293945,1.0
2019-05-10,6.977264881134033,7.0400288224889405,6.909270486632017,7.026953188424635,33336000,-0.005590821991576789,PETR4.SA,1269,543,70.62000274658203,61.65999984741211,1.0
2019-05-13,6.773281097412109,6.9223455072710705,6.752359785481087,6.854351118794392,43146100,-0.02923549373530021,PETR4.SA,1266,540,70.2300033569336,61.040000915527344,1.0
2019-05-14,6.799433708190918,6.859582425127463,6.760206305788975,6.843891563927382,34968600,0.0038611435732087696,PETR4.SA,1265,539,71.23999786376953,61.779998779296875,1.0
2019-05-15,6.768051624298096,6.770666851018414,6.7105181328615675,6.731439447820622,37053900,-0.00461539669914246,PETR4.SA,1264,538,71.7699966430664,62.02000045776367,1.0
2019-05-16,6.60852575302124,6.809893689815479,6.600680074085201,6.739284075801383,46502200,-0.023570427669927785,PETR4.SA,1263,537,72.62000274658203,62.869998931884766,1.0
2019-05-17,6.454232692718506,6.647755004561972,6.3993139224528495,6.550993599238462,67291200,-0.023347576459423758,PETR4.SA,1262,536,72.20999908447266,62.7599983215332,1.0
2019-05-20,6.67390775680542,6.67390775680542,6.443772731368749,6.454233641072065,54472000,0.034035814099907746,PETR4.SA,1259,533,71.97000122070312,63.099998474121094,1.0
2019-05-21,6.927578926086426,6.927578926086427,6.647756072147977,6.720980944660433,57846700,0.03800939097822198,PETR4.SA,1258,532,72.18000030517578,62.9900016784668,1.0
2019-05-22,6.901326656341553,6.948577614795859,6.814698647441251,6.914451839129922,48439300,-0.00378953022765538,PETR4.SA,1257,531,70.98999786376953,61.41999816894531,1.0
2019-05-23,6.783197402954102,6.804197993957005,6.699195038942492,6.798947721032883,49527400,-0.017116890602316803,PETR4.SA,1256,530,67.76000213623047,57.90999984741211,1.0
2019-05-24,6.8488240242004395,6.919701203612549,6.806822843962203,6.864574341616387,35915100,0.009674880052548351,PETR4.SA,1255,529,68.69000244140625,58.630001068115234,1.0
2019-05-27,6.8882012367248535,6.96695383855272,6.869825779839778,6.9039515568129675,33892000,0.005749485223342621,PETR4.SA,1252,526,68.69000244140625,58.630001068115234,1.0
2019-05-28,7.035207271575928,7.035207271575928,6.859327064751841,6.859327064751841,60774600,0.021341716044430026,PETR4.SA,1251,525,70.11000061035156,59.13999938964844,-1.0
2019-05-29,6.956453800201416,7.011580174888911,6.893452014546985,6.953828663212437,43124400,-0.011194193480652093,PETR4.SA,1250,524,69.44999694824219,58.810001373291016,1.0
2019-05-30,6.864575386047363,7.050956089818845,6.822574199418733,6.9590783063086015,71847200,-0.013207651023484535,PETR4.SA,1249,523,66.87000274658203,56.59000015258789,1.0
2019-05-31,6.707070827484131,6.8960766719980615,6.672945050387811,6.770073109451208,63137200,-0.02294454495807119,PETR4.SA,1248,522,64.48999786376953,53.5,1.0
2019-06-03,6.822573661804199,6.9092011649862615,6.785822751573507,6.793697660512312,53470600,0.017221054807825098,PETR4.SA,1245,519,61.279998779296875,53.25,1.0
2019-06-04,6.877702713012695,6.922329047054376,6.833076378971014,6.901328448722629,37331100,0.008080389299002011,PETR4.SA,1244,518,61.970001220703125,53.47999954223633,1.0
2019-06-05,6.788447856903076,6.901326224313855,6.709695263021939,6.872450223154744,65282100,-0.012977422816014994,PETR4.SA,1243,517,60.630001068115234,51.68000030517578,1.0
2019-06-06,6.8987016677856445,6.99057895066443,6.751697013792307,6.869825664198803,87836900,0.01624138731071678,PETR4.SA,1242,516,61.66999816894531,52.59000015258789,1.0
2019-06-07,7.024706840515137,7.043082301309601,6.922328987120979,7.006331379720674,52235500,0.018265056063793805,PETR4.SA,1241,515,63.290000915527344,53.9900016784668,1.0
2019-06-10,6.9958295822143555,7.058831365424351,6.961703804069065,6.982704398472396,39666800,-0.004110813298888294,PETR4.SA,1238,512,62.290000915527344,53.2599983215332,1.0
2019-06-11,7.129709243774414,7.1638355258896205,7.011580575981338,7.058832043098568,52437000,0.019137067303701016,PETR4.SA,1237,511,62.290000915527344,53.27000045776367,-1.0
2019-06-12,7.048331260681152,7.119208453970404,6.993204387891625,7.092957586008422,43392200,-0.011413927316085148,PETR4.SA,1236,510,59.970001220703125,51.13999938964844,-1.0
2019-06-13,7.134958267211914,7.190084635388583,7.108707401116232,7.127082857175122,48981600,0.012290427808637094,PETR4.SA,1235,509,61.310001373291016,52.279998779296875,-1.0
2019-06-14,7.103457927703857,7.153334528833072,7.061456737498314,7.14020934465397,42802400,-0.0044149297484771255,PETR4.SA,1234,508,62.0099983215332,52.5099983215332,-1.0
2019-06-17,7.116582870483398,7.200585242135002,7.077206320664784,7.10870746038095,49290000,0.0018476836089016402,PETR4.SA,1231,505,60.939998626708984,51.93000030517578,-1.0
2019-06-18,7.205835819244385,7.224211276230949,7.153334084402503,7.166459267766148,31332800,0.012541545624539907,PETR4.SA,1230,504,62.13999938964844,53.900001525878906,-1.0
2019-06-19,7.224210739135742,7.242586194756154,7.145458142727903,7.17958441804605,33286300,0.0025500053501474884,PETR4.SA,1229,503,61.81999969482422,53.7599983215332,-1.0
2019-06-21,7.423717021942139,7.452592524914103,7.337089511638961,7.337089511638961,58424700,0.027616343156437795,PETR4.SA,1227,501,65.19999694824219,57.43000030517578,-1.0
2019-06-24,7.4158430099487305,7.44996879287511,7.381717227022352,7.434218470039376,27365000,-0.0010606562682999865,PETR4.SA,1224,498,64.86000061035156,57.900001525878906,-1.0
2019-06-25,7.221586227416992,7.392216116691817,7.187459949145833,7.386965843004923,56472100,-0.02619483479776108,PETR4.SA,1223,497,65.05000305175781,57.83000183105469,-1.0
2019-06-26,7.26358699798584,7.33183904991111,7.22421094898493,7.232085858368936,48901500,0.005816003471562858,PETR4.SA,1222,496,66.48999786376953,59.380001068115234,-1.0
2019-06-27,7.148082256317139,7.232084613241602,7.090330761104957,7.203209115982282,55219200,-0.015901887277006588,PETR4.SA,1221,495,66.55000305175781,59.43000030517578,-1.0
2019-06-28,7.195335865020752,7.247837604189701,7.11658375696102,7.205836413132018,40262000,0.006610669408826819,PETR4.SA,1220,494,66.55000305175781,58.470001220703125,-1.0
2019-07-01,7.15595817565918,7.358089174365385,7.142832493519673,7.3082125836224145,46759100,-0.005472668698205174,PETR4.SA,1217,491,65.05999755859375,59.09000015258789,-1.0
2019-07-02,7.040455341339111,7.1559588516093156,6.9958290192365515,7.1559588516093156,57954200,-0.01614079225797438,PETR4.SA,1216,490,62.400001525878906,56.25,-1.0
2019-07-03,7.134958267211914,7.140208540569776,7.058830805603798,7.098207355094134,29291800,0.013422842883174635,PETR4.SA,1215,489,63.81999969482422,57.34000015258789,-1.0
2019-07-04,7.190085411071777,7.239962011965016,7.171709953030501,7.187460274109641,28577400,0.007726344260932105,PETR4.SA,1214,488,63.81999969482422,57.34000015258789,-1.0
2019-07-05,7.19271183013916,7.242588439922934,7.1218346216086035,7.158586044935801,27414700,0.00036528343089470283,PETR4.SA,1213,487,64.2300033569336,57.5099983215332,-1.0
2019-07-08,7.258337020874023,7.276712477778261,7.203210650161308,7.218960970265848,25318200,0.009123845398598895,PETR4.SA,1210,484,64.11000061035156,57.65999984741211,-1.0
2019-07-10,7.36859130859375,7.421093050650395,7.342340437565427,7.350215849082039,50715800,0.015190020441686602,PETR4.SA,1208,482,67.01000213623047,60.43000030517578,-1.0
2019-07-11,7.455216884613037,7.484092885268883,7.392215111022309,7.402715656967558,48206900,0.011756056536648796,PETR4.SA,1207,481,66.5199966430664,60.20000076293945,-1.0
2019-07-12,7.489344596862793,7.544470971583759,7.45784345366961,7.491969733853366,40908900,0.004577695428310324,PETR4.SA,1206,480,66.72000122070312,60.209999084472656,-1.0
2019-07-15,7.39746618270874,7.520844606725208,7.39746618270874,7.505094286800341,36592400,-0.012267884454474132,PETR4.SA,1203,477,66.4800033569336,59.58000183105469,-1.0
2019-07-16,7.305587291717529,7.436841106157796,7.245210657241461,7.423715924991196,54789300,-0.012420319163604088,PETR4.SA,1202,476,64.3499984741211,57.619998931884766,-1.0
2019-07-17,7.266213893890381,7.350216285614981,7.255713344577932,7.3475911482868685,28923500,-0.005389491118912071,PETR4.SA,1201,475,63.65999984741211,56.779998779296875,-1.0
2019-07-18,7.221586227416992,7.300338329945786,7.20058563336307,7.287213146422206,35830700,-0.006141804676423446,PETR4.SA,1200,474,61.93000030517578,55.29999923706055,-1.0
2019-07-19,7.203211784362793,7.245212978384079,7.184836324565196,7.218962106947343,28418900,-0.0025443777136441303,PETR4.SA,1199,473,62.470001220703125,55.630001068115234,-1.0
2019-07-22,7.216333866119385,7.284585902223439,7.182208098414114,7.250460134518168,22304400,0.0018216987295969211,PETR4.SA,1196,470,63.2599983215332,56.220001220703125,-1.0
2019-07-23,7.224210739135742,7.253086240527697,7.192709600433884,7.221585602519453,21124400,0.0010915338955337361,PETR4.SA,1195,469,63.83000183105469,56.77000045776367,-1.0
2019-07-24,7.17958402633667,7.2557109812812115,7.166458343971344,7.242585799609472,27939600,-0.00617738247270605,PETR4.SA,1194,468,63.18000030517578,55.880001068115234,-1.0
2019-07-25,7.058830738067627,7.218960569094965,7.037830145530732,7.211085159133521,26892300,-0.016818981131230815,PETR4.SA,1193,467,63.38999938964844,56.02000045776367,-1.0
2019-07-26,6.861949920654297,7.035204932373036,6.851449874846842,7.035204932373036,75644000,-0.027891420650104304,PETR4.SA,1192,466,63.459999084472656,56.20000076293945,1.0
2019-07-29,6.924951553344727,6.940702372768269,6.8146983208479535,6.882950369602489,26493300,0.009181301731858493,PETR4.SA,1189,463,63.709999084472656,56.869998931884766,1.0
2019-07-30,6.8882012367248535,6.953828154567918,6.872450916636739,6.917077240797769,38201600,-0.005306942053930008,PETR4.SA,1188,462,64.72000122070312,58.04999923706055,1.0
2019-07-31,6.846200942993164,6.95645419938858,6.830450620849165,6.9275781915464885,39890200,-0.006097425479929752,PETR4.SA,1187,461,65.16999816894531,58.58000183105469,1.0
2019-08-01,6.8908257484436035,6.972202978992919,6.604692372547981,6.90395093054415,91345800,0.006518185168974844,PETR4.SA,1186,460,60.5,53.95000076293945,1.0
2019-08-02,6.961704254150391,7.058831821785073,6.898702466867264,6.922328199685149,64112900,0.010285923384842022,PETR4.SA,1185,459,61.88999938964844,55.65999984741211,1.0
2019-08-05,6.707070827484131,6.859325257401658,6.699195917758484,6.77269774556399,48277000,-0.03657630622766739,PETR4.SA,1182,456,59.810001373291016,54.689998626708984,1.0
2019-08-06,6.793697357177734,6.882949992918853,6.741196130719978,6.7989476300315825,44208100,0.012915702237499271,PETR4.SA,1181,455,58.939998626708984,53.630001068115234,1.0
2019-08-07,6.720195770263672,6.754321543595843,6.562691084106399,6.678194587380879,67698500,-0.010819084667703982,PETR4.SA,1180,454,56.22999954223633,51.09000015258789,1.0
2019-08-08,6.917078495025635,6.917078495025635,6.788449772813074,6.851451565282875,50256700,0.02929717101890894,PETR4.SA,1179,453,57.380001068115234,52.540000915527344,1.0
2019-08-09,6.8987016677856445,7.006329771181056,6.851450207623046,6.903951440597546,36641500,-0.0026567324995958597,PETR4.SA,1178,452,58.529998779296875,54.5,1.0
2019-08-12,6.733322620391846,6.804199821827081,6.704447112939271,6.804199821827081,36122000,-0.023972488644647072,PETR4.SA,1175,449,58.56999969482422,54.93000030517578,1.0
2019-08-13,6.823276996612549,6.913230549279269,6.675117075992015,6.7095115415258135,45330500,0.013359582080364918,PETR4.SA,1174,448,61.29999923706055,57.099998474121094,1.0
2019-08-14,6.593097686767578,6.714799889434783,6.556057973717254,6.683051708142575,54401100,-0.03373442261822934,PETR4.SA,1173,447,59.47999954223633,55.22999954223633,1.0
2019-08-15,6.410547256469727,6.614266794862328,6.386735855637941,6.611621027588962,53894500,-0.027688112473175153,PETR4.SA,1172,446,58.22999954223633,54.470001220703125,1.0
2019-08-16,6.325883865356445,6.553414773760381,6.320592331526484,6.540185939185478,56782000,-0.01320688979054574,PETR4.SA,1171,445,58.63999938964844,54.869998931884766,1.0
2019-08-19,6.357630729675293,6.481978711037167,6.3100079482006155,6.429064397259015,50699300,0.005018565783780682,PETR4.SA,1168,442,59.7400016784668,56.209999084472656,1.0
2019-08-20,6.354986190795898,6.399963214804784,6.265032142778129,6.32588326213474,37141700,-0.00041596295724610766,PETR4.SA,1167,441,60.029998779296875,56.34000015258789,1.0
2019-08-21,6.733321189880371,6.8761890348817305,6.39731644579131,6.442293462753061,87840800,0.05953356745801042,PETR4.SA,1166,440,60.29999923706055,55.68000030517578,1.0
2019-08-22,6.672469615936279,6.804754901376455,6.656595522979387,6.746549557448972,40808800,-0.009037378765704318,PETR4.SA,1165,439,59.91999816894531,55.349998474121094,1.0
2019-08-23,6.423775672912598,6.712157726687264,6.410546837410541,6.556061000162317,58032300,-0.03727164863062249,PETR4.SA,1164,438,59.34000015258789,54.16999816894531,1.0
2019-08-26,6.339112758636475,6.529603956415812,6.288844696670027,6.503146789543295,39688800,-0.01317961874558049,PETR4.SA,1161,435,58.70000076293945,53.63999938964844,1.0
2019-08-27,6.439648151397705,6.5666419125093,6.299425558110935,6.394671131258805,70475200,0.01585953690826214,PETR4.SA,1160,434,59.5099983215332,54.93000030517578,1.0
2019-08-28,6.505789756774902,6.534892678272398,6.381441782007156,6.402607405470352,41981500,0.010270996772213659,PETR4.SA,1159,433,60.4900016784668,55.779998779296875,1.0
2019-08-29,6.746549606323242,6.746549606323241,6.529601817370241,6.587807161719383,61008800,0.03700701352939073,PETR4.SA,1158,432,61.08000183105469,56.709999084472656,1.0
2019-08-30,6.746549606323242,6.796818156450599,6.659241337485367,6.754486905173347,54958200,0.0,PETR4.SA,1157,431,60.43000030517578,55.099998474121094,1.0
2019-09-02,6.693637371063232,6.76771733614514,6.680409040161828,6.717448770388543,19049900,-0.007842858697787891,PETR4.SA,1154,428,60.43000030517578,55.099998474121094,1.0
2019-09-03,6.773008346557617,6.7888824433373545,6.622203165579019,6.643368796161481,47829600,0.011857674847685518,PETR4.SA,1153,427,58.2599983215332,53.939998626708984,1.0
2019-09-04,6.947624206542969,6.976727134819888,6.878835788106498,6.921167044893806,56179000,0.0257811375759045,PETR4.SA,1152,426,60.70000076293945,56.2599983215332,1.0
2019-09-05,6.98201847076416,7.087847122018918,6.968790141671519,7.037578563135749,48586800,0.004950507281150873,PETR4.SA,1151,425,60.95000076293945,56.29999923706055,1.0
2019-09-06,7.01641321182251,7.1063672661762665,6.9317506911668385,6.984664514262419,48502200,0.004926188780847607,PETR4.SA,1150,424,61.540000915527344,56.52000045776367,1.0
2019-09-09,7.124886512756348,7.148697907708179,7.064035394380951,7.077263722852686,37303000,0.015459936246494443,PETR4.SA,1147,421,62.59000015258789,57.849998474121094,1.0
2019-09-10,7.169865608215332,7.2360082789467866,7.085203070419636,7.156636771291923,44109400,0.006312956055995356,PETR4.SA,1146,420,62.380001068115234,57.400001525878906,1.0
2019-09-11,7.109011173248291,7.236004921009167,7.098428108620737,7.236004921009167,51540400,-0.00848752798062391,PETR4.SA,1145,419,60.810001373291016,55.75,1.0
2019-09-12,7.159280776977539,7.180446406218193,7.0481610973070055,7.106366956190108,41028300,0.007071251191504091,PETR4.SA,1144,418,60.380001068115234,55.09000015258789,1.0
2019-09-13,7.111655235290527,7.1963182241464025,7.095781145654893,7.1751526030894865,24709400,-0.0066522801899547845,PETR4.SA,1143,417,60.220001220703125,54.849998474121094,1.0
2019-09-16,7.4238505363464355,7.471473322788169,7.325959701663624,7.439725134912578,167634600,0.0438991051628439,PETR4.SA,1140,414,69.0199966430664,62.900001525878906,1.0
2019-09-17,7.325959205627441,7.341833298490412,7.185736622224315,7.3180219068818,67414800,-0.013186058937976752,PETR4.SA,1139,413,64.55000305175781,59.34000015258789,1.0
2019-09-18,7.201611518859863,7.273045701658476,7.201611518859862,7.241297512389116,40567100,-0.01697357073351713,PETR4.SA,1138,412,63.599998474121094,58.11000061035156,1.0
2019-09-19,7.220130443572998,7.368289808057837,7.201610081462658,7.362998276026312,42155100,0.0025714973189872037,PETR4.SA,1137,411,64.4000015258789,58.130001068115234,1.0
2019-09-20,7.143404483795166,7.2571698952035355,7.143404483795166,7.236004272473717,51946900,-0.01062667224331515,PETR4.SA,1136,410,64.27999877929688,58.09000015258789,1.0
2019-09-23,7.2703986167907715,7.273044382854863,7.1222392495996125,7.143404873484064,32643100,0.017777816345650344,PETR4.SA,1133,407,64.7699966430664,58.63999938964844,1.0
2019-09-24,7.214839935302734,7.286274113979793,7.1830912432368175,7.254525421913876,36643400,-0.007641765522969579,PETR4.SA,1132,406,63.099998474121094,57.290000915527344,1.0
2019-09-25,7.2333598136901855,7.236005580088059,7.085200427807659,7.151343073869473,29038400,0.0025669146583324753,PETR4.SA,1131,405,62.38999938964844,56.4900016784668,1.0
2019-09-26,7.328606605529785,7.328606605529785,7.204258087270522,7.249235114265238,33705900,0.013167711035103169,PETR4.SA,1130,404,62.7400016784668,56.40999984741211,1.0
2019-09-27,7.318022727966309,7.39474844389789,7.280983005587404,7.288919800595243,31886800,-0.0014441868875170183,PETR4.SA,1129,403,61.90999984741211,55.90999984741211,1.0
2019-09-30,7.2889180183410645,7.3127294067990665,7.2492325391204755,7.2915637842395356,23143400,-0.003977127525720658,PETR4.SA,1126,400,60.779998779296875,54.06999969482422,1.0
2019-10-01,7.278338432312012,7.336543791968431,7.2386529368813415,7.302149830496105,32423200,-0.0014514617948001574,PETR4.SA,1125,399,58.88999938964844,53.619998931884766,1.0
2019-10-02,7.069324970245361,7.212193310596885,7.040222552662418,7.201610246291611,51261200,-0.02871719472932721,PETR4.SA,1124,398,57.689998626708984,52.63999938964844,1.0
2019-10-03,7.074617862701416,7.093137724168355,6.952915627559608,7.0772636292864615,46076300,0.0007487125685030627,PETR4.SA,1123,397,57.709999084472656,52.45000076293945,1.0
2019-10-04,7.013765811920166,7.122239704332231,6.950268936212736,7.103719845329436,47951600,-0.008601461161891533,PETR4.SA,1122,396,58.369998931884766,52.810001373291016,1.0
2019-10-07,6.923813819885254,7.037579278305252,6.905293955422177,6.976728150889867,26252500,-0.01282506351752366,PETR4.SA,1119,393,58.349998474121094,52.75,1.0
2019-10-08,6.884125232696533,6.995244874206259,6.865605376549618,6.923810710815386,30418900,-0.005732185789677713,PETR4.SA,1118,392,58.2400016784668,52.630001068115234,1.0
2019-10-09,7.01641321182251,7.066681268069046,6.918521856921622,6.97143618464563,35141400,0.01921638184291985,PETR4.SA,1117,391,58.31999969482422,52.59000015258789,1.0
2019-10-10,7.074617862701416,7.111657585635293,7.021704044885648,7.034932373182495,31056500,0.00829549929882023,PETR4.SA,1116,390,59.099998474121094,53.54999923706055,1.0
2019-10-11,7.212193965911865,7.2386511244507235,7.12488569597346,7.12488569597346,37055300,0.019446435960276176,PETR4.SA,1115,389,60.5099983215332,54.70000076293945,1.0
2019-10-14,7.2254228591918945,7.2307143922400785,7.1275320209423105,7.153989181554867,20809900,0.0018342398086568235,PETR4.SA,1112,386,59.349998474121094,53.59000015258789,1.0
2019-10-15,7.302150249481201,7.376229710634754,7.225424516568187,7.225424516568187,30455300,0.010619086492868357,PETR4.SA,1111,385,58.7400016784668,52.810001373291016,1.0
2019-10-16,7.389456748962402,7.400039310283865,7.238651591575963,7.288919640952537,31381300,0.011956272672889012,PETR4.SA,1110,384,59.41999816894531,53.36000061035156,1.0
2019-10-17,7.318022727966309,7.407976771996536,7.299502866776856,7.389456910807084,31405400,-0.009667019298289281,PETR4.SA,1109,383,59.90999984741211,53.93000030517578,1.0
2019-10-18,7.302150249481201,7.405332644447068,7.302150249481202,7.378875477765735,36070900,-0.002168957254594206,PETR4.SA,1108,382,59.41999816894531,53.779998779296875,1.0
2019-10-21,7.347126007080078,7.35770856913996,7.302148982911696,7.341834473735941,43337700,0.006159248449054022,PETR4.SA,1105,379,58.959999084472656,53.310001373291016,1.0
2019-10-22,7.558781623840332,7.587884550022276,7.34712535513988,7.3550621498234285,64228700,0.02880794701986744,PETR4.SA,1104,378,59.70000076293945,54.15999984741211,1.0
2019-10-23,7.659317970275879,7.693711921292801,7.527032689301361,7.548198314072152,45930600,0.013300602059789224,PETR4.SA,1103,377,61.16999816894531,55.970001220703125,-1.0
2019-10-24,7.492638111114502,7.738688810443488,7.468826720558259,7.71223165375563,60529900,-0.021761710351786534,PETR4.SA,1102,376,61.66999816894531,56.22999954223633,1.0
2019-10-25,7.738688945770264,7.81805991259351,7.6751920713860065,7.725460619509156,74476900,0.03283901224199948,PETR4.SA,1101,375,62.02000045776367,56.65999984741211,-1.0
2019-10-28,7.831289291381836,7.847163384931421,7.704295533728483,7.73075218810168,37461800,0.011965895807478422,PETR4.SA,1098,372,61.56999969482422,55.810001373291016,-1.0
2019-10-29,7.889493942260742,7.921242631190554,7.741334571387625,7.778374287948831,49994200,0.007432320364280098,PETR4.SA,1097,371,61.59000015258789,55.540000915527344,-1.0
2019-10-30,7.958284378051758,7.960930144856582,7.796896135356418,7.876267625615886,63001200,0.008719245656877206,PETR4.SA,1096,370,60.61000061035156,55.060001373291016,-1.0
2019-10-31,8.040300369262695,8.058820230514655,7.841872419343057,7.900078274281642,67070400,0.010305737683504956,PETR4.SA,1095,369,60.22999954223633,54.18000030517578,-1.0
2019-11-01,8.050882339477539,8.262538588726763,7.894785666420622,8.093213589327384,101210200,0.001316116280344115,PETR4.SA,1094,368,61.689998626708984,56.20000076293945,-1.0
2019-11-04,8.03236198425293,8.259892311974737,7.926533361541459,8.172584051477564,81023400,-0.0023004131030203157,PETR4.SA,1091,365,62.130001068115234,56.540000915527344,-1.0
2019-11-05,7.844518661499023,8.095860948487095,7.825998799124231,8.0455923901638,92980900,-0.023385813926484422,PETR4.SA,1090,364,62.959999084472656,57.22999954223633,-1.0
2019-11-06,7.860391139984131,8.12231643994339,7.434432879114167,7.9503451712648605,154003100,0.0020233846294495095,PETR4.SA,1089,363,61.7400016784668,56.349998474121094,-1.0
2019-11-07,8.175230979919434,8.220207999578474,7.815415327275467,7.937117554218546,96329000,0.04005396605949785,PETR4.SA,1088,362,62.290000915527344,57.150001525878906,-1.0
2019-11-08,7.942409515380859,8.146128998036904,7.918598121063744,8.056174953867439,61567700,-0.028478885197304682,PETR4.SA,1087,361,62.5099983215332,57.2400016784668,-1.0
2019-11-11,8.056172370910645,8.056172370910645,7.881555871655968,7.897429961235064,30570500,0.014323468880505175,PETR4.SA,1084,358,62.18000030517578,56.86000061035156,-1.0
2019-11-12,7.995166301727295,8.152299854893672,7.9925029608963,8.000492983389282,41655600,-0.0075725873745740024,PETR4.SA,1083,357,62.060001373291016,56.79999923706055,-1.0
2019-11-13,7.963207244873047,8.024462564084448,7.885972387602229,7.976523949906193,41827700,-0.003997297322926641,PETR4.SA,1082,356,62.369998931884766,57.119998931884766,-1.0
2019-11-14,7.803408622741699,8.016471284551928,7.7954191094607275,7.957878811263499,44595200,-0.020067118337806722,PETR4.SA,1081,355,62.279998779296875,56.77000045776367,-1.0
2019-11-18,7.744817733764648,7.949890402813506,7.742154392974107,7.909941306916014,54468100,-0.007508371252826329,PETR4.SA,1077,351,62.439998626708984,57.04999923706055,-1.0
2019-11-19,7.664917469024658,7.854010042190969,7.651600768673398,7.790091404445448,33740200,-0.010316610085173927,PETR4.SA,1076,350,60.90999984741211,55.209999084472656,-1.0
2019-11-21,7.949889659881592,7.949889659881592,7.691551215124741,7.704867917832978,53033100,0.037178768330977885,PETR4.SA,1074,348,63.970001220703125,58.58000183105469,-1.0
2019-11-22,7.984512805938721,8.080391042342569,7.872655032794336,7.925920832569877,34786000,0.004355173158169912,PETR4.SA,1073,347,63.38999938964844,57.77000045776367,-1.0
2019-11-25,7.917929172515869,8.016470729324823,7.891296278136675,7.968531621038316,29868400,-0.008339097831157383,PETR4.SA,1070,344,63.650001525878906,58.0099983215332,-1.0
2019-11-26,7.774111270904541,7.917928067716907,7.750141720105791,7.888632345169652,54147800,-0.01816357515681477,PETR4.SA,1069,343,64.2699966430664,58.40999984741211,-1.0
2019-11-27,7.811399936676025,7.896624812311498,7.760797476274842,7.8167266183983255,33072500,0.004796518144915218,PETR4.SA,1068,342,64.05999755859375,58.11000061035156,-1.0
2019-11-28,7.864664077758789,7.867327418057725,7.672907640077189,7.808734947441582,46602800,0.006818770196706847,PETR4.SA,1067,341,64.05999755859375,58.11000061035156,-1.0
2019-11-29,7.763460636138916,7.872655068998649,7.726174880912758,7.8540121913855705,37699000,-0.012868120064539745,PETR4.SA,1066,340,62.43000030517578,55.16999816894531,-1.0
2019-12-02,7.742154121398926,7.856675231473523,7.742154121398926,7.8300423324826385,31353600,-0.0027444609741187342,PETR4.SA,1063,337,60.91999816894531,55.959999084472656,-1.0
2019-12-03,7.718183517456055,7.77411264855774,7.651601532989429,7.7687859678851545,29194000,-0.003096115572876257,PETR4.SA,1062,336,60.81999969482422,56.099998474121094,-1.0
2019-12-04,7.899285793304443,7.8992857933044425,7.752805645563655,7.792754730585672,44960000,0.02346436508522931,PETR4.SA,1061,335,63.0,58.43000030517578,-1.0
2019-12-05,8.003154754638672,8.093706298959704,7.862001265181965,7.893960334953944,50447000,0.013149158550798346,PETR4.SA,1060,334,63.38999938964844,58.43000030517578,-1.0
2019-12-06,8.083052635192871,8.146971276313112,8.024460166514162,8.0297868469359,44348600,0.009983298212231873,PETR4.SA,1059,333,64.38999938964844,59.20000076293945,-1.0
2019-12-09,8.045766830444336,8.117675496221036,8.021797783165669,8.069736385703235,34694100,-0.00461283705937976,PETR4.SA,1056,330,64.25,59.02000045776367,-1.0
2019-12-10,8.107024192810059,8.107024192810059,7.96320683375904,8.016472635180971,27532700,0.007613613923526996,PETR4.SA,1055,329,64.33999633789062,59.2400016784668,-1.0
2019-12-11,8.096370697021484,8.178932230693949,8.05908494142366,8.125666938122816,38458300,-0.0013141068208507578,PETR4.SA,1054,328,63.720001220703125,58.7599983215332,-1.0
2019-12-12,8.248175621032715,8.269481834627374,8.117674999267907,8.160287426457224,47797800,0.01874974969551202,PETR4.SA,1053,327,64.19999694824219,59.18000030517578,-1.0
2019-12-13,7.984512805938721,8.24817744806899,7.955217073244456,8.226871229754837,105004400,-0.03196619800646072,PETR4.SA,1052,326,65.22000122070312,60.06999969482422,-1.0
2019-12-16,7.832705020904541,8.035114325207042,7.832705020904541,8.003154747483382,68871000,-0.019012779955875136,PETR4.SA,1049,323,65.33999633789062,60.209999084472656,-1.0
2019-12-17,7.949889659881592,7.963205854609561,7.838031897033741,7.893960524467532,40679900,0.014960941164552821,PETR4.SA,1048,322,66.0999984741211,60.939998626708984,-1.0
2019-12-18,8.13365650177002,8.141646015815814,7.9099409648424945,7.9232571602390145,64201600,0.02311564685177836,PETR4.SA,1047,321,66.16999816894531,60.93000030517578,-1.0
2019-12-19,8.152298927307129,8.189584678737942,8.10169647323655,8.109686494820409,39696000,0.0022920104301247246,PETR4.SA,1046,320,66.54000091552734,61.220001220703125,-1.0
2019-12-20,8.05908489227295,8.149636447869973,7.995166236789224,8.149636447869973,93064900,-0.011434079621632565,PETR4.SA,1045,319,66.13999938964844,60.439998626708984,-1.0
2019-12-23,8.123002052307129,8.123002052307129,7.997828105193638,8.040440534337815,21970200,0.007931069208051644,PETR4.SA,1042,316,66.38999938964844,60.52000045776367,-1.0
2019-12-26,8.232196807861328,8.237523488720942,8.123002390140483,8.146971946028497,24810500,0.013442660096729231,PETR4.SA,1039,313,67.91999816894531,61.68000030517578,-1.0
2019-12-27,8.240822792053223,8.34882822861141,8.178719730408583,8.28672516696677,24995100,0.0010478350303355644,PETR4.SA,1038,312,68.16000366210938,61.720001220703125,-1.0
2019-12-30,8.149015426635742,8.29212239101333,8.140914828364973,8.248920230256656,22111600,-0.011140558137715528,PETR4.SA,1035,309,68.44000244140625,61.68000030517578,-1.0
2020-01-02,8.289423942565918,8.289423942565918,8.184118209386199,8.238121175889155,37774500,0.017230120275786742,PETR4.SA,1032,306,66.25,61.18000030517578,-1.0
2020-01-03,8.221920013427734,8.435230637177801,8.221920013427734,8.338025509133988,71595600,-0.008143379999127953,PETR4.SA,1031,305,68.5999984741211,63.04999923706055,-1.0
2020-01-06,8.31912612915039,8.354228216178026,8.08691458078293,8.216521098245305,81844000,0.011822799974203546,PETR4.SA,1028,302,68.91000366210938,63.27000045776367,-1.0
2020-01-07,8.286725044250488,8.338027303974313,8.227321668765267,8.321826617483135,32822000,-0.0038947702435196963,PETR4.SA,1027,301,68.2699966430664,62.70000076293945,-1.0
2020-01-08,8.235420227050781,8.308324070696026,8.16521658298615,8.286722989061554,48215600,-0.006191205443132675,PETR4.SA,1026,300,65.44000244140625,59.61000061035156,-1.0
2020-01-09,8.208419799804688,8.267823168181705,8.167917830917933,8.227320684284473,36102700,-0.0032785731027308307,PETR4.SA,1025,299,65.37000274658203,59.560001373291016,-1.0
2020-01-10,8.173316955566406,8.219219317145807,8.13551467749429,8.205718319616338,25397500,-0.004276443590167767,PETR4.SA,1024,298,64.9800033569336,59.040000915527344,-1.0
2020-01-13,8.189519882202148,8.216521369651346,8.157117994261004,8.194920282694095,30676800,0.0019824175085620954,PETR4.SA,1021,295,64.19999694824219,58.08000183105469,-1.0
2020-01-14,8.10041618347168,8.173320052725467,8.03831311633427,8.162519250609087,39796500,-0.010880210319058281,PETR4.SA,1020,294,64.48999786376953,58.22999954223633,-1.0
2020-01-15,7.978909015655518,8.081514566471936,7.97620933038031,8.073413965614678,34405700,-0.015000114199575143,PETR4.SA,1019,293,64.0,57.810001373291016,-1.0
2020-01-16,7.9708075523376465,8.019410119060876,7.9195047857953,7.9924086358801425,28997400,-0.0010153597818918225,PETR4.SA,1018,292,64.62000274658203,58.52000045776367,-1.0
2020-01-17,8.059913635253906,8.059913635253906,7.97620948481706,8.024811545870014,34908000,0.011179053355782953,PETR4.SA,1017,291,64.8499984741211,58.540000915527344,-1.0
2020-01-20,8.10041618347168,8.127417673752037,8.005911224995724,8.0194122276412,31241400,0.005025183897829466,PETR4.SA,1014,288,64.8499984741211,58.540000915527344,-1.0
2020-01-21,7.9978108406066895,8.084215194277943,7.978909437606852,8.046412903288841,28577400,-0.012666675457286836,PETR4.SA,1013,287,64.58999633789062,58.34000015258789,-1.0
2020-01-22,7.9087042808532715,8.049111062456504,7.903303881365721,8.027509979516742,32491500,-0.011141368748183389,PETR4.SA,1012,286,63.209999084472656,56.7400016784668,-1.0
2020-01-23,8.005908966064453,8.03561064849334,7.781797535490328,7.85470138417371,53752100,0.012290848381638408,PETR4.SA,1011,285,62.040000915527344,55.59000015258789,-1.0
2020-01-24,7.911402702331543,8.04100969428553,7.8682005433503335,7.981606339428597,36898700,-0.011804563870699059,PETR4.SA,1010,284,60.689998626708984,54.189998626708984,-1.0
2020-01-27,7.568488597869873,7.733196700449144,7.471283444536782,7.730496500077607,66105300,-0.04334428638812826,PETR4.SA,1007,281,59.31999969482422,53.13999938964844,-1.0
2020-01-28,7.7763991355896,7.868203891239817,7.673794093103779,7.676494293565324,47259100,0.027470549110458098,PETR4.SA,1006,280,59.5099983215332,53.47999954223633,-1.0
2020-01-29,7.789898872375488,7.852001927870226,7.741296301984651,7.830400842697687,42297500,0.001735988154736745,PETR4.SA,1005,279,59.810001373291016,53.33000183105469,-1.0
2020-01-30,7.814199447631836,7.841200930396983,7.608988899631344,7.635990382396491,44266800,0.0031194981673667854,PETR4.SA,1004,278,58.290000915527344,52.13999938964844,-1.0
2020-01-31,7.6818928718566895,7.787198089818983,7.644090589374733,7.730494923601278,55446700,-0.016931558589183826,PETR4.SA,1003,277,58.15999984741211,51.560001373291016,-1.0
2020-02-03,7.608989715576172,7.7574971141939,7.603589315441945,7.7007944578160235,39452800,-0.009490259431709225,PETR4.SA,1000,274,54.45000076293945,50.11000061035156,-1.0
2020-02-04,7.730493545532227,7.841199658411831,7.711592665165825,7.735893944211303,57658400,0.015968457639958133,PETR4.SA,999,273,53.959999084472656,49.61000061035156,-1.0
2020-02-05,7.6656928062438965,7.889804274406041,7.6656928062438965,7.843901900685576,67994500,-0.008382484107470889,PETR4.SA,998,272,55.279998779296875,50.75,-1.0
2020-02-06,7.879003524780273,7.968108066756445,7.592789013434163,7.749397011907752,126114000,0.02782667189097765,PETR4.SA,997,271,54.93000030517578,50.95000076293945,-1.0
2020-02-07,7.8115010261535645,7.9249068675758245,7.757498048329414,7.8304019138888465,54514600,-0.008567390332344327,PETR4.SA,996,270,54.470001220703125,50.31999969482422,-1.0
2020-02-10,7.865504264831543,7.865504264831543,7.733197522623076,7.800700994056617,45328100,0.006913298544949376,PETR4.SA,993,267,53.27000045776367,49.56999969482422,-1.0
2020-02-11,7.9600090980529785,8.000511077250598,7.900606229563846,7.938408008146875,37518200,0.01201510164376729,PETR4.SA,992,266,54.0099983215332,49.939998626708984,-1.0
2020-02-12,8.135515213012695,8.176017693256771,8.00050831889359,8.003208518577225,64851000,0.022048481703701217,PETR4.SA,991,265,55.790000915527344,51.16999816894531,-1.0
2020-02-13,8.024810791015625,8.15711750507054,8.003209705353813,8.038311791435824,55277100,-0.01360754901176997,PETR4.SA,990,264,56.34000015258789,51.41999816894531,-1.0
2020-02-14,7.9438066482543945,8.089613844042859,7.9222055631371955,8.06261287390423,30399900,-0.010094212171571804,PETR4.SA,989,263,57.31999969482422,52.04999923706055,-1.0
2020-02-17,7.927606105804443,8.038311733398237,7.914105105481722,8.000509447505122,38684900,-0.0020393928461880373,PETR4.SA,986,260,57.31999969482422,52.04999923706055,-1.0
2020-02-18,8.032912254333496,8.038312655081802,7.816901374506904,7.84660254860146,33890900,0.013283473866335216,PETR4.SA,985,259,57.75,52.04999923706055,-1.0
2020-02-19,8.248923301696777,8.248923301696777,8.035612617911971,8.065314307620334,44181800,0.026890751513780176,PETR4.SA,984,258,59.119998931884766,53.290000915527344,-1.0
2020-02-20,8.078812599182129,8.34072578948774,8.032910234385225,8.316424507241706,73522900,-0.020622170469163814,PETR4.SA,983,257,59.310001373291016,53.779998779296875,-1.0
2020-02-21,7.8682026863098145,8.014010398840904,7.838501515802387,7.968108028045246,47805100,-0.026069414321312046,PETR4.SA,982,256,58.5,53.380001068115234,-1.0
2020-02-26,7.077062129974365,7.39567852695337,7.028460073918848,7.301174099892226,89207100,-0.10054908190303546,PETR4.SA,977,251,53.43000030517578,48.72999954223633,-1.0
2020-02-27,6.831349849700928,7.163467259627396,6.720644218062279,6.944755681502778,100112100,-0.03471953131974659,PETR4.SA,976,250,52.18000030517578,47.09000015258789,-1.0
2020-02-28,6.842151165008545,6.901554028035592,6.647741373729571,6.7935485884361615,89095300,0.0015811392397200308,PETR4.SA,975,249,50.52000045776367,44.7599983215332,-1.0
2020-03-02,7.163466453552246,7.222869305426756,6.879951648445105,6.885352048163823,71596400,0.046961150198922885,PETR4.SA,972,246,51.900001525878906,46.75,-1.0
2020-03-03,7.033860206604004,7.419980073651742,6.9555564621385955,7.174267524623276,86855700,-0.018092671723753617,PETR4.SA,971,245,51.86000061035156,47.18000030517578,-1.0
2020-03-04,7.260672092437744,7.27417309362934,7.08516319703127,7.2660724929143825,42320500,0.032245719870973355,PETR4.SA,970,244,51.130001068115234,46.779998779296875,-1.0
2020-03-05,6.828649997711182,7.2012688559503095,6.672041482134879,7.109464112686515,69722300,-0.05950166723222905,PETR4.SA,969,243,49.9900016784668,45.900001525878906,-1.0
2020-03-06,6.16441535949707,6.515433112061724,6.088811306093855,6.50733302723992,138597600,-0.0972717357657441,PETR4.SA,968,242,45.27000045776367,41.279998779296875,-1.0
2020-03-09,4.33372163772583,4.922351852173083,4.160912956424066,4.8089460263161765,254813800,-0.296977671848608,PETR4.SA,965,239,34.36000061035156,31.1299991607666,-1.0
2020-03-10,4.741443634033203,5.035758807254407,4.420127484561739,5.035758807254407,170478000,0.09408126095549818,PETR4.SA,964,238,37.220001220703125,34.36000061035156,-1.0
2020-03-11,4.279719352722168,4.625336729086523,4.050207491848642,4.509231213595695,132482400,-0.09738052731384672,PETR4.SA,963,237,35.790000915527344,32.97999954223633,-1.0
2020-03-12,3.4021739959716797,3.7423911895646658,2.991752894804585,3.6883884808598446,151535900,-0.20504740718391146,PETR4.SA,962,236,33.220001220703125,31.5,1.0
2020-03-13,4.158212661743164,4.158212661743164,3.4291754103343295,4.077208722979592,174972600,0.22222222222222232,PETR4.SA,961,235,33.849998474121094,31.729999542236328,-1.0
2020-03-16,3.5344812870025635,3.807195333392044,3.3886738203942235,3.485878712298027,126432800,-0.1499998738590551,PETR4.SA,958,232,30.049999237060547,28.700000762939453,-1.0
2020-03-17,3.5101795196533203,3.736991160585603,3.5101795196533203,3.672187908177875,149228500,-0.006875624844474015,PETR4.SA,957,231,28.729999542236328,26.950000762939453,-1.0
2020-03-18,3.0484564304351807,3.3130701437817422,2.9350505900731227,3.183463358722842,162515200,-0.1315383121099576,PETR4.SA,956,230,24.8799991607666,20.3700008392334,1.0
2020-03-19,3.2968685626983643,3.5290803418279646,2.929649881341157,2.989052732917538,157065200,0.08148784079151872,PETR4.SA,955,229,28.469999313354492,25.219999313354492,1.0
2020-03-20,3.240165948867798,3.645186692476272,3.1942635773250836,3.5398812064361773,149029900,-0.017198930667759904,PETR4.SA,954,228,26.979999542236328,22.43000030517578,1.0
2020-03-23,3.1051595211029053,3.288769036056771,3.0457563972933674,3.269867889955153,107092400,-0.04166651643631636,PETR4.SA,951,225,27.030000686645508,23.360000610351562,1.0
2020-03-24,3.577683687210083,3.6559876972337153,3.3157701678185063,3.3940741778421386,114259200,0.15217387799108772,PETR4.SA,950,224,27.149999618530273,24.010000228881836,1.0
2020-03-25,3.866598606109619,3.993505199412242,3.464277994315789,3.574983641822318,158286200,0.0807547408208229,PETR4.SA,949,223,27.389999389648438,24.489999771118164,1.0
2020-03-26,3.8854990005493164,4.1015098526603335,3.7288910040162055,3.8881989430717683,130618400,0.004888119084777154,PETR4.SA,948,222,26.34000015258789,22.600000381469727,1.0
2020-03-27,3.5911831855773926,3.6964883908710426,3.5776824456023824,3.591183185577393,101405900,-0.07574723733819377,PETR4.SA,947,221,24.93000030517578,21.510000228881836,1.0
2020-03-30,3.6127853393554688,3.7099902325312786,3.464277670541248,3.550682020030857,110947200,0.006015330508572392,PETR4.SA,944,218,22.760000228881836,20.09000015258789,1.0
2020-03-31,3.777493476867676,3.9260011371083925,3.6721882463829147,3.6721882463829147,156116500,0.04559034707043841,PETR4.SA,943,217,22.739999771118164,20.479999542236328,1.0
2020-04-01,3.8611981868743896,3.9287016507795176,3.596584474463542,3.6316863065948417,114455000,0.022158796704560446,PETR4.SA,942,216,24.739999771118164,20.309999465942383,1.0
2020-04-02,4.187914848327637,4.468728982713477,4.052907924197193,4.158213160215565,234951200,0.08461535659160813,PETR4.SA,941,215,29.940000534057617,25.31999969482422,1.0
2020-04-03,4.1420111656188965,4.417425327481259,4.031305563989778,4.401224130893792,142898700,-0.010960987596744243,PETR4.SA,940,214,34.11000061035156,28.34000015258789,1.0
2020-04-06,4.258118629455566,4.34722318126678,4.098810413336948,4.333722179470803,123934200,0.02803166365180987,PETR4.SA,937,211,33.04999923706055,26.079999923706055,1.0
2020-04-07,4.428225994110107,4.609135251604742,4.4120253111284695,4.484929157061478,140498900,0.03994894916215386,PETR4.SA,936,210,31.8700008392334,23.6299991607666,1.0
2020-04-08,4.676638603210449,4.7333417650100085,4.428225904159505,4.4552273852540365,116151600,0.05609754548000723,PETR4.SA,935,209,32.84000015258789,25.09000015258789,1.0
2020-04-09,4.541632175445557,5.046558223820337,4.455227839148592,4.844047867495401,185771300,-0.028868261847775134,PETR4.SA,934,208,31.479999542236328,22.760000228881836,1.0
2020-04-13,4.571334362030029,4.614536534930814,4.409325956146825,4.541632675031793,93724000,0.0065399806582879805,PETR4.SA,930,204,31.739999771118164,22.40999984741211,1.0
2020-04-14,4.517331123352051,4.6712389196571324,4.48492975308282,4.595635379021932,91017200,-0.011813451916038997,PETR4.SA,929,203,29.600000381469727,20.110000610351562,1.0
2020-04-15,4.422826766967773,4.447128055386049,4.282419694725363,4.331022529067197,86749600,-0.020920396093114135,PETR4.SA,928,202,27.690000534057617,19.8700008392334,1.0
2020-04-16,4.244617462158203,4.52543183389737,4.193314690467298,4.501130548096968,115633300,-0.040293078205219435,PETR4.SA,927,201,27.81999969482422,19.8700008392334,1.0
2020-04-17,4.355323314666748,4.355323314666748,4.201415755099158,4.252718274955021,116733000,0.026081467528114022,PETR4.SA,926,200,28.079999923706055,18.270000457763672,1.0
2020-04-20,4.30672025680542,4.409325536430591,4.142011923923171,4.1798136928604395,133739400,-0.011159460354563167,PETR4.SA,923,197,25.56999969482422,-37.630001068115234,1.0
2020-04-22,4.522731781005859,4.522731781005859,4.2608182863625546,4.279719430103172,114967100,0.05015685053123686,PETR4.SA,921,195,20.3700008392334,13.779999732971191,1.0
2020-04-23,4.57673454284668,4.706341055331734,4.487630001136892,4.644237999142291,94759000,0.011940297248582477,PETR4.SA,920,194,21.329999923706055,16.5,1.0
2020-04-24,4.30672025680542,4.533532157955222,4.125810981874886,4.506530673709826,161188800,-0.05899714818795543,PETR4.SA,919,193,21.440000534057617,16.940000534057617,1.0
2020-04-27,4.441727161407471,4.463328244541537,4.260817639525525,4.358022513628823,85944900,0.03134796238244508,PETR4.SA,916,190,19.989999771118164,12.779999732971191,1.0
2020-04-28,4.657739162445068,4.657739162445068,4.490330339856882,4.601036498107335,91613600,0.04863243355297597,PETR4.SA,915,189,20.459999084472656,12.34000015258789,1.0
2020-04-29,4.91425085067749,4.989854377142732,4.733341603047891,4.8062449299950325,94528400,0.055072145366286795,PETR4.SA,914,188,22.540000915527344,15.0600004196167,1.0
2020-04-30,4.873749256134033,4.973654596366968,4.77924483092645,4.854848371092517,80263900,-0.008241662009963013,PETR4.SA,913,187,25.270000457763672,18.84000015258789,1.0
2020-05-04,4.692839622497559,4.757643387777213,4.638837171445118,4.706340621518509,60268400,-0.037119191843688726,PETR4.SA,909,183,27.200000762939453,20.389999389648438,1.0
2020-05-05,4.8440470695495605,4.989854234279679,4.825146188474395,4.83324627178639,75043400,0.03222088526680311,PETR4.SA,908,182,30.969999313354492,24.559999465942383,1.0
2020-05-06,4.665838718414307,4.876449155922672,4.665838718414307,4.825146903971406,67937500,-0.036789145228480424,PETR4.SA,907,181,29.719999313354492,23.989999771118164,1.0
2020-05-07,4.709041118621826,4.825147142479933,4.684739833860339,4.792745257794455,81265100,0.009259299949013755,PETR4.SA,906,180,29.459999084472656,23.549999237060547,1.0
2020-05-08,4.98985481262207,5.016856295149184,4.781944066676873,4.79004466593814,83232700,0.05963288213597684,PETR4.SA,905,179,30.969999313354492,24.739999771118164,1.0
2020-05-11,4.900751113891602,5.111362095393304,4.88995082805103,4.9412530870621705,65061500,-0.01785697221191218,PETR4.SA,902,176,29.6299991607666,24.139999389648438,1.0
2020-05-12,4.8980512619018555,5.08436096974465,4.895351061497112,5.003357017644601,71837200,-0.0005509057544450524,PETR4.SA,901,175,29.979999542236328,25.780000686645508,1.0
2020-05-13,4.749543190002441,4.95475375738012,4.730642304785239,4.930452472097862,87222300,-0.030319828021103667,PETR4.SA,900,174,29.190000534057617,25.290000915527344,1.0
2020-05-14,4.698240756988525,4.7171416435638145,4.514631261667667,4.698240756988525,119653200,-0.010801551004295584,PETR4.SA,899,173,31.1299991607666,27.559999465942383,1.0
2020-05-15,4.630736827850342,4.911551442873829,4.630736827850342,4.8575484738276264,133733100,-0.014367916126429514,PETR4.SA,898,172,32.5,29.43000030517578,1.0
2020-05-18,5.006057262420654,5.006057262420654,4.838648440916669,4.887251018611715,116999500,0.08104983040993541,PETR4.SA,895,169,34.810001373291016,31.81999969482422,1.0
2020-05-19,5.043857097625732,5.111360537336975,4.9709532591351,4.997954738021672,80131600,0.007550819581875867,PETR4.SA,894,168,34.650001525878906,32.5,1.0
2020-05-20,5.2112650871276855,5.2490673617408605,5.146461849946977,5.154562447723446,74595100,0.03319047036062073,PETR4.SA,893,167,35.75,33.4900016784668,1.0
2020-05-21,5.181565761566162,5.338173769004858,5.149163873987918,5.265269908211708,81327000,-0.00569906252416208,PETR4.SA,892,166,36.060001373291016,33.91999816894531,1.0
2020-05-22,5.041158199310303,5.103261256270356,4.954753856581445,5.0762597704149615,71259400,-0.02709751621745704,PETR4.SA,891,165,35.130001068115234,33.25,1.0
2020-05-25,5.25986909866333,5.281470183698499,5.200466243569238,5.25986909866333,38033000,0.04338504976553792,PETR4.SA,888,162,35.130001068115234,33.25,1.0
2020-05-26,5.311171531677246,5.424577349667206,5.219366797351543,5.3948756664999316,68716900,0.00975355699003111,PETR4.SA,887,161,36.16999816894531,34.349998474121094,1.0
2020-05-27,5.381375789642334,5.381375789642334,5.170764813889943,5.346273702845011,74790800,0.013218224556742486,PETR4.SA,886,160,34.7400016784668,32.810001373291016,1.0
2020-05-28,5.338173866271973,5.421878014442695,5.251769517836319,5.316572779163059,65023000,-0.008028044325303019,PETR4.SA,885,159,35.290000915527344,33.709999084472656,1.0
2020-05-29,5.492080211639404,5.492080211639404,5.211265639102252,5.278769082691713,128832600,0.028831272495610127,PETR4.SA,884,158,35.33000183105469,35.4900016784668,1.0
2020-06-01,5.489380836486816,5.551483890313227,5.400276298167473,5.440778267401632,86579500,-0.0004915032280240483,PETR4.SA,881,155,38.31999969482422,35.439998626708984,1.0
2020-06-02,5.778295993804932,5.778295993804932,5.562285130769625,5.602787103212429,77235100,0.052631647525300806,PETR4.SA,880,154,39.56999969482422,36.810001373291016,-1.0
2020-06-03,5.797195911407471,5.916002123733213,5.7809952281390995,5.9025016401779755,86219700,0.003270846218816459,PETR4.SA,879,153,39.790000915527344,37.290000915527344,-1.0
2020-06-04,5.786395072937012,5.880899993796642,5.681089869270489,5.775594275119734,107401400,-0.0018631142772328468,PETR4.SA,878,152,39.9900016784668,37.40999984741211,-1.0
2020-06-05,5.967307090759277,6.218420091650306,5.956506287920228,6.018609874223514,114137700,0.03126506495700432,PETR4.SA,877,151,42.29999923706055,39.54999923706055,-1.0
2020-06-08,6.083412170410156,6.099612857059419,5.943004846088438,6.088812055952881,82444400,0.019456863520678214,PETR4.SA,874,148,40.79999923706055,38.189998626708984,-1.0
2020-06-09,5.864699363708496,5.951104209563852,5.843098280997267,5.948404009848644,96488300,-0.03595232421789274,PETR4.SA,873,147,41.18000030517578,38.939998626708984,-1.0
2020-06-10,5.778295993804932,5.913302911954628,5.670290562287278,5.910602711790371,102551100,-0.014732787572750872,PETR4.SA,872,146,41.72999954223633,39.599998474121094,-1.0
2020-06-12,5.562283039093018,5.716190785505533,5.42727617171217,5.5676834373907305,116746700,-0.037383504573581416,PETR4.SA,870,144,38.72999954223633,36.2599983215332,1.0
2020-06-15,5.5892863273620605,5.694591553250952,5.276070334709029,5.348973675318764,99931000,0.004854713087999674,PETR4.SA,867,141,39.720001220703125,37.119998931884766,1.0
2020-06-16,5.770195007324219,5.916002188353072,5.716192042492531,5.821497257402838,94510600,0.03236704462187401,PETR4.SA,866,140,40.959999084472656,38.380001068115234,-1.0
2020-06-17,5.789096355438232,5.8998019787246365,5.710792101644664,5.7998966402656835,63268700,0.0032756861925848924,PETR4.SA,865,139,40.709999084472656,37.959999084472656,-1.0
2020-06-18,5.832298278808594,5.8782006461630445,5.69189097689963,5.718892460345271,56893300,0.0074626367774615066,PETR4.SA,864,138,41.5099983215332,38.84000015258789,-1.0
2020-06-19,5.797195911407471,5.999706254798641,5.729692463610414,5.940303406140988,91139800,-0.006018616628142293,PETR4.SA,863,137,42.189998626708984,39.75,-1.0
2020-06-22,5.656790256500244,5.832299152678204,5.6432892552493,5.832299152678204,45419000,-0.02421958082026221,PETR4.SA,860,134,43.08000183105469,40.459999084472656,1.0
2020-06-23,5.845799922943115,5.959205763908296,5.708092793556071,5.729693881596555,78950900,0.03341288219510696,PETR4.SA,859,133,42.630001068115234,40.369998931884766,-1.0
2020-06-24,5.670290470123291,5.821498071790301,5.59198621166416,5.8025971859582395,65162400,-0.03002317135949162,PETR4.SA,858,132,40.310001373291016,38.0099983215332,1.0
2020-06-25,5.797195911407471,5.797195911407471,5.597385767729436,5.645988332544985,47263500,0.02238076549214596,PETR4.SA,857,131,41.04999923706055,38.720001220703125,-1.0
2020-06-26,5.62708854675293,5.797197041765271,5.610887860325691,5.726993380566524,55499300,-0.029343042266315567,PETR4.SA,856,130,41.02000045776367,38.4900016784668,1.0
2020-06-29,5.848498821258545,5.848498821258544,5.651388872395893,5.697291238638882,59809600,0.039347217067230655,PETR4.SA,853,127,41.709999084472656,39.70000076293945,-1.0
2020-06-30,5.818796634674072,5.8863000783014305,5.694590545604728,5.762093989232086,65010600,-0.005078600080504203,PETR4.SA,852,126,41.150001525878906,39.27000045776367,-1.0
2020-07-01,5.862000465393066,6.007808192321898,5.810698204446004,5.872801266651743,78983900,0.00742487380664647,PETR4.SA,851,125,42.029998779296875,39.81999969482422,-1.0
2020-07-02,5.9565043449401855,5.997006312353845,5.902501893392125,5.967305144256072,56345900,0.016121438424482104,PETR4.SA,850,124,43.13999938964844,40.650001525878906,-1.0
2020-07-03,5.934903621673584,5.988906591511047,5.886301051821965,5.926803536705307,24060000,-0.0036264093863963565,PETR4.SA,849,123,43.13999938964844,40.650001525878906,-1.0
2020-07-06,6.078011512756348,6.172516458398802,6.024008539529082,6.045609625817884,58070900,0.024112925871306423,PETR4.SA,846,120,43.099998474121094,40.630001068115234,-1.0
2020-07-07,6.002407073974609,6.067210328746384,5.978105789058883,6.03210875887394,46591300,-0.01243900881448845,PETR4.SA,845,119,43.08000183105469,40.619998931884766,-1.0
2020-07-08,6.115813255310059,6.145514941941872,6.0483097966090416,6.061810797355556,49136300,0.01889345056704972,PETR4.SA,844,118,43.290000915527344,40.900001525878906,-1.0
2020-07-09,5.978105545043945,6.159014817026373,5.956504461001735,6.150914732392087,57151500,-0.02251666369089156,PETR4.SA,843,117,42.349998474121094,39.619998931884766,-1.0
2020-07-10,6.078011512756348,6.115813285009121,5.956505080500261,5.99160716760114,57428300,0.016711977893268948,PETR4.SA,842,116,43.2400016784668,40.54999923706055,-1.0
2020-07-13,5.98350715637207,6.115813887296917,5.98350715637207,6.105013600594161,55425500,-0.015548564886054383,PETR4.SA,839,113,42.720001220703125,40.099998474121094,-1.0
2020-07-14,6.183315277099609,6.199515959220109,5.902501221965902,5.975404549013346,89380500,0.03339314477375632,PETR4.SA,838,112,42.900001525878906,40.290000915527344,-1.0
2020-07-15,6.302122592926025,6.326423877899584,6.169815883075813,6.264320822971819,58390600,0.019214177266106525,PETR4.SA,837,111,43.790000915527344,41.20000076293945,-1.0
2020-07-16,6.134714126586914,6.285922244521017,6.08071166876232,6.253520357817847,69698700,-0.026563822564642403,PETR4.SA,836,110,43.369998931884766,40.75,-1.0
2020-07-17,6.140115261077881,6.218419529550987,6.096913083648092,6.16441655025846,49927600,0.0008804215452451469,PETR4.SA,835,109,43.13999938964844,40.59000015258789,-1.0
2020-07-20,6.140115261077881,6.186017638973355,6.080712395864565,6.129314974225723,48679800,0.0,PETR4.SA,832,106,43.279998779296875,40.810001373291016,-1.0
2020-07-21,6.310223579406738,6.3723266381381665,6.24812000566479,6.250820205828398,101769600,0.02770441776674315,PETR4.SA,831,105,44.31999969482422,41.959999084472656,-1.0
2020-07-22,6.223817825317383,6.321022957204273,6.2130175412246444,6.291321274680958,43085500,-0.013692978228432073,PETR4.SA,830,104,44.290000915527344,41.900001525878906,-1.0
2020-07-23,6.094333648681641,6.272546290799255,6.08623340178043,6.253645028002051,64072100,-0.020804621900889164,PETR4.SA,829,103,43.310001373291016,41.06999969482422,-1.0
2020-07-24,6.137537002563477,6.226643328273053,6.0538311850837685,6.0862337194421645,43380300,0.007089102168074124,PETR4.SA,828,102,43.34000015258789,41.290000915527344,-1.0
2020-07-27,6.264445781707764,6.277946535991914,6.061931377320928,6.1753394643783865,56539600,0.02067747682682497,PETR4.SA,825,99,43.40999984741211,41.599998474121094,-1.0
2020-07-28,6.156439304351807,6.296849451877318,6.156439304351807,6.2212443839950415,48353000,-0.017241186390556162,PETR4.SA,824,98,43.220001220703125,41.040000915527344,-1.0
2020-07-29,6.256345272064209,6.277946788801188,6.1888404678835505,6.218542746529691,44011500,0.016227881535643807,PETR4.SA,823,97,43.75,41.27000045776367,-1.0
2020-07-30,6.161838054656982,6.188840077630721,6.075431993157617,6.188840077630721,57859000,-0.015105818700451135,PETR4.SA,822,96,42.939998626708984,39.91999816894531,-1.0
2020-07-31,5.994426250457764,6.248243919362767,5.983625235600154,6.18883988270812,75397300,-0.027169134065880285,PETR4.SA,821,95,43.29999923706055,40.27000045776367,-1.0
2020-08-03,5.88641881942749,6.08893323544019,5.864817302320301,6.086233496444986,63598500,-0.018017976453046813,PETR4.SA,818,92,44.150001525878906,41.0099983215332,-1.0
2020-08-04,5.881019115447998,5.953923917379786,5.737908735691492,5.7946125277518625,63011900,-0.0009173156285908757,PETR4.SA,817,91,44.43000030517578,41.70000076293945,-1.0
2020-08-05,6.259045600891113,6.286047625890474,6.00252713592838,6.00252713592838,137214700,0.06427907783025777,PETR4.SA,816,90,45.16999816894531,42.189998626708984,-1.0
2020-08-06,6.269845962524414,6.353552289664047,6.213142174804772,6.286047486176408,56375100,0.0017255604643242606,PETR4.SA,815,89,45.09000015258789,41.95000076293945,-1.0
2020-08-07,6.153738975524902,6.186140997222827,6.088933902087355,6.172640240685499,56040200,-0.01851831571198026,PETR4.SA,814,88,44.400001525878906,41.220001220703125,-1.0
2020-08-10,6.331950664520264,6.331950664520264,6.113234734157562,6.183439790382788,52390100,0.028959903841251355,PETR4.SA,811,85,44.9900016784668,41.939998626708984,-1.0
2020-08-11,6.232044219970703,6.448059412249075,6.226643711408533,6.402156119512315,66342300,-0.015778146394817116,PETR4.SA,810,84,44.5,41.61000061035156,-1.0
2020-08-12,6.340052127838135,6.394056186073425,6.232044526388421,6.307650104913654,67008500,0.017331056079691765,PETR4.SA,809,83,45.43000030517578,42.66999816894531,-1.0
2020-08-13,6.167238712310791,6.367052863144935,6.13213592708462,6.331950592939527,44588200,-0.027257412406523907,PETR4.SA,808,82,44.959999084472656,42.2400016784668,-1.0
2020-08-14,6.121335506439209,6.205041317266913,6.083532981875879,6.148337530421918,38422000,-0.007443072663938177,PETR4.SA,807,81,44.79999923706055,42.0099983215332,-1.0
2020-08-17,6.1024346351623535,6.167239187860653,5.980925776965042,6.124036152728453,52064300,-0.0030877038608606577,PETR4.SA,804,78,45.369998931884766,42.88999938964844,-1.0
2020-08-18,6.215842247009277,6.275246286934077,6.14833744549533,6.1915404772625955,49361300,0.018583994524655312,PETR4.SA,803,77,45.459999084472656,42.88999938964844,-1.0
2020-08-19,6.180739402770996,6.296847742669223,6.142936879090925,6.196940925794534,51982100,-0.005647319034708609,PETR4.SA,802,76,45.369998931884766,42.93000030517578,-1.0
2020-08-20,6.137537002563477,6.175340045151741,6.034929921300042,6.080833211212297,55251700,-0.006989843349187397,PETR4.SA,801,75,44.900001525878906,42.58000183105469,-1.0
2020-08-21,6.091635227203369,6.110536495686484,6.034931421754026,6.086235232651722,38668300,-0.00747885924613334,PETR4.SA,800,74,44.349998474121094,42.34000015258789,-1.0
2020-08-24,6.202341079711914,6.245544112189795,6.156437793326568,6.1726393167713525,51841900,0.01817342115531906,PETR4.SA,797,71,45.130001068115234,42.619998931884766,-1.0
2020-08-25,6.175342082977295,6.25094716306142,6.126738522911224,6.234746148046391,37981400,-0.004353033215624635,PETR4.SA,796,70,45.86000061035156,43.349998474121094,-1.0
2020-08-26,5.999825954437256,6.183439078023936,5.951222934976703,6.151037065050234,69925300,-0.028422090012447998,PETR4.SA,795,69,45.63999938964844,43.38999938964844,-1.0
2020-08-27,5.9809250831604,6.067331143401445,5.951223321840506,6.026828367041048,35489800,-0.0031502365935927035,PETR4.SA,794,68,45.09000015258789,43.040000915527344,-1.0
2020-08-28,6.086233615875244,6.086233615875244,5.956623995667982,6.00792779293709,31071000,0.01760739873023076,PETR4.SA,793,67,45.04999923706055,42.970001220703125,-1.0
2020-08-31,5.910720348358154,6.0565309691226705,5.910720348358155,6.026828691184542,48539700,-0.028837747381119883,PETR4.SA,790,64,45.279998779296875,42.61000061035156,-1.0
2020-09-01,6.175342082977295,6.180742077968317,5.972827592715989,5.994429117743023,66299700,0.044769794377540695,PETR4.SA,789,63,45.58000183105469,42.7599983215332,-1.0
2020-09-02,6.156439304351807,6.237445396395401,6.0808342364695305,6.191542098743634,53618000,-0.0030610091508282977,PETR4.SA,788,62,44.43000030517578,41.5099983215332,-1.0
2020-09-03,6.17803955078125,6.242844617049097,6.094333736464737,6.105134752516308,87642400,0.00350856158269508,PETR4.SA,787,61,44.06999969482422,41.369998931884766,-1.0
2020-09-04,6.188840866088867,6.218543146646126,6.0970342852944475,6.2104423842157415,52351100,0.0017483402653599711,PETR4.SA,786,60,42.65999984741211,39.77000045776367,-1.0
2020-09-08,6.010626792907715,6.075431331979681,5.916119980295003,6.075431331979681,74490200,-0.0287960341907737,PETR4.SA,782,56,39.779998779296875,36.7599983215332,-1.0
2020-09-09,6.137537002563477,6.148338019023213,6.0727324488674945,6.0727324488674945,42143500,0.02111430538417558,PETR4.SA,781,55,40.790000915527344,38.04999923706055,-1.0
2020-09-10,5.972826957702637,6.0970355846473385,5.970126702983719,6.0970355846473385,58350000,-0.026836505391665266,PETR4.SA,780,54,40.060001373291016,37.29999923706055,-1.0
2020-09-11,5.908020496368408,6.010628091669067,5.872918223252376,5.972825564463985,71013700,-0.010850215784445782,PETR4.SA,779,53,39.83000183105469,37.33000183105469,-1.0
2020-09-14,5.8540167808532715,5.935022340967418,5.78651197575122,5.924221839961901,46453300,-0.0091407461345695,PETR4.SA,776,50,39.61000061035156,37.2599983215332,-1.0
2020-09-15,5.851317405700684,5.962025261494444,5.818914867775767,5.9350232323938235,58546700,-0.00046111503496482076,PETR4.SA,775,49,40.529998779296875,38.279998779296875,-1.0
2020-09-16,5.867516994476318,5.937722047107208,5.832414725671245,5.899919524544707,50379500,0.0027685370067007664,PETR4.SA,774,48,42.220001220703125,40.15999984741211,-1.0
2020-09-17,5.9809250831604,5.986325590680652,5.794611693877683,5.808112962678311,60432200,0.019328122746102627,PETR4.SA,773,47,43.29999923706055,40.970001220703125,-1.0
2020-09-18,5.845916748046875,5.980926375091935,5.818914719633693,5.937723335639184,64243500,-0.022573152687307196,PETR4.SA,772,46,43.150001525878906,41.11000061035156,-1.0
2020-09-21,5.643401622772217,5.7946122425106426,5.619099851650942,5.748709469304671,73300000,-0.03464215006864724,PETR4.SA,769,43,41.439998626708984,39.310001373291016,-1.0
2020-09-22,5.616400718688965,5.76491162907571,5.602899960936032,5.659603761523427,47207700,-0.004784508686090705,PETR4.SA,768,42,41.720001220703125,39.599998474121094,-1.0
2020-09-23,5.462488651275635,5.659602556620861,5.454388404356736,5.61639952298412,57106300,-0.027404039548171277,PETR4.SA,767,41,41.77000045776367,39.93000030517578,1.0
2020-09-24,5.508391857147217,5.592097669198601,5.4165852832763655,5.465188824151614,76310000,0.00840335034121531,PETR4.SA,766,40,41.939998626708984,40.310001373291016,1.0
2020-09-25,5.435487270355225,5.4705900612311495,5.365282718645068,5.440887778954727,40150400,-0.013235185274155348,PETR4.SA,765,39,41.91999816894531,40.25,1.0
2020-09-28,5.300476551055908,5.551594483852934,5.300476551055908,5.489490192844414,48797400,-0.024838751814516336,PETR4.SA,762,36,42.43000030517578,40.599998474121094,1.0
2020-09-29,5.214071750640869,5.362582652204693,5.197870739295659,5.3004778311764715,52878100,-0.01630132679255536,PETR4.SA,761,35,41.029998779296875,39.290000915527344,1.0
2020-09-30,5.295078277587891,5.411186651092506,5.24647472449099,5.265375991801805,69505000,0.01553613583032587,PETR4.SA,760,34,40.95000076293945,40.220001220703125,1.0
2020-10-01,5.359882831573486,5.416586633381061,5.165468619614015,5.303178514745005,77537300,0.012238639466368051,PETR4.SA,759,33,40.93000030517578,38.720001220703125,1.0
2020-10-02,5.135765552520752,5.330179200384531,5.135765552520752,5.327478946453271,85306000,-0.04181383923777693,PETR4.SA,758,32,39.27000045776367,37.04999923706055,1.0
2020-10-05,5.408485412597656,5.443587686214895,5.195169971704179,5.227572506214627,73288500,0.05310208522720572,PETR4.SA,755,29,41.290000915527344,39.220001220703125,1.0
2020-10-06,5.381483554840088,5.589398493988304,5.381483554840088,5.527293677150473,77064600,-0.004992498952604119,PETR4.SA,754,28,42.650001525878906,40.66999816894531,1.0
2020-10-07,5.343680381774902,5.4138849227449475,5.281575572423296,5.400384168332424,53521000,-0.007024675013860393,PETR4.SA,753,27,41.9900016784668,39.95000076293945,1.0
2020-10-08,5.51919412612915,5.559696914381747,5.362582967203786,5.411186519115261,78070400,0.03284510521116735,PETR4.SA,752,26,43.34000015258789,41.189998626708984,1.0
2020-10-09,5.346380233764648,5.5056916113029795,5.3463802337646475,5.492190856604793,67962300,-0.03131143576674733,PETR4.SA,751,25,42.849998474121094,40.599998474121094,1.0
2020-10-13,5.435487270355225,5.435487270355225,5.327479673469391,5.376083220823228,55330600,0.016666797476885042,PETR4.SA,747,21,42.45000076293945,40.20000076293945,1.0
2020-10-14,5.392283916473389,5.5002920220680265,5.392283916473389,5.424686451155943,44584300,-0.007948386544379238,PETR4.SA,746,20,43.31999969482422,41.040000915527344,1.0
2020-10-15,5.332880020141602,5.3382805285771235,5.249174199474325,5.2977777453523665,56952100,-0.011016463014921873,PETR4.SA,745,19,43.15999984741211,40.959999084472656,1.0
2020-10-16,5.219472408294678,5.322079503101957,5.216772153823318,5.311279000237397,49929000,-0.021265734728439067,PETR4.SA,744,18,42.93000030517578,40.880001068115234,1.0
2020-10-19,5.2707743644714355,5.384182437385989,5.1978690643790735,5.2410720907255035,107419300,0.009828954377693488,PETR4.SA,741,15,42.619998931884766,40.83000183105469,1.0
2020-10-20,5.44898796081543,5.4732897319009925,5.289676579263759,5.311278096337505,68407700,0.033811653472642256,PETR4.SA,740,14,43.15999984741211,41.459999084472656,1.0
2020-10-21,5.443587303161621,5.489490590059167,5.354480983304125,5.443587303161621,60594900,-0.000991130406718721,PETR4.SA,739,13,41.72999954223633,40.029998779296875,1.0
2020-10-22,5.627201557159424,5.627201557159424,5.413886089334881,5.42738736167744,98926900,0.03373037737286966,PETR4.SA,738,12,42.459999084472656,40.63999938964844,-1.0
2020-10-23,5.554295063018799,5.708205930196934,5.546194816338331,5.65420239725099,61711200,-0.012956083659002249,PETR4.SA,737,11,41.77000045776367,39.849998474121094,1.0
2020-10-26,5.467888355255127,5.543493910513023,5.408484321494378,5.489489868897281,58229100,-0.015556737044630342,PETR4.SA,734,8,40.459999084472656,38.560001373291016,1.0
2020-10-27,5.367981910705566,5.500291782801341,5.349080647554969,5.470589503552804,48978400,-0.01827148582021454,PETR4.SA,733,7,41.20000076293945,39.56999969482422,1.0
2020-10-28,5.041259288787842,5.2491742295596335,5.041259288787842,5.224872456481329,79247400,-0.060865075060355434,PETR4.SA,732,6,39.119998931884766,37.38999938964844,1.0
2020-10-29,5.208671569824219,5.230273089182386,4.790141424106059,4.976454850458283,86794800,0.033208425007758446,PETR4.SA,731,5,37.650001525878906,36.16999816894531,1.0
2020-10-30,5.114163875579834,5.2761755012251905,5.095262613675015,5.168167407447779,64185100,-0.01814429897863079,PETR4.SA,730,4,37.459999084472656,35.790000915527344,1.0
2020-11-03,5.305877685546875,5.373382492016989,5.219471615668455,5.268075158730267,66292400,0.037486833553081134,PETR4.SA,726,0,39.709999084472656,37.65999984741211,1.0
2020-11-04,5.324779510498047,5.41928635252691,5.20327115505024,5.403085341471375,65777600,0.0035624313396178664,PETR4.SA,725,1462,41.22999954223633,39.150001525878906,1.0
2020-11-05,5.370683670043945,5.39768570283622,5.324780368803358,5.386885198731873,40874800,0.008620856404550903,PETR4.SA,724,1461,40.93000030517578,38.790000915527344,1.0
2020-11-06,5.332880020141602,5.386884074455165,5.276176226631107,5.278875965828037,37273300,-0.0070388896879556295,PETR4.SA,723,1460,39.45000076293945,37.13999938964844,1.0
2020-11-09,5.835115432739258,6.126736165926822,5.681204561754264,5.70010582450389,164904100,0.09417714456368365,PETR4.SA,720,1457,42.400001525878906,40.290000915527344,1.0
2020-11-10,6.232044219970703,6.250945484917455,5.889119651585552,5.910721170813389,163732600,0.06802415338767509,PETR4.SA,719,1456,43.61000061035156,41.36000061035156,1.0
2020-11-11,6.17803955078125,6.307649168296152,6.0484304482871405,6.304948914283258,93072900,-0.008665642810491314,PETR4.SA,718,1455,43.79999923706055,41.45000076293945,1.0
2020-11-12,5.916121006011963,6.161838452394253,5.878318480421083,6.140236935625066,77275000,-0.04239509032216637,PETR4.SA,717,1454,43.529998779296875,41.119998931884766,1.0
2020-11-13,6.110535144805908,6.1564384359829925,5.910720969982373,5.945823759422933,66065200,0.0328617583373263,PETR4.SA,716,1453,42.779998779296875,40.130001068115234,1.0
2020-11-16,6.288748741149902,6.380554814687498,6.245545186221635,6.264446966824379,101583300,0.029164973626815582,PETR4.SA,713,1450,43.81999969482422,41.34000015258789,1.0
2020-11-17,6.396755218505859,6.518263553792047,6.205041311912744,6.2239425741781,94082100,0.01717455757919306,PETR4.SA,712,1449,43.75,41.43000030517578,1.0
2020-11-18,6.358952522277832,6.515563651673008,6.358952522277833,6.477761125101317,68540400,-0.005909667469948476,PETR4.SA,711,1448,44.34000015258789,41.81999969482422,1.0
2020-11-19,6.431858062744141,6.464260597389307,6.3103497166216025,6.358952746058128,65382100,0.01146502355708634,PETR4.SA,710,1447,44.20000076293945,41.7400016784668,1.0
2020-11-23,6.777482509613037,6.777482509613037,6.491262281268842,6.493962020244416,125649000,0.05373632992165822,PETR4.SA,706,1443,46.060001373291016,43.060001373291016,1.0
2020-11-24,7.079905033111572,7.201413909918307,6.923293878016715,6.923293878016715,153293500,0.04462166048670513,PETR4.SA,705,1442,47.86000061035156,44.90999984741211,1.0
2020-11-25,7.0880045890808105,7.155509394691103,6.931393460665761,7.074503833967069,73971200,0.0011440204256070174,PETR4.SA,704,1441,48.61000061035156,45.709999084472656,1.0
2020-11-26,6.971895694732666,7.0069984793111235,6.901690640596505,7.004298225495799,41935900,-0.016381041079884806,PETR4.SA,703,1440,48.61000061035156,45.709999084472656,1.0
2020-11-27,6.8854899406433105,7.036700555918288,6.871989185983694,6.998898030854738,49863500,-0.012393437577477795,PETR4.SA,702,1439,48.18000030517578,45.529998779296875,1.0
2020-11-30,6.723479270935059,6.988098014256177,6.707278260022971,6.820686366449285,90207700,-0.023529287110267028,PETR4.SA,699,1436,47.59000015258789,45.34000015258789,1.0
2020-12-01,6.9124932289123535,6.958396524177422,6.828787401671653,6.858489170357847,58866000,0.028112521859684048,PETR4.SA,698,1435,47.41999816894531,44.54999923706055,1.0
2020-12-02,6.9961981773376465,7.155509563538856,6.839587045227063,6.912492360611509,88093300,0.012109226823570296,PETR4.SA,697,1434,48.25,45.279998779296875,1.0
2020-12-03,7.1933112144470215,7.260816013426504,7.033999847653783,7.061001870249725,62424500,0.028174307261316756,PETR4.SA,696,1433,48.709999084472656,45.63999938964844,1.0
2020-12-04,7.433629512786865,7.444430014067771,7.306720146345787,7.341822934305542,61652400,0.033408577937958484,PETR4.SA,695,1432,49.25,46.2599983215332,1.0
2020-12-07,7.2905192375183105,7.503834677233465,7.201412911882808,7.363424553498488,72664200,-0.019251736318360413,PETR4.SA,692,1429,48.790000915527344,45.7599983215332,1.0
2020-12-08,7.198712348937988,7.3283214506618455,7.144708299042654,7.239215128849096,46276700,-0.012592640604782712,PETR4.SA,691,1428,48.84000015258789,45.599998474121094,1.0
2020-12-09,7.274317264556885,7.282417510801461,7.128506651905592,7.190610943210813,52448300,0.010502561007323719,PETR4.SA,690,1427,48.86000061035156,45.52000045776367,1.0
2020-12-10,7.511934757232666,7.614542351146171,7.325621347773469,7.341822872088738,97537100,0.03266526383631074,PETR4.SA,689,1426,50.25,46.779998779296875,1.0
2020-12-11,7.444430351257324,7.517335669533646,7.366125039606364,7.422828832696284,48334300,-0.008986287575294405,PETR4.SA,688,1425,49.970001220703125,46.56999969482422,1.0
2020-12-14,7.457929611206055,7.6334419665649875,7.457929611206054,7.56863742835649,53159500,0.0018133368588035825,PETR4.SA,685,1422,50.290000915527344,46.9900016784668,1.0
2020-12-15,7.520035743713379,7.557838271535059,7.4579314437146715,7.4579314437146715,47208200,0.00832752999089803,PETR4.SA,684,1421,50.7599983215332,47.619998931884766,1.0
2020-12-16,7.611842632293701,7.625343388484884,7.4174284470073175,7.520036048135317,59399200,0.012208304815182647,PETR4.SA,683,1420,51.08000183105469,47.81999969482422,1.0
2020-12-17,7.625341415405273,7.665844188519446,7.579438135203691,7.641542421646802,39297700,0.0017733922998226515,PETR4.SA,682,1419,51.5,48.36000061035156,1.0
2020-12-18,7.587541103363037,7.646945153545529,7.565939583749326,7.587541103363037,44707900,-0.004957196010380471,PETR4.SA,681,1418,52.2599983215332,49.099998474121094,1.0
2020-12-21,7.295921325683594,7.422830206337384,7.160911680937506,7.3418246254981,99988800,-0.03843402937879159,PETR4.SA,678,1415,50.90999984741211,47.7400016784668,1.0
2020-12-22,7.366125583648682,7.417428872132259,7.304020762555571,7.34452406349221,46513200,0.009622397889345491,PETR4.SA,677,1414,50.08000183105469,47.02000045776367,1.0
2020-12-23,7.547038555145264,7.628044127481857,7.38502689545121,7.406628415742359,49038900,0.024560125868363203,PETR4.SA,676,1413,51.20000076293945,48.119998931884766,1.0
2020-12-28,7.609141826629639,7.700948404134955,7.609141826629639,7.657745369429018,36313300,0.00822882658285029,PETR4.SA,671,1408,50.86000061035156,47.619998931884766,1.0
2020-12-29,7.633444786071777,7.676647827501683,7.5578392060590005,7.663146555166788,29891100,0.0031939159495077973,PETR4.SA,670,1407,51.09000015258789,48.0,1.0
2020-12-30,7.652346134185791,7.692848921582024,7.614543601285424,7.655046388681658,36968200,0.002476122988208651,PETR4.SA,669,1406,51.34000015258789,48.400001525878906,-1.0
2021-01-04,7.806255340576172,7.879160651074274,7.703648267113517,7.736050283987715,74719700,0.02011268226652918,PETR4.SA,664,1401,51.09000015258789,47.619998931884766,-1.0
2021-01-05,8.111376762390137,8.149179284405246,7.625341908526686,7.803554533770397,95181100,0.039086784700466115,PETR4.SA,663,1400,53.599998474121094,49.93000030517578,-1.0
2021-01-06,8.127578735351562,8.343593908276064,8.114077465155782,8.1437797445657,96562500,0.0019974380966434335,PETR4.SA,662,1399,54.29999923706055,50.630001068115234,-1.0
2021-01-07,8.370595932006836,8.411098712544645,8.192383285623839,8.192383285623839,56171300,0.02990031897178058,PETR4.SA,661,1398,54.380001068115234,50.83000183105469,-1.0
2021-01-08,8.402999877929688,8.575812045283836,8.195084917193673,8.494805955570916,67136300,0.0038711635570589653,PETR4.SA,660,1397,55.9900016784668,52.2400016784668,-1.0
2021-01-11,8.332794189453125,8.386797730243899,8.208585067094736,8.265289377199021,48744700,-0.008354836308037572,PETR4.SA,657,1394,55.65999984741211,52.25,-1.0
2021-01-12,8.270687103271484,8.521805018413582,8.270687103271484,8.402996952233796,65691900,-0.007453332552032732,PETR4.SA,656,1393,56.58000183105469,53.209999084472656,-1.0
2021-01-13,7.871061325073242,8.332794527429973,7.830558539082164,8.284190978232331,93826600,-0.048318328720254655,PETR4.SA,655,1392,56.060001373291016,52.90999984741211,-1.0
2021-01-14,7.952065944671631,8.011469985495255,7.7549515298526455,7.876460380424571,50745400,0.010291448160916872,PETR4.SA,654,1391,56.41999816894531,53.56999969482422,-1.0
2021-01-15,7.592939853668213,7.852158029003664,7.568638085352923,7.844057267891656,80673300,-0.045161357250068423,PETR4.SA,653,1390,55.099998474121094,52.36000061035156,-1.0
2021-01-18,7.579440593719482,7.790055803258659,7.563239582222891,7.644245154726721,68855700,-0.0017778699961924493,PETR4.SA,650,1387,55.099998474121094,52.36000061035156,-1.0
2021-01-19,7.746852874755859,7.792756170511574,7.4633323368455455,7.690148561165445,61656000,0.02208768298482333,PETR4.SA,649,1386,55.900001525878906,52.97999954223633,-1.0
2021-01-20,7.617241859436035,7.862959820566318,7.590240349770117,7.81705653310516,60306200,-0.016730796029724382,PETR4.SA,648,1385,56.08000183105469,53.2400016784668,-1.0
2021-01-21,7.439028739929199,7.66854516249948,7.428228239760408,7.5659380933025755,41284900,-0.02339601693046811,PETR4.SA,647,1384,56.099998474121094,53.130001068115234,-1.0
2021-01-22,7.314822196960449,7.355324985184171,7.171711795881014,7.271619154185695,51181900,-0.016696607488833615,PETR4.SA,646,1383,55.40999984741211,52.27000045776367,-1.0
2021-01-26,7.2905192375183105,7.552437706199439,7.241915693531525,7.358024045273109,64514600,-0.003322426545410373,PETR4.SA,642,1379,55.90999984741211,52.61000061035156,-1.0
2021-01-27,7.398528099060059,7.606443066299727,7.163611616092351,7.239216684164303,68337800,0.014814975178436551,PETR4.SA,641,1378,55.810001373291016,52.849998474121094,-1.0
2021-01-28,7.49573278427124,7.682046169777602,7.37422394263215,7.376924196337544,67827000,0.013138381568562396,PETR4.SA,640,1377,55.529998779296875,52.34000015258789,-1.0
2021-01-29,7.206812381744385,7.4741313201353465,7.206812381744385,7.43092829059867,67555300,-0.03854465078225777,PETR4.SA,639,1376,55.880001068115234,52.20000076293945,1.0
2021-02-01,7.433629512786865,7.4741322938766706,7.244615847673365,7.360724197812731,44449500,0.031472601065213324,PETR4.SA,636,1373,56.349998474121094,53.54999923706055,-1.0
2021-02-02,7.738751411437988,7.868360523606437,7.614542807698433,7.668546346924871,91663000,0.04104615358167529,PETR4.SA,635,1372,57.459999084472656,54.7599983215332,-1.0
2021-02-03,7.814355850219727,7.868359381608198,7.738750288250959,7.825156350489118,47486800,0.009769591341310502,PETR4.SA,634,1371,58.459999084472656,55.689998626708984,-1.0
2021-02-04,7.781954765319824,7.827858058790642,7.617242856685562,7.78465501964409,41444100,-0.004146353905676192,PETR4.SA,633,1370,58.84000015258789,56.22999954223633,-1.0
2021-02-05,7.787355422973633,8.124879494652376,7.646945285550269,7.825157954194976,121098700,0.000693997564452209,PETR4.SA,632,1369,59.34000015258789,56.849998474121094,-1.0
2021-02-08,7.590241432189941,7.911563975220036,7.506535092221996,7.698249031318581,98821700,-0.02531205782674073,PETR4.SA,629,1366,60.560001373291016,57.970001220703125,-1.0
2021-02-09,7.4363298416137695,7.660445781919079,7.393126290993441,7.574039195699231,63662200,-0.02027756191304253,PETR4.SA,628,1365,61.09000015258789,58.36000061035156,-1.0
2021-02-10,7.506533622741699,7.57133868455349,7.32292099767748,7.490332614799129,52949900,0.009440649167425041,PETR4.SA,627,1364,61.470001220703125,58.68000030517578,-1.0
2021-02-11,7.582140922546387,7.695549034177201,7.525437124241416,7.598341934201967,61158600,0.010072198914240271,PETR4.SA,626,1363,61.13999938964844,58.2400016784668,-1.0
2021-02-12,7.679346084594727,7.692846838397239,7.455230172336105,7.509233702566899,47801100,0.012820279000524515,PETR4.SA,625,1362,62.43000030517578,59.470001220703125,-1.0
2021-02-17,7.989868640899658,7.992568894861563,7.595640317814803,7.700948162245975,54973400,0.04043606745733985,PETR4.SA,620,1357,64.33999633789062,61.13999938964844,-1.0
2021-02-18,7.903463363647461,8.348995011448558,7.8413590613826365,8.203184373065925,105539200,-0.010814355170984169,PETR4.SA,619,1356,63.93000030517578,60.52000045776367,-1.0
2021-02-19,7.3796257972717285,7.692848073989278,7.33642276013971,7.568639470989932,215834800,-0.06627949574425318,PETR4.SA,618,1355,62.90999984741211,59.2400016784668,-1.0
2021-02-22,5.851317405700684,6.26444706038382,5.778412081635271,6.156438943981342,490230400,-0.20709835885392258,PETR4.SA,615,1352,65.23999786376953,61.4900016784668,1.0
2021-02-23,6.496664047241211,6.550668111865103,6.132137898582265,6.223944499430323,293503100,0.11029082799572532,PETR4.SA,614,1351,65.37000274658203,61.66999816894531,-1.0
2021-02-24,6.588469505310059,6.750481156059658,6.483162164082197,6.628972289242248,155246400,0.014131169074046879,PETR4.SA,613,1350,67.04000091552734,63.220001220703125,-1.0
2021-02-25,6.261747360229492,6.817986942845917,6.2374455833899525,6.750482121629621,170233000,-0.04958999124413355,PETR4.SA,612,1349,66.87999725341797,63.529998779296875,1.0
2021-02-26,6.005228042602539,6.323850839178444,5.932322721686863,6.264446789740215,159881000,-0.04096609187016953,PETR4.SA,611,1348,66.12999725341797,61.5,1.0
2021-03-01,5.940422534942627,6.2212427565317,5.918821019052758,6.156437693841327,90330100,-0.010791514860079565,PETR4.SA,608,1345,63.689998626708984,60.63999938964844,1.0
2021-03-02,5.937723159790039,6.029529744663442,5.581297837350165,5.897220375880207,147772300,-0.00045440793760198606,PETR4.SA,607,1344,62.70000076293945,59.75,1.0
2021-03-03,5.72170877456665,5.910721964433413,5.529994815035335,5.8864201876615425,185688500,-0.036380002807511636,PETR4.SA,606,1343,64.06999969482422,61.279998779296875,1.0
2021-03-04,5.999825954437256,6.0484294889185195,5.702805270421908,5.751408289882461,127843200,0.048607363783849555,PETR4.SA,605,1342,66.73999786376953,63.83000183105469,1.0
2021-03-05,6.045729160308838,6.269845054841812,6.018727654839401,6.059230428064261,126306300,0.007650756241959655,PETR4.SA,604,1341,69.36000061035156,66.08999633789062,1.0
2021-03-08,5.697406768798828,6.016029593649454,5.659603720328164,5.924222999539244,141142800,-0.05761462054846933,PETR4.SA,601,1338,68.23999786376953,65.05000305175781,1.0
2021-03-09,5.829715728759766,5.926922824901358,5.63260179715785,5.767611424011905,122648000,0.023222663455506165,PETR4.SA,600,1337,67.5199966430664,64.01000213623047,1.0
2021-03-10,6.032229423522949,6.032229423522948,5.827014754264582,5.924221838392437,111744100,0.03473817664283718,PETR4.SA,599,1336,67.9000015258789,64.44000244140625,1.0
2021-03-11,6.288748741149902,6.3427522835237315,6.105135564032992,6.107835818404812,130577500,0.04252479466822745,PETR4.SA,598,1335,69.62999725341797,66.0199966430664,1.0
2021-03-12,6.256345272064209,6.3130490603659855,6.172639459086012,6.250944764124768,68123200,-0.005152609910086592,PETR4.SA,597,1334,69.22000122070312,65.61000061035156,1.0
2021-03-15,6.385954856872559,6.391355365221638,6.237444482418638,6.2401447365931775,68295000,0.02071650127544622,PETR4.SA,594,1331,68.87999725341797,65.38999938964844,1.0
2021-03-16,6.286047458648682,6.394055040751764,6.272546188997811,6.380553771100893,43407900,-0.01564486446633062,PETR4.SA,593,1330,68.38999938964844,64.80000305175781,1.0
2021-03-17,6.502064228057861,6.5155649860209675,6.240145712418919,6.248245961188421,77966400,0.034364482742167635,PETR4.SA,592,1329,68.0,64.5999984741211,1.0
2021-03-18,6.275246620178223,6.453459264437286,6.2293433321102345,6.448058756424396,77198900,-0.03488393838080994,PETR4.SA,591,1328,63.279998779296875,60.0,1.0
2021-03-19,6.480461597442627,6.491262613981689,6.259045908600001,6.283347680792076,90244500,0.03270229676783232,PETR4.SA,590,1327,64.52999877929688,61.41999816894531,1.0
2021-03-22,6.350851535797119,6.421056587700372,6.272545722705544,6.396754819156141,44129300,-0.02000012803048712,PETR4.SA,587,1324,64.62000274658203,61.54999923706055,1.0
2021-03-23,6.156439304351807,6.380555283470223,6.156439304351807,6.25634666336597,57124700,-0.03061199436791917,PETR4.SA,586,1323,60.790000915527344,57.7599983215332,1.0
2021-03-24,6.161838054656982,6.356252208051306,6.161838054656982,6.261745385153594,63338300,0.0008769273988227244,PETR4.SA,585,1322,64.41000366210938,61.18000030517578,1.0
2021-03-25,6.264445781707764,6.291447290276065,5.983625560414718,6.129436178783207,79214500,0.016652129793192527,PETR4.SA,584,1321,61.95000076293945,58.560001373291016,1.0
2021-03-26,6.334651470184326,6.448059577797335,6.240145143024199,6.340051978885149,60918600,0.011207007119698131,PETR4.SA,583,1320,64.56999969482422,60.970001220703125,1.0
2021-03-29,6.434558868408203,6.434558868408203,6.286048483188894,6.302249494389707,50099700,0.015771569863648693,PETR4.SA,580,1317,64.9800033569336,61.560001373291016,1.0
2021-03-30,6.434558868408203,6.477761908290943,6.364353799843537,6.383255065414628,41959100,0.0,PETR4.SA,579,1316,64.13999938964844,60.54999923706055,1.0
2021-03-31,6.5074639320373535,6.542566207410521,6.421057855714936,6.4264578492194575,68609400,0.011330234926762772,PETR4.SA,578,1315,63.540000915527344,59.15999984741211,1.0
2021-04-01,6.450758457183838,6.5857680558023075,6.421056695701883,6.558766548095211,47232900,-0.00871391304596325,PETR4.SA,577,1314,64.86000061035156,61.45000076293945,1.0
2021-04-05,6.491262912750244,6.534465950853338,6.394055819507866,6.51556417104,40454400,0.006279022201071349,PETR4.SA,573,1310,62.150001525878906,58.650001525878906,1.0
2021-04-06,6.4858622550964355,6.580369091906679,6.456159973950718,6.529065292206119,45934300,-0.000831988740311318,PETR4.SA,572,1309,62.7400016784668,59.33000183105469,1.0
2021-04-07,6.480461597442627,6.572268177941396,6.461560333520083,6.464260587654849,55892200,-0.0008326815219618089,PETR4.SA,571,1308,63.15999984741211,59.77000045776367,1.0
2021-04-08,6.3994574546813965,6.491264055568676,6.310351108528559,6.475062527162029,63231300,-0.012499748905725583,PETR4.SA,570,1307,63.20000076293945,59.599998474121094,1.0
2021-04-09,6.385954856872559,6.421057646120751,6.31034980006874,6.34545207429611,47494400,-0.0021099597746306875,PETR4.SA,569,1306,62.95000076293945,59.31999969482422,1.0
2021-04-12,6.450758457183838,6.580368063273336,6.421056695701883,6.4696597185871045,50592900,0.010147832511145483,PETR4.SA,566,1303,63.279998779296875,59.70000076293945,1.0
2021-04-13,6.472360134124756,6.51016317289684,6.396755086622104,6.475060387967101,53612300,0.0033487034252324133,PETR4.SA,565,1302,63.66999816894531,60.18000030517578,1.0
2021-04-14,6.574968338012695,6.637072637161375,6.475060996538933,6.534465556612286,90836500,0.015853290262225928,PETR4.SA,564,1301,66.58000183105469,63.150001525878906,1.0
2021-04-15,6.444579124450684,6.651118190952678,6.425041724320718,6.614834523904774,64193600,-0.019831154594034506,PETR4.SA,563,1300,66.94000244140625,63.459999084472656,1.0
2021-04-16,6.405505180358887,6.486445924909423,6.366429842521868,6.455743987827685,59567300,-0.006063071511303253,PETR4.SA,562,1299,66.7699966430664,63.130001068115234,1.0
2021-04-19,6.776717185974121,6.946972069712059,6.355265612147904,6.40550495016556,196519100,0.0579520264464819,PETR4.SA,559,1296,67.05000305175781,63.380001068115234,1.0
2021-04-20,6.648326873779297,6.863239333970677,6.631580607324733,6.790671469528618,94965400,-0.018945797599545067,PETR4.SA,558,1295,66.56999969482422,62.439998626708984,1.0
2021-04-22,6.617626667022705,6.751598430651461,6.600880396201992,6.737642761338908,46600100,-0.0046177342569709845,PETR4.SA,556,1293,65.4000015258789,61.43000030517578,1.0
2021-04-23,6.612042427062988,6.681819150131835,6.561803101276756,6.665072353300324,60341000,-0.0008438433052659899,PETR4.SA,555,1292,66.11000061035156,62.13999938964844,1.0
2021-04-26,6.637164115905762,6.71252259523363,6.589715908441535,6.656701519152036,33281000,0.003799384096501157,PETR4.SA,552,1289,65.6500015258789,61.90999984741211,1.0
2021-04-27,6.447369575500488,6.7460138769845015,6.447369575500488,6.648326354316249,76684900,-0.028595728098757767,PETR4.SA,551,1288,66.41999816894531,62.939998626708984,1.0
2021-04-28,6.681819438934326,6.723685368114338,6.519937455711885,6.5311014550612745,66374200,0.036363645776523956,PETR4.SA,550,1287,67.2699966430664,63.86000061035156,1.0
2021-04-29,6.592505931854248,6.779507596560962,6.536684332819262,6.7320593970874905,49775900,-0.013366644803308625,PETR4.SA,549,1286,68.55999755859375,65.01000213623047,1.0
2021-04-30,6.592505931854248,6.679028931239676,6.497609532907305,6.531102066444919,61039200,0.0,PETR4.SA,548,1285,67.25,63.58000183105469,1.0
2021-05-03,6.539475440979004,6.645535839914504,6.503191242038861,6.642744706738014,49039900,-0.008044056603575656,PETR4.SA,545,1282,67.55999755859375,64.48999786376953,1.0
2021-05-04,6.388758182525635,6.598088403786416,6.385967049026311,6.570178133501736,44765000,-0.023047300936236192,PETR4.SA,544,1281,68.87999725341797,65.69000244140625,1.0
2021-05-05,6.651118278503418,6.684611345134401,6.452952609028991,6.466907742918597,75611900,0.04106589864292931,PETR4.SA,543,1280,68.95999908447266,65.62999725341797,1.0
2021-05-06,6.559012413024902,6.656699938413132,6.53110161543481,6.617624608845329,54091600,-0.013848177347289714,PETR4.SA,542,1279,68.08999633789062,64.70999908447266,1.0
2021-05-07,6.804625511169434,6.8241634399784985,6.547847159859976,6.598086483517889,74118200,0.03744665853304263,PETR4.SA,541,1278,68.27999877929688,64.9000015258789,1.0
2021-05-10,6.893941879272461,6.972091484580821,6.860448811030122,6.921852148394441,73804500,0.013125831532744714,PETR4.SA,538,1275,68.31999969482422,64.91999816894531,1.0
2021-05-11,7.0195393562316895,7.025121622734442,6.787880619909831,6.821373686572108,73729900,0.018218528551401603,PETR4.SA,537,1274,68.55000305175781,65.27999877929688,1.0
2021-05-12,6.916269302368164,7.125599481264068,6.891149638312322,6.963717497545403,89980700,-0.014711799253870672,PETR4.SA,536,1273,69.31999969482422,66.08000183105469,1.0
2021-05-13,6.974883079528809,7.005585016419809,6.8185833262146485,6.910688604533352,77282100,0.008474767912894254,PETR4.SA,535,1272,67.05000305175781,63.81999969482422,1.0
2021-05-14,7.340511798858643,7.362840331212537,7.131181608408063,7.200958338558257,196135500,0.05242076679434948,PETR4.SA,534,1271,68.70999908447266,65.37000274658203,1.0
2021-05-17,7.4409894943237305,7.4409894943237305,7.312600583050282,7.340510845602503,83512600,0.013688104892183528,PETR4.SA,531,1268,69.45999908447266,66.2699966430664,1.0
2021-05-18,7.354467868804932,7.480065670570773,7.332139335222944,7.452155402858963,63510600,-0.011627704297231034,PETR4.SA,530,1267,68.70999908447266,65.48999786376953,1.0
2021-05-19,7.298645973205566,7.354467571077855,7.200958443106169,7.214914108751346,84700500,-0.007590201846708999,PETR4.SA,529,1266,66.66000366210938,63.36000061035156,1.0
2021-05-20,7.237243175506592,7.3349307128149075,7.178630440179903,7.298646511814041,71371100,-0.00841290260198857,PETR4.SA,528,1265,65.11000061035156,62.04999923706055,1.0
2021-05-21,7.242825031280518,7.343303163869319,7.240033898103853,7.2791086978687085,82884500,0.0007712682355094369,PETR4.SA,527,1264,66.44000244140625,63.58000183105469,1.0
2021-05-24,7.365631580352783,7.401915778720926,7.253988916824291,7.3349301806038305,63029600,0.016955614493223914,PETR4.SA,524,1261,68.45999908447266,66.05000305175781,1.0
2021-05-25,7.212122440338135,7.429826017057031,7.195376175161041,7.390750688504919,63672000,-0.02084127319429352,PETR4.SA,523,1260,68.6500015258789,66.06999969482422,1.0
2021-05-26,7.281900405883789,7.307020074102509,7.159093198187187,7.231661069446349,46646900,0.009675094415394048,PETR4.SA,522,1259,68.87000274658203,66.20999908447266,1.0
2021-05-27,7.231661319732666,7.326557729097895,7.192586515530847,7.279109524415281,48877800,-0.006899172379579599,PETR4.SA,521,1258,69.45999908447266,66.8499984741211,1.0
2021-05-28,7.533095836639404,7.5414692360311095,7.29864597721378,7.312601642866621,129526400,0.041682609787633274,PETR4.SA,520,1257,69.62999725341797,66.31999969482422,1.0
2021-05-31,7.499604225158691,7.591709500366363,7.474484556251665,7.524723361711441,46298900,-0.004445929297463125,PETR4.SA,517,1254,69.62999725341797,66.31999969482422,1.0
2021-06-01,7.616828918457031,7.7312627253300334,7.538678780835897,7.647530320945763,90744900,0.015630783942583326,PETR4.SA,516,1253,70.25,67.72000122070312,1.0
2021-06-02,7.778709411621094,7.8345304713071675,7.608454035017136,7.6335736981998235,103985100,0.021253003697089046,PETR4.SA,515,1252,71.3499984741211,68.83000183105469,1.0
2021-06-04,7.954548358917236,7.98804142834856,7.792666343433443,7.831741147474755,102757300,0.02260515697288379,PETR4.SA,513,1250,71.88999938964844,69.62000274658203,1.0
2021-06-07,7.895934581756592,7.968501908435819,7.817784456869661,7.954546776156161,74548900,-0.007368586438340929,PETR4.SA,510,1247,71.48999786376953,69.2300033569336,1.0
2021-06-08,7.999205589294434,8.038280394114249,7.803830500486774,7.862443240070788,88398600,0.013079010023265392,PETR4.SA,509,1246,72.22000122070312,70.05000305175781,1.0
2021-06-09,7.999205589294434,8.116430536108172,7.960130784474617,8.0159518581666,60724200,0.0,PETR4.SA,508,1245,72.22000122070312,69.95999908447266,1.0
2021-06-10,8.004786491394043,8.1024740191402,7.974084560068458,8.046652422612626,35871000,0.0006976820432116337,PETR4.SA,507,1244,72.5199966430664,70.29000091552734,1.0
2021-06-11,7.974087238311768,8.052237393227694,7.887564213752463,8.038281723231433,54894400,-0.0038351120439352737,PETR4.SA,506,1243,72.69000244140625,70.91000366210938,1.0
2021-06-14,8.024324417114258,8.191788685333576,7.985249616392968,8.066190351080529,64286600,0.006300053824483287,PETR4.SA,503,1240,72.86000061035156,70.87999725341797,1.0
2021-06-15,8.102474212646484,8.110847079677646,7.990831016925031,8.082936280747282,42597100,0.009739112163205776,PETR4.SA,502,1239,73.98999786376953,72.12000274658203,-1.0
2021-06-16,8.133176803588867,8.175043274293552,8.02990752448151,8.116430534719568,77432900,0.003789285857209057,PETR4.SA,501,1238,74.38999938964844,72.1500015258789,-1.0
2021-06-17,7.8512797355651855,8.149924675017543,7.78987638674506,8.096894195554404,95264600,-0.034660142627084056,PETR4.SA,500,1237,73.08000183105469,71.04000091552734,1.0
2021-06-18,7.9043073654174805,7.932218162038716,7.714514587218073,7.814993242112857,115250700,0.006754011019641348,PETR4.SA,499,1236,73.51000213623047,71.63999938964844,1.0
2021-06-21,8.080143928527832,8.094099058791006,7.926634833862442,7.926634833862442,50709600,0.022245663659242743,PETR4.SA,496,1233,74.9000015258789,73.66000366210938,1.0
2021-06-22,8.1220121383667,8.169460339915931,8.00199606783898,8.094101337628167,41602700,0.005181616838661363,PETR4.SA,495,1232,74.80999755859375,73.05999755859375,-1.0
2021-06-23,8.177830696105957,8.239234545344667,8.094098851958364,8.163875566199385,57278500,0.006872503609737679,PETR4.SA,494,1231,75.19000244140625,73.08000183105469,-1.0
2021-06-24,8.275520324707031,8.275520324707031,8.155504260258637,8.230863258729148,51447000,0.011945665327553368,PETR4.SA,493,1230,75.55999755859375,73.30000305175781,-1.0
2021-06-25,8.1220121383667,8.314596077872903,8.080146203436023,8.28668527713437,84950900,-0.018549671841421866,PETR4.SA,492,1229,76.18000030517578,74.05000305175781,-1.0
2021-06-28,8.108055114746094,8.16945897256433,8.001994728516472,8.144339309339443,40341200,-0.0017184194486333793,PETR4.SA,489,1226,74.68000030517578,72.91000366210938,-1.0
2021-06-29,8.144339561462402,8.144339561462402,8.021532374378364,8.11921989745989,43215200,0.004475111010323385,PETR4.SA,488,1225,74.76000213623047,72.9800033569336,-1.0
2021-06-30,8.214118003845215,8.253192808300325,8.071773388874663,8.102475325148983,71367600,0.008567722631923624,PETR4.SA,487,1224,75.12999725341797,73.47000122070312,-1.0
2021-07-01,8.110848426818848,8.339716057823164,8.071773621238881,8.300641252243198,65084000,-0.012572205193305486,PETR4.SA,486,1223,75.83999633789062,75.2300033569336,-1.0
2021-07-02,8.144339561462402,8.200160622970294,8.018741241449844,8.177832091896303,37336700,0.004129177723604771,PETR4.SA,485,1222,76.16999816894531,75.16000366210938,-1.0
2021-07-05,8.052233695983887,8.138756680815511,7.918262519659926,8.09689075475854,56028600,-0.011309187784156793,PETR4.SA,482,1219,76.16999816894531,75.16000366210938,1.0
2021-07-06,7.722890377044678,8.038281039158539,7.722890377044677,8.01037076624999,97839700,-0.04090086445248997,PETR4.SA,481,1218,74.52999877929688,73.37000274658203,1.0
2021-07-07,7.828948497772217,7.856859294833832,7.650320248344559,7.856859294833832,73793500,0.013732956904682236,PETR4.SA,480,1217,73.43000030517578,72.19999694824219,1.0
2021-07-08,7.672649383544922,7.725679848901346,7.6112460510587905,7.647529717447364,80574200,-0.019964253727275283,PETR4.SA,479,1216,74.12000274658203,72.94000244140625,1.0
2021-07-12,7.739633560180664,7.753589223422825,7.614035785125933,7.69776763516242,53001200,0.008730253825933953,PETR4.SA,475,1212,75.16000366210938,74.0999984741211,1.0
2021-07-13,7.787082672119141,7.806620070616353,7.641946951348158,7.692186280257666,41594300,0.006130666467543788,PETR4.SA,474,1211,76.48999786376953,75.25,1.0
2021-07-14,7.722890377044678,7.870817272289916,7.686606702850964,7.842906467027034,51654600,-0.008243433102912423,PETR4.SA,473,1210,74.76000213623047,73.12999725341797,1.0
2021-07-15,7.558215618133545,7.711724216184665,7.513558552069429,7.672649416467118,67982600,-0.021322943984885212,PETR4.SA,472,1209,73.47000122070312,71.6500015258789,1.0
2021-07-16,7.446572780609131,7.641947307028792,7.418661981876548,7.600081375107022,69024100,-0.014771057504176288,PETR4.SA,471,1208,73.58999633789062,71.80999755859375,1.0
2021-07-19,7.323765754699707,7.382378486626884,7.217705355892071,7.248406756088002,80087700,-0.016491751242828534,PETR4.SA,468,1205,68.62000274658203,66.41999816894531,1.0
2021-07-20,7.421452522277832,7.519140043863044,7.231659744878945,7.309809868617947,63408800,0.013338324961504888,PETR4.SA,467,1204,69.3499984741211,67.41999816894531,1.0
2021-07-21,7.524723529815674,7.602873671756126,7.421454250761304,7.477275856769382,51116600,0.013915201536065958,PETR4.SA,466,1203,72.2300033569336,70.30000305175781,1.0
2021-07-22,7.507974624633789,7.597288737001871,7.4549441707824515,7.53588541783734,37736500,-0.0022258499087068895,PETR4.SA,465,1202,73.79000091552734,71.91000366210938,1.0
2021-07-23,7.463320255279541,7.583336336613285,7.446573986270318,7.563798934043474,34025500,-0.005947591938808117,PETR4.SA,464,1201,74.0999984741211,72.06999969482422,1.0
2021-07-26,7.667068958282471,7.667068958282471,7.457738712106733,7.4633209797697955,46802600,0.027300008043845914,PETR4.SA,461,1198,74.5,71.91000366210938,1.0
2021-07-27,7.577752590179443,7.647529318509556,7.50797586184933,7.63357418578521,51901800,-0.011649349782688723,PETR4.SA,460,1197,74.4800033569336,71.6500015258789,1.0
2021-07-28,7.734053611755371,7.7870840832535535,7.591709530522498,7.655904003604661,46727100,0.020626303078103758,PETR4.SA,459,1196,74.73999786376953,72.38999938964844,1.0
2021-07-29,7.761963844299316,7.792665778020866,7.675440842048142,7.7591727110196995,43916600,0.00360874567788394,PETR4.SA,458,1195,76.05000305175781,73.62000274658203,1.0
2021-07-30,7.510768413543701,7.767546843594524,7.488439877554685,7.703352369170391,74150400,-0.03236235517124997,PETR4.SA,457,1194,76.33000183105469,73.94999694824219,1.0
2021-08-02,7.371212959289551,7.650319850689697,7.360048960457701,7.591707659025658,70528800,-0.018580715922820734,PETR4.SA,454,1191,72.88999938964844,71.26000213623047,1.0
2021-08-03,7.494020938873291,7.4996032050609465,7.198167751532223,7.357258611400965,71850400,0.016660484544673393,PETR4.SA,453,1190,72.41000366210938,70.55999755859375,1.0
2021-08-04,7.334929466247559,7.471691782294817,7.2428242112625005,7.410287924068672,87970600,-0.021229120377885047,PETR4.SA,452,1189,70.37999725341797,68.1500015258789,1.0
2021-08-05,7.912681579589844,8.088518711423298,7.83174031428188,8.024324245226499,223915900,0.07876723504989003,PETR4.SA,451,1188,71.29000091552734,69.08999633789062,1.0
2021-08-06,7.923845291137695,7.965711755035276,7.820576028820978,7.954547222701467,51106100,0.0014108632371416796,PETR4.SA,450,1187,70.69999694824219,68.27999877929688,1.0
2021-08-09,7.8680243492126465,7.8736060831123815,7.722888620735334,7.801038751227936,75381900,-0.007044678419893091,PETR4.SA,447,1184,69.04000091552734,66.4800033569336,1.0
2021-08-10,7.893144607543945,8.03269808024367,7.881980074197927,7.898726341862704,84380900,0.003192702159572347,PETR4.SA,446,1183,70.62999725341797,68.29000091552734,1.0
2021-08-11,8.001996040344238,8.091310176517263,7.806620968200063,7.859651436185638,97863500,0.013790629490844086,PETR4.SA,445,1182,71.44000244140625,69.25,1.0
2021-08-12,8.1220121383667,8.147131805795954,7.95454786628975,7.999204934529704,95319300,0.014998270108778744,PETR4.SA,444,1181,71.30999755859375,69.08999633789062,-1.0
2021-08-13,8.191788673400879,8.264356540602018,8.099683405867555,8.11084740647699,85201800,0.008591040476850553,PETR4.SA,443,1180,70.58999633789062,68.44000244140625,-1.0
2021-08-16,7.99362325668335,8.16108754109492,7.881980577860398,8.149923539389768,101262100,-0.024190738386719146,PETR4.SA,440,1177,69.51000213623047,67.29000091552734,1.0
2021-08-17,7.993597030639648,8.17103491074641,7.822073332891518,7.937408067773167,93623700,-3.2808706214026984e-06,PETR4.SA,439,1176,69.02999877929688,66.58999633789062,1.0
2021-08-18,7.922621250152588,8.076400698632522,7.881218591969211,7.993596510388225,86103100,-0.00887907911982666,PETR4.SA,438,1175,68.2300033569336,65.45999908447266,1.0
2021-08-19,7.87825870513916,7.946277134715079,7.727436113740283,7.765881386638982,80808200,-0.005599478204587061,PETR4.SA,437,1174,66.44999694824219,63.689998626708984,1.0
2021-08-20,7.86643123626709,7.875302790068841,7.739267033871231,7.8072849119700365,88445600,-0.0015012795739184348,PETR4.SA,436,1173,65.18000030517578,62.31999969482422,1.0
2021-08-23,7.9906392097473145,8.076400771785883,7.916706575824548,7.966980789454478,70161500,0.01578962171659004,PETR4.SA,433,1170,68.75,65.63999938964844,1.0
2021-08-24,8.15624713897705,8.171033438300988,8.055698724203012,8.070485587588113,49831400,0.020725241733817956,PETR4.SA,432,1169,71.05000305175781,67.54000091552734,-1.0
2021-08-25,8.200607299804688,8.230180465033733,8.097101503533636,8.171034134575644,46031200,0.0054387955724941595,PETR4.SA,431,1168,72.25,68.36000061035156,-1.0
2021-08-26,8.129631042480469,8.244965752230648,8.123716297349398,8.156246831509147,41061300,-0.008655000139551783,PETR4.SA,430,1167,71.06999969482422,67.41999816894531,-1.0
2021-08-27,8.425361633300781,8.425361633300781,8.182862720573723,8.19173483837879,76465300,0.036376877286927956,PETR4.SA,429,1166,72.69999694824219,68.73999786376953,-1.0
2021-08-30,8.369174003601074,8.490423479111598,8.35734507538751,8.398747170226839,61054000,-0.0066688686070908165,PETR4.SA,426,1163,73.41000366210938,69.20999908447266,-1.0
2021-08-31,8.040910720825195,8.348470081261288,7.981764407941579,8.339598529171477,110574300,-0.03922290092602143,PETR4.SA,425,1162,72.98999786376953,68.5,1.0
2021-09-01,7.996553421020508,8.085272350169749,7.786584461410887,8.079357604476813,69430400,-0.005516452220991175,PETR4.SA,424,1161,71.58999633789062,68.58999633789062,1.0
2021-09-02,7.86643123626709,8.088229106289313,7.825028583634691,7.984723320800045,56052000,-0.0162722835579846,PETR4.SA,423,1160,73.02999877929688,69.98999786376953,1.0
2021-09-03,7.786582946777344,7.9196618786760995,7.718565076722906,7.8812166032115325,58182700,-0.010150510071405217,PETR4.SA,422,1159,72.61000061035156,69.29000091552734,1.0
2021-09-06,7.825028896331787,7.898961522626961,7.733352597662901,7.751096270036614,26770700,0.004937460991198295,PETR4.SA,419,1156,72.61000061035156,69.29000091552734,1.0
2021-09-08,7.384392738342285,7.792501274446435,7.331161705167319,7.774757596721447,80378400,-0.05631112214755696,PETR4.SA,417,1154,72.5999984741211,69.30000305175781,1.0
2021-09-09,7.541128635406494,7.653505990413846,7.138934927685221,7.416921788260879,156617100,0.021225292670361773,PETR4.SA,416,1153,71.44999694824219,68.13999938964844,1.0
2021-09-10,7.493811130523682,7.730395311699486,7.490853757751337,7.694907966553706,78379900,-0.00627459193053026,PETR4.SA,415,1152,72.91999816894531,69.72000122070312,1.0
2021-09-13,7.757013320922852,7.80433017068958,7.582532225885036,7.629849075651765,63317900,0.0351226079513931,PETR4.SA,412,1149,73.51000213623047,70.44999694824219,1.0
2021-09-14,7.653505802154541,7.762926345497054,7.606188962887837,7.674207412887289,65497300,-0.013343733533255797,PETR4.SA,411,1148,73.5999984741211,70.45999908447266,1.0
2021-09-15,7.786582946777344,7.825027658180826,7.6505472066684685,7.688991918071951,67274100,0.01738773681798733,PETR4.SA,410,1147,75.45999908447266,72.61000061035156,1.0
2021-09-16,7.718565940856934,7.7599680291668,7.544084905749421,7.712651195652338,65567700,-0.008735154609578855,PETR4.SA,409,1146,75.66999816894531,72.61000061035156,1.0
2021-09-17,7.372560977935791,7.694907247191357,7.325244146124068,7.680120384711988,131694100,-0.044827622847609994,PETR4.SA,408,1145,75.33999633789062,71.97000122070312,1.0
2021-09-20,7.28975772857666,7.28975772857666,7.035429846678085,7.121191410323754,80260600,-0.011231273584164314,PETR4.SA,405,1142,73.91999816894531,70.29000091552734,1.0
2021-09-21,7.455367088317871,7.479026074430951,7.25427078290817,7.416922364006667,64570200,0.02271808829695443,PETR4.SA,404,1141,74.36000061035156,70.55999755859375,1.0
2021-09-22,7.644634246826172,7.754054226100252,7.5470431953373796,7.550000568299006,70231800,0.02538669877233435,PETR4.SA,403,1140,76.19000244140625,72.2300033569336,1.0
2021-09-23,7.937407493591309,7.9699380324862545,7.662378009635337,7.674207501619399,84480600,0.038297874994698056,PETR4.SA,402,1139,77.25,73.30000305175781,1.0
2021-09-24,7.955149173736572,8.002466001691529,7.827984987084718,7.851643401062197,44821500,0.002235198351550949,PETR4.SA,401,1138,78.08999633789062,73.9800033569336,1.0
2021-09-27,8.026126861572266,8.120760546321103,7.836859492074594,8.026126861572266,89178700,0.00892223216505128,PETR4.SA,398,1135,79.52999877929688,75.44999694824219,1.0
2021-09-28,7.972896575927734,8.247926119716489,7.901921300766338,8.040915041511084,117874300,-0.006632126125415305,PETR4.SA,397,1134,79.08999633789062,75.29000091552734,1.0
2021-09-29,8.100059509277344,8.141462169457062,7.931493187582171,8.046827920518604,58731700,0.01594940209478546,PETR4.SA,396,1133,78.63999938964844,74.83000183105469,1.0
2021-09-30,8.052741050720215,8.156246834304872,8.034997379382062,8.141460535533268,65744000,-0.0058417420887998395,PETR4.SA,395,1132,78.5199966430664,75.02999877929688,1.0
2021-10-01,8.280455589294434,8.280455589294434,8.00542608125735,8.020212947532139,60983200,0.028277891607336958,PETR4.SA,394,1131,79.27999877929688,75.87999725341797,1.0
2021-10-04,8.514081954956055,8.519996136678852,8.197649824246374,8.209479315814379,106937000,0.028214192219528256,PETR4.SA,391,1128,81.26000213623047,77.62000274658203,-1.0
2021-10-05,8.700392723083496,8.715179024822218,8.546612703131265,8.576185870669963,100469100,0.02188266088030666,PETR4.SA,390,1127,82.55999755859375,78.93000030517578,-1.0
2021-10-06,8.469722747802734,8.626460141926248,8.419448531880947,8.561399624170337,84599400,-0.02651259346819579,PETR4.SA,389,1126,81.08000183105469,77.43000030517578,1.0
2021-10-07,8.45789623260498,8.570273625170447,8.354390398046982,8.487469408773183,60551100,-0.0013963284926677977,PETR4.SA,388,1125,81.94999694824219,78.30000305175781,1.0
2021-10-08,8.611674308776855,8.75658221807058,8.49042425808079,8.576186392757787,84170500,0.018181598821118694,PETR4.SA,387,1124,82.38999938964844,79.3499984741211,-1.0
2021-10-11,8.670819282531738,8.827556670708866,8.62054506851728,8.724050869613073,76466700,0.006867999373200151,PETR4.SA,384,1121,83.6500015258789,80.5199966430664,-1.0
2021-10-13,8.762495994567871,8.783197606988608,8.599844416833783,8.62646021159918,55605400,0.0105730161186528,PETR4.SA,382,1119,83.18000030517578,80.44000244140625,-1.0
2021-10-14,8.777281761169434,8.936975945697796,8.72405017830625,8.83051334403262,76172700,0.0016873921095916788,PETR4.SA,381,1118,84.0,81.30999755859375,-1.0
2021-10-15,8.753623008728027,8.824598261818382,8.727007218311497,8.812768770939403,72479900,-0.0026954532263134823,PETR4.SA,380,1117,84.86000061035156,82.27999877929688,-1.0
2021-10-18,8.709263801574707,8.765452192714847,8.573227472781154,8.694476937542154,68971300,-0.005067525424511721,PETR4.SA,377,1114,84.33000183105469,82.44000244140625,-1.0
2021-10-19,8.28341293334961,8.670819803403084,8.239053462804158,8.647161381508091,111484000,-0.048896310632834505,PETR4.SA,376,1113,85.08000183105469,82.95999908447266,1.0
2021-10-20,8.42832088470459,8.517039826287496,8.265669303782168,8.360302991886941,56063300,0.01749374955962546,PETR4.SA,375,1112,85.81999969482422,83.87000274658203,1.0
2021-10-21,8.117803573608398,8.333686733098117,7.961066183863966,8.239053050256665,101567700,-0.03684213206211773,PETR4.SA,374,1111,84.61000061035156,82.5,1.0
2021-10-22,8.037955284118652,8.209478955906608,7.620975313667568,8.014296866081043,138384700,-0.00983619383811396,PETR4.SA,373,1110,85.52999877929688,83.76000213623047,1.0
2021-10-25,8.588014602661133,8.667861414663879,8.176948794810349,8.209479332627781,135830600,0.06843274179806458,PETR4.SA,370,1107,85.98999786376953,83.76000213623047,-1.0
2021-10-26,8.505209922790527,8.644203065761124,8.457893084159634,8.517038850417645,57865600,-0.009641888573983959,PETR4.SA,369,1106,86.4000015258789,84.6500015258789,-1.0
2021-10-27,8.484509468078613,8.593929453520184,8.419448387378084,8.525911563752587,57579200,-0.0024338558248215847,PETR4.SA,368,1105,84.58000183105469,82.66000366210938,1.0
2021-10-28,8.56435775756836,8.650119900838943,8.354389305938467,8.437194075572686,89578000,0.009411067285641117,PETR4.SA,367,1104,84.31999969482422,82.80999755859375,-1.0
2021-10-29,8.029083251953125,8.632373764474918,7.975851669782239,8.6146295277105,157340000,-0.06250025054619068,PETR4.SA,366,1103,84.37999725341797,83.56999969482422,1.0
2021-11-01,8.280455589294434,8.375089277207994,8.094145586722268,8.194693457084472,102157200,0.031307725857763424,PETR4.SA,363,1100,84.70999908447266,84.05000305175781,1.0
2021-11-03,7.940365791320801,8.236096356628382,7.925578924618648,8.194693693923643,83475800,-0.04107138723300752,PETR4.SA,361,1098,81.98999786376953,80.86000061035156,1.0
2021-11-04,7.688992977142334,8.05569872836486,7.644633515086438,7.99063822162029,92603400,-0.03165758615972447,PETR4.SA,360,1097,80.54000091552734,78.80999755859375,1.0
2021-11-05,7.644634246826172,7.8486884686886365,7.6239332001560065,7.774755836831635,86264000,-0.005769120930144034,PETR4.SA,359,1096,82.73999786376953,81.2699966430664,1.0
2021-11-08,7.724483013153076,7.884177233358866,7.6061903296687055,7.632806127046557,59704100,0.010445073465752186,PETR4.SA,356,1093,83.43000030517578,81.93000030517578,1.0
2021-11-09,7.87825870513916,7.969935547244646,7.74813771825707,7.74813771825707,73021700,0.019907570736350744,PETR4.SA,355,1092,84.77999877929688,84.1500015258789,1.0
2021-11-10,7.816158771514893,7.964024051145333,7.736311385139747,7.866432989151693,68176300,-0.007882444071525385,PETR4.SA,354,1091,82.63999938964844,81.33999633789062,1.0
2021-11-11,7.822072982788086,7.94923664075662,7.75996927628137,7.94923664075662,60848900,0.0007566646796821619,PETR4.SA,353,1090,82.87000274658203,81.58999633789062,1.0
2021-11-12,7.981766223907471,8.032040432078333,7.688993093051689,7.7806693912240235,85962500,0.020415718629930746,PETR4.SA,352,1089,82.16999816894531,80.79000091552734,1.0
2021-11-16,8.064571380615234,8.15033293772951,7.875303465078776,8.061614007740785,60978200,0.0103742898983612,PETR4.SA,348,1085,82.43000030517578,80.76000213623047,1.0
2021-11-17,7.860517978668213,8.114846431592886,7.833902184103479,8.100059565689557,82106800,-0.02530244848938945,PETR4.SA,347,1084,80.27999877929688,78.36000061035156,1.0
2021-11-18,7.84868860244751,7.9107917435163815,7.703780145164359,7.893048069505451,63993000,-0.0015049105227932236,PETR4.SA,346,1083,81.23999786376953,79.01000213623047,1.0
2021-11-19,7.718565940856934,7.7717975195759905,7.623932273828007,7.718565940856933,85893800,-0.016578904856793364,PETR4.SA,345,1082,78.88999938964844,76.0999984741211,1.0
2021-11-22,7.795456886291504,8.023168963806032,7.774755839613929,7.777712648515397,59195200,0.009961817522029737,PETR4.SA,342,1079,79.69999694824219,76.75,1.0
2021-11-23,8.221307754516602,8.295240380237296,7.836858326393466,7.869388862210146,108382300,0.05462808331016067,PETR4.SA,341,1078,82.30999755859375,78.5,1.0
2021-11-24,8.389874458312988,8.410575502878459,8.135546050083123,8.21539341974522,64263300,0.02050363626197793,PETR4.SA,340,1077,82.25,78.38999938964844,1.0
2021-11-25,8.759537696838379,8.809811904622661,8.446062959331133,8.5909708372832,104052200,0.044060640044394805,PETR4.SA,339,1076,82.25,78.38999938964844,1.0
2021-11-26,8.419445991516113,8.62350016681391,8.301153920351117,8.395787577283114,108871800,-0.038825303011712164,PETR4.SA,338,1075,72.72000122070312,68.1500015258789,1.0
2021-11-29,8.715179443359375,8.818685252684949,8.519997317916305,8.682649465159718,84672200,0.03512504886203427,PETR4.SA,335,1072,73.44000244140625,69.94999694824219,1.0
2021-11-30,8.703350067138672,8.765453211107133,8.53478374601142,8.664904780248552,129384600,-0.0013573301958477169,PETR4.SA,334,1071,70.56999969482422,66.18000030517578,1.0
2021-12-01,8.753623008728027,9.070054556945466,8.718135100152264,8.824598261818382,135078600,0.005776274790918912,PETR4.SA,333,1070,68.87000274658203,65.56999969482422,1.0
2021-12-02,9.421531677246094,9.464718954566916,8.703953872335473,8.966400999287648,191410300,0.07630082628097079,PETR4.SA,332,1069,69.66999816894531,66.5,1.0
2021-12-03,9.554417610168457,9.614215874143438,9.375022818243515,9.461398018024695,105133000,0.014104493565870513,PETR4.SA,331,1068,69.87999725341797,66.26000213623047,1.0
2021-12-06,9.597603797912598,9.723844703817926,9.5278395869997,9.561060911377105,66142300,0.004520023041297616,PETR4.SA,328,1065,73.08000183105469,69.48999786376953,1.0
2021-12-07,9.753743171691895,9.82350737787909,9.567704021238011,9.727166240719056,98989300,0.016268578810604284,PETR4.SA,327,1064,75.44000244140625,72.05000305175781,1.0
2021-12-08,9.750419616699219,9.98961196210627,9.707231713862157,9.753741811813141,71167700,-0.0003407466173931395,PETR4.SA,326,1063,75.81999969482422,72.36000061035156,1.0
2021-12-09,9.730488777160645,9.796930790098232,9.564382794350614,9.667368326272502,67668200,-0.0020441006974140086,PETR4.SA,325,1062,74.41999816894531,70.94000244140625,1.0
2021-12-10,9.85008430480957,9.999579937497945,9.793608247309963,9.800252638461451,38517500,0.012290803718888244,PETR4.SA,324,1061,75.1500015258789,71.66999816894531,1.0
2021-12-13,9.790285110473633,9.982967999833662,9.73048749679138,9.85672774831252,45448700,-0.006070932236258986,PETR4.SA,321,1058,74.38999938964844,71.29000091552734,1.0
2021-12-14,9.674013137817383,9.916527731178252,9.637469617245939,9.836796932003887,56833800,-0.011876260123605875,PETR4.SA,320,1057,73.69999694824219,70.7300033569336,1.0
2021-12-15,9.733809471130371,9.733809471130371,9.497939300724621,9.667367464118207,55085100,0.006181130050282313,PETR4.SA,319,1056,73.87999725341797,70.87000274658203,1.0
2021-12-16,9.863373756408691,9.95971490006658,9.80025330347445,9.840119019444513,56545700,0.013310748033706243,PETR4.SA,318,1055,75.0199966430664,72.37999725341797,1.0
2021-12-17,9.63082504272461,9.846762698927678,9.561060832388069,9.740454968713493,93593700,-0.023576994994535694,PETR4.SA,317,1054,73.5199966430664,70.86000061035156,1.0
2021-12-20,9.355088233947754,9.484650688532858,9.19562665389778,9.448107805798902,106282500,-0.0286306528831769,PETR4.SA,314,1051,71.5199966430664,68.2300033569336,1.0
2021-12-21,9.368377685546875,9.541127426129407,9.341800753638484,9.484651366618568,40454500,0.0014205586592861419,PETR4.SA,313,1050,73.9800033569336,71.12000274658203,1.0
2021-12-22,9.355088233947754,9.434819023972741,9.291967787561473,9.434819023972741,33734500,-0.0014185435349840514,PETR4.SA,312,1049,75.29000091552734,72.76000213623047,1.0
2021-12-23,9.4115629196167,9.441462040729906,9.351764677390285,9.4115629196167,28713600,0.006036788136750015,PETR4.SA,311,1048,76.8499984741211,73.79000091552734,1.0
2021-12-27,9.551094055175781,9.561060642301733,9.351766748165044,9.408242807924019,44227900,0.01482550100879143,PETR4.SA,307,1044,78.5999984741211,75.56999969482422,1.0
2021-12-28,9.561059951782227,9.727165923353985,9.534483021676506,9.637468546630677,30688100,0.0010434298467665304,PETR4.SA,306,1043,78.94000244140625,75.9800033569336,1.0
2021-12-29,9.481330871582031,9.600926761806905,9.441465152411002,9.534484741380666,35508400,-0.008338937377474931,PETR4.SA,305,1042,79.2300033569336,76.55999755859375,1.0
2021-12-30,9.451430320739746,9.534483309028692,9.431497147326708,9.484651009140112,43229100,-0.0031536238158194063,PETR4.SA,304,1041,79.31999969482422,76.98999786376953,1.0
2022-01-03,9.664045333862305,9.70723260702912,9.478006825872665,9.481329021292263,52704700,0.022495538337304,PETR4.SA,300,1037,78.9800033569336,76.08000183105469,1.0
2022-01-04,9.700591087341309,9.767033110126635,9.604249298883007,9.687302302597763,51739200,0.003781620658478202,PETR4.SA,299,1036,80.0,76.98999786376953,1.0
2022-01-05,9.325191497802734,9.723846183715793,9.282004213090161,9.697269246897866,78459800,-0.03869863043999955,PETR4.SA,298,1035,80.80000305175781,77.8499984741211,1.0
2022-01-06,9.318544387817383,9.517871672648315,9.248780186630741,9.398275808664932,61163100,-0.0007128121698002365,PETR4.SA,297,1034,81.98999786376953,79.45999908447266,1.0
2022-01-07,9.361732482910156,9.398275998734,9.242135982864104,9.338477748710975,47507600,0.004634639627755011,PETR4.SA,296,1033,81.75,78.9000015258789,1.0
2022-01-10,9.305257797241211,9.381666401891977,9.208916017220966,9.298613405451384,37455200,-0.006032503681561052,PETR4.SA,293,1030,80.87000274658203,78.2300033569336,1.0
2022-01-11,9.580992698669434,9.657401295174445,9.2521029438642,9.335155931450693,73623800,0.029632161454997252,PETR4.SA,292,1029,83.72000122070312,81.22000122070312,1.0
2022-01-12,9.873340606689453,9.936461065355171,9.617537843211975,9.617537843211975,81378200,0.030513321240774882,PETR4.SA,291,1028,84.66999816894531,82.63999938964844,1.0
2022-01-13,10.07266616821289,10.175651694736327,9.800252472067282,9.810219058625293,76717500,0.020188259421374477,PETR4.SA,290,1027,84.47000122070312,82.12000274658203,1.0
2022-01-14,10.448065757751465,10.497897421981143,10.046088981191549,10.05937776292959,96458800,0.037269138405802815,PETR4.SA,289,1026,86.05999755859375,83.81999969482422,1.0
2022-01-17,10.464674949645996,10.567660462206343,10.381621973855156,10.431453632600876,35675900,0.0015896905972485609,PETR4.SA,286,1023,86.05999755859375,83.81999969482422,1.0
2022-01-18,10.511185646057129,10.624137757071022,10.28860361948787,10.48460871603292,78198800,0.004444542867784618,PETR4.SA,285,1022,87.51000213623047,85.43000030517578,1.0
2022-01-19,10.461353302001953,10.700545656684294,10.444742959432162,10.597560138734892,77480200,-0.004740887063855448,PETR4.SA,284,1021,88.44000244140625,86.95999908447266,1.0
2022-01-20,10.537763595581055,10.630783176487178,10.335114722157225,10.464677189354566,85353100,0.0073040543965261495,PETR4.SA,283,1020,88.37999725341797,86.9000015258789,1.0
2022-01-21,10.554373741149902,10.59091662455584,10.474642949658756,10.487931098085278,61345400,0.0015762495920683683,PETR4.SA,282,1019,87.88999938964844,85.13999938964844,1.0
2022-01-24,10.61417293548584,10.713836275286695,10.31186008662664,10.527797745291203,79117100,0.00566582118489789,PETR4.SA,279,1016,86.2699966430664,83.30999755859375,1.0
2022-01-25,10.959671974182129,11.039402126579645,10.491252576517002,10.531118286359723,98358500,0.03255072635392997,PETR4.SA,278,1015,88.19999694824219,85.5999984741211,1.0
2022-01-26,11.2520170211792,11.384902291909162,11.06265633412611,11.06265633412611,98679900,0.026674616510945937,PETR4.SA,277,1014,89.95999908447266,87.3499984741211,-1.0
2022-01-27,11.255341529846191,11.507822061171096,11.019470075731654,11.378259599880154,90631000,0.00029545890845472655,PETR4.SA,276,1013,89.33999633789062,86.61000061035156,-1.0
2022-01-28,10.810178756713867,11.41148166412336,10.703871018366723,11.228765318044719,117400500,-0.039551245242258504,PETR4.SA,275,1012,90.02999877929688,86.81999969482422,1.0
2022-01-31,10.747056007385254,10.962994280430143,10.654037067507707,10.796888306484231,62450300,-0.005839195701496602,PETR4.SA,272,1009,91.20999908447266,88.1500015258789,1.0
2022-02-01,10.962993621826172,11.069301337382058,10.614171350952926,10.747055361753816,57315200,0.02009272253652794,PETR4.SA,271,1008,89.16000366210938,88.19999694824219,1.0
2022-02-02,10.803532600402832,11.125778592493369,10.750378739909467,11.099201028602687,36271700,-0.014545390330782393,PETR4.SA,270,1007,89.47000122070312,88.26000213623047,1.0
2022-02-03,10.654036521911621,10.936416156243729,10.504541533202381,10.747055457025644,51087800,-0.013837703279169666,PETR4.SA,269,1006,91.11000061035156,90.2699966430664,1.0
2022-02-04,10.84007740020752,11.039404083829194,10.590917778392281,10.766990358145105,59346800,0.01746200868687442,PETR4.SA,268,1005,93.2699966430664,92.30999755859375,1.0
2022-02-07,10.68061637878418,10.88990902774498,10.673971986664885,10.81350041930542,48868100,-0.014710321295333895,PETR4.SA,265,1002,92.69000244140625,91.31999969482422,1.0
2022-02-08,10.574307441711426,10.61417315865641,10.384946711921916,10.597562179244301,62590000,-0.00995344587826641,PETR4.SA,264,1001,90.77999877929688,89.36000061035156,1.0
2022-02-09,10.61417293548584,10.86000908917541,10.514508962040923,10.544408090709991,50960500,0.0037700335453800804,PETR4.SA,263,1000,91.55000305175781,89.66000366210938,1.0
2022-02-10,10.776956558227539,10.929775037601065,10.610851195964548,10.730447082139664,49534600,0.015336439657721579,PETR4.SA,262,999,91.41000366210938,89.87999725341797,1.0
2022-02-11,11.215475082397461,11.265307382736866,10.840076484382624,10.886585955479115,88013400,0.04069038617726828,PETR4.SA,261,998,94.44000244140625,93.0999984741211,-1.0
2022-02-14,10.962993621826172,11.275272377860594,10.903195373414993,11.24869608261559,55687000,-0.02251188279732841,PETR4.SA,258,995,96.4800033569336,95.45999908447266,1.0
2022-02-15,10.790243148803711,10.85668578711892,10.594238062782201,10.850041396558606,65689000,-0.015757600431193564,PETR4.SA,257,994,93.27999877929688,92.06999969482422,1.0
2022-02-16,10.939741134643555,11.195544523754595,10.886587265950883,10.906520441943707,65811600,0.013854922801847858,PETR4.SA,256,993,94.80999755859375,93.66000366210938,1.0
2022-02-17,10.896552085876465,11.059336504650092,10.813499095485199,10.913162430497106,43255200,-0.0039479040898253714,PETR4.SA,255,992,92.97000122070312,91.76000213623047,1.0
2022-02-18,10.962993621826172,10.99289274603176,10.720479066508812,10.820142391431462,60304700,0.006097482527140485,PETR4.SA,254,991,93.54000091552734,91.06999969482422,1.0
2022-02-21,11.245372772216797,11.295205066188663,10.962993152477232,10.979603494705227,51263800,0.025757485603971952,PETR4.SA,251,988,93.54000091552734,91.06999969482422,-1.0
2022-02-22,11.208831787109375,11.521110564902656,11.032758591280125,11.368293371554117,80206700,-0.003249424082917174,PETR4.SA,250,987,96.83999633789062,92.3499984741211,-1.0
2022-02-23,11.368291854858398,11.494531466979936,11.228762195029528,11.355003074438915,86530100,0.014226287875281463,PETR4.SA,249,986,96.83999633789062,92.0999984741211,-1.0
2022-02-24,11.092556953430176,11.723760173635982,10.856686769981241,11.560975758391148,139674100,-0.02425473456774274,PETR4.SA,248,985,99.08000183105469,92.80999755859375,-1.0
2022-02-25,11.295204162597656,11.295204162597656,10.92977159366402,11.112487878130839,86189100,0.01826875534813599,PETR4.SA,247,984,97.93000030517578,91.58999633789062,-1.0
2022-03-02,11.517788887023926,11.723761229730975,11.42476993695503,11.713794008446346,58071800,0.019706126708477267,PETR4.SA,242,979,112.93000030517578,110.5999984741211,-1.0
2022-03-03,11.37493896484375,11.604164779092956,11.348361397650022,11.567621257845657,69237400,-0.012402547362290406,PETR4.SA,241,978,110.45999908447266,107.66999816894531,-1.0
2022-03-04,11.37161636352539,11.521112013770056,11.235409497144293,11.32178532496929,55418000,-0.00029209838651689246,PETR4.SA,240,977,118.11000061035156,115.68000030517578,-1.0
2022-03-07,10.56434154510498,11.494534909130834,10.507865478697717,11.461314215421718,110954100,-0.07099033177110636,PETR4.SA,237,974,123.20999908447266,119.4000015258789,1.0
2022-03-08,10.783601760864258,10.953030599108747,10.468000725099945,10.6307845372899,111633500,0.0207547450849761,PETR4.SA,236,973,127.9800033569336,123.69999694824219,1.0
2022-03-09,10.816822052001953,10.903196605418,10.544407708053672,10.830109567481909,87779300,0.0030806303751180764,PETR4.SA,235,972,111.13999938964844,108.69999694824219,1.0
2022-03-10,11.19554328918457,11.494533292377147,10.803533075571323,10.830109373342905,136437700,0.035012246236640676,PETR4.SA,234,971,109.33000183105469,106.0199966430664,-1.0
2022-03-11,10.793566703796387,11.421447080171532,10.654037027219685,11.265307059720653,92153700,-0.03590505391341858,PETR4.SA,233,970,112.66999816894531,109.33000183105469,1.0
2022-03-14,10.587594985961914,10.926450688932848,10.471320678263377,10.773633498093172,52274100,-0.019082822526313437,PETR4.SA,230,967,106.9000015258789,103.01000213623047,1.0
2022-03-15,10.331791877746582,10.477965314666836,10.122497992258307,10.34508002638805,66272000,-0.024160643522395886,PETR4.SA,229,966,99.91000366210938,96.44000244140625,1.0
2022-03-16,10.242095947265625,10.477966797050993,10.089278731226626,10.46467801288546,72034900,-0.008681546390239547,PETR4.SA,228,965,98.0199966430664,95.04000091552734,1.0
2022-03-17,9.969679832458496,10.43145420021644,9.800251676588672,10.381622538759187,178319300,-0.02659769213349905,PETR4.SA,227,964,106.63999938964844,102.9800033569336,1.0
2022-03-18,10.169007301330566,10.238771501941297,9.919848355759727,9.996256946993565,93097100,0.019993367111260207,PETR4.SA,226,963,107.93000030517578,104.69999694824219,1.0
2022-03-21,10.55104923248291,10.660679125954127,10.178971653452306,10.26866901183163,67700800,0.0375692454368044,PETR4.SA,223,960,115.62000274658203,112.12000274658203,1.0
2022-03-22,10.504541397094727,10.664002336132057,10.414844024845012,10.627459455086738,56128600,-0.004407887250208464,PETR4.SA,222,959,115.4800033569336,111.76000213623047,1.0
2022-03-23,10.647393226623535,10.786922910937331,10.527797350080913,10.60752814565734,52956100,0.013599054364078933,PETR4.SA,221,958,121.5999984741211,114.93000030517578,1.0
2022-03-24,10.770312309265137,10.830110569968408,10.521153945741665,10.647394225503163,49402800,0.011544523624265723,PETR4.SA,220,957,119.02999877929688,112.33999633789062,1.0
2022-03-25,10.730447769165039,10.813500772436113,10.604207482996424,10.68061672757535,51780100,-0.003701335574624376,PETR4.SA,219,956,120.6500015258789,113.9000015258789,1.0
2022-03-28,10.497900009155273,10.657362261090796,10.29192827696247,10.650717868584286,68610500,-0.0216717666412779,PETR4.SA,216,953,112.4800033569336,105.95999908447266,1.0
2022-03-29,10.730447769165039,10.883264991034633,10.604207482996424,10.673972335239073,93809000,0.02215183606311344,PETR4.SA,215,952,110.2300033569336,104.23999786376953,1.0
2022-03-30,10.959671974182129,10.959671974182129,10.757022496965893,10.796887573164652,69648400,0.021362035392016754,PETR4.SA,214,951,113.44999694824219,107.81999969482422,1.0
2022-03-31,11.112488746643066,11.152353821374426,10.79688717574076,10.82014190827471,94269500,0.013943553495116445,PETR4.SA,213,950,107.91000366210938,100.27999877929688,1.0
2022-04-01,10.966318130493164,11.225444365672942,10.93309743568748,11.145712923935717,72545400,-0.01315372456004138,PETR4.SA,212,949,104.38999938964844,99.2699966430664,1.0
2022-04-04,10.86333179473877,10.929774442944288,10.713836153098379,10.929774442944288,56053000,-0.009391149748613326,PETR4.SA,209,946,107.52999877929688,103.27999877929688,1.0
2022-04-05,10.760344505310059,10.982927163509778,10.760344505310059,10.850041880946844,45847200,-0.009480267322644842,PETR4.SA,208,945,106.63999938964844,101.95999908447266,1.0
2022-04-06,10.750378608703613,10.889907015562791,10.64407088901434,10.830108764826578,56947100,-0.0009261689160163789,PETR4.SA,207,944,101.06999969482422,96.2300033569336,1.0
2022-04-07,11.30849552154541,11.315139912878143,10.796888794517594,10.843398266558657,118469400,0.05191602390542216,PETR4.SA,206,943,100.58000183105469,96.02999877929688,1.0
2022-04-08,11.364971160888672,11.431413808178723,11.245374649224196,11.318461687972063,60772700,0.004994089552908365,PETR4.SA,205,942,102.77999877929688,98.26000213623047,1.0
2022-04-11,11.278595924377441,11.328426956365103,11.222119234045808,11.261985580381554,48125400,-0.0076001280855407805,PETR4.SA,202,939,98.4800033569336,94.29000091552734,1.0
2022-04-12,11.245372772216797,11.521109268895467,11.228762429988802,11.428090338588387,68522800,-0.0029456815709512085,PETR4.SA,201,938,104.63999938964844,100.5999984741211,1.0
2022-04-13,11.484566688537598,11.560975282823518,11.328426670877509,11.418124046940454,101438800,0.021270430173000676,PETR4.SA,200,937,108.77999877929688,104.25,1.0
2022-04-14,11.36472225189209,11.655472779484787,11.324743794396618,11.48465693117457,119382100,-0.010435259761704452,PETR4.SA,199,936,111.69999694824219,106.94999694824219,1.0
2022-04-18,11.164831161499023,11.408334999298965,11.073971530875225,11.324744305494022,76350600,-0.01758873520730231,PETR4.SA,195,932,113.16000366210938,108.20999908447266,1.0
2022-04-19,11.502829551696777,11.630033178224407,11.310207570832993,11.324744751839697,88494100,0.03027348871725999,PETR4.SA,194,931,107.25,102.55999755859375,1.0
2022-04-20,11.557345390319824,11.61186172633398,11.38652952466029,11.502829747509676,34694700,0.004739341600954683,PETR4.SA,193,930,106.80000305175781,102.75,1.0
2022-04-22,11.106681823730469,11.375626265846787,11.019456655466044,11.28476662892084,74560900,-0.038993692008791325,PETR4.SA,191,928,106.6500015258789,102.06999969482422,1.0
2022-04-25,10.943135261535645,11.063069958586773,10.735975393284063,10.892253391765683,66413900,-0.014725060534766743,PETR4.SA,188,925,102.31999969482422,98.54000091552734,1.0
2022-04-26,10.92496109008789,11.113949276010265,10.863176517505726,10.943133430967306,48764100,-0.0016607828573256267,PETR4.SA,187,924,104.98999786376953,101.69999694824219,1.0
2022-04-27,10.92496109008789,11.1066803396585,10.884983326561025,11.037627523928494,41881300,0.0,PETR4.SA,186,923,105.31999969482422,102.0199966430664,1.0
2022-04-28,10.997652053833008,11.128490170880843,10.994017584670111,11.066705581519821,43298500,0.006653658822736608,PETR4.SA,185,922,107.58999633789062,105.36000061035156,1.0
2022-04-29,11.004919052124023,11.481023337266254,11.004919052124023,11.175734913442719,76243900,0.0006607772509481524,PETR4.SA,184,921,109.33999633789062,104.69000244140625,1.0
2022-05-02,10.895886421203613,11.023090039018866,10.65965152709183,10.964939932566857,72456200,-0.009907626798887348,PETR4.SA,181,918,107.58000183105469,105.16999816894531,1.0
2022-05-03,10.99401569366455,11.044896866785157,10.837737012560977,10.946768989081699,52531000,0.009006084376024237,PETR4.SA,180,917,104.97000122070312,102.41000366210938,1.0
2022-05-04,11.655474662780762,11.69181796469926,11.048532231807574,11.121220222052669,109417000,0.06016536519020854,PETR4.SA,179,916,110.13999938964844,107.80999755859375,1.0
2022-05-05,11.6336669921875,11.811752485839678,11.2738636159304,11.560979700504731,99439900,-0.0018710238084854725,PETR4.SA,178,915,110.9000015258789,108.26000213623047,1.0
2022-05-06,12.015277862548828,12.037083286252194,11.593688545382172,11.880804613141132,129570200,0.03280228586718148,PETR4.SA,177,914,112.38999938964844,109.7699966430664,-1.0
2022-05-09,11.688183784484863,12.008010098647656,11.651840483824385,11.884440935430762,92314500,-0.027223180504506228,PETR4.SA,174,911,105.94000244140625,103.08999633789062,1.0
2022-05-10,11.789944648742676,11.938954380913312,11.70272018359336,11.760870289162197,60330600,0.008706302547440536,PETR4.SA,173,910,102.45999908447266,99.76000213623047,1.0
2022-05-11,12.200630187988281,12.32419933196489,11.880803923623912,11.913513443688538,108895400,0.034833542606105716,PETR4.SA,172,909,107.51000213623047,105.70999908447266,-1.0
2022-05-12,12.295126914978027,12.385986553239201,12.087965664247138,12.087965664247138,114415900,0.007745233281702069,PETR4.SA,171,908,107.44999694824219,106.12999725341797,-1.0
2022-05-13,12.455038070678711,12.5168219527294,12.320566208374105,12.393252802220113,67000100,0.013006059783399193,PETR4.SA,170,907,111.55000305175781,110.48999786376953,-1.0
2022-05-16,12.578609466552734,12.676738049450936,12.360545486865124,12.4477713560218,92075300,0.009921398487326316,PETR4.SA,167,904,114.23999786376953,114.19999694824219,-1.0
2022-05-17,12.415059089660645,12.77122865286473,12.407790153300416,12.720347484750983,90914700,-0.013002262080477167,PETR4.SA,166,903,111.93000030517578,112.4000015258789,-1.0
2022-05-18,12.211536407470703,12.560438517199076,12.149752510936365,12.422331460981766,80986200,-0.01639321091588175,PETR4.SA,165,902,109.11000061035156,109.58999633789062,-1.0
2022-05-19,12.418694496154785,12.462308120045938,12.113407447364919,12.182460272247193,63983100,0.016964129800845384,PETR4.SA,164,901,112.04000091552734,112.20999908447266,-1.0
2022-05-20,12.658565521240234,12.658565521240234,12.447770494112246,12.571339658123259,79589900,0.019315317335467208,PETR4.SA,163,900,112.55000305175781,113.2300033569336,-1.0
2022-05-23,13.156473159790039,13.19645161413119,12.774863035783362,12.785765746455397,93807400,0.039333654173875354,PETR4.SA,160,897,113.41999816894531,110.29000091552734,-1.0
2022-05-24,12.798240661621094,12.99669429830481,12.437783362550844,12.636237771725275,154453100,-0.027228611636118893,PETR4.SA,159,896,113.55999755859375,109.7699966430664,-1.0
2022-05-25,12.98049545288086,13.07364703114084,12.660539796795026,12.838743387046465,69991900,0.01424061291535983,PETR4.SA,158,895,114.02999877929688,110.33000183105469,-1.0
2022-05-26,13.012895584106445,13.187048988599766,12.939994087110101,12.968344497610735,78303600,0.0024960627537831126,PETR4.SA,157,894,117.4000015258789,114.08999633789062,-1.0
2022-05-27,12.393237113952637,13.020999580295399,12.381086603542698,13.020999580295399,118295600,-0.04761879983964834,PETR4.SA,156,893,119.43000030517578,115.06999969482422,-1.0
2022-05-30,12.146178245544434,12.502585378294425,11.793822054122174,12.490434871783384,98110100,-0.01993497470729888,PETR4.SA,153,890,119.43000030517578,115.06999969482422,-1.0
2022-05-31,12.174529075622559,12.401333903388588,12.073277168670462,12.31628189985364,83598000,0.002334135849564545,PETR4.SA,152,889,122.83999633789062,114.66999816894531,-1.0
2022-06-01,12.158329963684082,12.283882120180422,12.089478631574968,12.10972870528732,46353200,-0.0013305740072453442,PETR4.SA,151,888,116.29000091552734,115.26000213623047,-1.0
2022-06-02,12.05302906036377,12.17048088987224,11.967977042969268,12.1380803052674,50738300,-0.008660803221728464,PETR4.SA,150,887,117.61000061035156,116.87000274658203,-1.0
2022-06-03,12.263631820678711,12.328432982354123,11.959876085641177,12.032776813157929,60396900,0.0174730152279734,PETR4.SA,149,886,119.72000122070312,118.87000274658203,-1.0
2022-06-06,12.271730422973633,12.364882761497375,12.113777700353229,12.35273225495322,39213900,0.000660375524423884,PETR4.SA,146,883,119.51000213623047,118.5,-1.0
2022-06-07,12.417533874511719,12.676738510525345,12.215030059503386,12.227180566500556,80333700,0.01188124628822762,PETR4.SA,145,882,120.56999969482422,119.41000366210938,-1.0
2022-06-08,12.356782913208008,12.615987549823679,12.283881416037161,12.320332164622585,65923900,-0.004892353177180286,PETR4.SA,144,881,123.58000183105469,122.11000061035156,-1.0
2022-06-09,12.178580284118652,12.417534866721148,12.142129532705335,12.356783871862556,53879000,-0.014421442080921998,PETR4.SA,143,880,123.06999969482422,121.51000213623047,-1.0
2022-06-10,12.008476257324219,12.154279253534957,11.769521690196958,12.154279253534957,63101700,-0.013967475914762884,PETR4.SA,142,879,122.01000213623047,120.66999816894531,-1.0
2022-06-13,11.854575157165527,11.98012732355507,11.61157039101513,11.753323235643766,64507100,-0.012816039009514113,PETR4.SA,139,876,122.2699966430664,120.93000030517578,-1.0
2022-06-14,11.988226890563965,12.251481715067248,11.842423885766106,12.012527133866673,68816900,0.011274274415279395,PETR4.SA,138,875,121.16999816894531,118.93000030517578,-1.0
2022-06-15,11.77762222290039,12.158329623467822,11.680420481317578,12.150229285213227,72785700,-0.01756762443571558,PETR4.SA,137,874,118.51000213623047,115.30999755859375,1.0
2022-06-17,11.060759544372559,11.522468825695766,10.582850357515488,11.40906639699534,184606500,-0.060866503013992546,PETR4.SA,135,872,113.12000274658203,109.55999755859375,1.0
2022-06-20,11.186309814453125,11.441464252579356,10.493746443840788,10.538297525295631,92581800,0.0113509627957189,PETR4.SA,132,869,113.12000274658203,109.55999755859375,1.0
2022-06-21,10.963558197021484,11.405016647054069,10.809655612579249,11.259213629431308,85179500,-0.019912877537491158,PETR4.SA,131,868,114.6500015258789,110.6500015258789,1.0
2022-06-22,10.93115520477295,11.15795924807482,10.68815048641845,10.765102147937027,57874700,-0.0029555178771558666,PETR4.SA,130,867,111.73999786376953,106.19000244140625,1.0
2022-06-23,10.728653907775879,11.089110514501881,10.578801490987018,10.927107588585189,69262300,-0.018525150654585043,PETR4.SA,129,866,110.05000305175781,104.2699966430664,1.0
2022-06-24,10.647651672363281,10.971657488937678,10.603100582900252,10.83800499303939,53413400,-0.00755008373919952,PETR4.SA,128,865,113.12000274658203,107.62000274658203,1.0
2022-06-27,11.332115173339844,11.368565927858427,10.79750513705512,10.862306306756853,90417700,0.06428304775907856,PETR4.SA,125,862,115.08999633789062,109.56999969482422,1.0
2022-06-28,11.47386646270752,11.67637028363246,11.348314310031473,11.575118373169989,51388000,0.012508811214799742,PETR4.SA,124,861,117.9800033569336,111.76000213623047,1.0
2022-06-29,11.3726167678833,11.67232238854263,11.275415007601161,11.534619701686868,52048800,-0.008824374516933853,PETR4.SA,123,860,116.26000213623047,109.77999877929688,1.0
2022-06-30,11.311861991882324,11.364512638125957,11.097207693370704,11.198459589792865,49910100,-0.005342198479117877,PETR4.SA,122,859,114.80999755859375,105.76000213623047,1.0
2022-07-01,11.5548677444458,11.684470060007175,11.145809953148502,11.372614005380909,64948200,0.02148238307166972,PETR4.SA,121,858,111.62999725341797,108.43000030517578,1.0
2022-07-04,11.801923751831055,11.858625353304108,11.558919757626867,11.558919757626867,37324200,0.021381119442410723,PETR4.SA,118,855,111.62999725341797,108.43000030517578,1.0
2022-07-05,11.352365493774414,11.724972588477954,11.157961221218466,11.704721741081062,78428500,-0.03809194733925414,PETR4.SA,117,854,102.7699966430664,99.5,1.0
2022-07-06,11.206563949584961,11.534619995453566,10.898757981273441,11.405017645109966,57617200,-0.01284327431753407,PETR4.SA,116,853,100.69000244140625,98.52999877929688,1.0
2022-07-07,11.53461742401123,11.712821002251763,11.340213941834707,11.340213941834707,52147300,0.029273332655940454,PETR4.SA,115,852,104.6500015258789,102.7300033569336,1.0
2022-07-08,11.66421890258789,11.733070227444788,11.490066278529355,11.554867434572232,43097800,0.01123587144787952,PETR4.SA,114,851,107.0199966430664,104.79000091552734,1.0
2022-07-11,11.607518196105957,11.660169618705217,11.441465135583472,11.469815545064279,39577600,-0.004861080450860977,PETR4.SA,111,848,107.0999984741211,104.08999633789062,1.0
2022-07-12,11.433367729187012,11.514369582034494,11.328065629481651,11.461718145936354,46462000,-0.015003247376116025,PETR4.SA,110,847,99.48999786376953,95.83999633789062,1.0
2022-07-13,11.44146728515625,11.534618868805731,11.332115023050754,11.392866022279074,35497200,0.0007084138428052889,PETR4.SA,109,846,99.56999969482422,96.30000305175781,1.0
2022-07-14,11.133659362792969,11.3402133413522,11.032407457959467,11.3402133413522,47151000,-0.026902836383810635,PETR4.SA,108,845,99.0999984741211,95.77999877929688,1.0
2022-07-15,11.324015617370605,11.360466374410759,11.133662264764975,11.218714288688975,38610800,0.017097366496928945,PETR4.SA,107,844,101.16000366210938,97.58999633789062,1.0
2022-07-18,11.583219528198242,11.619670280334326,11.461716763581018,11.498167515717101,46782300,0.022889752150290876,PETR4.SA,104,841,106.2699966430664,102.5999984741211,1.0
2022-07-19,11.818121910095215,11.842422149835853,11.502215703504136,11.56296668910108,48562300,0.020279541566584847,PETR4.SA,103,840,107.3499984741211,104.22000122070312,1.0
2022-07-20,11.81407356262207,11.834323636779196,11.67637089537935,11.77357264181701,43520800,-0.000342554214954105,PETR4.SA,102,839,106.91999816894531,102.26000213623047,1.0
2022-07-21,11.753323554992676,11.797873876378942,11.4212173669762,11.737122876313395,58843200,-0.005142172791406829,PETR4.SA,101,838,103.86000061035156,96.3499984741211,1.0
2022-07-22,11.878874778747559,11.935575604627573,11.684471285023955,11.76142295764027,55676200,0.010682189013808685,PETR4.SA,100,837,103.19999694824219,94.69999694824219,1.0
2022-07-25,12.433735847473145,12.453985922089968,11.992277422907112,11.992277422907112,79106600,0.04670990132148578,PETR4.SA,97,834,105.1500015258789,96.69999694824219,1.0
2022-07-26,12.55928897857666,12.806343924915486,12.389185712202382,12.636240658541208,78360100,0.010097780155835512,PETR4.SA,96,833,104.4000015258789,94.9800033569336,1.0
2022-07-27,12.696989059448242,12.745589541322142,12.40133368182804,12.676738214925175,56097200,0.01096400290704902,PETR4.SA,95,832,106.62000274658203,97.26000213623047,1.0
2022-07-28,13.077698707580566,13.215401384260817,12.729391846272772,12.79419301500573,114996500,0.02998424637131003,PETR4.SA,94,831,107.13999938964844,96.41999816894531,1.0
2022-07-29,13.831010818481445,14.037564024553419,13.296400884550085,13.60825539185883,181480600,0.057602803654148715,PETR4.SA,93,830,110.01000213623047,98.62000274658203,1.0
2022-08-01,13.640655517578125,13.831009575961767,13.454352400213587,13.770257820525744,81365100,-0.013762934857151632,PETR4.SA,90,827,100.02999877929688,93.88999938964844,1.0
2022-08-02,13.701408386230469,13.972762747267469,13.559654793689614,13.67710737308538,69147100,0.0044538085852292575,PETR4.SA,89,826,100.54000091552734,94.41999816894531,1.0
2022-08-03,13.70950698852539,13.835059903892132,13.592055955742582,13.774308144364033,65544500,0.0005910780896845047,PETR4.SA,88,825,96.77999877929688,90.66000366210938,1.0
2022-08-04,13.855310440063477,13.93226287737729,13.600156749443965,13.802660561353626,54387500,0.010635207499446908,PETR4.SA,87,824,94.12000274658203,88.54000091552734,1.0
2022-08-05,14.122613906860352,14.199566335983821,13.818858221325756,13.831009499334431,77882600,0.019292492070329237,PETR4.SA,86,823,94.91999816894531,89.01000213623047,1.0
2022-08-08,14.835432052612305,14.892132881768013,14.227920520261058,14.231969917351444,109484600,0.05047352780816916,PETR4.SA,83,820,96.6500015258789,90.76000213623047,1.0
2022-08-09,15.078437805175781,15.171589398930033,14.924534433112195,14.989335608983932,79051200,0.016380092720028827,PETR4.SA,82,819,96.30999755859375,90.5,1.0
2022-08-10,15.029833793640137,15.248538290414666,14.827329973289245,15.248538290414666,78369600,-0.0032234116135665403,PETR4.SA,81,818,97.4000015258789,91.93000030517578,1.0
2022-08-11,14.681526184082031,15.333588697661742,14.681526184082031,15.167535635723796,128896500,-0.02317441525570907,PETR4.SA,80,817,99.5999984741211,94.33999633789062,1.0
2022-08-12,15.771775245666504,15.831460717767552,14.463678214524878,14.473625951319786,171288300,0.07425992692548133,PETR4.SA,79,816,98.1500015258789,92.08999633789062,1.0
2022-08-15,15.776747703552246,16.030409277133526,15.194818434434795,15.35895228220288,96759000,0.0003152757256739136,PETR4.SA,76,813,95.0999984741211,89.41000366210938,1.0
2022-08-16,15.920989990234375,15.950833205281466,15.667329303013897,15.776751578847604,64218800,0.009142713656354662,PETR4.SA,75,812,92.33999633789062,86.52999877929688,1.0
2022-08-17,16.29401969909668,16.323862910588364,15.71706517361729,15.741933567858593,72924700,0.02343005737024617,PETR4.SA,74,811,93.6500015258789,88.11000061035156,-1.0
2022-08-18,16.62228775024414,16.74165870112958,16.34873161374709,16.46312774728815,84552500,0.020146535797158638,PETR4.SA,73,810,96.58999633789062,90.5,-1.0
2022-08-19,15.781721115112305,16.487995165287533,15.582771146096604,16.373597154350477,125178200,-0.05056864901881453,PETR4.SA,72,809,96.72000122070312,90.7699966430664,1.0
2022-08-22,16.11993980407715,16.204494625298814,15.160004941758157,15.786698182681464,92400300,0.02143103952337433,PETR4.SA,69,806,96.4800033569336,90.2300033569336,1.0
2022-08-23,16.632234573364258,16.662077783779438,16.22438685104078,16.229361668111707,73215800,0.03178019121123121,PETR4.SA,68,805,100.22000122070312,93.73999786376953,-1.0
2022-08-24,16.73171043395996,16.970450430834127,16.537734305083255,16.681973646112493,61067900,0.005980907746155006,PETR4.SA,67,804,101.22000122070312,94.88999938964844,-1.0
2022-08-25,16.55265235900879,17.08981869050704,16.249253067774024,16.960500026700483,99511600,-0.01070171968717204,PETR4.SA,66,803,99.33999633789062,92.5199966430664,-1.0
2022-08-26,16.73171043395996,16.746631090846837,16.19951883517731,16.552654961970127,63545400,0.010817485383465941,PETR4.SA,65,802,100.98999786376953,93.05999755859375,-1.0
2022-08-29,17.149505615234375,17.44793202932523,16.637209499116427,16.686946286129835,73339500,0.024970261284609885,PETR4.SA,62,799,105.08999633789062,97.01000213623047,-1.0
2022-08-30,16.129886627197266,17.020189172936906,16.050306627973082,16.91076596250234,99361100,-0.059454716124956675,PETR4.SA,61,798,99.30999755859375,91.63999938964844,1.0
2022-08-31,16.527786254882812,16.632234645785545,15.826486934435204,15.950830799034685,114235400,0.024668470205775117,PETR4.SA,60,797,96.48999786376953,89.55000305175781,-1.0
2022-09-01,16.836162567138672,16.885901263372855,16.294023110878264,16.59244959627158,69184700,0.01865805302054624,PETR4.SA,59,796,92.36000061035156,86.61000061035156,-1.0
2022-09-02,16.62228775024414,17.194270315286342,16.542707748766148,17.12961097116769,81792300,-0.01270329958157912,PETR4.SA,58,795,93.0199966430664,86.87000274658203,-1.0
2022-09-05,16.58249855041504,16.965477897033125,16.48799789241975,16.836159209948118,76337600,-0.002393725847305017,PETR4.SA,55,792,93.0199966430664,86.87000274658203,-1.0
2022-09-06,15.965751647949219,16.209466460327988,15.672300996734702,16.05030646351048,111813500,-0.037192640215872874,PETR4.SA,54,791,92.83000183105469,86.87999725341797,1.0
2022-09-08,15.81653881072998,16.303966520357537,15.617588821970607,16.0702013508172,63159800,-0.009345807232220338,PETR4.SA,52,789,89.1500015258789,83.54000091552734,1.0
2022-09-09,15.811568260192871,16.249257352375448,15.766804387431353,16.159731504189452,49871900,-0.0003142628483128185,PETR4.SA,51,788,92.83999633789062,86.79000091552734,1.0
2022-09-12,15.657382011413574,16.279101445939226,15.647434272780707,15.990624614934637,71374500,-0.009751483612632894,PETR4.SA,48,785,94.0,87.77999877929688,1.0
2022-09-13,15.24455738067627,15.63748444225647,15.179898989471981,15.38879671680117,88327800,-0.02636613390644571,PETR4.SA,47,784,93.16999816894531,87.30999755859375,1.0
2022-09-14,15.478325843811035,15.632511981852986,15.23461101608643,15.294296492985376,49039700,0.015334552345290575,PETR4.SA,46,783,94.0999984741211,88.4800033569336,1.0
2022-09-15,15.448480606079102,15.533034467212895,15.31916288030575,15.378848349381277,45553200,-0.001928195467203353,PETR4.SA,45,782,90.83999633789062,85.0999984741211,1.0
2022-09-16,15.30921459197998,15.393768444825284,15.09036915838009,15.349004584573755,107303600,-0.009014868041088753,PETR4.SA,44,781,91.3499984741211,85.11000061035156,1.0
2022-09-19,15.552932739257812,15.607643401367362,14.861580121310885,15.169953361148377,65559900,0.015919702856964868,PETR4.SA,41,778,92.0,85.7300033569336,1.0
2022-09-20,15.463404655456543,15.717066278964731,15.339060778168323,15.627538535530253,67798200,-0.005756347391337235,PETR4.SA,40,777,90.62000274658203,84.44999694824219,1.0
2022-09-21,15.503194808959961,15.652407083689027,15.363929323522592,15.592722553264803,58812200,0.002573181934379276,PETR4.SA,39,776,89.83000183105469,82.94000244140625,1.0
2022-09-22,15.8861722946167,15.955805503394943,15.433560706565885,15.657379092062572,69764300,0.024703133152619516,PETR4.SA,38,775,90.45999908447266,83.48999786376953,1.0
2022-09-23,14.891422271728516,15.612616155060744,14.806868401415805,15.577800022932296,138630800,-0.06261735076518538,PETR4.SA,37,774,86.1500015258789,78.73999786376953,1.0
2022-09-26,14.568127632141113,14.961053750976134,14.55817989529253,14.781998282375243,42934600,-0.02171012504300407,PETR4.SA,34,771,84.05999755859375,76.70999908447266,1.0
2022-09-27,14.75713062286377,14.8615790189634,14.71236675348723,14.752156754192105,71087600,0.012973732486092793,PETR4.SA,33,770,86.2699966430664,78.5,1.0
2022-09-28,14.558182716369629,14.83173889203643,14.214993317937658,14.757132748551719,104670700,-0.013481476282787841,PETR4.SA,32,769,89.31999969482422,82.1500015258789,1.0
2022-09-29,14.578075408935547,14.622839279121438,14.224939264878481,14.418915403238364,87536500,0.0013664269059867618,PETR4.SA,31,768,88.48999786376953,81.2300033569336,1.0
2022-09-30,14.821788787841797,15.164978131503968,14.423888786978722,14.53331105004896,121637100,0.016717802046549046,PETR4.SA,30,767,87.95999908447266,79.48999786376953,1.0
2022-10-03,16.005544662475586,16.23433695027556,15.746909159917633,15.87125304207028,179694100,0.07986592519823343,PETR4.SA,27,764,88.86000061035156,83.62999725341797,1.0
2022-10-04,15.602669715881348,16.403443618779527,15.453456497985966,16.363654565742923,115917200,-0.025170961381824397,PETR4.SA,26,763,91.80000305175781,86.5199966430664,1.0
2022-10-05,16.189573287963867,16.323864910120708,15.518117074516763,15.622565481526383,92893700,0.03761558648422403,PETR4.SA,25,762,93.37000274658203,87.76000213623047,1.0
2022-10-06,16.741657257080078,16.806316595621546,16.13485861231415,16.41338954213093,82671900,0.034101205714091254,PETR4.SA,24,761,94.41999816894531,88.44999694824219,1.0
2022-10-07,16.726736068725586,17.069924428826077,16.52281222043341,16.70186767695077,73500100,-0.0008912611293713235,PETR4.SA,23,760,97.91999816894531,92.63999938964844,1.0
2022-10-10,16.537734985351562,16.856054994277656,16.41339111328125,16.73668593959883,52222600,-0.011299340325420903,PETR4.SA,20,757,96.19000244140625,91.12999725341797,1.0
2022-10-11,16.413389205932617,16.577524008713556,16.219413091618193,16.35867760500564,58332400,-0.007518912325604754,PETR4.SA,19,756,94.29000091552734,89.3499984741211,1.0
2022-10-13,16.880922317504883,17.15448033656172,16.11993847589498,16.164702342891843,91143900,0.028484861091533586,PETR4.SA,17,754,94.56999969482422,89.11000061035156,1.0
2022-10-14,16.62228775024414,16.980398705563562,16.562603223469868,16.895845784078087,62246100,-0.015321115896170467,PETR4.SA,16,753,91.62999725341797,85.61000061035156,1.0
2022-10-17,16.60736656188965,16.985372979826618,16.33381043413914,16.53276138014142,100936400,-0.0008976615360465345,PETR4.SA,13,750,91.62000274658203,85.45999908447266,1.0
2022-10-18,17.015214920043945,17.025162657443992,16.49297103923144,16.861029733685502,82313200,0.024558280003900368,PETR4.SA,12,749,90.02999877929688,82.81999969482422,1.0
2022-10-19,17.617036819458008,17.68667097341917,16.92071235587664,16.975423956749204,113700900,0.03536963254605241,PETR4.SA,11,748,92.41000366210938,85.55000305175781,-1.0
2022-10-20,18.139284133911133,18.179073185193992,17.79112092283602,17.955253842550217,114347400,0.0296444470091759,PETR4.SA,10,747,92.37999725341797,85.9800033569336,-1.0
2022-10-21,18.76099967956543,19.094240268804683,18.09948952265316,18.129332728078836,139601400,0.0342745359223966,PETR4.SA,9,746,93.5,85.05000305175781,-1.0
2022-10-24,17.035110473632812,18.313365326728672,17.025162736186758,18.154205322265625,142110900,-0.09199345639414214,PETR4.SA,6,743,93.26000213623047,84.58000183105469,-1.0
2022-10-25,16.677001953125,17.15945685444125,16.51784192539252,16.93066455174296,113161200,-0.02102179032311524,PETR4.SA,5,742,93.5199966430664,85.31999969482422,-1.0
2022-10-26,16.269149780273438,16.67699747908938,15.86627594957334,16.214438179667475,121334800,-0.02445596480698009,PETR4.SA,4,741,95.69000244140625,87.91000366210938,-1.0
2022-10-27,16.393495559692383,16.68197425223239,16.24925621342238,16.318890375210486,111008800,0.007643041037689313,PETR4.SA,3,740,96.95999908447266,89.08000183105469,-1.0
2022-10-28,16.19951629638672,16.47307238134973,15.846380224937441,16.26417562832448,129745400,-0.011832696852196123,PETR4.SA,2,739,95.7699966430664,87.9000015258789,-1.0
2022-10-31,14.826764106750488,15.717066750187731,14.503470205841943,15.224665095203605,262409400,-0.08474031968117601,PETR4.SA,1455,736,94.83000183105469,86.52999877929688,-1.0
2022-11-01,14.851631164550781,15.254505011361388,14.702417961113548,15.20476727688231,115944200,0.001677173631498663,PETR4.SA,1454,735,94.6500015258789,88.37000274658203,-1.0
2022-11-03,14.896395683288574,15.115240206714134,14.642734080134547,14.82178860396742,139062100,0.00301411462766743,PETR4.SA,1452,733,94.66999816894531,88.16999816894531,-1.0
2022-11-04,14.075723648071289,15.368899896872101,14.016039130445517,15.31916216640509,195361000,-0.0550919868581331,PETR4.SA,1451,732,98.56999969482422,92.61000061035156,-1.0
2022-11-07,13.50374698638916,14.075728721242587,13.463956977408102,13.906620945905937,117206600,-0.0406356842449449,PETR4.SA,1448,729,97.91999816894531,91.79000091552734,-1.0
2022-11-08,13.603215217590332,13.692742927147407,13.304789835289464,13.45897591915546,94745400,0.007365972666803389,PETR4.SA,1447,728,95.36000061035156,88.91000366210938,-1.0
2022-11-09,13.379398345947266,13.901643095909032,13.250080625442495,13.503742198509357,103303500,-0.01645323315576519,PETR4.SA,1446,727,92.6500015258789,85.83000183105469,-1.0
2022-11-10,12.991448402404785,13.374426814205519,12.737786785029146,12.971552927158786,145470100,-0.02899606794800258,PETR4.SA,1445,726,93.66999816894531,86.47000122070312,-1.0
2022-11-11,13.424162864685059,13.60819219288292,12.78254904742211,12.832285831942503,146365800,0.033307638138344586,PETR4.SA,1444,725,95.98999786376953,88.95999908447266,-1.0
2022-11-14,13.777298927307129,14.016038891069451,13.473899630441498,13.558453486190857,66639500,0.02630600255536719,PETR4.SA,1441,722,93.13999938964844,85.87000274658203,-1.0
2022-11-16,13.50374698638916,13.981228042830482,13.394324698858416,13.832014797650036,85549900,-0.019855266432216134,PETR4.SA,1439,720,92.86000061035156,85.58999633789062,-1.0
2022-11-17,13.508719444274902,13.578351715547196,13.205320064585257,13.429139434629839,101525800,0.00036822801040004016,PETR4.SA,1438,719,89.77999877929688,81.63999938964844,-1.0
2022-11-18,13.279925346374512,13.727563076873652,13.041184401262342,13.628087604021214,127683500,-0.016936771752807056,PETR4.SA,1437,718,87.62000274658203,80.08000183105469,-1.0
2022-11-21,13.319717407226562,13.712643593601795,12.956632539189714,13.488825168046858,164898100,0.002996406968726939,PETR4.SA,1434,715,87.44999694824219,79.7300033569336,-1.0
2022-11-22,12.414419174194336,12.467631632711452,11.866332576871534,12.238818771548114,164261300,-0.06796677477114199,PETR4.SA,1433,714,88.36000061035156,80.94999694824219,1.0
2022-11-23,12.472953796386719,12.584699053137253,12.132394648554218,12.23881957255374,77317300,0.004715051213516119,PETR4.SA,1432,713,85.41000366210938,77.94000244140625,1.0
2022-11-24,12.903969764709473,13.106175854653687,12.37184730018537,12.515520609193212,94233800,0.034556046254866635,PETR4.SA,1431,712,85.41000366210938,77.94000244140625,-1.0
2022-11-25,12.696444511413574,12.946541747363304,12.558092525055246,12.909293330832837,58635900,-0.016082279878200767,PETR4.SA,1430,711,83.62999725341797,76.27999877929688,1.0
2022-11-28,12.962506294250488,13.063608853072576,12.526165943711844,12.584698736992193,56067400,0.020955613407969143,PETR4.SA,1427,708,83.19000244140625,77.23999786376953,-1.0
2022-11-29,13.505269050598145,13.771330309407702,13.026358987729573,13.090214136418854,96151500,0.04187174486375356,PETR4.SA,1426,707,83.02999877929688,78.19999694824219,-1.0
2022-11-30,14.18638801574707,14.18638801574707,13.569125899176091,13.62233836059289,120774700,0.050433572452135644,PETR4.SA,1425,706,85.43000030517578,80.55000305175781,-1.0
2022-12-01,13.617016792297363,14.255564289064914,13.601052749648032,14.143818020406123,71259400,-0.04013503809551089,PETR4.SA,1424,705,86.87999725341797,81.22000122070312,-1.0
2022-12-02,13.78729248046875,14.07463908818554,13.46801881020888,13.670225907848772,66301000,0.012504624968055156,PETR4.SA,1423,704,85.56999969482422,79.9800033569336,-1.0
2022-12-05,13.632980346679688,14.14381751384341,13.595730915165339,13.835186471612854,56065400,-0.011192344980543667,PETR4.SA,1420,701,82.68000030517578,76.93000030517578,-1.0
2022-12-06,13.643623352050781,14.042715308276385,13.526556743604203,13.73940558393586,74991200,0.0007806807536172577,PETR4.SA,1419,700,79.3499984741211,74.25,-1.0
2022-12-07,13.489310264587402,13.872438232318249,13.446740490395088,13.48398891594543,57008400,-0.01131027172779464,PETR4.SA,1418,699,77.16999816894531,72.01000213623047,-1.0
2022-12-08,13.185995101928711,13.7234389155667,13.111497266363196,13.595728630295264,55567700,-0.022485594645633156,PETR4.SA,1417,698,76.1500015258789,71.45999908447266,-1.0
2022-12-09,13.148748397827148,13.329670155303466,13.031681796201465,13.297743084849783,61586200,-0.0028247169677860784,PETR4.SA,1416,697,76.0999984741211,71.0199966430664,-1.0
2022-12-12,12.723051071166992,13.122143014465689,12.30799508475676,13.079573247778224,111293100,-0.03237550174209003,PETR4.SA,1413,694,77.98999786376953,73.16999816894531,-1.0
2022-12-13,12.40909481048584,12.877363113679447,12.403773464433302,12.824150668097039,102533100,-0.024676177036861868,PETR4.SA,1412,693,80.68000030517578,75.38999938964844,1.0
2022-12-14,11.424670219421387,12.025969239621189,11.052185061765925,11.972756784258074,319501600,-0.0793308944849549,PETR4.SA,1411,692,82.69999694824219,77.27999877929688,1.0
2022-12-15,11.727982521057129,11.90358293740957,11.084113651135972,11.174574533192883,132385600,0.02654888901039132,PETR4.SA,1410,691,81.20999908447266,76.11000061035156,1.0
2022-12-16,11.733302116394043,11.76523020095555,11.44595645994319,11.685411004495027,90767300,0.0004535814516575254,PETR4.SA,1409,690,79.04000091552734,74.29000091552734,1.0
2022-12-19,11.908902168273926,11.978078667827575,11.515131604857629,11.759908504515076,63074100,0.014965953329926673,PETR4.SA,1406,687,79.80000305175781,75.19000244140625,1.0
2022-12-20,12.276067733764648,12.36652861278225,11.818441991094037,11.914224217694237,71875500,0.030831184965888436,PETR4.SA,1405,686,79.98999786376953,76.08999633789062,1.0
2022-12-21,12.54212760925293,12.621945784106748,12.158999760988701,12.504879195317358,74252800,0.02167305372195849,PETR4.SA,1404,685,82.19999694824219,78.29000091552734,1.0
2022-12-22,12.765620231628418,13.068929931740637,12.611305215318362,12.717729119511409,81894800,0.017819354844596402,PETR4.SA,1403,684,80.9800033569336,77.48999786376953,1.0
2022-12-23,13.366917610168457,13.42012904806903,12.840115443453323,12.840115443453323,68387900,0.04710287221691356,PETR4.SA,1402,683,83.91999816894531,79.55999755859375,-1.0
2022-12-26,13.271137237548828,13.462700673418336,13.207282082296818,13.366919462955213,28765200,-0.007165479388214879,PETR4.SA,1399,680,83.91999816894531,79.55999755859375,-1.0
2022-12-27,13.361597061157227,13.468020958255638,13.063607713418039,13.436093890620432,50803200,0.006816282733664636,PETR4.SA,1398,679,84.33000183105469,79.52999877929688,-1.0
2022-12-28,13.196639060974121,13.473343035319155,13.170033338993852,13.356276437685441,57293500,-0.012345679893509542,PETR4.SA,1397,678,83.26000213623047,78.95999908447266,1.0
2022-12-29,13.037002563476562,13.329669561985481,12.999754147114688,13.297742492952906,57901800,-0.012096754087155825,PETR4.SA,1396,677,82.26000213623047,78.4000015258789,1.0
2023-01-02,12.196248054504395,12.669836766911809,12.13239290628592,12.526164459570749,78424700,-0.06448986297874626,PETR4.SA,1392,673,85.91000366210938,80.26000213623047,1.0
2023-01-03,11.887616157531738,12.292029359809042,11.775869910153881,12.206889845113091,96750300,-0.0253054788319651,PETR4.SA,1391,672,82.0999984741211,76.93000030517578,1.0
2023-01-04,12.265423774719238,12.552770424910445,11.616234660686644,11.685410142245729,129504000,0.03178161308212579,PETR4.SA,1390,671,77.83999633789062,72.83999633789062,1.0
2023-01-05,12.707085609436035,12.792226148249163,12.318636404911508,12.419739970110763,73886000,0.03600868937175439,PETR4.SA,1389,670,78.69000244140625,73.66999816894531,1.0
2023-01-06,12.632591247558594,12.941222335613936,12.531487662608784,12.739016180657698,51851500,-0.005862427008607174,PETR4.SA,1388,669,78.56999969482422,73.7699966430664,1.0
2023-01-09,12.701764106750488,12.770939582916323,12.37184772095019,12.504878341605568,46385200,0.00547574585738797,PETR4.SA,1385,666,79.6500015258789,74.62999725341797,1.0
2023-01-10,12.818831443786621,12.829474137653254,12.435703599076259,12.744334616606505,52741100,0.009216620309765888,PETR4.SA,1384,665,80.0999984741211,75.12000274658203,1.0
2023-01-11,12.919936180114746,13.100857932521489,12.797547219409074,12.850759678636335,53536500,0.007887203819746835,PETR4.SA,1383,664,82.66999816894531,77.41000366210938,1.0
2023-01-12,13.106179237365723,13.116821932989422,12.82947625575272,12.925258486479393,58130000,0.01441516851589597,PETR4.SA,1382,663,84.02999877929688,78.38999938964844,1.0
2023-01-13,13.074251174926758,13.122142286661841,12.90397211762123,13.005075688500101,40002700,-0.002436107568858703,PETR4.SA,1381,662,85.27999877929688,79.86000061035156,1.0
2023-01-16,12.792226791381836,13.03700268107831,12.680480526344969,12.989111569625829,31973700,-0.021570977929946444,PETR4.SA,1378,659,85.27999877929688,79.86000061035156,1.0
2023-01-17,13.579769134521484,13.632981598054565,12.829476342040676,12.829476342040676,91797500,0.061564132342479816,PETR4.SA,1377,658,85.91999816894531,80.18000030517578,-1.0
2023-01-18,13.340312004089355,13.851150173655636,13.303063588432657,13.75004660619945,69692900,-0.01763337270759624,PETR4.SA,1376,657,84.9800033569336,79.4800033569336,1.0
2023-01-19,13.776654243469238,13.808582331281173,13.191320176123945,13.303065438635677,75553300,0.03270854828928482,PETR4.SA,1375,656,86.16000366210938,80.33000183105469,-1.0
2023-01-20,14.03207015991211,14.154458085990829,13.526553400970514,13.776650599689166,114219500,0.01853976385913514,PETR4.SA,1374,655,87.62999725341797,81.30999755859375,-1.0
2023-01-23,14.255566596984863,14.686585668864447,13.904364706444225,13.978862569258752,87678100,0.015927545581353675,PETR4.SA,1371,652,88.19000244140625,81.62000274658203,-1.0
2023-01-24,14.154459953308105,14.649334084413198,14.032072011083445,14.617406000833816,65794000,-0.007092432488663203,PETR4.SA,1370,651,86.12999725341797,80.12999725341797,-1.0
2023-01-25,14.335381507873535,14.409878338671389,13.84050738341762,14.12785302716877,51832900,0.012781946832464364,PETR4.SA,1369,650,86.12000274658203,80.1500015258789,-1.0
2023-01-26,13.968219757080078,14.473736687599391,13.728764155267049,14.415202870502114,73344800,-0.025612276212655938,PETR4.SA,1368,649,87.47000122070312,81.01000213623047,-1.0
2023-01-27,13.632980346679688,13.957574416044592,13.53719812410068,13.93096869419186,47681900,-0.024000152935055863,PETR4.SA,1367,648,86.66000366210938,79.68000030517578,-1.0
2023-01-30,13.702155113220215,13.872434160003305,13.574445828132896,13.755367569075725,40683200,0.005074075131148881,PETR4.SA,1364,645,84.9000015258789,77.9000015258789,-1.0
2023-01-31,13.87243366241455,13.946930488974239,13.57976668812165,13.638299474014344,54048900,0.012427136299898223,PETR4.SA,1363,644,84.48999786376953,78.87000274658203,-1.0
2023-02-01,13.68087100982666,14.09060563897079,13.542520032528673,13.872435462921219,56349200,-0.013808871409989432,PETR4.SA,1362,643,82.83999633789062,76.41000366210938,-1.0
2023-02-02,13.047645568847656,13.734083151582347,12.994433109230698,13.574446787674722,83823000,-0.04628546241859688,PETR4.SA,1361,642,82.16999816894531,75.87999725341797,1.0
2023-02-03,13.19131851196289,13.505269882960034,12.99443272173429,13.058287874359117,71170700,0.011011407564462505,PETR4.SA,1360,641,79.94000244140625,73.38999938964844,1.0
2023-02-06,13.718120574951172,13.766011688685868,13.170033948289248,13.233889104916605,82794500,0.03993551232278536,PETR4.SA,1357,638,80.98999786376953,74.11000061035156,-1.0
2023-02-07,13.632980346679688,13.909683304755088,13.547839803875835,13.78729536032335,55311800,-0.006206406176874402,PETR4.SA,1356,637,83.69000244140625,77.13999938964844,-1.0
2023-02-08,13.861791610717773,13.915004067129425,13.601051690738188,13.72876097716024,48713100,0.016783656854153062,PETR4.SA,1355,636,85.08999633789062,78.47000122070312,-1.0
2023-02-09,13.79793643951416,14.005463887508226,13.723439615094366,13.861790570461666,38198300,-0.004606559743275951,PETR4.SA,1354,635,84.5,78.05999755859375,-1.0
2023-02-10,14.218314170837402,14.255563601890275,13.797937884101461,13.82454360562458,54683100,0.030466710233522765,PETR4.SA,1353,634,86.38999938964844,79.72000122070312,-1.0
2023-02-13,14.260883331298828,14.30877443997021,14.032071497021667,14.202350543434054,36726900,0.002993966791698721,PETR4.SA,1350,631,86.61000061035156,80.13999938964844,-1.0
2023-02-14,14.207672119140625,14.399235541965727,14.154459662544634,14.287490296563018,35839000,-0.0037312704214765846,PETR4.SA,1349,630,85.58000183105469,79.05999755859375,-1.0
2023-02-15,14.228955268859863,14.260882334093864,13.994821088943283,14.143815751607127,72554100,0.0014980040038061748,PETR4.SA,1348,629,85.37999725341797,78.58999633789062,-1.0
2023-02-16,14.287491798400879,14.34070426059033,14.095927340496178,14.154461150398904,44115700,0.004113902140737036,PETR4.SA,1347,628,85.13999938964844,78.48999786376953,-1.0
2023-02-17,14.069319725036621,14.191707661155105,14.032071310995617,14.191707661155105,61085700,-0.015270145134128943,PETR4.SA,1346,627,83.0,76.33999633789062,-1.0
2023-02-22,13.707475662231445,13.893718739410806,13.670227249784196,13.835184939883348,38608500,-0.02571866087890995,PETR4.SA,1341,622,80.5999984741211,73.94999694824219,-1.0
2023-02-23,14.12785530090332,14.255565624172174,13.712800302581313,13.712800302581313,73913400,0.03066791063727048,PETR4.SA,1340,621,82.20999908447266,75.38999938964844,-1.0
2023-02-24,13.781973838806152,14.207672487673081,13.766010811873524,14.191708445797236,64409100,-0.024482234191275487,PETR4.SA,1339,620,83.16000366210938,76.31999969482422,-1.0
2023-02-27,13.915005683898926,14.228958096767954,13.734083920044121,13.750047963305418,76250600,0.009652597418099429,PETR4.SA,1336,617,82.44999694824219,75.68000030517578,-1.0
2023-02-28,13.43077564239502,14.324741861990255,13.43077564239502,13.946934250520247,130248100,-0.034799126389449486,PETR4.SA,1335,616,83.88999938964844,77.05000305175781,1.0
2023-03-01,13.462702751159668,13.53187926460418,12.872047294901346,13.468024099497201,109257700,0.0023771604570528293,PETR4.SA,1334,615,84.30999755859375,77.69000244140625,1.0
2023-03-02,13.111498832702637,13.659585404746508,12.967826520759099,13.526554772060992,124516200,-0.026087177660279126,PETR4.SA,1333,614,84.75,78.16000366210938,1.0
2023-03-03,13.675548553466797,13.696832925536828,13.010395433452715,13.212601535362024,87591800,0.04301946924308231,PETR4.SA,1332,613,85.83000183105469,79.68000030517578,-1.0
2023-03-06,13.813902854919434,13.899043408649403,13.49995143998341,13.675551865598713,50227400,0.0101169105510992,PETR4.SA,1329,610,86.18000030517578,80.45999908447266,-1.0
2023-03-07,13.356276512145996,13.718120016777034,13.265815635988236,13.68619193229083,59052500,-0.03312795432106763,PETR4.SA,1328,609,83.29000091552734,77.58000183105469,1.0
2023-03-08,13.526554107666016,13.792615359968698,13.372238094157758,13.382880787836218,66220400,0.012748882172750164,PETR4.SA,1327,608,82.66000366210938,76.66000366210938,-1.0
2023-03-09,13.468022346496582,13.95757516545173,13.452059318505151,13.489307737076203,68042300,-0.004327174585895599,PETR4.SA,1326,607,81.58999633789062,75.72000122070312,1.0
2023-03-10,13.2924222946167,13.611696057370049,13.27113791840291,13.388204524937036,48118600,-0.013038295256880161,PETR4.SA,1325,606,82.77999877929688,76.68000030517578,1.0
2023-03-13,12.872044563293457,13.2285667067024,12.824153453362166,13.06360798807542,58605500,-0.03162536684479933,PETR4.SA,1322,603,80.7699966430664,74.80000305175781,1.0
2023-03-14,12.643234252929688,13.159392856708411,12.558094710346465,12.919938273796872,58916700,-0.01777575498893591,PETR4.SA,1321,602,77.44999694824219,71.33000183105469,1.0
2023-03-15,12.419742584228516,12.49423942955908,12.132395869479085,12.414421235998704,93708800,-0.017676779867412784,PETR4.SA,1320,601,73.69000244140625,67.61000061035156,1.0
2023-03-16,12.377169609069824,12.515521582397476,12.222853595185589,12.451666435114278,66821000,-0.0034278468229086423,PETR4.SA,1319,600,74.69999694824219,68.3499984741211,1.0
2023-03-17,12.510202407836914,12.510202407836914,12.16432292193028,12.292032223729192,93502700,0.010748240750422022,PETR4.SA,1318,599,72.97000122070312,66.73999786376953,1.0
2023-03-20,12.201568603515625,12.584696422942475,12.180283217187037,12.51019960067858,57575200,-0.024670568409664417,PETR4.SA,1315,596,73.79000091552734,67.63999938964844,1.0
2023-03-21,12.451668739318848,12.558093666170599,12.281389668310702,12.345244827410417,43391200,0.02049737570062593,PETR4.SA,1314,595,75.31999969482422,69.33000183105469,1.0
2023-03-22,12.414419174194336,12.56873520239965,12.260104160932253,12.446346243327316,46435600,-0.0029915319708826438,PETR4.SA,1313,594,76.69000244140625,70.9000015258789,1.0
2023-03-23,12.132393836975098,12.595340905978563,12.0206485876996,12.435704545601219,74711200,-0.02271756199480357,PETR4.SA,1312,593,75.91000366210938,69.95999908447266,1.0
2023-03-24,12.127074241638184,12.307994987421655,11.962115508953422,12.084503460344086,52556800,-0.000438462137678175,PETR4.SA,1311,592,74.98999786376953,69.26000213623047,1.0
2023-03-27,12.334601402282715,12.430383627796179,12.148358298778009,12.297352984570425,39148700,0.017112714617676605,PETR4.SA,1308,589,78.12000274658203,72.80999755859375,1.0
2023-03-28,12.552769660949707,12.579375379558634,12.318635480407355,12.355883892437094,29091100,0.017687499705228982,PETR4.SA,1307,588,78.6500015258789,73.19999694824219,1.0
2023-03-29,12.717730522155762,12.792228379744872,12.488917631237122,12.616626939319845,49148600,0.013141391554345905,PETR4.SA,1306,587,78.27999877929688,72.97000122070312,1.0
2023-03-30,12.754979133605957,12.919937880413812,12.600664097976187,12.90397383606175,56116900,0.0029288725205574018,PETR4.SA,1305,586,79.2699966430664,74.37000274658203,1.0
2023-03-31,12.478273391723633,12.88800695721224,12.350563094881586,12.770940369207375,59547800,-0.02169393920475171,PETR4.SA,1304,585,79.7699966430664,75.66999816894531,1.0
2023-04-03,13.0316801071167,13.037001453993138,12.664515292187508,12.818831306774825,73931200,0.04434962258160824,PETR4.SA,1301,582,84.93000030517578,80.41999816894531,1.0
2023-04-04,12.914616584777832,13.17535655392751,12.824155696301954,13.106180043064168,57505700,-0.008982995390973247,PETR4.SA,1300,581,84.94000244140625,80.70999908447266,1.0
2023-04-05,12.957184791564941,13.052967016622956,12.38249245616011,12.872045261500762,93626400,0.003296126254130005,PETR4.SA,1299,580,84.98999786376953,80.61000061035156,1.0
2023-04-06,12.770942687988281,12.99443422562581,12.74433696336564,12.951864457263582,29565400,-0.014373654970013416,PETR4.SA,1298,579,85.12000274658203,80.69999694824219,1.0
2023-04-10,13.042323112487793,13.122141287655186,12.786904545974869,12.786904545974869,41455900,0.02124983496752808,PETR4.SA,1294,575,84.18000030517578,79.73999786376953,1.0
2023-04-11,13.654263496398926,13.675548883926417,13.106176946883691,13.143426375056801,80565000,0.04691958469616586,PETR4.SA,1293,574,85.61000061035156,81.52999877929688,1.0
2023-04-12,13.75537109375,13.91500748727856,13.398848867589011,13.82454659362746,71563400,0.007404837132207076,PETR4.SA,1292,573,87.33000183105469,83.26000213623047,1.0
2023-04-13,13.851147651672363,13.883074714287302,13.728758717586226,13.755365448884525,38852800,0.006962847986404563,PETR4.SA,1291,572,86.08999633789062,82.16000366210938,1.0
2023-04-14,13.994820594787598,14.04803304492741,13.686189601908378,13.728759359031613,38421100,0.010372638190589756,PETR4.SA,1290,571,86.30999755859375,82.5199966430664,1.0
2023-04-17,14.212992668151855,14.260883778324445,13.946931396056675,13.96289543776194,49427100,0.015589486973882183,PETR4.SA,1287,568,84.76000213623047,80.83000183105469,1.0
2023-04-18,14.574836730957031,14.697225692267164,14.111890667762898,14.212993224356458,99478800,0.02545868215467295,PETR4.SA,1286,567,84.7699966430664,80.86000061035156,1.0
2023-04-19,14.10657024383545,14.53226791773869,14.074643172028534,14.452449730749745,73217800,-0.03212842076830824,PETR4.SA,1285,566,83.12000274658203,79.16000366210938,1.0
2023-04-20,14.202350616455078,14.35666562245602,13.989501807345235,14.111889745715498,54738400,0.006789770366860459,PETR4.SA,1284,565,81.0999984741211,77.29000091552734,1.0
2023-04-24,14.473732948303223,14.505660015315446,14.101246778369042,14.154459233351519,43820900,0.019108268706851783,PETR4.SA,1280,561,82.7300033569336,78.76000213623047,1.0
2023-04-25,14.415199279785156,14.633369433784306,14.218313499010156,14.452447694134792,53854100,-0.004044130752386743,PETR4.SA,1279,560,80.7699966430664,77.06999969482422,1.0
2023-04-26,14.234278678894043,14.48437592020906,14.234278678894043,14.43116447542013,40249400,-0.012550683301674748,PETR4.SA,1278,559,77.69000244140625,74.30000305175781,1.0
2023-04-27,13.888395309448242,14.463087480152302,13.787291765868527,14.287487122852255,115632700,-0.024299325399513294,PETR4.SA,1277,558,78.37000274658203,74.76000213623047,1.0
2023-04-28,14.20618724822998,14.415982341052684,13.876507121956072,14.146245303153131,81138500,0.02288183276044453,PETR4.SA,1276,557,79.54000091552734,76.77999877929688,1.0
2023-05-02,13.630745887756348,14.230163039249401,13.570803943947544,14.20618694770437,67911100,-0.0405063899566247,PETR4.SA,1272,553,75.31999969482422,71.66000366210938,1.0
2023-05-03,13.582791328430176,13.780598924735571,13.438931362326013,13.54682662272848,51133700,-0.0035181170363719483,PETR4.SA,1271,552,72.33000183105469,68.5999984741211,1.0
2023-05-04,13.798582077026367,14.014371458096237,13.552821154629154,13.720657212872675,57854400,0.01588706940851825,PETR4.SA,1270,551,72.5,68.55999755859375,1.0
2023-05-05,14.386013984680176,14.487914962803567,13.89449202313123,13.966421452807936,83365200,0.04257190371986397,PETR4.SA,1269,550,75.30000305175781,71.33999633789062,1.0
2023-05-08,14.691713333129883,14.763642745250216,14.511887516234259,14.655748627069714,59352300,0.021249760272390228,PETR4.SA,1266,547,77.01000213623047,73.16000366210938,1.0
2023-05-09,14.739668846130371,14.865545907696463,14.529872600222657,14.631773568617971,33978200,0.003264119841785096,PETR4.SA,1265,546,77.44000244140625,73.70999908447266,1.0
2023-05-10,14.703704833984375,14.877535233456374,14.583820932536531,14.739669547099684,41500700,-0.0024399470925317024,PETR4.SA,1264,545,76.41000366210938,72.55999755859375,1.0
2023-05-11,15.243178367614746,15.27314876791409,14.34405263906458,14.463935383559445,136878100,0.036689632968114116,PETR4.SA,1263,544,74.9800033569336,70.87000274658203,1.0
2023-05-12,15.73470401763916,16.02841835543936,15.273152425396948,15.333094383647506,117237500,0.03224561427875816,PETR4.SA,1262,543,74.16999816894531,70.04000091552734,1.0
2023-05-15,15.381043434143066,15.674757690070809,15.225194843453306,15.620810057012912,81996700,-0.02247646877244258,PETR4.SA,1259,540,75.2300033569336,71.11000061035156,1.0
2023-05-16,15.764670372009277,16.202245754429025,15.632799012400463,15.650781938241538,117782700,0.024941541808186418,PETR4.SA,1258,539,74.91000366210938,70.86000061035156,1.0
2023-05-17,15.381043434143066,16.040402504508226,15.291131093479054,15.944495855360287,107129200,-0.02433459938035587,PETR4.SA,1257,538,76.95999908447266,72.83000183105469,1.0
2023-05-18,15.470958709716797,15.49493594820109,15.195227326933361,15.339087327946153,63010500,0.0058458501829683485,PETR4.SA,1256,537,75.86000061035156,71.86000061035156,1.0
2023-05-19,15.446982383728027,15.692743358031697,15.369057503116048,15.632801406014247,69245500,-0.0015497634269885374,PETR4.SA,1255,536,75.58000183105469,71.55000305175781,1.0
2023-05-22,15.35706901550293,15.590841355340773,15.285138449161828,15.512916479863115,38010200,-0.005820772367799987,PETR4.SA,1252,533,75.98999786376953,71.98999786376953,1.0
2023-05-23,15.73470401763916,15.842599313830613,15.297129666016275,15.37505341143357,58285300,0.024590304422999587,PETR4.SA,1251,532,76.83999633789062,72.91000366210938,1.0
2023-05-24,15.974466323852539,16.124320606709126,15.614815816337245,15.734699699941492,54796400,0.015237802118463595,PETR4.SA,1250,531,78.36000061035156,74.33999633789062,1.0
2023-05-25,15.854589462280273,16.088361864362,15.698740813126498,16.064384621431632,49182700,-0.007504279588562479,PETR4.SA,1249,530,76.26000213623047,71.83000183105469,1.0
2023-05-26,16.064380645751953,16.130316904194412,15.90253886921673,16.070374955001046,39866600,0.013232205347908588,PETR4.SA,1248,529,76.94999694824219,72.66999816894531,1.0
2023-05-29,15.998444557189941,16.076368286091775,15.920519684990591,16.034409267198672,17977100,-0.00410448992812229,PETR4.SA,1245,526,76.94999694824219,72.66999816894531,1.0
2023-05-30,15.818619728088379,16.064380691513428,15.74069599422334,16.016427360681654,45736700,-0.011240144531472374,PETR4.SA,1244,525,73.54000091552734,69.45999908447266,1.0
2023-05-31,15.656779289245605,15.800639294036356,15.50692497467636,15.746691649327614,49207600,-0.01023100887591355,PETR4.SA,1243,524,72.66000366210938,68.08999633789062,1.0
2023-06-01,16.16028594970703,16.184263184689364,15.68075268303523,15.764670718878422,63148200,0.03215901886074857,PETR4.SA,1242,523,74.27999877929688,70.0999984741211,1.0
2023-06-02,16.292160034179688,16.543915309401136,16.250201012192377,16.442014337447276,39919300,0.008160380632067143,PETR4.SA,1241,522,76.12999725341797,71.73999786376953,1.0
2023-06-05,16.465993881225586,16.519941533168232,16.32213385714448,16.50795405530152,39321700,0.010669785140902555,PETR4.SA,1238,519,76.70999908447266,72.1500015258789,1.0
2023-06-06,16.81365203857422,16.933535936149173,16.310141498035534,16.45400263244451,75426600,0.021113706215148742,PETR4.SA,1237,518,76.29000091552734,71.73999786376953,1.0
2023-06-07,17.30517578125,17.419064230776016,17.04143188224175,17.17330326009706,82330400,0.029233609780202174,PETR4.SA,1236,517,76.94999694824219,72.52999877929688,1.0
2023-06-09,18.150352478027344,18.216287589862052,17.39508670002204,17.4430400283098,80442400,0.04883953260348184,PETR4.SA,1234,515,74.79000091552734,70.16999816894531,1.0
2023-06-12,18.468042373657227,18.57593764535083,18.006492029508767,18.114386157904868,119350400,0.017503235599114486,PETR4.SA,1231,512,71.83999633789062,67.12000274658203,1.0
2023-06-13,18.432003021240234,18.674696906589862,18.259561955821436,18.674696906589862,79174900,-0.0019514441047849829,PETR4.SA,1230,511,74.29000091552734,69.41999816894531,1.0
2023-06-14,19.223957061767578,19.223957061767578,18.444779294828436,18.483100351611668,98326000,0.042966249496309894,PETR4.SA,1229,510,73.19999694824219,68.2699966430664,1.0
2023-06-15,18.7705020904541,19.702960485764546,18.70024925181706,19.28782542445814,120579500,-0.023588014156320836,PETR4.SA,1228,509,75.66999816894531,70.62000274658203,1.0
2023-06-16,18.9301700592041,19.10899801885462,18.54696920278499,18.66831557217366,94572000,0.008506323804263083,PETR4.SA,1227,508,76.61000061035156,71.77999877929688,1.0
2023-06-19,19.428333282470703,19.453879438286457,18.872690080029432,18.923783609826778,34573900,0.026315834549219375,PETR4.SA,1224,505,76.61000061035156,71.77999877929688,1.0
2023-06-20,19.524133682250977,19.63909442991801,19.096224909360277,19.35169256075043,55605300,0.004930963371248653,PETR4.SA,1223,504,75.9000015258789,70.5,1.0
2023-06-21,20.34162712097168,20.437427317891174,19.70295751728758,19.75405103685568,89294300,0.04187091996116954,PETR4.SA,1222,503,77.12000274658203,72.52999877929688,1.0
2023-06-22,20.086162567138672,20.239443149072272,19.84985424197076,20.092548192157516,43455800,-0.012558707929988144,PETR4.SA,1221,502,74.13999938964844,69.51000213623047,1.0
2023-06-23,19.262279510498047,19.97759016455819,19.08983838610419,19.926496633422886,76023400,-0.04101744441661115,PETR4.SA,1220,501,73.8499984741211,69.16000366210938,1.0
2023-06-26,19.696575164794922,19.830695227421014,19.236733383863626,19.236733383863626,53635000,0.022546430917492533,PETR4.SA,1217,498,74.18000030517578,69.37000274658203,1.0
2023-06-27,19.543291091918945,19.926493116891013,19.37723684049219,19.754052022928732,48399600,-0.007782270348702602,PETR4.SA,1216,497,72.26000213623047,67.69999694824219,1.0
2023-06-28,19.728504180908203,19.91371895551146,19.51135641255676,19.53051693970505,36794600,0.00947706750711208,PETR4.SA,1215,496,74.02999877929688,69.55999755859375,1.0
2023-06-29,19.817922592163086,19.875402966568533,19.64548146894674,19.798762061305982,32071800,0.004532447591308886,PETR4.SA,1214,495,74.33999633789062,69.86000061035156,1.0
2023-06-30,18.85991859436035,19.849856242600996,18.725797310297,19.798762710140174,104262900,-0.04834028356643061,PETR4.SA,1213,494,74.9000015258789,70.63999938964844,1.0
2023-07-03,19.211181640625,19.275048844661548,18.98126019335966,18.98126019335966,31266900,0.018624844243478655,PETR4.SA,1210,491,74.6500015258789,69.79000091552734,1.0
2023-07-04,19.255891799926758,19.409172386431916,19.134544212131328,19.134544212131328,18308000,0.0023272987647575683,PETR4.SA,1209,490,74.6500015258789,69.79000091552734,1.0
2023-07-05,19.230344772338867,19.511358559102472,18.942942924324086,19.26227776960017,53585500,-0.0013267122527136355,PETR4.SA,1208,489,76.6500015258789,71.79000091552734,1.0
2023-07-06,18.936552047729492,19.16008663544276,18.617217270472114,19.064286445898645,47685700,-0.015277558883498021,PETR4.SA,1207,488,76.5199966430664,71.80000305175781,1.0
2023-07-07,18.84075355529785,19.287822770994893,18.75134019942469,19.006807800609163,55533500,-0.0050589195007718635,PETR4.SA,1206,487,78.47000122070312,73.86000061035156,1.0
2023-07-10,18.872692108154297,18.949333020169338,18.527811049501544,18.591678273153082,25590200,0.0016951844714014896,PETR4.SA,1203,484,77.69000244140625,72.98999786376953,1.0
2023-07-11,18.617218017578125,18.85991314020573,18.521417824189562,18.85991314020573,40877000,-0.013536706322135661,PETR4.SA,1202,483,79.4000015258789,74.83000183105469,1.0
2023-07-12,18.629995346069336,19.013197412753765,18.61083481637709,18.649155875761583,40181800,0.0006863178203717624,PETR4.SA,1201,482,80.11000061035156,75.75,1.0
2023-07-13,18.92378044128418,18.981260804952583,18.546966483475018,18.566125792587393,35886500,0.015769466913840624,PETR4.SA,1200,481,81.36000061035156,76.88999938964844,1.0
2023-07-14,18.553356170654297,18.891851584364346,18.43200979248401,18.8407580519332,34451100,-0.019574538595986013,PETR4.SA,1199,480,79.87000274658203,75.41999816894531,1.0
2023-07-17,18.515033721923828,18.578900933021977,17.850817893734,18.144605359353452,52160800,-0.002065526494396952,PETR4.SA,1196,477,78.5,74.1500015258789,1.0
2023-07-18,18.41284942626953,18.6491577772382,18.336208517851986,18.521423335930933,35640400,-0.005518990523538658,PETR4.SA,1195,476,79.62999725341797,75.75,1.0
2023-07-19,18.585290908813477,18.60445022265654,18.246795485650182,18.400076087224335,46517700,0.009365279569273133,PETR4.SA,1194,475,79.45999908447266,75.3499984741211,1.0
2023-07-20,18.60444450378418,18.744952592327095,18.44477710728764,18.566124669711368,33177100,0.001030578163380813,PETR4.SA,1193,474,79.63999938964844,75.62999725341797,1.0
2023-07-21,18.955718994140625,19.070679747802636,18.604449889266053,18.617223577043145,52059200,0.01888121358769923,PETR4.SA,1192,473,81.06999969482422,77.06999969482422,1.0
2023-07-24,19.351688385009766,19.42194243079471,19.006807434593526,19.032353585137223,45268100,0.02088917814151703,PETR4.SA,1189,470,82.73999786376953,78.73999786376953,1.0
2023-07-25,19.798763275146484,19.83069627703357,19.287827935957466,19.47942838361186,56261000,0.023102629664243368,PETR4.SA,1188,469,83.63999938964844,79.62999725341797,1.0
2023-07-26,19.798763275146484,19.939270188881977,19.562454919417853,19.766830273259394,45880200,0.0,PETR4.SA,1187,468,82.91999816894531,78.77999877929688,1.0
2023-07-27,18.7705020904541,19.72850664031462,18.764115247275136,19.702960485764546,86471900,-0.05193562700874177,PETR4.SA,1186,467,84.23999786376953,80.08999633789062,1.0
2023-07-28,19.00680923461914,19.128156811149204,18.725794243031626,18.79604829546993,43608600,0.012589282003554692,PETR4.SA,1185,466,84.98999786376953,80.58000183105469,1.0
2023-07-31,19.8690128326416,19.894558984721435,19.351689548661295,19.351689548661295,91290800,0.04536287955434615,PETR4.SA,1182,463,85.55999755859375,81.80000305175781,1.0
2023-08-01,19.543291091918945,19.856239067165866,19.128156072434894,19.856239067165866,75752400,-0.016393453638901878,PETR4.SA,1181,462,84.91000366210938,81.37000274658203,1.0
2023-08-02,19.498586654663086,19.530519652847346,19.03235684127863,19.485812968123064,62068400,-0.002287456961347911,PETR4.SA,1180,461,83.19999694824219,79.48999786376953,1.0
2023-08-03,19.747665405273438,19.881785445549866,19.556064999688346,19.754052247881695,57304400,0.01277419512612643,PETR4.SA,1179,460,85.13999938964844,81.55000305175781,1.0
2023-08-04,19.16008949279785,19.88817250371115,18.994035237680386,19.607158734896075,120685800,-0.029754196276724376,PETR4.SA,1178,459,86.23999786376953,82.81999969482422,1.0
2023-08-07,19.28144073486328,19.479428022861647,19.070679759080267,19.070679759080267,44984900,0.006333542550051474,PETR4.SA,1175,456,85.33999633789062,81.94000244140625,1.0
2023-08-08,19.300594329833984,19.409168207502482,18.981259538828464,19.10260710049692,34771300,0.0009933694911123947,PETR4.SA,1174,455,86.16999816894531,82.91999816894531,1.0
2023-08-09,19.453876495361328,19.61993074662397,19.262276092147477,19.2942090866279,48561500,0.007941836552173287,PETR4.SA,1173,454,87.55000305175781,84.4000015258789,1.0
2023-08-10,19.56245231628418,19.70934727264922,19.236731842247817,19.351691364643475,54020200,0.005581192054382678,PETR4.SA,1172,453,86.4000015258789,82.81999969482422,1.0
2023-08-11,19.517745971679688,19.82430835789563,19.262278331637898,19.549680188038536,39403200,-0.002285313920856291,PETR4.SA,1171,452,86.80999755859375,83.19000244140625,1.0
2023-08-14,19.568838119506836,19.63270532955421,19.332531025946984,19.466651070697328,27992700,0.00261772788216863,PETR4.SA,1168,449,86.20999908447266,82.51000213623047,1.0
2023-08-15,19.709348678588867,20.53323323260598,19.702961834972548,20.469364796442797,87366200,0.007180322011145046,PETR4.SA,1167,448,84.88999938964844,80.98999786376953,1.0
2023-08-16,20.143644332885742,20.424658143478897,19.72212118066428,19.79876208602251,74461000,0.02203500792335511,PETR4.SA,1166,447,83.44999694824219,79.37999725341797,1.0
2023-08-17,20.079776763916016,20.55877784591309,19.99674901638157,20.277764040230252,57570600,-0.003170606465954018,PETR4.SA,1165,446,84.12000274658203,80.38999938964844,1.0
2023-08-18,20.130868911743164,20.2330559646421,19.91372111979148,20.060614856062983,45579700,0.0025444579602580397,PETR4.SA,1164,445,84.80000305175781,81.25,1.0
2023-08-21,19.99036407470703,20.456592732195144,19.779603091310626,20.2458329669647,42236900,-0.00697957140608918,PETR4.SA,1161,442,84.45999908447266,80.72000122070312,1.0
2023-08-22,20.294885635375977,20.294885635375977,20.04956957632645,20.221953594788182,31372200,0.015233417437066299,PETR4.SA,1160,441,84.02999877929688,80.3499984741211,1.0
2023-08-23,21.375600814819336,21.375600814819336,20.61313269218152,20.68606473355396,95507400,0.05325061687263544,PETR4.SA,1159,440,83.20999908447266,78.88999938964844,1.0
2023-08-24,21.342451095581055,21.693850751543312,21.110396866437362,21.395493507500415,49332300,-0.0015508204670111603,PETR4.SA,1158,439,83.36000061035156,79.05000305175781,1.0
2023-08-25,21.196584701538086,21.528093397430325,21.083872124314873,21.46842195862977,34079000,-0.006834566160639821,PETR4.SA,1157,438,84.4800033569336,79.83000183105469,1.0
2023-08-28,21.435272216796875,21.441901252727504,21.12365441483557,21.282776569181014,24956100,0.011260659140124085,PETR4.SA,1154,435,84.41999816894531,80.0999984741211,1.0
2023-08-29,21.4816837310791,21.54798420927334,21.209846459160367,21.4816837310791,40607500,0.002165193602993165,PETR4.SA,1153,434,85.48999786376953,81.16000366210938,1.0
2023-08-30,21.627548217773438,21.68059063087279,21.41538362377896,21.488315677189835,34637900,0.006790179416118258,PETR4.SA,1152,433,85.86000061035156,81.62999725341797,1.0
2023-08-31,21.176694869995117,21.740257750921504,21.136913068094092,21.687215348386804,48971500,-0.020846253270993098,PETR4.SA,1151,432,86.86000061035156,83.62999725341797,1.0
2023-09-01,21.634172439575195,21.673951706693853,21.189951232878855,21.355704923741552,50089200,0.021602878654509494,PETR4.SA,1150,431,88.55000305175781,85.55000305175781,1.0
2023-09-04,21.40875244140625,21.69384906024254,21.35571003362219,21.667327856350507,21667400,-0.01041962657913309,PETR4.SA,1147,428,88.55000305175781,85.55000305175781,1.0
2023-09-05,22.12480926513672,22.204372884087967,21.36234355253142,21.39549379582705,75082900,0.03344691969745783,PETR4.SA,1146,427,90.04000091552734,86.69000244140625,1.0
2023-09-06,22.224258422851562,22.409901774408723,22.02535447058304,22.11154458140545,57856500,0.004494915934554644,PETR4.SA,1145,426,90.5999984741211,87.54000091552734,1.0
2023-09-08,22.144699096679688,22.323710897418277,22.05187488436927,22.19773897451304,39074100,-0.0035798416603215477,PETR4.SA,1143,424,90.6500015258789,87.51000213623047,1.0
2023-09-11,22.12480926513672,22.336973857270493,22.09829058802108,22.191112280929424,30276200,-0.0008981757420200021,PETR4.SA,1140,421,90.63999938964844,87.29000091552734,1.0
2023-09-12,22.23088836669922,22.396642088560565,22.204369693394224,22.244148967952256,31963000,0.0047945769968582574,PETR4.SA,1139,420,92.05999755859375,88.83999633789062,1.0
2023-09-13,21.899383544921875,22.343604887880083,21.899383544921875,22.310454645379053,47685700,-0.01491190168872969,PETR4.SA,1138,419,91.87999725341797,88.5199966430664,1.0
2023-09-14,22.45631217956543,22.542504817927885,21.945790443420012,21.945790443420012,46502100,0.025431247117122524,PETR4.SA,1137,418,93.69999694824219,90.16000366210938,1.0
2023-09-15,22.469572067260742,22.535875067436702,22.283928725169744,22.45631146722555,54801500,0.0005904748557681305,PETR4.SA,1136,417,93.93000030517578,90.7699966430664,1.0
2023-09-18,22.628700256347656,23.013247600346705,22.44305435619524,22.542507607319795,52363400,0.007081941240828948,PETR4.SA,1133,414,94.43000030517578,91.4800033569336,1.0
2023-09-19,22.681743621826172,22.953579683587723,22.588921922083443,22.681743621826172,43247200,0.0023440747757323965,PETR4.SA,1132,413,94.33999633789062,91.19999694824219,1.0
2023-09-20,22.73478126525879,22.946945828470678,22.54913537554756,22.641959585003725,39102300,0.00233834066361549,PETR4.SA,1131,412,93.52999877929688,90.27999877929688,1.0
2023-09-21,22.383380889892578,22.734780490716467,22.29719077784988,22.542505571480888,60109400,-0.015456510061224504,PETR4.SA,1130,411,93.30000305175781,89.62999725341797,1.0
2023-09-22,22.562393188476562,22.6684754569721,22.416531650045684,22.55576415322093,31020500,0.007997554054258948,PETR4.SA,1129,410,93.2699966430664,90.02999877929688,1.0
2023-09-25,22.708261489868164,22.761303898605625,22.496096913320823,22.50935751550519,26767200,0.006465107675993398,PETR4.SA,1126,407,93.29000091552734,89.68000030517578,1.0
2023-09-26,22.184476852416992,22.602176926984125,22.184476852416992,22.54250548776025,60687500,-0.023065818476895372,PETR4.SA,1125,406,93.95999908447266,90.38999938964844,1.0
2023-09-27,22.88727569580078,22.88727569580078,22.396643534565808,22.449685943002557,53708700,0.03167975733929551,PETR4.SA,1124,405,96.55000305175781,93.68000030517578,1.0
2023-09-28,22.840866088867188,22.900537536986544,22.681741384148435,22.840866088867188,30765000,-0.0020277471006350245,PETR4.SA,1123,404,95.37999725341797,91.70999908447266,1.0
2023-09-29,22.96683692932129,22.999987170210243,22.708261509505686,22.874015243151714,40227600,0.0055151516568585635,PETR4.SA,1122,403,95.30999755859375,90.79000091552734,1.0
2023-10-02,22.6220703125,23.05303105933413,22.496098377352236,22.907166955014624,34403400,-0.015011497572882226,PETR4.SA,1119,400,90.70999908447266,88.81999969482422,1.0
2023-10-03,22.522615432739258,22.694998182183525,22.297190280880777,22.522615432739254,37947300,-0.004396365071228092,PETR4.SA,1118,399,90.91999816894531,89.2300033569336,1.0
2023-10-04,21.627548217773438,22.350234656442577,21.475055073914998,22.277302603031703,88895900,-0.039740820405108734,PETR4.SA,1117,398,85.80999755859375,84.22000122070312,1.0
2023-10-05,21.70047950744629,21.83971204312967,21.408753833271398,21.554615405758156,35342000,0.0033721478245469783,PETR4.SA,1116,397,84.06999969482422,82.30999755859375,1.0
2023-10-06,22.21763038635254,22.423165936219032,21.43527505374131,21.614286868771774,48132800,0.023831311134336675,PETR4.SA,1115,396,84.58000183105469,82.79000091552734,1.0
2023-10-09,23.172372817993164,23.258565468961514,22.608808597601715,22.64196136819044,77528400,0.04297228890021887,PETR4.SA,1112,393,88.1500015258789,86.37999725341797,1.0
2023-10-10,23.344755172729492,23.43094782215452,23.033139874225743,23.13922216228683,48326500,0.007439132629631917,PETR4.SA,1111,392,87.6500015258789,85.97000122070312,1.0
2023-10-11,23.285083770751953,23.37127642033664,22.867386183413394,23.29834437293431,41578500,-0.002556094571822487,PETR4.SA,1110,391,85.81999969482422,83.48999786376953,1.0
2023-10-13,24.054180145263672,24.107222552123908,23.72267268999068,23.729304255448795,66943700,0.03302957301264975,PETR4.SA,1108,389,90.88999938964844,87.69000244140625,1.0
2023-10-16,24.319385528564453,24.398946604443445,23.842014014888495,24.133742175113138,49626600,0.01102533454473198,PETR4.SA,1105,386,89.6500015258789,86.66000366210938,1.0
2023-10-17,24.97576904296875,24.97576904296875,24.286235497487922,24.332646336245258,68814800,0.026990135652619207,PETR4.SA,1104,385,89.9000015258789,86.66000366210938,1.0
2023-10-18,25.539335250854492,25.599006695357474,25.134895741356654,25.187938149448737,85931700,0.02256451871076215,PETR4.SA,1103,384,91.5,88.31999969482422,-1.0
2023-10-19,25.419992446899414,25.50618509573682,25.14152486188673,25.433253048966804,56016600,-0.004672901733066226,PETR4.SA,1102,383,92.37999725341797,89.37000274658203,-1.0
2023-10-20,25.095111846923828,25.76475828275302,24.79012561337836,25.652044439537775,66242400,-0.012780515204882104,PETR4.SA,1101,382,92.16000366210938,88.75,1.0
2023-10-23,23.437572479248047,24.39894445784198,23.377901045288404,24.25971195500307,104499100,-0.06605028811134639,PETR4.SA,1098,379,89.83000183105469,85.48999786376953,1.0
2023-10-24,23.788972854614258,23.994505833623467,23.31823040221059,23.636479746923246,78634900,0.0149930363171078,PETR4.SA,1097,378,88.06999969482422,83.73999786376953,1.0
2023-10-25,23.914947509765625,24.054180033324062,23.702782941714347,23.921579075192877,32846500,0.005295506280210471,PETR4.SA,1096,377,90.12999725341797,85.38999938964844,1.0
2023-10-26,23.66963005065918,23.82212315878836,23.30497239824584,23.76908075811689,47858600,-0.010257913340862235,PETR4.SA,1095,376,87.93000030517578,83.20999908447266,1.0
2023-10-27,23.49724769592285,24.173523213269092,23.318233365225215,24.007769484386227,45843100,-0.007282849557318172,PETR4.SA,1094,375,90.4800033569336,85.54000091552734,1.0
2023-10-30,23.258562088012695,23.68289118617286,23.11269801206979,23.590069512100442,31346900,-0.010158024080053063,PETR4.SA,1091,372,87.44999694824219,82.30999755859375,1.0
2023-10-31,23.033138275146484,23.32486391476107,22.86738455348343,23.212150068845634,36965200,-0.009692078642402069,PETR4.SA,1090,371,87.41000366210938,81.0199966430664,1.0
2023-11-01,23.285083770751953,23.563551358178913,23.13922220514855,23.21878328904143,46335300,0.010938392007020958,PETR4.SA,1089,370,84.62999725341797,80.44000244140625,1.0
2023-11-03,23.563549041748047,23.795603234123888,23.23867064322086,23.72930275893108,30959700,0.011958955086340373,PETR4.SA,1087,368,84.88999938964844,80.51000213623047,1.0
2023-11-06,23.54366111755371,23.954732231252642,23.54366111755371,23.696156790533244,33583600,-0.0008440122563498909,PETR4.SA,1084,365,85.18000030517578,80.81999969482422,1.0
2023-11-07,23.152482986450195,23.483990492184258,22.980100196317167,23.251936249851035,48919900,-0.016615008564316303,PETR4.SA,1083,364,81.61000061035156,77.37000274658203,1.0
2023-11-08,22.65521812438965,23.072918223353092,22.482835361675214,22.9403147363106,59742900,-0.021477819996739367,PETR4.SA,1082,363,79.54000091552734,75.33000183105469,1.0
2023-11-09,23.125961303710938,23.30497563705437,22.781193239034828,22.87401492390893,56231100,0.02077857634107283,PETR4.SA,1081,362,80.01000213623047,75.73999786376953,1.0
2023-11-10,23.019880294799805,23.245305483095013,22.880645230557644,22.980098486558994,40004800,-0.004587096186747908,PETR4.SA,1080,361,81.43000030517578,77.16999816894531,1.0
2023-11-13,23.66300392150879,23.702785731150513,22.986728332808152,22.993359899015832,44120000,0.02793774852314357,PETR4.SA,1077,358,82.5199966430664,78.26000213623047,1.0
2023-11-14,23.987878799438477,24.02766060314672,23.530399438198494,23.663000392157162,50888600,0.01372923230741585,PETR4.SA,1076,357,82.47000122070312,78.26000213623047,1.0
2023-11-16,23.57018280029297,24.193418520466192,23.53703255605432,23.855279453308057,72361200,-0.01741279429656306,PETR4.SA,1074,355,77.41999816894531,72.9000015258789,1.0
2023-11-17,24.33927345275879,24.478505958051084,23.749190667205024,23.755822231762274,87666300,0.03262981280129318,PETR4.SA,1073,354,80.61000061035156,75.88999938964844,1.0
2023-11-20,24.35916519165039,24.67741199641589,24.047547422125493,24.37905482657299,67796900,0.0008172692143095794,PETR4.SA,1070,351,82.31999969482422,77.5999984741211,1.0
2023-11-21,24.10722541809082,24.226568318513166,23.80886816703495,24.226568318513166,49597800,-0.010342709677338524,PETR4.SA,1069,350,82.44999694824219,77.7699966430664,1.0
2023-11-22,24.22521209716797,24.22521209716797,23.59822292175216,24.046073459187767,58578300,0.004894245481630977,PETR4.SA,1068,349,81.95999908447266,77.0999984741211,1.0
2023-11-23,24.23210334777832,24.287224551618486,23.98406581546856,24.204545374181897,24068100,0.0002844660588610104,PETR4.SA,1067,348,81.37000274658203,77.0999984741211,1.0
2023-11-24,24.301002502441406,24.67995154306177,23.915161997845665,24.101192100329857,53456200,0.002843300627859202,PETR4.SA,1066,347,80.58000183105469,75.54000091552734,1.0
2023-11-27,24.1632022857666,24.390573288556336,23.942722746995397,24.114972550930617,36996000,-0.005670556869452614,PETR4.SA,1063,344,79.9800033569336,74.86000061035156,1.0
2023-11-28,24.528369903564453,24.542150202645775,24.21832237336629,24.23210004412431,36875900,0.015112550624672538,PETR4.SA,1062,343,81.68000030517578,76.41000366210938,1.0
2023-11-29,24.2734432220459,24.824642095471617,24.073632809077967,24.73507408551238,37528600,-0.01039313588798696,PETR4.SA,1061,342,83.0999984741211,77.86000061035156,1.0
2023-11-30,24.74195671081543,24.748845545112463,24.28032859155034,24.4319066009911,58808800,0.019301484527090684,PETR4.SA,1060,341,82.83000183105469,75.95999908447266,1.0
2023-12-01,24.57659912109375,24.803970108685192,24.480139657869472,24.611051182236633,36388100,-0.00668328667996565,PETR4.SA,1059,340,78.87999725341797,74.06999969482422,1.0
2023-12-04,24.052961349487305,24.49392040563724,24.011620452352012,24.418130075050854,35601900,-0.021306356059533682,PETR4.SA,1056,337,78.02999877929688,73.04000091552734,1.0
2023-12-05,23.942724227905273,24.232102654819887,23.89449449008617,24.05985284023064,43234200,-0.004583099768061705,PETR4.SA,1055,336,77.19999694824219,72.31999969482422,1.0
2023-12-06,23.081472396850586,23.97717080001894,23.081472396850586,23.80492100601259,64179200,-0.035971338217682725,PETR4.SA,1054,335,74.30000305175781,69.37999725341797,1.0
2023-12-07,23.02635383605957,23.549994741619688,22.764536011603088,23.184825977603726,64723900,-0.0023880002039443626,PETR4.SA,1053,334,74.05000305175781,69.33999633789062,1.0
2023-12-08,23.763582229614258,23.798031662014495,23.067691604842747,23.226161096542395,53290700,0.03201672304714509,PETR4.SA,1052,333,75.83999633789062,71.2300033569336,1.0
2023-12-11,23.67401123046875,23.901379583393762,23.59133206834358,23.742910094185863,30613300,-0.003769254916200504,PETR4.SA,1049,330,76.02999877929688,71.31999969482422,1.0
2023-12-12,23.481096267700195,23.839373573413162,23.288174685789038,23.80492413574733,30371500,-0.00814880760554304,PETR4.SA,1048,329,73.23999786376953,68.61000061035156,1.0
2023-12-13,23.81870460510254,23.853154043012253,23.52243470809646,23.570664446834783,38992900,0.01437787799825796,PETR4.SA,1047,328,74.26000213623047,69.47000122070312,1.0
2023-12-14,24.3354549407959,24.624836012038564,24.00473559389266,24.11497537619374,57950000,0.021695148592701274,PETR4.SA,1046,327,76.61000061035156,71.58000183105469,1.0
2023-12-15,24.39057159423828,24.65928084917929,24.11497087575747,24.307889801700092,56570100,0.002264870477107328,PETR4.SA,1045,326,76.55000305175781,71.43000030517578,1.0
2023-12-18,24.6937313079834,25.010670307579524,24.514592673353565,24.631721275164736,44474300,0.012429381270290918,PETR4.SA,1042,323,77.94999694824219,72.47000122070312,1.0
2023-12-19,24.976221084594727,24.976221084594727,24.673062381764336,24.77641068512036,32183000,0.011439736388481725,PETR4.SA,1041,322,79.2300033569336,73.44000244140625,1.0
2023-12-20,25.065793991088867,25.313834146965807,25.003783952119633,25.058902526579168,38947900,0.003586327418817925,PETR4.SA,1040,321,79.69999694824219,74.22000122070312,1.0
2023-12-21,25.07267951965332,25.272489910897555,24.852199994253912,25.265598447296988,30511900,0.0002746982029335765,PETR4.SA,1039,320,79.38999938964844,73.88999938964844,1.0
2023-12-22,25.313833236694336,25.355171508971583,25.0589016254749,25.148472262614796,31234700,0.009618186873564305,PETR4.SA,1038,319,79.06999969482422,73.55999755859375,1.0
2023-12-26,25.720338821411133,25.74789678912513,25.375839255916674,25.39650838878295,23466800,0.0160586340644584,PETR4.SA,1034,315,81.06999969482422,75.56999969482422,1.0
2023-12-27,25.741012573242188,25.789242310799903,25.582543060077757,25.713451972259616,19588500,0.0008037900268189624,PETR4.SA,1033,314,79.6500015258789,74.11000061035156,1.0
2023-12-28,25.658334732055664,25.741013910976562,25.52053434830503,25.651443267290094,21421900,-0.003211910990341793,PETR4.SA,1032,313,78.38999938964844,71.7699966430664,1.0
2024-01-02,26.030385971069336,26.10617629497145,25.768568197273208,25.79612616460965,24043800,0.014500209888869353,PETR4.SA,1027,308,75.88999938964844,70.37999725341797,1.0
2024-01-03,26.843406677246094,26.953646437854616,25.954597128908063,26.04416775575349,52300200,0.031233524815204916,PETR4.SA,1026,307,78.25,72.69999694824219,1.0
2024-01-04,26.61604118347168,27.112118845402218,26.533359382880345,26.95364933675407,45344900,-0.008470068516569507,PETR4.SA,1025,306,77.58999633789062,72.19000244140625,1.0
2024-01-05,26.678050994873047,26.967429409532944,26.464460287631116,26.781399302255807,35783700,0.002329790932239506,PETR4.SA,1024,305,78.76000213623047,73.80999755859375,1.0
2024-01-08,26.478240966796875,26.478240966796875,25.91326180104518,26.443791530509284,35158100,-0.007489678616873885,PETR4.SA,1021,302,76.12000274658203,70.7699966430664,1.0
2024-01-09,26.250869750976562,26.698720304182572,26.2026400148865,26.64359910389479,27279000,-0.008587096707271091,PETR4.SA,1020,301,77.58999633789062,72.23999786376953,1.0
2024-01-10,26.009721755981445,26.368001682323595,25.8443607790837,26.25087044278695,27382000,-0.009186285912913261,PETR4.SA,1019,300,76.80000305175781,71.37000274658203,1.0
2024-01-11,26.23019790649414,26.2853191010901,25.975268952295902,26.168187876735303,26564400,0.008476682395189172,PETR4.SA,1018,299,77.41000366210938,72.0199966430664,1.0
2024-01-12,26.299104690551758,26.68494528393736,26.299104690551758,26.526475744240777,24479500,0.0026270020646912418,PETR4.SA,1017,298,78.29000091552734,72.68000030517578,1.0
2024-01-15,26.58159065246582,26.609148623204298,26.08551038264581,26.175081015435175,13818300,0.010741276755917406,PETR4.SA,1014,295,78.29000091552734,72.68000030517578,1.0
2024-01-16,26.250869750976562,26.72628090432646,26.23709207922811,26.602260832002447,31277700,-0.012441727277091252,PETR4.SA,1013,294,78.29000091552734,72.4000015258789,1.0
2024-01-17,26.09929084777832,26.285320950141198,26.057949948923213,26.16130088189928,27577300,-0.005774243087416253,PETR4.SA,1012,293,77.87999725341797,72.55999755859375,1.0
2024-01-18,25.995939254760742,26.278428818956336,25.878810653463628,26.278428818956336,22987200,-0.003959938743943958,PETR4.SA,1011,292,79.0999984741211,74.08000183105469,1.0
2024-01-19,25.858137130737305,26.11306870737102,25.651437912422715,26.051058679044328,31745200,-0.005300909602571902,PETR4.SA,1010,291,78.55999755859375,73.41000366210938,1.0
2024-01-22,25.97527313232422,26.051063472928483,25.651442632769143,25.83747275198225,22753700,0.00452994742021362,PETR4.SA,1007,288,80.05999755859375,75.19000244140625,1.0
2024-01-23,26.299104690551758,26.436905090212615,25.789246628627797,26.07173626518675,32498500,0.012466916385358573,PETR4.SA,1006,287,79.55000305175781,74.37000274658203,1.0
2024-01-24,26.09929084777832,26.554030221890883,26.023500514038993,26.381780419146377,25415300,-0.0075977431598734935,PETR4.SA,1005,286,80.04000091552734,75.08999633789062,1.0
2024-01-25,27.063888549804688,27.063888549804688,26.27154102294187,26.361109029245856,48655300,0.036958770552514064,PETR4.SA,1004,285,82.43000030517578,77.36000061035156,1.0
2024-01-26,27.532407760620117,27.621978393719946,26.808959116840636,26.939868020353156,41378200,0.01731159991858644,PETR4.SA,1003,284,83.55000305175781,78.01000213623047,-1.0
2024-01-29,27.95269775390625,27.966478053512194,27.442839810103386,27.559968414268795,30547500,0.015265282896444576,PETR4.SA,1000,281,82.4000015258789,76.77999877929688,-1.0
2024-01-30,27.780447006225586,28.06982803145883,27.594416910359215,27.67709607685872,34829000,-0.006162222666203809,PETR4.SA,999,280,82.87000274658203,77.81999969482422,-1.0
2024-01-31,28.08360481262207,28.414326724789902,27.683986663597725,27.7184360961876,57978900,0.010912632411154144,PETR4.SA,998,279,81.70999908447266,75.8499984741211,-1.0
2024-02-01,28.641695022583008,28.855285709510262,28.021594723970487,28.097385052503487,61629200,0.019872456320497278,PETR4.SA,997,278,78.69999694824219,73.81999969482422,-1.0
2024-02-02,28.269636154174805,28.786385550870605,28.262747318681132,28.6485878144104,36485600,-0.012990113473202225,PETR4.SA,996,277,77.33000183105469,72.27999877929688,-1.0
2024-02-05,28.393653869628906,28.717484305819713,28.200734951893,28.25585351625049,27703000,0.004386958317317724,PETR4.SA,993,274,77.98999786376953,72.77999877929688,-1.0
2024-02-06,28.65547752380371,29.17911577196246,28.43499798475546,28.55901805401053,35474600,0.009221203279330847,PETR4.SA,992,273,78.58999633789062,73.30999755859375,-1.0
2024-02-07,29.075763702392578,29.075763702392578,28.5383425957526,28.607244085487512,30648100,0.014666870522040298,PETR4.SA,991,272,79.20999908447266,73.86000061035156,-1.0
2024-02-08,28.84151268005371,29.248022394195697,28.841512680053714,29.144671442270624,25589100,-0.008056573328101169,PETR4.SA,990,271,81.62999725341797,76.22000122070312,-1.0
2024-02-09,28.45566749572754,29.165338485458047,28.45566749572754,29.034426950448115,30388000,-0.013378118845791875,PETR4.SA,989,270,82.19000244140625,76.83999633789062,-1.0
2024-02-14,28.242076873779297,28.5245664257359,28.152506246576504,28.317864573987418,18315300,-0.007506083699506005,PETR4.SA,984,265,81.5999984741211,76.63999938964844,-1.0
2024-02-15,29.144662857055664,29.144662857055664,28.145613586593303,28.2558533429553,33246400,0.03195890965491821,PETR4.SA,983,264,82.86000061035156,78.02999877929688,-1.0
2024-02-16,29.413375854492188,29.551176224620164,28.979308236825716,28.999977372431704,37268900,0.009219972752969152,PETR4.SA,982,263,83.47000122070312,79.19000244140625,-1.0
2024-02-19,29.55807113647461,29.585629111055916,29.323811268429086,29.46160902630689,12826700,0.004919370108967813,PETR4.SA,979,260,83.47000122070312,79.19000244140625,-1.0
2024-02-20,29.248014450073242,29.50294339970297,29.006863170522376,29.468493967859466,42375400,-0.010489746944913336,PETR4.SA,978,259,82.33999633789062,78.18000030517578,-1.0
2024-02-21,29.289352416992188,29.434044234570127,29.027534635004407,29.248014150532615,20873800,0.0014133597680454635,PETR4.SA,977,258,83.02999877929688,77.91000366210938,-1.0
2024-02-22,29.068876266479492,29.40648704214568,28.80016699009388,29.399595578055894,32162800,-0.007527518784771314,PETR4.SA,976,257,83.66999816894531,78.61000061035156,-1.0
2024-02-23,28.869064331054688,29.103324138218795,28.669253954407022,29.03442264886284,43924500,-0.0068737413030036665,PETR4.SA,975,256,81.62000274658203,76.48999786376953,-1.0
2024-02-26,29.413375854492188,29.44093645418247,28.820838731091747,28.869068466388022,25885700,0.018854491340475565,PETR4.SA,972,253,82.52999877929688,77.58000183105469,-1.0
2024-02-27,29.372034072875977,29.50294296327406,29.199784287883336,29.42026380240807,27678100,-0.0014055435806052952,PETR4.SA,971,252,83.6500015258789,78.87000274658203,-1.0
2024-02-28,27.856243133544922,29.585630296088862,27.442844586705597,29.296251838966107,112322000,-0.05160660428113939,PETR4.SA,970,251,83.68000030517578,78.54000091552734,-1.0
2024-02-29,27.65642547607422,28.41432611849579,27.45661509166391,27.96647561941381,61899800,-0.0071731732277307,PETR4.SA,969,250,83.62000274658203,78.26000213623047,-1.0
2024-03-01,27.683988571166992,28.145616781990963,27.656427971866734,27.801117175707972,31248500,0.000996625363484549,PETR4.SA,968,249,83.55000305175781,79.97000122070312,-1.0
2024-03-04,27.615093231201172,28.076721501033813,27.573752326966293,27.746002152126007,21988000,-0.002488634894090902,PETR4.SA,965,246,82.80000305175781,78.73999786376953,-1.0
2024-03-05,27.532407760620117,27.8148973311749,27.291259088801425,27.628867229347595,30293300,-0.0029942129794308103,PETR4.SA,964,245,82.04000091552734,78.1500015258789,-1.0
2024-03-06,28.138731002807617,28.138731002807617,27.635761838399837,27.697771879399358,45481000,0.022022165567906926,PETR4.SA,963,244,82.95999908447266,79.12999725341797,-1.0
2024-03-07,27.82867431640625,28.207623310556336,27.752883991911617,28.000924098140207,50199800,-0.01101885818413173,PETR4.SA,962,243,82.95999908447266,78.93000030517578,-1.0
2024-03-08,25.286270141601562,25.534310264087978,24.183869889253412,24.735071329589115,230369800,-0.09135915516125848,PETR4.SA,961,242,82.08000183105469,78.01000213623047,1.0
2024-03-11,24.562824249267578,26.00283278311555,24.321672935407296,24.576601921306636,127528700,-0.028610225560461555,PETR4.SA,958,239,82.20999908447266,77.93000030517578,1.0
2024-03-12,25.36894989013672,25.651439452064217,24.914210531221155,25.045119430735692,76139100,0.032818931271438645,PETR4.SA,957,238,81.91999816894531,77.55999755859375,1.0
2024-03-13,25.065793991088867,25.720343818358877,25.01756425281542,25.42407392420849,45140600,-0.01194987968996375,PETR4.SA,956,237,84.02999877929688,79.72000122070312,1.0
2024-03-14,24.955556869506836,25.437854303565288,24.907327126100988,25.313836840753037,39983400,-0.004397910619596601,PETR4.SA,955,236,85.41999816894531,81.26000213623047,1.0
2024-03-15,25.024450302124023,25.114020932509693,24.762629874709237,25.010670002962893,59362500,0.0027606449728785343,PETR4.SA,954,235,85.33999633789062,81.04000091552734,1.0
2024-03-18,25.038230895996094,25.30005132649262,24.459471466033083,25.086460629466067,35326100,0.0005506851781236222,PETR4.SA,951,232,86.88999938964844,82.72000122070312,1.0
2024-03-19,24.85219955444336,25.389618059553293,24.500811138407606,25.072679075940933,48540800,-0.007429891605579941,PETR4.SA,950,231,87.37999725341797,83.47000122070312,1.0
2024-03-20,25.286270141601562,25.313830739283,24.67306129896751,24.962439689652825,39017900,0.017466083281976408,PETR4.SA,949,230,85.94999694824219,81.68000030517578,1.0
2024-03-21,24.597270965576172,25.534310260009285,24.583490666737656,25.389618436366483,47220200,-0.027247955992205974,PETR4.SA,948,229,85.77999877929688,81.06999969482422,1.0
2024-03-22,24.838420867919922,24.955552099749593,24.411242095833206,24.735072563942037,34426800,0.009803929170892012,PETR4.SA,947,228,85.43000030517578,80.62999725341797,1.0
2024-03-25,25.21736717224121,25.375839285477596,24.91420850044925,24.927988798483852,26951500,0.015256457177224014,PETR4.SA,944,225,86.75,81.94999694824219,1.0
2024-03-26,24.983110427856445,25.26560000142099,24.92110039325333,25.26560000142099,24837800,-0.009289500477378532,PETR4.SA,943,224,86.25,81.62000274658203,1.0
2024-03-27,25.182920455932617,25.25871078913127,24.88665058705972,24.99689035489684,19995700,0.007997804302757316,PETR4.SA,942,223,86.08999633789062,81.3499984741211,1.0
2024-03-28,25.741012573242188,25.851252348848906,25.127803657159607,25.148472793734747,31958200,0.022161532785133886,PETR4.SA,941,222,87.4800033569336,83.16999816894531,1.0
2024-04-01,25.94082260131836,25.982160873852635,25.637661251674828,25.837471663335602,23697800,0.007762321995206767,PETR4.SA,937,218,87.41999816894531,83.70999908447266,1.0
2024-04-02,26.60915184020996,26.62982360616724,26.023503495119986,26.057952933950506,45930700,0.025763610089127864,PETR4.SA,936,217,88.91999816894531,85.1500015258789,1.0
2024-04-03,26.471351623535156,26.877861312276305,26.3335538673439,26.66427321318562,31437200,-0.005178677528028919,PETR4.SA,935,216,89.3499984741211,85.43000030517578,1.0
2024-04-04,26.168190002441406,27.201688830160215,25.78924095794253,26.505800775958527,165566800,-0.011452442074178615,PETR4.SA,934,215,90.6500015258789,86.58999633789062,1.0
2024-04-05,26.250869750976562,26.574700231858554,25.6101002534103,26.113072006904094,65469200,0.0031595516742823904,PETR4.SA,933,214,91.16999816894531,86.91000366210938,1.0
2024-04-08,26.61604118347168,26.912311064781896,25.995940820654138,26.202640065485486,36384400,0.013910831753737751,PETR4.SA,930,211,90.37999725341797,86.43000030517578,1.0
2024-04-09,26.6849365234375,26.96742606725688,26.223308358695913,26.80206774460918,36989300,0.002588489380930259,PETR4.SA,929,210,89.41999816894531,85.2300033569336,1.0
2024-04-10,27.277482986450195,27.373942470020037,26.636713413223312,26.684943155008234,55821500,0.022205279090405927,PETR4.SA,928,209,90.4800033569336,86.20999908447266,1.0
2024-04-11,27.07767105102539,27.394610087537572,27.0087721746788,27.28437030838883,33195300,-0.007325160298846445,PETR4.SA,927,208,89.73999786376953,85.0199966430664,1.0
2024-04-12,26.829627990722656,27.59441752578907,26.664269654035706,27.36704915576367,39613500,-0.00916042815629603,PETR4.SA,926,207,90.44999694824219,85.66000366210938,1.0
