Date,Close,High,Low,Open,Volume,Retorno_Diario,Ticker,DiasParaEleicaoBR,DiasParaEleicaoUSA,Petroleo_Brent,Petroleo_WTI,Alvo
2015-01-02,9.710408210754395,10.016140073166113,9.610018098397289,9.902061033017771,5658400,,VALE3.SA,1395,676,56.41999816894531,52.689998626708984,-1.0
2015-01-05,9.564384460449219,9.641958227577172,9.35904275006617,9.473121768174698,8603000,-0.015037859082324911,VALE3.SA,1392,673,53.11000061035156,50.040000915527344,-1.0
2015-01-06,9.947690963745117,10.098275246954932,9.61458040851642,9.61458040851642,9879900,0.04007644243923414,VALE3.SA,1391,672,51.099998474121094,47.93000030517578,-1.0
2015-01-07,10.31274700164795,10.408572992452793,10.025267288525136,10.184978143554016,6130900,0.03669756521722456,VALE3.SA,1390,671,51.150001525878906,48.650001525878906,-1.0
2015-01-08,10.422259330749512,10.440511521354864,10.089148801428724,10.390317344424759,4667300,0.010619123021641252,VALE3.SA,1389,670,50.959999084472656,48.790000915527344,-1.0
2015-01-09,10.198662757873535,10.426820757511182,10.171284041616053,10.308178493257161,3577300,-0.021453752567476836,VALE3.SA,1388,669,50.11000061035156,48.36000061035156,-1.0
2015-01-12,10.330997467041016,10.335560733031885,10.007013414875264,10.089150462002918,4735200,0.012975692236250946,VALE3.SA,1385,666,47.43000030517578,46.06999969482422,-1.0
2015-01-13,10.271677017211914,10.554592553177372,10.271677017211914,10.358377332587013,6096400,-0.005741986678280742,VALE3.SA,1384,665,46.59000015258789,45.88999938964844,-1.0
2015-01-14,9.445745468139648,10.038956166181475,9.441182201803443,9.947692580165475,10902600,-0.08040863704030798,VALE3.SA,1383,664,48.689998626708984,48.47999954223633,-1.0
2015-01-15,9.555258750915527,9.70127975408056,9.331663981024843,9.491373909265452,5822800,0.011593926931999787,VALE3.SA,1382,663,47.66999816894531,46.25,-1.0
2015-01-16,9.984192848205566,10.139340344643491,9.514187965190935,9.605450635219722,4004300,0.044889846363285635,VALE3.SA,1381,662,47.689998626708984,48.689998626708984,-1.0
2015-01-19,9.879242897033691,9.892932692676695,9.719532095947377,9.787980203808544,2139300,-0.01051161098022435,VALE3.SA,1378,659,47.689998626708984,48.689998626708984,-1.0
2015-01-20,9.920312881469727,10.075460440298142,9.819923642961799,10.075460440298142,2060900,0.0041571995813936,VALE3.SA,1377,658,47.9900016784668,46.38999938964844,-1.0
2015-01-21,10.075458526611328,10.166722086359966,9.81535851278766,9.979632572193687,2841600,0.01563918870254577,VALE3.SA,1376,657,49.029998779296875,47.779998779296875,-1.0
2015-01-22,9.99788761138916,10.435951604538161,9.929440357246706,10.198666977847205,4077500,-0.0076989960325167806,VALE3.SA,1375,656,48.52000045776367,46.310001373291016,-1.0
2015-01-23,9.363606452941895,10.435949447360324,9.34079012604132,10.198664869717614,7374000,-0.06344151715855662,VALE3.SA,1374,655,48.790000915527344,45.59000015258789,-1.0
2015-01-26,8.934669494628906,9.176517348845225,8.930106229037587,9.130885563285968,5010900,-0.04580894770286115,VALE3.SA,1371,652,48.15999984741211,45.150001525878906,1.0
2015-01-27,8.670004844665527,8.916415926441626,8.478352071179822,8.838842164069941,5926800,-0.029622209318708737,VALE3.SA,1370,651,49.599998474121094,46.22999954223633,1.0
2015-01-28,8.6198091506958,8.829714967887258,8.51029341273432,8.54223539417887,4019900,-0.005789580844422604,VALE3.SA,1369,650,48.470001220703125,44.45000076293945,1.0
2015-01-29,8.236502647399902,8.765829086072332,8.172618692152627,8.670003153201419,8705800,-0.044468096287834546,VALE3.SA,1368,649,49.130001068115234,44.529998779296875,1.0
2015-01-30,8.492040634155273,8.52398261337773,8.053976842430242,8.076793163556037,7360500,0.031025059748634787,VALE3.SA,1367,648,52.9900016784668,48.2400016784668,1.0
2015-02-02,9.00767993927002,9.044185193386816,8.510295307957481,8.647190663660899,6374000,0.060720305911023065,VALE3.SA,1364,645,54.75,49.56999969482422,1.0
2015-02-03,9.523316383361816,9.683026305197712,9.185641739141872,9.281468562597206,10130700,0.05724409032827871,VALE3.SA,1363,644,57.90999984741211,53.04999923706055,-1.0
2015-02-04,9.377294540405273,9.660210876202747,9.199331558259937,9.509626613536584,7812700,-0.015333087453826222,VALE3.SA,1362,643,54.15999984741211,48.45000076293945,1.0
2015-02-05,9.331663131713867,9.66021035893283,9.322536602258236,9.381857303012335,4582200,-0.004866159263184899,VALE3.SA,1361,642,56.56999969482422,50.47999954223633,1.0
2015-02-06,9.317974090576172,9.41380004654336,9.10806824790156,9.22214726425516,4462400,-0.0014669454891885758,VALE3.SA,1360,641,57.79999923706055,51.689998626708984,1.0
2015-02-09,9.851862907409668,9.975068441269134,9.222146314585995,9.240399373092762,4581800,0.057296662519533026,VALE3.SA,1357,638,58.34000015258789,52.86000061035156,-1.0
2015-02-10,9.308847427368164,9.860990311213964,9.308847427368164,9.710406046593075,5708600,-0.05511805078338006,VALE3.SA,1356,637,56.43000030517578,50.02000045776367,1.0
2015-02-11,9.62827205657959,9.664777318002427,9.276908371413484,9.276908371413484,5888600,0.0343140900851282,VALE3.SA,1355,636,54.65999984741211,48.84000015258789,-1.0
2015-02-12,9.847299575805664,9.979631638018445,9.705841854755304,9.902057880599784,5681000,0.02274837249497952,VALE3.SA,1354,635,57.04999923706055,51.209999084472656,-1.0
2015-02-13,10.257987022399902,10.35837713418103,9.952255161742288,9.988760419566153,7381400,0.041705590800068304,VALE3.SA,1353,634,57.38999938964844,52.779998779296875,-1.0
2015-02-18,10.362936019897461,10.495268078659027,10.349247096821234,10.358373625774522,5872100,0.010230954403469772,VALE3.SA,1348,629,60.529998779296875,52.13999938964844,-1.0
2015-02-19,10.084587097167969,10.4405131374272,10.048081839952816,10.4405131374272,4910700,-0.026860044508143832,VALE3.SA,1347,628,60.209999084472656,51.15999984741211,-1.0
2015-02-20,10.321867942810059,10.362935580651744,10.016136198663354,10.13477758861252,2589100,0.023529059083512216,VALE3.SA,1346,627,60.220001220703125,50.34000015258789,-1.0
2015-02-23,9.865553855895996,10.166722393674748,9.75603723274569,10.084585361488935,5798700,-0.044208479457627514,VALE3.SA,1343,624,58.900001525878906,49.45000076293945,-1.0
2015-02-24,10.057208061218262,10.171287095286415,9.851865451754003,9.879244176231252,7130600,0.019426603728662117,VALE3.SA,1342,623,58.65999984741211,49.279998779296875,-1.0
2015-02-25,10.102838516235352,10.157596833037951,9.947690967374223,9.961380764163353,4870400,0.0045370896912282355,VALE3.SA,1341,622,61.630001068115234,50.9900016784668,-1.0
2015-02-26,9.696717262268066,10.011575619424333,9.52787991992227,9.979633631228781,7354500,-0.040198727646160504,VALE3.SA,1340,621,60.04999923706055,48.16999816894531,-1.0
2015-02-27,9.696717262268066,9.870116999767026,9.632833285876961,9.742349046984813,5026500,0.0,VALE3.SA,1339,620,62.58000183105469,49.7599983215332,-1.0
2015-03-02,9.381855964660645,9.696714223134377,9.304282216061424,9.655645716796341,4685300,-0.03247091660933665,VALE3.SA,1336,617,59.540000915527344,49.59000015258789,-1.0
2015-03-03,9.486812591552734,9.637396876957352,9.409238816019814,9.450306466262953,4441700,0.011187192309009886,VALE3.SA,1335,616,61.02000045776367,50.52000045776367,-1.0
2015-03-04,9.304285049438477,9.432053871438095,9.167390566859803,9.345353568282857,6035800,-0.019240133643705026,VALE3.SA,1334,615,60.54999923706055,51.529998779296875,-1.0
2015-03-05,8.898162841796875,9.299720576829994,8.847967798535068,9.299720576829994,7140400,-0.04364894298526589,VALE3.SA,1333,614,60.47999954223633,50.7599983215332,-1.0
2015-03-06,8.93923282623291,9.067001652671568,8.701948235855657,8.875348848190544,7622600,0.0046155577467204,VALE3.SA,1332,613,59.72999954223633,49.61000061035156,-1.0
2015-03-09,8.916418075561523,9.021370582198164,8.738454183488528,8.866223020059653,5393600,-0.0025522045476246147,VALE3.SA,1329,610,58.529998779296875,50.0,-1.0
2015-03-10,8.7156343460083,8.911850333114774,8.688255634193357,8.729323266738994,5896000,-0.022518429244983373,VALE3.SA,1328,609,56.38999938964844,48.290000915527344,1.0
2015-03-11,8.606123924255371,8.752144970928592,8.569618662587066,8.729328638414595,11250500,-0.012564825164227411,VALE3.SA,1327,608,57.540000915527344,48.16999816894531,1.0
2015-03-12,8.606123924255371,8.92554474626452,8.606123924255371,8.724766242265886,10526500,0.0,VALE3.SA,1326,607,57.08000183105469,47.04999923706055,1.0
2015-03-13,8.615249633789062,8.72932868591757,8.282139010458804,8.487481652431756,14184500,0.0010603739400001366,VALE3.SA,1325,606,54.66999816894531,44.84000015258789,1.0
2015-03-16,8.624372482299805,8.82058850738917,8.455536044678997,8.701946239419932,7892200,0.001058918649897489,VALE3.SA,1322,603,53.439998626708984,43.880001068115234,1.0
2015-03-17,9.071565628051758,9.126323954735966,8.656317957739597,8.660881224159453,8644000,0.05185225321259579,VALE3.SA,1321,602,53.43000030517578,43.459999084472656,-1.0
2015-03-18,8.93923282623291,8.993990273025247,8.729326959251825,8.920979763732849,9506400,-0.014587647518046754,VALE3.SA,1320,601,55.90999984741211,44.65999984741211,-1.0
2015-03-19,8.73845100402832,8.975735526887695,8.73845100402832,8.966608998234562,3495400,-0.02246074423919009,VALE3.SA,1319,600,54.43000030517578,43.959999084472656,1.0
2015-03-20,9.240400314331055,9.240400314331055,8.711073748669286,8.884473470377594,10164000,0.05744145158808367,VALE3.SA,1318,599,55.31999969482422,45.720001220703125,-1.0
2015-03-23,9.299720764160156,9.33622601353488,9.07156273797969,9.27690530968363,4862600,0.006419683975931401,VALE3.SA,1315,596,55.91999816894531,47.45000076293945,-1.0
2015-03-24,8.934669494628906,9.322538366351711,8.857095720284345,9.217585868813163,5204700,-0.03925400329632556,VALE3.SA,1314,595,55.11000061035156,47.5099983215332,-1.0
2015-03-25,9.016806602478027,9.09894364303255,8.797775074568584,9.007680071226654,4752100,0.009193077359884283,VALE3.SA,1313,594,56.47999954223633,49.209999084472656,-1.0
2015-03-26,8.633500099182129,9.0396211239082,8.633500099182129,8.943795166756408,6943000,-0.04251022786610026,VALE3.SA,1312,593,59.189998626708984,51.43000030517578,1.0
2015-03-27,8.373400688171387,8.615247666429541,8.291263650138845,8.592432209355568,6067800,-0.03012676296087402,VALE3.SA,1311,592,56.40999984741211,48.869998931884766,1.0
2015-03-30,8.49660587310791,8.546800050543158,8.318642008380102,8.49660587310791,4054400,0.014713876658329239,VALE3.SA,1308,589,56.290000915527344,48.68000030517578,1.0
2015-03-31,8.186308860778809,8.382524869898509,8.136113824858796,8.355145284658327,5094700,-0.036520113674002874,VALE3.SA,1307,588,55.11000061035156,47.599998474121094,1.0
2015-04-01,8.003786087036133,8.126990792197736,7.926212302861923,8.11330186404313,10595600,-0.022296101557706338,VALE3.SA,1306,587,57.099998474121094,50.09000015258789,1.0
2015-04-02,8.213688850402832,8.277572818503865,7.834946566003964,7.967277767120929,6519700,0.026225433948900978,VALE3.SA,1305,586,54.95000076293945,49.13999938964844,1.0
2015-04-06,8.27301025390625,8.441847588634642,8.158931232438215,8.323205301865421,4765200,0.007222260860357377,VALE3.SA,1301,582,58.119998931884766,52.13999938964844,1.0
2015-04-07,8.670004844665527,8.761268401698256,8.336894341097496,8.373399589839831,11772400,0.047986715666383795,VALE3.SA,1300,581,59.099998474121094,53.97999954223633,1.0
2015-04-08,8.555925369262695,8.920977836876409,8.50116706394377,8.875346931189997,6513500,-0.013157948288001542,VALE3.SA,1299,580,55.54999923706055,50.41999816894531,1.0
2015-04-09,8.578741073608398,8.638062645305839,8.300388885275156,8.419031158316276,8139900,0.002666655371687643,VALE3.SA,1298,579,56.56999969482422,50.790000915527344,1.0
2015-04-10,8.405342102050781,8.638063403794582,8.405342102050781,8.578741826888248,4013700,-0.020212636104738113,VALE3.SA,1297,578,57.869998931884766,51.63999938964844,1.0
2015-04-13,8.323203086853027,8.610682631845147,8.231940416178194,8.396213571534346,4761800,-0.009772239392577875,VALE3.SA,1294,575,57.93000030517578,51.90999984741211,1.0
2015-04-14,8.555925369262695,8.7840833791097,8.4646618171824,8.4646618171824,6921500,0.027960663698962884,VALE3.SA,1293,574,58.43000030517578,53.290000915527344,1.0
2015-04-15,8.768909454345703,8.820767983751386,8.533186086751535,8.69819262391011,8478900,0.02489316770435579,VALE3.SA,1292,573,60.31999969482422,56.38999938964844,1.0
2015-04-16,8.514325141906738,8.825479818576177,8.490753172152056,8.702903597583216,5130500,-0.029032608189698883,VALE3.SA,1291,572,60.400001525878906,56.709999084472656,1.0
2015-04-17,8.39175033569336,8.542614024881916,8.372892936553013,8.443609756952336,4104600,-0.014396303191438697,VALE3.SA,1290,571,63.45000076293945,55.7400016784668,1.0
2015-04-20,8.358750343322754,8.542615180284809,8.349321192870693,8.420038922047866,3035100,-0.003932432573719891,VALE3.SA,1287,568,63.45000076293945,56.380001068115234,1.0
2015-04-22,9.169636726379395,9.22149524089584,8.585042151282686,8.613329594705869,7975100,0.09701048000606982,VALE3.SA,1285,566,62.72999954223633,56.15999984741211,1.0
2015-04-23,9.94281005859375,10.01824145170483,9.080062713074284,9.080062713074284,8204400,0.08431886183561388,VALE3.SA,1284,565,64.8499984741211,57.7400016784668,1.0
2015-04-24,10.9375638961792,11.102569523264345,10.324682641244276,10.348255515980174,20963300,0.10004755514017538,VALE3.SA,1283,564,65.27999877929688,57.150001525878906,1.0
2015-04-27,11.060139656066895,11.696592910009313,10.862132896258364,11.008281128160819,17059300,0.011206861148533642,VALE3.SA,1280,561,64.83000183105469,56.9900016784668,-1.0
2015-04-28,10.631123542785645,11.380723925362567,10.404829325196122,11.187430835436523,17206700,-0.03878939386139835,VALE3.SA,1279,560,64.63999938964844,57.060001373291016,1.0
2015-04-29,9.952238082885742,10.31053760928039,9.942808935009111,10.206818781063523,14041200,-0.0638582984355025,VALE3.SA,1278,559,65.83999633789062,58.58000183105469,1.0
2015-04-30,10.678267478942871,10.730126903223832,9.603369588124492,9.71180211233631,22251200,0.07295136933125002,VALE3.SA,1277,558,66.77999877929688,59.630001068115234,1.0
2015-05-04,11.682448387145996,11.682448387145996,11.18271428744317,11.361864519174562,10121000,0.09403968482558911,VALE3.SA,1273,554,66.44999694824219,58.93000030517578,-1.0
2015-05-05,12.757346153259277,12.7809190253907,11.673019213181425,11.729592307870583,14709800,0.09200963107151172,VALE3.SA,1272,553,67.5199966430664,60.400001525878906,-1.0
2015-05-06,11.753166198730469,13.148647978194164,11.729593324555823,12.964784055697946,17730800,-0.0787138596433129,VALE3.SA,1271,552,67.7699966430664,60.93000030517578,-1.0
2015-05-07,11.258147239685059,11.974746467460859,11.102569858582322,11.786167959944398,12752400,-0.04211792385773294,VALE3.SA,1270,551,65.54000091552734,58.939998626708984,-1.0
2015-05-08,10.725412368774414,11.644733788640364,10.70655406925093,11.526872114258227,10498300,-0.04731994168922837,VALE3.SA,1269,550,65.38999938964844,59.38999938964844,-1.0
2015-05-11,10.975278854370117,11.286433586137155,10.876274585600697,10.96584970511338,8290200,0.02329667867346119,VALE3.SA,1266,547,64.91000366210938,59.25,-1.0
2015-05-12,10.527403831481934,11.121426728146469,10.49440270931387,10.937562819374044,6338600,-0.040807621276050754,VALE3.SA,1265,546,66.86000061035156,60.75,-1.0
2015-05-13,10.183246612548828,10.550974380455777,10.145530920988806,10.442541879622345,9515000,-0.03269155666888279,VALE3.SA,1264,545,66.80999755859375,60.5,-1.0
2015-05-14,10.055957794189453,10.395399084992803,9.966382671911399,10.159675741576068,7312900,-0.012499826745088982,VALE3.SA,1263,544,66.58999633789062,59.880001068115234,-1.0
2015-05-15,10.032387733459473,10.206822537306229,9.989957451612778,10.065388863959488,5580200,-0.0023438901805653556,VALE3.SA,1262,543,66.56999969482422,59.689998626708984,-1.0
2015-05-18,9.54207992553711,10.136102802323007,9.54207992553711,9.999382844529848,10128900,-0.04887249386176684,VALE3.SA,1259,540,66.2699966430664,59.43000030517578,-1.0
2015-05-19,9.485508918762207,9.537367449322106,9.348788930892235,9.428934913626593,12234100,-0.005928582365308355,VALE3.SA,1258,539,64.0199966430664,57.2599983215332,-1.0
2015-05-20,9.358217239379883,9.655228266774348,9.301643239335913,9.433648639963023,6727500,-0.013419594085304465,VALE3.SA,1257,538,65.02999877929688,58.97999954223633,-1.0
2015-05-21,9.546793937683105,9.66465559123475,9.325214352722716,9.325214352722716,3455300,0.02015092121495976,VALE3.SA,1256,537,66.54000091552734,60.720001220703125,-1.0
2015-05-22,9.55151081085205,9.75423304763175,9.504365958240658,9.66465791759143,6084100,0.0004940792898364688,VALE3.SA,1255,536,65.37000274658203,59.720001220703125,-1.0
2015-05-25,9.69765853881836,9.834378514338656,9.480793487016374,9.480793487016374,1530500,0.01530100639160259,VALE3.SA,1252,533,65.37000274658203,59.720001220703125,-1.0
2015-05-26,9.801377296447754,9.985241221170996,9.664657322218417,9.73065957228046,6830900,0.010695237124943358,VALE3.SA,1251,532,63.720001220703125,58.029998779296875,-1.0
2015-05-27,9.876808166503906,9.90509471512561,9.551509710108236,9.806090446129899,4667900,0.0076959459650114415,VALE3.SA,1250,531,62.060001373291016,57.5099983215332,-1.0
2015-05-28,9.683512687683105,9.782516032778165,9.560936475270452,9.674083540756069,6352000,-0.019570642211756306,VALE3.SA,1249,530,62.58000183105469,57.68000030517578,-1.0
2015-05-29,9.452505111694336,9.754231583592333,9.452505111694336,9.659941892521745,8707400,-0.023855762205237663,VALE3.SA,1248,529,65.55999755859375,60.29999923706055,-1.0
2015-06-01,9.447792053222656,9.612797674548712,9.329930381296505,9.461934878357349,6876000,-0.0004986041706392941,VALE3.SA,1245,526,64.87999725341797,60.20000076293945,-1.0
2015-06-02,10.065386772155762,10.088958746410334,9.480792998353227,9.49965039791425,5829100,0.06536921171147525,VALE3.SA,1244,525,65.48999786376953,61.2599983215332,-1.0
2015-06-03,9.848519325256348,10.154960338951957,9.782517088072945,10.07009980588013,8682100,-0.021545863244852415,VALE3.SA,1243,524,63.79999923706055,59.63999938964844,-1.0
2015-06-05,9.711799621582031,9.895663498022149,9.579794256909677,9.664654784255262,6084100,-0.013882259775203076,VALE3.SA,1241,522,63.310001373291016,59.130001068115234,-1.0
2015-06-08,9.476078033447266,9.735373336422834,9.471363458947856,9.678800240856194,7132000,-0.024271669239440796,VALE3.SA,1238,519,62.689998626708984,58.13999938964844,-1.0
2015-06-09,9.419504165649414,9.72123064318717,9.381788468358838,9.40536134117367,6456600,-0.00597017749306894,VALE3.SA,1237,518,64.87999725341797,60.13999938964844,-1.0
2015-06-10,9.999383926391602,10.065387074873176,9.612797782025666,9.688229180964717,5297600,0.06156160139053446,VALE3.SA,1236,517,65.69999694824219,61.43000030517578,-1.0
2015-06-11,10.055957794189453,10.239821714306286,9.933381547707167,10.107817217489357,6340600,0.005657735337927683,VALE3.SA,1235,516,65.11000061035156,60.77000045776367,-1.0
2015-06-12,9.975812911987305,10.046529742900253,9.872094953262533,9.956955510043388,3608400,-0.007969890471145158,VALE3.SA,1234,515,63.869998931884766,59.959999084472656,-1.0
2015-06-15,9.589226722717285,9.914525223712264,9.54679644436084,9.843807493642663,4450900,-0.038752349575991274,VALE3.SA,1231,512,62.61000061035156,59.52000045776367,-1.0
2015-06-16,9.311071395874023,9.513793600519053,9.28278484847636,9.499649877213656,8169800,-0.029007065416891242,VALE3.SA,1230,511,62.630001068115234,59.970001220703125,-1.0
2015-06-17,9.179064750671387,9.348785810211007,9.098918794690233,9.31107011911476,5554800,-0.014177385135413334,VALE3.SA,1229,510,63.869998931884766,59.91999816894531,-1.0
2015-06-18,9.617510795593262,9.617510795593262,9.188494446567237,9.26392583326106,5554500,0.04776587341208227,VALE3.SA,1228,509,64.26000213623047,60.45000076293945,-1.0
2015-06-19,9.579795837402344,9.593939560697725,9.35821623438679,9.494935296056306,3160600,-0.003921488521562044,VALE3.SA,1227,508,63.02000045776367,59.61000061035156,-1.0
2015-06-22,9.282785415649414,9.678800700265523,9.282785415649414,9.664656976095953,5151000,-0.031003836281490837,VALE3.SA,1224,505,63.34000015258789,59.68000030517578,-1.0
2015-06-23,9.33935832977295,9.509079419608945,9.33935832977295,9.509079419608945,2995400,0.00609438994767264,VALE3.SA,1223,504,64.44999694824219,61.0099983215332,-1.0
2015-06-24,9.334644317626953,9.513794567518612,9.292214042611205,9.466649717588533,2893300,-0.0005047468979714198,VALE3.SA,1222,503,63.4900016784668,60.27000045776367,-1.0
2015-06-25,9.108349800109863,9.372359691634054,9.01877467828064,9.358216866596358,5130300,-0.024242436006883472,VALE3.SA,1221,502,63.20000076293945,59.70000076293945,-1.0
2015-06-26,9.249784469604492,9.254498145205106,8.985773675310009,9.141351047313128,2998200,0.015528023472805463,VALE3.SA,1220,501,63.2599983215332,59.630001068115234,-1.0
2015-06-29,9.051775932312012,9.188494991599411,8.962200818094889,9.042346783612713,2960000,-0.02140682714750297,VALE3.SA,1217,498,62.0099983215332,58.33000183105469,-1.0
2015-06-30,8.622759819030762,9.051776206500035,8.561471249841928,8.976344813046964,5353300,-0.047395794647301925,VALE3.SA,1216,497,63.59000015258789,59.470001220703125,-1.0
2015-07-01,8.537900924682617,8.773624299528954,8.47189776826059,8.636904310495689,2518000,-0.009841268471940667,VALE3.SA,1215,496,62.0099983215332,56.959999084472656,-1.0
2015-07-02,8.519042015075684,8.65576199435136,8.368179209815109,8.434181462313298,4323900,-0.0022088461523854797,VALE3.SA,1214,495,62.06999969482422,56.93000030517578,-1.0
2015-07-03,8.33517837524414,8.523756888418905,8.27860437168507,8.43889633268694,1949700,-0.02158266616201321,VALE3.SA,1213,494,62.06999969482422,56.93000030517578,1.0
2015-07-06,8.32103443145752,8.335178156779902,8.127741348117919,8.226745626948079,4699200,-0.0016968975527421604,VALE3.SA,1210,491,56.540000915527344,52.529998779296875,1.0
2015-07-07,8.45304012298584,8.509613227764012,7.8448734017341195,8.2503178825686,8085300,0.01586409629904617,VALE3.SA,1209,490,56.849998474121094,52.33000183105469,-1.0
2015-07-08,8.090024948120117,8.4011796846468,8.02873727544015,8.179600069003005,8525700,-0.04294492509015746,VALE3.SA,1208,489,57.04999923706055,51.650001525878906,1.0
2015-07-10,8.066452026367188,8.509611205602498,8.066452026367188,8.481324659935218,4808900,-0.0029138255943707003,VALE3.SA,1206,487,58.72999954223633,52.7400016784668,1.0
2015-07-13,8.721763610839844,8.731192760284348,7.986307039218986,8.203172081163487,11273000,0.08123913491713686,VALE3.SA,1203,484,57.849998474121094,52.20000076293945,-1.0
2015-07-14,8.401180267333984,8.58504419733946,8.325748865320802,8.566186796442786,5417700,-0.036756710891295286,VALE3.SA,1202,483,58.5099983215332,53.040000915527344,-1.0
2015-07-15,8.066452026367188,8.575614344443581,8.066452026367188,8.523754928042674,6598400,-0.03984300185395484,VALE3.SA,1201,482,57.04999923706055,51.40999984741211,1.0
2015-07-16,8.316320419311523,8.33989329644456,8.146600200020258,8.165457602513369,2990000,0.03097624483819894,VALE3.SA,1200,481,57.5099983215332,50.90999984741211,1.0
2015-07-17,8.22674560546875,8.363464686375119,8.146599627277688,8.363464686375119,2920800,-0.010770967125649622,VALE3.SA,1199,480,57.52000045776367,50.88999938964844,1.0
2015-07-20,8.160741806030273,8.448324569530316,8.156027231309087,8.22674495291369,3592000,-0.008023075296579085,VALE3.SA,1196,477,56.650001525878906,50.150001525878906,1.0
2015-07-21,8.27388858795166,8.500183669921501,8.108882975033124,8.207886342784246,5947000,0.013864766783551197,VALE3.SA,1195,476,57.040000915527344,50.36000061035156,1.0
2015-07-22,8.151311874389648,8.231456930478338,7.939160551763712,8.132453579394898,8000200,-0.014814885680296208,VALE3.SA,1194,475,56.130001068115234,49.189998626708984,1.0
2015-07-23,8.165454864501953,8.453037574600545,8.146597468332038,8.160740290656221,6047000,0.0017350569246086245,VALE3.SA,1193,474,55.27000045776367,48.45000076293945,1.0
2015-07-24,7.915590763092041,8.273889474578723,7.797729084541271,8.165456946123195,5779600,-0.030600144824283748,VALE3.SA,1192,473,54.619998931884766,48.13999938964844,1.0
2015-07-27,7.901447772979736,8.273890244255664,7.73644122781631,7.8967331974935435,6410300,-0.0017867257840373796,VALE3.SA,1189,470,53.470001220703125,47.38999938964844,1.0
2015-07-28,8.52846908569336,8.580328499561661,8.042878762851792,8.094738176720094,11251300,0.07935524358685542,VALE3.SA,1188,469,53.29999923706055,47.97999954223633,-1.0
2015-07-29,8.651047706604004,8.816054242542926,8.580330876691116,8.674619683503872,7374700,0.01437287509387497,VALE3.SA,1187,468,53.380001068115234,48.790000915527344,-1.0
2015-07-30,8.22674560546875,9.339359250740065,8.198458154897843,9.004632511903617,10051000,-0.04904632543077436,VALE3.SA,1186,467,53.310001373291016,48.52000045776367,1.0
2015-07-31,8.424753189086914,8.504899166571036,8.075881828829035,8.264461234118672,8740700,0.02406876219516718,VALE3.SA,1185,466,52.209999084472656,47.119998931884766,-1.0
2015-08-03,8.292745590209961,8.457752076556003,8.156025647484865,8.39646351629544,4459200,-0.015669016755048726,VALE3.SA,1182,463,49.52000045776367,45.16999816894531,1.0
2015-08-04,8.533185958862305,8.632189340145686,8.448325403926107,8.448325403926107,3890900,0.02899406065660526,VALE3.SA,1181,462,49.9900016784668,45.7400016784668,-1.0
2015-08-05,8.962199211120605,9.089489998097841,8.792478161817625,8.792478161817625,7956400,0.05027585878551499,VALE3.SA,1180,461,49.59000015258789,45.150001525878906,-1.0
2015-08-06,9.230926513671875,9.329930790017839,8.801910081003584,8.84434035669282,10318000,0.029984526813220613,VALE3.SA,1179,460,49.52000045776367,44.65999984741211,-1.0
2015-08-07,8.684046745300293,9.18849448302148,8.684046745300293,9.169637085879739,6786600,-0.05924429877776638,VALE3.SA,1178,459,48.61000061035156,43.869998931884766,-1.0
2015-08-10,9.122492790222168,9.221496154371433,8.641616994949153,8.745334933469303,12030800,0.05048867858284578,VALE3.SA,1175,456,50.40999984741211,44.959999084472656,-1.0
2015-08-11,8.768909454345703,8.97634626960829,8.537900662009013,8.886771138142787,11728600,-0.03875950839396103,VALE3.SA,1174,455,49.18000030517578,43.08000183105469,-1.0
2015-08-12,8.919770240783691,9.018773601075322,8.556756121288213,8.674617778328583,12862900,0.01720405339152231,VALE3.SA,1173,454,49.65999984741211,43.29999923706055,-1.0
2015-08-13,8.712332725524902,9.19320846082535,8.69347532960628,8.957485166958033,6140400,-0.023255925843283065,VALE3.SA,1172,453,49.220001220703125,42.22999954223633,-1.0
2015-08-14,8.580329895019531,8.839625208105351,8.580329895019531,8.726478113347184,6818300,-0.015151261397379434,VALE3.SA,1171,452,49.029998779296875,42.5,-1.0
2015-08-17,8.490752220153809,8.64161496777999,8.471893927094083,8.533182480325285,4345100,-0.0104398870395086,VALE3.SA,1168,449,49.029998779296875,41.869998931884766,-1.0
2015-08-18,8.212602615356445,8.50961367923268,8.212602615356445,8.50961367923268,4570800,-0.0327591239957683,VALE3.SA,1167,448,48.810001373291016,42.619998931884766,-1.0
2015-08-19,7.939161777496338,8.245601924768529,7.863730384297433,8.203171653692502,5287400,-0.03329527199438709,VALE3.SA,1166,447,47.15999984741211,40.79999923706055,1.0
2015-08-20,8.094738960266113,8.174884926178178,7.887302183926689,7.972162724211595,6276800,0.019596172383180344,VALE3.SA,1165,446,46.619998931884766,41.13999938964844,-1.0
2015-08-21,7.8731608390808105,8.09002590569328,7.8731608390808105,7.991022522904096,5072500,-0.027373102736597543,VALE3.SA,1164,445,45.459999084472656,40.45000076293945,1.0
2015-08-24,7.260278701782227,7.731725382407218,6.963267688642283,7.1377029065207385,10706700,-0.07784448328000093,VALE3.SA,1161,442,42.689998626708984,38.2400016784668,1.0
2015-08-25,7.2367072105407715,7.675152796665656,7.2367072105407715,7.609149645506988,6042300,-0.0032466372448854974,VALE3.SA,1160,441,43.209999084472656,39.310001373291016,1.0
2015-08-26,7.496002197265625,7.519574621706153,7.203705303180232,7.4158562239317884,6615000,0.03583052059190295,VALE3.SA,1159,440,43.13999938964844,38.599998474121094,1.0
2015-08-27,8.339893341064453,8.339893341064453,7.628008633677795,7.637437784581457,8865100,0.11257882823282261,VALE3.SA,1158,439,47.560001373291016,42.560001373291016,1.0
2015-08-28,8.160741806030273,8.669904186146942,8.1135969580316,8.22674495291369,6267900,-0.021481274125181304,VALE3.SA,1157,438,50.04999923706055,45.220001220703125,1.0
2015-08-31,8.448325157165527,8.528471134573984,7.995735843796228,8.024023294090917,7932500,0.0352398541665353,VALE3.SA,1154,435,54.150001525878906,49.20000076293945,1.0
2015-09-01,8.061738014221191,8.467181527760093,8.061738014221191,8.160741380564938,6389600,-0.04575902747024929,VALE3.SA,1153,434,49.560001373291016,45.40999984741211,1.0
2015-09-02,8.537900924682617,8.580331204092023,8.13717100760118,8.259747270426873,10601200,0.05906454782101056,VALE3.SA,1152,433,50.5,46.25,1.0
2015-09-03,8.830195426940918,9.131921890587432,8.533184436853428,8.570900132407603,8880300,0.03423493723302551,VALE3.SA,1151,432,50.68000030517578,46.75,-1.0
2015-09-04,8.5991849899292,8.768906036187236,8.509609893380466,8.65104439833314,11979600,-0.026161418387967483,VALE3.SA,1150,431,49.61000061035156,46.04999923706055,1.0
2015-09-08,8.924484252929688,9.051775050327977,8.78304973386058,8.943341649277754,6504800,0.03782908070723656,VALE3.SA,1146,427,49.52000045776367,45.939998626708984,-1.0
2015-09-09,8.985776901245117,9.40065064167048,8.92920378159572,9.146068905607617,7716600,0.0068679204958324025,VALE3.SA,1145,426,47.58000183105469,44.150001525878906,-1.0
2015-09-10,9.400647163391113,9.457220262108224,8.797195082058385,8.816053381106217,9679700,0.04616965975290466,VALE3.SA,1144,425,48.88999938964844,45.91999816894531,-1.0
2015-09-11,9.169636726379395,9.692941840725874,9.037631354710294,9.537364498750485,8185600,-0.024573886562974212,VALE3.SA,1143,424,48.13999938964844,44.630001068115234,-1.0
2015-09-14,9.028203010559082,9.235639784729182,8.863196506087709,9.108348975633,5714300,-0.015424135114691429,VALE3.SA,1140,421,46.369998931884766,44.0,-1.0
2015-09-15,8.768909454345703,9.080064227632942,8.731193751499168,9.004632821939872,6058200,-0.02872039495679457,VALE3.SA,1139,420,46.630001068115234,44.59000015258789,-1.0
2015-09-16,8.97634506225586,9.084777580953403,8.783051099551189,8.8726262189685,6522200,0.02365580452052174,VALE3.SA,1138,419,46.61000061035156,47.150001525878906,-1.0
2015-09-17,9.188493728637695,9.560936958149576,8.900911027329181,8.900911027329181,7195500,0.023634192414670796,VALE3.SA,1137,418,49.08000183105469,46.900001525878906,-1.0
2015-09-18,9.386502265930176,9.622225579286962,9.14134980422798,9.174350924223837,11238600,0.021549618810246196,VALE3.SA,1136,417,47.470001220703125,44.68000030517578,-1.0
2015-09-21,9.3959321975708,9.560938710518993,9.254497658238142,9.433647894883546,5214900,0.0010046267899868067,VALE3.SA,1133,414,48.91999816894531,46.68000030517578,-1.0
2015-09-22,9.174349784851074,9.292211426892099,8.882053416148597,9.169636110476844,8156600,-0.02358280243625155,VALE3.SA,1132,413,49.08000183105469,45.83000183105469,-1.0
2015-09-23,8.910340309143066,9.26392524918218,8.910340309143066,9.174350145925963,5364500,-0.02877691410283345,VALE3.SA,1131,412,47.75,44.47999954223633,-1.0
2015-09-24,8.698190689086914,8.95277140186884,8.651045846212309,8.651045846212309,6066900,-0.023809373457763683,VALE3.SA,1130,411,48.16999816894531,44.90999984741211,-1.0
2015-09-25,8.45304012298584,8.919772283865555,8.401180694261443,8.797196024561798,4420500,-0.028184087342284836,VALE3.SA,1129,410,48.599998474121094,45.70000076293945,1.0
2015-09-28,7.821300506591797,8.344606610040241,7.811871357164413,8.344606610040241,7584400,-0.07473519671061202,VALE3.SA,1126,407,47.34000015258789,44.43000030517578,1.0
2015-09-29,7.7694411277771,8.099454165891487,7.745869153288866,7.920303922613441,7694600,-0.006630531427732511,VALE3.SA,1125,406,48.22999954223633,45.22999954223633,1.0
2015-09-30,7.816584587097168,8.038164165240604,7.698722937171569,7.995733899330346,6672100,0.006067805720481267,VALE3.SA,1124,405,48.369998931884766,45.09000015258789,1.0
2015-10-01,8.118310928344727,8.255030887440764,7.877873030743953,7.925017875232694,6028900,0.03860079013865181,VALE3.SA,1123,404,47.689998626708984,44.7400016784668,1.0
2015-10-02,8.401180267333984,8.453039693423012,7.953306430282373,8.052309808219709,7116900,0.03484337339207255,VALE3.SA,1122,403,48.130001068115234,45.540000915527344,1.0
2015-10-05,8.552042961120605,8.669904637648568,8.486040710013182,8.533185560467011,3574800,0.017957321350812405,VALE3.SA,1119,400,49.25,46.2599983215332,1.0
2015-10-06,8.632187843322754,8.745334930546868,8.48603963472658,8.651046140799998,4558400,0.009371431196791624,VALE3.SA,1118,399,51.91999816894531,48.529998779296875,1.0
2015-10-07,9.499650955200195,9.57036778132561,9.098921074871871,9.098921074871871,9670300,0.1004916861892029,VALE3.SA,1117,398,51.33000183105469,47.810001373291016,-1.0
2015-10-08,9.457221984863281,9.513795993099269,9.27807260734047,9.461936560484059,5880600,-0.0044663715053328,VALE3.SA,1116,397,53.04999923706055,49.43000030517578,-1.0
2015-10-09,9.801377296447754,9.820234696802673,9.523223672310264,9.67880104689452,12008500,0.036390740551010436,VALE3.SA,1115,396,52.650001525878906,49.630001068115234,-1.0
2015-10-13,8.759479522705078,9.428933862942525,8.74533579819391,9.414790138431357,8803000,-0.10630115974826149,VALE3.SA,1111,392,49.2400016784668,46.65999984741211,-1.0
2015-10-14,8.81605052947998,9.037630076341067,8.76890569632299,8.81605052947998,13342500,0.0064582612047059396,VALE3.SA,1110,391,49.150001525878906,46.63999938964844,-1.0
2015-10-15,8.943344116210938,8.9810598185236,8.688763350403791,8.891485587539323,5301300,0.014438844957308294,VALE3.SA,1109,390,48.709999084472656,46.380001068115234,-1.0
2015-10-16,8.858514785766602,9.070119086556529,8.752713094011051,9.070119086556529,5306400,-0.00948519137160031,VALE3.SA,1108,389,48.72999954223633,47.2599983215332,-1.0
2015-10-19,8.560342788696289,8.921031404803356,8.517060081381153,8.853703156659185,6646700,-0.03365936664116653,VALE3.SA,1105,386,48.61000061035156,45.88999938964844,-1.0
2015-10-20,8.468971252441406,8.642101210475357,8.343932388857603,8.608437077448722,4110400,-0.010673817452209522,VALE3.SA,1104,385,48.709999084472656,45.54999923706055,-1.0
2015-10-21,8.699809074401855,8.791183776247792,8.459350008591475,8.464159299981107,3708700,0.02725689048642166,VALE3.SA,1103,384,47.849998474121094,45.20000076293945,-1.0
2015-10-22,8.9017972946167,9.137447137024397,8.738285009308694,8.752712887640156,7244800,0.02321754632629469,VALE3.SA,1102,383,48.08000183105469,45.380001068115234,-1.0
2015-10-23,8.945079803466797,9.296149912492366,8.824850238681702,9.257676488452287,8380100,0.004862221348971074,VALE3.SA,1101,382,47.9900016784668,44.599998474121094,-1.0
2015-10-26,8.58919906616211,8.969123954819993,8.57477119041106,8.921031952928471,5048400,-0.03978508242785728,VALE3.SA,1098,379,47.540000915527344,43.97999954223633,-1.0
2015-10-27,8.190037727355957,8.613245363065083,8.151564305927854,8.565153356960275,7572600,-0.046472474992305446,VALE3.SA,1097,378,46.810001373291016,43.20000076293945,-1.0
2015-10-28,7.968813896179199,8.13713543841768,7.887057770936428,8.108280605178647,746800,-0.02701133237003739,VALE3.SA,1096,377,49.04999923706055,45.939998626708984,-1.0
2015-10-29,7.762020587921143,7.935151458731782,7.762020587921143,7.795684720072366,5896100,-0.025950324722379015,VALE3.SA,1095,376,48.79999923706055,46.060001373291016,-1.0
2015-10-30,8.204465866088867,8.204465866088867,7.838967851359808,7.843777144389265,6156500,0.05700130180744889,VALE3.SA,1094,375,49.560001373291016,46.59000015258789,-1.0
2015-11-03,8.536297798156738,8.536297798156738,8.098662322450432,8.295838705250915,8037500,0.04044528156786131,VALE3.SA,1090,371,50.540000915527344,47.900001525878906,-1.0
2015-11-04,8.367977142333984,8.824849834504116,8.209274160777397,8.738284405058934,7193100,-0.019718226777315495,VALE3.SA,1089,370,48.58000183105469,46.31999969482422,-1.0
2015-11-05,8.15156364440918,8.372785570348405,8.002478345855026,8.372785570348405,5915900,-0.02586210433462577,VALE3.SA,1088,369,47.97999954223633,45.20000076293945,-1.0
2015-11-06,7.535989761352539,7.867823643590514,7.497516334229212,7.771639617142769,10096900,-0.07551604942431345,VALE3.SA,1087,368,47.41999816894531,44.290000915527344,-1.0
2015-11-09,7.425378322601318,7.617745917070019,7.386904895435465,7.521562349155384,2982900,-0.014677758629460858,VALE3.SA,1084,365,47.189998626708984,43.869998931884766,-1.0
2015-11-10,7.396522045135498,7.420568047104259,7.276292493931032,7.382094627409978,4677100,-0.0038861693252703056,VALE3.SA,1083,364,47.439998626708984,44.209999084472656,-1.0
2015-11-11,7.3676652908325195,7.617742927921297,7.242626930927381,7.459039988476207,3983500,-0.0039013950241596485,VALE3.SA,1082,363,45.810001373291016,42.93000030517578,-1.0
2015-11-12,7.237819671630859,7.3676673591565764,7.213773667677393,7.285911220898416,5643200,-0.017623713086318604,VALE3.SA,1081,362,44.060001373291016,41.75,-1.0
2015-11-13,7.391714096069336,7.401332682060249,7.213774382992257,7.257057102672519,3792600,0.021262539192800967,VALE3.SA,1080,361,43.61000061035156,40.7400016784668,-1.0
2015-11-16,7.237819671630859,7.468660208849635,7.208964375158824,7.396522655628612,4946300,-0.020819856184685515,VALE3.SA,1077,358,43.58000183105469,41.7400016784668,-1.0
2015-11-17,6.9829325675964355,7.261865090238673,6.968504691203694,7.261865090238673,4607600,-0.03521600642158462,VALE3.SA,1076,357,43.56999969482422,40.66999816894531,-1.0
2015-11-18,7.016598224639893,7.184919358156718,6.901177940175879,6.949269496049498,6100200,0.004821134490067713,VALE3.SA,1075,356,44.13999938964844,40.75,-1.0
2015-11-19,7.040645122528076,7.213775571124853,6.973316385420691,7.1560654215925945,4043700,0.0034271447670666255,VALE3.SA,1074,355,44.18000030517578,40.540000915527344,-1.0
2015-11-23,6.853086471557617,6.963697471653353,6.761712187071552,6.896369196339245,5780800,-0.026639412682557206,VALE3.SA,1070,351,44.83000183105469,41.75,-1.0
2015-11-24,6.958888053894043,7.040644203047585,6.675146178436387,6.785757169267981,4629700,0.015438530182791954,VALE3.SA,1069,350,46.119998931884766,42.869998931884766,-1.0
2015-11-25,6.761711120605469,6.978124251741162,6.761711120605469,6.838657970907991,5048900,-0.028334545944914025,VALE3.SA,1068,349,46.16999816894531,43.040000915527344,-1.0
2015-11-26,6.824229717254639,6.862703598929752,6.776138167779662,6.814611590815395,3880800,0.00924597273294503,VALE3.SA,1067,348,46.16999816894531,43.040000915527344,-1.0
2015-11-27,6.396214008331299,6.771330184795755,6.396214008331299,6.771330184795755,5964400,-0.06272000308564185,VALE3.SA,1066,347,44.86000061035156,41.709999084472656,-1.0
2015-11-30,6.333693981170654,6.4394961344784925,6.05957069981429,6.271174547790541,13658200,-0.009774536480363194,VALE3.SA,1063,344,44.61000061035156,41.650001525878906,-1.0
2015-12-01,6.174990177154541,6.405830708550533,6.054760619059287,6.251937020953205,6932100,-0.025057068511349256,VALE3.SA,1062,343,44.439998626708984,41.849998474121094,-1.0
2015-12-02,6.223082065582275,6.266364782246225,5.891248668890973,6.174990514897412,9802500,0.007788172458258913,VALE3.SA,1061,342,42.4900016784668,39.939998626708984,-1.0
2015-12-03,6.189418315887451,6.348121314348199,6.126898883366638,6.179800188613167,7206800,-0.005409497952952758,VALE3.SA,1060,341,43.84000015258789,41.08000183105469,-1.0
2015-12-04,5.939340114593506,6.203844764858203,5.847965397276428,6.174989928913383,6375000,-0.040404152463249465,VALE3.SA,1059,340,43.0,39.970001220703125,-1.0
2015-12-07,5.872012615203857,5.987432900154633,5.799875051769484,5.939341344078198,3124200,-0.011335855177617926,VALE3.SA,1056,337,40.72999954223633,37.650001525878906,-1.0
2015-12-08,5.602697849273682,5.742164133888752,5.41033071830097,5.742164133888752,7863500,-0.045864132722205686,VALE3.SA,1055,336,40.2599983215332,37.5099983215332,1.0
2015-12-09,5.809493064880371,5.9730053613201575,5.670026775323983,5.74697363043931,7322900,0.03690993538648479,VALE3.SA,1054,335,40.11000061035156,37.15999984741211,-1.0
2015-12-10,6.093234539031982,6.098043831822362,5.795065265619515,5.819111270932008,9923400,0.04884100402268987,VALE3.SA,1053,334,39.72999954223633,36.7599983215332,-1.0
2015-12-11,5.872012615203857,5.973005479195646,5.727737029695667,5.862394028804904,8390700,-0.036306156017961166,VALE3.SA,1052,333,37.93000030517578,35.619998931884766,-1.0
2015-12-14,5.992241859436035,6.035524578540504,5.8575848678305675,5.8575848678305675,5694800,0.020474963545016767,VALE3.SA,1049,330,37.91999816894531,36.310001373291016,-1.0
2015-12-15,6.19422721862793,6.309647490484747,6.059570234794976,6.059570234794976,6886800,0.033707811521964226,VALE3.SA,1048,329,38.45000076293945,37.349998474121094,-1.0
2015-12-16,6.372166633605957,6.4779687740546645,6.112470804242308,6.112470804242308,4472100,0.028726652849109025,VALE3.SA,1047,328,37.189998626708984,35.52000045776367,-1.0
2015-12-17,6.1269001960754395,6.540490306189352,6.1269001960754395,6.492398283595799,5814700,-0.03849027365935709,VALE3.SA,1046,327,37.18000030517578,34.95000076293945,-1.0
2015-12-18,6.19903564453125,6.232699771122714,5.924911963900105,5.924911963900105,10987200,0.011773563490069083,VALE3.SA,1045,326,36.880001068115234,34.72999954223633,-1.0
2015-12-21,5.91048526763916,6.425067647807322,5.91048526763916,6.256746535676496,6942100,-0.04654762344311525,VALE3.SA,1042,323,36.349998474121094,34.7400016784668,-1.0
2015-12-22,6.035524368286133,6.073997793118858,5.886439503079772,5.9537682258567415,5677800,0.021155471164369777,VALE3.SA,1041,322,36.11000061035156,36.13999938964844,-1.0
2015-12-23,6.3577399253845215,6.526061051784675,6.213464346584803,6.309647912904808,7174800,0.05338650586707616,VALE3.SA,1040,321,37.36000061035156,37.5,-1.0
2015-12-28,6.078807353973389,6.333693919391178,6.040333927443889,6.251937773356135,3095800,-0.04387291312396091,VALE3.SA,1035,316,36.619998931884766,36.810001373291016,-1.0
2015-12-29,6.117280960083008,6.160563680859166,5.9152952355538915,6.064379653072399,2890100,0.006329137258227258,VALE3.SA,1034,315,37.790000915527344,37.869998931884766,-1.0
2015-12-30,6.266366004943848,6.319267317250546,6.073998847390802,6.194228435521326,5226600,0.024371129237591438,VALE3.SA,1033,314,36.459999084472656,36.599998474121094,-1.0
2016-01-04,6.1028523445129395,6.2423186176118985,6.001859494431668,6.006668786968723,4587900,-0.02609385731728786,VALE3.SA,1028,309,37.220001220703125,36.7599983215332,-1.0
2016-01-05,6.021096706390381,6.174990399529765,5.96819540539418,6.093234260389622,2693500,-0.01339629955099031,VALE3.SA,1027,308,36.41999816894531,35.970001220703125,-1.0
2016-01-06,5.5786519050598145,5.823919864943715,5.573842612467738,5.80949244580687,6758900,-0.07348242735596422,VALE3.SA,1026,307,34.22999954223633,33.970001220703125,-1.0
2016-01-07,5.2468180656433105,5.4680404803181055,5.23239064647565,5.4151396376104275,6450400,-0.059482800695187965,VALE3.SA,1025,306,33.75,33.27000045776367,-1.0
2016-01-08,5.068878173828125,5.410330138705325,5.068878173828125,5.323764709721441,4429400,-0.0339138673361582,VALE3.SA,1024,305,33.54999923706055,33.15999984741211,-1.0
2016-01-11,4.924602508544922,5.174680205418528,4.876510961281092,5.0496413569817244,5658100,-0.0284630366593015,VALE3.SA,1021,302,31.549999237060547,31.40999984741211,-1.0
2016-01-12,4.525441646575928,5.030406010987795,4.51101422434687,5.030406010987795,7581600,-0.08105443257123601,VALE3.SA,1020,301,30.860000610351562,30.440000534057617,1.0
2016-01-13,4.328263759613037,4.7370444092544455,4.232080212238391,4.621623693765539,9208300,-0.04357097104811436,VALE3.SA,1019,300,30.309999465942383,30.479999542236328,1.0
2016-01-14,4.640860080718994,4.679333496995102,4.299408167289065,4.400400999673672,11080500,0.0722221053214891,VALE3.SA,1018,299,31.030000686645508,31.200000762939453,-1.0
2016-01-15,4.506204128265381,4.573532851076984,4.32345513089623,4.410020566134091,13283400,-0.029015301067372712,VALE3.SA,1017,298,31.010000228881836,29.420000076293945,1.0
2016-01-18,4.275362491607666,4.6697152253524274,4.275362491607666,4.477348150023101,3477600,-0.05122751435287842,VALE3.SA,1014,295,31.010000228881836,29.420000076293945,1.0
2016-01-19,4.414830207824707,4.626434061237563,4.414830207824707,4.573533212544208,10965000,0.032621261118983336,VALE3.SA,1013,294,28.760000228881836,28.459999084472656,1.0
2016-01-20,4.429257392883301,4.477349404509942,4.188798252028918,4.313837115346656,10928000,0.003267891261825584,VALE3.SA,1012,293,27.8799991607666,26.549999237060547,1.0
2016-01-21,4.395593166351318,4.712999152139599,4.395593166351318,4.42925729858965,10638200,-0.007600422270801488,VALE3.SA,1011,292,29.25,29.530000686645508,1.0
2016-01-22,4.342690467834473,4.68895164047301,4.318644470258042,4.544676113653681,14684700,-0.012035394658864496,VALE3.SA,1010,291,32.18000030517578,32.189998626708984,1.0
2016-01-26,4.30421781539917,4.357119111138846,4.150324137551395,4.227270976475283,7220500,-0.00885917444963269,VALE3.SA,1006,287,31.799999237060547,31.450000762939453,1.0
2016-01-27,4.525441646575928,4.631243813081149,4.260936459632618,4.304219184959276,7978500,0.05139698794640157,VALE3.SA,1005,286,33.099998474121094,32.29999923706055,1.0
2016-01-28,4.48696756362915,4.765900132316966,4.419638838599899,4.525440989748889,8628400,-0.008501729986041928,VALE3.SA,1004,285,33.88999938964844,33.220001220703125,1.0
2016-01-29,4.674526214599609,4.72261777157829,4.347501609130995,4.4821586107665325,13958500,0.041800759267971666,VALE3.SA,1003,284,34.7400016784668,33.619998931884766,-1.0
2016-02-01,4.568722724914551,4.684142978417903,4.496585181134785,4.631242143555363,6691400,-0.022634056335936292,VALE3.SA,1000,281,34.689998626708984,31.6200008392334,1.0
2016-02-02,4.135897636413574,4.477349653782412,4.135897636413574,4.419639053161689,5860700,-0.0947365630530953,VALE3.SA,999,280,32.720001220703125,29.8799991607666,1.0
2016-02-03,4.333075046539307,4.414831214107184,4.183990135492136,4.208036148066137,6300800,0.047674634978808195,VALE3.SA,998,279,35.040000915527344,32.279998779296875,1.0
2016-02-04,4.9726948738098145,5.0977337312827995,4.501394741272944,4.607196886722345,14082200,0.14761337396668273,VALE3.SA,997,278,34.459999084472656,31.719999313354492,1.0
2016-02-05,4.919795036315918,5.189109543456433,4.871703471260506,4.948650342260788,9259100,-0.01063806222507424,VALE3.SA,996,277,34.060001373291016,30.889999389648438,1.0
2016-02-10,4.905365943908691,5.011168084861054,4.73704483551655,4.8091823878789866,4466400,-0.0029328645402332265,VALE3.SA,991,272,30.84000015258789,27.450000762939453,1.0
2016-02-11,4.746662139892578,4.83803684627836,4.621623309385346,4.785135555642604,6646600,-0.032353101854345034,VALE3.SA,990,271,30.059999465942383,26.209999084472656,1.0
2016-02-12,4.929412364959717,5.03521451487057,4.833228800785946,4.833228800785946,5711100,0.03850078638023202,VALE3.SA,989,270,33.36000061035156,29.440000534057617,1.0
2016-02-15,5.054451942443848,5.193918244877279,5.054451942443848,5.136208098212357,2218500,0.025366020983142556,VALE3.SA,986,267,33.36000061035156,29.440000534057617,1.0
2016-02-16,5.429568290710449,5.472851016689317,5.059261390321395,5.059261390321395,7412800,0.07421503904639581,VALE3.SA,985,266,32.18000030517578,29.040000915527344,1.0
2016-02-17,5.727736949920654,6.107662393238329,5.535369811015288,5.621934794202985,12741500,0.054915721332826406,VALE3.SA,984,265,34.5,30.65999984741211,1.0
2016-02-18,5.535368919372559,5.852774876758064,5.525750334656943,5.732545319649048,9470200,-0.03358534657405321,VALE3.SA,983,264,34.279998779296875,30.770000457763672,1.0
2016-02-19,5.689262866973877,5.8239198487007675,5.468040453388579,5.487277165063849,7540200,0.02780193151403587,VALE3.SA,982,263,33.0099983215332,29.639999389648438,1.0
2016-02-22,6.319267272949219,6.333694695004683,5.977815226706706,6.011479364382617,12431000,0.11073568240843845,VALE3.SA,979,260,34.689998626708984,31.479999542236328,-1.0
2016-02-23,5.953768253326416,6.463541364031732,5.924912955249038,6.2423189409031785,9977100,-0.05783882906605142,VALE3.SA,978,259,33.27000045776367,31.8700008392334,-1.0
2016-02-24,5.6315531730651855,5.746973452157627,5.525751021244072,5.6604084721580055,8510200,-0.054119520033586554,VALE3.SA,977,258,34.40999984741211,32.150001525878906,1.0
2016-02-25,5.299718856811523,5.58826950558425,5.246817560557017,5.37185640434487,7333900,-0.058924120230413934,VALE3.SA,976,257,35.290000915527344,33.06999969482422,1.0
2016-02-26,5.29010009765625,5.549795902286529,5.237199261789845,5.477658357137856,5763400,-0.001814956493948916,VALE3.SA,975,256,35.099998474121094,32.779998779296875,1.0
2016-02-29,5.679646015167236,5.780638888788585,5.381476229321741,5.400712945314404,12513200,0.07363677630288556,VALE3.SA,972,253,35.970001220703125,33.75,1.0
2016-03-01,6.160562515258789,6.232700063810748,5.8383472755999195,5.867202111564964,14126700,0.08467367487468191,VALE3.SA,971,252,35.959999084472656,34.400001525878906,1.0
2016-03-02,6.838656425476074,6.838656425476074,6.12689730374563,6.160561887124856,15826600,0.11007012891075263,VALE3.SA,970,251,36.93000030517578,34.65999984741211,1.0
2016-03-03,7.511942386627197,7.511942386627197,7.511942386627197,7.511942386627197,17302900,0.09845295906999052,VALE3.SA,969,250,37.06999969482422,34.56999969482422,1.0
2016-03-04,7.959197044372559,8.815231899794481,7.70912023976018,8.040953187403185,27180100,0.05953914909432312,VALE3.SA,968,249,38.720001220703125,35.91999816894531,-1.0
2016-03-07,8.454543113708496,8.945079967155047,8.021716856017518,8.536299255949588,20198100,0.06223568364677745,VALE3.SA,965,246,40.84000015258789,37.900001525878906,-1.0
2016-03-08,7.2281999588012695,8.218891589722576,7.2281999588012695,8.08423417204907,17884700,-0.14505138106384363,VALE3.SA,964,245,39.650001525878906,36.5,-1.0
2016-03-09,6.973313331604004,7.468658908809284,6.752090959290305,7.3724753683770885,11891900,-0.03526280798124681,VALE3.SA,963,244,41.06999969482422,38.290000915527344,1.0
2016-03-10,6.732855319976807,7.213773557118007,6.386594060816118,7.213773557118007,11073200,-0.03448260535453196,VALE3.SA,962,243,40.04999923706055,37.84000015258789,1.0
2016-03-11,6.6703362464904785,7.045452362858126,6.607816817322639,6.7665198072720045,11250900,-0.009285670122871958,VALE3.SA,961,242,40.38999938964844,38.5,1.0
2016-03-14,6.463541507720947,6.804993506257062,6.386594655989893,6.684763935767435,8840800,-0.031002146087962812,VALE3.SA,958,239,39.529998779296875,37.18000030517578,1.0
2016-03-15,6.482777118682861,6.497204994909481,6.160562346490403,6.247127310653441,9679900,0.002976017240538642,VALE3.SA,957,238,38.7400016784668,36.34000015258789,1.0
2016-03-16,7.127206802368164,7.15125280148176,6.449112287472639,6.5020135772504055,10150400,0.09940642287826096,VALE3.SA,956,237,40.33000183105469,38.459999084472656,1.0
2016-03-17,7.454232215881348,7.69950061176766,7.107970978079456,7.511942345741772,13735400,0.04588409212491529,VALE3.SA,955,236,41.540000915527344,40.20000076293945,1.0
2016-03-18,7.372475624084473,7.742782840891306,7.184917369756936,7.641790005274834,14160000,-0.010967808545418234,VALE3.SA,954,235,41.20000076293945,39.439998626708984,1.0
2016-03-21,7.2859110832214355,7.6369816335736,7.151254105721672,7.449423356647975,7946100,-0.011741583869093741,VALE3.SA,951,232,41.540000915527344,39.90999984741211,1.0
2016-03-22,7.420568943023682,7.502325084404661,7.1897279383481525,7.208964650517831,6234400,0.018481952121587986,VALE3.SA,950,231,41.790000915527344,41.45000076293945,1.0
2016-03-23,6.790565490722656,7.391713290453479,6.756901360702329,7.3532398679618565,8236700,-0.08489961580281691,VALE3.SA,949,230,40.470001220703125,39.790000915527344,1.0
2016-03-24,7.237819671630859,7.314766517370451,6.578961731686383,6.728046130646997,7902400,0.06586405528659522,VALE3.SA,948,229,40.439998626708984,39.459999084472656,1.0
2016-03-28,7.295529842376709,7.560034969907291,7.107971560970067,7.560034969907291,6665400,0.007973419256637193,VALE3.SA,944,225,40.27000045776367,39.38999938964844,1.0
2016-03-29,7.257054805755615,7.406139172312963,6.944457739581812,7.261864097228892,7942900,-0.005273782364319635,VALE3.SA,943,224,39.13999938964844,38.279998779296875,1.0
2016-03-30,7.4734697341918945,7.867823018851799,7.367667588684174,7.39652288605515,8534400,0.029821316529763386,VALE3.SA,942,223,39.2599983215332,38.31999969482422,1.0
2016-03-31,7.2859110832214355,7.483087945002443,7.14163597950566,7.309957086720521,8100,-0.025096596044586694,VALE3.SA,941,222,39.599998474121094,38.34000015258789,1.0
2016-04-01,7.459043025970459,7.656219457779494,7.045452989844739,7.160873731693449,6100,0.02376256596758708,VALE3.SA,940,221,39.65999984741211,36.790000915527344,1.0
2016-04-04,7.112781047821045,7.651409444042371,7.093544335764547,7.507133874298942,15600,-0.046421769782506894,VALE3.SA,937,218,37.689998626708984,35.70000076293945,1.0
2016-04-05,7.353240489959717,7.463851932959092,6.954078353865167,6.973315066738179,18700,0.03380667006646232,VALE3.SA,936,217,37.869998931884766,35.88999938964844,1.0
2016-04-06,7.247437953948975,7.449423657680583,7.170491106553959,7.2522472465710095,23400,-0.014388559187640815,VALE3.SA,935,216,39.84000015258789,37.75,1.0
2016-04-07,7.218583106994629,7.439805522314471,7.141636259690229,7.415759517871999,2300,-0.003981385854931463,VALE3.SA,934,215,39.43000030517578,37.2599983215332,1.0
2016-04-08,7.810112476348877,7.858204486075709,7.386904350126703,7.454233072016389,6364500,0.08194535694699856,VALE3.SA,933,214,41.939998626708984,39.720001220703125,1.0
2016-04-11,8.161182403564453,8.339122560349221,7.91110560973768,7.915913985050797,10700,0.04495068774985134,VALE3.SA,930,211,42.83000183105469,40.36000061035156,1.0
2016-04-12,9.012408256530762,9.185539127006484,8.358359116759189,8.416069712677364,16700,0.1043017801678503,VALE3.SA,929,210,44.689998626708984,42.16999816894531,1.0
2016-04-13,9.411568641662598,9.902105405713185,9.28172051283533,9.502943352757189,79700,0.04429009136848494,VALE3.SA,928,209,44.18000030517578,41.7599983215332,1.0
2016-04-14,8.752714157104492,9.63760397630851,8.666148709118174,9.57508407841664,8726900,-0.07000474731082829,VALE3.SA,927,208,43.84000015258789,41.5,1.0
2016-04-15,8.945079803466797,9.113401377621686,8.541108392406576,8.848895784727208,7265300,0.021977828009630995,VALE3.SA,926,207,43.099998474121094,40.36000061035156,1.0
2016-04-18,9.161494255065918,9.363479999958155,8.925844372238135,8.99317356538819,6645200,0.02419368595406457,VALE3.SA,923,204,42.90999984741211,39.779998779296875,1.0
2016-04-19,9.839590072631836,10.05600372061954,9.435619458519886,9.498138447227968,11000,0.07401585360280727,VALE3.SA,922,203,44.029998779296875,41.08000183105469,-1.0
2016-04-20,10.46478271484375,10.671577738448963,9.873253403562954,9.892489659307284,12475900,0.06353848459102429,VALE3.SA,921,202,45.79999923706055,42.630001068115234,-1.0
2016-04-22,9.296150207519531,9.89248875770584,9.228821942632328,9.623174780878207,15533400,-0.11167288792977748,VALE3.SA,919,200,45.11000061035156,43.72999954223633,-1.0
2016-04-25,8.685380935668945,9.233628212765948,8.666144687974908,9.233628212765948,13936900,-0.06570131271723023,VALE3.SA,916,197,44.47999954223633,42.63999938964844,1.0
2016-04-26,8.988360404968262,9.142254064913251,8.343930015989692,8.714237208531427,16017200,0.03488384350017926,VALE3.SA,915,196,45.7400016784668,44.040000915527344,-1.0
2016-04-27,9.353860855102539,9.440425374453339,8.743094423130298,8.997980522896595,15719400,0.040663751081036814,VALE3.SA,914,195,47.18000030517578,45.33000183105469,-1.0
2016-04-28,9.51737117767334,10.04157114750837,9.353858923861083,9.844394768019228,11636100,0.017480516880000962,VALE3.SA,913,194,48.13999938964844,46.029998779296875,-1.0
2016-04-29,9.469280242919922,10.06561874040064,9.469280242919922,9.743403488337481,12354900,-0.0050529640859477976,VALE3.SA,912,193,48.130001068115234,45.91999816894531,-1.0
2016-05-02,9.555845260620117,9.767448613117944,9.185538017830883,9.685692480518744,5896000,0.009141668160567828,VALE3.SA,909,190,48.099998474121094,44.779998779296875,-1.0
2016-05-03,8.9739351272583,9.329814548185594,8.877751103319536,9.204775683976735,7299400,-0.06089572586110026,VALE3.SA,908,189,46.75,43.650001525878906,-1.0
2016-05-04,8.367977142333984,8.738284405058934,8.271794045278359,8.464161156668352,11995700,-0.06752422168550343,VALE3.SA,907,188,44.619998931884766,43.779998779296875,-1.0
2016-05-05,8.012096405029297,8.574770684201926,7.838965575352,8.560342809302622,12092800,-0.04252888496841967,VALE3.SA,906,187,45.0099983215332,44.31999969482422,-1.0
2016-05-06,8.117899894714355,8.3824054903467,7.776448367484178,7.872632387219356,10340400,0.013205468873120907,VALE3.SA,905,186,45.369998931884766,44.65999984741211,-1.0
2016-05-09,7.324386119842529,7.85820577235986,7.237821130259844,7.742785480489967,12767400,-0.0977486523809552,VALE3.SA,902,183,43.630001068115234,43.439998626708984,1.0
2016-05-10,7.632172107696533,7.675454820943102,7.276292734441522,7.502324426596183,8016000,0.04202208660466167,VALE3.SA,901,182,45.52000045776367,44.65999984741211,-1.0
2016-05-11,7.665837287902832,7.91110618282331,7.492706869807659,7.80530357269491,6661200,0.004410956636099694,VALE3.SA,900,181,47.599998474121094,46.22999954223633,-1.0
2016-05-12,7.425378322601318,7.81492234595488,7.319576627214934,7.723547612456405,4689800,-0.03136760620799672,VALE3.SA,899,180,48.08000183105469,46.70000076293945,1.0
2016-05-13,7.059881687164307,7.636983628711587,7.021408254970455,7.4109518705930855,10433800,-0.04922262806792155,VALE3.SA,898,179,47.83000183105469,46.209999084472656,1.0
2016-05-16,7.180108547210693,7.531178597145916,7.021405585097605,7.021405585097605,5971900,0.01702958567492341,VALE3.SA,895,176,48.970001220703125,47.720001220703125,1.0
2016-05-17,7.276291847229004,7.569651760984507,7.0262141828032245,7.3003378470606055,8606900,0.013395800270411762,VALE3.SA,894,175,49.279998779296875,48.310001373291016,1.0
2016-05-18,7.074306011199951,7.362857084914853,7.064687428044453,7.127206842637325,6588600,-0.02775944674428832,VALE3.SA,893,174,48.93000030517578,48.189998626708984,1.0
2016-05-19,7.160873889923096,7.1753013109831905,6.766520558951793,6.896368724410983,8868800,0.012236942900984316,VALE3.SA,892,173,48.810001373291016,48.15999984741211,1.0
2016-05-20,6.795375347137451,7.401332489627535,6.7088099100276075,7.334003765359944,7022800,-0.051041052866463765,VALE3.SA,891,172,48.720001220703125,47.75,1.0
2016-05-23,6.944458484649658,7.059879199195342,6.569342423634338,6.569342423634338,6842100,0.021938911376692127,VALE3.SA,888,169,48.349998474121094,48.08000183105469,1.0
2016-05-24,6.742474555969238,7.11278139583503,6.708809964243683,7.026215958025622,6038100,-0.02908562692496386,VALE3.SA,887,168,48.61000061035156,48.619998931884766,1.0
2016-05-25,7.0310235023498535,7.0791155022035674,6.728045004005782,6.780946295572727,11072700,0.04279570415659295,VALE3.SA,886,167,49.7400016784668,49.560001373291016,1.0
2016-05-27,6.872322082519531,7.170491355861834,6.872322082519531,7.069498500484651,4070600,-0.02257159569688283,VALE3.SA,884,165,49.31999969482422,49.33000183105469,1.0
2016-05-30,6.867514133453369,6.95888887977018,6.7905672683273135,6.920415447207152,1115600,-0.0006996105549813558,VALE3.SA,881,162,49.31999969482422,49.33000183105469,1.0
2016-05-31,6.838656425476074,7.18010834051015,6.7039990092377755,6.766518425639992,10875200,-0.00420206022390579,VALE3.SA,880,161,49.689998626708984,49.099998474121094,1.0
2016-06-01,6.93964958190918,6.973313708218756,6.6366710692050255,6.776137325023828,4914500,0.014767982210200703,VALE3.SA,879,160,49.709999084472656,49.0099983215332,1.0
2016-06-02,7.189727306365967,7.189727306365967,6.833847933189283,6.9107947751043115,4866100,0.03603607379668117,VALE3.SA,878,159,50.040000915527344,49.16999816894531,1.0
2016-06-03,7.810112476348877,7.848585900674585,7.26667478444902,7.338812799039267,7089500,0.08628771906739852,VALE3.SA,877,158,49.63999938964844,48.619998931884766,1.0
2016-06-06,8.122709274291992,8.141946445356265,7.814921875494059,7.988052745957297,6323500,0.040024621782303704,VALE3.SA,874,155,50.54999923706055,49.689998626708984,-1.0
2016-06-07,7.968813896179199,8.343930397401076,7.925531187681344,8.098662021672766,5573700,-0.018946311251082815,VALE3.SA,873,154,51.439998626708984,50.36000061035156,-1.0
2016-06-08,8.17561149597168,8.25255835431616,7.973625763497694,8.069809795067746,6021300,0.025950863263557222,VALE3.SA,872,153,52.5099983215332,51.22999954223633,-1.0
2016-06-09,7.550415992736816,8.079425761687672,7.449423147783753,8.079425761687672,11424100,-0.07647079408591173,VALE3.SA,871,152,51.95000076293945,50.560001373291016,1.0
2016-06-10,7.189727306365967,7.36766699295431,7.1272078826501675,7.28110202511958,5954000,-0.04777070385496862,VALE3.SA,870,151,50.540000915527344,49.06999969482422,1.0
2016-06-13,7.309957981109619,7.449424268101073,6.973315266851566,7.050262120551758,6397100,0.01672256396111127,VALE3.SA,867,148,50.349998474121094,48.880001068115234,1.0
2016-06-14,7.035833835601807,7.401331804405909,6.93484098787013,7.266674368337427,7431600,-0.0375000986621542,VALE3.SA,866,147,49.83000183105469,48.4900016784668,1.0
2016-06-15,7.213772296905518,7.459040665073735,7.098352050228459,7.117588758007969,9546200,0.025290316039490612,VALE3.SA,865,146,48.970001220703125,48.0099983215332,1.0
2016-06-16,7.324386119842529,7.406142274576904,7.040644683655574,7.112782251414391,6324700,0.015333700369841496,VALE3.SA,864,145,47.189998626708984,46.209999084472656,1.0
2016-06-17,7.34843111038208,7.661028264179645,7.252247547151831,7.521561982835934,8597900,0.003282867689677227,VALE3.SA,863,144,49.16999816894531,47.97999954223633,1.0
2016-06-20,7.487896919250488,7.694691911126617,7.459042081421815,7.584080935051074,4172800,0.01897899113068724,VALE3.SA,860,141,50.650001525878906,49.369998931884766,1.0
2016-06-21,7.502325534820557,7.535989668478732,7.26667522329506,7.511943662163139,3924400,0.0019269249731488358,VALE3.SA,859,140,50.619998931884766,48.849998474121094,1.0
2016-06-22,7.622554302215576,7.810112122649552,7.59850829844114,7.603317590923902,4874600,0.016025533261253777,VALE3.SA,858,139,49.880001068115234,49.130001068115234,1.0
2016-06-23,7.978434085845947,8.002479632172717,7.67064623128569,7.819731095164404,4105600,0.04668773347104005,VALE3.SA,857,138,50.90999984741211,50.11000061035156,-1.0
2016-06-24,7.314767360687256,7.61293665162369,7.261866512802212,7.444615063183066,8477600,-0.08318257919007721,VALE3.SA,856,137,48.40999984741211,47.63999938964844,1.0
2016-06-27,7.117591857910156,7.4301886101312835,7.026217112181864,7.362860332899374,5222600,-0.026955813227472758,VALE3.SA,853,134,47.15999984741211,46.33000183105469,1.0
2016-06-28,7.434996604919434,7.545607588841856,7.2955303224819295,7.309957742419765,5310600,0.04459440121682845,VALE3.SA,852,133,48.58000183105469,47.849998474121094,1.0
2016-06-29,7.5552263259887695,7.713929783043481,7.526371026895344,7.636982471674153,4887400,0.01617078358714852,VALE3.SA,851,132,50.61000061035156,49.880001068115234,1.0
2016-06-30,7.824541091918945,7.858205226716958,7.560035930770368,7.641792079827918,6942100,0.03564615463652965,VALE3.SA,850,131,49.68000030517578,48.33000183105469,1.0
2016-07-01,7.992863655090332,8.089046778026038,7.675457147932928,7.843778301029656,5214800,0.021512132301947595,VALE3.SA,849,130,49.84000015258789,48.9900016784668,1.0
2016-07-04,8.161182403564453,8.247747835660892,8.108282019611227,8.108282019611227,1574800,0.02105862876403819,VALE3.SA,846,127,49.84000015258789,48.9900016784668,1.0
2016-07-05,7.723548889160156,8.190040302595953,7.665838738871878,7.988054547267229,5508200,-0.0536237879223429,VALE3.SA,845,126,47.959999084472656,46.599998474121094,1.0
2016-07-06,7.834158897399902,7.853395150819122,7.459042324297848,7.617745313441258,4120100,0.014321137837941977,VALE3.SA,844,125,48.79999923706055,47.43000030517578,1.0
2016-07-07,7.704310894012451,8.050571717673678,7.564844155627426,7.863013886183698,5600700,-0.01657459404232231,VALE3.SA,843,124,46.400001525878906,45.13999938964844,1.0
2016-07-08,7.786064624786377,8.007286519838967,7.75240050312868,7.819728746444074,3908100,0.01061142675816229,VALE3.SA,842,123,46.7599983215332,45.40999984741211,1.0
2016-07-11,8.108282089233398,8.151564805653267,7.920723345654372,7.959196769441059,4776700,0.0413838672005451,VALE3.SA,839,120,46.25,44.7599983215332,1.0
2016-07-12,8.507444381713867,8.61805536273832,8.35355068337049,8.387214815223253,9447800,0.04922895973371433,VALE3.SA,838,119,48.470001220703125,46.79999923706055,1.0
2016-07-13,8.569962501525879,8.618054506801432,8.20927383787729,8.536298373016605,6517900,0.007348636912207107,VALE3.SA,837,118,46.2599983215332,44.75,1.0
2016-07-14,8.3439302444458,8.704618863796957,8.199654246338183,8.704618863796957,8955700,-0.026374941201881885,VALE3.SA,836,117,47.369998931884766,45.68000030517578,1.0
2016-07-15,8.339123725891113,8.497826734489918,8.238130401903383,8.348742312419258,3807500,-0.0005760497048602486,VALE3.SA,835,116,47.61000061035156,45.95000076293945,1.0
2016-07-18,8.454543113708496,8.464161699214225,8.190038433252564,8.34393213222902,4348900,0.013840709361228276,VALE3.SA,832,113,46.959999084472656,45.2400016784668,1.0
2016-07-19,8.098665237426758,8.33431512321918,7.939962215677616,8.291032397534963,8234700,-0.04209309379529991,VALE3.SA,831,112,46.65999984741211,44.650001525878906,1.0
2016-07-20,7.9399614334106445,8.190039175552448,7.887060125613256,8.093855146335175,7484000,-0.0195962914089457,VALE3.SA,830,111,47.16999816894531,44.939998626708984,1.0
2016-07-21,8.367977142333984,8.435306319279539,8.098663186387995,8.122708731332215,7561000,0.05390652240731142,VALE3.SA,829,110,46.20000076293945,44.75,1.0
2016-07-22,8.247749328613281,8.34874265676652,8.055382176510607,8.310269226345985,4497700,-0.014367607807204141,VALE3.SA,828,109,45.689998626708984,44.189998626708984,1.0
2016-07-25,8.377596855163574,8.39202473443989,8.14675629041574,8.339123427705601,5166800,0.015743389060070445,VALE3.SA,825,106,44.720001220703125,43.130001068115234,1.0
2016-07-26,8.858514785766602,8.945080223238792,8.363168625386196,8.392024382729478,9248000,0.057405236718524044,VALE3.SA,824,105,44.869998931884766,42.91999816894531,-1.0
2016-07-27,9.09897232055664,9.180728450707466,8.9450786443383,8.9450786443383,5254600,0.027144226837708008,VALE3.SA,823,104,43.470001220703125,41.91999816894531,-1.0
2016-07-28,9.156684875488281,9.233631730132815,8.839277953480996,9.1663025443597,9018200,0.006342755302294334,VALE3.SA,822,103,42.70000076293945,41.13999938964844,-1.0
2016-07-29,8.89698600769043,9.089353089265854,8.709428217814216,9.089353089265854,7598200,-0.02836166924265837,VALE3.SA,821,102,42.459999084472656,41.599998474121094,-1.0
2016-08-01,8.60843563079834,9.175919255821018,8.60843563079834,9.041261829064878,6649500,-0.032432373912094636,VALE3.SA,818,99,42.45000076293945,40.060001373291016,1.0
2016-08-02,8.651719093322754,8.887368922641418,8.488206817096945,8.661337678342802,4162600,0.005028028829019648,VALE3.SA,817,98,41.79999923706055,39.5099983215332,1.0
2016-08-03,9.050883293151855,9.098975312101361,8.488208781184273,8.613247663541399,7536800,0.04613698104659569,VALE3.SA,816,97,43.099998474121094,40.83000183105469,-1.0
2016-08-04,9.022026062011719,9.180729040466606,8.83446824673196,8.935460634258376,6891900,-0.003188333138929189,VALE3.SA,815,96,44.290000915527344,41.93000030517578,-1.0
2016-08-05,9.123021125793457,9.243250717991849,9.007600827356482,9.190350321174272,4237300,0.011194277547810438,VALE3.SA,814,95,44.27000045776367,41.79999923706055,-1.0
2016-08-08,9.127829551696777,9.320196697468472,9.022027850842072,9.16149368754696,3472700,0.0005270650848023806,VALE3.SA,811,92,45.38999938964844,43.02000045776367,-1.0
2016-08-09,9.132638931274414,9.325006078863346,9.094165501756628,9.161493774093024,5247300,0.0005268919133949446,VALE3.SA,810,91,44.97999954223633,42.77000045776367,-1.0
2016-08-10,8.699809074401855,9.243246159530758,8.699809074401855,9.2288192026404,9298300,-0.047393733632712376,VALE3.SA,809,90,44.04999923706055,41.709999084472656,-1.0
2016-08-11,8.853703498840332,8.86813137426252,8.608435120334875,8.728664663683906,6125800,0.01768940250554385,VALE3.SA,808,89,46.040000915527344,43.4900016784668,-1.0
2016-08-12,8.63729190826416,8.839277623485065,8.545918095084314,8.820041369181508,5917100,-0.024443058275502194,VALE3.SA,807,88,46.970001220703125,44.4900016784668,1.0
2016-08-15,8.863323211669922,8.892178048911871,8.661337516418804,8.695001646080867,3698900,0.026169232880678184,VALE3.SA,804,85,48.349998474121094,45.7400016784668,-1.0
2016-08-16,9.127829551696777,9.25767771907226,8.921034526012615,8.935462405925083,5071900,0.029842795271032507,VALE3.SA,803,84,49.22999954223633,46.58000183105469,-1.0
2016-08-17,9.195158004760742,9.224012844997432,8.858514838643632,9.041263383181116,5349400,0.007376173347961812,VALE3.SA,802,83,49.849998474121094,46.790000915527344,-1.0
2016-08-18,9.09897232055664,9.300957999912878,8.97874277135123,9.204773993637083,4063100,-0.0104604710603452,VALE3.SA,801,82,50.88999938964844,48.220001220703125,-1.0
2016-08-19,9.175919532775879,9.276912835210913,8.983552429659984,9.08935410705405,4214100,0.008456692636090057,VALE3.SA,800,81,50.880001068115234,48.52000045776367,-1.0
2016-08-22,8.839276313781738,9.108591172358155,8.79118522650902,9.108591172358155,4821900,-0.036687682121848364,VALE3.SA,797,78,49.15999984741211,47.04999923706055,-1.0
2016-08-23,9.017217636108398,9.233631226286525,8.993172089323634,9.017217636108398,5839200,0.020130756864023214,VALE3.SA,796,77,49.959999084472656,48.099998474121094,-1.0
2016-08-24,8.728666305541992,9.04126299359304,8.6661473348433,8.94507989118899,6932000,-0.0320000406124098,VALE3.SA,795,76,49.04999923706055,46.77000045776367,-1.0
2016-08-25,8.743094444274902,8.916225317952843,8.699811725855417,8.752713029985637,7041200,0.0016529602837205282,VALE3.SA,794,75,49.66999816894531,47.33000183105469,-1.0
2016-08-26,8.51706314086914,8.945081076150991,8.440116281841172,8.805614320863478,5974500,-0.02585255195930891,VALE3.SA,793,74,49.91999816894531,47.63999938964844,1.0
2016-08-29,8.704622268676758,8.800805387759342,8.536300663683546,8.584392681864314,4522200,0.022021573012370288,VALE3.SA,790,71,49.2599983215332,46.97999954223633,-1.0
2016-08-30,8.488208770751953,8.747905122392723,8.468972513563173,8.709431690736197,3496100,-0.02486190569159563,VALE3.SA,789,70,48.369998931884766,46.349998474121094,1.0
2016-08-31,8.146757125854492,8.512255182825987,8.09866510728054,8.488208714899532,9412000,-0.04022658420867431,VALE3.SA,788,69,47.040000915527344,44.70000076293945,1.0
2016-09-01,8.387213706970215,8.430496418569934,8.185228025264417,8.199654984278538,5304600,0.02951561920909751,VALE3.SA,787,68,47.04999923706055,43.15999984741211,1.0
2016-09-02,8.771946907043457,8.83446677994233,8.488205126418904,8.51225158417946,6874100,0.04587139585503919,VALE3.SA,786,67,46.83000183105469,44.439998626708984,-1.0
2016-09-05,8.60843563079834,8.84408543966258,8.584390087614128,8.84408543966258,2510200,-0.01864024919186702,VALE3.SA,783,64,46.83000183105469,44.439998626708984,1.0
2016-09-06,8.786377906799316,8.810423455833712,8.50744531851738,8.651720447281559,5138000,0.020670686711573127,VALE3.SA,782,63,47.2599983215332,44.83000183105469,-1.0
2016-09-08,8.555537223815918,8.73828577905179,8.493017329484436,8.661338922396803,8065300,-0.026272564807935606,VALE3.SA,780,61,49.9900016784668,47.619998931884766,1.0
2016-09-09,8.108282089233398,8.517061872987396,8.108282089233398,8.493016327100259,5791800,-0.05227668618371528,VALE3.SA,779,60,48.0099983215332,45.880001068115234,1.0
2016-09-12,8.411262512207031,8.440117358704342,7.973626851668526,8.098665742862247,7225300,0.03736678369588864,VALE3.SA,776,57,48.31999969482422,46.290000915527344,1.0
2016-09-13,7.824541091918945,8.2429395062355,7.771639784505567,8.21408466459133,8066000,-0.06975426333877865,VALE3.SA,775,56,47.099998474121094,44.900001525878906,1.0
2016-09-14,8.00247859954834,8.10828119120267,7.867822089848176,7.935150344698258,3641700,0.022740951263348297,VALE3.SA,774,55,45.849998474121094,43.58000183105469,1.0
2016-09-15,8.00247859954834,8.17560944605275,7.911104801474279,8.069807771677098,2252200,0.0,VALE3.SA,773,54,46.59000015258789,43.90999984741211,1.0
2016-09-16,7.891867637634277,7.983242353039836,7.800492922228719,7.973623768833214,5283500,-0.013822087811681927,VALE3.SA,772,53,45.77000045776367,43.029998779296875,1.0
2016-09-19,8.012096405029297,8.137135235654169,7.930340281823749,8.055379112448621,3279600,0.015234513921860371,VALE3.SA,769,50,45.95000076293945,43.29999923706055,1.0
2016-09-20,8.031336784362793,8.079427885374667,7.877442142376353,8.040954454197795,3364300,0.0024014163535799327,VALE3.SA,768,49,45.880001068115234,43.439998626708984,1.0
2016-09-21,8.488208770751953,8.488208770751953,8.223704042773214,8.276604438001582,7617300,0.056886169594917435,VALE3.SA,767,48,46.83000183105469,45.34000015258789,1.0
2016-09-22,8.440115928649902,8.637292361317746,8.32950493808577,8.589201264396907,5386000,-0.005665841098037694,VALE3.SA,766,47,47.650001525878906,46.31999969482422,1.0
2016-09-23,8.488208770751953,8.579583514915813,8.32469645689198,8.40164332020503,4769800,0.005698125773225371,VALE3.SA,765,46,45.88999938964844,44.47999954223633,1.0
2016-09-26,8.387213706970215,8.502633965476575,8.358357954384617,8.363167246482217,2331200,-0.011898277541162683,VALE3.SA,762,43,47.349998474121094,45.93000030517578,1.0
2016-09-27,8.464159965515137,8.478586923539881,8.22370088079754,8.343930423156339,3173900,0.009174233688713063,VALE3.SA,761,42,45.970001220703125,44.66999816894531,1.0
2016-09-28,8.747903823852539,8.762330785282842,8.48820751076113,8.502635389470262,4951800,0.033522979184400725,VALE3.SA,760,41,48.689998626708984,47.04999923706055,1.0
2016-09-29,8.651719093322754,8.858514084860026,8.59400941775997,8.757520776707025,4395100,-0.010995174668875785,VALE3.SA,759,40,49.2400016784668,47.83000183105469,1.0
2016-09-30,8.565155029296875,8.695003195948946,8.493017464694248,8.666148353563674,4534600,-0.010005417777917414,VALE3.SA,758,39,49.060001373291016,48.2400016784668,1.0
2016-10-03,8.704622268676758,8.786378424400379,8.536300663683546,8.584392681864314,3689100,0.016283095741155718,VALE3.SA,755,36,49.099998474121094,48.810001373291016,1.0
2016-10-04,8.488208770751953,8.800805517621091,8.444926045478493,8.75271441600966,5321900,-0.02486190569159563,VALE3.SA,754,35,50.869998931884766,48.689998626708984,1.0
2016-10-05,8.58919906616211,8.661336610360072,8.517060604685504,8.5988167327175,3221600,0.011897715776989504,VALE3.SA,753,34,51.86000061035156,49.83000183105469,1.0
2016-10-06,8.560342788696289,8.63248124574057,8.512251707038214,8.579579955182387,4178300,-0.0033596004986660155,VALE3.SA,752,33,52.5099983215332,50.439998626708984,1.0
2016-10-07,8.656527519226074,8.79118494418991,8.521870094262239,8.642099643140378,10040900,0.011236083986822853,VALE3.SA,751,32,51.93000030517578,49.810001373291016,1.0
2016-10-10,9.161494255065918,9.180731429474209,8.733477214550042,8.771950646087662,8879800,0.05833363721403484,VALE3.SA,748,29,51.93000030517578,49.810001373291016,1.0
2016-10-11,8.945079803466797,9.185538933036986,8.848895784727208,9.07973632896768,9733500,-0.023622178388580384,VALE3.SA,747,28,52.40999984741211,50.790000915527344,1.0
2016-10-13,8.536297798156738,8.776756891062563,8.512252255777614,8.776756891062563,18453000,-0.045699089811544136,VALE3.SA,745,26,52.029998779296875,50.439998626708984,1.0
2016-10-14,8.666150093078613,8.815234545486241,8.64210362186507,8.704623529741198,6890600,0.015211781265399793,VALE3.SA,744,25,51.95000076293945,50.349998474121094,1.0
2016-10-17,8.771946907043457,8.872940195080647,8.646908078524284,8.699809368318935,5163600,0.012208052344874654,VALE3.SA,741,22,51.52000045776367,49.939998626708984,1.0
2016-10-18,9.026835441589355,9.079735823399682,8.820040454908922,8.896987298704609,9581100,0.02905723635208446,VALE3.SA,740,21,51.68000030517578,50.290000915527344,1.0
2016-10-19,8.954696655273438,9.098971738174093,8.901795363479847,9.022024904989928,4573100,-0.007991592046040052,VALE3.SA,739,20,52.66999816894531,51.599998474121094,1.0
2016-10-20,9.185538291931152,9.219202420956782,8.969124723511081,8.978743308169467,9474800,0.02577883378347301,VALE3.SA,738,19,51.380001068115234,50.43000030517578,1.0
2016-10-21,9.575080871582031,9.714547583801423,9.079734816936146,9.209582945427586,16069400,0.042408247319927206,VALE3.SA,737,18,51.779998779296875,50.849998474121094,1.0
2016-10-24,9.762639999389648,9.91172531567042,9.627983477947348,9.762639999389648,7251300,0.019588255214039618,VALE3.SA,734,15,51.459999084472656,50.52000045776367,1.0
2016-10-25,10.267606735229492,10.267606735229492,9.916536567423519,10.017528978458552,11607500,0.05172440404146972,VALE3.SA,733,14,50.790000915527344,49.959999084472656,1.0
2016-10-26,10.469588279724121,10.512870986333875,10.012715673189431,10.147373084561837,10290600,0.019671725817234975,VALE3.SA,732,13,49.97999954223633,49.18000030517578,1.0
2016-10-27,10.5802001953125,10.729284577590244,10.41668793709356,10.628292197837833,10148800,0.010565068332495375,VALE3.SA,731,12,50.470001220703125,49.720001220703125,1.0
2016-10-28,10.647530555725098,10.806233553372422,10.498446143942175,10.508064729806579,9967500,0.006363807789046216,VALE3.SA,730,11,49.709999084472656,48.70000076293945,1.0
2016-10-31,10.618672370910645,10.743711195928658,10.416686717770556,10.652336493554236,6545600,-0.002710317163535758,VALE3.SA,727,8,48.29999923706055,46.86000061035156,1.0
2016-11-01,10.724475860595703,10.892797419819493,10.373405782712087,10.758140906263423,7503800,0.009963909421944583,VALE3.SA,726,7,48.33000183105469,46.66999816894531,1.0
2016-11-03,10.560964584350586,10.897607734379182,10.522491160114072,10.604247301276514,8953400,-0.015246551754188431,VALE3.SA,724,5,46.349998474121094,44.65999984741211,1.0
2016-11-04,10.392645835876465,10.637914304422734,10.310889679694375,10.488828955498422,7433500,-0.015937819612002024,VALE3.SA,723,4,45.58000183105469,44.06999969482422,1.0
2016-11-07,11.123636245727539,11.162109660482415,10.676383143181566,10.767756929925294,5148700,0.07033727708949922,VALE3.SA,720,1,46.150001525878906,44.88999938964844,1.0
2016-11-08,11.527609825134277,11.686312806852264,11.051500879980313,11.065928757328765,4850600,0.036316683724883614,VALE3.SA,719,0,46.040000915527344,44.97999954223633,1.0
2016-11-09,12.022956848144531,12.450973818409256,11.215014001184608,11.3496714481042,13530400,0.04297048829066208,VALE3.SA,718,1455,46.36000061035156,45.27000045776367,1.0
2016-11-10,12.922270774841309,13.181966092440344,12.407687596540743,12.484634425257386,10367700,0.074799730054389,VALE3.SA,717,1454,45.84000015258789,44.65999984741211,1.0
2016-11-11,12.494256019592285,13.470520405496654,12.407690587102005,13.316626710971168,15173900,-0.033122255577737625,VALE3.SA,716,1453,45.84000015258789,44.65999984741211,1.0
2016-11-14,12.72509765625,12.859755109185137,12.292271373836932,12.417310240716947,7093100,0.018475820912884355,VALE3.SA,713,1450,44.43000030517578,43.31999969482422,1.0
2016-11-16,12.095096588134766,12.176852746144828,11.623796814796282,12.066241743330915,7501900,-0.04950854485629863,VALE3.SA,711,1448,46.630001068115234,45.56999969482422,1.0
2016-11-17,11.897918701171875,12.311508735108186,11.897918701171875,12.258607428271066,8337800,-0.016302299491871897,VALE3.SA,710,1447,46.4900016784668,45.41999816894531,1.0
2016-11-18,11.816161155700684,11.960437179846513,11.407380463205635,11.830589033298894,6893800,-0.006871583805925563,VALE3.SA,709,1446,46.86000061035156,45.689998626708984,1.0
2016-11-21,12.422119140625,12.45578327347371,11.854635423235802,11.902727434710599,6291900,0.0512821361303093,VALE3.SA,706,1443,48.900001525878906,47.4900016784668,1.0
2016-11-22,13.355101585388184,13.408001975328737,12.936702255326715,13.018458404084525,7431700,0.07510654455985533,VALE3.SA,705,1442,49.119998931884766,48.029998779296875,1.0
2016-11-23,13.547466278076172,13.643650288873951,13.148304192639184,13.345480589223797,6486000,0.014403835976691814,VALE3.SA,704,1441,48.95000076293945,47.959999084472656,1.0
2016-11-24,13.268533706665039,13.720597088377515,13.268533706665039,13.605176826142593,2690500,-0.020589279625115475,VALE3.SA,703,1440,48.95000076293945,47.959999084472656,1.0
2016-11-25,13.898537635803223,13.898537635803223,13.230061542869807,13.23968012828956,6218900,0.04748105126504831,VALE3.SA,702,1439,47.2400016784668,46.060001373291016,-1.0
2016-11-28,14.913274765014648,14.913274765014648,13.749452584984006,13.94662899043195,8817900,0.07301035229759845,VALE3.SA,699,1436,48.2400016784668,47.08000183105469,-1.0
2016-11-29,14.033196449279785,14.64396292385421,13.879302736661101,14.634344337495822,9459400,-0.05901308261277771,VALE3.SA,698,1435,46.380001068115234,45.22999954223633,-1.0
2016-11-30,13.494565963745117,14.211134052840192,13.427237701647751,13.937010794553748,14907900,-0.03838259426364066,VALE3.SA,697,1434,50.470001220703125,49.439998626708984,1.0
2016-12-01,13.691741943359375,14.547776739578035,13.422427986175483,13.98029307041006,11799200,0.01461150956199675,VALE3.SA,696,1433,50.459999084472656,51.060001373291016,-1.0
2016-12-02,14.265604972839355,14.265604972839355,13.27876807146497,13.45291521719686,9537100,0.04191307664532129,VALE3.SA,695,1432,54.459999084472656,51.68000030517578,-1.0
2016-12-05,14.318819046020508,14.584877811203816,14.130158305228413,14.401055542604695,4397400,0.0037302359964732634,VALE3.SA,692,1429,54.939998626708984,51.790000915527344,-1.0
2016-12-06,14.512314796447754,14.512314796447754,14.091457261376794,14.183368846768039,4878800,0.013513387508100605,VALE3.SA,691,1428,53.93000030517578,50.93000030517578,-1.0
2016-12-07,15.010566711425781,15.228250813663598,14.720320319107513,14.93800442134533,6300800,0.03433304210710664,VALE3.SA,690,1427,53.0,49.77000045776367,-1.0
2016-12-08,14.575200080871582,15.310490867861377,14.512313793739327,15.14118035573414,5145300,-0.02900401023652266,VALE3.SA,689,1426,53.88999938964844,50.84000015258789,-1.0
2016-12-09,14.323655128479004,14.705812275109942,14.251092815708096,14.647763532094979,5973500,-0.017258421908231902,VALE3.SA,688,1425,54.33000183105469,51.5,-1.0
2016-12-12,14.265604972839355,14.536501250497485,14.120482197618097,14.410728670728716,3642800,-0.004052747369226339,VALE3.SA,685,1422,55.689998626708984,52.83000183105469,-1.0
2016-12-13,13.704463005065918,14.27528088617421,13.573851946303549,14.004384593038601,6229000,-0.03933530816546582,VALE3.SA,684,1421,55.720001220703125,52.97999954223633,-1.0
2016-12-14,13.48677921295166,13.86893732796123,13.302956941192841,13.617390284360114,7732900,-0.01588415336184934,VALE3.SA,683,1420,53.900001525878906,51.040000915527344,-1.0
2016-12-15,13.656089782714844,13.84958715403178,13.225558016201125,13.448079762548542,5288200,0.012553817860426753,VALE3.SA,682,1419,54.02000045776367,50.900001525878906,-1.0
2016-12-16,13.423891067504883,13.830235952010373,13.423891067504883,13.680275625459194,6343900,-0.0170033090661037,VALE3.SA,681,1418,55.209999084472656,51.900001525878906,1.0
2016-12-19,12.601527214050293,13.515803739049776,12.572502840728017,13.399705323092485,6369800,-0.06126121325919276,VALE3.SA,678,1415,54.91999816894531,52.119998931884766,1.0
2016-12-20,12.857912063598633,12.886936437532585,12.538641182320534,12.678926425224809,4565700,0.020345537901348854,VALE3.SA,677,1414,55.349998474121094,52.22999954223633,1.0
2016-12-21,12.80953598022461,13.032058614572668,12.683762477796247,12.920796836064588,3690600,-0.0037623591711268833,VALE3.SA,676,1413,54.459999084472656,52.4900016784668,1.0
2016-12-22,12.27741813659668,12.591852367744233,12.19518164767116,12.528965152447464,3926800,-0.041540758732354854,VALE3.SA,675,1412,55.04999923706055,52.95000076293945,1.0
2016-12-23,12.185507774353027,12.4418914229674,12.180670225158847,12.31611791192322,4234100,-0.00748613114101615,VALE3.SA,674,1411,55.15999984741211,53.02000045776367,1.0
2016-12-26,12.572502136230469,12.611201606047716,12.16131969275463,12.253231279571144,854600,0.031758574943586027,VALE3.SA,671,1408,55.15999984741211,53.02000045776367,1.0
2016-12-27,12.509613990783691,12.765997594345421,12.495101345751365,12.688598666175691,1967300,-0.005002038954962762,VALE3.SA,670,1407,56.09000015258789,53.900001525878906,1.0
2016-12-28,12.906285285949707,13.022383692215945,12.678925099677055,12.678925099677055,6264000,0.03170931536802479,VALE3.SA,669,1406,56.220001220703125,54.060001373291016,1.0
2016-12-29,12.422542572021484,12.988522929665816,12.33546852889648,12.906286435899778,4778000,-0.037481173181166505,VALE3.SA,668,1405,56.13999938964844,53.77000045776367,1.0
2017-01-02,12.122621536254883,12.330631555058131,12.117783986670128,12.229045781783004,1118500,-0.02414328902700602,VALE3.SA,664,1401,56.130001068115234,53.720001220703125,1.0
2017-01-03,12.659574508666992,12.659574508666992,12.287091584007126,12.34030369400654,5658500,0.04429346992366745,VALE3.SA,663,1400,55.470001220703125,52.33000183105469,1.0
2017-01-04,12.432215690612793,12.688599307125441,12.267742729276955,12.606362826457522,2144400,-0.017959435990407502,VALE3.SA,662,1399,56.459999084472656,53.2599983215332,1.0
2017-01-05,12.906285285949707,13.012708594360063,12.470916031784284,12.56766424233876,4031600,0.03813234962572842,VALE3.SA,661,1398,56.88999938964844,53.7599983215332,1.0
2017-01-06,12.562828063964844,12.86274967154062,12.509616865288596,12.717626878542537,4213500,-0.02661162483048196,VALE3.SA,660,1397,57.099998474121094,53.9900016784668,1.0
2017-01-09,12.819210052490234,12.988520558471825,12.707949205550458,12.72246092830989,3407800,0.020407983554339593,VALE3.SA,657,1394,54.939998626708984,51.959999084472656,1.0
2017-01-10,13.806051254272461,13.806051254272461,13.264257684011156,13.264257684011156,3606500,0.07698143627738774,VALE3.SA,656,1393,53.63999938964844,50.81999969482422,1.0
2017-01-11,14.091460227966309,14.120485527990775,13.704465454323293,13.936662318509102,3499900,0.02067274475788472,VALE3.SA,655,1392,55.099998474121094,52.25,1.0
2017-01-12,14.546174049377441,14.715484542156844,14.372026008499434,14.551011597476048,5500500,0.03226875100627935,VALE3.SA,654,1391,56.0099983215332,53.0099983215332,1.0
2017-01-13,14.9863862991333,15.092810551181561,14.367194677041452,14.459105356778025,4424800,0.03026309517963588,VALE3.SA,653,1390,55.45000076293945,52.369998931884766,1.0
2017-01-16,15.392730712890625,15.533016886429786,15.092810012315184,15.092810012315184,2018500,0.027114235923627827,VALE3.SA,650,1387,55.45000076293945,52.369998931884766,1.0
2017-01-17,14.78804874420166,15.141181518869743,14.749349274685542,15.107319598376657,5968500,-0.03928360600647518,VALE3.SA,649,1386,55.470001220703125,52.47999954223633,1.0
2017-01-18,15.533016204833984,15.813586694264217,14.68162686954634,14.68162686954634,14846300,0.050376318980178025,VALE3.SA,648,1385,53.91999816894531,51.08000183105469,1.0
2017-01-19,15.223418235778809,15.489477900036405,15.010571611574507,15.479802801844897,5303100,-0.019931606648219802,VALE3.SA,647,1384,54.15999984741211,51.369998931884766,1.0
2017-01-20,15.528172492980957,15.687808804482591,14.971868328662746,14.99121759745003,6309700,0.02001877978271005,VALE3.SA,646,1383,55.4900016784668,52.41999816894531,1.0
2017-01-23,16.113508224487305,16.195743792800567,15.571713786647122,15.581388885037446,4369600,0.03769508174712333,VALE3.SA,643,1380,55.22999954223633,52.75,-1.0
2017-01-24,16.510175704956055,16.795584608569513,16.09415575948531,16.481150413875746,5373900,0.024617077481981386,VALE3.SA,642,1379,55.439998626708984,53.18000030517578,-1.0
2017-01-26,16.25379180908203,16.752049204495,16.25379180908203,16.650461598619344,5274700,-0.015528841149586414,VALE3.SA,640,1377,56.2400016784668,53.779998779296875,-1.0
2017-01-27,16.302165985107422,16.54403787852048,16.16187984404718,16.195741761498123,3244000,0.002976177903199151,VALE3.SA,639,1376,55.52000045776367,53.16999816894531,-1.0
2017-01-30,15.600736618041992,16.200579706156425,15.547524507966997,16.06996866651854,3136800,-0.043026759002834924,VALE3.SA,636,1373,55.22999954223633,52.630001068115234,1.0
2017-01-31,15.566875457763672,15.939358401043826,15.533013539768762,15.818422452394534,4067300,-0.00217048470898229,VALE3.SA,635,1372,55.70000076293945,52.810001373291016,1.0
2017-02-01,15.910331726074219,16.210252335960362,15.808745980919616,15.818421077410907,5928500,0.022063275911882174,VALE3.SA,634,1371,55.65999984741211,53.880001068115234,1.0
2017-02-02,15.79906940460205,16.17638890574077,15.678133477792379,15.678133477792379,4024400,-0.00699308621515593,VALE3.SA,633,1370,56.560001373291016,53.540000915527344,1.0
2017-02-03,14.807398796081543,15.479802418375948,14.700974563947609,15.479802418375948,6833500,-0.06276765948199758,VALE3.SA,632,1369,56.810001373291016,53.83000183105469,1.0
2017-02-06,14.473613739013672,14.884796130993497,14.449426919407575,14.831584020658454,3554600,-0.022541775342486248,VALE3.SA,629,1366,55.720001220703125,53.0099983215332,1.0
2017-02-07,14.628413200378418,15.155694044995355,14.551014261963832,14.82191054641488,4297100,0.010695287587196178,VALE3.SA,628,1365,55.04999923706055,52.16999816894531,1.0
2017-02-08,14.797720909118652,14.908981746590413,14.531662224265666,14.894470025065893,3867100,0.011573894339808044,VALE3.SA,627,1364,55.119998931884766,52.34000015258789,1.0
2017-02-09,15.034758567810059,15.16536962655008,14.638088765119468,14.763862274720804,4011900,0.016018524754399133,VALE3.SA,626,1363,55.630001068115234,53.0,1.0
2017-02-10,15.866798400878906,15.866798400878906,15.528177326355458,15.557202622572804,5036400,0.05534108375044178,VALE3.SA,625,1362,56.70000076293945,53.86000061035156,1.0
2017-02-13,17.32286834716797,17.342216699175143,16.456966392075678,16.548877061453013,11344600,0.09176835234815917,VALE3.SA,622,1359,55.59000015258789,52.93000030517578,-1.0
2017-02-14,16.64078712463379,17.20192984757439,16.461800593578857,17.18741627903668,4651000,-0.039374612152247246,VALE3.SA,621,1358,55.970001220703125,53.20000076293945,-1.0
2017-02-15,16.360214233398438,16.8100960893149,16.297327026298273,16.78590926976439,6626600,-0.016860554079200507,VALE3.SA,620,1357,55.75,53.11000061035156,-1.0
2017-02-16,16.336029052734375,16.660136526966085,16.2634667414671,16.340865678995286,5231900,-0.001478292418365168,VALE3.SA,619,1356,55.650001525878906,53.36000061035156,-1.0
2017-02-17,16.481151580810547,16.59241243649203,16.152205639953905,16.258629869447585,5909200,0.008883586556298395,VALE3.SA,618,1355,55.810001373291016,53.400001525878906,-1.0
2017-02-20,17.622785568237305,17.685672774601425,17.308351381752722,17.361563491342668,6047300,0.06926906665648258,VALE3.SA,615,1352,55.810001373291016,53.400001525878906,-1.0
2017-02-21,17.192258834838867,18.033972196554704,17.066484386089982,17.821125542573625,6307900,-0.02443011814059659,VALE3.SA,614,1351,56.65999984741211,54.060001373291016,-1.0
2017-02-22,16.781070709228516,17.090668271967797,16.461799894989415,17.090668271967797,6845300,-0.023917050665681505,VALE3.SA,613,1350,55.84000015258789,53.59000015258789,-1.0
2017-02-23,16.045780181884766,17.05196812283763,15.866795501261134,17.02294283192458,12566100,-0.043816663434913417,VALE3.SA,612,1349,56.58000183105469,54.45000076293945,-1.0
2017-02-24,15.828099250793457,16.403753763909425,15.47980309074409,15.552365405866485,9984400,-0.01356624163012432,VALE3.SA,611,1348,55.9900016784668,53.9900016784668,-1.0
2017-03-01,16.045780181884766,16.147367777412395,15.890982321020642,15.987731445394735,3262200,0.013752815650331263,VALE3.SA,606,1343,55.599998474121094,53.83000183105469,-1.0
2017-03-02,15.21858024597168,16.2537917331128,15.165369052795608,16.108668955115338,6860100,-0.05155249084410185,VALE3.SA,605,1342,55.08000183105469,52.61000061035156,-1.0
2017-03-03,15.392730712890625,15.620090935844676,15.17020896231325,15.426592638181246,6887300,0.011443279471818224,VALE3.SA,604,1341,55.900001525878906,53.33000183105469,-1.0
2017-03-06,15.044432640075684,15.291142093314392,14.841260203447813,15.18955541366641,6393900,-0.02262743884184626,VALE3.SA,601,1338,56.0099983215332,53.20000076293945,-1.0
2017-03-07,14.957359313964844,15.41691632317457,14.899309648183394,15.087970369972004,6653500,-0.00578774409072047,VALE3.SA,600,1337,55.91999816894531,53.13999938964844,-1.0
2017-03-08,14.570364952087402,15.16536965733096,14.430078794785276,15.102482441068572,5789100,-0.025873174118116293,VALE3.SA,599,1336,53.11000061035156,50.279998779296875,1.0
2017-03-09,14.59938907623291,14.792886425544292,14.062433124559202,14.246256298406122,8743900,0.0019919970598505365,VALE3.SA,598,1335,52.189998626708984,49.279998779296875,1.0
2017-03-10,14.343006134033203,15.005735668386205,14.343006134033203,14.831587572974389,5574100,-0.01756121032605984,VALE3.SA,597,1334,51.369998931884766,48.4900016784668,1.0
2017-03-13,15.000896453857422,15.179881156349355,14.850936123156693,14.870285396794783,5780300,0.04586837052681525,VALE3.SA,594,1331,51.349998474121094,48.400001525878906,-1.0
2017-03-14,15.078295707702637,15.23793113988037,14.652601529451399,14.875123255597504,4101000,0.00515964189762208,VALE3.SA,593,1330,50.91999816894531,47.720001220703125,-1.0
2017-03-15,16.118345260620117,16.118345260620117,15.271793505985293,15.4362664921278,7401600,0.06897659875354334,VALE3.SA,592,1329,51.810001373291016,48.86000061035156,-1.0
2017-03-16,15.736186981201172,16.369892094306106,15.615251017692804,16.26346785591111,4529000,-0.02370952310797214,VALE3.SA,591,1328,51.7400016784668,48.75,-1.0
2017-03-17,15.141183853149414,15.852287983805946,15.141183853149414,15.81358758565535,14673300,-0.037811137397043115,VALE3.SA,590,1327,51.7599983215332,48.779998779296875,-1.0
2017-03-20,15.30081558227539,15.426589077660267,14.947682839080187,15.068618785873179,3340900,0.010542882952496058,VALE3.SA,587,1324,51.619998931884766,48.220001220703125,-1.0
2017-03-21,14.047922134399414,14.981547008966643,14.004385113194889,14.942847537081308,6509400,-0.08188409572933752,VALE3.SA,586,1323,50.959999084472656,47.34000015258789,1.0
2017-03-22,14.222067832946777,14.551013771454171,13.685112831129679,13.762511766935171,7020200,0.012396544975212365,VALE3.SA,585,1322,50.63999938964844,48.040000915527344,-1.0
2017-03-23,14.144668579101562,14.333328365551967,13.752836360063,14.047920372854104,7074400,-0.005442194113707721,VALE3.SA,584,1321,50.560001373291016,47.70000076293945,-1.0
2017-03-24,14.028568267822266,14.275277682562741,13.810883218737153,14.270440134508856,3917800,-0.008208061619120022,VALE3.SA,583,1320,50.79999923706055,47.970001220703125,1.0
2017-03-27,14.217230796813965,14.328492578381164,13.182019301083587,13.53998962275981,6849000,0.013448452143504985,VALE3.SA,580,1317,50.75,47.72999954223633,-1.0
2017-03-28,14.420405387878418,14.512316987144112,14.202721186672216,14.352681537192257,4456400,0.014290728902704775,VALE3.SA,579,1316,51.33000183105469,48.369998931884766,-1.0
2017-03-29,14.565526008605957,14.76386089136755,14.294628818231237,14.551013362549718,3106200,0.010063560407915118,VALE3.SA,578,1315,52.41999816894531,49.5099983215332,-1.0
2017-03-30,14.560687065124512,14.700972272891029,14.391376568025905,14.512312505572341,2264400,-0.00033221893109702805,VALE3.SA,577,1314,52.959999084472656,50.349998474121094,-1.0
2017-03-31,14.410725593566895,14.681621813379811,14.168853738066957,14.284952117986778,4009400,-0.010299065620110848,VALE3.SA,576,1313,52.83000183105469,50.599998474121094,-1.0
2017-04-03,14.275279998779297,14.512314355871695,14.072107560890368,14.420402773270775,4092200,-0.009398943440298568,VALE3.SA,573,1310,53.119998931884766,50.2400016784668,-1.0
2017-04-04,14.826751708984375,14.855776087296652,14.173697199613857,14.299470735858193,2444400,0.038631235972410805,VALE3.SA,572,1309,54.16999816894531,51.029998779296875,-1.0
2017-04-05,14.246257781982422,15.228257278001667,14.15918373505755,14.996060434647502,6253600,-0.03915179389226564,VALE3.SA,571,1308,54.36000061035156,51.150001525878906,-1.0
2017-04-06,13.985032081604004,14.459100746788003,13.85925859279984,14.381701818703595,5813500,-0.01833644346298413,VALE3.SA,570,1307,54.88999938964844,51.70000076293945,1.0
2017-04-07,14.101133346557617,14.289794079533756,13.510966169012116,13.641577232764476,7506100,0.008301823283361154,VALE3.SA,569,1306,55.2400016784668,52.2400016784668,-1.0
2017-04-10,14.043082237243652,14.159180633489383,13.728648042743256,14.09629342552209,3787400,-0.004116769048789659,VALE3.SA,566,1303,55.97999954223633,53.08000183105469,1.0
2017-04-11,13.864094734191895,14.168853789931399,13.457749941651159,14.06726713046226,5097200,-0.01274559957906285,VALE3.SA,565,1302,56.22999954223633,53.400001525878906,1.0
2017-04-12,13.264257431030273,13.544828848849717,13.196533582039862,13.351331478399798,6287000,-0.04326552253587035,VALE3.SA,564,1301,55.86000061035156,53.11000061035156,1.0
2017-04-13,13.264257431030273,13.496454275570176,13.196533582039862,13.24490723265116,4377900,0.0,VALE3.SA,563,1300,55.88999938964844,53.18000030517578,1.0
2017-04-17,13.269094467163086,13.288443742125216,12.906286565608141,13.182020423162985,5372400,0.00036466693729098054,VALE3.SA,559,1296,55.36000061035156,52.650001525878906,1.0
2017-04-18,12.87242317199707,12.944984559485679,12.649900538008158,12.843397878867147,7202100,-0.02989437569742648,VALE3.SA,558,1295,54.88999938964844,52.40999984741211,1.0
2017-04-19,12.901446342468262,13.273929265643957,12.838560058538814,13.012707187780062,6326900,0.0022546780884526996,VALE3.SA,557,1294,52.93000030517578,50.439998626708984,1.0
2017-04-20,13.569014549255371,13.593202295224046,13.119133546255986,13.201370037213152,4599100,0.0517436719160429,VALE3.SA,556,1293,52.9900016784668,50.27000045776367,1.0
2017-04-24,13.721763610839844,13.97670263508395,13.541805755185736,13.97170465327081,3353600,0.011257196388875235,VALE3.SA,552,1289,51.599998474121094,49.22999954223633,1.0
2017-04-25,14.171658515930176,14.171658515930176,13.556803727472497,13.65677958097769,4663300,0.03278695930419073,VALE3.SA,551,1288,52.099998474121094,49.560001373291016,-1.0
2017-04-26,13.861729621887207,14.29162850872974,13.861729621887207,14.141664268572729,5958400,-0.021869627587665974,VALE3.SA,550,1287,51.81999969482422,49.619998931884766,1.0
2017-04-27,13.411835670471191,14.07667877405704,13.206884101554081,13.941710388638642,9359600,-0.0324558308153442,VALE3.SA,549,1286,51.439998626708984,48.970001220703125,1.0
2017-04-28,13.73176097869873,13.851732568590066,13.531808328879839,13.566799923416964,4813800,0.0238539537829201,VALE3.SA,548,1285,51.72999954223633,49.33000183105469,1.0
2017-05-02,14.026694297790527,14.086680581448451,13.79674894290936,13.846737353716025,7808800,0.02147818619544206,VALE3.SA,544,1281,50.459999084472656,47.65999984741211,1.0
2017-05-03,13.156898498535156,13.851734406387642,13.151899562445264,13.796748016297954,7963600,-0.06201003463748267,VALE3.SA,543,1280,50.790000915527344,47.81999969482422,1.0
2017-05-04,12.67201042175293,12.97193984868098,12.527044166582115,12.97193984868098,7726700,-0.03685428422482795,VALE3.SA,542,1279,48.380001068115234,45.52000045776367,1.0
2017-05-05,13.021929740905762,13.196888685637894,12.597030672419994,12.597030672419994,4286600,0.027613559925121045,VALE3.SA,541,1278,49.099998474121094,46.220001220703125,1.0
2017-05-08,13.011932373046875,13.071917695572184,12.7120029000718,12.996935565690793,4552200,-0.0007677332052776764,VALE3.SA,538,1275,49.34000015258789,46.43000030517578,1.0
2017-05-09,13.246874809265137,13.406836918560966,13.086912699969307,13.196886411747846,3980000,0.01805592201700379,VALE3.SA,537,1274,48.72999954223633,45.880001068115234,1.0
2017-05-10,13.27686882019043,13.52181094420671,13.086914034394969,13.436830945797023,4532500,0.0022642329875657285,VALE3.SA,536,1273,50.220001220703125,47.33000183105469,1.0
2017-05-11,13.156898498535156,13.351852238793148,13.08691530017579,13.306863720883246,3413600,-0.00903604029534677,VALE3.SA,535,1272,50.77000045776367,47.83000183105469,1.0
2017-05-12,12.951944351196289,13.346851643962108,12.866964361199175,13.336853773739062,3855800,-0.01557769464906078,VALE3.SA,534,1271,50.84000015258789,47.84000015258789,1.0
2017-05-15,13.321859359741211,13.321859359741211,12.956945612140784,13.031927745374501,7381800,0.028560577355380312,VALE3.SA,531,1268,51.81999969482422,48.849998474121094,1.0
2017-05-16,13.626785278320312,13.706766332866996,13.336853717226237,13.406836901592241,7050000,0.022889141098470844,VALE3.SA,530,1267,51.650001525878906,48.65999984741211,1.0
2017-05-17,13.416834831237793,13.73675905084247,13.311859100774145,13.661776931053797,5442000,-0.015407188327575927,VALE3.SA,529,1266,52.209999084472656,49.06999969482422,1.0
2017-05-18,13.426835060119629,13.696770929467656,12.497053941749602,12.497053941749602,20151200,0.0007453493322100435,VALE3.SA,528,1265,52.5099983215332,49.349998474121094,1.0
2017-05-19,13.621784210205078,13.981698899306389,13.496813712863746,13.5717958205787,6492700,0.014519367312739728,VALE3.SA,527,1264,53.61000061035156,50.33000183105469,1.0
2017-05-22,13.956708908081055,14.081679438793294,13.45682678523209,13.621787847634268,7988700,0.02458743235890193,VALE3.SA,524,1261,53.869998931884766,50.72999954223633,1.0
2017-05-23,14.126669883728027,14.176658290162148,13.576799319851794,13.871729869018603,5465400,0.012177725907041248,VALE3.SA,523,1260,54.150001525878906,51.470001220703125,1.0
2017-05-24,13.756756782531738,14.06168424093604,13.63178624697847,14.06168424093604,4327900,-0.026185442446161944,VALE3.SA,522,1259,53.959999084472656,51.36000061035156,1.0
2017-05-25,13.846735954284668,13.966707556025856,13.571800199359433,13.751758078695984,3999300,0.006540725635796996,VALE3.SA,521,1258,51.459999084472656,48.900001525878906,1.0
2017-05-26,13.926713943481445,13.956706598924201,13.661776118964019,13.741757169110917,2957000,0.005775945281315975,VALE3.SA,520,1257,52.150001525878906,49.79999923706055,1.0
2017-05-29,13.926713943481445,13.926713943481445,13.926713943481445,13.926713943481445,0,0.0,VALE3.SA,517,1254,52.150001525878906,49.79999923706055,1.0
2017-05-30,14.296629905700684,14.446594171681117,13.95670988579885,14.071682553280484,3075700,0.02656161128321166,VALE3.SA,516,1253,51.84000015258789,49.65999984741211,-1.0
2017-05-31,13.581796646118164,14.131667144823444,13.431832398039196,14.096675550501647,9452200,-0.05000012340652982,VALE3.SA,515,1252,50.310001373291016,48.31999969482422,1.0
2017-06-01,13.331854820251465,13.681772649980653,13.241875895266853,13.571797984577513,6907500,-0.018402707121825124,VALE3.SA,514,1251,50.33000183105469,48.36000061035156,1.0
2017-06-02,13.386845588684082,13.49182039247497,13.191890883365877,13.446830918436126,2607700,0.004124765021374488,VALE3.SA,513,1250,49.95000076293945,47.65999984741211,1.0
2017-06-05,13.241875648498535,13.321856701783402,13.106907263536812,13.171892465236619,3460900,-0.010829283061880579,VALE3.SA,510,1247,49.470001220703125,47.400001525878906,1.0
2017-06-06,13.28686809539795,13.57679971705872,13.151899680112011,13.151899680112011,5873900,0.003397739723112192,VALE3.SA,509,1246,50.119998931884766,48.189998626708984,1.0
2017-06-07,13.221880912780762,13.51681140544713,13.161894645861599,13.446827268466548,5915000,-0.0048910835985266354,VALE3.SA,508,1245,48.060001373291016,45.720001220703125,1.0
2017-06-08,13.506814956665039,13.636784420791694,13.15689709528947,13.171893901959669,5173400,0.021550189853007273,VALE3.SA,507,1244,47.86000061035156,45.63999938964844,1.0
2017-06-09,13.64677906036377,13.766751586799103,13.461823242887137,13.576795881150915,5224300,0.010362480284788589,VALE3.SA,506,1243,48.150001525878906,45.83000183105469,1.0
2017-06-12,13.416834831237793,13.751755856179958,13.261871656547951,13.69176958827939,5193200,-0.016849707034082173,VALE3.SA,503,1240,48.290000915527344,46.08000183105469,1.0
2017-06-13,13.181893348693848,13.441831354567864,13.071918660199474,13.321859747214567,4573400,-0.017510946918489423,VALE3.SA,502,1239,48.720001220703125,46.459999084472656,1.0
2017-06-14,13.04692554473877,13.361850909629009,12.90195924981574,13.316861435580456,7635700,-0.010238878466457324,VALE3.SA,501,1238,47.0,44.72999954223633,1.0
2017-06-15,13.04692554473877,13.04692554473877,13.04692554473877,13.04692554473877,0,0.0,VALE3.SA,500,1237,46.91999816894531,44.459999084472656,1.0
2017-06-16,12.776986122131348,13.001933446981141,12.697005062951295,12.90195664628136,13039700,-0.020689887566368137,VALE3.SA,499,1236,47.369998931884766,44.7400016784668,1.0
2017-06-19,13.191886901855469,13.441827925102139,12.946944813487653,12.991934273948,5766200,0.03247250766011711,VALE3.SA,496,1233,46.90999984741211,44.20000076293945,1.0
2017-06-20,12.85196590423584,13.066915319160858,12.756989009670711,13.056918403671917,4380800,-0.025767428128254943,VALE3.SA,495,1232,46.02000045776367,43.22999954223633,1.0
2017-06-21,13.231879234313965,13.386843376371525,12.896958179290365,12.946946581455725,2751800,0.029560717240380452,VALE3.SA,494,1231,44.81999969482422,42.529998779296875,1.0
2017-06-22,13.506814956665039,13.751757078248149,13.15689709528947,13.221882304077532,4726200,0.02077828231972445,VALE3.SA,493,1230,45.220001220703125,42.7400016784668,1.0
2017-06-23,13.616788864135742,13.741759394408776,13.381844610464253,13.506815140737286,4854600,0.008142105139038458,VALE3.SA,492,1229,45.540000915527344,43.0099983215332,1.0
2017-06-26,13.73176097869873,13.8317377803329,13.646780983344522,13.666776725051133,4047300,0.008443408773547656,VALE3.SA,489,1226,45.83000183105469,43.380001068115234,1.0
2017-06-27,13.956708908081055,14.471587837857301,13.94171210115377,14.171658373458026,7473000,0.016381579152977777,VALE3.SA,488,1225,46.650001525878906,44.2400016784668,1.0
2017-06-28,14.391606330871582,14.436594843367741,14.166659001143517,14.251638997546403,8527200,0.031160456641659895,VALE3.SA,487,1224,47.310001373291016,44.7400016784668,1.0
2017-06-29,14.446596145629883,14.68154140213769,14.25164238252739,14.55657084559513,4333400,0.0038209643520015213,VALE3.SA,486,1223,47.41999816894531,44.93000030517578,1.0
2017-06-30,14.49657917022705,14.591557024859867,14.326619200231201,14.47158544958915,4749000,0.0034598478488157003,VALE3.SA,485,1222,47.91999816894531,46.040000915527344,1.0
2017-07-03,14.821505546569824,14.851498208583232,14.546570745639592,14.62655181330837,2172000,0.022414003505744517,VALE3.SA,482,1219,49.68000030517578,47.06999969482422,1.0
2017-07-04,14.80650806427002,14.80650806427002,14.676538605236384,14.726526051945957,1058400,-0.0010118730686758948,VALE3.SA,481,1218,49.68000030517578,47.06999969482422,1.0
2017-07-05,14.461585998535156,14.92147746350702,14.356610285746868,14.811502816447936,6447900,-0.02329530124440371,VALE3.SA,480,1217,47.790000915527344,45.130001068115234,1.0
2017-07-06,14.456594467163086,14.486587134697219,14.216651219990599,14.41660392596767,4847500,-0.0003451579496589474,VALE3.SA,479,1216,48.11000061035156,45.52000045776367,1.0
2017-07-07,14.441594123840332,14.686536247923543,14.21164880658039,14.55656773591978,4652000,-0.0010376125135712622,VALE3.SA,478,1215,46.709999084472656,44.22999954223633,1.0
2017-07-10,14.851497650146484,14.871493393036578,14.306627004684398,14.446593391117062,5053400,0.02838353735682686,VALE3.SA,475,1212,46.880001068115234,44.400001525878906,1.0
2017-07-11,15.016460418701172,15.041454145112708,14.816506793610705,14.911484670183722,4949900,0.011107483732663237,VALE3.SA,474,1211,47.52000045776367,45.040000915527344,1.0
2017-07-12,14.9464750289917,15.141429701941881,14.731525567260418,15.096440235372567,8527700,-0.004660578309274133,VALE3.SA,473,1210,47.7400016784668,45.4900016784668,1.0
2017-07-13,14.58656120300293,15.116436011893061,14.506580135753458,15.051451752296439,7776800,-0.024080181132383638,VALE3.SA,472,1209,48.41999816894531,46.08000183105469,1.0
2017-07-14,14.756521224975586,14.85149814652946,14.646546542303371,14.721529627197892,3751600,0.011651822496564046,VALE3.SA,471,1208,48.90999984741211,46.540000915527344,1.0
2017-07-17,14.856493949890137,15.131429645150263,14.816503424654941,14.921479149303158,4661400,0.006774816597379774,VALE3.SA,468,1205,48.41999816894531,46.02000045776367,1.0
2017-07-18,14.9464750289917,15.016459173349224,14.756520245048629,14.9464750289917,4000600,0.0060566833201065595,VALE3.SA,467,1204,48.84000015258789,46.400001525878906,1.0
2017-07-19,14.9464750289917,15.08144342869964,14.861495031410715,15.001462366676298,4403100,0.0,VALE3.SA,466,1203,49.70000076293945,47.119998931884766,1.0
2017-07-20,14.356616020202637,14.911485551052449,14.321624419779605,14.911485551052449,5930800,-0.03946475725178755,VALE3.SA,465,1202,49.29999923706055,46.790000915527344,1.0
2017-07-21,14.246638298034668,14.51657506028469,14.156659377284662,14.346615088523418,5482100,-0.007660420952486868,VALE3.SA,464,1201,48.060001373291016,45.77000045776367,1.0
2017-07-24,14.561568260192871,14.576565069634238,14.246642889521297,14.306629173837123,4207500,0.02210556312092571,VALE3.SA,461,1198,48.599998474121094,46.34000015258789,1.0
2017-07-25,15.301392555236816,15.321387344970848,14.776515738062907,14.776515738062907,11658200,0.05080663578430711,VALE3.SA,460,1197,50.20000076293945,47.88999938964844,1.0
2017-07-26,14.826505661010742,15.446359461439524,14.821506724702896,15.446359461439524,10680100,-0.03103553434837847,VALE3.SA,459,1196,50.970001220703125,48.75,1.0
2017-07-27,14.846498489379883,15.101437516845403,14.63154903762124,14.826502748077022,5584000,0.0013484518082851338,VALE3.SA,458,1195,51.4900016784668,49.040000915527344,1.0
2017-07-28,15.166426658630371,15.171425595253414,14.661545501099141,14.761522326660646,5155700,0.021549065557736835,VALE3.SA,457,1194,52.52000045776367,49.709999084472656,1.0
2017-07-31,15.646310806274414,15.756285488727606,15.51634228720169,15.746287616968312,6300800,0.031641213744370456,VALE3.SA,454,1191,52.650001525878906,50.16999816894531,1.0
2017-08-01,15.526337623596191,15.621315488733533,15.346380717511595,15.621315488733533,4329100,-0.00766782560845658,VALE3.SA,453,1190,52.630001068115234,49.15999984741211,1.0
2017-08-02,15.551331520080566,15.631312575093471,15.266398892415921,15.346379947428826,6171300,0.0016097741199696536,VALE3.SA,452,1189,52.36000061035156,49.59000015258789,1.0
2017-08-03,15.336384773254395,15.61131957901233,15.316389029261318,15.56633010847746,5056500,-0.013821758384394478,VALE3.SA,451,1188,52.0099983215332,49.029998779296875,1.0
2017-08-04,15.611323356628418,15.74129286368468,15.366381154139619,15.476354912364249,4577600,0.017927209537250022,VALE3.SA,450,1187,52.41999816894531,49.58000183105469,1.0
2017-08-07,16.206178665161133,16.211178554610218,15.791277465144955,15.796276401144489,7800300,0.03810409245543833,VALE3.SA,447,1184,52.369998931884766,49.38999938964844,1.0
2017-08-08,16.021221160888672,16.30615380955651,15.776279042675101,16.04121690284053,9706400,-0.011412777070640923,VALE3.SA,446,1183,52.13999938964844,49.16999816894531,1.0
2017-08-09,15.956236839294434,16.121197895905254,15.84626311937037,15.996227369580406,7870700,-0.004056140349206316,VALE3.SA,445,1182,52.70000076293945,49.560001373291016,1.0
2017-08-10,15.746285438537598,16.01122232935935,15.691298104918264,15.891251698643337,7393600,-0.013157952145696483,VALE3.SA,444,1181,51.900001525878906,48.59000015258789,1.0
2017-08-11,15.396368980407715,15.631314188019285,15.276397385509023,15.631314188019285,13613400,-0.02222215896540869,VALE3.SA,443,1180,52.099998474121094,48.81999969482422,1.0
2017-08-14,15.646310806274414,15.731290809329368,15.26640121391648,15.386372814679437,16902200,0.016233816309855653,VALE3.SA,440,1177,50.72999954223633,47.59000015258789,1.0
2017-08-15,15.556333541870117,15.721294619746796,15.341384056329385,15.646311531525928,17847800,-0.00575070158827562,VALE3.SA,439,1176,50.79999923706055,47.54999923706055,1.0
2017-08-16,15.861259460449219,16.031219457757455,15.656307867245076,15.69629839876175,26011500,0.019601400147302606,VALE3.SA,438,1175,50.27000045776367,46.779998779296875,1.0
2017-08-17,15.596322059631348,16.016223104167924,15.551332593898897,15.941240025647538,14095900,-0.01670342771193578,VALE3.SA,437,1174,51.029998779296875,47.09000015258789,1.0
2017-08-18,15.771280288696289,16.021221345274355,15.701297097958259,15.896250816985324,24390300,0.011217915890425978,VALE3.SA,436,1173,52.720001220703125,48.5099983215332,1.0
2017-08-21,15.871256828308105,16.116199898709635,15.851261086459225,15.991228419053035,19990400,0.006339151786140862,VALE3.SA,433,1170,51.65999984741211,47.369998931884766,1.0
2017-08-22,15.926240921020508,16.191177772408587,15.851257857809518,16.171182034632523,19230300,0.0034643817630328755,VALE3.SA,432,1169,51.869998931884766,47.63999938964844,1.0
2017-08-23,16.266162872314453,16.271160853935015,15.796273463683624,15.866256647763974,15451900,0.021343514328311608,VALE3.SA,431,1168,52.56999969482422,48.40999984741211,1.0
2017-08-24,16.936006546020508,16.99599186573257,16.161189651168367,16.27616230849104,20534600,0.041180189757361374,VALE3.SA,430,1167,52.040000915527344,47.43000030517578,1.0
2017-08-25,16.911014556884766,17.160955639379196,16.70606103861617,17.0559789354882,16366000,-0.0014756719104843663,VALE3.SA,429,1166,52.40999984741211,47.869998931884766,1.0
2017-08-28,17.175949096679688,17.240934302989274,16.821033266733004,16.846026990113963,15021800,0.01566638943534371,VALE3.SA,426,1163,51.88999938964844,46.56999969482422,1.0
2017-08-29,17.2159366607666,17.32591131906926,16.95099979147235,16.995989251059925,15689600,0.002328113798069298,VALE3.SA,425,1162,52.0,46.439998626708984,1.0
2017-08-30,17.16594696044922,17.350902755788027,17.115959526108476,17.24592799953344,14021600,-0.0029036875136340123,VALE3.SA,424,1161,50.86000061035156,45.959999084472656,1.0
2017-08-31,17.535865783691406,17.585853233213406,17.220939512385712,17.455882813417862,56429700,0.021549572773030823,VALE3.SA,423,1160,52.380001068115234,47.22999954223633,-1.0
2017-09-01,17.830793380737305,17.98575751638756,17.625841798437985,17.74581434005413,22554600,0.016818536403271578,VALE3.SA,422,1159,52.31999969482422,47.290000915527344,-1.0
2017-09-04,18.04574203491211,18.090731497664247,17.650836647308623,17.685828239793757,15002800,0.012054912509222193,VALE3.SA,419,1156,52.31999969482422,47.290000915527344,-1.0
2017-09-05,17.795801162719727,18.34067270244434,17.585851605876616,18.24569579438181,24227100,-0.013850407021713806,VALE3.SA,418,1155,53.380001068115234,48.65999984741211,-1.0
2017-09-06,17.895776748657227,18.04074299870706,17.73081666614084,17.905774618339834,18117700,0.005617931163837575,VALE3.SA,417,1154,54.20000076293945,49.15999984741211,-1.0
2017-09-07,17.895776748657227,17.895776748657227,17.895776748657227,17.895776748657227,0,0.0,VALE3.SA,416,1153,54.4900016784668,49.09000015258789,-1.0
2017-09-08,17.235933303833008,18.050741600474552,17.23093532223833,17.84079014242208,23042000,-0.03687146157954435,VALE3.SA,415,1152,53.779998779296875,47.47999954223633,1.0
2017-09-11,17.540864944458008,17.600850269294625,17.360907063049066,17.39589866144535,19131800,0.01769162338062591,VALE3.SA,412,1149,53.84000015258789,48.06999969482422,-1.0
2017-09-12,17.62584114074707,17.86078632640839,17.610845288691678,17.68082847414855,16114100,0.0048444701306424864,VALE3.SA,411,1148,54.27000045776367,48.22999954223633,-1.0
2017-09-13,17.380903244018555,17.56086112995269,17.19094748587706,17.520869641123262,21951600,-0.013896522428213265,VALE3.SA,410,1147,55.15999984741211,49.29999923706055,-1.0
2017-09-14,16.806034088134766,17.045977244749867,16.671065704995264,16.995989802208733,24324600,-0.03307475726738329,VALE3.SA,409,1146,55.470001220703125,49.88999938964844,1.0
2017-09-15,16.896011352539062,17.065971310162116,16.646070350558016,16.676063957279208,34216900,0.005353866589371092,VALE3.SA,408,1145,55.619998931884766,49.88999938964844,1.0
2017-09-18,17.12096405029297,17.150957666499792,16.886018823920647,16.901016585473617,18617700,0.013313952805796392,VALE3.SA,405,1142,55.47999954223633,49.90999984741211,1.0
2017-09-19,16.95600128173828,16.99099478590242,16.661072649617857,16.896015958840827,17106900,-0.009635133165989296,VALE3.SA,404,1141,55.13999938964844,49.47999954223633,1.0
2017-09-20,16.581087112426758,17.07097321217939,16.38113543138978,16.936004826357593,24175400,-0.022111001472694403,VALE3.SA,403,1140,56.290000915527344,50.40999984741211,1.0
2017-09-21,16.251163482666016,16.381133874541582,16.076205540024162,16.321148566621314,26157600,-0.019897587385176885,VALE3.SA,402,1139,56.43000030517578,50.54999923706055,1.0
2017-09-22,15.951239585876465,16.186184810349662,15.92124692336164,16.07121214283487,16957700,-0.018455533790516565,VALE3.SA,401,1138,56.86000061035156,50.65999984741211,1.0
2017-09-25,15.54133415222168,16.141193037658535,15.496344688141445,15.896249976133072,21014300,-0.025697403104503747,VALE3.SA,398,1135,59.02000045776367,52.220001220703125,1.0
2017-09-26,15.746285438537598,15.961234884377475,15.701295975294396,15.7312886329734,17114500,0.013187496279823518,VALE3.SA,397,1134,58.439998626708984,51.880001068115234,1.0
2017-09-27,15.961236953735352,16.12119908669482,15.51134321642447,15.986230679466697,26241300,0.013650934757709843,VALE3.SA,396,1133,57.900001525878906,52.13999938964844,1.0
2017-09-28,15.871256828308105,15.921245229480855,15.636312582280464,15.751285237563174,17561400,-0.005637415551693059,VALE3.SA,395,1132,57.40999984741211,51.560001373291016,1.0
2017-09-29,15.931242942810059,16.1961807989902,15.801273482426373,16.066210385157074,16047100,0.00377954406200276,VALE3.SA,394,1131,57.540000915527344,51.66999816894531,1.0
2017-10-02,15.94624137878418,16.2111792778825,15.931245523566083,16.12120033277554,13596900,0.0009414479477818372,VALE3.SA,391,1128,56.119998931884766,50.58000183105469,1.0
2017-10-03,16.33614730834961,16.33614730834961,15.876255734613899,16.041216790766413,23474600,0.02445127477401554,VALE3.SA,390,1127,56.0,50.41999816894531,1.0
2017-10-04,16.301158905029297,16.531104260190574,16.301158905029297,16.436127328336813,17562500,-0.0021417781475580044,VALE3.SA,389,1126,55.79999923706055,49.97999954223633,1.0
2017-10-05,16.131196975708008,16.591087631736094,16.116201121632887,16.49611071109526,17253100,-0.010426370929299544,VALE3.SA,388,1125,57.0,50.790000915527344,1.0
2017-10-06,16.066211700439453,16.071211589710984,15.911248503755088,16.031220103134874,12450500,-0.0040285463853931835,VALE3.SA,387,1124,55.619998931884766,49.290000915527344,1.0
2017-10-09,15.746285438537598,16.046213922226418,15.626313854372192,16.02122019973548,13520900,-0.019912986823963252,VALE3.SA,384,1121,55.790000915527344,49.58000183105469,1.0
2017-10-10,15.656310081481934,15.846265848138266,15.466355268275214,15.821271166499479,20181500,-0.005714068718420284,VALE3.SA,383,1120,56.61000061035156,50.91999816894531,1.0
2017-10-11,15.546332359313965,15.741286058897092,15.361375576375313,15.466351305461945,23041300,-0.007024498211621988,VALE3.SA,382,1119,56.939998626708984,51.29999923706055,1.0
2017-10-12,15.546332359313965,15.546332359313965,15.546332359313965,15.546332359313965,0,0.0,VALE3.SA,381,1118,56.25,50.599998474121094,1.0
2017-10-13,16.45112419128418,16.546101128952223,15.99623143609617,16.046218896574217,31395900,0.05819969694833804,VALE3.SA,380,1117,57.16999816894531,51.45000076293945,1.0
2017-10-16,16.671070098876953,16.816036390112213,16.41113304087476,16.686067861111113,35861900,0.013369658209090751,VALE3.SA,377,1114,57.81999969482422,51.869998931884766,1.0
2017-10-17,16.28615951538086,16.656071196567574,16.28615951538086,16.55109641462801,19842700,-0.023088534881874345,VALE3.SA,376,1113,57.880001068115234,51.880001068115234,1.0
2017-10-18,16.131196975708008,16.471116985337048,15.891253776010872,16.376138157797172,21210600,-0.00951498353718705,VALE3.SA,375,1112,58.150001525878906,52.040000915527344,1.0
2017-10-19,16.49610710144043,16.53109869122493,15.851258820728452,15.871254559719201,18549800,0.02262139172201172,VALE3.SA,374,1111,57.22999954223633,51.290000915527344,1.0
2017-10-20,16.47111701965332,16.886018207421415,16.47111701965332,16.871022353315052,24301000,-0.0015149078284614204,VALE3.SA,373,1110,57.75,51.470001220703125,1.0
2017-10-23,16.35114288330078,16.59608594908861,16.316151289173785,16.496109148626253,11948700,-0.007283910144611716,VALE3.SA,370,1107,57.369998931884766,51.900001525878906,1.0
2017-10-24,16.911014556884766,16.911014556884766,16.271164089007616,16.43612611876552,19996200,0.0342405223646951,VALE3.SA,369,1106,58.33000183105469,52.470001220703125,1.0
2017-10-25,16.771039962768555,16.926004062267957,16.53109684241034,16.811031436277464,16724100,-0.008277125754068027,VALE3.SA,368,1105,58.439998626708984,52.18000030517578,1.0
2017-10-26,16.33115005493164,16.94600682003689,16.33115005493164,16.93100905780802,25302400,-0.026229137180130868,VALE3.SA,367,1104,59.29999923706055,52.63999938964844,1.0
2017-10-27,16.271160125732422,16.43112222701389,16.01122123442537,16.14119163352823,17377200,-0.003673343824374675,VALE3.SA,366,1103,60.439998626708984,53.900001525878906,1.0
2017-10-30,16.171186447143555,16.461119003312703,15.916247395080191,16.091205381113966,19401600,-0.006144225600162478,VALE3.SA,363,1100,60.900001525878906,54.150001525878906,1.0
2017-10-31,16.046213150024414,16.341143637781435,16.00122368894627,16.206175254547,14629600,-0.007728146449094697,VALE3.SA,362,1099,61.369998931884766,54.380001068115234,1.0
2017-11-01,16.406129837036133,16.636075137918212,16.341144632213346,16.396131966532717,29709500,0.022430007855851697,VALE3.SA,361,1098,61.290000915527344,54.29999923706055,1.0
2017-11-02,16.406129837036133,16.406129837036133,16.406129837036133,16.406129837036133,0,0.0,VALE3.SA,360,1097,60.619998931884766,54.540000915527344,1.0
2017-11-03,16.76604652404785,16.76604652404785,16.496109725430518,16.59608652938867,29217800,0.02193793969612634,VALE3.SA,359,1096,62.06999969482422,55.63999938964844,1.0
2017-11-06,17.16594696044922,17.16594696044922,16.911007994274016,16.940999692119103,26333200,0.023851802858102733,VALE3.SA,356,1093,64.2699966430664,57.349998474121094,1.0
2017-11-07,16.75604820251465,17.115963924328927,16.75604820251465,17.115963924328927,20239700,-0.023878598651096095,VALE3.SA,355,1092,63.689998626708984,57.20000076293945,1.0
2017-11-08,16.96599578857422,16.970995676848503,16.72105465629668,16.901012496197776,11580800,0.012529659948582683,VALE3.SA,354,1091,63.4900016784668,56.810001373291016,1.0
2017-11-09,16.396133422851562,16.851026083217388,16.396133422851562,16.846028100971164,19246700,-0.03358850095356214,VALE3.SA,353,1090,63.93000030517578,57.16999816894531,1.0
2017-11-10,16.38113784790039,16.51110636440217,16.24616944216834,16.386135830231645,12199100,-0.0009145799539708177,VALE3.SA,352,1089,63.52000045776367,56.7400016784668,1.0
2017-11-13,16.56609344482422,16.716057702097963,16.29115865533919,16.416129187550474,12424700,0.01129076616295821,VALE3.SA,349,1086,63.15999984741211,56.7599983215332,1.0
2017-11-14,16.076210021972656,16.546098560997496,15.96623629115931,16.50610898020132,23389800,-0.029571451138024174,VALE3.SA,348,1085,62.209999084472656,55.70000076293945,1.0
2017-11-15,16.076210021972656,16.076210021972656,16.076210021972656,16.076210021972656,0,0.0,VALE3.SA,347,1084,61.869998931884766,55.33000183105469,1.0
2017-11-16,16.29615592956543,16.39113475033477,16.01122328105522,16.22617273967154,16280300,0.013681452736195698,VALE3.SA,346,1083,61.36000061035156,55.13999938964844,1.0
2017-11-17,16.456117630004883,16.581088153587178,16.156189136166923,16.291157530463664,13771300,0.00981591616641575,VALE3.SA,345,1082,62.720001220703125,56.54999923706055,1.0
2017-11-20,16.456117630004883,16.456117630004883,16.456117630004883,16.456117630004883,0,0.0,VALE3.SA,342,1079,62.220001220703125,56.09000015258789,1.0
2017-11-21,17.020986557006836,17.020986557006836,16.57109377325939,16.641076968049056,23741300,0.034325771102414304,VALE3.SA,341,1078,62.56999969482422,56.83000183105469,1.0
2017-11-22,17.36590003967285,17.480872661050768,17.13595289001868,17.19594009787542,22150200,0.020264012400857512,VALE3.SA,340,1077,63.31999969482422,58.02000045776367,1.0
2017-11-23,17.595853805541992,17.670834991334946,17.28092748589366,17.410897925640263,11962000,0.013241684297606637,VALE3.SA,339,1076,63.31999969482422,58.02000045776367,1.0
2017-11-24,17.890783309936523,17.920775019700923,17.550863282012955,17.585854881337514,30784900,0.016761306819998767,VALE3.SA,338,1075,63.86000061035156,58.95000076293945,1.0
2017-11-27,17.700828552246094,17.88578443154653,17.535868418518476,17.72582228076249,15112700,-0.010617464557011846,VALE3.SA,335,1072,63.84000015258789,58.11000061035156,1.0
2017-11-28,18.1207275390625,18.320681157425557,17.620845400053877,17.720822209235408,28591400,0.023721996152723746,VALE3.SA,334,1071,63.61000061035156,57.9900016784668,1.0
2017-11-29,17.845792770385742,18.28568958729577,17.8108011731553,18.135723419852123,18176000,-0.015172391289703269,VALE3.SA,333,1070,63.11000061035156,57.29999923706055,1.0
2017-11-30,17.565855026245117,18.03574537618413,17.46088025283697,17.845789662232217,25417200,-0.015686484077365725,VALE3.SA,332,1069,63.56999969482422,57.400001525878906,1.0
2017-12-01,17.735816955566406,17.980760027419095,17.440886435694264,17.595850575592817,17204100,0.009675699194109821,VALE3.SA,331,1068,63.4900016784668,58.36000061035156,1.0
2017-12-04,18.41065788269043,18.485639050392226,17.920771767257786,17.97575910104505,22600100,0.038049610503688935,VALE3.SA,328,1065,62.45000076293945,57.470001220703125,1.0
2017-12-05,18.005752563476562,18.695590360645735,18.005752563476562,18.400659860232008,25898800,-0.021992984813136718,VALE3.SA,327,1064,62.86000061035156,57.619998931884766,1.0
2017-12-06,17.875783920288086,17.99075848691188,17.675832214770605,17.78580689228955,20400800,-0.00721817334378505,VALE3.SA,326,1063,61.220001220703125,55.959999084472656,1.0
2017-12-07,17.665830612182617,17.745811658876256,17.445883210499748,17.52086436914459,19876200,-0.011745124523864003,VALE3.SA,325,1062,62.20000076293945,56.689998626708984,1.0
2017-12-08,17.735816955566406,17.970762156435423,17.725819084582735,17.90077896644863,21502200,0.003961678616771325,VALE3.SA,324,1061,63.400001525878906,57.36000061035156,1.0
2017-12-11,17.875783920288086,17.99575646911775,17.73581753573595,17.91077742332509,14785300,0.007891768677605215,VALE3.SA,321,1058,64.69000244140625,57.9900016784668,1.0
2017-12-12,18.08573341369629,18.08573341369629,17.605847084986635,17.81079865705422,17624400,0.011744911123585444,VALE3.SA,320,1057,63.34000015258789,57.13999938964844,1.0
2017-12-13,18.05074119567871,18.235697020913864,18.02074758608705,18.210703299703496,21135300,-0.001934796738244482,VALE3.SA,319,1056,62.439998626708984,56.599998474121094,1.0
2017-12-14,18.115726470947266,18.285686445535852,17.89077916533021,17.950764477861856,17718000,0.003600144424214191,VALE3.SA,318,1055,63.310001373291016,57.040000915527344,1.0
2017-12-15,18.440649032592773,18.635602732414473,18.175712148927257,18.25069331437474,32954100,0.017935938819047426,VALE3.SA,317,1054,63.22999954223633,57.29999923706055,1.0
2017-12-18,18.91554069519043,19.005519635041633,18.66559961935911,18.740582704868135,24339300,0.025752437550235596,VALE3.SA,314,1051,63.40999984741211,57.15999984741211,1.0
2017-12-19,18.920534133911133,19.045504641815167,18.815559364927413,18.850550954588655,14041000,0.000263986042015274,VALE3.SA,313,1050,63.79999923706055,57.459999084472656,1.0
2017-12-20,19.570383071899414,19.60037477456339,18.980522098791067,18.980522098791067,19218100,0.03434622581946889,VALE3.SA,312,1049,64.55999755859375,58.09000015258789,1.0
2017-12-21,19.860313415527344,19.860313415527344,19.535391230473724,19.545387193301135,11772500,0.014814750562764045,VALE3.SA,311,1048,64.9000015258789,58.36000061035156,1.0
2017-12-22,20.102779388427734,20.12298872649456,19.814803066415365,19.875429153347294,10140000,0.012208567298380268,VALE3.SA,310,1047,65.25,58.470001220703125,1.0
2017-12-25,20.102779388427734,20.102779388427734,20.102779388427734,20.102779388427734,0,0.0,VALE3.SA,307,1044,65.25,58.470001220703125,1.0
2017-12-26,20.133092880249023,20.2088769396803,19.713759685930377,20.01184069788141,9986600,0.0015079254085004212,VALE3.SA,306,1043,67.0199966430664,59.970001220703125,1.0
2017-12-27,20.138145446777344,20.314972342664806,20.021944639870068,20.107831438652944,9943000,0.0002509582883452044,VALE3.SA,305,1042,66.44000244140625,59.63999938964844,1.0
2017-12-28,20.340234756469727,20.34023475646973,20.17351251598992,20.213929269606414,9963300,0.010035149970809343,VALE3.SA,304,1041,66.72000122070312,59.84000015258789,1.0
2017-12-29,20.340234756469727,20.34023475646973,20.34023475646973,20.34023475646973,0,0.0,VALE3.SA,303,1040,66.5999984741211,60.41999816894531,1.0
2018-01-02,21.077856063842773,21.08796073205032,20.431170789438575,20.431170789438575,14156500,0.03626414917057086,VALE3.SA,299,1036,66.56999969482422,60.369998931884766,1.0
2018-01-03,20.95155143737793,21.158692325719247,20.86566271782406,21.13343161782757,12744200,-0.005992290016701873,VALE3.SA,298,1035,67.83999633789062,61.630001068115234,1.0
2018-01-04,21.03744125366211,21.40625303824669,20.976815160553773,21.123329985561945,18433000,0.004099448985479537,VALE3.SA,297,1034,68.06999969482422,62.0099983215332,1.0
2018-01-05,21.365833282470703,21.365833282470703,20.870716082588327,21.00207292040672,15251300,0.015609884531534002,VALE3.SA,296,1033,67.62000274658203,61.439998626708984,1.0
2018-01-08,21.840742111206055,21.84074211120606,21.421408943960383,21.421408943960383,14542800,0.022227489209371676,VALE3.SA,293,1030,67.77999877929688,61.72999954223633,1.0
2018-01-09,21.759904861450195,22.103455872623297,21.689174111020744,22.017569083464224,15986200,-0.0037012135093332788,VALE3.SA,292,1029,68.81999969482422,62.959999084472656,1.0
2018-01-10,21.456769943237305,21.699276170093817,21.431507312034363,21.593180057206876,12149500,-0.013930893546778456,VALE3.SA,291,1028,69.19999694824219,63.56999969482422,1.0
2018-01-11,21.87610626220703,21.87610626220703,21.52245057298053,21.52245057298053,10236300,0.019543310576524586,VALE3.SA,290,1027,69.26000213623047,63.79999923706055,1.0
2018-01-12,22.002412796020508,22.057987511960107,21.598235671826014,21.699280434691776,15014300,0.005773720985789987,VALE3.SA,289,1026,69.87000274658203,64.30000305175781,1.0
2018-01-15,21.961992263793945,22.088297713800088,21.860947518335387,21.97714830106885,7253400,-0.001837095440454295,VALE3.SA,286,1023,69.87000274658203,64.30000305175781,1.0
2018-01-16,21.370887756347656,21.795274264623114,21.370887756347656,21.714438831012018,20121900,-0.0269148855143152,VALE3.SA,285,1022,69.1500015258789,63.72999954223633,1.0
2018-01-17,21.800325393676758,21.835690771907643,21.4011996367641,21.42140897497277,16490700,0.020094515596412066,VALE3.SA,284,1021,69.37999725341797,63.970001220703125,1.0
2018-01-18,21.653812408447266,22.03272885910203,21.562872306108623,21.977154137976335,10772100,-0.006720678823995407,VALE3.SA,283,1020,69.30999755859375,63.95000076293945,1.0
2018-01-19,21.66391372680664,21.92662932322179,21.522450296571755,21.82558456655928,11173100,0.00046649145050481344,VALE3.SA,282,1019,68.61000061035156,63.369998931884766,1.0
2018-01-22,21.547714233398438,21.805376547554328,21.330468667989024,21.775062540543058,11580900,-0.005363735051456486,VALE3.SA,279,1016,69.02999877929688,63.4900016784668,1.0
2018-01-23,20.678733825683594,21.274895859473506,20.61810773349425,21.214269767284165,22075600,-0.04032819436448365,VALE3.SA,278,1015,69.95999908447266,64.47000122070312,1.0
2018-01-24,21.108169555664062,21.284998370242903,20.7848278604289,20.820193237890965,22096600,0.020767022468614504,VALE3.SA,277,1014,70.52999877929688,65.61000061035156,1.0
2018-01-25,21.108169555664062,21.108169555664062,21.108169555664062,21.108169555664062,0,0.0,VALE3.SA,276,1013,70.41999816894531,65.51000213623047,1.0
2018-01-26,20.931344985961914,21.158695242868745,20.56758457491099,21.14353727422913,19259500,-0.008377067904246638,VALE3.SA,275,1012,70.5199966430664,66.13999938964844,1.0
2018-01-29,21.16374397277832,21.340572784866314,20.73430615120613,20.764618230164615,16752900,0.011102917035301418,VALE3.SA,272,1009,69.45999908447266,65.55999755859375,1.0
2018-01-30,20.95155143737793,21.199109072892238,20.830297341322012,21.067752235494428,13180300,-0.010026228614054333,VALE3.SA,271,1008,69.0199966430664,64.5,1.0
2018-01-31,20.94144630432129,21.562868955563122,20.94144630432129,21.093012475578345,22859700,-0.0004823095362099794,VALE3.SA,270,1007,69.05000305175781,64.7300033569336,1.0
2018-02-01,21.113222122192383,21.456773143293233,21.002072695580797,21.01722873474839,21949700,0.008202672125642518,VALE3.SA,269,1006,69.08000183105469,65.80000305175781,1.0
2018-02-02,20.613052368164062,21.042492123558883,20.587791659556963,21.042492123558883,17892300,-0.023689882630590353,VALE3.SA,268,1005,68.58000183105469,65.44999694824219,1.0
2018-02-05,20.385704040527344,21.239530332996043,20.375601297955566,20.51200952263041,22452800,-0.011029338284117896,VALE3.SA,265,1002,67.62000274658203,64.1500015258789,1.0
2018-02-06,21.456769943237305,21.456769943237305,20.173506139761955,20.213922880603953,26037000,0.05254004966326664,VALE3.SA,264,1001,66.86000061035156,63.38999938964844,1.0
2018-02-07,21.072799682617188,21.583074752455857,21.06774831288676,21.436559975787876,20560700,-0.017895063499114183,VALE3.SA,263,1000,65.51000213623047,61.790000915527344,1.0
2018-02-08,21.01218032836914,21.285000635484213,20.74946469121411,21.062701750900644,18928800,-0.0028766635264915186,VALE3.SA,262,999,64.80999755859375,61.150001525878906,1.0
2018-02-09,21.219318389892578,21.421407907370373,20.729252562733432,20.916186040944357,22760500,0.00985799942159149,VALE3.SA,261,998,62.790000915527344,59.20000076293945,1.0
2018-02-14,22.487422943115234,22.507632278983486,21.855895651744945,21.926628327283826,25905800,0.05976179488530109,VALE3.SA,256,993,64.36000061035156,60.599998474121094,1.0
2018-02-15,23.214946746826172,23.21999811784025,22.70972484559935,22.74003692622105,31043100,0.03235247567279287,VALE3.SA,255,992,64.33000183105469,61.34000015258789,-1.0
2018-02-16,23.255359649658203,23.336195063391315,22.97243666522646,23.149263530496302,21107300,0.0017408139365022723,VALE3.SA,254,991,64.83999633789062,61.68000030517578,-1.0
2018-02-19,23.467554092407227,23.64438095976543,23.219994550837434,23.290725297780714,12756100,0.009124539286673228,VALE3.SA,251,988,64.83999633789062,61.68000030517578,-1.0
2018-02-20,22.99264907836914,23.46755892379179,22.85624085390594,23.265469381832954,18417600,-0.02023666429692983,VALE3.SA,250,987,65.25,61.900001525878906,1.0
2018-02-21,22.633941650390625,23.219999001013704,22.58847160046001,22.992648751360637,24312600,-0.015600961279228054,VALE3.SA,249,986,65.41999816894531,61.68000030517578,1.0
2018-02-22,23.0734806060791,23.078533903770932,22.795608978348138,22.85118368934801,14081800,0.019419461376975367,VALE3.SA,248,985,66.38999938964844,62.77000045776367,1.0
2018-02-23,23.28062629699707,23.44734852339225,23.063380723763483,23.240207619526345,17489800,0.008977652503081579,VALE3.SA,247,984,67.30999755859375,63.54999923706055,-1.0
2018-02-26,23.947521209716797,23.947521209716797,23.58881216036056,23.61407479968489,20374600,0.02864591803553629,VALE3.SA,244,981,67.5,63.90999984741211,-1.0
2018-02-27,23.912147521972656,24.048555705147606,23.598908634021246,23.98287826206874,15063400,-0.0014771335803134278,VALE3.SA,243,980,66.62999725341797,63.0099983215332,-1.0
2018-02-28,22.76024627685547,23.790899418447896,22.55815867261899,23.74037799920593,39459100,-0.04817222058615667,VALE3.SA,242,979,65.77999877929688,61.63999938964844,1.0
2018-03-01,22.45711326599121,23.05327524692262,22.214606991466855,22.841081052170964,25776000,-0.013318529473580809,VALE3.SA,241,978,65.70999908447266,60.9900016784668,1.0
2018-03-02,22.103456497192383,22.169135878990637,21.593183263769607,22.128717204878342,25236200,-0.015748095697339815,VALE3.SA,240,977,64.37000274658203,61.25,1.0
2018-03-05,22.078197479248047,22.199449656327985,21.663915674232477,21.967048044200933,16100600,-0.0011427632573006719,VALE3.SA,237,974,65.54000091552734,62.56999969482422,1.0
2018-03-06,21.97210121154785,22.694566753242903,21.936733905569312,22.48237448098322,22342000,-0.004805476887319138,VALE3.SA,236,973,65.79000091552734,62.599998474121094,1.0
2018-03-07,21.89469337463379,21.981557818915665,21.56256966197763,21.720966435232928,19334700,-0.003523005659257561,VALE3.SA,235,972,64.33999633789062,61.150001525878906,1.0
2018-03-08,21.1844539642334,21.864033394636138,21.07715256443167,21.80782734259831,19983100,-0.0324388836257119,VALE3.SA,234,971,63.61000061035156,60.119998931884766,1.0
2018-03-09,21.511470794677734,21.598335232651827,20.699042217822743,20.934085906412033,21077800,0.015436641935470785,VALE3.SA,233,970,65.48999786376953,62.040000915527344,1.0
2018-03-12,21.695423126220703,21.7822875879953,21.429722933091472,21.60856061360939,11838200,0.008551360030132349,VALE3.SA,230,967,64.94999694824219,61.36000061035156,1.0
2018-03-13,21.52680206298828,21.869145229373,21.485924219690663,21.838488796062638,13838900,-0.007772195188423425,VALE3.SA,229,966,64.63999938964844,60.709999084472656,1.0
2018-03-14,21.76695442199707,22.14506670801448,21.751626204037922,21.894694769424664,17936000,0.011155970046367925,VALE3.SA,228,965,64.88999938964844,60.959999084472656,1.0
2018-03-15,21.66476058959961,21.879363406835754,21.52680080030663,21.818048594648673,16039100,-0.00469490726245958,VALE3.SA,227,964,65.12000274658203,61.189998626708984,1.0
2018-03-16,21.613666534423828,21.76695456249375,21.48592618617172,21.664763843222488,26802000,-0.002358394636509775,VALE3.SA,226,963,66.20999908447266,62.34000015258789,1.0
2018-03-19,21.00050926208496,21.21511402790104,20.78079574075164,21.21511402790104,21861500,-0.0283689614329109,VALE3.SA,223,960,66.05000305175781,62.060001373291016,1.0
2018-03-20,21.255990982055664,21.41949845505895,20.913647819568414,21.00051031184267,9322500,0.012165501168676762,VALE3.SA,222,959,67.41999816894531,63.400001525878906,1.0
2018-03-21,21.715856552124023,21.81293850324668,21.16912808427416,21.332635554145366,19798000,0.021634633287931804,VALE3.SA,221,958,69.47000122070312,65.16999816894531,1.0
2018-03-22,21.424610137939453,21.58811761840618,21.26621141347853,21.42971889394526,15229500,-0.013411693592905172,VALE3.SA,220,957,68.91000366210938,64.30000305175781,1.0
2018-03-23,21.255990982055664,21.56256895580895,20.954523713237823,21.072046536799085,14983200,-0.007870348855739118,VALE3.SA,219,956,70.44999694824219,65.87999725341797,1.0
2018-03-26,21.460378646850586,21.6545445232306,21.261104014138773,21.460378646850586,9850900,0.009615532155967887,VALE3.SA,216,953,70.12000274658203,65.55000305175781,1.0
2018-03-27,20.877880096435547,21.659650301641083,20.806345822647167,21.659650301641083,11659800,-0.02714297636591434,VALE3.SA,215,952,70.11000061035156,65.25,1.0
2018-03-28,21.2253360748291,21.307089817207427,20.469113470538858,20.750141838141662,19038400,0.016642301650773295,VALE3.SA,214,951,69.52999877929688,64.37999725341797,1.0
2018-03-29,21.567684173583984,21.843603847882772,21.32753359706177,21.393957187821417,20347700,0.01612921922875321,VALE3.SA,213,950,70.2699966430664,64.94000244140625,1.0
2018-04-02,21.971336364746094,22.21148880455795,21.623882517463606,21.623882517463606,18944000,0.018715601912258295,VALE3.SA,209,946,67.63999938964844,63.0099983215332,1.0
2018-04-03,21.90491485595703,22.25236876680427,21.685201296181187,22.175725725659277,13693900,-0.0030230982624998015,VALE3.SA,208,945,68.12000274658203,63.5099983215332,1.0
2018-04-04,21.741405487060547,21.766953165238416,21.250883049059,21.358184466903793,12440000,-0.007464506023953765,VALE3.SA,207,944,68.0199966430664,63.369998931884766,1.0
2018-04-05,22.09908103942871,22.323903358709156,21.98666890520694,22.129739425806406,14686600,0.01645135373520512,VALE3.SA,206,943,68.33000183105469,63.540000915527344,1.0
2018-04-06,21.838489532470703,22.022433986024158,21.588117606737217,21.925352028662925,11282700,-0.011791961235540382,VALE3.SA,205,942,67.11000061035156,62.060001373291016,1.0
2018-04-09,21.945785522460938,22.088854045111635,21.567673349389537,22.007100325145174,11918100,0.004913159851586801,VALE3.SA,202,939,68.6500015258789,63.41999816894531,1.0
2018-04-10,22.911508560180664,22.911508560180664,22.313682726718703,22.38010825247292,22479700,0.044004942850249584,VALE3.SA,201,938,71.04000091552734,65.51000213623047,1.0
2018-04-11,22.809316635131836,23.023921437176444,22.594713782250285,22.768440736605232,17709600,-0.004460287928243822,VALE3.SA,200,937,72.05999755859375,66.81999969482422,1.0
2018-04-12,22.89617919921875,22.921726877336983,22.64580727566909,22.69690263190556,9812400,0.003808205457287883,VALE3.SA,199,936,72.0199966430664,67.06999969482422,1.0
2018-04-13,22.98303985595703,23.080121804704703,22.788874009298944,22.916614338833497,15483300,0.0037936747429565543,VALE3.SA,198,935,72.58000183105469,67.38999938964844,1.0
2018-04-16,22.758224487304688,22.916621296554272,22.640703582351883,22.793991634500617,11434200,-0.009781794317085257,VALE3.SA,195,932,71.41999816894531,66.22000122070312,1.0
2018-04-17,23.468456268310547,23.50422340886927,22.76843972559464,22.788876699368927,13348000,0.031207697305299487,VALE3.SA,194,931,71.58000183105469,66.5199966430664,1.0
2018-04-18,24.26044273376465,24.567020688868812,23.938536563112223,24.01518153917894,27655600,0.03374684966064523,VALE3.SA,193,930,73.4800033569336,68.47000122070312,1.0
2018-04-19,24.439279556274414,24.613004524531128,24.219566044562793,24.41372993231888,16092700,0.007371539937351068,VALE3.SA,192,929,73.77999877929688,68.29000091552734,1.0
2018-04-20,24.33709144592285,24.47505125452412,24.18380341942022,24.40351502293742,10188600,-0.004181306168058785,VALE3.SA,191,928,74.05999755859375,68.37999725341797,1.0
2018-04-23,24.27066421508789,24.515925430098708,24.04584192195203,24.127595660288968,11785300,-0.0027294646520338306,VALE3.SA,188,925,74.70999908447266,68.63999938964844,1.0
2018-04-24,24.684541702270508,24.827610246001907,24.372854989859064,24.372854989859064,15113400,0.01705258181295788,VALE3.SA,187,924,73.86000061035156,67.69999694824219,1.0
2018-04-25,24.50059700012207,24.77651659554485,24.24000562139071,24.39840434079924,15525500,-0.007451817593660981,VALE3.SA,186,923,74.0,68.05000305175781,1.0
2018-04-26,24.883819580078125,25.037107604148478,24.331980354429277,24.372858200401627,13273500,0.015641356818943963,VALE3.SA,185,922,74.73999786376953,68.19000244140625,1.0
2018-04-27,24.704980850219727,25.113751495463337,24.454610876629054,24.986011156115435,14624200,-0.007186948502133306,VALE3.SA,184,921,74.63999938964844,68.0999984741211,1.0
2018-04-30,24.868488311767578,24.950244000091107,24.602790121367676,24.658994233345766,8464400,0.006618400659330836,VALE3.SA,181,918,75.16999816894531,68.56999969482422,1.0
2018-05-02,24.888927459716797,25.200614202208705,24.740748197030005,24.78162604156274,16526500,0.0008218894406841759,VALE3.SA,179,916,73.36000061035156,67.93000030517578,1.0
2018-05-03,25.083093643188477,25.205725229189554,24.822504203035216,24.940025083822995,14025900,0.007801307781781341,VALE3.SA,178,915,73.62000274658203,68.43000030517578,1.0
2018-05-04,25.394779205322266,25.496971864030044,24.996228031278214,24.996228031278214,14861100,0.012426121218043207,VALE3.SA,177,914,74.87000274658203,69.72000122070312,1.0
2018-05-07,25.159740447998047,25.56850918229811,25.093314919560825,25.405001688578086,15433900,-0.00925539676576348,VALE3.SA,174,911,76.16999816894531,70.7300033569336,1.0
2018-05-08,25.134187698364258,25.38455961344723,24.99111914640989,25.16484608056712,22420400,-0.0010156205580340583,VALE3.SA,173,910,74.8499984741211,69.05999755859375,1.0
2018-05-09,25.67580795288086,25.762670447173022,25.20572444436659,25.251709094876887,16776100,0.02154914497403282,VALE3.SA,172,909,77.20999908447266,71.13999938964844,1.0
2018-05-10,26.263418197631836,26.263418197631836,25.742237306799847,25.757565525918587,14314200,0.022885754786347245,VALE3.SA,171,908,77.47000122070312,71.36000061035156,1.0
2018-05-11,26.891895294189453,27.37730894662894,26.44224877885114,26.45246823933187,21432500,0.023929752472748866,VALE3.SA,170,907,77.12000274658203,70.69999694824219,-1.0
2018-05-14,27.72987174987793,27.7962972688714,27.080950623675236,27.12182846587515,15847800,0.031160929585708264,VALE3.SA,167,904,78.2300033569336,70.95999908447266,-1.0
2018-05-15,27.924041748046875,27.924041748046875,27.172927853984934,27.49483408703478,15954500,0.0070021960404413885,VALE3.SA,166,903,78.43000030517578,71.30999755859375,-1.0
2018-05-16,28.562744140625,28.613839502929263,28.17441237012532,28.271496287331804,20944200,0.02287284907897691,VALE3.SA,165,902,79.27999877929688,71.48999786376953,-1.0
2018-05-17,28.29704475402832,28.511647620659502,27.975138504918363,28.25616690371961,20241200,-0.009302306014035033,VALE3.SA,164,901,79.30000305175781,71.48999786376953,-1.0
2018-05-18,27.9853515625,28.35835308996396,27.31088278007712,27.949584426247476,22361100,-0.011015043946734027,VALE3.SA,163,900,78.51000213623047,71.27999877929688,-1.0
2018-05-21,27.08095359802246,28.153971734505316,27.080953598022457,28.10798513156102,22608800,-0.03231683412865971,VALE3.SA,160,897,79.22000122070312,72.23999786376953,-1.0
2018-05-22,26.74371337890625,27.111606122941616,26.503560954420657,27.014522232619733,20491700,-0.012453040765183276,VALE3.SA,159,896,79.56999969482422,72.12999725341797,1.0
2018-05-23,26.539335250854492,26.69262523501683,26.186772575439974,26.467800964465734,15703000,-0.007642099851883688,VALE3.SA,158,895,79.80000305175781,71.83999633789062,1.0
2018-05-24,26.80503273010254,27.08095233489872,26.19187870249866,26.222537086085875,14500200,0.010011459470880668,VALE3.SA,157,894,78.79000091552734,70.70999908447266,-1.0
2018-05-25,26.304290771484375,26.973650859683666,26.084577229142734,26.866349441097167,13141500,-0.01868089338521206,VALE3.SA,156,893,76.44000244140625,67.87999725341797,1.0
2018-05-28,26.09479522705078,26.80503117095813,25.91084883455277,26.007932735683834,13832600,-0.007964310699481003,VALE3.SA,153,890,76.44000244140625,67.87999725341797,1.0
2018-05-29,25.629817962646484,26.60064518324384,25.542955479845336,26.554658589654228,18697800,-0.017818774217560618,VALE3.SA,152,889,75.38999938964844,66.7300033569336,1.0
2018-05-30,25.869976043701172,26.23786692365276,25.39478178914913,25.655371243663296,25861400,0.009370260897080929,VALE3.SA,151,888,77.5,68.20999908447266,1.0
2018-06-01,26.95832061767578,27.121830046843844,25.880193780505255,26.007934121081956,20424100,0.042069794426408125,VALE3.SA,149,886,77.58999633789062,65.80999755859375,-1.0
2018-06-04,26.835693359375,27.31088762434636,26.447361598091934,27.172927810403408,13964100,-0.004548772159804981,VALE3.SA,146,883,75.29000091552734,64.75,-1.0
2018-06-05,27.45395278930664,27.591912586136868,26.825470569855288,26.825470569855288,16988600,0.023038697813844822,VALE3.SA,145,882,75.37999725341797,65.5199966430664,-1.0
2018-06-06,28.649606704711914,28.731360454063083,27.8422886735145,27.847397430090073,26835500,0.04355124832410229,VALE3.SA,144,881,75.36000061035156,64.7300033569336,-1.0
2018-06-07,27.780967712402344,28.997056256226422,27.116718355396245,28.848876998747944,32389900,-0.030319403727336658,VALE3.SA,143,880,77.31999969482422,65.94999694824219,-1.0
2018-06-08,26.002824783325195,27.586806259270105,25.885303897714167,27.586806259270105,30421100,-0.06400579517189842,VALE3.SA,142,879,76.45999908447266,65.73999786376953,1.0
2018-06-11,25.982385635375977,26.56999200751507,25.84953653297012,26.24808578935069,14362000,-0.0007860356757211084,VALE3.SA,139,876,76.45999908447266,66.0999984741211,1.0
2018-06-12,26.416698455810547,26.75393282123951,25.629817620088776,25.80354453253173,18403200,0.016715663701151406,VALE3.SA,138,875,75.87999725341797,66.36000061035156,1.0
2018-06-13,26.34005355834961,26.69261808853425,25.921065465252372,26.55976706438385,15599000,-0.002901380639565798,VALE3.SA,137,874,76.73999786376953,66.63999938964844,1.0
2018-06-14,26.421812057495117,26.51378526031566,25.93128960856086,26.503565798984162,18827200,0.0031039610061684986,VALE3.SA,136,873,75.94000244140625,66.88999938964844,1.0
2018-06-15,25.103532791137695,26.28385231482768,24.88381924490321,26.26341534127976,36611400,-0.04989359789134762,VALE3.SA,135,872,73.44000244140625,65.05999755859375,1.0
2018-06-18,25.1444091796875,25.18528702590957,24.454612092575477,24.842941885870196,20490400,0.00162831219374171,VALE3.SA,132,869,75.33999633789062,65.8499984741211,1.0
2018-06-19,24.679439544677734,24.909372604707716,24.030518219332407,24.37286343074669,26764800,-0.018491968997441544,VALE3.SA,131,868,75.08000183105469,65.06999969482422,1.0
2018-06-20,24.94002342224121,25.077983216365016,24.561911177328252,25.06265305090939,14448400,0.010558743730453735,VALE3.SA,130,867,74.73999786376953,66.22000122070312,1.0
2018-06-21,24.122488021850586,25.139302099020654,24.035625516583803,24.7867374739274,13952800,-0.032780057442189814,VALE3.SA,129,866,73.05000305175781,65.54000091552734,1.0
2018-06-22,24.5312557220459,24.766299445164684,24.26044680636484,24.60279195465955,9632500,0.01694550329240685,VALE3.SA,128,865,75.55000305175781,68.58000183105469,1.0
2018-06-25,24.09694480895996,24.423959864516046,23.63707866885704,24.372864493021712,13800400,-0.017704389779591656,VALE3.SA,125,862,74.7300033569336,68.08000183105469,1.0
2018-06-26,24.699871063232422,24.699871063232422,23.82612764636446,24.27066346297333,15460100,0.025020858828886716,VALE3.SA,124,861,76.30999755859375,70.52999877929688,1.0
2018-06-27,24.602792739868164,25.180177731383075,24.475052387011452,24.771408992074214,14471100,-0.003930317009175233,VALE3.SA,123,860,77.62000274658203,72.76000213623047,1.0
2018-06-28,25.072877883911133,25.26193307229547,24.270668573315653,24.44950429892743,16298400,0.019106983057301852,VALE3.SA,122,859,77.8499984741211,73.44999694824219,1.0
2018-06-29,25.33857536315918,25.59916481396561,25.062655745249064,25.39478142782565,12248000,0.010597007670130276,VALE3.SA,121,858,79.44000244140625,74.1500015258789,1.0
2018-07-02,24.914478302001953,25.134191871360816,24.791848651156123,24.98090383322195,8222800,-0.0167372101658817,VALE3.SA,118,855,77.30000305175781,73.94000244140625,1.0
2018-07-03,24.505706787109375,25.28747900703579,24.50570678710937,25.19039509947075,11486600,-0.0164069867302713,VALE3.SA,117,854,77.76000213623047,74.13999938964844,1.0
2018-07-04,24.541473388671875,24.715200328271067,24.321759848909284,24.613007666889853,6147000,0.001459521321838242,VALE3.SA,116,853,77.76000213623047,74.13999938964844,1.0
2018-07-05,25.394779205322266,25.43054634349556,24.68454324850561,24.80717287962467,12179600,0.034769950570460395,VALE3.SA,115,852,77.38999938964844,72.94000244140625,1.0
2018-07-06,25.721797943115234,25.77289330541492,25.23638420461572,25.440769552140715,8582200,0.012877400317165666,VALE3.SA,114,851,77.11000061035156,73.80000305175781,1.0
2018-07-10,25.307918548583984,26.110127823309856,25.2159453369066,25.905744424486993,10935700,-0.016090609040882775,VALE3.SA,110,847,78.86000061035156,74.11000061035156,1.0
2018-07-11,24.965574264526367,25.088203908742877,24.756080168923695,24.781627849038546,12912600,-0.013527160813340489,VALE3.SA,109,846,73.4000015258789,70.37999725341797,1.0
2018-07-12,25.777999877929688,25.89041004679791,25.016666627091613,25.215941236937315,20765500,0.03254183560110202,VALE3.SA,108,845,74.44999694824219,70.33000183105469,1.0
2018-07-13,25.706464767456055,26.002821320143447,25.512298919663294,25.854642069218375,15555400,-0.0027750450311266883,VALE3.SA,107,844,75.33000183105469,71.01000213623047,1.0
2018-07-16,25.548065185546875,25.854641188108364,25.343679884397424,25.706463891395835,12550000,-0.006161857857238773,VALE3.SA,104,841,71.83999633789062,68.05999755859375,1.0
2018-07-17,25.905738830566406,26.069246293983188,25.394777520098284,25.61449103953259,11553600,0.01400002866838923,VALE3.SA,103,840,72.16000366210938,68.08000183105469,1.0
2018-07-18,26.288963317871094,26.40137349572829,25.96705710359887,26.135675294129122,9762900,0.01479303446279312,VALE3.SA,102,839,72.9000015258789,68.76000213623047,1.0
2018-07-19,25.256820678710938,25.931289531276118,25.067765517549027,25.910850608674036,20977000,-0.039261443164573584,VALE3.SA,101,838,72.58000183105469,69.45999908447266,1.0
2018-07-20,24.894041061401367,25.47653676962851,24.848054455532743,25.33857695202264,16788900,-0.014363629608193706,VALE3.SA,100,837,73.06999969482422,70.45999908447266,1.0
2018-07-23,25.343685150146484,25.614496022811263,24.796956597513027,25.077986932274882,8554600,0.01806231811203607,VALE3.SA,97,834,73.05999755859375,67.88999938964844,1.0
2018-07-24,26.21742820739746,26.769265465244843,26.21742820739746,26.529113001175965,20910300,0.03447576988407808,VALE3.SA,96,833,73.44000244140625,68.5199966430664,1.0
2018-07-25,26.442249298095703,26.4422492980957,25.926179203242768,26.29407004195947,15263700,0.008575253412339112,VALE3.SA,95,832,73.93000030517578,69.30000305175781,1.0
2018-07-26,26.96854019165039,27.172925517093375,26.774376276558773,26.810143416136857,54299500,0.01990340865565443,VALE3.SA,94,831,74.54000091552734,69.61000061035156,1.0
2018-07-27,27.310890197753906,27.423300392579996,27.20869751677842,27.326218417693084,21543400,0.01269442111699881,VALE3.SA,93,830,74.29000091552734,68.69000244140625,1.0
2018-07-30,27.76053810119629,27.770755615516777,27.367097528303304,27.438631823526872,15527200,0.016464051526206225,VALE3.SA,90,827,74.97000122070312,70.12999725341797,1.0
2018-07-31,28.021121978759766,28.092656259638236,27.6174620233307,27.6941070095079,15921000,0.009386845334681926,VALE3.SA,89,826,74.25,68.76000213623047,1.0
2018-08-01,27.111614227294922,27.474396375462085,27.091175302258222,27.285341191780535,36906000,-0.032457934844802305,VALE3.SA,88,825,74.25,67.66000366210938,1.0
2018-08-02,26.999202728271484,27.12694308903182,26.314514316629545,26.61598164599047,19796400,-0.004146248839372535,VALE3.SA,87,824,73.44999694824219,68.95999908447266,1.0
2018-08-03,27.624956130981445,27.829974517024535,26.983616924318724,27.498791895883098,15607700,0.023176736328392344,VALE3.SA,86,823,73.20999908447266,68.48999786376953,1.0
2018-08-06,27.546106338500977,27.81420686499566,27.335829921581762,27.3883980231393,11904900,-0.002854295663189843,VALE3.SA,83,820,73.75,69.01000213623047,1.0
2018-08-07,27.73009490966797,28.203215814529923,27.667012790801177,28.066535550750068,19065600,0.0066792950301595155,VALE3.SA,82,819,74.6500015258789,69.16999816894531,1.0
2018-08-08,27.546106338500977,28.034997303295288,27.472508188838077,28.0192252685524,13076000,-0.006634978054216645,VALE3.SA,81,818,72.27999877929688,66.94000244140625,1.0
2018-08-09,27.251718521118164,27.88254573794873,27.193892408818236,27.59867318957331,12752800,-0.010687093622787192,VALE3.SA,80,817,72.06999969482422,66.80999755859375,1.0
2018-08-10,27.18338394165039,27.288522166826624,26.66295283531255,27.025677606558464,14630800,-0.0025075328520959284,VALE3.SA,79,816,72.80999755859375,67.62999725341797,1.0
2018-08-13,27.4830265045166,27.69855896313129,27.199155904268,27.372632270789655,14720600,0.011023004476168108,VALE3.SA,76,813,72.61000061035156,67.19999694824219,1.0
2018-08-14,27.735349655151367,27.81420380415462,27.214918688831673,27.3883950091568,17475600,0.0091810540077637,VALE3.SA,75,812,72.45999908447266,67.04000091552734,1.0
2018-08-15,26.49998664855957,27.325318350146954,26.468444581590315,27.12555593669777,26625700,-0.04454110086772778,VALE3.SA,74,811,70.76000213623047,65.01000213623047,1.0
2018-08-16,26.137258529663086,26.825909857530213,26.089946437986804,26.757571729265713,20125600,-0.013687860439590138,VALE3.SA,73,810,71.43000030517578,65.45999908447266,1.0
2018-08-17,26.704999923706055,26.910018306131715,25.879668381182878,26.03737467494536,17343200,0.021721535691994642,VALE3.SA,72,809,71.83000183105469,65.91000366210938,1.0
2018-08-20,27.041440963745117,27.214919293267464,26.831166570640153,26.8627066266665,14783600,0.012598428796114725,VALE3.SA,69,806,72.20999908447266,66.43000030517578,1.0
2018-08-21,27.193893432617188,27.388397813303317,26.820654700522457,26.894250844276964,13378300,0.005637734656095628,VALE3.SA,68,805,72.62999725341797,67.3499984741211,1.0
2018-08-22,28.01922607421875,28.01922607421875,27.14132631982861,27.151840341511345,13073500,0.030349925568643688,VALE3.SA,67,804,74.77999877929688,67.86000061035156,1.0
2018-08-23,28.04551124572754,28.134879430927327,27.67753049885977,27.914088977462,12263000,0.0009381119749405364,VALE3.SA,66,803,74.7300033569336,67.83000183105469,1.0
2018-08-24,28.466062545776367,28.62902486605904,28.15064791604732,28.1769319671886,10971100,0.014995315876543236,VALE3.SA,65,802,75.81999969482422,68.72000122070312,1.0
2018-08-27,29.26511001586914,29.26511001586914,28.47657639870277,28.47657639870277,11205300,0.028070178965138748,VALE3.SA,62,799,76.20999908447266,68.87000274658203,1.0
2018-08-28,29.254592895507812,29.65411564282317,28.949692320828337,29.401785169990678,17875600,-0.0003593740244142163,VALE3.SA,61,798,75.94999694824219,68.52999877929688,1.0
2018-08-29,29.028545379638672,29.522692286357486,28.986489299742125,29.044315406927744,10292800,-0.0077269069057478434,VALE3.SA,60,797,77.13999938964844,69.51000213623047,1.0
2018-08-30,28.686847686767578,29.380756984985766,28.59748152208303,29.070600404316703,14432500,-0.011771092502305347,VALE3.SA,59,796,77.7699966430664,70.25,1.0
2018-08-31,28.18744468688965,28.807757890828874,28.024482374133314,28.660565606960063,15000000,-0.017408779289063925,VALE3.SA,58,795,77.41999816894531,69.80000305175781,1.0
2018-09-03,28.413482666015625,28.476564768128036,27.971903940540983,28.01921601846126,4356600,0.008019101470063683,VALE3.SA,55,792,77.41999816894531,69.80000305175781,1.0
2018-09-04,27.335830688476562,28.2768145723049,27.335830688476566,28.176932369061085,10521800,-0.037927486405177846,VALE3.SA,54,791,78.16999816894531,69.87000274658203,1.0
2018-09-05,27.414682388305664,27.672268877531824,27.204405984356452,27.377884318416214,7100000,0.0028845547343232525,VALE3.SA,53,790,77.2699966430664,68.72000122070312,1.0
2018-09-06,28.113853454589844,28.318871887308724,27.54611025670255,27.75112868942143,12479400,0.025503526044220237,VALE3.SA,52,789,76.5,67.7699966430664,1.0
2018-09-10,27.9771728515625,28.40823772706275,27.840492570836282,28.339897586699642,9341300,-0.004861681563792519,VALE3.SA,48,785,77.37000274658203,67.54000091552734,1.0
2018-09-11,27.64598846435547,27.85626489596009,27.40417197175142,27.656502486470167,10347800,-0.01183766454760049,VALE3.SA,47,784,79.05999755859375,69.25,1.0
2018-09-12,28.098079681396484,28.234757949893996,27.430454357761388,27.86151921155026,14230800,0.01635286861324947,VALE3.SA,46,783,79.73999786376953,70.37000274658203,1.0
2018-09-13,28.27155876159668,28.61325747396421,28.134880479856516,28.22950467696307,14353500,0.006174054674457086,VALE3.SA,45,782,78.18000030517578,68.58999633789062,1.0
2018-09-14,29.018037796020508,29.03380782680746,28.413494548154468,28.43977860124762,17021500,0.026403886701776846,VALE3.SA,44,781,78.08999633789062,68.98999786376953,1.0
2018-09-17,28.933921813964844,29.21253633043638,28.802499569539503,29.070600065815697,12096900,-0.002898748104435911,VALE3.SA,41,778,78.05000305175781,68.91000366210938,1.0
2018-09-18,30.14301109313965,30.2113512331447,29.18099914079999,29.24408327250218,20647900,0.04178795003832647,VALE3.SA,40,777,79.02999877929688,69.8499984741211,-1.0
2018-09-19,30.794862747192383,30.984109103714793,30.242887689966054,30.28494377275619,12451900,0.021625299875933424,VALE3.SA,39,776,79.4000015258789,71.12000274658203,-1.0
2018-09-20,31.18387222290039,31.336322518599193,30.716009320202538,31.126046110370194,11264600,0.012632284771052493,VALE3.SA,38,775,78.69999694824219,70.80000305175781,-1.0
2018-09-21,32.07228088378906,32.07228088378906,31.331059569309204,31.483509840989775,23057600,0.02848936317268036,VALE3.SA,37,774,78.80000305175781,70.77999877929688,-1.0
2018-09-24,31.646474838256836,32.1984478285343,31.620190792118702,31.988171448740896,9008600,-0.013276450373925552,VALE3.SA,34,771,81.19999694824219,72.08000183105469,-1.0
2018-09-25,32.69786071777344,32.70837473986712,31.467748207638618,31.541344356949686,16840000,0.033222843456978124,VALE3.SA,33,770,81.87000274658203,72.27999877929688,-1.0
2018-09-26,31.54659652709961,32.81350695774698,31.409918267200577,32.69785673947685,24600600,-0.035209159419045455,VALE3.SA,32,769,81.33999633789062,71.56999969482422,-1.0
2018-09-27,31.267986297607422,31.935611671126658,30.810637358628544,31.656997099903677,20631400,-0.008831704848187072,VALE3.SA,31,768,81.72000122070312,72.12000274658203,-1.0
2018-09-28,31.446720123291016,31.693794628815212,30.93680108179458,30.93680108179458,14753000,0.005716192401468145,VALE3.SA,30,767,82.72000122070312,73.25,-1.0
2018-10-01,31.751611709594727,31.840977863822072,31.057702492574517,31.373115043822214,8976500,0.009695497180893353,VALE3.SA,27,764,84.9800033569336,75.30000305175781,-1.0
2018-10-02,32.17216491699219,32.456037438121186,31.793668222153514,31.998686596743045,20530200,0.013245097957354401,VALE3.SA,26,763,84.80000305175781,75.2300033569336,-1.0
2018-10-03,31.515058517456055,32.6926008503548,31.183873858990037,32.597976662221654,26674700,-0.020424687030902056,VALE3.SA,25,762,86.29000091552734,76.41000366210938,-1.0
2018-10-04,30.910512924194336,31.720074468757694,30.84217279242096,31.536084120149837,14396500,-0.019182753315430623,VALE3.SA,24,761,84.58000183105469,74.33000183105469,-1.0
2018-10-05,30.22185707092285,30.65292182743094,30.085176827926183,30.41110339874701,20202600,-0.022279017334987605,VALE3.SA,23,760,84.16000366210938,74.33999633789062,-1.0
2018-10-08,29.990562438964844,30.263921008735355,29.049578478564477,29.964278385309836,26384200,-0.007653223672364651,VALE3.SA,20,757,83.91000366210938,74.29000091552734,-1.0
2018-10-09,30.332258224487305,30.65818487010555,29.817083202269902,30.174551912436193,17830500,0.011393443728101582,VALE3.SA,19,756,85.0,74.95999908447266,-1.0
2018-10-10,29.38075828552246,30.56355855147969,29.38075828552246,30.164035788441236,14135900,-0.03136924168068356,VALE3.SA,18,755,83.08999633789062,73.16999816894531,-1.0
2018-10-11,29.690914154052734,30.04838283056371,29.23882129815095,29.669886113000473,15976400,0.01055642830985426,VALE3.SA,17,754,80.26000213623047,70.97000122070312,-1.0
2018-10-15,30.316490173339844,30.726529044968185,29.880169252484652,29.937995375749214,16290900,0.021069611263610177,VALE3.SA,13,750,80.77999877929688,71.77999877929688,-1.0
2018-10-16,30.332258224487305,30.93679942157401,30.095697753738357,30.458422471990374,15825800,0.000520114665560012,VALE3.SA,12,749,81.41000366210938,71.91999816894531,-1.0
2018-10-17,30.910512924194336,30.97359504295354,30.35853987302637,30.66869646449704,21832000,0.019064017437389724,VALE3.SA,11,748,80.05000305175781,69.75,-1.0
2018-10-18,29.701433181762695,30.936801724353,29.60680898641977,30.936801724353,17237800,-0.03911548622298233,VALE3.SA,10,747,79.29000091552734,68.6500015258789,-1.0
2018-10-19,29.71719741821289,30.24288639857594,29.627831254116444,30.016839976592284,13429700,0.0005307567602452767,VALE3.SA,9,746,79.77999877929688,69.12000274658203,-1.0
2018-10-22,30.684471130371094,30.710755183381192,29.98004768083912,30.33226040827746,14084400,0.03254929119141581,VALE3.SA,6,743,79.83000183105469,69.16999816894531,-1.0
2018-10-23,29.83285140991211,30.253402218145947,29.4385846511908,30.127237978348013,20763100,-0.02775409479409474,VALE3.SA,5,742,76.44000244140625,66.43000030517578,-1.0
2018-10-24,28.613252639770508,30.27442981171039,28.613252639770508,30.17454962290362,17954800,-0.04088106608999442,VALE3.SA,4,741,76.16999816894531,66.81999969482422,-1.0
2018-10-25,28.707874298095703,29.459609667962063,28.282065520475662,29.422811601354134,29494700,0.003306917235745388,VALE3.SA,3,740,76.88999938964844,67.33000183105469,-1.0
2018-10-26,29.228313446044922,29.380763767830786,28.129623135998358,28.860332676692554,26630300,0.018128794300306117,VALE3.SA,2,739,77.62000274658203,67.58999633789062,-1.0
2018-10-29,27.914087295532227,28.592226640204643,27.651242774838533,28.402978264450056,26198300,-0.044964145910736164,VALE3.SA,1462,736,77.33999633789062,67.04000091552734,-1.0
2018-10-30,28.318870544433594,28.834045608856485,27.840493555659144,28.176934250356158,23799200,0.014501038297109359,VALE3.SA,1461,735,75.91000366210938,66.18000030517578,-1.0
2018-10-31,29.811824798583984,29.811824798583988,28.52914427058958,28.571198350758568,26626000,0.05271941378480749,VALE3.SA,1460,734,75.47000122070312,65.30999755859375,-1.0
2018-11-01,30.227121353149414,30.626644161726354,29.186257241108407,29.832854552890943,20420000,0.01393059825660714,VALE3.SA,1459,733,75.5,63.689998626708984,-1.0
2018-11-05,30.242883682250977,30.489958122540305,29.98529722800154,30.28493975946794,15491800,0.000521463123047905,VALE3.SA,1455,729,73.16999816894531,63.099998474121094,-1.0
2018-11-06,30.08517837524414,30.411104962827775,29.732967741222893,29.964270157355763,11211000,-0.005214625320249855,VALE3.SA,1454,728,72.12999725341797,62.209999084472656,-1.0
2018-11-07,30.274436950683594,30.5688235841803,30.174556738324206,30.379575177314194,12982500,0.006290757963236304,VALE3.SA,1453,727,72.06999969482422,61.66999816894531,-1.0
2018-11-08,29.97478675842285,30.894742500375106,29.974786758422848,30.374309512576303,16743700,-0.009897795712893509,VALE3.SA,1452,726,70.6500015258789,60.66999816894531,-1.0
2018-11-09,28.728904724121094,29.964273075078683,28.45554620279484,29.7014285744201,29209700,-0.041564333529467645,VALE3.SA,1451,725,70.18000030517578,60.189998626708984,-1.0
2018-11-12,28.83404541015625,29.14946006326966,28.59748692700207,28.96546768095066,15985200,0.0036597526792199186,VALE3.SA,1448,722,70.12000274658203,59.93000030517578,-1.0
2018-11-13,29.58051872253418,29.58051872253418,28.571194852578426,28.86032539172219,18790200,0.02588860847513952,VALE3.SA,1447,721,65.47000122070312,55.689998626708984,-1.0
2018-11-14,28.997005462646484,29.26510597309514,28.518628547863837,29.02328951185213,28360900,-0.01972626867571392,VALE3.SA,1446,720,66.12000274658203,56.25,-1.0
2018-11-16,29.517440795898438,29.62257700103956,28.991751748814544,29.359732477497612,19633700,0.017947899272646284,VALE3.SA,1444,718,66.76000213623047,56.459999084472656,-1.0
2018-11-19,29.10740089416504,29.58577782902534,28.81301632215531,29.517439699291366,12979700,-0.013891444877239367,VALE3.SA,1441,715,66.79000091552734,56.7599983215332,-1.0
2018-11-21,28.66582489013672,28.676338912377876,28.234760004972607,28.466064483588752,18590600,-0.015170574852557128,VALE3.SA,1439,713,63.47999954223633,54.630001068115234,-1.0
2018-11-22,28.408239364624023,28.765708112036656,28.255789044774126,28.749936075446993,9255400,-0.008985805449517215,VALE3.SA,1438,712,63.47999954223633,54.630001068115234,-1.0
2018-11-23,26.46843910217285,28.066534068244046,26.46843910217285,28.066534068244046,33531500,-0.06828301597834152,VALE3.SA,1437,711,58.79999923706055,50.41999816894531,1.0
2018-11-26,26.347532272338867,26.857451247026336,25.758761150397643,26.258166104382394,30327300,-0.004567962219731325,VALE3.SA,1434,708,60.47999954223633,51.630001068115234,1.0
2018-11-27,26.242393493652344,26.542038063730296,25.81132868104106,26.12148526624619,25582700,-0.003990460191860334,VALE3.SA,1433,707,60.209999084472656,51.560001373291016,1.0
2018-11-28,27.49353790283203,27.504051924851556,26.40010568228211,26.54729797986613,29038300,0.047676459446518216,VALE3.SA,1432,706,58.7599983215332,50.290000915527344,-1.0
2018-11-29,27.335830688476562,27.71958345557729,26.878481774992768,27.293774601775045,23362000,-0.005736155707309787,VALE3.SA,1431,705,59.5099983215332,51.45000076293945,-1.0
2018-11-30,27.75638198852539,28.224244931434246,27.10452867661124,27.10452867661124,29502000,0.015384617531528422,VALE3.SA,1430,704,58.709999084472656,50.93000030517578,-1.0
2018-12-03,28.445032119750977,29.27036368958154,28.25052775118658,29.22830760700308,32418200,0.02481051498391529,VALE3.SA,1427,701,61.689998626708984,52.95000076293945,-1.0
2018-12-04,27.79843521118164,28.66056486055126,27.598672827316058,28.571196686712288,26844200,-0.02273145292461698,VALE3.SA,1426,700,62.08000183105469,53.25,-1.0
2018-12-05,27.75638198852539,28.11385071003107,27.56187759767056,28.01922651872988,9656100,-0.0015127910019674395,VALE3.SA,1425,699,62.08000183105469,53.25,-1.0
2018-12-06,27.49353790283203,27.651244222435572,26.846940588716254,27.17812526362495,21376400,-0.009469681091794357,VALE3.SA,1424,698,60.060001373291016,51.4900016784668,-1.0
2018-12-07,26.96258544921875,27.998191268014747,26.857447263131654,27.588154548153597,19472100,-0.01931189996317606,VALE3.SA,1423,697,61.66999816894531,52.61000061035156,-1.0
2018-12-10,26.389589309692383,27.146580779569526,26.38433129647864,26.87322224744444,14331300,-0.02125152799628749,VALE3.SA,1420,694,59.970001220703125,51.0,1.0
2018-12-11,26.59986114501953,27.199148256776695,26.41587080720655,26.888991683503185,19443900,0.007967984376699544,VALE3.SA,1419,693,60.20000076293945,51.650001525878906,1.0
2018-12-12,26.478952407836914,27.020413401377954,26.46843838797411,26.888991161109278,15808900,-0.004545464975303282,VALE3.SA,1418,692,60.150001525878906,51.150001525878906,1.0
2018-12-13,26.59986114501953,26.957329805922704,26.41587080720655,26.731283387841454,15149000,0.004566220570978219,VALE3.SA,1417,691,61.45000076293945,52.58000183105469,1.0
2018-12-14,26.747058868408203,26.910021187093488,26.205597794551448,26.484214348882734,16910700,0.005533777886514768,VALE3.SA,1416,690,60.279998779296875,51.20000076293945,1.0
2018-12-17,26.941564559936523,27.477767646453692,26.825912324017736,27.283263254054063,21401300,0.007272040357231946,VALE3.SA,1413,687,59.61000061035156,49.880001068115234,-1.0
2018-12-18,27.041440963745117,27.43570770682933,26.99412887436124,26.99412887436124,18988400,0.003707149359733819,VALE3.SA,1412,686,56.2599983215332,46.2400016784668,-1.0
2018-12-19,26.289710998535156,27.54610963154145,26.289710998535156,27.230694968455925,24414200,-0.027799182973193504,VALE3.SA,1411,685,57.2400016784668,47.20000076293945,1.0
2018-12-20,26.184579849243164,26.899515478809718,25.995331415843573,26.67347096707705,25323700,-0.003998946557375649,VALE3.SA,1410,684,54.349998474121094,45.880001068115234,1.0
2018-12-21,26.736547470092773,26.94156589458175,26.4001067729473,26.431646834964226,28272600,0.021079873117214154,VALE3.SA,1409,683,53.81999969482422,45.59000015258789,1.0
2018-12-26,26.515750885009766,26.652431139997063,25.9690358810934,26.342274567949612,13356400,-0.008258230997475913,VALE3.SA,1404,678,54.470001220703125,46.220001220703125,1.0
2018-12-27,26.0216064453125,26.489469351453913,25.905954219400883,26.337019054633046,14332000,-0.018635883322339675,VALE3.SA,1403,677,52.15999984741211,44.61000061035156,1.0
2018-12-28,26.81014060974121,26.915278817122825,26.415873836068545,26.447415899886384,11914300,0.03030305473591377,VALE3.SA,1402,676,52.20000076293945,45.33000183105469,1.0
2019-01-02,26.857450485229492,27.004642760203673,26.174055201692365,26.28970541545307,17319600,0.0017646261605615,VALE3.SA,1397,671,54.90999984741211,46.540000915527344,-1.0
2019-01-03,25.758758544921875,26.77859438579691,25.443345977121737,26.704998253666492,30120000,-0.04090827388518703,VALE3.SA,1396,670,55.95000076293945,47.09000015258789,1.0
2019-01-04,27.435710906982422,27.57239118352043,26.18982841501065,26.18982841501065,43360100,0.06510221985799647,VALE3.SA,1395,669,57.060001373291016,47.959999084472656,-1.0
2019-01-07,27.28851318359375,28.20321283456444,27.18863300549602,27.793174091894176,20998900,-0.005365187141959882,VALE3.SA,1392,666,57.33000183105469,48.52000045776367,-1.0
2019-01-08,27.551361083984375,27.756379478146194,27.13606628253921,27.440966872565618,19925600,0.00963218108008368,VALE3.SA,1391,665,58.720001220703125,49.779998779296875,-1.0
2019-01-09,28.224245071411133,28.41875146857523,27.772154161706766,27.945630509722875,27695500,0.02442289458497582,VALE3.SA,1390,664,61.439998626708984,52.36000061035156,-1.0
2019-01-10,27.914087295532227,28.01396949681634,27.477766433959864,27.98242743240906,18113600,-0.01098905480356216,VALE3.SA,1389,663,61.68000030517578,52.59000015258789,-1.0
2019-01-11,27.53559112548828,28.10333421804921,27.535591125488285,27.998196014139573,12360400,-0.013559324581768673,VALE3.SA,1388,662,60.47999954223633,51.59000015258789,-1.0
2019-01-14,27.651241302490234,27.703811407036493,27.03618611938228,27.325314675681174,14626300,0.004200025213727976,VALE3.SA,1385,659,58.9900016784668,50.5099983215332,-1.0
2019-01-15,27.519813537597656,27.96665031270045,27.26748310234452,27.782657991654347,14480300,-0.004753051172452838,VALE3.SA,1384,658,60.63999938964844,52.11000061035156,-1.0
2019-01-16,27.677526473999023,27.766892640858533,27.4409660244527,27.546104224844886,15375100,0.005730886809458102,VALE3.SA,1383,657,61.31999969482422,52.310001373291016,-1.0
2019-01-17,28.50812339782715,28.760453958337596,27.477773107739896,27.56713930391556,25525500,0.03000979602019016,VALE3.SA,1382,656,61.18000030517578,52.06999969482422,-1.0
2019-01-18,28.786724090576172,29.22830285919861,28.51862362639372,28.886606267803096,25815900,0.009772677382554606,VALE3.SA,1381,655,62.70000076293945,53.79999923706055,-1.0
2019-01-21,29.06009292602539,29.09689100274943,28.59222994595283,28.834046451666435,10676600,0.009496350977244772,VALE3.SA,1378,652,62.70000076293945,53.79999923706055,-1.0
2019-01-22,28.954952239990234,28.954952239990234,28.571197489947227,28.63953762417544,17154300,-0.0036180436966529728,VALE3.SA,1377,651,61.5,52.56999969482422,-1.0
2019-01-23,29.254592895507812,29.386015142108754,29.08637258028615,29.154710704670716,13470400,0.010348511475136934,VALE3.SA,1376,650,61.13999938964844,52.619998931884766,-1.0
2019-01-24,29.517440795898438,29.543724847183718,29.17574211315608,29.333448426212332,14118200,0.008984842186301245,VALE3.SA,1375,649,61.09000015258789,53.130001068115234,-1.0
2019-01-28,22.268186569213867,23.65600522134429,22.268186569213864,23.65600522134429,183534500,-0.24559223398838437,VALE3.SA,1371,645,59.93000030517578,51.9900016784668,1.0
2019-01-29,22.46794891357422,23.49304086711068,22.39435076852406,22.746563443987267,68335900,0.008970750435355335,VALE3.SA,1370,644,61.31999969482422,53.310001373291016,1.0
2019-01-30,24.497106552124023,24.602244752996597,23.645490935210493,24.313116204605304,67892500,0.09031343476679665,VALE3.SA,1369,643,61.650001525878906,54.22999954223633,-1.0
2019-01-31,23.91884994506836,24.938685902120906,23.91884994506836,24.702127451994674,39814600,-0.02360509825212509,VALE3.SA,1368,642,61.88999938964844,53.790000915527344,1.0
2019-02-01,24.3131160736084,24.355172155868587,23.960905408728994,24.03450154733995,21286700,0.01648349019478368,VALE3.SA,1367,641,61.869998931884766,55.2599983215332,-1.0
2019-02-04,23.487783432006836,24.234260809764827,23.156598818113505,24.181692714696677,35888900,-0.03394598368645352,VALE3.SA,1364,638,62.5099983215332,54.560001373291016,1.0
2019-02-05,23.403676986694336,23.766401712990778,23.030438238648703,23.366878913244463,21992300,-0.003580859196695707,VALE3.SA,1363,637,61.97999954223633,53.65999984741211,1.0
2019-02-06,22.320755004882812,23.340592973257586,22.320755004882812,23.13031656597459,29257400,-0.046271446252962534,VALE3.SA,1362,636,62.689998626708984,54.0099983215332,1.0
2019-02-07,21.8634090423584,22.494236343032377,21.663646629320287,22.157795650764843,31403200,-0.02048971741432437,VALE3.SA,1361,635,61.630001068115234,52.63999938964844,1.0
2019-02-08,22.688739776611328,22.91478623311014,21.295662963801874,21.36400310318037,48169600,0.03774940736158405,VALE3.SA,1360,634,62.099998474121094,52.720001220703125,1.0
2019-02-11,22.08945083618164,23.156598807249832,22.021110708349678,23.056718624529495,30697300,-0.026413496136416748,VALE3.SA,1357,631,61.5099983215332,52.40999984741211,1.0
2019-02-12,23.28802490234375,23.30379693774112,22.10522452011624,22.341784997630665,36421200,0.05426002099603555,VALE3.SA,1356,630,62.41999816894531,53.099998474121094,1.0
2019-02-13,23.91359519958496,24.17643971834989,23.288023961503924,23.293281974872162,38153200,0.026862316571048206,VALE3.SA,1355,629,63.61000061035156,53.900001525878906,1.0
2019-02-14,24.002962112426758,24.15015440575677,23.68229146880529,23.861025827282273,24055400,0.0037370755880048456,VALE3.SA,1354,628,64.56999969482422,54.40999984741211,1.0
2019-02-15,24.118614196777344,24.192210342987146,23.755887468536763,23.866283693196053,27877700,0.004818242173981968,VALE3.SA,1353,627,66.25,55.59000015258789,1.0
2019-02-18,23.787433624267578,24.26055465318656,23.60344322710182,24.071306241618966,18777400,-0.013731326758981699,VALE3.SA,1350,624,66.25,55.59000015258789,1.0
2019-02-19,23.91359519958496,24.15015366219777,23.77691492683426,23.918851207608665,20523500,0.005303706877763936,VALE3.SA,1349,623,66.44999694824219,56.09000015258789,1.0
2019-02-20,24.076557159423828,24.223751451375517,23.62446427302234,24.129127265601042,25493000,0.006814615639295196,VALE3.SA,1348,622,67.08000183105469,56.91999816894531,1.0
2019-02-21,23.85576820373535,24.22900692531715,23.724345949205606,24.097584670787406,21401300,-0.009170287687999323,VALE3.SA,1347,621,67.06999969482422,56.959999084472656,1.0
2019-02-22,24.702131271362305,24.738929347309078,23.955651719274783,24.02399186260939,17580700,0.03547834051700871,VALE3.SA,1346,620,67.12000274658203,57.2599983215332,1.0
2019-02-25,24.770465850830078,25.10165049211782,24.391971123274256,24.891374083763345,16801500,0.0027663434671725273,VALE3.SA,1343,617,64.76000213623047,55.47999954223633,1.0
2019-02-26,24.812524795532227,24.859836892599862,24.497110146633087,24.59699235452292,10362900,0.001697947263302746,VALE3.SA,1342,616,65.20999908447266,55.5,1.0
2019-02-27,24.61802101135254,24.83880946626498,24.36043247527663,24.83880946626498,15004800,-0.00783893560943505,VALE3.SA,1341,615,66.38999938964844,56.939998626708984,1.0
2019-02-28,24.759950637817383,24.759950637817383,24.234261647584788,24.486594127599464,17877800,0.005765273593657083,VALE3.SA,1340,614,66.02999877929688,57.220001220703125,1.0
2019-03-01,24.57070541381836,24.970228182384965,23.419445188936376,24.859833970650772,29872100,-0.007643198759450631,VALE3.SA,1339,613,65.06999969482422,55.79999923706055,1.0
2019-03-06,25.259353637695312,25.259353637695312,24.807260819996596,24.93342705030441,15244200,0.028027206068315103,VALE3.SA,1334,608,65.98999786376953,56.220001220703125,1.0
2019-03-07,25.685165405273438,25.737733504249906,25.085880253426197,25.143706365506972,21112500,0.016857587636077698,VALE3.SA,1333,607,66.30000305175781,56.65999984741211,-1.0
2019-03-08,25.67991065979004,25.700938704194098,25.0490853704258,25.36975402353659,25446000,-0.00020458289446401157,VALE3.SA,1332,606,65.73999786376953,56.06999969482422,-1.0
2019-03-11,26.221370697021484,26.258168770545133,25.55374535469375,25.706195662345785,20201600,0.021084965769731845,VALE3.SA,1329,603,66.58000183105469,56.790000915527344,-1.0
2019-03-12,26.268678665161133,26.45792701660342,26.047888253363706,26.17931049682704,15591300,0.0018041760168174825,VALE3.SA,1328,602,66.66999816894531,56.869998931884766,-1.0
2019-03-13,26.652429580688477,26.810135861155857,26.12674064223444,26.252904864470683,21999200,0.014608687418918187,VALE3.SA,1327,601,67.55000305175781,58.2599983215332,-1.0
2019-03-14,26.657691955566406,26.773344191362803,26.389591415263876,26.705004051542694,17257400,0.00019744447169434132,VALE3.SA,1326,600,67.2300033569336,58.61000061035156,-1.0
2019-03-15,26.573579788208008,26.936306498544425,26.49472763773732,26.705002044336975,26054400,-0.00315526818670564,VALE3.SA,1325,599,67.16000366210938,58.52000045776367,-1.0
2019-03-18,26.526269912719727,26.636664135811575,26.195087243444185,26.415875689627878,23021400,-0.0017803350495244619,VALE3.SA,1322,596,67.54000091552734,59.09000015258789,-1.0
2019-03-19,27.28326416015625,27.54085068736416,26.594610740756163,26.652436860636016,32034400,0.028537530905298203,VALE3.SA,1321,595,67.61000061035156,59.029998779296875,-1.0
2019-03-20,26.57883644104004,27.167607556865807,26.49472628163636,27.046699328057038,25667000,-0.02581904111550326,VALE3.SA,1320,594,68.5,59.83000183105469,-1.0
2019-03-21,26.752309799194336,27.057210346542963,26.5525474407709,26.563061460197833,19660000,0.006526747645221986,VALE3.SA,1319,593,67.86000061035156,59.97999954223633,-1.0
2019-03-22,26.31073760986328,26.983620984566446,26.126747237099522,26.53152806252445,25714700,-0.016505946314375963,VALE3.SA,1318,592,67.02999877929688,59.040000915527344,-1.0
2019-03-25,26.047897338867188,26.44742222134275,25.842878888409064,26.074181395658872,15897500,-0.009989848057226691,VALE3.SA,1315,589,67.20999908447266,58.81999969482422,-1.0
2019-03-26,26.431640625,26.65243103396872,26.179310161424507,26.18456817408848,13413800,0.014732217389394231,VALE3.SA,1314,588,67.97000122070312,59.939998626708984,-1.0
2019-03-27,26.074174880981445,26.673462054961863,25.921726587541148,26.310735343691544,20805100,-0.013524160270265262,VALE3.SA,1313,587,67.83000183105469,59.40999984741211,-1.0
2019-03-28,25.916465759277344,26.599861017609097,25.558997100086405,26.552548930206054,28490000,-0.006048479862698741,VALE3.SA,1312,586,67.81999969482422,59.29999923706055,-1.0
2019-03-29,26.773340225219727,27.125550883377215,26.258165259430726,26.258165259430726,25118100,0.03306293666356286,VALE3.SA,1311,585,68.38999938964844,60.13999938964844,-1.0
2019-04-01,27.651241302490234,27.887801759587305,27.388396795792247,27.51981904914124,25392200,0.0327901214374271,VALE3.SA,1308,582,69.01000213623047,61.59000015258789,-1.0
2019-04-02,27.141321182250977,28.0192207704636,27.141321182250977,27.887798532323206,21442400,-0.018441129447354543,VALE3.SA,1307,581,69.37000274658203,62.58000183105469,-1.0
2019-04-03,27.220176696777344,27.772151769678093,27.130810526327178,27.745865714515613,21477200,0.0029053675757662045,VALE3.SA,1306,580,69.30999755859375,62.459999084472656,-1.0
2019-04-04,27.419937133789062,27.57764342681914,27.13606460312833,27.335826977150063,14145700,0.007338689944484056,VALE3.SA,1305,579,69.4000015258789,62.099998474121094,-1.0
2019-04-05,27.325313568115234,27.52507594660526,27.178121292040668,27.440965788084885,8359200,-0.0034509038154294513,VALE3.SA,1304,578,70.33999633789062,63.08000183105469,-1.0
2019-04-08,28.06654167175293,28.066541671752933,27.52508252225919,27.598678677878357,14400900,0.02712606030265663,VALE3.SA,1301,575,71.0999984741211,64.4000015258789,-1.0
2019-04-09,27.519813537597656,28.01921840137417,27.493529493260798,27.9561362938969,14745400,-0.01947971148527783,VALE3.SA,1300,574,70.61000061035156,63.97999954223633,-1.0
2019-04-10,27.209659576416016,27.724836519820485,27.08349534952269,27.724836519820485,15608000,-0.011270205764944863,VALE3.SA,1299,573,71.7300033569336,64.61000061035156,-1.0
2019-04-11,27.225433349609375,27.262231418584854,26.77334049608849,27.072983060799892,10274300,0.0005797122580333269,VALE3.SA,1298,572,70.83000183105469,63.58000183105469,-1.0
2019-04-12,27.062469482421875,27.71432472484719,26.97310331497707,27.383140093313276,16905900,-0.005985721699810487,VALE3.SA,1297,571,71.55000305175781,63.88999938964844,-1.0
2019-04-15,26.983619689941406,27.188638096997376,26.694489110406515,27.120297959530532,15787300,-0.002913621483497053,VALE3.SA,1294,568,71.18000030517578,63.400001525878906,-1.0
2019-04-16,27.914087295532227,27.945629359939506,26.72603094434834,26.95207739257248,18935600,0.03448268306040747,VALE3.SA,1293,567,71.72000122070312,64.05000305175781,-1.0
2019-04-17,27.46725082397461,28.282068389932718,27.17812226900166,27.945627743757328,26483700,-0.016007561588056496,VALE3.SA,1292,566,71.62000274658203,63.7599983215332,-1.0
2019-04-18,27.640729904174805,27.84574830312242,27.341085314930808,27.440967513126967,10706000,0.006315851604951073,VALE3.SA,1291,565,71.97000122070312,64.0,-1.0
2019-04-22,26.967845916748047,27.33582862624718,26.70500141072644,27.30954457671391,16324700,-0.024343929764500394,VALE3.SA,1287,561,74.04000091552734,65.69999694824219,-1.0
2019-04-23,27.293773651123047,27.293773651123043,26.957332990607586,27.12029731288299,9890800,0.012085790440258481,VALE3.SA,1286,560,74.51000213623047,66.30000305175781,-1.0
2019-04-24,26.473703384399414,27.199154903554632,26.36856516337993,27.09927269118097,19992800,-0.030046056555096068,VALE3.SA,1285,559,74.56999969482422,65.88999938964844,-1.0
2019-04-25,26.45793342590332,26.510501533885293,25.958528378695462,26.40536331257657,15916200,-0.000595683885518894,VALE3.SA,1284,558,74.3499984741211,65.20999908447266,-1.0
2019-04-26,26.505239486694336,26.626149726275095,26.03212057081467,26.53678154989077,10632700,0.0017879726292115983,VALE3.SA,1283,557,72.1500015258789,63.29999923706055,-1.0
2019-04-29,26.415870666503906,26.84167945290283,26.347530539104117,26.77859533283644,8729200,-0.0033717416601836137,VALE3.SA,1280,554,72.04000091552734,63.5,-1.0
2019-04-30,26.337018966674805,26.647175567120108,26.158284620564892,26.4001030926038,11371400,-0.0029850123368860837,VALE3.SA,1279,553,72.80000305175781,63.90999984741211,-1.0
2019-05-02,25.727222442626953,25.90595680718784,25.611572210507312,25.90595680718784,15906200,-0.023153589433164368,VALE3.SA,1277,551,70.75,61.810001373291016,-1.0
2019-05-03,26.494728088378906,26.615636325432714,25.96378104159424,25.995323105525696,10614000,0.029832433231512967,VALE3.SA,1276,550,70.8499984741211,61.939998626708984,-1.0
2019-05-06,26.105716705322266,26.153028797430895,25.80607412374911,26.074174642135024,10437300,-0.014682595788830466,VALE3.SA,1273,547,71.23999786376953,62.25,-1.0
2019-05-07,26.126745223999023,26.126745223999023,25.611570214610758,25.94275286006746,15190600,0.0008055139383502663,VALE3.SA,1272,546,69.87999725341797,61.400001525878906,-1.0
2019-05-08,25.758758544921875,26.35804362694866,25.72721648600418,26.18982332340936,18474900,-0.014084673614037868,VALE3.SA,1271,545,70.37000274658203,62.119998931884766,-1.0
2019-05-09,25.516944885253906,25.764017354950287,25.259356389430053,25.758761347230966,12456600,-0.009387628648572455,VALE3.SA,1270,544,70.38999938964844,61.70000076293945,1.0
2019-05-10,26.000579833984375,26.179314190526316,25.264616369957515,25.390780618490314,25272300,0.018953481731661226,VALE3.SA,1269,543,70.62000274658203,61.65999984741211,-1.0
2019-05-13,24.933429718017578,25.627339045593796,24.933429718017578,25.51168682254962,18657700,-0.041043319909810805,VALE3.SA,1266,540,70.2300033569336,61.040000915527344,1.0
2019-05-14,25.01753807067871,25.41706080406065,24.891371835990366,25.327694642053952,14183900,0.003373316611968269,VALE3.SA,1265,539,71.23999786376953,61.779998779296875,1.0
2019-05-15,25.206790924072266,25.46963545507334,24.71789993598269,24.786240075539467,18447400,0.007564807250772798,VALE3.SA,1264,538,71.7699966430664,62.02000045776367,1.0
2019-05-16,24.3919734954834,25.721966192440444,24.08707287425115,25.522203785610508,49247900,-0.03232531388240789,VALE3.SA,1263,537,72.62000274658203,62.869998931884766,1.0
2019-05-17,25.085880279541016,25.085880279541016,24.339400840162586,24.391970944538215,34079700,0.02844816079298007,VALE3.SA,1262,536,72.20999908447266,62.7599983215332,1.0
2019-05-20,24.57596206665039,25.096395086883977,24.512879944767214,25.0333109596563,23909600,-0.020326901316932933,VALE3.SA,1259,533,71.97000122070312,63.099998474121094,1.0
2019-05-21,24.92291831970215,25.212046902390952,24.22900891911118,24.759953988751004,32381300,0.014117707868803064,VALE3.SA,1258,532,72.18000030517578,62.9900016784668,1.0
2019-05-22,24.949199676513672,25.595796911516874,24.90188758588688,25.117419997554613,21087400,0.0010545055949866544,VALE3.SA,1257,531,70.98999786376953,61.41999816894531,1.0
2019-05-23,25.13844871520996,25.180504799273653,24.402483286851087,24.74418195116295,15786300,0.00758537512826285,VALE3.SA,1256,530,67.76000213623047,57.90999984741211,1.0
2019-05-24,25.396034240722656,25.984805311208362,25.39603424072266,25.569510553795524,24936500,0.010246675458412291,VALE3.SA,1255,529,68.69000244140625,58.630001068115234,1.0
2019-05-27,26.38433074951172,26.415872812106887,25.70619344914328,25.758761548124127,17281600,0.038915387316824646,VALE3.SA,1252,526,68.69000244140625,58.630001068115234,-1.0
2019-05-28,26.415870666503906,26.783853345514107,26.20559427697114,26.258164377026468,37041000,0.0011954033358518856,VALE3.SA,1251,525,70.11000061035156,59.13999938964844,-1.0
2019-05-29,26.126745223999023,26.205597375388688,25.837616658214575,26.03212103805582,17842500,-0.010945141508112433,VALE3.SA,1250,524,69.44999694824219,58.810001373291016,-1.0
2019-05-30,26.289710998535156,26.352795134359123,25.990068372078003,26.132004669664777,12877800,0.006237507700975975,VALE3.SA,1249,523,66.87000274658203,56.59000015258789,-1.0
2019-05-31,25.758758544921875,26.810136444714608,25.60630826816932,26.026859027017576,28857900,-0.020196207316347636,VALE3.SA,1248,522,64.48999786376953,53.5,-1.0
2019-06-03,25.669397354125977,26.074176159185214,25.464376939497086,25.942753896275317,22451600,-0.0034691575154934817,VALE3.SA,1245,519,61.279998779296875,53.25,-1.0
2019-06-04,25.816587448120117,25.942751686775456,25.39077863063342,25.853385518173294,19537300,0.005734068936779302,VALE3.SA,1244,518,61.970001220703125,53.47999954223633,-1.0
2019-06-05,25.438095092773438,25.984812235146773,25.15948051296644,25.905958068428493,14392200,-0.014660820532817587,VALE3.SA,1243,517,60.630001068115234,51.68000030517578,1.0
2019-06-06,25.653623580932617,25.72721972232095,25.396037086073445,25.70093567258861,10869100,0.008472666187194555,VALE3.SA,1242,516,61.66999816894531,52.59000015258789,-1.0
2019-06-07,25.58003044128418,25.811332913553663,25.42232411903932,25.785048860736968,11626500,-0.0028687229862972563,VALE3.SA,1241,515,63.290000915527344,53.9900016784668,1.0
2019-06-10,25.41180419921875,25.879667048945272,25.406548192013112,25.73247478305672,11670100,-0.006576467625852622,VALE3.SA,1238,512,62.290000915527344,53.2599983215332,1.0
2019-06-11,27.036184310913086,27.06246835875584,26.105714578800658,26.15828267448616,44669000,0.0639222661626,VALE3.SA,1237,511,62.290000915527344,53.27000045776367,-1.0
2019-06-12,27.06772804260254,27.3831406468767,26.773341474694067,27.099268099823295,24531300,0.0011667227640816957,VALE3.SA,1236,510,59.970001220703125,51.13999938964844,-1.0
2019-06-13,27.256973266601562,27.467249664255128,27.120295011867785,27.283259320316517,18058600,0.006991544458447629,VALE3.SA,1235,509,61.310001373291016,52.279998779296875,-1.0
2019-06-14,27.020416259765625,27.241204684208142,26.888994005594284,27.178122563702345,20375200,-0.008678770181933415,VALE3.SA,1234,508,62.0099983215332,52.5099983215332,-1.0
2019-06-17,26.389589309692383,26.98361846614391,26.389589309692386,26.810140126290797,20551200,-0.02334630762193568,VALE3.SA,1231,505,60.939998626708984,51.93000030517578,-1.0
2019-06-18,27.335830688476562,27.55661912762578,26.810141636775093,26.810141636775093,27229300,0.03585661632243142,VALE3.SA,1230,504,62.13999938964844,53.900001525878906,-1.0
2019-06-19,27.49353790283203,27.914088756889694,27.246465404079522,27.86152065213673,23746400,0.0057692490179912514,VALE3.SA,1229,503,61.81999969482422,53.7599983215332,-1.0
2019-06-21,27.567134857177734,27.82472339082155,27.388400488312257,27.73009919522543,20492800,0.0026768819133358157,VALE3.SA,1227,501,65.19999694824219,57.43000030517578,-1.0
2019-06-24,27.546106338500977,27.588160418678097,27.3883980231393,27.588160418678097,9338300,-0.0007628111802587823,VALE3.SA,1224,498,64.86000061035156,57.900001525878906,-1.0
2019-06-25,27.009904861450195,27.58290602548939,26.98887681745829,27.435711722890705,12449700,-0.019465599619113427,VALE3.SA,1223,497,65.05000305175781,57.83000183105469,-1.0
2019-06-26,27.115041732788086,27.356858210681477,27.004645509971926,27.07298564688773,13277900,0.003892530235748648,VALE3.SA,1222,496,66.48999786376953,59.380001068115234,-1.0
2019-06-27,27.17812156677246,27.414682016672412,27.08349738681248,27.414682016672412,14941500,0.00232637790514989,VALE3.SA,1221,495,66.55000305175781,59.43000030517578,-1.0
2019-06-28,27.241209030151367,27.440971449857475,27.17286888558313,27.372631305289243,11106100,0.0023212591504497837,VALE3.SA,1220,494,66.55000305175781,58.470001220703125,-1.0
2019-07-01,28.203222274780273,28.276818431206923,27.9140916526115,27.9140916526115,22807300,0.03531463099028098,VALE3.SA,1217,491,65.05999755859375,59.09000015258789,-1.0
2019-07-02,27.015151977539062,28.471310456486467,26.29495875330275,28.439768400880908,48452700,-0.04212533892992787,VALE3.SA,1216,490,62.400001525878906,56.25,-1.0
2019-07-03,26.96258544921875,27.320054078708406,26.888989320561013,27.21491589262131,19929700,-0.001945816494536734,VALE3.SA,1215,489,63.81999969482422,57.34000015258789,-1.0
2019-07-04,27.162353515625,27.38839997807738,26.888996961600636,27.16761152936278,16192600,0.007409084220891593,VALE3.SA,1214,488,63.81999969482422,57.34000015258789,-1.0
2019-07-05,26.473703384399414,26.58935562805533,26.158288721340956,26.494731429672267,27847600,-0.025353109804326923,VALE3.SA,1213,487,64.2300033569336,57.5099983215332,-1.0
2019-07-08,26.783857345581055,27.125554022922554,26.52626883020077,26.62615103255078,12777600,0.011715548696689337,VALE3.SA,1210,484,64.11000061035156,57.65999984741211,-1.0
2019-07-10,27.404170989990234,27.630217443996397,27.020418220602803,27.13081244083523,28106700,0.023159981641386773,VALE3.SA,1208,482,67.01000213623047,60.43000030517578,-1.0
2019-07-11,27.362110137939453,27.59867057248676,27.18863382283426,27.267485964120528,18567500,-0.0015348339515960374,VALE3.SA,1207,481,66.5199966430664,60.20000076293945,-1.0
2019-07-12,27.235950469970703,27.745867486101012,27.193894383301004,27.577647150111382,22248600,-0.0046107433722306634,VALE3.SA,1206,480,66.72000122070312,60.209999084472656,-1.0
2019-07-15,27.69855308532715,27.82471932948815,27.467250643933806,27.577644854234418,20144200,0.016984999876045848,VALE3.SA,1203,477,66.4800033569336,59.58000183105469,-1.0
2019-07-16,27.887800216674805,28.108590632864832,27.751121963105227,27.966654366459313,17393700,0.006832383293259747,VALE3.SA,1202,476,64.3499984741211,57.619998931884766,-1.0
2019-07-17,27.69855308532715,27.924599518996647,27.577644854234418,27.856261391864507,13876700,-0.006786018613060052,VALE3.SA,1201,475,63.65999984741211,56.779998779296875,-1.0
2019-07-18,27.64598846435547,27.76689671065749,27.45674007698024,27.656502486470167,12217200,-0.001897738875014543,VALE3.SA,1200,474,61.93000030517578,55.29999923706055,-1.0
2019-07-19,27.71432876586914,27.982429312639656,27.624960580049184,27.76164086298684,11523100,0.0024719789491984834,VALE3.SA,1199,473,62.470001220703125,55.630001068115234,-1.0
2019-07-22,27.572383880615234,27.682778071033415,27.2359432972394,27.430447633501544,11348100,-0.005121714707689962,VALE3.SA,1196,470,63.2599983215332,56.220001220703125,-1.0
2019-07-23,27.209659576416016,27.65123838123111,27.209659576416016,27.54610219393475,11146800,-0.013155347965912778,VALE3.SA,1195,469,63.83000183105469,56.77000045776367,-1.0
2019-07-24,26.626150131225586,26.9468187545495,26.57358002509867,26.8574525821505,25121800,-0.0214449373595319,VALE3.SA,1194,468,63.18000030517578,55.880001068115234,-1.0
2019-07-25,26.542036056518555,26.87321865227709,26.337015680844527,26.81013653956273,12761900,-0.003159077609510952,VALE3.SA,1193,467,63.38999938964844,56.02000045776367,-1.0
2019-07-26,26.405359268188477,26.836424104719715,26.379075218223296,26.810140054754537,12604500,-0.005149446260981572,VALE3.SA,1192,466,63.459999084472656,56.20000076293945,-1.0
2019-07-29,26.421133041381836,26.599867413956737,26.1793165388819,26.442161086471767,8462200,0.0005973701411576826,VALE3.SA,1189,463,63.709999084472656,56.869998931884766,-1.0
2019-07-30,26.289710998535156,26.589355630337078,26.289710998535156,26.37382117428901,10182500,-0.004974125925668704,VALE3.SA,1188,462,64.72000122070312,58.04999923706055,-1.0
2019-07-31,26.184579849243164,26.573588735368844,25.874423140137203,26.48422253367746,23244900,-0.003998946557375649,VALE3.SA,1187,461,65.16999816894531,58.58000183105469,-1.0
2019-08-01,25.443349838256836,25.937496804224384,25.364495681668256,25.884928703394998,45701400,-0.02830788254972716,VALE3.SA,1186,460,60.5,53.95000076293945,-1.0
2019-08-02,25.148963928222656,25.385524398932123,24.922917479027454,25.33821230479023,19834300,-0.01157024966860054,VALE3.SA,1185,459,61.88999938964844,55.65999984741211,-1.0
2019-08-05,24.181692123413086,24.49710469679817,24.05552589085251,24.49710469679817,36490300,-0.038461695979613686,VALE3.SA,1182,456,59.810001373291016,54.689998626708984,1.0
2019-08-06,24.507619857788086,24.691612205283604,24.334143535951867,24.423509700612637,21913400,0.0134782848409285,VALE3.SA,1181,455,58.939998626708984,53.630001068115234,1.0
2019-08-07,24.434022903442383,24.43402290344238,23.89256391007496,24.1028382933063,20828200,-0.0030030233361203473,VALE3.SA,1180,454,56.22999954223633,51.09000015258789,1.0
2019-08-08,24.802011489868164,24.964975830107797,24.665331203126602,24.865093619332487,24237600,0.015060499365167512,VALE3.SA,1179,453,57.380001068115234,52.540000915527344,1.0
2019-08-09,23.91359519958496,24.607504568696815,23.91359519958496,24.549678453713405,24707500,-0.035820332179352876,VALE3.SA,1178,452,58.529998779296875,54.5,1.0
2019-08-12,23.74011993408203,24.17644285439478,23.671779788841945,23.734863925376548,16409000,-0.007254252823763685,VALE3.SA,1175,449,58.56999969482422,54.93000030517578,1.0
2019-08-13,24.44454002380371,24.602246332565798,23.839996833980436,23.945135041603333,19989100,0.029672136942762162,VALE3.SA,1174,448,61.29999923706055,57.099998474121094,1.0
2019-08-14,23.592924118041992,24.17118124621168,23.514069961771355,24.17118124621168,24950100,-0.034838696286877524,VALE3.SA,1173,447,59.47999954223633,55.22999954223633,1.0
2019-08-15,23.07248878479004,23.918848355134504,22.69399208119642,23.661259875112332,24570500,-0.02205895846771977,VALE3.SA,1172,446,58.22999954223633,54.470001220703125,1.0
2019-08-16,22.967357635498047,23.498304785980242,22.856963398193994,23.3668825019483,19541100,-0.004556558690855139,VALE3.SA,1171,445,58.63999938964844,54.869998931884766,1.0
2019-08-19,22.946327209472656,23.356364015591073,22.71502275035394,23.28276787145131,27533700,-0.0009156658924005523,VALE3.SA,1168,442,59.7400016784668,56.209999084472656,1.0
2019-08-20,23.04620933532715,23.387908039285822,22.552062322310395,22.872730976452676,16865100,0.004352858953970529,VALE3.SA,1167,441,60.029998779296875,56.34000015258789,1.0
2019-08-21,23.209169387817383,23.303793565128785,22.641424323948957,22.920038843063466,16171800,0.007071013289827066,VALE3.SA,1166,440,60.29999923706055,55.68000030517578,1.0
2019-08-22,23.07248878479004,23.33007726481221,22.893754453131308,23.33007726481221,12254400,-0.0058890777495504976,VALE3.SA,1165,439,59.91999816894531,55.349998474121094,1.0
2019-08-23,22.75182342529297,23.44047686273867,22.552063012730354,23.04095403226868,26087800,-0.013898169481762257,VALE3.SA,1164,438,59.34000015258789,54.16999816894531,1.0
2019-08-26,22.499488830566406,22.946325684401312,22.362810572725763,22.862215524496825,13270500,-0.01109074160825474,VALE3.SA,1161,435,58.70000076293945,53.63999938964844,1.0
2019-08-27,22.772850036621094,23.083006663839928,22.310243099930627,22.683483858524045,27809400,0.01214966295960096,VALE3.SA,1160,434,59.5099983215332,54.93000030517578,1.0
2019-08-28,22.856962203979492,23.219686967032096,22.625659718092372,22.76759601807247,13467000,0.0036935283560528553,VALE3.SA,1159,433,60.4900016784668,55.779998779296875,1.0
2019-08-29,23.708576202392578,23.787430364855933,23.109290984774006,23.188145147237357,23487000,0.03725840690521931,VALE3.SA,1158,432,61.08000183105469,56.709999084472656,1.0
2019-08-30,23.955650329589844,24.355175138613404,23.797944012488806,24.176440777806995,27305700,0.010421297554440656,VALE3.SA,1157,431,60.43000030517578,55.099998474121094,1.0
2019-09-02,24.186954498291016,24.53390922249418,24.102844322888572,24.47082709227854,12757600,0.00965551615250737,VALE3.SA,1154,428,60.43000030517578,55.099998474121094,1.0
2019-09-03,23.929367065429688,24.207981634992187,23.834742870984936,24.181697582167462,13227000,-0.010649849813854306,VALE3.SA,1153,427,58.2599983215332,53.939998626708984,1.0
2019-09-04,24.455053329467773,24.455053329467773,24.165924770974016,24.207978849585828,12439100,0.021968247743482383,VALE3.SA,1152,426,60.70000076293945,56.2599983215332,1.0
2019-09-05,24.455053329467773,24.807264008551485,24.455053329467773,24.681099767371585,20284900,0.0,VALE3.SA,1151,425,60.95000076293945,56.29999923706055,1.0
2019-09-06,24.418254852294922,24.54441909137512,24.229006488330203,24.418254852294922,10419000,-0.0015047391914091435,VALE3.SA,1150,424,61.540000915527344,56.52000045776367,1.0
2019-09-09,25.175243377685547,25.17524337768555,24.334141863730828,24.549674252015738,24430000,0.03100092655964226,VALE3.SA,1147,421,62.59000015258789,57.849998474121094,1.0
2019-09-10,25.359243392944336,25.495921678352868,24.812526240620617,25.169994993651912,21440800,0.007308768082134209,VALE3.SA,1146,420,62.380001068115234,57.400001525878906,1.0
2019-09-11,25.206790924072266,25.54848761116689,25.012286532627964,25.54848761116689,16872500,-0.006011712041633199,VALE3.SA,1145,419,60.810001373291016,55.75,1.0
2019-09-12,26.121488571166992,26.163544658374132,25.548487417709715,25.5590014395115,39340500,0.03628774681592639,VALE3.SA,1144,418,60.380001068115234,55.09000015258789,1.0
2019-09-13,26.174057006835938,26.4421575269353,26.10571687216571,26.263423178420897,22067600,0.0020124594173003274,VALE3.SA,1143,417,60.220001220703125,54.849998474121094,1.0
2019-09-16,25.543231964111328,25.99006687099411,25.41706570509503,25.969040832278605,26369500,-0.024101156445095806,VALE3.SA,1140,414,69.0199966430664,62.900001525878906,1.0
2019-09-17,25.70619010925293,25.837612344974374,25.353977474740475,25.36449149423949,14473900,0.006379699537261363,VALE3.SA,1139,413,64.55000305175781,59.34000015258789,1.0
2019-09-18,25.443349838256836,25.758762453922166,25.222559403015506,25.758762453922166,15335300,-0.010224785154042904,VALE3.SA,1138,412,63.599998474121094,58.11000061035156,1.0
2019-09-19,25.401294708251953,25.53797498409791,25.106908118644533,25.44335079477212,15680000,-0.0016528928098000772,VALE3.SA,1137,411,64.4000015258789,58.130001068115234,1.0
2019-09-20,25.45386505126953,25.62208740681098,25.23307659364066,25.58003131658943,23870900,0.0020695930511172023,VALE3.SA,1136,410,64.27999877929688,58.09000015258789,1.0
2019-09-23,25.28564453125,25.537977060195082,25.212048379201327,25.33295662975911,11946300,-0.006608839941623756,VALE3.SA,1133,407,64.7699966430664,58.63999938964844,1.0
2019-09-24,24.670589447021484,25.16999448951946,24.59173528044742,25.080626300379205,15322500,-0.024324279472820343,VALE3.SA,1132,406,63.099998474121094,57.290000915527344,1.0
2019-09-25,25.159475326538086,25.243585484538045,24.618016309747368,24.723152503239056,14554600,0.019816546360452936,VALE3.SA,1131,405,62.38999938964844,56.4900016784668,1.0
2019-09-26,25.159475326538086,25.380263739283848,24.985996997656972,25.28563956086585,12257300,0.0,VALE3.SA,1130,404,62.7400016784668,56.40999984741211,1.0
2019-09-27,25.05433464050293,25.41705928486721,24.849316276064673,25.311923101812624,13450600,-0.00417896973885834,VALE3.SA,1129,403,61.90999984741211,55.90999984741211,1.0
2019-09-30,25.101652145385742,25.254102451216333,24.817779577013862,25.04908404250706,12116600,0.0018885955489043038,VALE3.SA,1126,400,60.779998779296875,54.06999969482422,1.0
2019-10-01,25.080625534057617,25.695682800646292,25.054341481117604,25.154221684427526,16083800,-0.0008376584619347316,VALE3.SA,1125,399,58.88999938964844,53.619998931884766,1.0
2019-10-02,23.708576202392578,24.654818130574174,23.70857620239258,24.654818130574174,24637800,-0.05470554670982586,VALE3.SA,1124,398,57.689998626708984,52.63999938964844,1.0
2019-10-03,23.88730812072754,24.0818145001341,23.24596888603353,23.824226000421206,24569900,0.007538703159952975,VALE3.SA,1123,397,57.709999084472656,52.45000076293945,1.0
2019-10-04,24.491849899291992,24.596988097394892,24.01347300300091,24.023987023345633,21339100,0.025308074711016815,VALE3.SA,1122,396,58.369998931884766,52.810001373291016,1.0
2019-10-07,24.202722549438477,24.696869497889512,24.202722549438477,24.339400809956615,12531500,-0.011805043352885902,VALE3.SA,1119,393,58.349998474121094,52.75,1.0
2019-10-08,23.824228286743164,24.376201404419362,23.82422828674316,24.339403330263927,14671300,-0.015638499425928987,VALE3.SA,1118,392,58.2400016784668,52.630001068115234,1.0
2019-10-09,24.008220672607422,24.202727087005584,23.829488300476367,24.008220672607422,9509400,0.007722910629035518,VALE3.SA,1117,391,58.31999969482422,52.59000015258789,1.0
2019-10-10,24.83354949951172,24.94394370937224,24.213236312660605,24.213236312660605,15441700,0.03437692606041276,VALE3.SA,1116,390,59.099998474121094,53.54999923706055,1.0
2019-10-11,25.569507598876953,25.716699848152174,25.23306702605131,25.248837051232513,24527700,0.029635638650032936,VALE3.SA,1115,389,60.5099983215332,54.70000076293945,1.0
2019-10-14,25.227819442749023,25.364497719090917,25.001772981405196,25.338213666564936,11520400,-0.013363110525559607,VALE3.SA,1112,386,59.349998474121094,53.59000015258789,1.0
2019-10-15,25.185760498046875,25.385522884209127,24.98599811188462,25.16999046938874,14669700,-0.001667165281470151,VALE3.SA,1111,385,58.7400016784668,52.810001373291016,1.0
2019-10-16,24.602245330810547,24.980742060703527,24.518135169205934,24.912401927729643,24417100,-0.023168455337355343,VALE3.SA,1110,384,59.41999816894531,53.36000061035156,1.0
2019-10-17,24.55493927001953,24.733673657992757,24.502371158110613,24.702133592985376,14158400,-0.0019228350971597363,VALE3.SA,1109,383,59.90999984741211,53.93000030517578,1.0
2019-10-18,24.197465896606445,24.802009095421738,24.192209888552153,24.649558792368207,16452100,-0.014558104562268026,VALE3.SA,1108,382,59.41999816894531,53.779998779296875,1.0
2019-10-21,24.817781448364258,24.81778144836426,24.31837641198151,24.402486586136362,13486800,0.025635558467500763,VALE3.SA,1105,379,58.959999084472656,53.310001373291016,1.0
2019-10-22,24.865093231201172,24.991259493505165,24.759955013505294,24.85457920889711,15194800,0.0019063663259082375,VALE3.SA,1104,378,59.70000076293945,54.15999984741211,1.0
2019-10-23,24.765209197998047,25.143705921040095,24.723153115284756,25.022795685911575,12362800,-0.0040170383547080135,VALE3.SA,1103,377,61.16999816894531,55.970001220703125,1.0
2019-10-24,24.57596206665039,25.00702690931702,24.45505383081409,24.949200795363897,14646600,-0.007641652845918778,VALE3.SA,1102,376,61.66999816894531,56.22999954223633,1.0
2019-10-25,25.5274658203125,25.5274658203125,24.99651865635202,25.101656887315528,21754000,0.03871684661140096,VALE3.SA,1101,375,62.02000045776367,56.65999984741211,1.0
2019-10-28,25.601057052612305,25.653625155303107,25.4118086743741,25.574773001266905,10932200,0.002882825612922746,VALE3.SA,1098,372,61.56999969482422,55.810001373291016,1.0
2019-10-29,25.57477569580078,25.653627858144773,25.27513306713509,25.448609428567696,10091200,-0.0010265731120989718,VALE3.SA,1097,371,61.59000015258789,55.540000915527344,1.0
2019-10-30,25.543231964111328,25.559001994484124,25.070110999481027,25.443351762842557,15325200,-0.0012333923106364608,VALE3.SA,1096,370,60.61000061035156,55.060001373291016,1.0
2019-10-31,24.812524795532227,25.485406171298898,24.63379042942612,25.285643760863913,21765000,-0.028606684134793836,VALE3.SA,1095,369,60.22999954223633,54.18000030517578,1.0
2019-11-01,25.464378356933594,25.601058640960954,25.106909621493152,25.12793766601193,20151300,0.026271150024955947,VALE3.SA,1094,368,61.689998626708984,56.20000076293945,1.0
2019-11-04,26.1898250579834,26.1898250579834,25.800816332288466,25.800816332288466,20980000,0.028488686858215706,VALE3.SA,1091,365,62.130001068115234,56.540000915527344,1.0
2019-11-05,26.216110229492188,26.43164264224623,25.984807788231194,26.321248432008787,15951200,0.0010036405913591562,VALE3.SA,1090,364,62.959999084472656,57.22999954223633,1.0
2019-11-06,26.121488571166992,26.268682871047368,25.706195739391873,26.231884797413425,14879300,-0.0036092943421770496,VALE3.SA,1089,363,61.7400016784668,56.349998474121094,1.0
2019-11-07,26.342275619506836,26.563064032823284,26.04263305552346,26.200339351512973,26788900,0.008452314948986128,VALE3.SA,1088,362,62.290000915527344,57.150001525878906,1.0
2019-11-08,25.8533878326416,26.04789222109874,25.658883444184468,25.932241992868747,19854000,-0.018559056701358267,VALE3.SA,1087,361,62.5099983215332,57.2400016784668,1.0
2019-11-11,25.30141830444336,25.464380650781905,25.212050109860552,25.464380650781905,20385800,-0.021349988317637236,VALE3.SA,1084,358,62.18000030517578,56.86000061035156,1.0
2019-11-12,25.180505752563477,25.49066236556956,25.180505752563477,25.39078016480916,13130500,-0.004778884346520962,VALE3.SA,1083,357,62.060001373291016,56.79999923706055,1.0
2019-11-13,24.770465850830078,25.264614808859758,24.69161370170549,25.049082392701425,16882100,-0.016284021685769923,VALE3.SA,1082,356,62.369998931884766,57.119998931884766,1.0
2019-11-14,24.70738410949707,25.012284705754087,24.686356067270143,24.89137446562149,14155900,-0.0025466513917377087,VALE3.SA,1081,355,62.279998779296875,56.77000045776367,1.0
2019-11-18,25.028060913085938,25.25936341864718,24.959720761650466,25.08588704081249,16777800,0.01297898645067841,VALE3.SA,1077,351,62.439998626708984,57.04999923706055,1.0
2019-11-19,25.32244110107422,25.490663445479846,25.085882627944105,25.29090104084067,13108100,0.011762005415064447,VALE3.SA,1076,350,60.90999984741211,55.209999084472656,1.0
2019-11-21,25.45386505126953,25.453865051269535,25.075370265999357,25.106910328320765,15624200,0.005190018990299361,VALE3.SA,1074,348,63.970001220703125,58.58000183105469,1.0
2019-11-22,26.30022430419922,26.30022430419922,25.522204698349558,25.522204698349558,27680500,0.033250716589600104,VALE3.SA,1073,347,63.38999938964844,57.77000045776367,1.0
2019-11-25,26.736547470092773,26.90476781866551,26.51050100069602,26.568327121520035,24507100,0.016590092953081337,VALE3.SA,1070,344,63.650001525878906,58.0099983215332,1.0
2019-11-26,26.925796508789062,27.072988815981155,26.526271667346553,26.5998678209426,32446500,0.007078290078701421,VALE3.SA,1069,343,64.2699966430664,58.40999984741211,1.0
2019-11-27,26.5893497467041,26.91527635496186,26.35278930307172,26.773340088782433,13507600,-0.012495331827050649,VALE3.SA,1068,342,64.05999755859375,58.11000061035156,1.0
2019-11-28,26.478952407836914,26.747054900977794,26.12148375387857,26.578834593861426,10145300,-0.004151938272987321,VALE3.SA,1067,341,64.05999755859375,58.11000061035156,1.0
2019-11-29,26.273937225341797,26.53152572990889,26.189827061566834,26.478955624209235,10290800,-0.007742571508774665,VALE3.SA,1066,340,62.43000030517578,55.16999816894531,1.0
2019-12-02,26.98887825012207,27.17286863145647,26.342280903132217,26.363308948240363,23952200,0.027211034975401338,VALE3.SA,1063,337,60.91999816894531,55.959999084472656,1.0
2019-12-03,26.505239486694336,26.94681834472204,26.415873315654483,26.941562336861537,13479700,-0.01791992831067546,VALE3.SA,1062,336,60.81999969482422,56.099998474121094,1.0
2019-12-04,26.768085479736328,26.825911596126677,26.563067070966603,26.720775390338314,9105800,0.00991675601248354,VALE3.SA,1061,335,63.0,58.43000030517578,1.0
2019-12-05,26.783857345581055,26.852197483187183,26.57358092464431,26.652435083831733,9503500,0.0005892041048907171,VALE3.SA,1060,334,63.38999938964844,58.43000030517578,1.0
2019-12-06,26.99413299560547,27.17286735997179,26.82591265330124,26.941564890639643,13892600,0.007850835199400663,VALE3.SA,1059,333,64.38999938964844,59.20000076293945,1.0
2019-12-09,27.041440963745117,27.593416008338497,26.983616859248695,27.467249768200034,19388300,0.0017525277862173727,VALE3.SA,1056,330,64.25,59.02000045776367,1.0
2019-12-10,26.9152774810791,27.03618571169563,26.7575711805073,26.92579150182981,13878600,-0.0046655606420961115,VALE3.SA,1055,329,64.33999633789062,59.2400016784668,1.0
2019-12-11,27.246461868286133,27.362112084803567,26.92579125701062,27.009901416907116,15572100,0.012304698974024975,VALE3.SA,1054,328,63.720001220703125,58.7599983215332,1.0
2019-12-12,27.835235595703125,27.893061712052305,27.193894313058887,27.38839870004238,25140900,0.021609181047551163,VALE3.SA,1053,327,64.19999694824219,59.18000030517578,1.0
2019-12-13,28.261037826538086,28.38720406026853,27.777404942150607,28.01922138434435,28172500,0.015297238256560375,VALE3.SA,1052,326,65.22000122070312,60.06999969482422,-1.0
2019-12-16,28.040254592895508,28.739420001219916,28.040254592895508,28.65005382341871,21806800,-0.0078122832925567876,VALE3.SA,1049,323,65.33999633789062,60.209999084472656,1.0
2019-12-17,28.08230209350586,28.234752366743912,27.887797748024564,27.992935936648884,13570300,0.0014995406147633172,VALE3.SA,1048,322,66.0999984741211,60.939998626708984,1.0
2019-12-18,28.108592987060547,28.1453910586168,27.651242088556536,28.008710788255428,22924500,0.0009362086294473215,VALE3.SA,1047,321,66.16999816894531,60.93000030517578,1.0
2019-12-19,28.387208938598633,28.513375194010695,27.97717211786248,28.124364411389386,17683200,0.009912127286710648,VALE3.SA,1046,320,66.54000091552734,61.220001220703125,-1.0
2019-12-20,28.80250358581543,28.907641797085233,28.46606291402773,28.791989564153994,42124200,0.014629639994374832,VALE3.SA,1045,319,66.13999938964844,60.439998626708984,-1.0
2019-12-23,28.692106246948242,28.902380641281987,28.597482067627524,28.860326564552985,10225700,-0.003832907737977176,VALE3.SA,1042,316,66.38999938964844,60.52000045776367,-1.0
2019-12-26,28.80250358581543,28.91289780524366,28.655309287899872,28.81301760747687,20410000,0.003847655446310494,VALE3.SA,1039,313,67.91999816894531,61.68000030517578,-1.0
2019-12-27,28.9235782623291,29.139426690839702,28.826446675347647,29.134031406444365,13920400,0.004203616402752575,VALE3.SA,1038,312,68.16000366210938,61.720001220703125,-1.0
2019-12-30,28.761693954467773,29.063881353027405,28.707732874735058,28.950561850498758,11928100,-0.0055969668203941225,VALE3.SA,1035,309,68.44000244140625,61.68000030517578,-1.0
2020-01-02,29.317502975463867,29.376859339815084,29.004522949057893,29.12863507931029,17509700,0.019324627467213418,VALE3.SA,1032,306,66.25,61.18000030517578,-1.0
2020-01-03,29.101646423339844,29.40922902089815,28.912780638341825,28.966741703060496,17284800,-0.0073627195434985415,VALE3.SA,1031,305,68.5999984741211,63.04999923706055,-1.0
2020-01-06,28.928974151611328,29.031501017836444,28.680749912234898,29.031501017836444,32787800,-0.005933419340495849,VALE3.SA,1028,302,68.91000366210938,63.27000045776367,-1.0
2020-01-07,29.139423370361328,29.241950230055036,28.81565282297271,28.869613894709833,16326400,0.007274686535619024,VALE3.SA,1027,301,68.2699966430664,62.70000076293945,-1.0
2020-01-08,29.144821166992188,29.339084335567794,28.934370087196314,29.24735009400882,15298500,0.00018524033788369643,VALE3.SA,1026,300,65.44000244140625,59.61000061035156,-1.0
2020-01-09,28.761693954467773,29.06927663760738,28.62678919665274,29.004522930231474,14638000,-0.013145636074731626,VALE3.SA,1025,299,65.37000274658203,59.560001373291016,-1.0
2020-01-10,28.794063568115234,29.069268289290036,28.65915884904309,29.004514600510554,9129200,0.00112544183589125,VALE3.SA,1024,298,64.9800033569336,59.040000915527344,-1.0
2020-01-13,29.840927124023438,30.024397646907868,28.875008722411796,28.945159761348375,27497400,0.03635692313562289,VALE3.SA,1021,295,64.19999694824219,58.08000183105469,-1.0
2020-01-14,30.024402618408203,30.407531637185194,29.679046767201722,29.840932065144358,27817000,0.006148451541810873,VALE3.SA,1020,294,64.48999786376953,58.22999954223633,-1.0
2020-01-15,29.92726707458496,30.26183231241836,29.738401261681407,29.840928123188625,21425300,-0.0032352198662459752,VALE3.SA,1019,293,64.0,57.810001373291016,-1.0
2020-01-16,29.770774841308594,30.191678998860432,29.73300168157075,30.00281114168839,13149100,-0.005229085331659444,VALE3.SA,1018,292,64.62000274658203,58.52000045776367,-1.0
2020-01-17,30.758277893066406,30.80684367734214,30.272620050309087,30.3535637102629,36524100,0.03317021666455244,VALE3.SA,1017,291,64.8499984741211,58.540000915527344,-1.0
2020-01-20,30.95254135131836,30.95254135131836,30.5046566629637,30.758278212199848,16746300,0.006315810622666396,VALE3.SA,1014,288,64.8499984741211,58.540000915527344,-1.0
2020-01-21,30.23484230041504,30.763668505296963,30.078354404605648,30.650349045354222,25436800,-0.023187079947887712,VALE3.SA,1013,287,64.58999633789062,58.34000015258789,-1.0
2020-01-22,30.380544662475586,30.677334655588872,30.251037274945293,30.54242992612985,17269400,0.00481902173038784,VALE3.SA,1012,286,63.209999084472656,56.7400016784668,-1.0
2020-01-23,29.948850631713867,30.072962738665186,29.52255118274007,29.911077471271412,23028900,-0.014209555343980496,VALE3.SA,1011,285,62.040000915527344,55.59000015258789,-1.0
2020-01-24,29.031503677368164,30.07296857981439,28.972145254148444,30.01361015659467,19744800,-0.030630456094174585,VALE3.SA,1010,284,60.689998626708984,54.189998626708984,-1.0
2020-01-27,27.256149291992188,27.963050780601282,27.239961383968748,27.876711840338416,38779700,-0.06115268451492484,VALE3.SA,1007,281,59.31999969482422,53.13999938964844,-1.0
2020-01-28,27.628488540649414,28.10874904009623,27.56373484797236,27.628488540649414,23046400,0.013660742926977498,VALE3.SA,1006,280,59.5099983215332,53.47999954223633,-1.0
2020-01-29,27.385658264160156,28.000823460342687,27.229168294329117,27.89829661380649,23323000,-0.008789126344424747,VALE3.SA,1005,279,59.810001373291016,53.33000183105469,-1.0
2020-01-30,27.790374755859375,27.79037475585937,26.873022167755796,26.964758455807576,23083200,0.014778410210021242,VALE3.SA,1004,278,58.290000915527344,52.13999938964844,-1.0
2020-01-31,27.12664222717285,27.55294165027818,26.873020686606917,27.498978525432907,29988200,-0.023883540057212826,VALE3.SA,1003,277,58.15999984741211,51.560001373291016,-1.0
2020-02-03,27.47199821472168,27.56912978174701,26.873020904226397,27.25075454727126,18858200,0.012731247187050876,VALE3.SA,1000,274,54.45000076293945,50.11000061035156,-1.0
2020-02-04,28.20587730407715,28.373159887252314,28.043992062107733,28.168104149567036,21559200,0.026713713491805624,VALE3.SA,999,273,53.959999084472656,49.61000061035156,-1.0
2020-02-05,28.594409942626953,28.93436840943868,28.59440994262695,28.77248313117362,26797700,0.013774882247454157,VALE3.SA,998,272,55.279998779296875,50.75,-1.0
2020-02-06,28.750892639160156,29.096248385453084,28.502668453822444,28.955948385452565,22155800,0.0054724925902363,VALE3.SA,997,271,54.93000030517578,50.95000076293945,-1.0
2020-02-07,28.11414337158203,28.578215946768026,28.01701180661367,28.535047505939147,14450900,-0.02214711298079286,VALE3.SA,996,270,54.470001220703125,50.31999969482422,-1.0
2020-02-10,27.08346939086914,28.006219190533816,26.937772054079982,28.006219190533816,28244800,-0.03666033736438523,VALE3.SA,993,267,53.27000045776367,49.56999969482422,-1.0
2020-02-11,28.087162017822266,28.16810567242431,27.531355235568327,27.601506265657925,27560600,0.03705923389901833,VALE3.SA,992,266,54.0099983215332,49.939998626708984,-1.0
2020-02-12,28.63756561279297,28.804848158840226,28.508058271354255,28.653753515852287,28539800,0.019596269449418058,VALE3.SA,991,265,55.790000915527344,51.16999816894531,-1.0
2020-02-13,28.135730743408203,28.276032818270593,27.822752833723317,28.178901245975972,20105600,-0.017523656730116244,VALE3.SA,990,264,56.34000015258789,51.41999816894531,-1.0
2020-02-14,27.520565032958984,28.21127659467953,27.493584498544806,28.173503434803113,19896200,-0.021864216574269846,VALE3.SA,989,263,57.31999969482422,52.04999923706055,-1.0
2020-02-17,28.821046829223633,28.821046829223633,27.855128455170945,27.90369424097479,28134200,0.04725490900013041,VALE3.SA,986,260,57.31999969482422,52.04999923706055,-1.0
2020-02-18,28.491880416870117,28.62678515564174,28.12493936273267,28.356975678098497,18054400,-0.011421042903263068,VALE3.SA,985,259,57.75,52.04999923706055,-1.0
2020-02-19,28.497276306152344,28.664556856270764,28.27603262818697,28.562030001085834,14439700,0.00018938340338636728,VALE3.SA,984,258,59.119998931884766,53.290000915527344,-1.0
2020-02-20,28.16811180114746,28.864220795037646,28.092565471605845,28.74550395805334,18818800,-0.01155073563763065,VALE3.SA,983,257,59.310001373291016,53.779998779296875,-1.0
2020-02-21,27.051097869873047,27.596112090141634,26.873022632711812,27.520565768370037,32249900,-0.039655264760377396,VALE3.SA,982,256,58.5,53.380001068115234,-1.0
2020-02-26,24.47171974182129,25.275752921912577,24.31523180320528,25.17862134153959,46923300,-0.09535206816594399,VALE3.SA,977,251,53.43000030517578,48.72999954223633,-1.0
2020-02-27,23.996850967407227,24.574242973412257,23.505797895239883,24.093982525284947,42419000,-0.019404797841098498,VALE3.SA,976,250,52.18000030517578,47.09000015258789,-1.0
2020-02-28,23.910512924194336,23.910512924194336,23.311535647798387,23.737835050087007,33228600,-0.003597890545311788,VALE3.SA,975,249,50.52000045776367,44.7599983215332,-1.0
2020-03-02,25.016735076904297,25.410656666937882,24.18032610855995,24.218099270721872,48372500,0.04626509503234488,VALE3.SA,972,246,51.900001525878906,46.75,-1.0
2020-03-03,25.011333465576172,26.48989005527347,24.86024084271754,25.22178655117832,52401800,-0.0002159199156692715,VALE3.SA,971,245,51.86000061035156,47.18000030517578,-1.0
2020-03-04,26.209287643432617,26.489889695272797,25.362086205090126,25.901705060517575,31476600,0.04789645380184249,VALE3.SA,970,244,51.130001068115234,46.779998779296875,-1.0
2020-03-05,25.281147003173828,25.874729083711266,24.795491182897305,25.718239094057335,29092300,-0.035412661835216186,VALE3.SA,969,243,49.9900016784668,45.900001525878906,-1.0
2020-03-06,24.072391510009766,24.725329669383388,23.55435803109261,23.851147916400436,39718600,-0.047812525792928384,VALE3.SA,968,242,45.27000045776367,41.279998779296875,-1.0
2020-03-09,20.413785934448242,22.415771751569,20.402993308394404,21.82758701177395,59037000,-0.1519834692801587,VALE3.SA,965,239,34.36000061035156,31.1299991607666,1.0
2020-03-10,24.18032455444336,24.466321923425724,22.016451531760108,22.61003357905084,63269800,0.18450955800604762,VALE3.SA,964,238,37.220001220703125,34.36000061035156,-1.0
2020-03-11,21.98407554626465,23.89972228660268,21.04513772657723,23.20900867426979,50025000,-0.09082793753382978,VALE3.SA,963,237,35.790000915527344,32.97999954223633,-1.0
2020-03-12,19.075529098510742,19.426282240128458,17.510635375367933,19.426282240128458,62222000,-0.13230242234352685,VALE3.SA,962,236,33.220001220703125,31.5,1.0
2020-03-13,23.149654388427734,23.75942233588849,19.965901676137012,22.66399649723661,67635900,0.2135786257291845,VALE3.SA,961,235,33.849998474121094,31.729999542236328,-1.0
2020-03-16,21.066720962524414,22.340221812005428,19.431674403444752,19.431674403444752,59078300,-0.08997686924192516,VALE3.SA,958,232,30.049999237060547,28.700000762939453,-1.0
2020-03-17,22.399580001831055,23.511195695175406,21.104495855611344,21.85456580959578,52743800,0.06326846221951965,VALE3.SA,957,231,28.729999542236328,26.950000762939453,-1.0
2020-03-18,20.856273651123047,22.054226343917634,19.264397305615248,20.93721526012536,59689100,-0.06889889679100458,VALE3.SA,956,230,24.8799991607666,20.3700008392334,-1.0
2020-03-19,19.64212989807129,21.045138294298013,19.02696258803544,20.235709898363474,52645400,-0.058214797780349437,VALE3.SA,955,229,28.469999313354492,25.219999313354492,1.0
2020-03-20,18.98918914794922,21.266381660360594,18.730172312082207,20.451557992850795,50479900,-0.03324185073158403,VALE3.SA,954,228,26.979999542236328,22.43000030517578,1.0
2020-03-23,18.401004791259766,19.350735266056773,18.00708321720156,19.183452655778822,41958300,-0.03097469576540479,VALE3.SA,951,225,27.030000686645508,23.360000610351562,1.0
2020-03-24,20.311254501342773,20.856270727924294,19.89035242977174,19.89035242977174,37044800,0.10381225002399597,VALE3.SA,950,224,27.149999618530273,24.010000228881836,1.0
2020-03-25,22.043432235717773,22.31324169788559,20.55408491028385,20.60804597932428,38064400,0.08528167151174659,VALE3.SA,949,223,27.389999389648438,24.489999771118164,1.0
2020-03-26,22.663997650146484,22.885241354391923,21.579364382622035,22.12977394266047,36253000,0.02815194148500999,VALE3.SA,948,222,26.34000015258789,22.600000381469727,1.0
2020-03-27,21.63871192932129,22.36180116599068,21.15305626971132,21.207017323507234,32331200,-0.045238520434569884,VALE3.SA,947,221,24.93000030517578,21.510000228881836,1.0
2020-03-30,22.53988265991211,22.8366726558548,21.984075827956733,22.081205340289014,31298300,0.04164622799796591,VALE3.SA,944,218,22.760000228881836,20.09000015258789,1.0
2020-03-31,23.32233428955078,24.00765067981638,22.78271527911959,22.82588372954284,39238000,0.03471409507513923,VALE3.SA,943,217,22.739999771118164,20.479999542236328,1.0
2020-04-01,23.40327262878418,23.80798682993404,22.23230052819569,22.561468407821504,37092100,0.0034704218809546994,VALE3.SA,942,216,24.739999771118164,20.309999465942383,1.0
2020-04-02,23.084896087646484,24.050814421233216,22.620823500181004,23.716251276646634,34372600,-0.013603932500710014,VALE3.SA,941,215,29.940000534057617,25.31999969482422,1.0
2020-04-03,21.854564666748047,23.133460837538156,21.455245789326945,23.09568768057054,31650000,-0.05329594797512771,VALE3.SA,940,214,34.11000061035156,28.34000015258789,1.0
2020-04-06,23.273765563964844,23.414065583267686,22.64780767306966,22.9877661247014,32019300,0.06493841990712923,VALE3.SA,937,211,33.04999923706055,26.079999923706055,1.0
2020-04-07,23.624515533447266,24.55266072963363,23.50580077144592,24.38537812426803,34191900,0.0150706153896083,VALE3.SA,936,210,31.8700008392334,23.6299991607666,1.0
2020-04-08,23.478816986083984,23.878135870210862,23.230592790847584,23.47342170291915,29464500,-0.0061672607489877684,VALE3.SA,935,209,32.84000015258789,25.09000015258789,1.0
2020-04-09,23.35470962524414,23.996857551682368,23.11727800666447,23.716255425097422,29827800,-0.00528592905312919,VALE3.SA,934,208,31.479999542236328,22.760000228881836,1.0
2020-04-13,24.05081558227539,24.05081558227539,23.19282139992134,23.311538223417767,22066800,0.029805806546137736,VALE3.SA,930,204,31.739999771118164,22.40999984741211,1.0
2020-04-14,24.02922821044922,24.822468627476514,24.013040302667495,24.61741287548308,24713600,-0.0008975733796769969,VALE3.SA,929,203,29.600000381469727,20.110000610351562,1.0
2020-04-15,23.306142807006836,23.68927384399673,22.99316487167883,23.473425430438564,28808700,-0.03009191128027766,VALE3.SA,928,202,27.690000534057617,19.8700008392334,1.0
2020-04-16,23.074106216430664,23.73783935998787,22.685581958389065,23.63531043841443,24442900,-0.009956027151194258,VALE3.SA,927,201,27.81999969482422,19.8700008392334,1.0
2020-04-17,23.743234634399414,23.867346750243087,23.32233249732235,23.689273560896254,23604600,0.028999104524025876,VALE3.SA,926,200,28.079999923706055,18.270000457763672,1.0
2020-04-20,22.91221809387207,23.343912803944864,22.788105993381315,23.343912803944864,29050700,-0.035000140179862416,VALE3.SA,923,197,25.56999969482422,-37.630001068115234,1.0
2020-04-22,23.149654388427734,23.333124918601825,22.690977033751007,22.987767052375368,22693600,0.010362868124896618,VALE3.SA,921,195,20.3700008392334,13.779999732971191,1.0
2020-04-23,23.478816986083984,24.11556744063489,23.101085410064552,23.36010223011332,27171100,0.014218899000962848,VALE3.SA,920,194,21.329999923706055,16.5,1.0
2020-04-24,23.613718032836914,23.85115162478507,22.572255631589552,23.403267027960958,55165900,0.005745649230661343,VALE3.SA,919,193,21.440000534057617,16.940000534057617,1.0
2020-04-27,24.040019989013672,24.30982942112041,23.667683713760116,23.991454208895156,25580600,0.018053148410764885,VALE3.SA,916,190,19.989999771118164,12.779999732971191,1.0
2020-04-28,24.072391510009766,24.43933240552993,23.462621777971542,24.390766638226317,25680000,0.0013465679733579705,VALE3.SA,915,189,20.459999084472656,12.34000015258789,1.0
2020-04-29,25.216392517089844,25.567145647280984,24.196513062065257,24.471717812435834,33207500,0.047523363293770826,VALE3.SA,914,188,22.540000915527344,15.0600004196167,1.0
2020-04-30,24.20730209350586,24.91420147404926,24.15333897307493,24.665977295514672,25720300,-0.0400172396943812,VALE3.SA,913,187,25.270000457763672,18.84000015258789,1.0
2020-05-04,23.705461502075195,23.921309913334518,23.41946410686715,23.581349386070137,16994300,-0.02073095917472334,VALE3.SA,909,183,27.200000762939453,20.389999389648438,1.0
2020-05-05,23.58134651184082,24.29903858360809,23.58134651184082,23.98606068976092,19070600,-0.00523571288513025,VALE3.SA,908,182,30.969999313354492,24.559999465942383,1.0
2020-05-06,23.921310424804688,24.15334469291761,23.53278409962389,23.845762038310493,26602700,0.014416645495335167,VALE3.SA,907,181,29.719999313354492,23.989999771118164,1.0
2020-05-07,24.849449157714844,25.351294883730105,24.525678651213305,24.6228102148603,42194300,0.038799660906023936,VALE3.SA,906,180,29.459999084472656,23.549999237060547,1.0
2020-05-08,26.360382080078125,26.419740487621272,25.34590004409917,25.631897398462282,33922800,0.06080347748449766,VALE3.SA,905,179,30.969999313354492,24.739999771118164,1.0
2020-05-11,25.756010055541992,26.576231037106144,25.756010055541996,26.01502688259129,24783100,-0.022927286209287856,VALE3.SA,902,176,29.6299991607666,24.139999389648438,1.0
2020-05-12,25.610313415527344,26.225478654162128,25.61031341552734,26.133744425954365,21806900,-0.005656801643595388,VALE3.SA,901,175,29.979999542236328,25.780000686645508,1.0
2020-05-13,26.193103790283203,26.538459581848855,25.718238547638986,25.993443300766963,34159500,0.022756081321617883,VALE3.SA,900,174,29.190000534057617,25.290000915527344,1.0
2020-05-14,25.950275421142578,26.149933856523585,25.329712804453006,25.87472909740289,35513400,-0.009270698542824363,VALE3.SA,899,173,31.1299991607666,27.559999465942383,1.0
2020-05-15,25.928686141967773,26.603209725569865,25.928686141967777,26.27404188741483,35196100,-0.0008319479783716055,VALE3.SA,898,172,32.5,29.43000030517578,1.0
2020-05-18,27.660865783691406,27.84433630447013,26.95396629419214,27.164417350103612,41936200,0.06680553084099206,VALE3.SA,895,169,34.810001373291016,31.81999969482422,1.0
2020-05-19,28.22207260131836,28.44331630359349,27.56913412124821,27.682453614453827,27704400,0.02028883773977297,VALE3.SA,894,168,34.650001525878906,32.5,1.0
2020-05-20,28.32999038696289,28.961343470372128,28.32999038696289,28.799458222714573,27014500,0.0038238788188607042,VALE3.SA,893,167,35.75,33.4900016784668,1.0
2020-05-21,27.590715408325195,28.416331680822978,27.180603884515147,28.2166732607612,41802300,-0.026095136939329855,VALE3.SA,892,166,36.060001373291016,33.91999816894531,1.0
2020-05-22,27.12664222717285,27.574524841733552,26.926983811452185,27.396451675950996,23933600,-0.01681990388014054,VALE3.SA,891,165,35.130001068115234,33.25,1.0
2020-05-25,27.034908294677734,27.88750721501604,26.93777671999406,27.741809852990524,21162000,-0.0033816913913224944,VALE3.SA,888,162,35.130001068115234,33.25,1.0
2020-05-26,26.549251556396484,27.26154837364883,26.354988413785325,27.186002053407343,28917800,-0.017964060872248666,VALE3.SA,887,161,36.16999816894531,34.349998474121094,1.0
2020-05-27,27.326295852661133,27.428824742652715,26.3226045497938,26.89460122198765,31932100,0.02926803019716151,VALE3.SA,886,160,34.7400016784668,32.810001373291016,1.0
2020-05-28,27.029508590698242,27.87131474746449,27.007923342413385,27.520561667524575,23530900,-0.010860866894039312,VALE3.SA,885,159,35.290000915527344,33.709999084472656,1.0
2020-05-29,28.599807739257812,28.599807739257812,27.55294759325213,27.736418140333868,92646300,0.05809573427095027,VALE3.SA,884,158,35.33000183105469,35.4900016784668,1.0
2020-06-01,28.826440811157227,29.058477104133647,28.32999240845226,28.502670292739445,27152300,0.007924286553448567,VALE3.SA,881,155,38.31999969482422,35.439998626708984,1.0
2020-06-02,28.826440811157227,29.03149657067929,28.59980185996133,29.03149657067929,25602700,0.0,VALE3.SA,880,154,39.56999969482422,36.810001373291016,1.0
2020-06-03,28.955947875976562,29.322888864577173,28.804855254252516,29.085457307799018,31584300,0.004492648456593695,VALE3.SA,879,153,39.790000915527344,37.290000915527344,1.0
2020-06-04,30.035188674926758,30.056773925525526,28.880404528169215,28.98832872268024,37638600,0.03727181729891127,VALE3.SA,878,152,39.9900016784668,37.40999984741211,1.0
2020-06-05,29.468589782714844,30.59639341673915,29.322892426149085,30.42911080916746,39799100,-0.018864502512178638,VALE3.SA,877,151,42.29999923706055,39.54999923706055,1.0
2020-06-08,29.560325622558594,30.029795594346997,29.128630871330422,29.668249824986376,27456500,0.003113004067047731,VALE3.SA,874,148,40.79999923706055,38.189998626708984,1.0
2020-06-09,29.673643112182617,29.673643112182617,29.204173204550244,29.22575845378263,19860000,0.003833431710831503,VALE3.SA,873,147,41.18000030517578,38.939998626708984,1.0
2020-06-10,29.247350692749023,29.78696970162453,29.009917011414583,29.630479695014674,24321300,-0.014366029065658537,VALE3.SA,872,146,41.72999954223633,39.599998474121094,1.0
2020-06-12,28.815650939941406,29.166402000277873,28.049391008753222,28.982931486484883,31223700,-0.014760302816577586,VALE3.SA,870,144,38.72999954223633,36.2599983215332,1.0
2020-06-15,29.074663162231445,29.371453107294805,28.130330208904635,28.329988599804352,27425600,0.008988595219656226,VALE3.SA,867,141,39.720001220703125,37.119998931884766,1.0
2020-06-16,29.88948631286621,29.9488447128254,29.25813327726201,29.943449430321134,29329400,0.028025196580548473,VALE3.SA,866,140,40.959999084472656,38.380001068115234,1.0
2020-06-17,30.326580047607422,30.456087419992745,29.75998066183585,29.943451154783865,27840000,0.014623661650319475,VALE3.SA,865,139,40.709999084472656,37.959999084472656,1.0
2020-06-18,30.31039047241211,30.51005093334064,30.008205227300987,30.380541500805446,25770000,-0.0005338411113253727,VALE3.SA,864,138,41.5099983215332,38.84000015258789,1.0
2020-06-19,29.770774841308594,30.54243006192367,29.522550632036246,30.39673476492503,38079900,-0.017802991736271534,VALE3.SA,863,137,42.189998626708984,39.75,1.0
2020-06-22,29.67903709411621,29.867902870413012,29.371454510728523,29.67903709411621,14891400,-0.0030814699207993845,VALE3.SA,860,134,43.08000183105469,40.459999084472656,1.0
2020-06-23,29.99741554260254,30.520846548438012,29.878698722685346,29.96503766667527,18272700,0.010727384701757936,VALE3.SA,859,133,42.630001068115234,40.369998931884766,1.0
2020-06-24,29.88948631286621,30.358954113070553,29.581903748061738,30.353558830566286,18156600,-0.0035979509495758233,VALE3.SA,858,132,40.310001373291016,38.0099983215332,1.0
2020-06-25,30.21866226196289,30.299605930700636,29.608892250658755,29.94885277748108,17051900,0.01101310158532165,VALE3.SA,857,131,41.04999923706055,38.720001220703125,1.0
2020-06-26,30.01360511779785,30.731299302080544,29.79236143288418,30.164699822031682,21655500,-0.006785778350723026,VALE3.SA,856,130,41.02000045776367,38.4900016784668,1.0
2020-06-29,30.018999099731445,30.170091728569382,29.5926996872442,29.916470194320546,15453400,0.00017971789501536328,VALE3.SA,853,127,41.709999084472656,39.70000076293945,1.0
2020-06-30,30.175487518310547,30.510052714187005,29.684434407860017,29.91647069660416,27462900,0.0052129792222319615,VALE3.SA,852,126,41.150001525878906,39.27000045776367,1.0
2020-07-01,29.43082046508789,30.261834210965052,29.1664062519513,30.261834210965052,28999400,-0.024677879778107648,VALE3.SA,851,125,42.029998779296875,39.81999969482422,1.0
2020-07-02,29.943452835083008,30.07835755633617,29.544133954441286,29.598095019549476,24148500,0.017418215391012515,VALE3.SA,850,124,43.13999938964844,40.650001525878906,1.0
2020-07-03,29.8193416595459,30.056775310104204,29.641268480110064,29.78696584063914,7831800,-0.004144851838586039,VALE3.SA,849,123,43.13999938964844,40.650001525878906,1.0
2020-07-06,30.5262393951416,30.61797567370476,29.99741314810571,30.26722258384745,23609900,0.023706014159082134,VALE3.SA,846,120,43.099998474121094,40.630001068115234,1.0
2020-07-07,30.41831398010254,30.747481807764718,30.272616643670954,30.617974436591677,13598400,-0.0035354965818763517,VALE3.SA,845,119,43.08000183105469,40.619998931884766,1.0
2020-07-08,30.93096160888672,31.14681003711994,30.10534517908851,30.70432261187669,32634600,0.016853255874718087,VALE3.SA,844,118,43.290000915527344,40.900001525878906,1.0
2020-07-09,30.44529914855957,31.12522015547792,30.25103806220862,31.038881208716543,19741600,-0.01570149892099104,VALE3.SA,843,117,42.349998474121094,39.619998931884766,1.0
2020-07-10,30.742090225219727,30.920163396636767,30.304998163315133,30.499261301939395,14728100,0.00974833833006361,VALE3.SA,842,116,43.2400016784668,40.54999923706055,1.0
2020-07-13,31.109033584594727,31.956235179414556,31.109033584594727,31.152202030591155,28780200,0.011936187705088752,VALE3.SA,839,113,42.720001220703125,40.099998474121094,1.0
2020-07-14,33.294490814208984,33.440188182923514,31.24393914276868,31.25472971068857,52234500,0.070251530754607,VALE3.SA,838,112,42.900001525878906,40.290000915527344,1.0
2020-07-15,33.343055725097656,33.95822100447012,32.58758836466796,33.61826048642846,29833100,0.0014586470524411421,VALE3.SA,837,111,43.790000915527344,41.20000076293945,1.0
2020-07-16,32.441890716552734,33.289092303868394,32.29619335294978,33.07864124260288,22788400,-0.027027067224273837,VALE3.SA,836,110,43.369998931884766,40.75,1.0
2020-07-17,32.93833923339844,33.05165871208973,32.54981295390509,32.64694452377843,18896400,0.015302699869844671,VALE3.SA,835,109,43.13999938964844,40.59000015258789,1.0
2020-07-20,32.808834075927734,33.18117249527238,32.566005119503636,32.981511987499744,16491500,-0.0039317452089202565,VALE3.SA,832,106,43.279998779296875,40.810001373291016,1.0
2020-07-21,32.215248107910156,32.63615018291507,31.983211820796498,32.61456493330386,29043600,-0.018092260354143463,VALE3.SA,831,105,44.31999969482422,41.959999084472656,1.0
2020-07-22,31.96702766418457,32.51204190068767,31.72959400756374,32.33936400049958,19644700,-0.007705060749311321,VALE3.SA,830,104,44.290000915527344,41.900001525878906,1.0
2020-07-23,31.756574630737305,32.463476201781155,31.64325514439314,32.32317617942404,17291900,-0.006583440777105931,VALE3.SA,829,103,43.310001373291016,41.06999969482422,1.0
2020-07-24,31.621671676635742,31.756576422796275,31.20076952732946,31.60548376581106,22544100,-0.004248032278991065,VALE3.SA,828,102,43.34000015258789,41.290000915527344,1.0
2020-07-27,33.116416931152344,33.25671902168937,31.826727870856864,31.89148157345998,35124800,0.047269646899187334,VALE3.SA,825,99,43.40999984741211,41.599998474121094,1.0
2020-07-28,32.56060791015625,33.00309528970714,32.48506158562068,32.75487106380941,21707500,-0.016783489051717115,VALE3.SA,824,98,43.220001220703125,41.040000915527344,1.0
2020-07-29,33.96900939941406,33.96900939941406,32.835808499920844,33.03007162889012,29486600,0.04325476640804693,VALE3.SA,823,97,43.75,41.27000045776367,1.0
2020-07-30,33.06245422363281,33.6560342615792,32.727891041798465,33.61826109871805,32210700,-0.026687713059918905,VALE3.SA,822,96,42.939998626708984,39.91999816894531,1.0
2020-07-31,32.76026153564453,33.56968985131774,32.64694206548612,32.970712568362345,26318800,-0.00914005614780633,VALE3.SA,821,95,43.29999923706055,40.27000045776367,1.0
2020-08-03,32.51744079589844,33.817922534019296,32.51744079589844,33.38083245121087,35910500,-0.0074120513196115345,VALE3.SA,818,92,44.150001525878906,41.0099983215332,1.0
2020-08-04,32.75486755371094,32.830413870150764,32.03177814731398,32.51743392091977,182535800,0.007301520414929152,VALE3.SA,817,91,44.43000030517578,41.70000076293945,1.0
2020-08-05,33.558895111083984,33.94202605412884,33.37542462209206,33.40240721103288,36999600,0.024546811433586724,VALE3.SA,816,90,45.16999816894531,42.189998626708984,1.0
2020-08-06,33.36463165283203,33.93123098556381,33.06783966372657,33.790928943717155,22468400,-0.005788732245472272,VALE3.SA,815,89,45.09000015258789,41.95000076293945,1.0
2020-08-07,32.61996078491211,33.127201776709036,32.25841507512887,33.127201776709036,28427400,-0.022319169462693966,VALE3.SA,814,88,44.400001525878906,41.220001220703125,1.0
2020-08-10,33.56429672241211,33.56429672241211,32.59837837634761,32.754868354790354,29341400,0.02894963435813791,VALE3.SA,811,85,44.9900016784668,41.939998626708984,1.0
2020-08-11,32.52823257446289,33.89886532484043,32.463478871011006,33.88267741359823,23822800,-0.030868042805061946,VALE3.SA,810,84,44.5,41.61000061035156,1.0
2020-08-12,33.186561584472656,33.6128609996749,32.69011319599614,32.851998450565326,29627900,0.020238695985179467,VALE3.SA,809,83,45.43000030517578,42.66999816894531,1.0
2020-08-13,32.566001892089844,33.54271290514077,32.43649450048705,33.13260342042142,24906200,-0.01869912587368372,VALE3.SA,808,82,44.959999084472656,42.2400016784668,1.0
2020-08-14,33.10561752319336,33.14878802174144,32.539018109887195,32.565998642238405,17848800,0.016569907257623306,VALE3.SA,807,81,44.79999923706055,42.0099983215332,1.0
2020-08-17,33.580482482910156,33.78014089110955,32.99769516591439,33.33765357646081,42786400,0.014343939042493759,VALE3.SA,804,78,45.369998931884766,42.88999938964844,1.0
2020-08-18,34.02836990356445,34.373725683690346,33.91504836569336,34.15787729187025,32205700,0.013337730358169653,VALE3.SA,803,77,45.459999084472656,42.88999938964844,1.0
2020-08-19,33.666831970214844,34.47086525495636,33.63445614486528,34.217243644473804,23537900,-0.010624603364022378,VALE3.SA,802,76,45.369998931884766,42.93000030517578,1.0
2020-08-20,33.96900939941406,34.2657993760137,33.27829582324744,33.35923947981221,25866600,0.008975523134061358,VALE3.SA,801,75,44.900001525878906,42.58000183105469,1.0
2020-08-21,33.56429672241211,33.88267196268265,33.19195835587712,33.677616199843285,27242700,-0.011914173658797766,VALE3.SA,800,74,44.349998474121094,42.34000015258789,1.0
2020-08-24,33.97441101074219,34.066147309168194,33.58588673891855,33.96361838395777,17944700,0.012218766021581118,VALE3.SA,797,71,45.130001068115234,42.619998931884766,1.0
2020-08-25,33.25131607055664,33.909651787843934,32.94373346196763,33.88806653778929,23543000,-0.02128351658419969,VALE3.SA,796,70,45.86000061035156,43.349998474121094,1.0
2020-08-26,33.321468353271484,33.645238882298806,33.04626360944654,33.27290256806911,23924400,0.0021097595826278237,VALE3.SA,795,69,45.63999938964844,43.38999938964844,1.0
2020-08-27,32.803436279296875,33.553506286204005,32.55521205773449,33.28909209646465,18201900,-0.015546495985185205,VALE3.SA,794,68,45.09000015258789,43.040000915527344,1.0
2020-08-28,32.97071838378906,33.29449100225546,32.71709886657919,33.013888889644456,15040300,0.005099529911070988,VALE3.SA,793,67,45.04999923706055,42.970001220703125,1.0
2020-08-31,32.20446014404297,32.99770068495702,32.20446014404297,32.970718089796485,31080000,-0.023240568519818594,VALE3.SA,790,64,45.279998779296875,42.61000061035156,1.0
2020-09-01,33.32686233520508,33.34305230196214,32.485058169216565,32.53362395252227,24197700,0.03485238336993901,VALE3.SA,789,63,45.58000183105469,42.7599983215332,1.0
2020-09-02,33.08943176269531,33.6398433040042,32.54981284672378,33.40241172203054,21797200,-0.007124300215293755,VALE3.SA,788,62,44.43000030517578,41.5099983215332,1.0
2020-09-03,32.01020050048828,32.67393165633873,31.75657889921417,32.3771416033381,36117400,-0.032615587657922385,VALE3.SA,787,61,44.06999969482422,41.369998931884766,1.0
2020-09-04,32.64154815673828,32.64694344000422,31.675629831998165,32.220644015098884,26636700,0.019723327138809088,VALE3.SA,786,60,42.65999984741211,39.77000045776367,1.0
2020-09-08,31.983219146728516,32.24763131034133,31.788955972696066,32.15589706620555,14663800,-0.020168437074387535,VALE3.SA,782,56,39.779998779296875,36.7599983215332,1.0
2020-09-09,32.377132415771484,32.5552076321299,32.03717194903074,32.32317135180492,16481700,0.012316248318714473,VALE3.SA,781,55,40.790000915527344,38.04999923706055,1.0
2020-09-10,31.583890914916992,32.48505547290634,31.470571449436957,32.377131290242346,19431400,-0.024500054256444637,VALE3.SA,780,54,40.060001373291016,37.29999923706055,1.0
2020-09-11,33.42939758300781,33.61826341029993,32.290801159518686,32.404120655893955,46057000,0.058431897230850405,VALE3.SA,779,53,39.83000183105469,37.33000183105469,1.0
2020-09-14,33.40781021118164,34.18486078369052,33.121812816987685,33.888070763123565,35710200,-0.0006457601209405306,VALE3.SA,776,50,39.61000061035156,37.2599983215332,1.0
2020-09-15,33.78014373779297,34.34674525341702,33.53731686936304,33.83950214864751,32570600,0.011145104221368829,VALE3.SA,775,49,40.529998779296875,38.279998779296875,1.0
2020-09-16,32.90056610107422,33.726182387198335,32.72788821193039,33.62905081724458,28843500,-0.026038303553299724,VALE3.SA,774,48,42.220001220703125,40.15999984741211,1.0
2020-09-17,33.49954605102539,33.68301452142497,32.4364960402809,32.59298603283899,31397500,0.018205764244634492,VALE3.SA,773,47,43.29999923706055,40.970001220703125,1.0
2020-09-18,33.27290344238281,34.049953967556675,33.27290344238281,33.71539080430606,33143800,-0.006765542682201198,VALE3.SA,772,46,43.150001525878906,41.11000061035156,1.0
2020-09-21,32.377132415771484,33.12720232071297,32.074945105503865,32.94373182135096,53120800,-0.02692193749074212,VALE3.SA,769,43,41.439998626708984,39.310001373291016,1.0
2020-09-22,32.499412536621094,32.763633938213786,32.12837626598259,32.684929599674156,23996200,0.003776743390345505,VALE3.SA,768,42,41.720001220703125,39.599998474121094,1.0
2020-09-23,33.22462463378906,33.51133580089861,32.077786398949236,32.4207122041386,37365600,0.022314621728955375,VALE3.SA,767,41,41.77000045776367,39.93000030517578,1.0
2020-09-24,32.977264404296875,33.606901311991535,32.85358492179999,33.5563053550185,31607500,-0.007445087257377914,VALE3.SA,766,40,41.939998626708984,40.310001373291016,1.0
2020-09-25,33.30895233154297,33.42138804258132,32.71866752925763,32.802992704136784,27582200,0.010058078898832923,VALE3.SA,765,39,41.91999816894531,40.25,1.0
2020-09-28,33.04471969604492,33.865498661005965,32.999746710647344,33.69684406830144,30265400,-0.007932781339622719,VALE3.SA,762,36,42.43000030517578,40.599998474121094,1.0
2020-09-29,32.80299377441406,33.70809816823146,32.80299377441406,33.01662141790378,26201600,-0.0073151149065365795,VALE3.SA,761,35,41.029998779296875,39.290000915527344,1.0
2020-09-30,33.23024368286133,33.88236814917094,33.027859858052736,33.286460458849255,25947500,0.013024723029411822,VALE3.SA,760,34,40.95000076293945,40.220001220703125,1.0
2020-10-01,33.08970260620117,33.646256030482775,32.617474353566585,33.46635975752986,22852700,-0.004229312249450667,VALE3.SA,759,33,40.93000030517578,38.720001220703125,1.0
2020-10-02,32.78612518310547,33.41576210659429,32.66806866205118,32.949156842389556,23668800,-0.009174377500715591,VALE3.SA,758,32,39.27000045776367,37.04999923706055,1.0
2020-10-05,33.50008773803711,33.640631821156155,33.02785953297581,33.11218684066025,17887200,0.021776362743211264,VALE3.SA,755,29,41.290000915527344,39.220001220703125,1.0
2020-10-06,32.954776763916016,33.88798941141481,32.72428454810404,33.73620154082655,21951600,-0.016277896893443944,VALE3.SA,754,28,42.650001525878906,40.66999816894531,1.0
2020-10-07,33.82614517211914,34.15782925754946,33.145912399391094,33.24710429966016,27276500,0.026441338518100155,VALE3.SA,753,27,41.9900016784668,39.95000076293945,1.0
2020-10-08,34.45579528808594,34.56823100749146,33.76431850886146,33.92734805023985,22207400,0.018614303012149946,VALE3.SA,752,26,43.34000015258789,41.189998626708984,1.0
2020-10-09,34.630062103271484,34.821202146954874,34.20842984319334,34.68065806026216,21120900,0.005057692435437744,VALE3.SA,751,25,42.849998474121094,40.599998474121094,1.0
2020-10-13,34.933631896972656,35.21472002249646,34.30961591518467,34.44453915903026,18602200,0.008766077080540224,VALE3.SA,747,21,42.45000076293945,40.20000076293945,1.0
2020-10-14,35.41710662841797,35.580138268855606,34.877417899244136,34.899905465759474,22210600,0.013839807234220292,VALE3.SA,746,20,43.31999969482422,41.040000915527344,1.0
2020-10-15,35.11915588378906,35.33840430850507,34.84368853957376,35.08542453208949,16309700,-0.008412622401792635,VALE3.SA,745,19,43.15999984741211,40.959999084472656,1.0
2020-10-16,34.9898567199707,35.47332657614181,34.9898567199707,35.248457324452765,15871000,-0.0036817275519439585,VALE3.SA,744,18,42.93000030517578,40.880001068115234,1.0
2020-10-19,34.82682800292969,35.5183047095252,34.82682800292969,35.26532490356763,29156200,-0.004659313650403285,VALE3.SA,741,15,42.619998931884766,40.83000183105469,1.0
2020-10-20,34.76498031616211,35.0179600643388,34.47827136458337,34.731248968227796,25276800,-0.0017758633304869598,VALE3.SA,740,14,43.15999984741211,41.459999084472656,1.0
2020-10-21,35.33279037475586,35.53517424761424,34.63006978540484,34.658180324605325,21480900,0.016332816916043935,VALE3.SA,739,13,41.72999954223633,40.029998779296875,1.0
2020-10-22,35.47332763671875,35.69257821962961,35.10229132303269,35.47895060128532,32097700,0.003977530799925244,VALE3.SA,738,12,42.459999084472656,40.63999938964844,1.0
2020-10-23,35.67009353637695,35.91745038400294,34.9786168114957,35.20348608810128,24263400,0.005546868951040507,VALE3.SA,737,11,41.77000045776367,39.849998474121094,1.0
2020-10-26,35.13602066040039,35.67008860334498,34.86055331482855,35.36089205043996,18250900,-0.014972567297360961,VALE3.SA,734,8,40.459999084472656,38.560001373291016,1.0
2020-10-27,35.15288543701172,35.36089222440805,34.8886640186277,35.13602083326216,18155500,0.000479985390899218,VALE3.SA,733,7,41.20000076293945,39.56999969482422,1.0
2020-10-28,33.876747131347656,34.894287133642365,33.87112631123892,34.82682656967418,23686100,-0.0363025194034412,VALE3.SA,732,6,39.119998931884766,37.38999938964844,1.0
2020-10-29,34.86617660522461,34.98985608535657,33.61252363367825,34.275891881514625,37998800,0.02920674378920496,VALE3.SA,731,5,37.650001525878906,36.16999816894531,1.0
2020-10-30,34.03977584838867,35.0854241498255,33.736200119997505,34.742496250479824,27476200,-0.02370207568764804,VALE3.SA,730,4,37.459999084472656,35.790000915527344,1.0
2020-11-03,35.608245849609375,35.608245849609375,34.41643273016502,34.79871277415266,32900800,0.04607756549886188,VALE3.SA,726,0,39.709999084472656,37.65999984741211,1.0
2020-11-04,34.618812561035156,35.57451041676093,34.54572905216871,35.57451041676093,27932100,-0.02778663382501534,VALE3.SA,725,1462,41.22999954223633,39.150001525878906,1.0
2020-11-05,35.16413116455078,35.450842311334995,34.54573802151967,35.02358707344983,25563600,0.01575208862390043,VALE3.SA,724,1461,40.93000030517578,38.790000915527344,1.0
2020-11-06,35.52391815185547,35.95679414224877,35.04606917448396,35.06855674023922,26452500,0.010231647289138612,VALE3.SA,723,1460,39.45000076293945,37.13999938964844,1.0
2020-11-09,35.52391815185547,36.13106741552124,35.344021914878034,36.06360900732008,37728900,0.0,VALE3.SA,720,1457,42.400001525878906,40.290000915527344,1.0
2020-11-10,35.507057189941406,35.748793185262095,35.24283362656006,35.55203232606271,53960600,-0.00047463688667415127,VALE3.SA,719,1456,43.61000061035156,41.36000061035156,1.0
2020-11-11,35.754417419433594,35.93431369203323,35.41711244444247,35.518304365846355,25908500,0.0069665088877672865,VALE3.SA,718,1455,43.79999923706055,41.45000076293945,1.0
2020-11-12,35.23159408569336,35.849989414643375,35.11353755595543,35.7375537053313,23726500,-0.014622622083504178,VALE3.SA,717,1454,43.529998779296875,41.119998931884766,1.0
2020-11-13,35.557655334472656,35.72630781624346,35.197862801486224,35.26532336528801,25079300,0.009254796929886844,VALE3.SA,716,1453,42.779998779296875,40.130001068115234,1.0
2020-11-16,36.496482849121094,36.732595855928096,35.40024082532814,35.69819356568907,91477900,0.026402964588563727,VALE3.SA,713,1450,43.81999969482422,41.34000015258789,1.0
2020-11-17,37.648948669433594,38.28420636414873,36.42902708982743,36.42902708982743,62475900,0.03157744884834157,VALE3.SA,712,1449,43.75,41.43000030517578,1.0
2020-11-18,37.35661697387695,37.88506411865973,37.14299150361369,37.66019271945013,22854400,-0.007764670884262359,VALE3.SA,711,1448,44.34000015258789,41.81999969482422,1.0
2020-11-19,38.070587158203125,38.07058715820313,37.36786664594765,37.50278778336233,25928500,0.019112281629394934,VALE3.SA,710,1447,44.20000076293945,41.7400016784668,1.0
2020-11-23,40.077552795410156,40.094417399781435,38.509080252903345,38.68335355016015,38662400,0.052716960441588245,VALE3.SA,706,1443,46.060001373291016,43.060001373291016,1.0
2020-11-24,42.050785064697266,42.10137886826476,39.45352925495614,39.94262413476387,49842200,0.049235348259913936,VALE3.SA,705,1442,47.86000061035156,44.90999984741211,1.0
2020-11-25,42.44430923461914,42.66918060493336,41.381796406175695,41.4886112721145,36269100,0.009358307325687765,VALE3.SA,704,1441,48.61000061035156,45.709999084472656,1.0
2020-11-26,43.04584503173828,43.06270963680426,42.388099699773214,42.399341340128736,20359000,0.01417235450326304,VALE3.SA,703,1440,48.61000061035156,45.709999084472656,1.0
2020-11-27,44.097110748291016,44.28824863329014,43.15827305900499,43.2875754963775,48966700,0.02442200207192169,VALE3.SA,702,1439,48.18000030517578,45.529998779296875,1.0
2020-11-30,43.84975051879883,44.61431061455947,43.35503692880388,44.32759950638306,48594200,-0.005609443006462156,VALE3.SA,699,1436,47.59000015258789,45.34000015258789,1.0
2020-12-01,45.67682647705078,45.817370558518626,44.55247382530799,44.878537123689,61441200,0.04166673553749556,VALE3.SA,698,1435,47.41999816894531,44.54999923706055,1.0
2020-12-02,44.884159088134766,45.67682982445511,43.46185356569757,45.4800689537936,53703300,-0.01735381921321244,VALE3.SA,697,1434,48.25,45.279998779296875,1.0
2020-12-03,44.389442443847656,45.56439320231925,44.19268158641892,45.536282670230136,35158600,-0.011022076704515715,VALE3.SA,696,1433,48.709999084472656,45.63999938964844,1.0
2020-12-04,46.087223052978516,46.4807448164454,45.030328678412225,45.030328678412225,48656900,0.03824739658035892,VALE3.SA,695,1432,49.25,46.2599983215332,1.0
2020-12-07,46.63252639770508,46.65501396633543,45.912941357794395,46.33457361921692,27398500,0.011831985279297852,VALE3.SA,692,1429,48.790000915527344,45.7599983215332,1.0
2020-12-08,46.60442352294922,46.82929493644451,45.90732600127272,46.64377569863098,28598800,-0.000602645340640251,VALE3.SA,691,1428,48.84000015258789,45.599998474121094,1.0
2020-12-09,46.49197769165039,47.127239647416296,46.22213547302491,46.71684906654811,26938500,-0.0024127716383715025,VALE3.SA,690,1427,48.86000061035156,45.52000045776367,1.0
2020-12-10,47.78498840332031,47.908667883085194,46.77306928621221,47.02605121002176,41230700,0.027811480084705797,VALE3.SA,689,1426,50.25,46.779998779296875,1.0
2020-12-11,47.70628356933594,47.94239659787936,47.44768297296957,47.571362451463266,25136800,-0.0016470619040457324,VALE3.SA,688,1425,49.970001220703125,46.56999969482422,1.0
2020-12-14,46.96982955932617,47.90866291054887,46.63252036259011,47.897416983156546,20931700,-0.015437253856494748,VALE3.SA,685,1422,50.290000915527344,46.9900016784668,1.0
2020-12-15,47.50390625,47.998619942622774,46.969840380567064,46.969840380567064,18762800,0.0113706329293628,VALE3.SA,684,1421,50.7599983215332,47.619998931884766,1.0
2020-12-16,48.470848083496094,48.47647104822438,47.42519967543376,47.728775434780765,23038300,0.020354996248252544,VALE3.SA,683,1420,51.08000183105469,47.81999969482422,1.0
2020-12-17,49.02178192138672,49.443414234778466,48.44274089724591,48.62826014451404,21367800,0.011366292517547505,VALE3.SA,682,1419,51.5,48.36000061035156,1.0
2020-12-18,49.35908508300781,49.68514410524405,49.15107829012965,49.25789316877859,23843100,0.006880679330710793,VALE3.SA,681,1418,52.2599983215332,49.099998474121094,1.0
2020-12-21,48.83064270019531,49.13421847245649,47.66131475275941,48.43149796881457,31877300,-0.010706081401707701,VALE3.SA,678,1415,50.90999984741211,47.7400016784668,1.0
2020-12-22,48.875614166259766,48.90372041085245,48.026726660760005,48.83063902803316,23157000,0.000920968137580358,VALE3.SA,677,1414,50.08000183105469,47.02000045776367,1.0
2020-12-23,49.111732482910156,49.20730144510677,48.572043633424585,48.64512502409275,17710200,0.00483100459560859,VALE3.SA,676,1413,51.20000076293945,48.119998931884766,1.0
2020-12-28,49.083614349365234,49.7975806954264,48.9543161944208,49.353460876875644,26001300,-0.0005725339368695126,VALE3.SA,671,1408,50.86000061035156,47.619998931884766,1.0
2020-12-29,48.94869613647461,49.58395388755388,48.633878743241034,49.454655724932366,19727500,-0.002748742420032646,VALE3.SA,670,1407,51.09000015258789,48.0,1.0
2020-12-30,49.16232681274414,49.24103116937842,48.7125882447005,49.016164029889474,30102700,0.004364379301828647,VALE3.SA,669,1406,51.34000015258789,48.400001525878906,1.0
2021-01-04,51.41665267944336,51.42789860924355,49.94937194230235,50.23046014038966,37865500,0.045854743110223195,VALE3.SA,664,1401,51.09000015258789,47.619998931884766,1.0
2021-01-05,52.28239440917969,52.28239440917968,50.88819533774644,51.41664241717862,34300300,0.01683776917828128,VALE3.SA,663,1400,53.599998474121094,49.93000030517578,1.0
2021-01-06,53.99704360961914,54.165693952038254,53.06945171458493,53.395515047953516,53722500,0.03279591954071637,VALE3.SA,662,1399,54.29999923706055,50.630001068115234,1.0
2021-01-07,57.521888732910156,57.63994526151724,54.311862022768665,54.311862022768665,74541400,0.06527848355503463,VALE3.SA,661,1398,54.380001068115234,50.83000183105469,-1.0
2021-01-08,57.34197998046875,58.10091709298556,55.20570842243329,57.90977921846834,58562700,-0.003127657251951077,VALE3.SA,660,1397,55.9900016784668,52.2400016784668,-1.0
2021-01-11,57.33073043823242,57.330730438232415,56.048965106683795,56.35816373055684,29267000,-0.00019618335886129046,VALE3.SA,657,1394,55.65999984741211,52.25,-1.0
2021-01-12,55.76226806640625,57.69053292957178,55.75664510251884,57.623070230117115,28598500,-0.027358143875665708,VALE3.SA,656,1393,56.58000183105469,53.209999084472656,-1.0
2021-01-13,54.09259796142578,55.61047207871395,53.822751481719465,55.58236584043189,31658800,-0.02994265052117484,VALE3.SA,655,1392,56.060001373291016,52.90999984741211,1.0
2021-01-14,54.98085021972656,55.576755794202626,54.36245278689447,54.65478689860878,20809900,0.016420957612984344,VALE3.SA,654,1391,56.41999816894531,53.56999969482422,-1.0
2021-01-15,52.59159469604492,54.643534764296334,52.39482955936126,54.29498820253287,31712400,-0.0434561399857073,VALE3.SA,653,1390,55.099998474121094,52.36000061035156,1.0
2021-01-18,53.01884460449219,53.76654010051389,52.591593711678115,52.78835455561416,22667600,0.008123920008825891,VALE3.SA,650,1387,55.099998474121094,52.36000061035156,1.0
2021-01-19,52.878299713134766,53.16501081789675,51.664001174311956,53.1256586497188,27155400,-0.002650847871277673,VALE3.SA,649,1386,55.900001525878906,52.97999954223633,1.0
2021-01-20,51.90011978149414,53.48545689619259,51.06247823189019,53.40675255134739,20480000,-0.018498702434595282,VALE3.SA,648,1385,56.08000183105469,53.2400016784668,1.0
2021-01-21,52.48478698730469,54.02514906191321,51.798931119971336,51.888881399192606,25983400,0.011265238081763052,VALE3.SA,647,1384,56.099998474121094,53.130001068115234,1.0
2021-01-22,52.37796401977539,52.73775650300479,51.1524195334425,51.71459582462153,25814300,-0.002035312967072489,VALE3.SA,646,1383,55.40999984741211,52.27000045776367,1.0
2021-01-26,51.579673767089844,52.9345206626658,51.36042536068734,52.276771154393614,24921600,-0.0152409561468283,VALE3.SA,642,1379,55.90999984741211,52.61000061035156,1.0
2021-01-27,50.14612579345703,51.25923678903108,49.58394947609064,50.81511698362383,32419700,-0.027792885625955277,VALE3.SA,641,1378,55.810001373291016,52.849998474121094,1.0
2021-01-28,51.214263916015625,51.354808001564,49.5277348894351,49.583951665841425,35900800,0.021300511368676167,VALE3.SA,640,1377,55.529998779296875,52.34000015258789,1.0
2021-01-29,49.44340515136719,51.07371732145168,49.35345917134871,50.5902453477908,31481600,-0.03457745224167241,VALE3.SA,639,1376,55.880001068115234,52.20000076293945,1.0
2021-02-01,51.309837341308594,51.30983734130859,49.79758576543686,50.60149817647303,27135500,0.03774886022165069,VALE3.SA,636,1373,56.349998474121094,53.54999923706055,1.0
2021-02-02,49.28037643432617,50.921930198205004,49.196049131654256,50.69705882076816,34426700,-0.03955305672638609,VALE3.SA,635,1372,57.459999084472656,54.7599983215332,1.0
2021-02-03,50.83761215209961,51.394165588568434,49.80882830812271,49.94937240847806,34346400,0.031599509387853386,VALE3.SA,634,1371,58.459999084472656,55.689998626708984,1.0
2021-02-04,50.19672775268555,52.20932015301016,50.08428990712635,51.692114641568324,29939700,-0.01260650082259207,VALE3.SA,633,1370,58.84000015258789,56.22999954223633,1.0
2021-02-05,52.108123779296875,52.15309462460857,50.34289050113239,50.70830167301369,27114800,0.03807810015084234,VALE3.SA,632,1369,59.34000015258789,56.849998474121094,1.0
2021-02-08,52.85020446777344,53.35616408465634,51.973206368821224,52.265540498160476,28164400,0.01424117075524789,VALE3.SA,629,1366,60.560001373291016,57.970001220703125,1.0
2021-02-09,52.9851188659668,53.530430589882855,51.9001183823478,53.18187972277543,32303400,0.002552769654384779,VALE3.SA,628,1365,61.09000015258789,58.36000061035156,1.0
2021-02-10,53.23809814453125,53.783409885315486,53.05820188573218,53.21561486511336,40318300,0.004774534510423534,VALE3.SA,627,1364,61.470001220703125,58.68000030517578,1.0
2021-02-11,52.33860778808594,53.670967038817,52.33860778808593,53.670967038817,19775900,-0.01689561400190087,VALE3.SA,626,1363,61.13999938964844,58.2400016784668,1.0
2021-02-12,52.782745361328125,52.92328947067005,51.83266580967564,52.34987139174396,14760700,0.008485849968353332,VALE3.SA,625,1362,62.43000030517578,59.470001220703125,1.0
2021-02-17,54.16569519042969,54.37370200214092,53.513572797848475,53.97455727350494,29262900,0.02620079383204632,VALE3.SA,620,1357,64.33999633789062,61.13999938964844,1.0
2021-02-18,54.755977630615234,55.31815398351875,53.98017151860666,54.733490061811274,33088500,0.010897717422628794,VALE3.SA,619,1356,63.93000030517578,60.52000045776367,1.0
2021-02-19,54.96397399902344,55.5711254217416,54.15444305779727,54.64915664905019,24966600,0.0037986056940002566,VALE3.SA,618,1355,62.90999984741211,59.2400016784668,1.0
2021-02-22,53.603519439697266,55.38561761685647,52.8670697205387,54.25002316423442,50160600,-0.024751750289204733,VALE3.SA,615,1352,65.23999786376953,61.4900016784668,1.0
2021-02-23,54.50300598144531,54.72787742284622,52.46230697945058,54.30062211309109,35756200,0.016780363512510554,VALE3.SA,614,1351,65.37000274658203,61.66999816894531,1.0
2021-02-24,55.05392837524414,55.21133706198496,53.89022353933589,54.60418559392891,21856100,0.010108110257008196,VALE3.SA,613,1350,67.04000091552734,63.220001220703125,1.0
2021-02-25,53.8058967590332,55.627346891987536,53.417993713573786,55.486802807582244,24471000,-0.022669256364494683,VALE3.SA,612,1349,66.87999725341797,63.529998779296875,1.0
2021-02-26,53.13691329956055,54.92463448565833,52.85582508972797,54.27813503429597,42856000,-0.012433274041852016,VALE3.SA,611,1348,66.12999725341797,61.5,1.0
2021-03-01,55.41372299194336,55.84097822153399,53.609137411928394,53.968929935036755,32798000,0.04284798553403446,VALE3.SA,608,1345,63.689998626708984,60.63999938964844,1.0
2021-03-02,57.11711883544922,57.44318216228645,53.373026408704874,54.81219655603419,47565800,0.03073960296357492,VALE3.SA,607,1344,62.70000076293945,59.75,1.0
2021-03-03,56.41440200805664,58.46634676682068,56.02088023582929,57.34199394438182,41473300,-0.012303086040055033,VALE3.SA,606,1343,64.06999969482422,61.279998779296875,1.0
2021-03-04,55.576744079589844,57.055266064020515,54.82342567886504,55.8803197674284,48492500,-0.014848299346453597,VALE3.SA,605,1342,66.73999786376953,63.83000183105469,1.0
2021-03-05,58.873600006103516,59.10272552529877,55.184086588789945,55.64821390472781,46503300,0.059320782120527715,VALE3.SA,604,1341,69.36000061035156,66.08999633789062,1.0
2021-03-08,58.55635070800781,59.88410710533051,58.10397592819736,58.28022392142923,39677300,-0.005388651247126286,VALE3.SA,601,1338,68.23999786376953,65.05000305175781,1.0
2021-03-09,57.9688606262207,58.34486180294996,56.32972839534431,57.281483895227,40537000,-0.01003290120855782,VALE3.SA,600,1337,67.5199966430664,64.01000213623047,1.0
2021-03-10,57.07585144042969,57.4812249943823,56.23572294124237,57.2814763565342,31311800,-0.015404980814597624,VALE3.SA,599,1336,67.9000015258789,64.44000244140625,1.0
2021-03-11,58.573978424072266,58.80898024416851,57.69860123855783,58.15685232248771,26203200,0.026248000613817934,VALE3.SA,598,1335,69.62999725341797,66.0199966430664,1.0
2021-03-12,57.22272872924805,58.42123403897972,56.81735068090564,58.162731575423734,21115500,-0.02306911244855603,VALE3.SA,597,1334,69.22000122070312,65.61000061035156,1.0
2021-03-15,56.88197708129883,57.19335260817453,56.25922602754742,56.69397650947082,20059000,-0.0059548304583918465,VALE3.SA,594,1331,68.87999725341797,65.38999938964844,1.0
2021-03-16,56.69984817504883,57.48122282678057,56.41196882107136,57.011223676591925,19174300,-0.0032018736970005346,VALE3.SA,593,1330,68.38999938964844,64.80000305175781,1.0
2021-03-17,57.5164794921875,57.645730723051706,56.43547286501268,56.6352259896993,21424300,0.014402707298571515,VALE3.SA,592,1329,68.0,64.5999984741211,1.0
2021-03-18,56.49421310424805,57.73383860939582,56.12408385351102,57.39896253823938,19156100,-0.01777345200827718,VALE3.SA,591,1328,63.279998779296875,60.0,1.0
2021-03-19,55.68347930908203,56.49423552693616,54.8962282084682,56.4589823333635,38643000,-0.01435074055585095,VALE3.SA,590,1327,64.52999877929688,61.41999816894531,1.0
2021-03-22,54.761085510253906,55.13121032309058,53.962082072329125,54.943209777831015,21120800,-0.016564945478859117,VALE3.SA,587,1324,64.62000274658203,61.54999923706055,1.0
2021-03-23,53.497955322265625,55.095962215336876,53.49795532226563,54.83745978196164,20518500,-0.02306620068281451,VALE3.SA,586,1323,60.790000915527344,57.7599983215332,1.0
2021-03-24,54.7258415222168,55.60121871626267,53.93858608956481,54.050212963712994,24726000,0.022952021110985044,VALE3.SA,585,1322,64.41000366210938,61.18000030517578,1.0
2021-03-25,54.30872344970703,54.80809959471499,53.23359297880292,54.661223994283965,23644400,-0.007621958126316386,VALE3.SA,584,1321,61.95000076293945,58.560001373291016,1.0
2021-03-26,56.124088287353516,56.2415914247616,54.86683385194845,55.07245873955463,26712800,0.033426763185248065,VALE3.SA,583,1320,64.56999969482422,60.970001220703125,1.0
2021-03-29,57.563472747802734,57.83959504171996,56.32384263481577,56.400216314118,25960500,0.025646464902549848,VALE3.SA,580,1317,64.9800033569336,61.560001373291016,1.0
2021-03-30,57.02885055541992,57.868979060153215,56.74097567097323,57.52235483961555,18118600,-0.009287525002619312,VALE3.SA,579,1316,64.13999938964844,60.54999923706055,1.0
2021-03-31,57.5576057434082,57.904229977186276,56.81147525146223,57.087602072153075,18792000,0.009271713927925695,VALE3.SA,578,1315,63.540000915527344,59.15999984741211,1.0
2021-04-01,57.216854095458984,58.08048327599328,56.47659987181713,57.86898206923846,17193400,-0.005920184544650597,VALE3.SA,577,1314,64.86000061035156,61.45000076293945,1.0
2021-04-05,60.74186706542969,60.994493252964965,58.63273579926426,58.6503601524409,35908700,0.061607947967388554,VALE3.SA,573,1310,62.150001525878906,58.650001525878906,1.0
2021-04-06,59.95460891723633,61.429236399270174,59.95460891723633,60.98273789781019,22227800,-0.012960716985293552,VALE3.SA,572,1309,62.7400016784668,59.33000183105469,1.0
2021-04-07,61.42924880981445,61.87575188376805,60.01337037273488,60.14262161642836,32822700,0.024595938814541807,VALE3.SA,571,1308,63.15999984741211,59.77000045776367,1.0
2021-04-08,61.39399337768555,61.86399703377882,61.17074410629912,61.65249583676555,25936300,-0.0005739193106212293,VALE3.SA,570,1307,63.20000076293945,59.599998474121094,1.0
2021-04-09,60.512733459472656,61.48798937352094,60.477484757808554,61.10023572606948,18854800,-0.01435417163355912,VALE3.SA,569,1306,62.95000076293945,59.31999969482422,1.0
2021-04-12,60.74774169921875,60.882864724772766,60.04861249355917,60.45399053479533,14787500,0.003883616328511863,VALE3.SA,566,1303,63.279998779296875,59.70000076293945,1.0
2021-04-13,60.853485107421875,61.270611173742196,60.42460648583251,61.041485651147745,17605600,0.0017406969418993778,VALE3.SA,565,1302,63.66999816894531,60.18000030517578,1.0
2021-04-14,62.86274719238281,63.320998277180074,60.96511275820091,61.082615909614894,38030200,0.03301802816082078,VALE3.SA,564,1301,66.58000183105469,63.150001525878906,1.0
2021-04-15,63.57362365722656,64.55475142729436,63.185874468112154,63.838002382896576,19378200,0.011308390049646011,VALE3.SA,563,1300,66.94000244140625,63.459999084472656,1.0
2021-04-16,63.843875885009766,64.10237833951952,63.15649924801283,63.8262515326181,17401500,0.004251011854229603,VALE3.SA,562,1299,66.7699966430664,63.130001068115234,1.0
2021-04-19,63.291622161865234,64.55474846935967,63.238744626239374,64.03774808013407,23297500,-0.008650065734405077,VALE3.SA,559,1296,67.05000305175781,63.380001068115234,1.0
2021-04-20,62.3692512512207,63.6558783420031,61.69949445255714,63.42087650696344,20895800,-0.01457334919123443,VALE3.SA,558,1295,66.56999969482422,62.439998626708984,1.0
2021-04-22,62.41036605834961,63.003740104256,61.29998268092479,63.003740104256,19799100,0.0006592159806968478,VALE3.SA,556,1293,65.4000015258789,61.43000030517578,1.0
2021-04-23,63.444358825683594,63.50898442372271,62.54548121223069,62.95085914860588,12795400,0.016567644650045343,VALE3.SA,555,1292,66.11000061035156,62.13999938964844,1.0
2021-04-26,63.785125732421875,65.03063224549099,63.53837583752581,64.59587730806048,16807500,0.005371114359821183,VALE3.SA,552,1289,65.6500015258789,61.90999984741211,1.0
2021-04-27,64.69575500488281,64.97775359930458,63.75574773737866,63.967248924338406,24113300,0.014276514500904502,VALE3.SA,551,1288,66.41999816894531,62.939998626708984,-1.0
2021-04-28,65.75325012207031,66.05287752177533,64.231621460466,64.95424671104784,20570600,0.01634566467471754,VALE3.SA,550,1287,67.2699966430664,63.86000061035156,-1.0
2021-04-29,65.7708740234375,66.3583762638694,65.14812308291133,65.91187778838736,19724300,0.00026803087808535686,VALE3.SA,549,1286,68.55999755859375,65.01000213623047,-1.0
2021-04-30,64.04950714111328,65.54176371593358,64.04950714111328,65.2068875404774,36888200,-0.02617217587394094,VALE3.SA,548,1285,67.25,63.58000183105469,-1.0
2021-05-03,63.72050476074219,64.8308838509365,63.603006082887,64.44900642447628,19641000,-0.0051366887124710825,VALE3.SA,545,1282,67.55999755859375,64.48999786376953,1.0
2021-05-04,64.68400573730469,65.25388371545834,63.83800542874202,64.00837716029481,20775600,0.015120736726431439,VALE3.SA,544,1281,68.87999725341797,65.69000244140625,-1.0
2021-05-05,65.0423812866211,66.28201153997132,64.85438072357819,65.79438353879267,25990600,0.0055404043894844435,VALE3.SA,543,1280,68.95999908447266,65.62999725341797,-1.0
2021-05-06,67.59213256835938,67.68025431600553,65.49474981094211,65.7650002957249,38194400,0.03920138271848228,VALE3.SA,542,1279,68.08999633789062,64.70999908447266,-1.0
2021-05-07,67.8271484375,68.47340464570726,67.08689866093302,68.46752836682697,21678700,0.00347697076879383,VALE3.SA,541,1278,68.27999877929688,64.9000015258789,-1.0
2021-05-10,67.3806381225586,70.76464803790688,67.3806381225586,70.38277514063094,38889400,-0.006583061874595009,VALE3.SA,538,1275,68.31999969482422,64.91999816894531,-1.0
2021-05-11,69.74827575683594,69.74827575683594,66.57576235015097,66.96351603067652,28693600,0.03513824891314998,VALE3.SA,537,1274,68.55000305175781,65.27999877929688,-1.0
2021-05-12,67.16915130615234,69.59553463481485,66.95177380181552,69.32528406531611,31737900,-0.036977608732224665,VALE3.SA,536,1273,69.31999969482422,66.08000183105469,-1.0
2021-05-13,66.088134765625,67.1045157521059,65.04825763074108,65.80025988367429,34338500,-0.016093943715324688,VALE3.SA,535,1272,67.05000305175781,63.81999969482422,-1.0
2021-05-14,64.95425415039062,65.67688396602314,64.40200502532078,65.33025527131402,25644200,-0.01715709815771882,VALE3.SA,534,1271,68.70999908447266,65.37000274658203,-1.0
2021-05-17,66.65801239013672,66.86951358297037,65.3126315455009,65.50650838597959,26097500,0.026230125524978387,VALE3.SA,531,1268,69.45999908447266,66.2699966430664,-1.0
2021-05-18,67.32776641845703,67.79777007744457,66.49939046029317,67.30426578727894,27081500,0.010047614747352052,VALE3.SA,530,1267,68.70999908447266,65.48999786376953,-1.0
2021-05-19,65.9471435546875,66.25851910553027,64.53126063733829,65.85901729935959,32914300,-0.020505995330197813,VALE3.SA,529,1266,66.66000366210938,63.36000061035156,-1.0
2021-05-20,65.27738189697266,65.85900792771223,64.74275264440452,65.62400610770742,20951000,-0.010156037420474995,VALE3.SA,528,1265,65.11000061035156,62.04999923706055,-1.0
2021-05-21,64.27274322509766,65.35962142651961,63.743990335077555,65.27737147499273,27775000,-0.015390302776858045,VALE3.SA,527,1264,66.44000244140625,63.58000183105469,-1.0
2021-05-24,64.49600982666016,64.70751103964082,63.162381411414565,63.450256319304266,19332500,0.0034737369273405427,VALE3.SA,524,1261,68.45999908447266,66.05000305175781,-1.0
2021-05-25,62.89212417602539,65.14813089842906,62.73349604199852,64.7897541301899,23310100,-0.02486798260768963,VALE3.SA,523,1260,68.6500015258789,66.06999969482422,1.0
2021-05-26,64.74275207519531,64.81325396526299,62.29286854450116,62.492621658549474,28241800,0.029425431616688646,VALE3.SA,522,1259,68.87000274658203,66.20999908447266,-1.0
2021-05-27,65.20687866210938,65.85313029208561,64.49012514289896,65.09525627368042,55448700,0.0071687806285249955,VALE3.SA,521,1258,69.45999908447266,66.8499984741211,-1.0
2021-05-28,65.55937957763672,66.24088439788424,64.28450066098281,65.27738098340706,25153500,0.005405885433559021,VALE3.SA,520,1257,69.62999725341797,66.31999969482422,-1.0
2021-05-31,67.43350982666016,67.4981354349366,66.09400536836057,66.09400536836057,17812600,0.02858675998914939,VALE3.SA,517,1254,69.62999725341797,66.31999969482422,-1.0
2021-06-01,66.50526428222656,69.3252773574796,66.50526428222656,68.73777500699249,31468400,-0.013765345253712535,VALE3.SA,516,1253,70.25,67.72000122070312,-1.0
2021-06-02,67.44526672363281,67.97401521478628,66.68151193063152,67.1045143093838,20338300,0.014134256160793335,VALE3.SA,515,1252,71.3499984741211,68.83000183105469,-1.0
2021-06-04,66.32902526855469,67.43352822374898,66.02939777410072,67.26902826045279,18455100,-0.016550330502095756,VALE3.SA,513,1250,71.88999938964844,69.62000274658203,-1.0
2021-06-07,65.6827621459961,66.18213822896729,65.03650599855294,65.91775949166227,22746100,-0.009743292924055291,VALE3.SA,510,1247,71.48999786376953,69.2300033569336,-1.0
2021-06-08,64.57823944091797,66.2526197805643,64.44898824236878,66.08224809042508,22676500,-0.016816020961832434,VALE3.SA,509,1246,72.22000122070312,70.05000305175781,-1.0
2021-06-09,65.91776275634766,66.58751508569836,64.15525568283796,64.62525936202212,22517600,0.02074264221240041,VALE3.SA,508,1245,72.22000122070312,69.95999908447266,-1.0
2021-06-10,65.70038604736328,66.60514016528143,65.23625867297292,65.92951159541477,30750900,-0.003297695490483643,VALE3.SA,507,1244,72.5199966430664,70.29000091552734,-1.0
2021-06-11,67.17501068115234,67.42176505314173,66.39950782616799,66.59338466048578,18359200,0.022444687504971528,VALE3.SA,506,1243,72.69000244140625,70.91000366210938,-1.0
2021-06-14,66.81076049804688,67.72726262736421,66.45826002386995,67.50988965080325,19212700,-0.005422406031826199,VALE3.SA,503,1240,72.86000061035156,70.87999725341797,-1.0
2021-06-15,65.50650787353516,66.89301369024855,65.35963229534337,66.8401361513103,20587900,-0.01952159524587127,VALE3.SA,502,1239,73.98999786376953,72.12000274658203,-1.0
2021-06-16,63.53837203979492,65.58287744999933,63.467870153058456,65.5065037677498,38217700,-0.030044890158697823,VALE3.SA,501,1238,74.38999938964844,72.1500015258789,1.0
2021-06-17,62.21649932861328,64.13175823132913,61.62899698270058,63.26225278717196,33680600,-0.020804321369041867,VALE3.SA,500,1237,73.08000183105469,71.04000091552734,1.0
2021-06-18,64.09062194824219,64.09062194824219,62.580741259110056,62.86862060523881,59819400,0.03012259834373232,VALE3.SA,499,1236,73.51000213623047,71.63999938964844,-1.0
2021-06-21,64.68986511230469,65.0306174509464,62.94498292825534,63.30335961505337,22673600,0.009349935229937989,VALE3.SA,496,1233,74.9000015258789,73.66000366210938,-1.0
2021-06-22,65.44776916503906,65.84727098187666,64.73101550992267,65.0306429931228,18576100,0.011715962792913759,VALE3.SA,495,1232,74.80999755859375,73.05999755859375,-1.0
2021-06-23,66.42887878417969,67.12213161383725,65.89425407104221,66.04112963256046,29491400,0.014990726676513244,VALE3.SA,494,1231,75.19000244140625,73.08000183105469,-1.0
2021-06-24,66.5185546875,67.05175718883346,66.06323410551968,66.93193814816657,23136700,0.0013499535888850112,VALE3.SA,493,1230,75.55999755859375,73.30000305175781,-1.0
2021-06-25,67.33931732177734,68.27991079339327,66.74021308327542,66.86003210265477,26139200,0.012338852492108865,VALE3.SA,492,1229,76.18000030517578,74.05000305175781,-1.0
2021-06-28,66.26095581054688,68.11817881904956,65.90748635473578,67.84259130160248,18866400,-0.01601384680034068,VALE3.SA,489,1226,74.68000030517578,72.91000366210938,-1.0
2021-06-29,67.40522766113281,67.72874453925239,66.26093622718375,66.26093622718375,19589500,0.01726917211785528,VALE3.SA,488,1225,74.76000213623047,72.9800033569336,-1.0
2021-06-30,67.84857940673828,68.4656562629499,66.90798559691191,66.99785217916116,18903100,0.006577408918998717,VALE3.SA,487,1224,75.12999725341797,73.47000122070312,-1.0
2021-07-01,66.6683349609375,68.51357755624257,66.3568026931553,67.9444302211236,22129200,-0.017395271295592818,VALE3.SA,486,1223,75.83999633789062,75.2300033569336,-1.0
2021-07-02,68.0462646484375,68.07022936793277,66.8480560984913,67.0996787969873,19688800,0.020668428097197378,VALE3.SA,485,1222,76.16999816894531,75.16000366210938,-1.0
2021-07-05,67.8006362915039,68.27392926323007,67.26743380061819,68.237984465895,13732900,-0.0036097257976266395,VALE3.SA,482,1219,76.16999816894531,75.16000366210938,-1.0
2021-07-06,68.16009521484375,68.50757681101096,67.50108138919076,67.99833906258834,19028000,0.005301704275965546,VALE3.SA,481,1218,74.52999877929688,73.37000274658203,-1.0
2021-07-07,68.3578109741211,69.24448749530683,68.29790144841483,68.78317454868055,21460000,0.0029007553269129183,VALE3.SA,480,1217,73.43000030517578,72.19999694824219,-1.0
2021-07-08,68.09420776367188,68.60344558551527,66.80014007584018,67.11167235024199,21824500,-0.003856226621256398,VALE3.SA,479,1216,74.12000274658203,72.94000244140625,-1.0
2021-07-12,68.93893432617188,69.67583465527156,68.89699720635666,69.08271808399502,22333300,0.012405263094207752,VALE3.SA,475,1212,75.16000366210938,74.0999984741211,-1.0
2021-07-13,69.3463363647461,69.44219526558608,68.80714147453112,68.95691757899061,12698500,0.005909607430928165,VALE3.SA,474,1211,76.48999786376953,75.25,-1.0
2021-07-14,68.96888732910156,69.7537124842828,68.5614962301397,69.65186585224308,19483600,-0.005442955683473083,VALE3.SA,473,1210,74.76000213623047,73.12999725341797,-1.0
2021-07-15,69.18457794189453,69.59196911565934,68.59745362027907,68.89101349568489,18236100,0.003127361063021805,VALE3.SA,472,1209,73.47000122070312,71.6500015258789,-1.0
2021-07-16,67.93843841552734,69.41822698308499,67.69879574651168,69.10069781842711,19576800,-0.018011810773981618,VALE3.SA,471,1208,73.58999633789062,71.80999755859375,-1.0
2021-07-19,67.19554901123047,67.19554901123047,66.02729273545988,67.09969011707747,18644300,-0.010934743594681828,VALE3.SA,468,1205,68.62000274658203,66.41999816894531,-1.0
2021-07-20,67.75869750976562,67.7706821557857,66.0272863949246,67.1955425585087,13066600,0.008380741088089616,VALE3.SA,467,1204,69.3499984741211,67.41999816894531,-1.0
2021-07-21,68.53753662109375,68.81911638898049,67.39923747403822,67.55500588046982,19607100,0.011494304642084785,VALE3.SA,466,1203,72.2300033569336,70.30000305175781,-1.0
2021-07-22,68.7172622680664,68.7172622680664,67.51306590051163,68.10617788533735,12083800,0.002622295107661321,VALE3.SA,465,1202,73.79000091552734,71.91000366210938,-1.0
2021-07-23,68.36979675292969,68.59146245879074,67.57897911643289,68.07024454863841,13163300,-0.00505645166393931,VALE3.SA,464,1201,74.0999984741211,72.06999969482422,-1.0
2021-07-26,69.85555267333984,70.00532873163209,68.56148990651224,68.56148990651224,16419900,0.021731173573314555,VALE3.SA,461,1198,74.5,71.91000366210938,-1.0
2021-07-27,68.4057388305664,69.52606567548877,68.23199801050013,69.31637548419255,22106500,-0.020754453830651,VALE3.SA,460,1197,74.4800033569336,71.6500015258789,-1.0
2021-07-28,70.27494812011719,70.45467669807425,69.04678226879325,69.1965583691594,25209200,0.02732532856900516,VALE3.SA,459,1196,74.73999786376953,72.38999938964844,-1.0
2021-07-29,69.23848724365234,70.4307035806718,68.74722187582499,69.7177725360317,30576800,-0.014748653740637052,VALE3.SA,458,1195,76.05000305175781,73.62000274658203,-1.0
2021-07-30,65.15859985351562,68.00434592950891,65.15859985351562,68.00434592950891,41956700,-0.05892513763016616,VALE3.SA,457,1194,76.33000183105469,73.94999694824219,-1.0
2021-08-02,65.26042938232422,66.72224528771282,65.26042938232422,66.44066554487456,23109400,0.0015627949194352286,VALE3.SA,454,1191,72.88999938964844,71.26000213623047,-1.0
2021-08-03,67.48310852050781,67.71675883369306,65.56597657365371,65.76966984328061,36641400,0.03405860426020446,VALE3.SA,453,1190,72.41000366210938,70.55999755859375,-1.0
2021-08-04,67.41122436523438,67.84857258377129,66.87203406756929,67.09969209167669,18828200,-0.0010652170128113703,VALE3.SA,452,1189,70.37999725341797,68.1500015258789,-1.0
2021-08-05,65.35028839111328,65.89547084595766,64.64334523975293,65.68578528640214,32215200,-0.03057259371161891,VALE3.SA,451,1188,71.29000091552734,69.08999633789062,-1.0
2021-08-06,65.72174072265625,66.43467631143598,65.60192168944427,65.8116072829668,19273100,0.005684019775396676,VALE3.SA,450,1187,70.69999694824219,68.27999877929688,-1.0
2021-08-09,65.3083724975586,65.57197532772774,64.51156254156571,64.82309482114883,21502300,-0.006289672497295173,VALE3.SA,447,1184,69.04000091552734,66.4800033569336,-1.0
2021-08-10,65.93740844726562,66.34479949634111,65.2065005735594,65.2724024028806,17440500,0.009631781127765082,VALE3.SA,446,1183,70.62999725341797,68.29000091552734,-1.0
2021-08-11,65.4641342163086,66.201034621896,65.45814646343008,66.01531372498046,14680600,-0.007177628634518429,VALE3.SA,445,1182,71.44000244140625,69.25,-1.0
2021-08-12,65.42219543457031,65.88950068306599,65.20052974278508,65.42219543457031,14849500,-0.0006406375374904405,VALE3.SA,444,1181,71.30999755859375,69.08999633789062,-1.0
2021-08-13,64.88300323486328,65.84156928515749,64.6793053780988,65.72174567211854,11855200,-0.008241731970708432,VALE3.SA,443,1180,70.58999633789062,68.44000244140625,-1.0
2021-08-16,65.18254852294922,65.24245803773589,63.457125243953975,64.24794272322579,21856700,0.004616698875692382,VALE3.SA,440,1177,69.51000213623047,67.29000091552734,-1.0
2021-08-17,64.10417175292969,65.49409379875918,63.30137403898167,64.76917801247953,23402600,-0.016543949177437622,VALE3.SA,439,1176,69.02999877929688,66.58999633789062,-1.0
2021-08-18,61.9533805847168,63.34929019136665,61.9533805847168,63.34929019136665,35379200,-0.03355150077443436,VALE3.SA,438,1175,68.2300033569336,65.45999908447266,-1.0
2021-08-19,58.41865921020508,60.07817604293606,58.29284786078962,59.107630041501714,60456900,-0.05705453586472564,VALE3.SA,437,1174,66.44999694824219,63.689998626708984,-1.0
2021-08-20,58.44263458251953,59.371243636746755,58.37673273450812,58.46659473561122,31351100,0.00041040606954334535,VALE3.SA,436,1173,65.18000030517578,62.31999969482422,-1.0
2021-08-23,57.63383102416992,58.67028345980151,57.60987087481233,58.44861322641823,19773500,-0.0138392727180634,VALE3.SA,433,1170,68.75,65.63999938964844,-1.0
2021-08-24,59.736698150634766,60.671299535943106,59.371244107240344,59.53899260503376,29779200,0.03648667959592977,VALE3.SA,432,1169,71.05000305175781,67.54000091552734,-1.0
2021-08-25,59.61088943481445,60.18602912609106,59.04174206752725,59.96435884652242,15088600,-0.002106054062497198,VALE3.SA,431,1168,72.25,68.36000061035156,-1.0
2021-08-26,58.85001754760742,59.790611118132034,58.850017547607415,59.604885676520595,18032300,-0.012763974743894013,VALE3.SA,430,1167,71.06999969482422,67.41999816894531,-1.0
2021-08-27,60.32381820678711,60.50953909183763,59.25142087636605,59.31732272024916,19572800,0.025043334234988723,VALE3.SA,429,1166,72.69999694824219,68.73999786376953,-1.0
2021-08-30,59.94038009643555,60.89295362905005,59.880466016736925,60.40168834281814,13031600,-0.006356330248147635,VALE3.SA,426,1163,73.41000366210938,69.20999908447266,-1.0
2021-08-31,59.11962127685547,59.46710291939492,58.532496964605926,59.3113344984628,20433600,-0.013692919835669892,VALE3.SA,425,1162,72.98999786376953,68.5,-1.0
2021-09-01,59.22145462036133,59.664790488695864,57.346259949987356,58.328790561324816,20847500,0.0017224965469413434,VALE3.SA,424,1161,71.58999633789062,68.58999633789062,-1.0
2021-09-02,59.035743713378906,59.91043552352596,58.658309615069946,59.17353515543306,24448600,-0.0031358720952215924,VALE3.SA,423,1160,73.02999877929688,69.98999786376953,-1.0
2021-09-03,59.07767105102539,60.437635701019836,59.01776153958471,60.00628447616536,38716500,0.0007102025825242997,VALE3.SA,422,1159,72.61000061035156,69.29000091552734,-1.0
2021-09-06,58.1490592956543,58.44262368050803,57.6098691064025,58.04721266620032,11916100,-0.015718489555369475,VALE3.SA,419,1156,72.61000061035156,69.29000091552734,-1.0
2021-09-08,56.93887710571289,57.951364904456845,56.735179252996005,57.79559649600315,22635100,-0.020811724292706613,VALE3.SA,417,1154,72.5999984741211,69.30000305175781,-1.0
2021-09-09,56.73518371582031,57.34627275123624,55.81855473350016,57.010775756610236,28997700,-0.0035774044070873146,VALE3.SA,416,1153,71.44999694824219,68.13999938964844,-1.0
2021-09-10,56.801082611083984,57.62784954886276,56.801082611083984,57.22045840336694,18022000,0.0011615172622645442,VALE3.SA,415,1152,72.91999816894531,69.72000122070312,-1.0
2021-09-13,56.7711296081543,56.91491337263915,56.27986422292786,56.73518023893048,18832800,-0.0005273315499068065,VALE3.SA,412,1149,73.51000213623047,70.44999694824219,-1.0
2021-09-14,56.369720458984375,57.26238914217132,55.758636094263224,57.00477411460781,25571600,-0.00707065636954074,VALE3.SA,411,1148,73.5999984741211,70.45999908447266,-1.0
2021-09-15,54.96182632446289,56.57941065111274,54.96182632446289,56.24390914032443,35084400,-0.02497607089511633,VALE3.SA,410,1147,75.45999908447266,72.61000061035156,-1.0
2021-09-16,52.67924118041992,54.177001927536594,52.673248857606595,54.177001927536594,39726500,-0.04153037292770989,VALE3.SA,409,1146,75.66999816894531,72.61000061035156,-1.0
2021-09-17,51.61283874511719,53.194473804568716,50.97179729731527,52.89492164072102,74648800,-0.02024331428105497,VALE3.SA,408,1145,75.33999633789062,71.97000122070312,-1.0
2021-09-20,49.57588195800781,50.28881755395823,48.611323647299535,49.605839002013674,49636100,-0.03946608705575372,VALE3.SA,405,1142,73.91999816894531,70.29000091552734,-1.0
2021-09-21,50.39665603637695,50.74413306121987,49.4320977347958,50.74413306121987,32380300,0.016555914810842065,VALE3.SA,404,1141,74.36000061035156,70.55999755859375,-1.0
2021-09-22,52.18798065185547,53.60785961657642,51.82851895355244,52.781092682595634,62161000,0.035544513393617194,VALE3.SA,403,1140,76.19000244140625,72.2300033569336,-1.0
2021-09-23,52.1861572265625,53.13186523756069,51.333031038805835,52.37794070802799,47485400,-3.493956405653531e-05,VALE3.SA,402,1139,77.25,73.30000305175781,-1.0
2021-09-24,51.37931823730469,52.10678856664394,50.92299369222224,51.77611977643471,26631600,-0.015460785620887485,VALE3.SA,401,1138,78.08999633789062,73.9800033569336,-1.0
2021-09-27,52.113407135009766,52.463915270757106,50.59232857148113,51.98113658196928,38386300,0.014287634069306998,VALE3.SA,398,1135,79.52999877929688,75.44999694824219,-1.0
2021-09-28,49.50111770629883,51.45206662825778,49.30932919932355,51.240438800837715,35896000,-0.05012701284226728,VALE3.SA,397,1134,79.08999633789062,75.29000091552734,-1.0
2021-09-29,50.129390716552734,50.790728298324645,49.501116986506226,50.1095463507911,39704900,0.012692097458921747,VALE3.SA,396,1133,78.63999938964844,74.83000183105469,-1.0
2021-09-30,50.420379638671875,51.80918765641363,50.08310107926986,51.18753371349641,39151000,0.005804756809522749,VALE3.SA,395,1132,78.5199966430664,75.02999877929688,-1.0
2021-10-01,50.39392852783203,51.12801374652176,50.05003515887035,50.75766626523902,23191700,-0.0005246114969661431,VALE3.SA,394,1131,79.27999877929688,75.87999725341797,-1.0
2021-10-04,49.924381256103516,50.92300258978991,49.89131739866867,50.6518517125507,25090000,-0.009317536565326301,VALE3.SA,391,1128,81.26000213623047,77.62000274658203,-1.0
2021-10-05,49.56725311279297,50.32779239277055,49.56725311279297,50.255044850170606,21889400,-0.007153381460624275,VALE3.SA,390,1127,82.55999755859375,78.93000030517578,-1.0
2021-10-06,50.962677001953125,51.10155730109339,48.88607721281729,48.9786640789108,27318400,0.028152132739427627,VALE3.SA,389,1126,81.08000183105469,77.43000030517578,-1.0
2021-10-07,52.48374938964844,53.15170174087378,51.39254140186183,51.80918225002536,33115300,0.029846791361392233,VALE3.SA,388,1125,81.94999694824219,78.30000305175781,-1.0
2021-10-08,52.80780792236328,54.12386837275781,52.63585872847679,53.87256189369727,37172600,0.006174454692803533,VALE3.SA,387,1124,82.38999938964844,79.3499984741211,-1.0
2021-10-11,53.97837829589844,54.957155146782114,53.396397961810784,54.16355202197882,28327900,0.022166615498528053,VALE3.SA,384,1121,83.6500015258789,80.5199966430664,-1.0
2021-10-13,52.377933502197266,53.43607765020548,52.35809418240303,53.43607765020548,32052800,-0.02964973836242102,VALE3.SA,382,1119,83.18000030517578,80.44000244140625,-1.0
2021-10-14,52.377933502197266,53.06572518016051,52.3316400741423,52.900390787734885,24030000,0.0,VALE3.SA,381,1118,84.0,81.30999755859375,-1.0
2021-10-15,53.356712341308594,53.53527125507559,52.44406836257903,52.5697190627836,26927200,0.01868685481969745,VALE3.SA,380,1117,84.86000061035156,82.27999877929688,-1.0
2021-10-18,52.854103088378906,53.17154737630926,51.90178031579941,52.847493344801244,20912800,-0.009419794265333126,VALE3.SA,377,1114,84.33000183105469,82.44000244140625,-1.0
2021-10-19,52.24567413330078,53.06573140312979,52.120018365728086,52.72183804662273,20804500,-0.011511480084351322,VALE3.SA,376,1113,85.08000183105469,82.95999908447266,-1.0
2021-10-20,50.70475769042969,51.82903475108319,50.44683640408813,51.82903475108319,27576600,-0.02949366561793354,VALE3.SA,375,1112,85.81999969482422,83.87000274658203,-1.0
2021-10-21,49.706138610839844,49.70613861083985,48.244578010813576,49.269653353867874,37556500,-0.019694780629596176,VALE3.SA,374,1111,84.61000061035156,82.5,-1.0
2021-10-22,50.314571380615234,50.98913358711356,49.36224351675311,49.382082839649236,35142600,0.012240596167385709,VALE3.SA,373,1110,85.52999877929688,83.76000213623047,-1.0
2021-10-25,50.92300033569336,51.299962603886584,50.506359422092196,51.05526585079043,17950000,0.012092500013078489,VALE3.SA,370,1107,85.98999786376953,83.76000213623047,-1.0
2021-10-26,50.38071060180664,50.96930080272603,50.30796304478454,50.92962215184368,16674100,-0.010649210186199798,VALE3.SA,369,1106,86.4000015258789,84.6500015258789,-1.0
2021-10-27,49.23659133911133,50.74444558218587,49.23659133911133,50.2484422911447,20087300,-0.022709470530062004,VALE3.SA,368,1105,84.58000183105469,82.66000366210938,-1.0
2021-10-28,48.74058532714844,49.38869847799509,48.64138871096293,49.23658859050045,22719000,-0.010073930759071148,VALE3.SA,367,1104,84.31999969482422,82.80999755859375,-1.0
2021-10-29,47.3583869934082,48.38346231445909,46.9681951770113,48.29087040644182,30268500,-0.028358262923247057,VALE3.SA,366,1103,84.37999725341797,83.56999969482422,-1.0
2021-11-01,47.82794189453125,48.18506485525886,47.05417800242452,47.61631403398224,19649600,0.00991492597052357,VALE3.SA,363,1100,84.70999908447266,84.05000305175781,-1.0
2021-11-03,44.19719696044922,46.88884103066569,44.0517018681771,46.6904377147299,77316900,-0.07591263161790318,VALE3.SA,361,1098,81.98999786376953,80.86000061035156,1.0
2021-11-04,43.694576263427734,44.71965159060203,43.396976353270354,44.2368729089095,30122100,-0.01137223017720479,VALE3.SA,360,1097,80.54000091552734,78.80999755859375,1.0
2021-11-05,42.398353576660156,44.08476646046432,42.325606037634536,43.93265659370019,35954600,-0.02966552825579205,VALE3.SA,359,1096,82.73999786376953,81.2699966430664,1.0
2021-11-08,44.706417083740234,45.07015475214607,42.543845529196155,42.59013895557462,27722000,0.05443757392387627,VALE3.SA,356,1093,83.43000030517578,81.93000030517578,1.0
2021-11-09,43.608604431152344,44.50802400117203,43.139055324769444,44.47495510181319,20961500,-0.02455604193312033,VALE3.SA,355,1092,84.77999877929688,84.1500015258789,1.0
2021-11-10,43.44326400756836,43.83345072880259,42.59013798746739,42.72901826344593,22492600,-0.0037914633073162785,VALE3.SA,354,1091,82.63999938964844,81.33999633789062,1.0
2021-11-11,44.977569580078125,45.80424154315908,44.706418754297054,45.27516946854517,28795100,0.03531745617093751,VALE3.SA,353,1090,82.87000274658203,81.58999633789062,1.0
2021-11-12,45.169368743896484,46.022489971055556,44.316242471130984,44.428668673704635,24542500,0.004264329211405737,VALE3.SA,352,1089,82.16999816894531,80.79000091552734,1.0
2021-11-16,43.86652374267578,45.01724974141254,43.77393688332946,44.97095631173938,17207900,-0.028843551226222286,VALE3.SA,348,1085,82.43000030517578,80.76000213623047,1.0
2021-11-17,42.986942291259766,44.77916651054581,42.986942291259766,44.30300265017655,25487600,-0.020051314222565342,VALE3.SA,347,1084,80.27999877929688,78.36000061035156,1.0
2021-11-18,41.22117614746094,42.75547926430695,40.90373186146263,42.46448908927565,51343900,-0.041076802621475283,VALE3.SA,346,1083,81.23999786376953,79.01000213623047,1.0
2021-11-19,42.34544372558594,42.854676479132365,41.53861360710582,41.84282828330001,26849500,0.027274029593506555,VALE3.SA,345,1082,78.88999938964844,76.0999984741211,1.0
2021-11-22,44.699806213378906,45.64551918851923,43.08614589131981,43.35068194192793,44693500,0.05559895659731673,VALE3.SA,342,1079,79.69999694824219,76.75,1.0
2021-11-23,45.87698745727539,47.5964640705593,45.77117102785235,46.6970446028837,30391600,0.02633526504068251,VALE3.SA,341,1078,82.30999755859375,78.5,1.0
2021-11-24,46.94174575805664,46.94174575805664,45.96957866447002,46.36638022118145,20764100,0.023208984717508763,VALE3.SA,340,1077,82.25,78.38999938964844,1.0
2021-11-25,46.62430191040039,47.146759232315844,46.16136759761737,47.146759232315844,17199200,-0.00676250621978125,VALE3.SA,339,1076,82.25,78.38999938964844,1.0
2021-11-26,45.39421463012695,45.87037853218375,44.64029013373894,44.64029013373894,22664200,-0.026382964031018474,VALE3.SA,338,1075,72.72000122070312,68.1500015258789,1.0
2021-11-29,45.96296691894531,46.69043732868514,45.73811453864273,46.47880948138618,18164000,0.012529180060775635,VALE3.SA,335,1072,73.44000244140625,69.94999694824219,1.0
2021-11-30,46.26056671142578,47.2525731888311,45.427284903241535,45.632297960644756,42668700,0.006474773332306505,VALE3.SA,334,1071,70.56999969482422,66.18000030517578,1.0
2021-12-01,46.44575119018555,47.58324785218372,46.27380196690412,47.15338236238986,28194700,0.004003074149846686,VALE3.SA,333,1070,68.87000274658203,65.56999969482422,1.0
2021-12-02,48.60170364379883,48.64799707857766,46.366384149954335,46.93513494615485,24888400,0.04641872288350157,VALE3.SA,332,1069,69.66999816894531,66.5,1.0
2021-12-03,47.530338287353516,49.1638380296097,46.95497272069591,48.33716597466787,34451500,-0.02204378192783807,VALE3.SA,331,1068,69.87999725341797,66.26000213623047,1.0
2021-12-06,50.109554290771484,50.25504938911221,47.58985931956244,48.19167903622523,28848800,0.05426462542355237,VALE3.SA,328,1065,73.08000183105469,69.48999786376953,1.0
2021-12-07,50.47990417480469,52.781356377619,50.32779429481818,51.76951057762255,37125100,0.007390803795303658,VALE3.SA,327,1064,75.44000244140625,72.05000305175781,1.0
2021-12-08,50.102943420410156,50.91638593105608,49.58710084378474,50.91638593105608,24281000,-0.007467541005806377,VALE3.SA,326,1063,75.81999969482422,72.36000061035156,1.0
2021-12-09,49.71936798095703,50.22859578469893,49.236589244812,49.52757944443948,16925200,-0.007655746614217307,VALE3.SA,325,1062,74.41999816894531,70.94000244140625,1.0
2021-12-10,50.03020095825195,50.39393368729282,49.494513958716105,49.93099928829298,16827100,0.006251748361201459,VALE3.SA,324,1061,75.1500015258789,71.66999816894531,1.0
2021-12-13,51.49174499511719,52.067110512981024,51.18091552152197,51.25366305983597,31699100,0.029213235383260372,VALE3.SA,321,1058,74.38999938964844,71.29000091552734,1.0
2021-12-14,51.485137939453125,52.17292973961459,51.07511180257662,51.92823297893212,21063500,-0.00012831291044201887,VALE3.SA,320,1057,73.69999694824219,70.7300033569336,1.0
2021-12-15,51.19414520263672,51.70337292626205,50.393922279559874,51.63724017646212,22112200,-0.005651975472195758,VALE3.SA,319,1056,73.87999725341797,70.87000274658203,1.0
2021-12-16,53.19800567626953,53.211230210071946,51.88855482315809,52.24567778309757,30125700,0.039142375865465207,VALE3.SA,318,1055,75.0199966430664,72.37999725341797,1.0
2021-12-17,52.35810089111328,53.35010737277411,52.2919681347904,52.84087959892147,38744500,-0.015788275791152717,VALE3.SA,317,1054,73.5199966430664,70.86000061035156,1.0
2021-12-20,51.76951217651367,52.17954334972748,51.10817450426264,51.58433843558035,19195400,-0.011241597853666851,VALE3.SA,314,1051,71.5199966430664,68.2300033569336,1.0
2021-12-21,53.131866455078125,53.16493535711253,52.34487805184089,52.77474855025796,19590300,0.02631576426525628,VALE3.SA,313,1050,73.9800033569336,71.12000274658203,1.0
2021-12-22,52.854103088378906,53.00621296596353,51.96791307081654,52.83426376643434,18655600,-0.005227811203170507,VALE3.SA,312,1049,75.29000091552734,72.76000213623047,1.0
2021-12-23,52.34487533569336,52.946689965764584,52.113408170281346,52.873942421548556,13121200,-0.009634592641446393,VALE3.SA,311,1048,76.8499984741211,73.79000091552734,1.0
2021-12-27,52.21259689331055,52.54326566412468,51.75627742059845,52.1596937246401,11371400,-0.0025270562119882323,VALE3.SA,307,1044,78.5999984741211,75.56999969482422,1.0
2021-12-28,50.95607376098633,51.93485076905168,50.638629432723306,51.92162623461033,18923700,-0.024065516888419736,VALE3.SA,306,1043,78.94000244140625,75.9800033569336,1.0
2021-12-29,51.08833312988281,51.57111183130619,50.4931282396368,50.512967561710695,12113500,0.0025955565084716525,VALE3.SA,305,1042,79.2300033569336,76.55999755859375,1.0
2021-12-30,51.5578727722168,52.23243987232253,51.32640564790792,51.57771209064257,26568500,0.009190741086428922,VALE3.SA,304,1041,79.31999969482422,76.98999786376953,1.0
2022-01-03,51.58433151245117,52.88716735922917,51.58433151245117,52.24566909594414,18557200,0.0005131852578803553,VALE3.SA,300,1037,78.9800033569336,76.08000183105469,1.0
2022-01-04,50.975894927978516,52.29195511999511,50.85685397798274,51.92160774027698,18178700,-0.011794988257738614,VALE3.SA,299,1036,80.0,76.98999786376953,1.0
2022-01-05,51.458675384521484,52.03404089441363,51.008965629177176,51.16769028090244,22039000,0.009470759801766482,VALE3.SA,298,1035,80.80000305175781,77.8499984741211,1.0
2022-01-06,52.49698257446289,53.13848092344737,51.789351467415344,52.00759411006891,22044100,0.020177495479289487,VALE3.SA,297,1034,81.98999786376953,79.45999908447266,1.0
2022-01-07,55.5523567199707,55.5523567199707,52.76812611364481,53.171542441093024,35213100,0.05820094785779362,VALE3.SA,296,1033,81.75,78.9000015258789,1.0
2022-01-10,54.89103317260742,55.73092989385631,54.42809876650277,54.553749507813116,25056700,-0.011904509302762656,VALE3.SA,293,1030,80.87000274658203,78.2300033569336,1.0
2022-01-11,55.9359245300293,56.312886686822736,55.09602311599188,55.20845432076532,28418800,0.01903573857202079,VALE3.SA,292,1029,83.72000122070312,81.22000122070312,1.0
2022-01-12,56.54435729980469,57.25860302401053,56.167395119630186,57.19908002419098,27335400,0.010877316767129663,VALE3.SA,291,1028,84.66999816894531,82.63999938964844,1.0
2022-01-13,55.68461608886719,56.36579795960182,55.35394733526203,56.107871689833416,23154200,-0.015204721602529725,VALE3.SA,290,1027,84.47000122070312,82.12000274658203,1.0
2022-01-14,56.00868225097656,56.16740186020176,54.831502145146004,55.367183979784414,21183400,0.005819671300098417,VALE3.SA,289,1026,86.05999755859375,83.81999969482422,1.0
2022-01-17,55.717689514160156,55.94915665138875,55.552355123910424,55.552355123910424,9688500,-0.005195493361412451,VALE3.SA,286,1023,86.05999755859375,83.81999969482422,1.0
2022-01-18,57.080055236816406,57.457017523757116,55.86981108123173,55.93594384206925,24080200,0.02445122427967905,VALE3.SA,285,1022,87.51000213623047,85.43000030517578,1.0
2022-01-19,58.33658981323242,58.85904712917757,58.11834719158341,58.51515379298364,29332500,0.022013548711592,VALE3.SA,284,1021,88.44000244140625,86.95999908447266,1.0
2022-01-20,57.344581604003906,58.839205964454386,57.29828817470526,58.726779785529864,22748800,-0.01700490571019797,VALE3.SA,283,1020,88.37999725341797,86.9000015258789,1.0
2022-01-21,56.154178619384766,57.35781286202455,55.777211339699896,57.185863671474436,32752300,-0.020758770075951283,VALE3.SA,282,1019,87.88999938964844,85.13999938964844,1.0
2022-01-24,55.466392517089844,55.525910485839944,54.282597475535056,55.35396127788515,29040100,-0.012248173140538055,VALE3.SA,279,1016,86.2699966430664,83.30999755859375,1.0
2022-01-25,55.592037200927734,56.246765059642414,54.924089855846994,55.592037200927734,22490500,0.002265239871137803,VALE3.SA,278,1015,88.19999694824219,85.5999984741211,1.0
2022-01-26,55.75075912475586,57.24537839892746,55.43331487134285,56.80889822679047,25806800,0.0028551197585087174,VALE3.SA,277,1014,89.95999908447266,87.3499984741211,1.0
2022-01-27,55.87641906738281,56.51791742309673,55.069586291973806,56.21370269633049,20994900,0.0022539593110428857,VALE3.SA,276,1013,89.33999633789062,86.61000061035156,1.0
2022-01-28,55.327510833740234,57.106505700933745,54.77859936721467,56.59727792485973,28453000,-0.009823611512767783,VALE3.SA,275,1012,90.02999877929688,86.81999969482422,1.0
2022-01-31,53.48237609863281,54.85134479459744,53.48237609863281,54.85134479459744,31397700,-0.033349317677639045,VALE3.SA,272,1009,91.20999908447266,88.1500015258789,1.0
2022-02-01,56.41870880126953,56.431938378752285,53.813042099371835,53.89901417058794,24131300,0.054902809426819354,VALE3.SA,271,1008,89.16000366210938,88.19999694824219,1.0
2022-02-02,56.736148834228516,57.06681760814596,56.028517859869375,56.54436033988379,17489000,0.005626502975761838,VALE3.SA,270,1007,89.47000122070312,88.26000213623047,1.0
2022-02-03,56.7097053527832,57.3908823473914,56.42532995210536,57.07344309048953,19179400,-0.0004660781880451159,VALE3.SA,269,1006,91.11000061035156,90.2699966430664,1.0
2022-02-04,58.19770812988281,58.31013430964297,56.57743304678165,56.709698547016494,24535400,0.026238943895810163,VALE3.SA,268,1005,93.2699966430664,92.30999755859375,1.0
2022-02-07,59.60636520385742,59.67911275465149,58.296919380776636,58.296919380776636,24915800,0.0242046829547109,VALE3.SA,265,1002,92.69000244140625,91.31999969482422,1.0
2022-02-08,60.43964385986328,60.499166868562476,59.18971617884122,59.81798489098894,26598600,0.01397969249015607,VALE3.SA,264,1001,90.77999877929688,89.36000061035156,1.0
2022-02-09,60.4528694152832,60.71079066273885,59.07728606511623,59.52038102401644,24815300,0.00021882252401406177,VALE3.SA,263,1000,91.55000305175781,89.66000366210938,1.0
2022-02-10,62.07976150512695,62.48317783942535,60.86289771354994,61.14065829092102,47888900,0.026911743074886196,VALE3.SA,262,999,91.41000366210938,89.87999725341797,1.0
2022-02-11,60.823219299316406,61.76893226012277,60.578522573231744,61.742478150902365,34555300,-0.02024077050790174,VALE3.SA,261,998,94.44000244140625,93.0999984741211,1.0
2022-02-14,60.55868148803711,60.955483023569506,60.06267830722029,60.25446680927542,22804400,-0.0043492898653964,VALE3.SA,258,995,96.4800033569336,95.45999908447266,1.0
2022-02-15,58.75984191894531,59.480702491918244,57.999302706478446,58.872268094581614,29624900,-0.029704074211839404,VALE3.SA,257,994,93.27999877929688,92.06999969482422,1.0
2022-02-16,59.18972396850586,59.930424006652885,58.925187880195764,59.15004532122152,20774700,0.007315915692107211,VALE3.SA,256,993,94.80999755859375,93.66000366210938,1.0
2022-02-17,56.6435661315918,58.85904607005129,56.45839241192671,58.7598444214863,36259300,-0.04301688986197738,VALE3.SA,255,992,92.97000122070312,91.76000213623047,1.0
2022-02-18,56.76259994506836,57.55620294233322,56.498063930778464,57.16601623159936,22690600,0.002101453379542262,VALE3.SA,254,991,93.54000091552734,91.06999969482422,1.0
2022-02-21,56.80889129638672,58.19108422607258,56.544355291748836,57.27182552029954,14561000,0.0008155255637189995,VALE3.SA,251,988,93.54000091552734,91.06999969482422,1.0
2022-02-22,57.79429626464844,57.80091105385338,56.7427718333227,57.331361932418076,23591200,0.017345963735159176,VALE3.SA,250,987,96.83999633789062,92.3499984741211,1.0
2022-02-23,57.18587112426758,58.422569381060136,56.577441657618365,58.257234957800705,24413800,-0.010527425363824672,VALE3.SA,249,986,96.83999633789062,92.0999984741211,1.0
2022-02-24,57.893497467041016,58.224166286218356,55.37380267950354,55.96239277399074,37212500,0.012374146425709442,VALE3.SA,248,985,99.08000183105469,92.80999755859375,1.0
2022-02-25,61.02824020385742,61.1142173313055,56.279835467355156,57.218933760482514,51028300,0.05414671550291161,VALE3.SA,247,984,97.93000030517578,91.58999633789062,1.0
2022-03-02,65.90229797363281,65.93536182884056,64.18943083272674,65.45258816883951,42191500,0.07986561227219058,VALE3.SA,242,979,112.93000030517578,110.5999984741211,-1.0
2022-03-03,65.93536376953125,66.96705396713237,65.80309825359556,66.26603260497644,38621400,0.0005017396496806992,VALE3.SA,241,978,110.45999908447266,107.66999816894531,-1.0
2022-03-04,67.43659210205078,67.51594938041833,64.8904434937863,65.2607909144487,30533200,0.022768181544684962,VALE3.SA,240,977,118.11000061035156,115.68000030517578,-1.0
2022-03-07,69.48674774169922,70.03565921050249,68.69314456785796,69.07010683227344,55305300,0.030401234340934113,VALE3.SA,237,974,123.20999908447266,119.4000015258789,-1.0
2022-03-08,66.43797302246094,70.83586896116351,65.9485846235176,70.7565066347381,53060200,-0.04387562835105463,VALE3.SA,236,973,127.9800033569336,123.69999694824219,-1.0
2022-03-09,64.68621826171875,65.79190727523681,63.56679105199054,65.78503817713172,41051200,-0.026366770102242088,VALE3.SA,235,972,111.13999938964844,108.69999694824219,-1.0
2022-03-10,66.82205963134766,66.82205963134766,64.61068134939241,64.89912062801598,33107000,0.03301849183681371,VALE3.SA,234,971,109.33000183105469,106.0199966430664,-1.0
2022-03-11,66.47180938720703,67.58436763453605,66.45120732996548,66.91133740698429,24321500,-0.005241536194378504,VALE3.SA,233,970,112.66999816894531,109.33000183105469,-1.0
2022-03-14,62.90750503540039,65.37985138813738,62.66713897492087,65.22876789268392,37172800,-0.05362129276554062,VALE3.SA,230,967,106.9000015258789,103.01000213623047,-1.0
2022-03-15,61.101322174072266,61.52024814134311,59.94069070019854,61.11505513252609,47128500,-0.02871172303386882,VALE3.SA,229,966,99.91000366210938,96.44000244140625,1.0
2022-03-16,62.58472442626953,64.47332310244019,61.334815693805524,63.10666589113198,37906100,0.024277743908244442,VALE3.SA,228,965,98.0199966430664,95.04000091552734,-1.0
2022-03-17,64.76177215576172,65.228771343508,63.57366950884089,63.80030262339145,40663500,0.034785608620150565,VALE3.SA,227,964,106.63999938964844,102.9800033569336,-1.0
2022-03-18,65.99107360839844,65.99107360839844,64.41839048562535,65.5240796607365,46080900,0.018981899532953816,VALE3.SA,226,963,107.93000030517578,104.69999694824219,-1.0
2022-03-21,67.85906982421875,68.28486489264357,66.71904564169486,66.84266322674804,25374600,0.02830680141537467,VALE3.SA,223,960,115.62000274658203,112.12000274658203,-1.0
2022-03-22,66.34131622314453,67.96207760255687,66.05974606904296,67.65303629495496,29489800,-0.022366260029879403,VALE3.SA,222,959,115.4800033569336,111.76000213623047,-1.0
2022-03-23,66.2383041381836,67.94834816493932,66.1284247580779,66.95940754605283,26309600,-0.0015527591375251726,VALE3.SA,221,958,121.5999984741211,114.93000030517578,-1.0
2022-03-24,66.55422973632812,67.02809282063484,65.45540433369798,66.06662321312739,23122800,0.004769530293007751,VALE3.SA,220,957,119.02999877929688,112.33999633789062,-1.0
2022-03-25,65.40045166015625,67.50881414635191,64.76176177400126,67.09675209883004,22505500,-0.017335909088616375,VALE3.SA,219,956,120.6500015258789,113.9000015258789,-1.0
2022-03-28,65.47598266601562,66.16274567399776,64.28788559637465,65.72321776805607,16274200,0.0011549003705946248,VALE3.SA,216,953,112.4800033569336,105.95999908447266,-1.0
2022-03-29,64.912841796875,65.69575650172747,64.14367052690757,65.47598729363814,38228800,-0.008600724207731725,VALE3.SA,215,952,110.2300033569336,104.23999786376953,-1.0
2022-03-30,65.83998107910156,66.69156586631097,65.42791902245139,66.14902238200249,22007500,0.014282833050627497,VALE3.SA,214,951,113.44999694824219,107.81999969482422,-1.0
2022-03-31,65.654541015625,66.54046590443774,65.48971936455787,66.21768645972466,17981400,-0.0028165266823781954,VALE3.SA,213,950,107.91000366210938,100.27999877929688,-1.0
2022-04-01,66.58854675292969,66.95939944011764,65.97732803874578,66.46492919053371,22457700,0.014226064531962956,VALE3.SA,212,949,104.38999938964844,99.2699966430664,-1.0
2022-04-04,67.26158142089844,67.4744763107072,66.30698110650933,66.458064591143,16914000,0.010107363815371695,VALE3.SA,209,946,107.52999877929688,103.27999877929688,-1.0
2022-04-05,65.31803894042969,67.1516951621821,65.11887701243457,66.86325591732846,25764400,-0.02889528374759387,VALE3.SA,208,945,106.63999938964844,101.95999908447266,-1.0
2022-04-06,66.30697631835938,66.42372478243118,65.46912453697553,65.46912453697553,22615800,0.015140340922231266,VALE3.SA,207,944,101.06999969482422,96.2300033569336,-1.0
2022-04-07,66.70531463623047,67.08990563096938,65.33865719381505,65.58589239058009,19946600,0.0060074872960358405,VALE3.SA,206,943,100.58000183105469,96.02999877929688,-1.0
2022-04-08,65.34551239013672,66.89072942135053,64.98152877222914,66.36878797927844,26887400,-0.020385215983303118,VALE3.SA,205,942,102.77999877929688,98.26000213623047,-1.0
2022-04-11,64.55574798583984,65.0433492833653,63.81404238977801,64.42526128664711,16515800,-0.01208597768094144,VALE3.SA,202,939,98.4800033569336,94.29000091552734,-1.0
2022-04-12,64.12307739257812,65.6614253860718,64.03379482947673,65.3111747114451,16822600,-0.006702278368095449,VALE3.SA,201,938,104.63999938964844,100.5999984741211,-1.0
2022-04-13,64.1436767578125,64.81670168441151,63.738483790520306,64.20548292390173,23674700,0.00032124729616866965,VALE3.SA,200,937,108.77999877929688,104.25,-1.0
2022-04-14,63.2440071105957,64.55572705837908,62.74267301548087,64.08185887458082,24980700,-0.014025850913000903,VALE3.SA,199,936,111.69999694824219,106.94999694824219,-1.0
2022-04-18,62.20014953613281,63.18222122784479,61.81556377924017,62.9143839700677,14812600,-0.01650524092563399,VALE3.SA,195,932,113.16000366210938,108.20999908447266,-1.0
2022-04-19,60.21538543701172,61.59578065759875,59.63850174081368,61.59578065759875,34550900,-0.0319093139473583,VALE3.SA,194,931,107.25,102.55999755859375,-1.0
2022-04-20,58.64957046508789,59.52175730674008,57.96280735715849,59.48055319693206,29635700,-0.026003569695020046,VALE3.SA,193,930,106.80000305175781,102.75,-1.0
2022-04-22,55.250091552734375,57.27604592412202,54.9959925487055,57.17303040700285,39058200,-0.05796255429316588,VALE3.SA,191,928,106.6500015258789,102.06999969482422,1.0
2022-04-25,54.309226989746094,54.67321059296623,53.25161119119729,53.526317478023294,38943700,-0.01702919464106689,VALE3.SA,188,925,102.31999969482422,98.54000091552734,1.0
2022-04-26,53.567527770996094,54.47405495446023,53.464512246595966,54.30923325917236,37069400,-0.013656965121047193,VALE3.SA,187,924,104.98999786376953,101.69999694824219,1.0
2022-04-27,56.43132019042969,56.79530377910576,55.044061094791125,55.25695596977077,49408800,0.05346135128125473,VALE3.SA,186,923,105.31999969482422,102.0199966430664,1.0
2022-04-28,57.82546615600586,58.75260077689225,55.51107725270675,58.38861183676093,56032800,0.024705180755501877,VALE3.SA,185,922,107.58999633789062,105.36000061035156,-1.0
2022-04-29,57.200496673583984,59.885737550095214,57.200496673583984,59.185241524792495,47492200,-0.010807858958469696,VALE3.SA,184,921,109.33999633789062,104.69000244140625,-1.0
2022-05-02,56.94639205932617,57.13868487908101,55.38057311036663,57.111218967332924,31473600,-0.0044423497877625895,VALE3.SA,181,918,107.58000183105469,105.16999816894531,-1.0
2022-05-03,56.657955169677734,57.832319429898845,56.44506028752605,56.96699646567771,27364600,-0.005065059948801465,VALE3.SA,180,917,104.97000122070312,102.41000366210938,-1.0
2022-05-04,56.184085845947266,56.43819007156238,54.83803083914789,56.26649930172185,34032200,-0.008363685599159676,VALE3.SA,179,916,110.13999938964844,107.80999755859375,1.0
2022-05-05,55.16768264770508,57.13868944736202,54.30922874831811,56.00553449184065,30906600,-0.01809058887296111,VALE3.SA,178,915,110.9000015258789,108.26000213623047,1.0
2022-05-06,54.77621841430664,55.55912781610057,53.73920481594995,54.39162757091626,25204100,-0.0070958977178411375,VALE3.SA,177,914,112.38999938964844,109.7699966430664,1.0
2022-05-09,52.53050994873047,53.55379077718231,52.24893979214835,53.24474422727102,37050200,-0.040997873357932146,VALE3.SA,174,911,105.94000244140625,103.08999633789062,1.0
2022-05-10,51.87808609008789,52.839555494450465,51.41795606271849,52.379420227494336,31905000,-0.012419903390988196,VALE3.SA,173,910,102.45999908447266,99.76000213623047,1.0
2022-05-11,54.04139709472656,54.86551082684526,52.96317909607074,53.13486989356108,33933400,0.04169990004800894,VALE3.SA,172,909,107.51000213623047,105.70999908447266,1.0
2022-05-12,53.49885940551758,53.49885940551758,52.10473081553421,52.91511167803131,27737200,-0.010039297989613338,VALE3.SA,171,908,107.44999694824219,106.12999725341797,1.0
2022-05-13,53.43703842163086,54.49465428944285,53.43017456271099,53.85596435756895,26086800,-0.0011555570450225705,VALE3.SA,170,907,111.55000305175781,110.48999786376953,1.0
2022-05-16,55.03719711303711,55.38057867987142,53.924638950242645,54.034523566631336,23828800,0.029944748786050246,VALE3.SA,167,904,114.23999786376953,114.19999694824219,1.0
2022-05-17,54.80370330810547,56.25963788171219,54.15814424873663,56.211564669179644,29305300,-0.004242472676289855,VALE3.SA,166,903,111.93000030517578,112.4000015258789,1.0
2022-05-18,53.41643524169922,54.42597787789437,53.16920009652543,54.05512516013369,30631700,-0.025313400056325652,VALE3.SA,165,902,109.11000061035156,109.58999633789062,1.0
2022-05-19,54.838035583496094,55.202019208714454,53.20354119945604,53.41643609580936,29984300,0.02661353823714374,VALE3.SA,164,901,112.04000091552734,112.20999908447266,1.0
2022-05-20,55.806373596191406,56.63048725909316,55.33937445665725,56.32144594540173,38372000,0.017658145526036062,VALE3.SA,163,900,112.55000305175781,113.2300033569336,1.0
2022-05-23,56.94639205932617,57.447731401903894,56.49999501941737,56.52060231260799,27632800,0.02042810506527104,VALE3.SA,160,897,113.41999816894531,110.29000091552734,-1.0
2022-05-24,57.715576171875,57.749911185870936,55.627815552035806,56.190961129522314,35176800,0.013507161467709805,VALE3.SA,159,896,113.55999755859375,109.7699966430664,-1.0
2022-05-25,57.894142150878906,58.237523764491264,57.28292329781591,57.68811108687645,24607700,0.0030938958050448218,VALE3.SA,158,895,114.02999877929688,110.33000183105469,-1.0
2022-05-26,57.85978317260742,58.134489422531054,57.07000466892171,57.797977017157216,27450600,-0.0005934793572368591,VALE3.SA,157,894,117.4000015258789,114.08999633789062,-1.0
2022-05-27,58.86933517456055,58.979214548596474,58.16883386168277,58.306189628711145,19834500,0.0174482506949849,VALE3.SA,156,893,119.43000030517578,115.06999969482422,-1.0
2022-05-30,59.508033752441406,60.029975264020294,59.06850571308682,59.2539294761071,16147900,0.010849427396911748,VALE3.SA,153,890,119.43000030517578,115.06999969482422,-1.0
2022-05-31,59.20583724975586,60.04368894311543,58.38172375048281,59.899469342721936,41369800,-0.005078247147985326,VALE3.SA,152,889,122.83999633789062,114.66999816894531,-1.0
2022-06-01,60.599979400634766,60.970832133516765,59.06163139872899,59.192118074998696,26258900,0.023547376671624543,VALE3.SA,151,888,116.29000091552734,115.26000213623047,-1.0
2022-06-02,61.7400016784668,62.00096976151054,61.12191386116692,61.80867693825868,25142400,0.018812255203837447,VALE3.SA,150,887,117.61000061035156,116.87000274658203,-1.0
2022-06-03,60.751068115234375,61.67819732737099,60.682392847592226,61.46530242580422,18431900,-0.01601771195897672,VALE3.SA,149,886,119.72000122070312,118.87000274658203,-1.0
2022-06-06,60.812870025634766,61.66445473848232,60.812870025634766,61.56143923331527,14932800,0.0010172975112661131,VALE3.SA,146,883,119.51000213623047,118.5,-1.0
2022-06-07,62.23447799682617,62.41990174029176,60.51070103826596,60.59997836073651,27004800,0.023376761705082405,VALE3.SA,145,882,120.56999969482422,119.41000366210938,-1.0
2022-06-08,60.09177017211914,62.035310967758164,59.64537311720895,61.6575891736988,26959100,-0.034429594232578076,VALE3.SA,144,881,123.58000183105469,122.11000061035156,-1.0
2022-06-09,58.05894470214844,59.74838105495194,57.99713330750693,59.74838105495194,36291100,-0.03382868343116108,VALE3.SA,143,880,123.06999969482422,121.51000213623047,-1.0
2022-06-10,58.07268524169922,58.367993580124896,56.57554149519475,57.25544072712451,28689500,0.00023666533419230973,VALE3.SA,142,879,122.01000213623047,120.66999816894531,-1.0
2022-06-13,56.2321662902832,56.91206559887253,55.00972868999683,56.38325502552527,31050500,-0.03169336743695861,VALE3.SA,139,876,122.2699966430664,120.93000030517578,-1.0
2022-06-14,56.122283935546875,56.86398937494922,55.5522692789921,56.54120986486189,22634500,-0.0019540836141558326,VALE3.SA,138,875,121.16999816894531,118.93000030517578,-1.0
2022-06-15,56.087947845458984,57.53014948048772,55.998670518004204,56.38325622345526,33610300,-0.0006118084953086189,VALE3.SA,137,874,118.51000213623047,115.30999755859375,-1.0
2022-06-17,53.16233825683594,54.494655212443526,52.269544060957394,54.494655212443526,56914600,-0.05216110948976205,VALE3.SA,135,872,113.12000274658203,109.55999755859375,-1.0
2022-06-20,51.85061264038086,52.31761174526841,50.992158788718925,51.919287900596515,26725700,-0.02467396392758192,VALE3.SA,132,869,113.12000274658203,109.55999755859375,-1.0
2022-06-21,52.193992614746094,53.32028361516055,52.029170947257384,52.7434051591569,20981000,0.006622486348364154,VALE3.SA,131,868,114.6500015258789,110.6500015258789,-1.0
2022-06-22,51.74760437011719,52.2283417380583,50.39468007228053,50.820475128527704,32228300,-0.008552483193301263,VALE3.SA,130,867,111.73999786376953,106.19000244140625,-1.0
2022-06-23,49.85900115966797,53.09365480636834,49.74225268748161,52.49617424895181,31943300,-0.036496437534407566,VALE3.SA,129,866,110.05000305175781,104.2699966430664,1.0
2022-06-24,51.24626922607422,51.424823876358325,49.85900469948459,49.98262227868974,22394300,0.027823823866099495,VALE3.SA,128,865,113.12000274658203,107.62000274658203,-1.0
2022-06-27,53.601863861083984,54.23368467692113,52.2352014734265,52.537378924299404,28825700,0.04596616828081679,VALE3.SA,125,862,115.08999633789062,109.56999969482422,-1.0
2022-06-28,54.56332015991211,55.09899971987406,54.103190191341646,54.94104191893924,26052000,0.017936993782900146,VALE3.SA,124,861,117.9800033569336,111.76000213623047,-1.0
2022-06-29,54.110069274902344,55.00285822710136,53.59499691185356,54.673214848918875,18636600,-0.008306878754470892,VALE3.SA,123,860,116.26000213623047,109.77999877929688,-1.0
2022-06-30,52.57858657836914,53.60186747339026,52.310749361440706,52.87389495082705,27471300,-0.028303099904615103,VALE3.SA,122,859,114.80999755859375,105.76000213623047,-1.0
2022-07-01,51.575904846191406,52.55797623325256,50.68311601041803,51.86434407438344,26721000,-0.019070153791281963,VALE3.SA,121,858,111.62999725341797,108.43000030517578,-1.0
2022-07-04,51.28059768676758,51.514099857462774,50.53202844806274,50.8204676828158,12474200,-0.005725680631381791,VALE3.SA,118,855,111.62999725341797,108.43000030517578,-1.0
2022-07-05,51.02650833129883,51.10891656273077,49.83840567880966,51.05397424871784,26472200,-0.004954882878331124,VALE3.SA,117,854,102.7699966430664,99.5,-1.0
2022-07-06,51.507232666015625,51.81627396617706,50.50455916553425,51.26686662815821,23138800,0.009421070546226762,VALE3.SA,116,853,100.69000244140625,98.52999877929688,-1.0
2022-07-07,53.0043830871582,53.71861743180241,52.79835203481547,53.05932539972791,34251200,0.029066799819171818,VALE3.SA,115,852,104.6500015258789,102.7300033569336,-1.0
2022-07-08,51.78193283081055,53.47136923370369,51.71325757662842,52.76400416041438,24149200,-0.023063191855992593,VALE3.SA,114,851,107.0199966430664,104.79000091552734,-1.0
2022-07-11,50.01696014404297,50.93035636679305,49.83153116429741,50.92348726839106,22076800,-0.034084720099853194,VALE3.SA,111,848,107.0999984741211,104.08999633789062,1.0
2022-07-12,50.16804504394531,50.250453260134584,48.80138274349314,49.44694171477032,22460000,0.0030206733769353455,VALE3.SA,110,847,99.48999786376953,95.83999633789062,1.0
2022-07-13,49.99635696411133,50.57323546682057,49.659839264610845,50.09936723989029,22980800,-0.003422259720975651,VALE3.SA,109,846,99.56999969482422,96.30000305175781,1.0
2022-07-14,46.66555404663086,48.64343527620352,46.39771683672407,48.41680217871715,57715800,-0.06662091239710533,VALE3.SA,108,845,99.0999984741211,95.77999877929688,1.0
2022-07-15,46.95399856567383,47.036406790538074,45.772765106473926,46.35651273747284,36589000,0.006181101348432305,VALE3.SA,107,844,101.16000366210938,97.58999633789062,1.0
2022-07-18,47.201236724853516,48.34126090462226,47.1806294277383,48.34126090462226,22131300,0.005265540033483562,VALE3.SA,104,841,106.2699966430664,102.5999984741211,1.0
2022-07-19,47.30424118041992,47.57207837443536,46.69302243104248,46.84411115373564,21785500,0.0021822406087967927,VALE3.SA,103,840,107.3499984741211,104.22000122070312,1.0
2022-07-20,46.28096389770508,47.029538385242894,45.4499811932693,47.01580018936888,40427400,-0.02163182956073706,VALE3.SA,102,839,106.91999816894531,102.26000213623047,1.0
2022-07-21,47.09134292602539,47.125683174941166,45.76589000750618,46.22602000129404,26987300,0.017509985965536323,VALE3.SA,101,838,103.86000061035156,96.3499984741211,1.0
2022-07-22,47.53087615966797,48.58849202110391,47.36605447360652,47.93606913573658,27884000,0.009333631328650505,VALE3.SA,100,837,103.19999694824219,94.69999694824219,1.0
2022-07-25,48.40993118286133,48.91813966753521,48.1008898726459,48.526684896121814,19833200,0.018494399729565236,VALE3.SA,97,834,105.1500015258789,96.69999694824219,1.0
2022-07-26,48.32065200805664,49.048619215473956,47.78497762979962,48.97994395357193,19791500,-0.0018442326320904368,VALE3.SA,96,833,104.4000015258789,94.9800033569336,1.0
2022-07-27,48.43052673339844,48.49920722829878,47.599544093048266,48.05281020937715,21666900,0.0022738667790218603,VALE3.SA,95,832,106.62000274658203,97.26000213623047,1.0
2022-07-28,48.54729080200195,49.426346832821025,48.28631744063631,49.076096144433436,21778700,0.0024109601212121134,VALE3.SA,94,831,107.13999938964844,96.41999816894531,1.0
2022-07-29,47.901729583740234,48.29318436860453,46.720496130581466,47.84678727438703,77006600,-0.013297574542204926,VALE3.SA,93,830,110.01000213623047,98.62000274658203,1.0
2022-08-01,46.75483322143555,47.97040160603159,46.651817708262776,47.34544990806699,38874000,-0.023942692096320273,VALE3.SA,90,827,100.02999877929688,93.88999938964844,1.0
2022-08-02,48.24510955810547,48.39619828402346,45.99939644352361,46.92652561487232,32636900,0.03187427339568982,VALE3.SA,89,826,100.54000091552734,94.41999816894531,1.0
2022-08-03,46.37024688720703,48.17643737585983,46.37024688720703,48.11462596603552,31934600,-0.03886119625535078,VALE3.SA,88,825,96.77999877929688,90.66000366210938,1.0
2022-08-04,46.10240936279297,46.73423545644065,45.88951445839123,46.47326210050341,40540800,-0.005776064230702982,VALE3.SA,87,824,94.12000274658203,88.54000091552734,1.0
2022-08-05,46.699893951416016,47.21496631117428,46.35651237824384,46.624349586151176,36129300,0.012959942807354574,VALE3.SA,86,823,94.91999816894531,89.01000213623047,1.0
2022-08-08,47.09821319580078,47.48279884321372,46.53506768083764,47.26990396547963,35705300,0.008529339377069123,VALE3.SA,83,820,96.6500015258789,90.76000213623047,1.0
2022-08-09,48.07341384887695,48.183298452675814,46.80290324507389,47.10507542634816,35174600,0.020705682591863672,VALE3.SA,82,819,96.30999755859375,90.5,1.0
2022-08-10,48.10776138305664,48.629697611386035,47.469071435612825,48.574760540753054,30202200,0.0007144808622840948,VALE3.SA,81,818,97.4000015258789,91.93000030517578,1.0
2022-08-11,49.78346252441406,50.58011034539114,48.45114548940952,48.62283628811106,51158600,0.03483224106012117,VALE3.SA,80,817,99.5999984741211,94.33999633789062,1.0
2022-08-12,50.420623779296875,50.420623779296875,49.337086066370645,49.68381504825867,35608400,0.012798652857268555,VALE3.SA,79,816,98.1500015258789,92.08999633789062,1.0
2022-08-15,49.33708572387695,49.51767534144435,48.42691250821308,49.120375978332966,26735800,-0.02148997719986223,VALE3.SA,76,813,95.0999984741211,89.41000366210938,1.0
2022-08-16,50.43507385253906,50.81792300310379,49.92219994223929,50.20391933647214,22070200,0.02225482337581064,VALE3.SA,75,812,92.33999633789062,86.52999877929688,1.0
2022-08-17,49.286521911621094,49.698266028085605,49.04091716064411,49.35153152998807,29131700,-0.022772881115948773,VALE3.SA,74,811,93.6500015258789,88.11000061035156,1.0
2022-08-18,48.918113708496094,49.56101226960841,48.91088858107982,49.337082920120906,27692000,-0.007474826561825854,VALE3.SA,73,810,96.58999633789062,90.5,1.0
2022-08-19,48.36911392211914,48.71584835121062,48.02238500418444,48.398008917139826,45903800,-0.011222832295792351,VALE3.SA,72,809,96.72000122070312,90.7699966430664,1.0
2022-08-22,47.66121292114258,48.33300649959884,47.5528580514901,48.25354662926419,19335700,-0.014635393199808888,VALE3.SA,69,806,96.4800033569336,90.2300033569336,1.0
2022-08-23,50.7167854309082,50.78180055633556,48.14519114707227,48.2390957602923,37223500,0.0641102549114978,VALE3.SA,68,805,100.22000122070312,93.73999786376953,-1.0
2022-08-24,49.084251403808594,50.745677939382965,48.98312166802482,50.4061686073272,28773800,-0.03218922518903766,VALE3.SA,67,804,101.22000122070312,94.88999938964844,1.0
2022-08-25,50.03776931762695,50.153349319396824,49.300966095396404,49.77050020806031,24956700,0.01942614762470174,VALE3.SA,66,803,99.33999633789062,92.5199966430664,1.0
2022-08-26,49.286521911621094,51.43192198509961,49.286521911621094,50.31226963879122,28510100,-0.015013607046252098,VALE3.SA,65,802,100.98999786376953,93.05999755859375,1.0
2022-08-29,48.3330078125,49.04814115377985,48.289662556767034,48.75919666391031,22128100,-0.01934634585964301,VALE3.SA,62,799,105.08999633789062,97.01000213623047,1.0
2022-08-30,46.93163299560547,48.094630630637724,46.51988886781603,47.63232162789723,34469300,-0.028994157002000254,VALE3.SA,61,798,99.30999755859375,91.63999938964844,1.0
2022-08-31,46.59212112426758,47.44450433582452,46.59212112426758,47.25668959126919,33242900,-0.007234179798722984,VALE3.SA,60,797,96.48999786376953,89.55000305175781,1.0
2022-09-01,46.1514778137207,46.216490180054585,44.71398613839614,46.216490180054585,40922200,-0.009457464050018682,VALE3.SA,59,796,92.36000061035156,86.61000061035156,1.0
2022-09-02,45.4507942199707,46.82327643362999,45.4507942199707,46.58489681265151,49910300,-0.015182256927462667,VALE3.SA,58,795,93.0199966430664,86.87000274658203,1.0
2022-09-05,47.112220764160156,48.02239398854458,46.39708741486559,46.55600165047497,24319700,0.03655440070306715,VALE3.SA,55,792,93.0199966430664,86.87000274658203,1.0
2022-09-06,45.9925651550293,47.350602685281665,45.93477790694695,46.71492366732249,24525000,-0.02376571494550772,VALE3.SA,54,791,92.83000183105469,86.87999725341797,1.0
2022-09-08,46.599342346191406,46.73658669583873,45.913101308904324,46.35373762218093,24144700,0.013192940839825251,VALE3.SA,52,789,89.1500015258789,83.54000091552734,1.0
2022-09-09,50.240028381347656,50.3050379912894,47.849018355608536,48.07295320477462,49273400,0.07812741235936782,VALE3.SA,51,788,92.83999633789062,86.79000091552734,1.0
2022-09-12,50.6806755065918,50.99850950214777,50.030551747930424,50.63010512037998,24797600,0.008770837506288931,VALE3.SA,48,785,94.0,87.77999877929688,1.0
2022-09-13,49.30096435546875,51.287450098729394,49.18538435777793,50.07388767876386,29457800,-0.02722361407640661,VALE3.SA,47,784,93.16999816894531,87.30999755859375,1.0
2022-09-14,48.398014068603516,49.82828616300283,48.01516498835347,48.9397828828043,31018300,-0.018315063379994,VALE3.SA,46,783,94.0999984741211,88.4800033569336,1.0
2022-09-15,49.37320327758789,49.575462779509245,48.52804513977734,48.97590940200183,36958800,0.020149364137174164,VALE3.SA,45,782,90.83999633789062,85.0999984741211,1.0
2022-09-16,49.30096435546875,49.734378324494095,48.101846679635756,48.600275775151594,65178000,-0.001463120019031261,VALE3.SA,44,781,91.3499984741211,85.11000061035156,1.0
2022-09-19,50.89738082885742,50.96961557886848,48.6364006376783,48.70863538768935,34136800,0.0323810394838977,VALE3.SA,41,778,92.0,85.7300033569336,1.0
2022-09-20,50.16779327392578,50.63732737919481,49.409320191098345,50.420623146025996,35289700,-0.014334481323997394,VALE3.SA,40,777,90.62000274658203,84.44999694824219,1.0
2022-09-21,49.445430755615234,50.55786336375499,49.4165412691531,50.16778916262879,44482000,-0.01439892949578847,VALE3.SA,39,776,89.83000183105469,82.94000244140625,1.0
2022-09-22,50.57954025268555,51.07074425806139,50.04499650044533,50.68789513100455,34529500,0.022936588472161734,VALE3.SA,38,775,90.45999908447266,83.48999786376953,1.0
2022-09-23,49.5321159362793,49.878850397869684,48.99757225618653,49.633245672752054,44160700,-0.0207084586212829,VALE3.SA,37,774,86.1500015258789,78.73999786376953,1.0
2022-09-26,49.64047622680664,50.14612496444934,48.860327736308264,48.903667482061095,18503200,0.002187677398372001,VALE3.SA,34,771,84.05999755859375,76.70999908447266,1.0
2022-09-27,48.90366744995117,49.286522078095444,48.5352685889782,48.8603277042268,31646600,-0.014842903067428304,VALE3.SA,33,770,86.2699966430664,78.5,1.0
2022-09-28,49.365970611572266,49.727149813042324,48.71585245785196,48.9108868017366,24371000,0.009453343393810432,VALE3.SA,32,769,89.31999969482422,82.1500015258789,1.0
2022-09-29,49.43098449707031,49.68380882954323,48.65083611873348,49.06980530463553,34889700,0.001316977762062077,VALE3.SA,31,768,88.48999786376953,81.2300033569336,1.0
2022-09-30,52.03870391845703,52.65993263254678,49.30818983200369,49.47432919091277,55575000,0.052754753883999195,VALE3.SA,30,767,87.95999908447266,79.48999786376953,1.0
2022-10-03,53.45452880859375,53.57732843047612,51.38135793700034,52.90553480743531,42688100,0.02720715128407636,VALE3.SA,27,764,88.86000061035156,83.62999725341797,1.0
2022-10-04,54.74754333496094,55.07982753481572,53.49786088860612,53.59899062285944,41717500,0.024189054794536258,VALE3.SA,26,763,91.80000305175781,86.5199966430664,-1.0
2022-10-05,55.592708587646484,56.242832329224306,54.98593010294578,55.10872972325551,42621400,0.015437500958072059,VALE3.SA,25,762,93.37000274658203,87.76000213623047,-1.0
2022-10-06,54.34303283691406,56.033349095773154,54.11909795244342,55.7660744645086,76852200,-0.022479130491765975,VALE3.SA,24,761,94.41999816894531,88.44999694824219,-1.0
2022-10-07,54.545291900634766,57.384161027252674,54.29246752776203,54.43693702335845,83593200,0.0037218950279733765,VALE3.SA,23,760,97.91999816894531,92.63999938964844,-1.0
2022-10-10,53.44729995727539,55.63604517018149,53.0789011172915,55.19541158771984,45515900,-0.02012991231873118,VALE3.SA,20,757,96.19000244140625,91.12999725341797,1.0
2022-10-11,53.086116790771484,53.58454584581529,52.03147419768815,52.87663219533506,33885800,-0.006757743923315629,VALE3.SA,19,756,94.29000091552734,89.3499984741211,1.0
2022-10-13,52.13984298706055,52.58770729464791,51.323579768441554,52.19040786766246,32960000,-0.017825259425934048,VALE3.SA,17,754,94.56999969482422,89.11000061035156,1.0
2022-10-14,50.44228744506836,52.99221166727919,50.27614259128696,52.450442877478345,34091700,-0.03255774173338932,VALE3.SA,16,753,91.62999725341797,85.61000061035156,1.0
2022-10-17,51.23688888549805,51.46081825806404,50.030551507053225,50.71678988107302,25840500,0.015752684516835425,VALE3.SA,13,750,91.62000274658203,85.45999908447266,1.0
2022-10-18,51.980918884277344,52.60937278609149,51.09964060052355,52.22652364898885,27494000,0.014521373466722887,VALE3.SA,12,749,90.02999877929688,82.81999969482422,1.0
2022-10-19,51.36690902709961,52.10371220981133,50.98405993629741,51.74253299038925,22651000,-0.011812216296996914,VALE3.SA,11,748,92.41000366210938,85.55000305175781,1.0
2022-10-20,52.02424621582031,52.8694096782464,50.796239218821796,51.27299837768559,37240700,0.01279689981684351,VALE3.SA,10,747,92.37999725341797,85.9800033569336,1.0
2022-10-21,53.548439025878906,53.945738445443396,51.605298212335995,51.865347739476654,36846800,0.029297739437406767,VALE3.SA,9,746,93.5,85.05000305175781,1.0
2022-10-24,51.95924377441406,53.41840542539814,51.417474934354615,52.92720145663127,32035800,-0.029677713867566125,VALE3.SA,6,743,93.26000213623047,84.58000183105469,1.0
2022-10-25,51.95924377441406,52.92720145663127,51.22966019334321,51.728089289768334,28158100,0.0,VALE3.SA,5,742,93.5199966430664,85.31999969482422,1.0
2022-10-26,53.11501693725586,54.068529888591605,51.37413590609216,51.489710394445545,40845700,0.022243841112463025,VALE3.SA,4,741,95.69000244140625,87.91000366210938,1.0
2022-10-27,51.222434997558594,52.096487969644734,50.15334217804703,52.00980298066044,52613000,-0.03563176760223852,VALE3.SA,3,740,96.95999908447266,89.08000183105469,1.0
2022-10-28,48.723079681396484,49.87885771548792,48.14519617550888,49.54656794843386,52793500,-0.04879415272392329,VALE3.SA,2,739,95.7699966430664,87.9000015258789,1.0
2022-10-31,48.49192428588867,50.131681172713435,47.32892665604105,47.6756611621297,39184100,-0.004744268979287702,VALE3.SA,1455,736,94.83000183105469,86.52999877929688,1.0
2022-11-01,49.96552658081055,51.142974238104024,49.80660685937288,50.16778604040142,42670000,0.030388612467389775,VALE3.SA,1454,735,94.6500015258789,88.37000274658203,1.0
2022-11-03,48.50637435913086,49.077038235256865,48.09463023473082,48.860328480874536,34390300,-0.029203179102290866,VALE3.SA,1452,733,94.66999816894531,88.16999816894531,1.0
2022-11-04,52.190391540527344,53.01387963051646,51.14297412237745,51.39579844629395,61191100,0.07594913514089519,VALE3.SA,1451,732,98.56999969482422,92.61000061035156,1.0
2022-11-07,51.9159049987793,52.753837954559636,51.60529063757401,52.00980961545709,29445500,-0.005259330954336727,VALE3.SA,1448,729,97.91999816894531,91.79000091552734,1.0
2022-11-08,53.49064254760742,54.12631596537293,51.75698125869741,51.75698125869741,39756500,0.030332468419170366,VALE3.SA,1447,728,95.36000061035156,88.91000366210938,1.0
2022-11-09,52.84051513671875,54.01795727951312,52.38542584277412,53.52675337426231,42208500,-0.012154040032516855,VALE3.SA,1446,727,92.6500015258789,85.83000183105469,1.0
2022-11-10,53.85182189941406,54.5163903167679,51.56194154147782,51.6486265350638,47658100,0.019138851316620853,VALE3.SA,1445,726,93.66999816894531,86.47000122070312,1.0
2022-11-11,59.45009994506836,59.94852350539166,55.77329273540649,56.33673141908513,80174100,0.10395707792599684,VALE3.SA,1444,725,95.98999786376953,88.95999908447266,1.0
2022-11-14,60.179683685302734,60.9959523013554,58.78553158733481,59.515115201079134,43822500,0.012272203762626166,VALE3.SA,1441,722,93.13999938964844,85.87000274658203,1.0
2022-11-16,59.55122756958008,61.234318433599455,58.90110391488129,60.186900970198245,32935300,-0.010442994665924799,VALE3.SA,1439,720,92.86000061035156,85.58999633789062,1.0
2022-11-17,60.02798080444336,60.1652306614224,58.32321457173668,58.417124689104284,31790500,0.008005766704074047,VALE3.SA,1438,719,89.77999877929688,81.63999938964844,1.0
2022-11-18,58.38822937011719,61.03205818381109,58.29431925326779,60.930928451171035,44324400,-0.027316451633915273,VALE3.SA,1437,718,87.62000274658203,80.08000183105469,1.0
2022-11-21,57.73088836669922,57.925928242438744,56.546220901053076,57.13855463387615,27745900,-0.011258108192511718,VALE3.SA,1434,715,87.44999694824219,79.7300033569336,1.0
2022-11-22,57.889801025390625,58.84331388125447,57.348032232032594,57.752551167502965,27105100,0.002752645302840584,VALE3.SA,1433,714,88.36000061035156,80.94999694824219,1.0
2022-11-23,58.460479736328125,58.77109414424301,57.74534628969937,58.460479736328125,22415800,0.009858018179872419,VALE3.SA,1432,713,85.41000366210938,77.94000244140625,1.0
2022-11-24,58.83609390258789,59.515112613250146,58.22931544628705,58.879439157436266,12420900,0.006425095516729984,VALE3.SA,1431,712,85.41000366210938,77.94000244140625,1.0
2022-11-25,58.438804626464844,59.86907139161288,58.279884872302155,59.2333978861202,20477000,-0.006752475390035539,VALE3.SA,1430,711,83.62999725341797,76.27999877929688,1.0
2022-11-28,58.727745056152344,59.47899300542037,57.4419423668044,58.222090826995455,16166300,0.004944324777592213,VALE3.SA,1427,708,83.19000244140625,77.23999786376953,1.0
2022-11-29,60.99595642089844,61.89167946061504,59.68126410846537,59.84740348516304,42574300,0.0386224835054938,VALE3.SA,1426,707,83.02999877929688,78.19999694824219,1.0
2022-11-30,61.91334915161133,62.57069806146132,61.22711075028413,61.40047525493847,59932800,0.01504022208263267,VALE3.SA,1425,706,85.43000030517578,80.55000305175781,1.0
2022-12-01,62.25285720825195,62.66460134244765,61.205439563187255,62.42622170918747,34319300,0.005483600246035003,VALE3.SA,1424,705,86.87999725341797,81.22000122070312,1.0
2022-12-02,62.700706481933594,63.37971957790484,61.37878938935076,62.67181148682636,30213600,0.007194035643753205,VALE3.SA,1423,704,85.56999969482422,79.9800033569336,1.0
2022-12-05,62.63569641113281,64.28267268682932,62.61402654084584,63.49530467356417,21896500,-0.001036831551802564,VALE3.SA,1420,701,82.68000030517578,76.93000030517578,1.0
2022-12-06,63.54587173461914,64.23933516352375,62.75849818301997,62.83795805091963,21335700,0.014531255747713745,VALE3.SA,1419,700,79.3499984741211,74.25,1.0
2022-12-07,61.284881591796875,62.426209141427655,60.57697347398529,62.05781034000116,45441000,-0.03558044104367053,VALE3.SA,1418,699,77.16999816894531,72.01000213623047,1.0
2022-12-08,62.036136627197266,63.02576960675836,61.65328756180096,61.76164242266865,29827900,0.01225840722683147,VALE3.SA,1417,698,76.1500015258789,71.45999908447266,1.0
2022-12-09,64.10208129882812,64.67997020910076,63.22802831762965,63.610877378443504,37713000,0.0333022780584491,VALE3.SA,1416,697,76.0999984741211,71.0199966430664,1.0
2022-12-12,62.187835693359375,63.7842527017163,61.674961860326256,63.67589783306816,34995000,-0.029862456361518297,VALE3.SA,1413,694,77.98999786376953,73.16999816894531,1.0
2022-12-13,62.45023727416992,63.34900883313547,62.06607960735491,62.5154681517952,31559400,0.0042195001302893775,VALE3.SA,1412,693,80.68000030517578,75.38999938964844,1.0
2022-12-14,62.97934341430664,63.29826463717592,61.971848311058025,62.15305254588568,34564000,0.008472444032739723,VALE3.SA,1411,692,82.69999694824219,77.27999877929688,1.0
2022-12-15,63.18229293823242,63.90710989665174,62.979345074661346,63.341753553871,24782100,0.0032224776081053452,VALE3.SA,1410,691,81.20999908447266,76.11000061035156,1.0
2022-12-16,62.10232925415039,63.29102885393787,61.25429457562804,63.05908760348947,37762100,-0.017092821957851556,VALE3.SA,1409,690,79.04000091552734,74.29000091552734,1.0
2022-12-19,61.87762451171875,62.02983540639772,61.05857782569905,61.60944025161898,27508500,-0.0036182981400270098,VALE3.SA,1406,687,79.80000305175781,75.19000244140625,1.0
2022-12-20,62.153053283691406,63.24027870556356,61.83413205703628,61.877624834253,22657300,0.004451185289449766,VALE3.SA,1405,686,79.98999786376953,76.08999633789062,1.0
2022-12-21,62.50821304321289,63.34900337064984,62.2037912473814,62.986594890874855,39183700,0.005714276946305219,VALE3.SA,1404,685,82.19999694824219,78.29000091552734,1.0
2022-12-22,62.153053283691406,62.80538964279759,61.38474908847438,62.53720538129992,19429200,-0.00568180951319075,VALE3.SA,1403,684,80.9800033569336,77.48999786376953,1.0
2022-12-23,62.56620407104492,62.71116526105356,61.667432527178526,61.81239371718716,18656500,0.006647312811290718,VALE3.SA,1402,683,83.91999816894531,79.55999755859375,1.0
2022-12-26,63.13881301879883,63.45048456829132,62.57345661039738,62.638687489867465,18407500,0.009152048717925965,VALE3.SA,1399,680,83.91999816894531,79.55999755859375,1.0
2022-12-27,64.64642333984375,64.9798384619063,63.39973734348816,63.7838894291273,26720300,0.023877710855857437,VALE3.SA,1398,679,84.33000183105469,79.52999877929688,-1.0
2022-12-28,64.50144958496094,65.38572702197402,64.29125203600589,64.64641627212667,23314500,-0.0022425642037563476,VALE3.SA,1397,678,83.26000213623047,78.95999908447266,1.0
2022-12-29,64.4217300415039,65.19728397506128,64.38549251109968,64.50871006832034,40110800,-0.0012359341374494903,VALE3.SA,1396,677,82.26000213623047,78.4000015258789,1.0
2023-01-02,64.79863739013672,65.16104587047315,64.16804464358209,64.27676829366592,12783800,0.005850624445974839,VALE3.SA,1392,673,85.91000366210938,80.26000213623047,-1.0
2023-01-03,64.68266296386719,65.29875626437698,64.42897813776486,64.79863633003652,25332600,-0.0017897664355390752,VALE3.SA,1391,672,82.0999984741211,76.93000030517578,-1.0
2023-01-04,64.79863739013672,64.97984163030493,63.747649479212335,64.72615680005235,26395300,0.0017929754428063216,VALE3.SA,1390,671,77.83999633789062,72.83999633789062,-1.0
2023-01-05,65.88587188720703,66.45122830945418,64.50871836665493,64.84213355080286,29085600,0.016778662960523993,VALE3.SA,1389,670,78.69000244140625,73.66999816894531,-1.0
2023-01-06,66.92960357666016,67.21953150192421,65.9583513864281,65.9583513864281,31420600,0.01584150986481503,VALE3.SA,1388,669,78.56999969482422,73.7699966430664,-1.0
2023-01-09,67.00208282470703,67.40072884233076,66.13954885635016,66.34249672421892,19285800,0.001082917635450542,VALE3.SA,1385,666,79.6500015258789,74.62999725341797,-1.0
2023-01-10,67.82837677001953,68.06031799081597,66.92959970075776,67.03832335767498,19821100,0.012332362077075665,VALE3.SA,1384,665,80.0999984741211,75.12000274658203,-1.0
2023-01-11,67.58918762207031,68.48071499652137,66.87162031526316,68.12555067251805,23834100,-0.0035263876173864395,VALE3.SA,1383,664,82.66999816894531,77.41000366210938,-1.0
2023-01-12,67.9443359375,68.3502371694876,67.36448572452575,67.75588752148832,18058600,0.005254513745830636,VALE3.SA,1382,663,84.02999877929688,78.38999938964844,-1.0
2023-01-13,68.00232696533203,68.335742103339,67.66891182732508,67.9081027513022,16905800,0.0008535079051383843,VALE3.SA,1381,662,85.27999877929688,79.86000061035156,-1.0
2023-01-16,66.86437225341797,66.9658461971004,65.83513337897318,66.6831679925686,19563900,-0.016734055475692733,VALE3.SA,1378,659,85.27999877929688,79.86000061035156,-1.0
2023-01-17,66.77738952636719,67.57469266590591,66.55994774005978,67.05282353090419,18719500,-0.001300883028126143,VALE3.SA,1377,658,85.91999816894531,80.18000030517578,-1.0
2023-01-18,67.65440368652344,68.29949578543676,67.34273774254542,67.45145584862433,16737300,0.013133399888445085,VALE3.SA,1376,657,84.9800033569336,79.4800033569336,-1.0
2023-01-19,67.9443359375,68.40097413224677,67.63991416094495,67.98782871266086,21712500,0.004285489712095636,VALE3.SA,1375,656,86.16000366210938,80.33000183105469,-1.0
2023-01-20,68.12554931640625,68.54594450997135,67.77039052938778,68.06031843977458,27103900,0.0026670858785482476,VALE3.SA,1374,655,87.62999725341797,81.30999755859375,-1.0
2023-01-23,68.3502426147461,68.64016497937337,67.91534800797591,68.38648014536719,13534300,0.0032982236560950007,VALE3.SA,1371,652,88.19000244140625,81.62000274658203,-1.0
2023-01-24,69.07506561279297,69.07506561279297,67.55294541612493,68.35749276696428,17439800,0.010604541700492742,VALE3.SA,1370,651,86.12999725341797,80.12999725341797,-1.0
2023-01-25,69.7273941040039,69.87236082385716,68.69090555919153,69.00257709448239,18282900,0.00944376216546261,VALE3.SA,1369,650,86.12000274658203,80.1500015258789,-1.0
2023-01-26,71.03205871582031,71.03205871582031,69.86510302309583,69.94483332731285,26876000,0.018710933178865075,VALE3.SA,1368,649,87.47000122070312,81.01000213623047,-1.0
2023-01-27,69.08955383300781,71.24226113345705,68.7343950636483,70.92333989489727,34682400,-0.027346875733729292,VALE3.SA,1367,648,86.66000366210938,79.68000030517578,-1.0
2023-01-30,68.84312438964844,69.79988265426528,68.27051826863996,69.50995473439939,23820000,-0.003566811908425449,VALE3.SA,1364,645,84.9000015258789,77.9000015258789,-1.0
2023-01-31,68.50244903564453,68.7706277583795,68.02406721144548,68.35748233289591,20658600,-0.004948574850782483,VALE3.SA,1363,644,84.48999786376953,78.87000274658203,-1.0
2023-02-01,67.74139404296875,69.00257403524546,66.38598430448639,69.00257403524546,28818100,-0.01110989465909129,VALE3.SA,1362,643,82.83999633789062,76.41000366210938,-1.0
2023-02-02,64.61018371582031,66.65416733270048,64.40723585072668,66.45846918562151,37844400,-0.046222998085370004,VALE3.SA,1361,642,82.16999816894531,75.87999725341797,-1.0
2023-02-03,64.47246551513672,65.79163214344354,64.28401708960322,65.0595710052026,22545600,-0.0021315246724777914,VALE3.SA,1360,641,79.94000244140625,73.38999938964844,-1.0
2023-02-06,63.66791534423828,63.965092934610595,62.81263669077077,63.928849876789606,17888700,-0.012478973224772205,VALE3.SA,1357,638,80.98999786376953,74.11000061035156,-1.0
2023-02-07,64.08831024169922,64.27676418781222,63.05182183294897,63.48671087559005,16259700,0.006602931715102622,VALE3.SA,1356,637,83.69000244140625,77.13999938964844,-1.0
2023-02-08,64.30575561523438,64.77688770154622,63.493958704513766,64.5811840437346,14411000,0.0033929022736767234,VALE3.SA,1355,636,85.08999633789062,78.47000122070312,-1.0
2023-02-09,64.06657409667969,64.90736446984552,63.39974378480566,64.30576503351978,19782200,-0.0037194418488105674,VALE3.SA,1354,635,84.5,78.05999755859375,-1.0
2023-02-10,62.91411209106445,64.47246407542862,62.59519087049182,63.914357469340864,18099100,-0.017988506828476747,VALE3.SA,1353,634,86.38999938964844,79.72000122070312,-1.0
2023-02-13,62.848873138427734,63.13880100626971,61.82688417842957,62.27626712016622,13798500,-0.0010369526083796599,VALE3.SA,1350,631,86.61000061035156,80.13999938964844,-1.0
2023-02-14,63.131553649902344,63.58094213835978,62.71840821999841,63.059073062709686,20072400,0.004497781700110837,VALE3.SA,1349,630,85.58000183105469,79.05999755859375,-1.0
2023-02-15,64.50871276855469,64.68266729955441,62.740157525327184,63.13155936751269,28465800,0.02181411733171368,VALE3.SA,1348,629,85.37999725341797,78.58999633789062,-1.0
2023-02-16,64.64642333984375,65.42197722875135,64.43622576790806,64.71890392639399,28740800,0.0021347592500122747,VALE3.SA,1347,628,85.13999938964844,78.48999786376953,-1.0
2023-02-17,63.80562973022461,65.0523156616747,63.45047100367886,64.94359202255261,26381400,-0.013006034459155158,VALE3.SA,1346,627,83.0,76.33999633789062,-1.0
2023-02-22,63.32001495361328,64.1100628466125,62.74740884744263,63.09532344824929,16864400,-0.007610845291623147,VALE3.SA,1341,622,80.5999984741211,73.94999694824219,-1.0
2023-02-23,63.022830963134766,63.83462792982244,62.00809166716819,63.05907402223975,21485100,-0.004693365765883417,VALE3.SA,1340,621,82.20999908447266,75.38999938964844,-1.0
2023-02-24,61.63844299316406,62.68218132146915,61.355764784233976,62.37050976676223,17183900,-0.02196645166226352,VALE3.SA,1339,620,83.16000366210938,76.31999969482422,-1.0
2023-02-27,61.63844299316406,61.88487813739428,60.630947729558834,61.29052837375727,14422200,0.0,VALE3.SA,1336,617,82.44999694824219,75.68000030517578,-1.0
2023-02-28,61.84138107299805,62.69666528302666,61.131058038941305,61.65292712030309,21127300,0.0032923946481986377,VALE3.SA,1335,616,83.88999938964844,77.05000305175781,-1.0
2023-03-01,64.65367126464844,65.12480339932866,63.42148463232903,63.61718278031779,30916600,0.045475863295011854,VALE3.SA,1334,615,84.30999755859375,77.69000244140625,-1.0
2023-03-02,64.50871276855469,65.33500370319692,64.08831758288342,64.65367395606866,21740900,-0.0022420767956143894,VALE3.SA,1333,614,84.75,78.16000366210938,-1.0
2023-03-03,64.72615814208984,65.45097511779112,64.37099384245765,65.30600840470207,19783400,0.00337079076922997,VALE3.SA,1332,613,85.83000183105469,79.68000030517578,-1.0
2023-03-06,62.4429931640625,63.711423066577176,62.42124953623445,63.37075815082961,27298600,-0.035274223645643143,VALE3.SA,1329,610,86.18000030517578,80.45999908447266,-1.0
2023-03-07,61.848636627197266,63.34900761273965,61.46448449769783,62.95035604632613,20898200,-0.009518386399313461,VALE3.SA,1328,609,83.29000091552734,77.58000183105469,-1.0
2023-03-08,62.41398620605469,62.631433496746446,61.8993668499928,62.04432802384443,22274800,0.009140857578884942,VALE3.SA,1327,608,82.66000366210938,76.66000366210938,-1.0
2023-03-09,61.594940185546875,62.6894096801927,61.478966831725025,61.703658292362505,24439300,-0.013122796191927244,VALE3.SA,1326,607,81.58999633789062,75.72000122070312,-1.0
2023-03-10,61.39201354980469,62.46474542012749,61.08034193808192,61.31953293706094,21820200,-0.0032945341797702143,VALE3.SA,1325,606,82.77999877929688,76.68000030517578,-1.0
2023-03-13,61.645687103271484,62.334261030597055,60.92087011454361,61.15281132973994,23460200,0.004132028562005008,VALE3.SA,1322,603,80.7699966430664,74.80000305175781,-1.0
2023-03-14,62.20690155029297,62.48096976783218,61.406906731371485,61.56986926685814,18077900,0.0091038720370058,VALE3.SA,1321,602,77.44999694824219,71.33000183105469,-1.0
2023-03-15,60.33283996582031,61.547644440062065,59.33284923598631,60.74024631751733,34103400,-0.030126264735393038,VALE3.SA,1320,601,73.69000244140625,67.61000061035156,-1.0
2023-03-16,60.55507278442383,60.851367848808884,59.78470787756603,60.16248422594092,20573400,0.00368344700381118,VALE3.SA,1319,600,74.69999694824219,68.3499984741211,-1.0
2023-03-17,61.280975341796875,61.851338491589544,61.206897361440355,61.41430779453959,39906400,0.01198747724996152,VALE3.SA,1318,599,72.97000122070312,66.73999786376953,-1.0
2023-03-20,61.78469467163086,62.21431657652915,60.5995144265979,61.27358583224435,19650900,0.008219832126111992,VALE3.SA,1315,596,73.79000091552734,67.63999938964844,-1.0
2023-03-21,61.26616668701172,61.806905507505405,60.399508439695175,61.643942968415324,15692200,-0.0083924989412828,VALE3.SA,1314,595,75.31999969482422,69.33000183105469,-1.0
2023-03-22,60.503211975097656,61.29579789707809,60.451360770906696,60.74024685873599,18085500,-0.012453116510646733,VALE3.SA,1313,594,76.69000244140625,70.9000015258789,-1.0
2023-03-23,58.94766616821289,60.87357517253444,58.37729730974659,60.38468757956332,26000100,-0.025710135976334758,VALE3.SA,1312,593,75.91000366210938,69.95999908447266,-1.0
2023-03-24,58.273582458496094,59.155058332515786,57.84395508701122,59.02913482232892,27801900,-0.011435290886550709,VALE3.SA,1311,592,74.98999786376953,69.26000213623047,-1.0
2023-03-27,58.17729949951172,59.31803152711275,57.799523249460705,58.89581300694638,14202900,-0.0016522574196111695,VALE3.SA,1308,589,78.12000274658203,72.80999755859375,-1.0
2023-03-28,58.792110443115234,59.18469889831067,58.21433267646273,58.31063179658322,13866800,0.010567883846321902,VALE3.SA,1307,588,78.6500015258789,73.19999694824219,-1.0
2023-03-29,59.63655471801758,59.880992883981534,59.14025815369167,59.25136949350665,17345200,0.014363224394188023,VALE3.SA,1306,587,78.27999877929688,72.97000122070312,-1.0
2023-03-30,60.606903076171875,60.703196537030564,60.11061226417069,60.51801289213254,14249000,0.016271033139698243,VALE3.SA,1305,586,79.2699966430664,74.37000274658203,-1.0
2023-03-31,59.47359085083008,60.866170078324416,59.192113694066855,60.443951517500885,22468400,-0.01869939178244151,VALE3.SA,1304,585,79.7699966430664,75.66999816894531,-1.0
2023-04-03,59.488407135009766,59.54766727250205,58.8217503679737,59.1106364740514,13510200,0.0002491237533790436,VALE3.SA,1301,582,84.93000030517578,80.41999816894531,-1.0
2023-04-04,57.80693817138672,59.39211001855412,57.59212442463035,59.22914747609361,20485600,-0.028265489775292307,VALE3.SA,1300,581,84.94000244140625,80.70999908447266,-1.0
2023-04-05,56.95509719848633,57.59953849628663,56.221771343305235,57.59212956605226,25382600,-0.01473596422586576,VALE3.SA,1299,580,84.98999786376953,80.61000061035156,-1.0
2023-04-06,56.851383209228516,57.40693418521446,56.50323702672691,56.792123082131056,13976800,-0.0018209781803439906,VALE3.SA,1298,579,85.12000274658203,80.69999694824219,-1.0
2023-04-10,57.94767761230469,57.96989874891293,56.8143487830691,56.85138777832099,13849000,0.01928351327955391,VALE3.SA,1294,575,84.18000030517578,79.73999786376953,-1.0
2023-04-11,61.00690841674805,61.44393916328966,59.30321640002902,59.62914146616656,34226000,0.0527929837829042,VALE3.SA,1293,574,85.61000061035156,81.52999877929688,-1.0
2023-04-12,59.703216552734375,61.33283630710478,59.47359060084948,61.295797311026476,32702000,-0.02136957760763658,VALE3.SA,1292,573,87.33000183105469,83.26000213623047,-1.0
2023-04-13,58.89582061767578,59.79951790251255,58.49582318087799,59.258779057019915,21361900,-0.013523491390877385,VALE3.SA,1291,572,86.08999633789062,82.16000366210938,-1.0
2023-04-14,58.37730026245117,59.110631688999504,57.77730696014554,58.592114004953046,22693200,-0.00880402632625843,VALE3.SA,1290,571,86.30999755859375,82.5199966430664,-1.0
2023-04-17,57.68101501464844,59.58470303000946,57.36990213541661,58.87359837285768,21479200,-0.011927328682080018,VALE3.SA,1287,568,84.76000213623047,80.83000183105469,-1.0
2023-04-18,58.17729949951172,58.46618555797519,57.525455048606915,58.36248316013481,15193400,0.008603948538999262,VALE3.SA,1286,567,84.7699966430664,80.86000061035156,-1.0
2023-04-19,56.48101806640625,57.49582658943216,55.56991194411501,57.258791723273326,31128000,-0.029157101613485947,VALE3.SA,1285,566,83.12000274658203,79.16000366210938,-1.0
2023-04-20,55.303260803222656,56.63658000232261,55.20696166597092,56.22177033833922,31112800,-0.020852266894319627,VALE3.SA,1284,565,81.0999984741211,77.29000091552734,-1.0
2023-04-24,53.30327606201172,53.73290360662701,53.0292021487865,53.48105083340636,29754000,-0.03616395691977703,VALE3.SA,1280,561,82.7300033569336,78.76000213623047,-1.0
2023-04-25,51.85142517089844,52.74030448471396,51.63661144559904,52.74030448471396,31799200,-0.027237554581527657,VALE3.SA,1279,560,80.7699966430664,77.06999969482422,-1.0
2023-04-26,52.05141830444336,52.91067316050716,52.05141830444337,52.5921570537051,25907200,0.0038570421716617176,VALE3.SA,1278,559,77.69000244140625,74.30000305175781,-1.0
2023-04-27,53.15511703491211,53.169929240470324,51.244020390577425,51.62919990001338,31717800,0.021204008774810434,VALE3.SA,1277,558,78.37000274658203,74.76000213623047,-1.0
2023-04-28,53.62919235229492,53.644004559405516,52.63660493517053,53.058823479786874,33277500,0.008918714581541476,VALE3.SA,1276,557,79.54000091552734,76.77999877929688,-1.0
2023-05-02,51.51068878173828,53.036600368376895,51.34772625280465,52.81438336185036,37367900,-0.03950280579726062,VALE3.SA,1272,553,75.31999969482422,71.66000366210938,1.0
2023-05-03,51.110694885253906,51.91068972674016,51.00699247817502,51.806987319661275,19958300,-0.007765260103184346,VALE3.SA,1271,552,72.33000183105469,68.5999984741211,1.0
2023-05-04,49.52552032470703,51.35513585778025,49.41440899430267,51.14773105508251,35996200,-0.03101453744868221,VALE3.SA,1270,551,72.5,68.55999755859375,1.0
2023-05-05,51.140323638916016,51.29587724554108,49.79959565941632,50.14033293840796,27107300,0.032605479026202255,VALE3.SA,1269,550,75.30000305175781,71.33999633789062,1.0
2023-05-08,51.82920455932617,52.71068060457016,51.74031436650393,52.36993769109667,24917600,0.013470405961333087,VALE3.SA,1266,547,77.01000213623047,73.16000366210938,-1.0
2023-05-09,52.3625373840332,52.37734959133207,50.873659065099865,51.48106128878374,18717400,0.010290198918575966,VALE3.SA,1265,546,77.44000244140625,73.70999908447266,-1.0
2023-05-10,51.37736129760742,52.63660807739528,50.88107038509695,52.51068452968799,24792600,-0.01881452151946683,VALE3.SA,1264,545,76.41000366210938,72.55999755859375,1.0
2023-05-11,50.37736511230469,50.58476991001935,49.89588645969173,50.3699561834272,27709000,-0.01946375134974676,VALE3.SA,1263,544,74.9800033569336,70.87000274658203,1.0
2023-05-12,50.42921829223633,50.79217670249142,49.932927413734475,50.295885823989565,17578100,0.0010292951966830444,VALE3.SA,1262,543,74.16999816894531,70.04000091552734,1.0
2023-05-15,51.15513610839844,51.947722004136956,51.051433703450016,51.332916503759066,21020000,0.01439478621214052,VALE3.SA,1259,540,75.2300033569336,71.11000061035156,1.0
2023-05-16,50.10329055786133,51.25883478691315,50.07366049412195,51.11069011957305,23990300,-0.020561875708985156,VALE3.SA,1258,539,74.91000366210938,70.86000061035156,1.0
2023-05-17,51.762535095214844,52.02920002022971,50.9699492490198,51.19958083250068,30913100,0.03311647835659315,VALE3.SA,1257,538,76.95999908447266,72.83000183105469,-1.0
2023-05-18,51.836612701416016,52.08845976688761,51.199580457584915,51.76253471617677,23710600,0.0014311046795700832,VALE3.SA,1256,537,75.86000061035156,71.86000061035156,-1.0
2023-05-19,51.26625061035156,52.3032803752701,51.20699047490306,52.221799101867795,33892200,-0.01100307410805934,VALE3.SA,1255,536,75.58000183105469,71.55000305175781,1.0
2023-05-22,50.444034576416016,51.03662462793334,50.1995907563133,50.666257258574404,18936200,-0.01603815422713062,VALE3.SA,1252,533,75.98999786376953,71.98999786376953,1.0
2023-05-23,49.30329513549805,50.14032888377626,49.266261794833774,49.99958749572451,39413300,-0.0226139612046673,VALE3.SA,1251,532,76.83999633789062,72.91000366210938,1.0
2023-05-24,48.184791564941406,48.725524698293924,48.014420107706215,48.725524698293924,33304700,-0.022686182890671036,VALE3.SA,1250,531,78.36000061035156,74.33999633789062,1.0
2023-05-25,48.036643981933594,48.740345335070145,47.9847927791852,48.740345335070145,36934900,-0.0030745714196593887,VALE3.SA,1249,530,76.26000213623047,71.83000183105469,1.0
2023-05-26,49.1329345703125,49.65885553517586,48.82182734907344,49.444041791551555,38181700,0.02282196459834318,VALE3.SA,1248,529,76.94999694824219,72.66999816894531,1.0
2023-05-29,48.76256561279297,50.14773585525287,48.69589655251529,49.881070916856466,17320700,-0.00753809966285468,VALE3.SA,1245,526,76.94999694824219,72.66999816894531,1.0
2023-05-30,47.61442184448242,49.12552119108562,47.3107207545387,49.12552119108562,39920700,-0.02354559801934064,VALE3.SA,1244,525,73.54000091552734,69.45999908447266,1.0
2023-05-31,47.26627731323242,48.051457030895804,47.04405466577867,47.61442066459852,103408900,-0.007311745428456584,VALE3.SA,1243,524,72.66000366210938,68.08999633789062,1.0
2023-06-01,48.266273498535156,48.718116445072305,47.51812990428069,48.103310967969136,51982400,0.021156652102635176,VALE3.SA,1242,523,74.27999877929688,70.0999984741211,1.0
2023-06-02,50.32551193237305,50.51809886475368,49.90329342468217,50.36995420117525,39185700,0.04266412723784008,VALE3.SA,1241,522,76.12999725341797,71.73999786376953,1.0
2023-06-05,49.910701751708984,50.7255144379004,49.355150730046056,50.71810550856487,21478500,-0.008242542693286059,VALE3.SA,1238,519,76.70999908447266,72.1500015258789,1.0
2023-06-06,50.07366180419922,50.65884286280927,49.92551713298322,50.221812126772186,31884200,0.0032650322830745093,VALE3.SA,1237,518,76.29000091552734,71.73999786376953,1.0
2023-06-07,50.86624526977539,50.87365419839468,49.92551478396592,50.07365944821166,27377500,0.01582835041454289,VALE3.SA,1236,517,76.94999694824219,72.52999877929688,1.0
2023-06-09,50.63662338256836,51.703283134534864,50.555142115328856,51.60698400887519,30056800,-0.004514229151163063,VALE3.SA,1234,515,74.79000091552734,70.16999816894531,1.0
2023-06-12,49.71811294555664,50.22181274579933,49.40700008999716,50.22181274579933,26651200,-0.01813925130971339,VALE3.SA,1231,512,71.83999633789062,67.12000274658203,1.0
2023-06-13,50.2440299987793,50.79217202830297,50.08106748021255,50.59217617001616,34288100,0.010577976959796453,VALE3.SA,1230,511,74.29000091552734,69.41999816894531,1.0
2023-06-14,51.12550354003906,51.56253992637891,50.73291507604236,51.10328240454596,53775600,0.01754384632922923,VALE3.SA,1229,510,73.19999694824219,68.2699966430664,1.0
2023-06-15,51.52550506591797,51.59217412910184,50.63662566675387,51.184767774526485,31874100,0.007823913666994864,VALE3.SA,1228,509,75.66999816894531,70.62000274658203,1.0
2023-06-16,51.60697937011719,51.99956781260623,51.26624212472373,51.40698351027891,39953600,0.0015812422235355061,VALE3.SA,1227,508,76.61000061035156,71.77999877929688,1.0
2023-06-19,51.406986236572266,51.59216990049986,50.87365638024368,51.59216990049986,14894300,-0.0038753117501918455,VALE3.SA,1224,505,76.61000061035156,71.77999877929688,1.0
2023-06-20,50.08107376098633,51.12550675432487,49.85885108937015,51.11069454685053,35748700,-0.025792456875105563,VALE3.SA,1223,504,75.9000015258789,70.5,1.0
2023-06-21,49.577369689941406,49.881067953689076,49.421816093676966,49.68107208745103,27336800,-0.010057772991227565,VALE3.SA,1222,503,77.12000274658203,72.52999877929688,1.0
2023-06-22,49.310707092285156,50.26625550126756,49.11071121661771,49.384779429519135,21394900,-0.005378716122375282,VALE3.SA,1221,502,74.13999938964844,69.51000213623047,1.0
2023-06-23,48.81441116333008,48.962555822462924,48.36997153457504,48.8884834928965,23510900,-0.01006466867380873,VALE3.SA,1220,501,73.8499984741211,69.16000366210938,1.0
2023-06-26,48.91812515258789,49.11071777620598,48.384795211096474,48.562569974474336,15030400,0.002124659230463566,VALE3.SA,1217,498,74.18000030517578,69.37000274658203,1.0
2023-06-27,49.503299713134766,49.836628056520766,49.221816919615215,49.5551509143583,22737400,0.01196232600332836,VALE3.SA,1216,497,72.26000213623047,67.69999694824219,1.0
2023-06-28,47.94035339355469,49.495895221064515,47.94035339355469,49.46626515322958,37628600,-0.03157256846790313,VALE3.SA,1215,496,74.02999877929688,69.55999755859375,1.0
2023-06-29,48.52553176879883,48.83663898640525,47.6662768043347,47.940350677763554,24841800,0.012206384263383718,VALE3.SA,1214,495,74.33999633789062,69.86000061035156,1.0
2023-06-30,47.56998062133789,48.93292967884386,47.56998062133789,48.67367367892229,42992000,-0.01969171923789903,VALE3.SA,1213,494,74.9000015258789,70.63999938964844,1.0
2023-07-03,49.058860778808594,49.25885665758812,47.881089688440234,47.93294089044657,22738400,0.03129873373971592,VALE3.SA,1210,491,74.6500015258789,69.79000091552734,1.0
2023-07-04,48.81441116333008,49.22922072998724,48.74033883376365,48.76996324450503,12573200,-0.004982782143691966,VALE3.SA,1209,490,74.6500015258789,69.79000091552734,1.0
2023-07-05,48.38479232788086,48.78478976016386,48.155166370061124,48.59960607770085,27363600,-0.008801065611787062,VALE3.SA,1208,489,76.6500015258789,71.79000091552734,1.0
2023-07-06,48.036643981933594,48.584786075467704,47.73294569479505,47.94035050578864,18579200,-0.007195408499183542,VALE3.SA,1207,488,76.5199966430664,71.80000305175781,1.0
2023-07-07,48.48849105834961,48.59219346055073,47.63664505339153,47.7625742429418,57287600,0.00940629983614083,VALE3.SA,1206,487,78.47000122070312,73.86000061035156,1.0
2023-07-10,47.74776077270508,48.28849962075345,47.65146729077102,47.77739084053654,36698500,-0.015276414453754827,VALE3.SA,1203,484,77.69000244140625,72.98999786376953,1.0
2023-07-11,49.318111419677734,49.63662752628533,48.0588591987692,48.207009510770725,35550200,0.03288846684241453,VALE3.SA,1202,483,79.4000015258789,74.83000183105469,1.0
2023-07-12,49.666263580322266,50.429219412262796,49.629224585014434,50.36995928031316,22864300,0.007059316559831164,VALE3.SA,1201,482,80.11000061035156,75.75,1.0
2023-07-13,50.821807861328125,50.96254926177164,50.31069911349195,50.53292178247043,24187200,0.023266181059444335,VALE3.SA,1200,481,81.36000061035156,76.88999938964844,1.0
2023-07-14,50.821807861328125,51.32550767983642,50.56255184842471,51.251435340629335,20342500,0.0,VALE3.SA,1199,480,79.87000274658203,75.41999816894531,1.0
2023-07-17,50.25884246826172,50.61439756985193,49.65144031036908,50.61439756985193,15322300,-0.011077240593300175,VALE3.SA,1196,477,78.5,74.1500015258789,1.0
2023-07-18,49.940330505371094,50.5699538497725,49.83662810282766,50.16996209788047,16950600,-0.006337431330452281,VALE3.SA,1195,476,79.62999725341797,75.75,1.0
2023-07-19,49.80699920654297,50.34773801937325,49.59959439658853,49.99218287991047,14512600,-0.0026698121033417177,VALE3.SA,1194,475,79.45999908447266,75.3499984741211,1.0
2023-07-20,49.91810607910156,50.73291303881881,49.88847601584826,50.48106597820083,20992700,0.002230748174525621,VALE3.SA,1193,474,79.63999938964844,75.62999725341797,1.0
2023-07-21,50.22180938720703,50.4958775791421,49.614407226183644,49.95514447247904,24852700,0.0060840310652854335,VALE3.SA,1192,473,81.06999969482422,77.06999969482422,1.0
2023-07-24,51.740318298339844,52.088464515820405,50.00700179176516,50.14773754356567,30616400,0.030236045448406745,VALE3.SA,1189,470,82.73999786376953,78.73999786376953,1.0
2023-07-25,53.340309143066406,53.82178784470918,53.05142305235223,53.11067753533548,31556700,0.03092348283404167,VALE3.SA,1188,469,83.63999938964844,79.62999725341797,-1.0
2023-07-26,53.15511703491211,53.51807541033245,52.406973498699244,53.147708106454715,19066400,-0.003471897916031641,VALE3.SA,1187,468,82.91999816894531,78.77999877929688,-1.0
2023-07-27,52.162532806396484,52.76993499461986,51.91808901505665,52.74030493039471,28254500,-0.018673352329629855,VALE3.SA,1186,467,84.23999786376953,80.08999633789062,-1.0
2023-07-28,50.095882415771484,51.86623777966354,50.095882415771484,51.86623777966354,45938800,-0.0396194409940841,VALE3.SA,1185,466,84.98999786376953,80.58000183105469,1.0
2023-07-31,51.22920608520508,51.61438557885306,50.25143101774321,50.36995126277725,26065700,0.022623090257749334,VALE3.SA,1182,463,85.55999755859375,81.80000305175781,1.0
2023-08-01,50.518096923828125,50.96994547714582,50.29587993699813,50.9403154152972,30015700,-0.013880932688947523,VALE3.SA,1181,462,84.91000366210938,81.37000274658203,1.0
2023-08-02,49.695884704589844,50.19218121261184,49.55514896472408,50.177363354926904,29547300,-0.01627559764331632,VALE3.SA,1180,461,83.19999694824219,79.48999786376953,1.0
2023-08-03,50.00700378417969,50.28848095035285,49.25145118606387,49.51811614406268,35512300,0.006260459622345893,VALE3.SA,1179,460,85.13999938964844,81.55000305175781,1.0
2023-08-04,50.044029235839844,50.6143980593339,49.74773990823203,49.77736431990747,22954300,0.0007404053204216332,VALE3.SA,1178,459,86.23999786376953,82.81999969482422,1.0
2023-08-07,50.2958869934082,50.49588287474985,49.54033443865699,50.11070331939076,23057700,0.005032723412046636,VALE3.SA,1175,456,85.33999633789062,81.94000244140625,1.0
2023-08-08,49.96995544433594,50.48106412683649,48.95514700771562,49.62180927807362,43405600,-0.006480282356189138,VALE3.SA,1174,455,86.16999816894531,82.91999816894531,1.0
2023-08-09,49.51811218261719,50.30329478562472,49.35514964894851,49.96996078911412,21859000,-0.00904229867129025,VALE3.SA,1173,454,87.55000305175781,84.4000015258789,1.0
2023-08-10,48.93292999267578,49.762554849102585,48.844045450050864,49.488480989509455,28372300,-0.011817538354114143,VALE3.SA,1172,453,86.4000015258789,82.81999969482422,1.0
2023-08-11,48.52553176879883,49.169967340789654,48.31812695706122,49.02923159074329,42335100,-0.008325645407661675,VALE3.SA,1171,452,86.80999755859375,83.19000244140625,1.0
2023-08-14,47.23476028442383,48.10467299148444,47.23476028442383,48.05888703971912,41056900,-0.026599842131043827,VALE3.SA,1168,449,86.20999908447266,82.51000213623047,1.0
2023-08-15,46.7692756652832,47.2805389805151,46.654812251851176,47.27290944471821,28611000,-0.009854704805056902,VALE3.SA,1167,448,84.88999938964844,80.98999786376953,1.0
2023-08-16,46.58613204956055,47.2576446863385,46.54797855096614,46.84557991529803,30508600,-0.003915895919222145,VALE3.SA,1166,447,83.44999694824219,79.37999725341797,1.0
2023-08-17,47.24238967895508,47.92916439874217,47.097405198522594,47.76128548703293,39481200,0.014086973966767058,VALE3.SA,1165,446,84.12000274658203,80.38999938964844,1.0
2023-08-18,46.715858459472656,47.37210912897864,46.563241550832245,46.70059647751607,34201900,-0.011145312992432599,VALE3.SA,1164,445,84.80000305175781,81.25,1.0
2023-08-21,46.776912689208984,47.11267053653137,46.56325072158637,46.921900090889466,17695300,0.0013069272780097396,VALE3.SA,1161,442,84.45999908447266,80.72000122070312,1.0
2023-08-22,47.75365447998047,47.96731642581192,47.333957213631976,47.34158966079778,30995800,0.020880851997673755,VALE3.SA,1160,441,84.02999877929688,80.3499984741211,1.0
2023-08-23,48.104671478271484,48.58541085751886,48.104671478271484,48.26491793802061,19128500,0.007350578759122373,VALE3.SA,1159,440,83.20999908447266,78.88999938964844,1.0
2023-08-24,47.46367645263672,47.837584809279335,47.181337073611125,47.837584809279335,17821500,-0.013325005782947708,VALE3.SA,1158,439,83.36000061035156,79.05000305175781,1.0
2023-08-25,47.364479064941406,47.90626635248729,47.23475657817362,47.822326902966694,11395300,-0.0020899642655010098,VALE3.SA,1157,438,84.4800033569336,79.83000183105469,1.0
2023-08-28,48.04362487792969,48.280181261452725,47.51709953374384,47.639192493740225,14173600,0.014338715982859407,VALE3.SA,1154,435,84.41999816894531,80.0999984741211,1.0
2023-08-29,49.577423095703125,49.623206138510945,48.24965954668394,48.36412297555532,28625700,0.03192511434494261,VALE3.SA,1153,434,85.48999786376953,81.16000366210938,1.0
2023-08-30,49.58504867553711,50.26419088509514,49.39427826112528,49.76055419655942,21812600,0.00015381154077465098,VALE3.SA,1152,433,85.86000061035156,81.62999725341797,1.0
2023-08-31,49.661354064941406,50.49311025028997,49.661354064941406,50.03526243493337,31011100,0.001538878985550829,VALE3.SA,1151,432,86.86000061035156,83.62999725341797,1.0
2023-09-01,52.568695068359375,52.65263451667027,50.84412888740522,50.88991774584364,57288600,0.0585433292780555,VALE3.SA,1150,431,88.55000305175781,85.55000305175781,1.0
2023-09-04,52.95786666870117,53.45387089615225,52.56106095799996,52.866294776573774,22397800,0.007403105590422676,VALE3.SA,1147,428,88.55000305175781,85.55000305175781,1.0
2023-09-05,52.728946685791016,53.04181299140231,52.332146745494235,52.64500722925392,19253500,-0.004322681356147773,VALE3.SA,1146,427,90.04000091552734,86.69000244140625,1.0
2023-09-06,51.881919860839844,53.102849338998446,51.79798041341791,52.7670973711617,28466500,-0.016063791867464317,VALE3.SA,1145,426,90.5999984741211,87.54000091552734,1.0
2023-09-08,50.90517807006836,51.00437659239905,50.546528749705665,50.897545623165634,19989200,-0.01882624608710215,VALE3.SA,1143,424,90.6500015258789,87.51000213623047,1.0
2023-09-11,51.637733459472656,52.02690672808546,51.538534941605086,51.96585879931268,19493800,0.014390586914281522,VALE3.SA,1140,421,90.63999938964844,87.29000091552734,1.0
2023-09-12,51.599586486816406,52.08795830752509,51.46223154837639,51.889555436033646,14201300,-0.0007387421968508834,VALE3.SA,1139,420,92.05999755859375,88.83999633789062,1.0
2023-09-13,51.401187896728516,51.72168083916656,51.2409414255095,51.63774137969205,15448400,-0.0038449647292925215,VALE3.SA,1138,419,91.87999725341797,88.5199966430664,1.0
2023-09-14,53.50728988647461,53.93461376738895,52.69079271581256,52.8815631371995,62390300,0.0409737999436417,VALE3.SA,1137,418,93.69999694824219,90.16000366210938,-1.0
2023-09-15,53.06470489501953,54.354314898534234,53.06470489501953,54.17880353673009,37901700,-0.008271489593176917,VALE3.SA,1136,417,93.93000030517578,90.7699966430664,-1.0
2023-09-18,52.43898010253906,53.4538802526573,52.309257599040244,53.06470692030898,21849000,-0.011791732258162324,VALE3.SA,1133,414,94.43000030517578,91.4800033569336,1.0
2023-09-19,52.53817367553711,52.843407518715836,52.04980185519167,52.400818737199245,43870300,0.001891599966362456,VALE3.SA,1132,413,94.33999633789062,91.19999694824219,1.0
2023-09-20,52.889190673828125,53.24020755660746,52.683161176794016,52.866299154363375,14372200,0.006681180058880853,VALE3.SA,1131,412,93.52999877929688,90.27999877929688,1.0
2023-09-21,51.50801467895508,52.2405724113225,51.50801467895508,52.118482366853605,21686000,-0.02611452316203644,VALE3.SA,1130,411,93.30000305175781,89.62999725341797,1.0
2023-09-22,51.889556884765625,52.553440076069606,51.83614139731713,52.18715828938601,17063700,0.007407433739946345,VALE3.SA,1129,410,93.2699966430664,90.02999877929688,1.0
2023-09-25,50.82124328613281,51.14936867086448,50.18788403762837,51.134109597509116,34715000,-0.020588219726086376,VALE3.SA,1126,407,93.29000091552734,89.68000030517578,1.0
2023-09-26,50.02762985229492,50.56179048696583,49.882648301301366,50.13446081485894,24178800,-0.015615781561456599,VALE3.SA,1125,406,93.95999908447266,90.38999938964844,1.0
2023-09-27,50.134464263916016,50.50837848046475,49.83686287317803,50.43969810160532,17109300,0.0021355081569227607,VALE3.SA,1124,405,96.55000305175781,93.68000030517578,1.0
2023-09-28,50.89754104614258,51.15699182084316,50.3328622849952,50.44732569083808,26072300,0.015220603100685404,VALE3.SA,1123,404,95.37999725341797,91.70999908447266,1.0
2023-09-29,51.56906509399414,51.62248058261715,51.15700025810878,51.363029765125646,19018000,0.013193644212453615,VALE3.SA,1122,403,95.30999755859375,90.79000091552734,1.0
2023-10-02,51.11884307861328,51.67589529894379,50.836506566619,51.569064323294356,11175900,-0.008730466890571886,VALE3.SA,1119,400,90.70999908447266,88.81999969482422,1.0
2023-10-03,50.805973052978516,51.095941957851004,50.416799816605895,50.42443226253293,15268800,-0.0061204441805072785,VALE3.SA,1118,399,90.91999816894531,89.2300033569336,1.0
2023-10-04,50.26419448852539,50.958595819403406,50.00474367896279,50.66862686457598,14377000,-0.010663678538115562,VALE3.SA,1117,398,85.80999755859375,84.22000122070312,1.0
2023-10-05,50.287078857421875,50.70677024642347,50.10394090261846,50.26418734080277,11556300,0.0004552817195093706,VALE3.SA,1116,397,84.06999969482422,82.30999755859375,1.0
2023-10-06,51.01963806152344,51.4698534270935,50.22603247059493,50.27944795162614,22711400,0.01456754340769284,VALE3.SA,1115,396,84.58000183105469,82.79000091552734,1.0
2023-10-09,50.653358459472656,50.653358459472656,49.89790924671981,50.15736003830072,14392200,-0.0071791885628254,VALE3.SA,1112,393,88.1500015258789,86.37999725341797,1.0
2023-10-10,50.958595275878906,51.485123514778635,50.89754734229749,51.172257221562454,18261700,0.0060259936495714594,VALE3.SA,1111,392,87.6500015258789,85.97000122070312,1.0
2023-10-11,51.401187896728516,51.45460338713486,50.88992451400328,50.98149059935597,13659400,0.008685337938644233,VALE3.SA,1110,391,85.81999969482422,83.48999786376953,1.0
2023-10-13,50.813602447509766,51.355395522710474,50.714403932451575,51.27908270298029,16302700,-0.01143135933743955,VALE3.SA,1108,389,90.88999938964844,87.69000244140625,1.0
2023-10-16,51.35540008544922,51.69878451734049,51.26382818674762,51.43170709010825,13103300,0.01066245280481981,VALE3.SA,1105,386,89.6500015258789,86.66000366210938,1.0
2023-10-17,51.775089263916016,51.9277090884291,50.8136047459622,51.12647101982574,24031000,0.008172250197028719,VALE3.SA,1104,385,89.9000015258789,86.66000366210938,1.0
2023-10-18,49.87501907348633,51.35539939576592,49.85212755458117,51.30961053610441,34907300,-0.036698540117320766,VALE3.SA,1103,384,91.5,88.31999969482422,1.0
2023-10-19,49.15772247314453,50.09631554020124,49.15772247314453,49.829238105462,22855500,-0.0143818812236427,VALE3.SA,1102,383,92.37999725341797,89.37000274658203,1.0
2023-10-20,47.829959869384766,48.43279509437646,47.31106409482554,48.3183316781639,58015100,-0.02701025468552043,VALE3.SA,1101,382,92.16000366210938,88.75,1.0
2023-10-23,47.73839569091797,48.02073512550553,47.395008318621805,47.60867027875014,17595000,-0.001914368707748082,VALE3.SA,1098,379,89.83000183105469,85.48999786376953,1.0
2023-10-24,48.82959747314453,49.0432564988874,48.50910165721629,48.83722700905744,21768800,0.022857948333486977,VALE3.SA,1097,378,88.06999969482422,83.73999786376953,1.0
2023-10-25,48.7838134765625,49.73766560474349,48.64645853723039,49.37138382590739,26091800,-0.0009376279746563521,VALE3.SA,1096,377,90.12999725341797,85.38999938964844,1.0
2023-10-26,49.8292350769043,49.88265056060562,48.53962519944952,48.68460966793517,30936700,0.021429681811243606,VALE3.SA,1095,376,87.93000030517578,83.20999908447266,1.0
2023-10-27,51.56142044067383,51.70640779912209,49.37900672753278,49.95895033947557,47989100,0.034762431353725365,VALE3.SA,1094,375,90.4800033569336,85.54000091552734,1.0
2023-10-30,52.026912689208984,52.568700019979545,51.92008171254164,52.194791601643836,26604100,0.009027917473118263,VALE3.SA,1091,372,87.44999694824219,82.30999755859375,1.0
2023-10-31,52.65263366699219,52.835771632237375,51.561426678410925,51.71404067914008,20961400,0.012026871198778322,VALE3.SA,1090,371,87.41000366210938,81.0199966430664,1.0
2023-11-01,53.6599006652832,53.949869592472915,52.84340354376264,52.851035990277104,31543500,0.019130420040554652,VALE3.SA,1089,370,84.62999725341797,80.44000244140625,1.0
2023-11-03,54.331417083740234,54.64428338889076,54.125387577358175,54.369573499146945,28599600,0.012514306029856037,VALE3.SA,1087,368,84.88999938964844,80.51000213623047,1.0
2023-11-06,54.560333251953125,54.789260055876326,54.33140644802992,54.33140644802992,19096300,0.004213329607436256,VALE3.SA,1084,365,85.18000030517578,80.81999969482422,1.0
2023-11-07,53.47676467895508,54.25510541852987,52.83577305061309,54.04907592982955,37073000,-0.01986000649948849,VALE3.SA,1083,364,81.61000061035156,77.37000274658203,1.0
2023-11-08,53.51491165161133,54.07196379308674,53.278358213566655,53.50728502718136,21047900,0.0007133373323024994,VALE3.SA,1082,363,79.54000091552734,75.33000183105469,1.0
2023-11-09,53.774375915527344,54.2856393293982,53.58360546361862,53.79726743826004,16542700,0.004848447954191926,VALE3.SA,1081,362,80.01000213623047,75.73999786376953,1.0
2023-11-10,54.5984992980957,54.73585424032663,54.102495016603385,54.484035875928015,22200500,0.015325577815406888,VALE3.SA,1080,361,81.43000030517578,77.16999816894531,1.0
2023-11-13,54.484031677246094,55.31578789198777,54.12538236562315,54.94187950878241,14410500,-0.002096534196382227,VALE3.SA,1077,358,82.5199966430664,78.26000213623047,1.0
2023-11-14,56.17045211791992,56.69698042623252,54.86558293031458,54.957149020906584,52233600,0.030952563324679883,VALE3.SA,1076,357,82.47000122070312,78.26000213623047,-1.0
2023-11-16,56.54435348510742,56.727491465189765,55.71259721660108,55.78127177593768,31235400,0.006656549005561896,VALE3.SA,1074,355,77.41999816894531,72.9000015258789,-1.0
2023-11-17,56.65118408203125,56.96405037519962,56.5443531092058,56.64355745672328,24538600,0.0018893238730188777,VALE3.SA,1073,354,80.61000061035156,75.88999938964844,-1.0
2023-11-20,58.03999328613281,58.49021452461815,57.55925390232607,57.84159623228641,28810100,0.024515095784945373,VALE3.SA,1070,351,82.31999969482422,77.5999984741211,-1.0
2023-11-21,59.444068908691406,59.94007320571654,58.642830750277604,58.97858857999031,45317800,0.02419151938279196,VALE3.SA,1069,350,82.44999694824219,77.7699966430664,-1.0
2023-11-22,58.878997802734375,59.83868318225978,58.37555727601359,59.66562437592117,33715300,-0.00950592912515802,VALE3.SA,1068,349,81.95999908447266,77.0999984741211,-1.0
2023-11-23,58.509281158447266,58.69807585322608,58.273296792200284,58.50141921394475,10279200,-0.006279261843514905,VALE3.SA,1067,348,81.37000274658203,77.0999984741211,-1.0
2023-11-24,58.013710021972656,58.603679954399496,57.73839192047036,58.603679954399496,16667000,-0.008469957700088071,VALE3.SA,1066,347,80.58000183105469,75.54000091552734,-1.0
2023-11-27,57.66759490966797,58.10024194614482,57.34508112005458,57.76986021000873,17312300,-0.005966091673392349,VALE3.SA,1063,344,79.9800033569336,74.86000061035156,-1.0
2023-11-28,57.7934455871582,58.029429918595284,56.76296686980433,56.85735820178577,22019000,0.002182346562005444,VALE3.SA,1062,343,81.68000030517578,76.41000366210938,-1.0
2023-11-29,57.7777214050293,58.21036843588992,57.195619401086105,58.05304551638679,15853100,-0.00027207552637076304,VALE3.SA,1061,342,83.0999984741211,77.86000061035156,-1.0
2023-11-30,58.09238052368164,58.55649339688667,57.99012121334142,58.21824367624078,29712900,0.0054460285210373716,VALE3.SA,1060,341,82.83000183105469,75.95999908447266,-1.0
2023-12-01,59.170047760009766,59.37457233550561,58.54074414378442,58.78460244585088,25025200,0.018550922282980054,VALE3.SA,1059,340,78.87999725341797,74.06999969482422,-1.0
2023-12-04,57.84065628051758,58.60368508685246,57.45521090465745,58.399160478616764,22402300,-0.022467304486285422,VALE3.SA,1056,337,78.02999877929688,73.04000091552734,-1.0
2023-12-05,57.30573654174805,57.71478566271427,57.05401631403177,57.604658438181126,25179500,-0.009248161642137265,VALE3.SA,1055,336,77.19999694824219,72.31999969482422,-1.0
2023-12-06,56.92817687988281,58.14744467342277,56.73152020336164,57.81706289722372,20503900,-0.00658851425092799,VALE3.SA,1054,335,74.30000305175781,69.37999725341797,-1.0
2023-12-07,57.10908889770508,57.48667229933682,56.967495872278754,57.17988841116053,17535800,0.003177899376682669,VALE3.SA,1053,334,74.05000305175781,69.33999633789062,-1.0
2023-12-08,57.26641845703125,57.628265970176734,56.896702997528244,57.50240283439501,16083200,0.0027548952778424507,VALE3.SA,1052,333,75.83999633789062,71.2300033569336,-1.0
2023-12-11,57.313621520996094,57.61253750478653,56.448333356141305,56.70005365867152,15443400,0.0008242712786423745,VALE3.SA,1049,330,76.02999877929688,71.31999969482422,-1.0
2023-12-12,57.415870666503906,58.09236998507109,57.109086789651855,57.89571334598724,11036300,0.001784028696744544,VALE3.SA,1048,329,73.23999786376953,68.61000061035156,-1.0
2023-12-13,57.42375183105469,57.67547214696701,56.88097746176518,57.03043846234883,25288200,0.00013726456569052026,VALE3.SA,1047,328,74.26000213623047,69.47000122070312,-1.0
2023-12-14,57.73838806152344,58.414887352277795,57.70692228038555,58.210362775623565,29454300,0.005479200164322906,VALE3.SA,1046,327,76.61000061035156,71.58000183105469,-1.0
2023-12-15,58.10023498535156,58.44635257306586,57.824916904889754,58.25755788804858,23279500,0.006267007721839413,VALE3.SA,1045,326,76.55000305175781,71.43000030517578,-1.0
2023-12-18,58.375553131103516,58.94192518382072,57.98223987243702,58.25755795320676,16333400,0.00473867525357452,VALE3.SA,1042,323,77.94999694824219,72.47000122070312,-1.0
2023-12-19,58.784603118896484,59.067783147807646,58.50141708850119,58.76099928179343,21763700,0.007007213908094334,VALE3.SA,1041,322,79.2300033569336,73.44000244140625,-1.0
2023-12-20,58.59581756591797,59.31951864613143,58.59581756591797,58.784612283270214,14147900,-0.003211479587549193,VALE3.SA,1040,321,79.69999694824219,74.22000122070312,-1.0
2023-12-21,60.54664611816406,60.60957768210914,59.24871111884708,59.350970409144644,24202600,0.033292965834148314,VALE3.SA,1039,320,79.38999938964844,73.88999938964844,-1.0
2023-12-22,60.090396881103516,61.51418890255581,60.011735432675025,60.67249880125493,26277000,-0.007535499756173514,VALE3.SA,1038,319,79.06999969482422,73.55999755859375,-1.0
2023-12-26,60.302791595458984,60.92422126177434,60.302791595458984,60.69610485344715,12149500,0.003534586645778326,VALE3.SA,1034,315,81.06999969482422,75.56999969482422,-1.0
2023-12-27,60.8848991394043,61.002894327955296,60.452252115212154,60.452252115212154,13821200,0.009653077884857808,VALE3.SA,1033,314,79.6500015258789,74.11000061035156,-1.0
2023-12-28,60.727569580078125,60.93209417130953,60.3735900196447,60.570246664659834,16545800,-0.002584048943990891,VALE3.SA,1032,313,78.38999938964844,71.7699966430664,-1.0
2024-01-02,60.60958480834961,61.49847074801961,60.24773127386221,61.042225858000684,18021800,-0.001942853510265019,VALE3.SA,1027,308,75.88999938964844,70.37999725341797,-1.0
2024-01-03,60.2949333190918,60.491589979622766,59.6656296047987,60.34212899714403,25315100,-0.005191447693508433,VALE3.SA,1026,307,78.25,72.69999694824219,-1.0
2024-01-04,59.48470687866211,60.28706338654741,59.28018227803064,60.121872517320575,18707000,-0.01343772015041167,VALE3.SA,1025,306,77.58999633789062,72.19000244140625,-1.0
2024-01-05,58.721675872802734,59.03632770764757,58.30476474226427,59.020591815088814,21082500,-0.012827347496488728,VALE3.SA,1024,305,78.76000213623047,73.80999755859375,-1.0
2024-01-08,58.422752380371094,58.65087480454945,57.82492051164617,58.1631701748783,23013300,-0.005090513647450057,VALE3.SA,1021,302,76.12000274658203,70.7699966430664,-1.0
2024-01-09,57.683326721191406,58.33622820222804,57.541733701225446,58.2890265279165,15257400,-0.012656467370204205,VALE3.SA,1020,301,77.58999633789062,72.23999786376953,-1.0
2024-01-10,56.81803894042969,57.25854789255437,56.597778462882985,57.25854789255437,21354600,-0.015000656687920055,VALE3.SA,1019,300,76.80000305175781,71.37000274658203,-1.0
2024-01-11,57.11696243286133,57.352952832158365,56.51912448906462,56.99109928617354,20289100,0.005261066696530037,VALE3.SA,1018,299,77.41000366210938,72.0199966430664,-1.0
2024-01-12,56.39326095581055,57.187749473710745,56.35392722655492,56.794436187092415,16343400,-0.012670517587511143,VALE3.SA,1017,298,78.29000091552734,72.68000030517578,-1.0
2024-01-15,56.283138275146484,56.401127469502654,55.61450083254175,56.023550044593,12745700,-0.0019527631280332747,VALE3.SA,1014,295,78.29000091552734,72.68000030517578,-1.0
2024-01-16,55.551570892333984,56.471922544815506,55.26838484518821,56.32246157507621,22620300,-0.012997984924652761,VALE3.SA,1013,294,78.29000091552734,72.4000015258789,-1.0
2024-01-17,54.55255126953125,55.425707239794335,54.27723317113398,55.27624627145677,43086400,-0.01798364306814948,VALE3.SA,1012,293,77.87999725341797,72.55999755859375,-1.0
2024-01-18,54.2772331237793,55.378511517891994,54.2772331237793,55.22118260359908,30490600,-0.005046842711199151,VALE3.SA,1011,292,79.0999984741211,74.08000183105469,-1.0
2024-01-19,53.56926727294922,54.678413597821425,53.52993954603274,54.67054565184439,60583000,-0.013043514012874624,VALE3.SA,1010,291,78.55999755859375,73.41000366210938,-1.0
2024-01-22,53.33327865600586,53.474871664884894,52.79050445505558,53.097288307379515,23318900,-0.004405298578024852,VALE3.SA,1007,288,80.05999755859375,75.19000244140625,-1.0
2024-01-23,54.4345588684082,54.88293579487094,53.844588912458036,54.237902216424814,33886800,0.02064902515192224,VALE3.SA,1006,287,79.55000305175781,74.37000274658203,-1.0
2024-01-24,54.985191345214844,55.71675420093619,54.86719617465004,55.29984313289308,36922100,0.010115494425843696,VALE3.SA,1005,286,80.04000091552734,75.08999633789062,-1.0
2024-01-25,53.632198333740234,55.38637817810274,52.987164803825735,55.06385841240335,47637000,-0.02460649819294214,VALE3.SA,1004,285,82.43000030517578,77.36000061035156,-1.0
2024-01-26,54.67055892944336,54.91441130059563,53.097305435070886,53.411957334242544,27397200,0.0193607688657782,VALE3.SA,1003,284,83.55000305175781,78.01000213623047,-1.0
2024-01-29,54.41095733642578,54.66267759381574,53.671532456177715,54.66267759381574,15866100,-0.004748471537534771,VALE3.SA,1000,281,82.4000015258789,76.77999877929688,-1.0
2024-01-30,54.10417175292969,54.7492052672291,53.40407462161023,54.591882361881595,34371300,-0.0056383051964923325,VALE3.SA,999,280,82.87000274658203,77.81999969482422,-1.0
2024-01-31,53.301815032958984,53.94684854362402,53.301815032958984,53.56926517083966,34753400,-0.014829849417799412,VALE3.SA,998,279,81.70999908447266,75.8499984741211,-1.0
2024-02-01,53.057960510253906,53.702994066886816,52.821976136745015,53.38834823554162,21060300,-0.004574975965720762,VALE3.SA,997,278,78.69999694824219,73.81999969482422,-1.0
2024-02-02,51.98028564453125,52.916367190080024,51.84656056680778,52.908505245379466,32589900,-0.02031127573240188,VALE3.SA,996,277,77.33000183105469,72.27999877929688,0.0
2024-02-05,51.53190612792969,52.07467435754148,51.40604300127616,51.83868999729241,24103300,-0.008625953302138778,VALE3.SA,993,274,77.98999786376953,72.77999877929688,0.0
2024-02-06,52.44439697265625,52.63319168849257,51.744299738847026,51.97242218603549,27505600,0.017707298512523062,VALE3.SA,992,273,78.58999633789062,73.30999755859375,0.0
2024-02-07,52.546653747558594,52.75117232095431,52.31066339181393,52.56238363724901,19863400,0.0019498131507862393,VALE3.SA,991,272,79.20999908447266,73.86000061035156,0.0
2024-02-08,52.082542419433594,53.08942342896961,51.89375373051664,53.08942342896961,25812100,-0.008832366954414583,VALE3.SA,990,271,81.62999725341797,76.22000122070312,0.0
2024-02-09,51.85441970825195,52.38145804595351,51.42964065948998,51.99601272450594,18534800,-0.004380022567725517,VALE3.SA,989,270,82.19000244140625,76.83999633789062,0.0
2024-02-14,51.69709777832031,52.02747948865786,51.531906923151546,51.909484305970366,12497900,-0.0030339155431066134,VALE3.SA,984,265,81.5999984741211,76.63999938964844,0.0
2024-02-15,51.53190612792969,51.81509216141593,51.1621906952402,51.524038182142796,17360200,-0.0031953757075295908,VALE3.SA,983,264,82.86000061035156,78.02999877929688,0.0
2024-02-16,53.49060821533203,53.74232848452127,52.1848051928922,52.30280038189941,40947100,0.03800950196834951,VALE3.SA,982,263,83.47000122070312,79.19000244140625,-1.0
2024-02-19,53.08942413330078,53.16808558793608,52.42079276667426,52.735444586699764,12571600,-0.007500084508597182,VALE3.SA,979,260,83.47000122070312,79.19000244140625,-1.0
2024-02-20,51.92522048950195,52.200538582996636,51.280186955535406,52.03534772689982,44417200,-0.021929106649860475,VALE3.SA,978,259,82.33999633789062,78.18000030517578,0.0
2024-02-21,52.31853485107422,52.41292619852409,51.60270179166225,51.618437683893525,20362800,0.007574630552638295,VALE3.SA,977,258,83.02999877929688,77.91000366210938,0.0
2024-02-22,52.877044677734375,53.33328957771811,52.54666292318826,52.578122708062565,35910500,0.01067518095164477,VALE3.SA,976,257,83.66999816894531,78.61000061035156,0.0
2024-02-23,53.00289535522461,54.33229615966566,52.89276811714499,53.687262621706004,42133700,0.0023800626199372843,VALE3.SA,975,256,81.62000274658203,76.48999786376953,0.0
2024-02-26,51.720699310302734,52.35000299528053,51.484708928064876,52.342135048810015,33864400,-0.02419105666452026,VALE3.SA,972,253,82.52999877929688,77.58000183105469,0.0
2024-02-27,53.08155822753906,53.23101317974742,52.20053439751299,52.310661626080766,28141800,0.02631168826762642,VALE3.SA,971,252,83.6500015258789,78.87000274658203,-1.0
2024-02-28,52.49946212768555,52.87704556887677,52.1769483146652,52.546663808762695,20331500,-0.010966070313126575,VALE3.SA,970,251,83.68000030517578,78.54000091552734,0.0
2024-02-29,52.696109771728516,53.081561094014475,52.3027965051802,52.34999817817523,20717000,0.0037457077858187304,VALE3.SA,969,250,83.62000274658203,78.26000213623047,0.0
2024-03-01,52.609580993652344,52.75117401133961,52.20840577810863,52.6174489394917,22423300,-0.0016420335097031558,VALE3.SA,968,249,83.55000305175781,79.97000122070312,0.0
2024-03-04,52.49159240722656,52.86130184507895,52.224136259021265,52.66464520726022,13148000,-0.002242720512068308,VALE3.SA,965,246,82.80000305175781,78.73999786376953,0.0
2024-03-05,51.79935836791992,52.145475978752046,51.602701725671565,51.917353553565825,24436500,-0.013187522183292333,VALE3.SA,964,245,82.04000091552734,78.1500015258789,0.0
2024-03-06,52.507320404052734,52.76690859696828,52.0510755804104,52.09040930714939,33510700,0.013667390068894392,VALE3.SA,963,244,82.95999908447266,79.12999725341797,0.0
2024-03-07,52.32639694213867,53.22315675581321,52.27920126828166,53.06582784048238,19036200,-0.003445680726455347,VALE3.SA,962,243,82.95999908447266,78.93000030517578,0.0
2024-03-08,51.92522048950195,52.68824920681888,51.83869108847729,52.074675453693736,23188200,-0.007666808266587277,VALE3.SA,961,242,82.08000183105469,78.01000213623047,0.0
2024-03-11,50.3126335144043,50.95766704658316,50.12384482245749,50.95766704658316,58622400,-0.03105594853321192,VALE3.SA,958,239,82.20999908447266,77.93000030517578,0.0
2024-03-12,49.999149322509766,51.42088675221403,49.85122259479758,51.248306614873385,44680100,-0.006230725167760909,VALE3.SA,957,238,81.91999816894531,77.55999755859375,0.0
2024-03-13,50.319664001464844,50.451154098186294,49.54716007509772,49.801920374074236,32769200,0.006410402642806234,VALE3.SA,956,237,84.02999877929688,79.72000122070312,0.0
2024-03-14,49.678646087646484,50.24569649533238,49.44853608607332,50.2128231901118,30085800,-0.01273891482661127,VALE3.SA,955,236,85.41999816894531,81.26000213623047,1.0
2024-03-15,49.11159133911133,49.50606472213065,48.7828676998897,49.39100815668368,57064200,-0.011414456576266607,VALE3.SA,954,235,85.33999633789062,81.04000091552734,1.0
2024-03-18,50.0484619140625,50.130642040468366,49.3170449951785,49.711518379845074,21371000,0.019076363632409388,VALE3.SA,951,232,86.88999938964844,82.72000122070312,0.0
2024-03-19,50.459373474121094,50.993550615012765,50.377190205157724,50.73057042427231,16888900,0.008210273489805964,VALE3.SA,950,231,87.37999725341797,83.47000122070312,0.0
2024-03-20,50.79631042480469,50.80452718314547,50.06489353364521,50.46758366169996,18210000,0.0066773906904809,VALE3.SA,949,230,85.94999694824219,81.68000030517578,0.0
2024-03-21,50.673038482666016,51.47019886713827,50.615511767804186,51.30583548111698,18445500,-0.002426789290555953,VALE3.SA,948,229,85.77999877929688,81.06999969482422,0.0
2024-03-22,50.08955764770508,50.59086462645607,50.073120993569006,50.541554664047844,11058400,-0.01151462103778389,VALE3.SA,947,228,85.43000030517578,80.62999725341797,0.0
2024-03-25,49.98271560668945,50.39362251114101,49.843008763961954,50.147078995464256,10478200,-0.0021330202547820143,VALE3.SA,944,225,86.75,81.94999694824219,0.0
2024-03-26,49.349918365478516,49.73617185703659,48.9718847675545,49.563591710371824,27142700,-0.012660321343689551,VALE3.SA,943,224,86.25,81.62000274658203,1.0
2024-03-27,49.801918029785156,49.85944474845718,49.054067552077825,49.14446757712559,23927000,0.009159076231072927,VALE3.SA,942,223,86.08999633789062,81.3499984741211,0.0
2024-03-28,49.990936279296875,50.2046064935538,49.366356019214905,49.818352994160236,18467000,0.003795401000392662,VALE3.SA,941,222,87.4800033569336,83.16999816894531,0.0
2024-04-01,50.31144714355469,50.870280837270506,50.130647085302165,50.62373416330027,16740100,0.006411379504219106,VALE3.SA,937,218,87.41999816894531,83.70999908447266,0.0
2024-04-02,50.90314865112305,51.33871212263935,50.377188289640976,50.43471500824239,22583000,0.011760772968427036,VALE3.SA,936,217,88.91999816894531,85.1500015258789,0.0
2024-04-03,50.17173385620117,50.65660414286267,49.760826939876885,50.43471403185104,22319900,-0.014368753491749597,VALE3.SA,935,216,89.3499984741211,85.43000030517578,0.0
2024-04-04,49.61289596557617,50.36896625727989,49.44853258607791,50.04845939149217,22990500,-0.011138500659090278,VALE3.SA,934,215,90.6500015258789,86.58999633789062,1.0
2024-04-05,49.07050323486328,49.70330026271258,48.988323105520145,49.53893686905532,15379000,-0.010932494871680687,VALE3.SA,933,214,91.16999816894531,86.91000366210938,1.0
2024-04-08,51.74961471557617,51.88110479494122,49.96627718328121,50.21282069021933,40281300,0.054597187803231195,VALE3.SA,930,211,90.37999725341797,86.43000030517578,-1.0
2024-04-09,51.40445327758789,52.489247257870126,50.960673067025816,52.292013698712026,37026100,-0.00666983589897896,VALE3.SA,929,210,89.41999816894531,85.2300033569336,-1.0
2024-04-10,50.62372970581055,51.32227332893317,50.484022862168565,51.22365654901113,21206800,-0.015187858677562005,VALE3.SA,928,209,90.4800033569336,86.20999908447266,0.0
2024-04-11,50.837406158447266,51.04285962456775,50.4018458134626,50.77987943873122,16338700,0.004220875345978259,VALE3.SA,927,208,89.73999786376953,85.0199966430664,0.0
2024-04-12,50.64838790893555,52.08656213097841,50.467587860688006,51.60990859831526,25740900,-0.003718093895715202,VALE3.SA,926,207,90.44999694824219,85.66000366210938,0.0
